4.539736171291748598e+21 4.166009249825653522e+21 3.822768504120113889e+21 3.507538784600978358e+21 3.218195208893313319e+21 2.952601897072156738e+21 2.708931933835706237e+21 2.485405693748152107e+21 2.280402406533483987e+21 2.092392644422286180e+21 1.956160839219470926e+21 1.875581615738740277e+21
4.539736171291748073e+21 4.166009249825653522e+21 3.822768504120114938e+21 3.507538784600977310e+21 3.218195208893313843e+21 2.952601897072156738e+21 2.708931933835705713e+21 2.485405693748152107e+21 2.280402406533484249e+21 2.092392644422285918e+21 1.956160839219470926e+21 1.875581615738740539e+21
4.539736171291748073e+21 4.166009249825652998e+21 3.822768504120113889e+21 3.507538784600977310e+21 3.218195208893313843e+21 2.952601897072157262e+21 2.708931933835706761e+21 2.485405693748152107e+21 2.280402406533483725e+21 2.092392644422286180e+21 1.956160839219471188e+21 1.875581615738740539e+21
4.539736171291749122e+21 4.166009249825653522e+21 3.822768504120113889e+21 3.507538784600978358e+21 3.218195208893313843e+21 2.952601897072157262e+21 2.708931933835707810e+21 2.485405693748152631e+21 2.280402406533483463e+21 2.092392644422285918e+21 1.956160839219471450e+21 1.875581615738740539e+21
4.539736171291750171e+21 4.166009249825652474e+21 3.822768504120113365e+21 3.507538784600976785e+21 3.218195208893313319e+21 2.952601897072157786e+21 2.708931933835706761e+21 2.485405693748152107e+21 2.280402406533483201e+21 2.092392644422286180e+21 1.956160839219471712e+21 1.875581615738740015e+21
4.539736171291750695e+21 4.166009249825654571e+21 3.822768504120112841e+21 3.507538784600977834e+21 3.218195208893314367e+21 2.952601897072157786e+21 2.708931933835706761e+21 2.485405693748151583e+21 2.280402406533483725e+21 2.092392644422286705e+21 1.956160839219471974e+21 1.875581615738740277e+21
4.539736171291751219e+21 4.166009249825654047e+21 3.822768504120113889e+21 3.507538784600977310e+21 3.218195208893315416e+21 2.952601897072157786e+21 2.708931933835706761e+21 2.485405693748151058e+21 2.280402406533483463e+21 2.092392644422286705e+21 1.956160839219472499e+21 1.875581615738740539e+21
4.539736171291750695e+21 4.166009249825654047e+21 3.822768504120113365e+21 3.507538784600976785e+21 3.218195208893315416e+21 2.952601897072158310e+21 2.708931933835706237e+21 2.485405693748150534e+21 2.280402406533483725e+21 2.092392644422286967e+21 1.956160839219473285e+21 1.875581615738740015e+21
4.539736171291751219e+21 4.166009249825654571e+21 3.822768504120112316e+21 3.507538784600976785e+21 3.218195208893314892e+21 2.952601897072159359e+21 2.708931933835705713e+21 2.485405693748152631e+21 2.280402406533483725e+21 2.092392644422286705e+21 1.956160839219472761e+21 1.875581615738740802e+21
4.539736171291751743e+21 4.166009249825654047e+21 3.822768504120113365e+21 3.507538784600977310e+21 3.218195208893315416e+21 2.952601897072159883e+21 2.708931933835706237e+21 2.485405693748151058e+21 2.280402406533483463e+21 2.092392644422286705e+21 1.956160839219472499e+21 1.875581615738740539e+21
4.539736171291751743e+21 4.166009249825654571e+21 3.822768504120113365e+21 3.507538784600977310e+21 3.218195208893314367e+21 2.952601897072160408e+21 2.708931933835706761e+21 2.485405693748150534e+21 2.280402406533483725e+21 2.092392644422286442e+21 1.956160839219473023e+21 1.875581615738739491e+21
4.539736171291752792e+21 4.166009249825654571e+21 3.822768504120112841e+21 3.507538784600978883e+21 3.218195208893314892e+21 2.952601897072159359e+21 2.708931933835705713e+21 2.485405693748150534e+21 2.280402406533484249e+21 2.092392644422286442e+21 1.956160839219472761e+21 1.875581615738739753e+21
4.539736171291752792e+21 4.166009249825654571e+21 3.822768504120112316e+21 3.507538784600978883e+21 3.218195208893314367e+21 2.952601897072160408e+21 2.708931933835705713e+21 2.485405693748150534e+21 2.280402406533484511e+21 2.092392644422286442e+21 1.956160839219473023e+21 1.875581615738739753e+21
4.539736171291752268e+21 4.166009249825654047e+21 3.822768504120110744e+21 3.507538784600979407e+21 3.218195208893313319e+21 2.952601897072160932e+21 2.708931933835705713e+21 2.485405693748150010e+21 2.280402406533484511e+21 2.092392644422286705e+21 1.956160839219473023e+21 1.875581615738739753e+21
4.539736171291751219e+21 4.166009249825654047e+21 3.822768504120110744e+21 3.507538784600978358e+21 3.218195208893313843e+21 2.952601897072160932e+21 2.708931933835704664e+21 2.485405693748150010e+21 2.280402406533484249e+21 2.092392644422286967e+21 1.956160839219473285e+21 1.875581615738740015e+21
4.539736171291750695e+21 4.166009249825653522e+21 3.822768504120109695e+21 3.507538784600978883e+21 3.218195208893314367e+21 2.952601897072161456e+21 2.708931933835704140e+21 2.485405693748150534e+21 2.280402406533484511e+21 2.092392644422286705e+21 1.956160839219473285e+21 1.875581615738739753e+21
4.539736171291751743e+21 4.166009249825652998e+21 3.822768504120110219e+21 3.507538784600978358e+21 3.218195208893314367e+21 2.952601897072161980e+21 2.708931933835704140e+21 2.485405693748150534e+21 2.280402406533484511e+21 2.092392644422287491e+21 1.956160839219473023e+21 1.875581615738739491e+21
4.539736171291751219e+21 4.166009249825652474e+21 3.822768504120110219e+21 3.507538784600979407e+21 3.218195208893313319e+21 2.952601897072161980e+21 2.708931933835703615e+21 2.485405693748151583e+21 2.280402406533485036e+21 2.092392644422287753e+21 1.956160839219473023e+21 1.875581615738739229e+21
4.539736171291752268e+21 4.166009249825652998e+21 3.822768504120110219e+21 3.507538784600979407e+21 3.218195208893312795e+21 2.952601897072160932e+21 2.708931933835704140e+21 2.485405693748151058e+21 2.280402406533485298e+21 2.092392644422286967e+21 1.956160839219473547e+21 1.875581615738739491e+21
4.539736171291752792e+21 4.166009249825652474e+21 3.822768504120110744e+21 3.507538784600979931e+21 3.218195208893313319e+21 2.952601897072161980e+21 2.708931933835703091e+21 2.485405693748150010e+21 2.280402406533485822e+21 2.092392644422287229e+21 1.956160839219473285e+21 1.875581615738739753e+21
4.539736171291751743e+21 4.166009249825652998e+21 3.822768504120110744e+21 3.507538784600978883e+21 3.218195208893312795e+21 2.952601897072161980e+21 2.708931933835702567e+21 2.485405693748149486e+21 2.280402406533485822e+21 2.092392644422286967e+21 1.956160839219473023e+21 1.875581615738739491e+21
4.539736171291753841e+21 4.166009249825652998e+21 3.822768504120111792e+21 3.507538784600978883e+21 3.218195208893313319e+21 2.952601897072161456e+21 2.708931933835704140e+21 2.485405693748150010e+21 2.280402406533485822e+21 2.092392644422286705e+21 1.956160839219473285e+21 1.875581615738739753e+21
4.539736171291754365e+21 4.166009249825653522e+21 3.822768504120110744e+21 3.507538784600977834e+21 3.218195208893314892e+21 2.952601897072161980e+21 2.708931933835704664e+21 2.485405693748150010e+21 2.280402406533486346e+21 2.092392644422286442e+21 1.956160839219473023e+21 1.875581615738738967e+21
4.539736171291753841e+21 4.166009249825654047e+21 3.822768504120111268e+21 3.507538784600978883e+21 3.218195208893314892e+21 2.952601897072161456e+21 2.708931933835703615e+21 2.485405693748148437e+21 2.280402406533486346e+21 2.092392644422285918e+21 1.956160839219473285e+21 1.875581615738739491e+21
4.539736171291753316e+21 4.166009249825653522e+21 3.822768504120110744e+21 3.507538784600979407e+21 3.218195208893313319e+21 2.952601897072161456e+21 2.708931933835704140e+21 2.485405693748148437e+21 2.280402406533485560e+21 2.092392644422285132e+21 1.956160839219473023e+21 1.875581615738739491e+21
4.539736171291754365e+21 4.166009249825652998e+21 3.822768504120110744e+21 3.507538784600978358e+21 3.218195208893314367e+21 2.952601897072161456e+21 2.708931933835703615e+21 2.485405693748148961e+21 2.280402406533486084e+21 2.092392644422285132e+21 1.956160839219473285e+21 1.875581615738739753e+21
4.539736171291754365e+21 4.166009249825654047e+21 3.822768504120111268e+21 3.507538784600977834e+21 3.218195208893313843e+21 2.952601897072161980e+21 2.708931933835704664e+21 2.485405693748147388e+21 2.280402406533485822e+21 2.092392644422285656e+21 1.956160839219473547e+21 1.875581615738739753e+21
4.539736171291753316e+21 4.166009249825654047e+21 3.822768504120110219e+21 3.507538784600977310e+21 3.218195208893313843e+21 2.952601897072160408e+21 2.708931933835704140e+21 2.485405693748146340e+21 2.280402406533486346e+21 2.092392644422285918e+21 1.956160839219473547e+21 1.875581615738739491e+21
4.539736171291753316e+21 4.166009249825653522e+21 3.822768504120109695e+21 3.507538784600976261e+21 3.218195208893312795e+21 2.952601897072159883e+21 2.708931933835704664e+21 2.485405693748145816e+21 2.280402406533486346e+21 2.092392644422286180e+21 1.956160839219473023e+21 1.875581615738739753e+21
4.539736171291753841e+21 4.166009249825654571e+21 3.822768504120109695e+21 3.507538784600975737e+21 3.218195208893312270e+21 2.952601897072159883e+21 2.708931933835704664e+21 2.485405693748145816e+21 2.280402406533486084e+21 2.092392644422286442e+21 1.956160839219473285e+21 1.875581615738740015e+21
4.539736171291754365e+21 4.166009249825655095e+21 3.822768504120108646e+21 3.507538784600975737e+21 3.218195208893311746e+21 2.952601897072159883e+21 2.708931933835704140e+21 2.485405693748146864e+21 2.280402406533486871e+21 2.092392644422286180e+21 1.956160839219473285e+21 1.875581615738739229e+21
4.539736171291753316e+21 4.166009249825656668e+21 3.822768504120109171e+21 3.507538784600975737e+21 3.218195208893313319e+21 2.952601897072159359e+21 2.708931933835705188e+21 2.485405693748147388e+21 2.280402406533486871e+21 2.092392644422286442e+21 1.956160839219474072e+21 1.875581615738738967e+21
4.539736171291752268e+21 4.166009249825656668e+21 3.822768504120109171e+21 3.507538784600976785e+21 3.218195208893313843e+21 2.952601897072158835e+21 2.708931933835705713e+21 2.485405693748147913e+21 2.280402406533486871e+21 2.092392644422286442e+21 1.956160839219473547e+21 1.875581615738739491e+21
4.539736171291751743e+21 4.166009249825656668e+21 3.822768504120110219e+21 3.507538784600976785e+21 3.218195208893313843e+21 2.952601897072159359e+21 2.708931933835705713e+21 2.485405693748148437e+21 2.280402406533487395e+21 2.092392644422286442e+21 1.956160839219473547e+21 1.875581615738739491e+21
4.539736171291751219e+21 4.166009249825658241e+21 3.822768504120111268e+21 3.507538784600976785e+21 3.218195208893313843e+21 2.952601897072158835e+21 2.708931933835705713e+21 2.485405693748148961e+21 2.280402406533487657e+21 2.092392644422286442e+21 1.956160839219473547e+21 1.875581615738739753e+21
4.539736171291752268e+21 4.166009249825657192e+21 3.822768504120109171e+21 3.507538784600975213e+21 3.218195208893313843e+21 2.952601897072158835e+21 2.708931933835708334e+21 2.485405693748149486e+21 2.280402406533487657e+21 2.092392644422286705e+21 1.956160839219473809e+21 1.875581615738739229e+21
4.539736171291752268e+21 4.166009249825657192e+21 3.822768504120109171e+21 3.507538784600975737e+21 3.218195208893312270e+21 2.952601897072159359e+21 2.708931933835708858e+21 2.485405693748150534e+21 2.280402406533488443e+21 2.092392644422286967e+21 1.956160839219473547e+21 1.875581615738738704e+21
4.539736171291752792e+21 4.166009249825657717e+21 3.822768504120109171e+21 3.507538784600976261e+21 3.218195208893313843e+21 2.952601897072159359e+21 2.708931933835708858e+21 2.485405693748152107e+21 2.280402406533488706e+21 2.092392644422287229e+21 1.956160839219473809e+21 1.875581615738738442e+21
4.539736171291753316e+21 4.166009249825657192e+21 3.822768504120109171e+21 3.507538784600976785e+21 3.218195208893312795e+21 2.952601897072159359e+21 2.708931933835708334e+21 2.485405693748152107e+21 2.280402406533488443e+21 2.092392644422287229e+21 1.956160839219473809e+21 1.875581615738738180e+21
4.539736171291752792e+21 4.166009249825657192e+21 3.822768504120108122e+21 3.507538784600977834e+21 3.218195208893312795e+21 2.952601897072158835e+21 2.708931933835707810e+21 2.485405693748152107e+21 2.280402406533488181e+21 2.092392644422287229e+21 1.956160839219474072e+21 1.875581615738738180e+21
4.539736171291753316e+21 4.166009249825657717e+21 3.822768504120107074e+21 3.507538784600978358e+21 3.218195208893312795e+21 2.952601897072158835e+21 2.708931933835707810e+21 2.485405693748152631e+21 2.280402406533487657e+21 2.092392644422287229e+21 1.956160839219474334e+21 1.875581615738737132e+21
4.539736171291754889e+21 4.166009249825657717e+21 3.822768504120107074e+21 3.507538784600977834e+21 3.218195208893312270e+21 2.952601897072157786e+21 2.708931933835707286e+21 2.485405693748152631e+21 2.280402406533488181e+21 2.092392644422286442e+21 1.956160839219473809e+21 1.875581615738737132e+21
4.539736171291754889e+21 4.166009249825657717e+21 3.822768504120107074e+21 3.507538784600978358e+21 3.218195208893311222e+21 2.952601897072157262e+21 2.708931933835707810e+21 2.485405693748153156e+21 2.280402406533488706e+21 2.092392644422286180e+21 1.956160839219473809e+21 1.875581615738737394e+21
4.539736171291754889e+21 4.166009249825657717e+21 3.822768504120106025e+21 3.507538784600976785e+21 3.218195208893309649e+21 2.952601897072157786e+21 2.708931933835707286e+21 2.485405693748152107e+21 2.280402406533488443e+21 2.092392644422286442e+21 1.956160839219474072e+21 1.875581615738737394e+21
4.539736171291755414e+21 4.166009249825656668e+21 3.822768504120106549e+21 3.507538784600977310e+21 3.218195208893309125e+21 2.952601897072157262e+21 2.708931933835708334e+21 2.485405693748152107e+21 2.280402406533488443e+21 2.092392644422286180e+21 1.956160839219474596e+21 1.875581615738737132e+21
4.539736171291754889e+21 4.166009249825656668e+21 3.822768504120107074e+21 3.507538784600975213e+21 3.218195208893309649e+21 2.952601897072158310e+21 2.708931933835708334e+21 2.485405693748151058e+21 2.280402406533488706e+21 2.092392644422285918e+21 1.956160839219474596e+21 1.875581615738736869e+21
4.539736171291754365e+21 4.166009249825657192e+21 3.822768504120106549e+21 3.507538784600975213e+21 3.218195208893310173e+21 2.952601897072159359e+21 2.708931933835707810e+21 2.485405693748150010e+21 2.280402406533489230e+21 2.092392644422285656e+21 1.956160839219474858e+21 1.875581615738737132e+21
4.539736171291754889e+21 4.166009249825657192e+21 3.822768504120106025e+21 3.507538784600974688e+21 3.218195208893310173e+21 2.952601897072159359e+21 2.708931933835708858e+21 2.485405693748150010e+21 2.280402406533489230e+21 2.092392644422285656e+21 1.956160839219474858e+21 1.875581615738736869e+21
4.539736171291755414e+21 4.166009249825655620e+21 3.822768504120104976e+21 3.507538784600974688e+21 3.218195208893310173e+21 2.952601897072158835e+21 2.708931933835708858e+21 2.485405693748151058e+21 2.280402406533490016e+21 2.092392644422285656e+21 1.956160839219474596e+21 1.875581615738736607e+21
4.539736171291755938e+21 4.166009249825656668e+21 3.822768504120103928e+21 3.507538784600974688e+21 3.218195208893309649e+21 2.952601897072158835e+21 2.708931933835707810e+21 2.485405693748151583e+21 2.280402406533489230e+21 2.092392644422286180e+21 1.956160839219474858e+21 1.875581615738736083e+21
4.539736171291755938e+21 4.166009249825656668e+21 3.822768504120103928e+21 3.507538784600974164e+21 3.218195208893309649e+21 2.952601897072157262e+21 2.708931933835706761e+21 2.485405693748151058e+21 2.280402406533489230e+21 2.092392644422285918e+21 1.956160839219475382e+21 1.875581615738736083e+21
4.539736171291756462e+21 4.166009249825656668e+21 3.822768504120104452e+21 3.507538784600975737e+21 3.218195208893309125e+21 2.952601897072157786e+21 2.708931933835707286e+21 2.485405693748151583e+21 2.280402406533489492e+21 2.092392644422285656e+21 1.956160839219475382e+21 1.875581615738735821e+21
4.539736171291758035e+21 4.166009249825657717e+21 3.822768504120104452e+21 3.507538784600975213e+21 3.218195208893309125e+21 2.952601897072157262e+21 2.708931933835706761e+21 2.485405693748149486e+21 2.280402406533489230e+21 2.092392644422285656e+21 1.956160839219475644e+21 1.875581615738736083e+21
4.539736171291757511e+21 4.166009249825659290e+21 3.822768504120104976e+21 3.507538784600976261e+21 3.218195208893309649e+21 2.952601897072157786e+21 2.708931933835706237e+21 2.485405693748150010e+21 2.280402406533489492e+21 2.092392644422285656e+21 1.956160839219475120e+21 1.875581615738735559e+21
4.539736171291758035e+21 4.166009249825659814e+21 3.822768504120104976e+21 3.507538784600976785e+21 3.218195208893309125e+21 2.952601897072157786e+21 2.708931933835705188e+21 2.485405693748150534e+21 2.280402406533489754e+21 2.092392644422285656e+21 1.956160839219474858e+21 1.875581615738735821e+21
4.539736171291756986e+21 4.166009249825660338e+21 3.822768504120103928e+21 3.507538784600976785e+21 3.218195208893309125e+21 2.952601897072156738e+21 2.708931933835705188e+21 2.485405693748150534e+21 2.280402406533489492e+21 2.092392644422285918e+21 1.956160839219474596e+21 1.875581615738736083e+21
4.539736171291755414e+21 4.166009249825660862e+21 3.822768504120103928e+21 3.507538784600976261e+21 3.218195208893308600e+21 2.952601897072155689e+21 2.708931933835703615e+21 2.485405693748150010e+21 2.280402406533489492e+21 2.092392644422285394e+21 1.956160839219474596e+21 1.875581615738736345e+21
4.539736171291755414e+21 4.166009249825661387e+21 3.822768504120103928e+21 3.507538784600976261e+21 3.218195208893308600e+21 2.952601897072154640e+21 2.708931933835703615e+21 2.485405693748150534e+21 2.280402406533489492e+21 2.092392644422285394e+21 1.956160839219475120e+21 1.875581615738736083e+21
4.539736171291756462e+21 4.166009249825661911e+21 3.822768504120104452e+21 3.507538784600976261e+21 3.218195208893308076e+21 2.952601897072155689e+21 2.708931933835704140e+21 2.485405693748151058e+21 2.280402406533490278e+21 2.092392644422285132e+21 1.956160839219475382e+21 1.875581615738735559e+21
4.539736171291756462e+21 4.166009249825661911e+21 3.822768504120103404e+21 3.507538784600977834e+21 3.218195208893308600e+21 2.952601897072154116e+21 2.708931933835704140e+21 2.485405693748151583e+21 2.280402406533490278e+21 2.092392644422284870e+21 1.956160839219475644e+21 1.875581615738735559e+21
4.539736171291757511e+21 4.166009249825662435e+21 3.822768504120102879e+21 3.507538784600977310e+21 3.218195208893308076e+21 2.952601897072155165e+21 2.708931933835704664e+21 2.485405693748149486e+21 2.280402406533490278e+21 2.092392644422284607e+21 1.956160839219475120e+21 1.875581615738736345e+21
4.539736171291758559e+21 4.166009249825663484e+21 3.822768504120103404e+21 3.507538784600976785e+21 3.218195208893309649e+21 2.952601897072155165e+21 2.708931933835705188e+21 2.485405693748150534e+21 2.280402406533490278e+21 2.092392644422285394e+21 1.956160839219475382e+21 1.875581615738736345e+21
4.539736171291758559e+21 4.166009249825663484e+21 3.822768504120103404e+21 3.507538784600976785e+21 3.218195208893308076e+21 2.952601897072154640e+21 2.708931933835704664e+21 2.485405693748151058e+21 2.280402406533490016e+21 2.092392644422285132e+21 1.956160839219475120e+21 1.875581615738736083e+21
4.539736171291756986e+21 4.166009249825662435e+21 3.822768504120102355e+21 3.507538784600977310e+21 3.218195208893308600e+21 2.952601897072155165e+21 2.708931933835705188e+21 2.485405693748150010e+21 2.280402406533489492e+21 2.092392644422285132e+21 1.956160839219475382e+21 1.875581615738736083e+21
4.539736171291756462e+21 4.166009249825662960e+21 3.822768504120103404e+21 3.507538784600976261e+21 3.218195208893309125e+21 2.952601897072156213e+21 2.708931933835705713e+21 2.485405693748149486e+21 2.280402406533489492e+21 2.092392644422285394e+21 1.956160839219475644e+21 1.875581615738736345e+21
4.539736171291755938e+21 4.166009249825662435e+21 3.822768504120104452e+21 3.507538784600977310e+21 3.218195208893309649e+21 2.952601897072156213e+21 2.708931933835706761e+21 2.485405693748149486e+21 2.280402406533489754e+21 2.092392644422285394e+21 1.956160839219475120e+21 1.875581615738736083e+21
4.539736171291755938e+21 4.166009249825661911e+21 3.822768504120105501e+21 3.507538784600976261e+21 3.218195208893310173e+21 2.952601897072155689e+21 2.708931933835707286e+21 2.485405693748148961e+21 2.280402406533490016e+21 2.092392644422285132e+21 1.956160839219475120e+21 1.875581615738735034e+21
4.539736171291755938e+21 4.166009249825661387e+21 3.822768504120106025e+21 3.507538784600976785e+21 3.218195208893310173e+21 2.952601897072156213e+21 2.708931933835707286e+21 2.485405693748148437e+21 2.280402406533490016e+21 2.092392644422284870e+21 1.956160839219474858e+21 1.875581615738734772e+21
4.539736171291754889e+21 4.166009249825661911e+21 3.822768504120106025e+21 3.507538784600976785e+21 3.218195208893309125e+21 2.952601897072155165e+21 2.708931933835707810e+21 2.485405693748148437e+21 2.280402406533490016e+21 2.092392644422285132e+21 1.956160839219474858e+21 1.875581615738734510e+21
4.539736171291754365e+21 4.166009249825661911e+21 3.822768504120106025e+21 3.507538784600977834e+21 3.218195208893308076e+21 2.952601897072155165e+21 2.708931933835706761e+21 2.485405693748147913e+21 2.280402406533490278e+21 2.092392644422284870e+21 1.956160839219474596e+21 1.875581615738734772e+21
4.539736171291753841e+21 4.166009249825660862e+21 3.822768504120106549e+21 3.507538784600977310e+21 3.218195208893307552e+21 2.952601897072155165e+21 2.708931933835707810e+21 2.485405693748146340e+21 2.280402406533489754e+21 2.092392644422284870e+21 1.956160839219474072e+21 1.875581615738734772e+21
4.539736171291755414e+21 4.166009249825660862e+21 3.822768504120106025e+21 3.507538784600977310e+21 3.218195208893306503e+21 2.952601897072155165e+21 2.708931933835707286e+21 2.485405693748145816e+21 2.280402406533490016e+21 2.092392644422285132e+21 1.956160839219474334e+21 1.875581615738734772e+21
4.539736171291756462e+21 4.166009249825660862e+21 3.822768504120106025e+21 3.507538784600976785e+21 3.218195208893305979e+21 2.952601897072155689e+21 2.708931933835708334e+21 2.485405693748145816e+21 2.280402406533489492e+21 2.092392644422284870e+21 1.956160839219474072e+21 1.875581615738735034e+21
4.539736171291756986e+21 4.166009249825659290e+21 3.822768504120107598e+21 3.507538784600975737e+21 3.218195208893304930e+21 2.952601897072156213e+21 2.708931933835708858e+21 2.485405693748145816e+21 2.280402406533489230e+21 2.092392644422285132e+21 1.956160839219474596e+21 1.875581615738735034e+21
4.539736171291756986e+21 4.166009249825659290e+21 3.822768504120107598e+21 3.507538784600975737e+21 3.218195208893306503e+21 2.952601897072155689e+21 2.708931933835709383e+21 2.485405693748145816e+21 2.280402406533489230e+21 2.092392644422285132e+21 1.956160839219474596e+21 1.875581615738735034e+21
4.539736171291755414e+21 4.166009249825659814e+21 3.822768504120107074e+21 3.507538784600976785e+21 3.218195208893305979e+21 2.952601897072155689e+21 2.708931933835709383e+21 2.485405693748145816e+21 2.280402406533489230e+21 2.092392644422285394e+21 1.956160839219474596e+21 1.875581615738735297e+21
4.539736171291755414e+21 4.166009249825659814e+21 3.822768504120108122e+21 3.507538784600976785e+21 3.218195208893305455e+21 2.952601897072155165e+21 2.708931933835707810e+21 2.485405693748145816e+21 2.280402406533488443e+21 2.092392644422285132e+21 1.956160839219474596e+21 1.875581615738734772e+21
4.539736171291755414e+21 4.166009249825660338e+21 3.822768504120109171e+21 3.507538784600976785e+21 3.218195208893305979e+21 2.952601897072154640e+21 2.708931933835707286e+21 2.485405693748145291e+21 2.280402406533488706e+21 2.092392644422285132e+21 1.956160839219474858e+21 1.875581615738735034e+21
4.539736171291755938e+21 4.166009249825659814e+21 3.822768504120107074e+21 3.507538784600976261e+21 3.218195208893305979e+21 2.952601897072153068e+21 2.708931933835707286e+21 2.485405693748145291e+21 2.280402406533488706e+21 2.092392644422285394e+21 1.956160839219475120e+21 1.875581615738735297e+21
4.539736171291755414e+21 4.166009249825659290e+21 3.822768504120107598e+21 3.507538784600975737e+21 3.218195208893305979e+21 2.952601897072152543e+21 2.708931933835707286e+21 2.485405693748144243e+21 2.280402406533489230e+21 2.092392644422285394e+21 1.956160839219475382e+21 1.875581615738735297e+21
4.539736171291755414e+21 4.166009249825660338e+21 3.822768504120108646e+21 3.507538784600975737e+21 3.218195208893305979e+21 2.952601897072152543e+21 2.708931933835708334e+21 2.485405693748143718e+21 2.280402406533489492e+21 2.092392644422285132e+21 1.956160839219475644e+21 1.875581615738734772e+21
4.539736171291756462e+21 4.166009249825659814e+21 3.822768504120109171e+21 3.507538784600975213e+21 3.218195208893305979e+21 2.952601897072153068e+21 2.708931933835708858e+21 2.485405693748142146e+21 2.280402406533489754e+21 2.092392644422284870e+21 1.956160839219475907e+21 1.875581615738734772e+21
4.539736171291756986e+21 4.166009249825659814e+21 3.822768504120109695e+21 3.507538784600974688e+21 3.218195208893305979e+21 2.952601897072152019e+21 2.708931933835708858e+21 2.485405693748141097e+21 2.280402406533489230e+21 2.092392644422284870e+21 1.956160839219475907e+21 1.875581615738734510e+21
4.539736171291756462e+21 4.166009249825658765e+21 3.822768504120109695e+21 3.507538784600973115e+21 3.218195208893306503e+21 2.952601897072152543e+21 2.708931933835708858e+21 2.485405693748141097e+21 2.280402406533489492e+21 2.092392644422284607e+21 1.956160839219476169e+21 1.875581615738733724e+21
4.539736171291756462e+21 4.166009249825660338e+21 3.822768504120110219e+21 3.507538784600972591e+21 3.218195208893307027e+21 2.952601897072152019e+21 2.708931933835707810e+21 2.485405693748140573e+21 2.280402406533489754e+21 2.092392644422284607e+21 1.956160839219476431e+21 1.875581615738733724e+21
4.539736171291755414e+21 4.166009249825660338e+21 3.822768504120110219e+21 3.507538784600971543e+21 3.218195208893307027e+21 2.952601897072151495e+21 2.708931933835707810e+21 2.485405693748140573e+21 2.280402406533490016e+21 2.092392644422284870e+21 1.956160839219475907e+21 1.875581615738733462e+21
4.539736171291755414e+21 4.166009249825660338e+21 3.822768504120110219e+21 3.507538784600971543e+21 3.218195208893308076e+21 2.952601897072152543e+21 2.708931933835707810e+21 2.485405693748140048e+21 2.280402406533489492e+21 2.092392644422284870e+21 1.956160839219475120e+21 1.875581615738733462e+21
4.539736171291755414e+21 4.166009249825660338e+21 3.822768504120110744e+21 3.507538784600971543e+21 3.218195208893308600e+21 2.952601897072150970e+21 2.708931933835706761e+21 2.485405693748139524e+21 2.280402406533489754e+21 2.092392644422285656e+21 1.956160839219475382e+21 1.875581615738733724e+21
4.539736171291756462e+21 4.166009249825659290e+21 3.822768504120110219e+21 3.507538784600971543e+21 3.218195208893308600e+21 2.952601897072151495e+21 2.708931933835706761e+21 2.485405693748140048e+21 2.280402406533490016e+21 2.092392644422286180e+21 1.956160839219475382e+21 1.875581615738733724e+21
4.539736171291755938e+21 4.166009249825660338e+21 3.822768504120110744e+21 3.507538784600971018e+21 3.218195208893308076e+21 2.952601897072151495e+21 2.708931933835706237e+21 2.485405693748140573e+21 2.280402406533490016e+21 2.092392644422285656e+21 1.956160839219475644e+21 1.875581615738733986e+21
4.539736171291755938e+21 4.166009249825660338e+21 3.822768504120109171e+21 3.507538784600971543e+21 3.218195208893308600e+21 2.952601897072151495e+21 2.708931933835705713e+21 2.485405693748140048e+21 2.280402406533490541e+21 2.092392644422285394e+21 1.956160839219475382e+21 1.875581615738734510e+21
4.539736171291756462e+21 4.166009249825660862e+21 3.822768504120109695e+21 3.507538784600971543e+21 3.218195208893307552e+21 2.952601897072150970e+21 2.708931933835706237e+21 2.485405693748139000e+21 2.280402406533490278e+21 2.092392644422285132e+21 1.956160839219475644e+21 1.875581615738734510e+21
4.539736171291757511e+21 4.166009249825661387e+21 3.822768504120108122e+21 3.507538784600971018e+21 3.218195208893309125e+21 2.952601897072150446e+21 2.708931933835705188e+21 2.485405693748137427e+21 2.280402406533490278e+21 2.092392644422285394e+21 1.956160839219475382e+21 1.875581615738733986e+21
4.539736171291758035e+21 4.166009249825662435e+21 3.822768504120108646e+21 3.507538784600970494e+21 3.218195208893308076e+21 2.952601897072149922e+21 2.708931933835705188e+21 2.485405693748137427e+21 2.280402406533490278e+21 2.092392644422285132e+21 1.956160839219475120e+21 1.875581615738734248e+21
4.539736171291759084e+21 4.166009249825661911e+21 3.822768504120108122e+21 3.507538784600971018e+21 3.218195208893309125e+21 2.952601897072150446e+21 2.708931933835705188e+21 2.485405693748137427e+21 2.280402406533490016e+21 2.092392644422285132e+21 1.956160839219475120e+21 1.875581615738734510e+21
4.539736171291759608e+21 4.166009249825660862e+21 3.822768504120107074e+21 3.507538784600971018e+21 3.218195208893309125e+21 2.952601897072149922e+21 2.708931933835704664e+21 2.485405693748136378e+21 2.280402406533489754e+21 2.092392644422285132e+21 1.956160839219474334e+21 1.875581615738734248e+21
4.539736171291760132e+21 4.166009249825661911e+21 3.822768504120107598e+21 3.507538784600971018e+21 3.218195208893309649e+21 2.952601897072150970e+21 2.708931933835704664e+21 2.485405693748135854e+21 2.280402406533489492e+21 2.092392644422284870e+21 1.956160839219474334e+21 1.875581615738734510e+21
4.539736171291761705e+21 4.166009249825661911e+21 3.822768504120108122e+21 3.507538784600969970e+21 3.218195208893308600e+21 2.952601897072150446e+21 2.708931933835704140e+21 2.485405693748134806e+21 2.280402406533489754e+21 2.092392644422284870e+21 1.956160839219474596e+21 1.875581615738734248e+21
4.539736171291761705e+21 4.166009249825661911e+21 3.822768504120109171e+21 3.507538784600969445e+21 3.218195208893308076e+21 2.952601897072150970e+21 2.708931933835705188e+21 2.485405693748133757e+21 2.280402406533489492e+21 2.092392644422285394e+21 1.956160839219474858e+21 1.875581615738733986e+21
4.539736171291760132e+21 4.166009249825660862e+21 3.822768504120109171e+21 3.507538784600970494e+21 3.218195208893307027e+21 2.952601897072151495e+21 2.708931933835705188e+21 2.485405693748135330e+21 2.280402406533490278e+21 2.092392644422284870e+21 1.956160839219474858e+21 1.875581615738734248e+21
4.539736171291760132e+21 4.166009249825661387e+21 3.822768504120109695e+21 3.507538784600971018e+21 3.218195208893305979e+21 2.952601897072152019e+21 2.708931933835705188e+21 2.485405693748134806e+21 2.280402406533489754e+21 2.092392644422284870e+21 1.956160839219475120e+21 1.875581615738734772e+21
4.539736171291760656e+21 4.166009249825660338e+21 3.822768504120110219e+21 3.507538784600971018e+21 3.218195208893307027e+21 2.952601897072152019e+21 2.708931933835704664e+21 2.485405693748133233e+21 2.280402406533489230e+21 2.092392644422284607e+21 1.956160839219475382e+21 1.875581615738734510e+21
4.539736171291760132e+21 4.166009249825661387e+21 3.822768504120111268e+21 3.507538784600971543e+21 3.218195208893306503e+21 2.952601897072152543e+21 2.708931933835703091e+21 2.485405693748133233e+21 2.280402406533488443e+21 2.092392644422284607e+21 1.956160839219475120e+21 1.875581615738733986e+21
4.539736171291761181e+21 4.166009249825661911e+21 3.822768504120110744e+21 3.507538784600971018e+21 3.218195208893306503e+21 2.952601897072152019e+21 2.708931933835703091e+21 2.485405693748132708e+21 2.280402406533489230e+21 2.092392644422284607e+21 1.956160839219474858e+21 1.875581615738734248e+21
4.539736171291760656e+21 4.166009249825663484e+21 3.822768504120110744e+21 3.507538784600971018e+21 3.218195208893306503e+21 2.952601897072150970e+21 2.708931933835702567e+21 2.485405693748132184e+21 2.280402406533488706e+21 2.092392644422284345e+21 1.956160839219474858e+21 1.875581615738734248e+21
4.539736171291759608e+21 4.166009249825662960e+21 3.822768504120110219e+21 3.507538784600970494e+21 3.218195208893306503e+21 2.952601897072150970e+21 2.708931933835702567e+21 2.485405693748132184e+21 2.280402406533488443e+21 2.092392644422284345e+21 1.956160839219474858e+21 1.875581615738734248e+21
4.539736171291759608e+21 4.166009249825662960e+21 3.822768504120109695e+21 3.507538784600971018e+21 3.218195208893305979e+21 2.952601897072151495e+21 2.708931933835703091e+21 2.485405693748131135e+21 2.280402406533488443e+21 2.092392644422284345e+21 1.956160839219475120e+21 1.875581615738733724e+21
4.539736171291759608e+21 4.166009249825662960e+21 3.822768504120110744e+21 3.507538784600970494e+21 3.218195208893305455e+21 2.952601897072152019e+21 2.708931933835702043e+21 2.485405693748131135e+21 2.280402406533488706e+21 2.092392644422284345e+21 1.956160839219475382e+21 1.875581615738733462e+21
4.539736171291760132e+21 4.166009249825661911e+21 3.822768504120110219e+21 3.507538784600969970e+21 3.218195208893304930e+21 2.952601897072152543e+21 2.708931933835702043e+21 2.485405693748132708e+21 2.280402406533488706e+21 2.092392644422284345e+21 1.956160839219475907e+21 1.875581615738733199e+21
4.539736171291760656e+21 4.166009249825660862e+21 3.822768504120110744e+21 3.507538784600968921e+21 3.218195208893305455e+21 2.952601897072153068e+21 2.708931933835702567e+21 2.485405693748132708e+21 2.280402406533489230e+21 2.092392644422284607e+21 1.956160839219475907e+21 1.875581615738733462e+21
4.539736171291760132e+21 4.166009249825662960e+21 3.822768504120110744e+21 3.507538784600968921e+21 3.218195208893304406e+21 2.952601897072153068e+21 2.708931933835701518e+21 2.485405693748132708e+21 2.280402406533488443e+21 2.092392644422284083e+21 1.956160839219475907e+21 1.875581615738733462e+21
4.539736171291759608e+21 4.166009249825662435e+21 3.822768504120110744e+21 3.507538784600968397e+21 3.218195208893304406e+21 2.952601897072152019e+21 2.708931933835699945e+21 2.485405693748133233e+21 2.280402406533488181e+21 2.092392644422284607e+21 1.956160839219475382e+21 1.875581615738733462e+21
4.539736171291760132e+21 4.166009249825664008e+21 3.822768504120109171e+21 3.507538784600966824e+21 3.218195208893303882e+21 2.952601897072152019e+21 2.708931933835698897e+21 2.485405693748134281e+21 2.280402406533487657e+21 2.092392644422284870e+21 1.956160839219475120e+21 1.875581615738733724e+21
4.539736171291761705e+21 4.166009249825663484e+21 3.822768504120110219e+21 3.507538784600966824e+21 3.218195208893303357e+21 2.952601897072152543e+21 2.708931933835699421e+21 2.485405693748134281e+21 2.280402406533487395e+21 2.092392644422284870e+21 1.956160839219476169e+21 1.875581615738734248e+21
4.539736171291761181e+21 4.166009249825664532e+21 3.822768504120109695e+21 3.507538784600967873e+21 3.218195208893303882e+21 2.952601897072152019e+21 2.708931933835700994e+21 2.485405693748134806e+21 2.280402406533488181e+21 2.092392644422285132e+21 1.956160839219475907e+21 1.875581615738733986e+21
4.539736171291759608e+21 4.166009249825664008e+21 3.822768504120109695e+21 3.507538784600968921e+21 3.218195208893304406e+21 2.952601897072152019e+21 2.708931933835700994e+21 2.485405693748134806e+21 2.280402406533488181e+21 2.092392644422285656e+21 1.956160839219475907e+21 1.875581615738733724e+21
4.539736171291760132e+21 4.166009249825665057e+21 3.822768504120109695e+21 3.507538784600968397e+21 3.218195208893304406e+21 2.952601897072152543e+21 2.708931933835702043e+21 2.485405693748134281e+21 2.280402406533488181e+21 2.092392644422285394e+21 1.956160839219475644e+21 1.875581615738733462e+21
4.539736171291759608e+21 4.166009249825665581e+21 3.822768504120109171e+21 3.507538784600968397e+21 3.218195208893304930e+21 2.952601897072153592e+21 2.708931933835700470e+21 2.485405693748135330e+21 2.280402406533488181e+21 2.092392644422285132e+21 1.956160839219476693e+21 1.875581615738733986e+21
4.539736171291760132e+21 4.166009249825664532e+21 3.822768504120108646e+21 3.507538784600968397e+21 3.218195208893305979e+21 2.952601897072153592e+21 2.708931933835700470e+21 2.485405693748135854e+21 2.280402406533487657e+21 2.092392644422284870e+21 1.956160839219477479e+21 1.875581615738733724e+21
4.539736171291760132e+21 4.166009249825664532e+21 3.822768504120107074e+21 3.507538784600967873e+21 3.218195208893304930e+21 2.952601897072153068e+21 2.708931933835700994e+21 2.485405693748136378e+21 2.280402406533487133e+21 2.092392644422285132e+21 1.956160839219477217e+21 1.875581615738733462e+21
4.539736171291759084e+21 4.166009249825666630e+21 3.822768504120105501e+21 3.507538784600968397e+21 3.218195208893303882e+21 2.952601897072154116e+21 2.708931933835702567e+21 2.485405693748136903e+21 2.280402406533487133e+21 2.092392644422285132e+21 1.956160839219476693e+21 1.875581615738733199e+21
4.539736171291760656e+21 4.166009249825665581e+21 3.822768504120105501e+21 3.507538784600968921e+21 3.218195208893304930e+21 2.952601897072154640e+21 2.708931933835703091e+21 2.485405693748136378e+21 2.280402406533487657e+21 2.092392644422285394e+21 1.956160839219477217e+21 1.875581615738733199e+21
4.539736171291760656e+21 4.166009249825666105e+21 3.822768504120106025e+21 3.507538784600969445e+21 3.218195208893306503e+21 2.952601897072155165e+21 2.708931933835702043e+21 2.485405693748137427e+21 2.280402406533487657e+21 2.092392644422285656e+21 1.956160839219476955e+21 1.875581615738733724e+21
4.539736171291761181e+21 4.166009249825665057e+21 3.822768504120107074e+21 3.507538784600969970e+21 3.218195208893305455e+21 2.952601897072155689e+21 2.708931933835701518e+21 2.485405693748136903e+21 2.280402406533486871e+21 2.092392644422285394e+21 1.956160839219477217e+21 1.875581615738733986e+21
4.539736171291761181e+21 4.166009249825664008e+21 3.822768504120106025e+21 3.507538784600971018e+21 3.218195208893304930e+21 2.952601897072155689e+21 2.708931933835702043e+21 2.485405693748138476e+21 2.280402406533487657e+21 2.092392644422284870e+21 1.956160839219476693e+21 1.875581615738733724e+21
4.539736171291761705e+21 4.166009249825665581e+21 3.822768504120104976e+21 3.507538784600972067e+21 3.218195208893304930e+21 2.952601897072156213e+21 2.708931933835701518e+21 2.485405693748139000e+21 2.280402406533487133e+21 2.092392644422285132e+21 1.956160839219477217e+21 1.875581615738733724e+21
4.539736171291762754e+21 4.166009249825665581e+21 3.822768504120104976e+21 3.507538784600971543e+21 3.218195208893305455e+21 2.952601897072154640e+21 2.708931933835702567e+21 2.485405693748138476e+21 2.280402406533487133e+21 2.092392644422285656e+21 1.956160839219476955e+21 1.875581615738733986e+21
4.539736171291763278e+21 4.166009249825666105e+21 3.822768504120106025e+21 3.507538784600970494e+21 3.218195208893306503e+21 2.952601897072154116e+21 2.708931933835702567e+21 2.485405693748139524e+21 2.280402406533487133e+21 2.092392644422284607e+21 1.956160839219476955e+21 1.875581615738733462e+21
4.539736171291763802e+21 4.166009249825666105e+21 3.822768504120106025e+21 3.507538784600970494e+21 3.218195208893307552e+21 2.952601897072155165e+21 2.708931933835702043e+21 2.485405693748139000e+21 2.280402406533487919e+21 2.092392644422285132e+21 1.956160839219476431e+21 1.875581615738734510e+21
4.539736171291763278e+21 4.166009249825666630e+21 3.822768504120106025e+21 3.507538784600970494e+21 3.218195208893307552e+21 2.952601897072155689e+21 2.708931933835702043e+21 2.485405693748139524e+21 2.280402406533487657e+21 2.092392644422285394e+21 1.956160839219476169e+21 1.875581615738734510e+21
4.539736171291764326e+21 4.166009249825668202e+21 3.822768504120104452e+21 3.507538784600969970e+21 3.218195208893308076e+21 2.952601897072155689e+21 2.708931933835700470e+21 2.485405693748141621e+21 2.280402406533488181e+21 2.092392644422285132e+21 1.956160839219476169e+21 1.875581615738734510e+21
4.539736171291764326e+21 4.166009249825667678e+21 3.822768504120104452e+21 3.507538784600969970e+21 3.218195208893307552e+21 2.952601897072156738e+21 2.708931933835700470e+21 2.485405693748141621e+21 2.280402406533488181e+21 2.092392644422285656e+21 1.956160839219475644e+21 1.875581615738734510e+21
4.539736171291765375e+21 4.166009249825666630e+21 3.822768504120104976e+21 3.507538784600970494e+21 3.218195208893307552e+21 2.952601897072155689e+21 2.708931933835700470e+21 2.485405693748142146e+21 2.280402406533487919e+21 2.092392644422285918e+21 1.956160839219475644e+21 1.875581615738735297e+21
4.539736171291764851e+21 4.166009249825665581e+21 3.822768504120104976e+21 3.507538784600970494e+21 3.218195208893308076e+21 2.952601897072156213e+21 2.708931933835700470e+21 2.485405693748142146e+21 2.280402406533487919e+21 2.092392644422285394e+21 1.956160839219475644e+21 1.875581615738735559e+21
4.539736171291764851e+21 4.166009249825665057e+21 3.822768504120104452e+21 3.507538784600970494e+21 3.218195208893308600e+21 2.952601897072155165e+21 2.708931933835700994e+21 2.485405693748142146e+21 2.280402406533488181e+21 2.092392644422285132e+21 1.956160839219475907e+21 1.875581615738735559e+21
4.539736171291764851e+21 4.166009249825666630e+21 3.822768504120104452e+21 3.507538784600970494e+21 3.218195208893309125e+21 2.952601897072155165e+21 2.708931933835699421e+21 2.485405693748141097e+21 2.280402406533488443e+21 2.092392644422285394e+21 1.956160839219476169e+21 1.875581615738735821e+21
4.539736171291765375e+21 4.166009249825667678e+21 3.822768504120103928e+21 3.507538784600970494e+21 3.218195208893309649e+21 2.952601897072156213e+21 2.708931933835699945e+21 2.485405693748141097e+21 2.280402406533488181e+21 2.092392644422285918e+21 1.956160839219476431e+21 1.875581615738735821e+21
4.539736171291765375e+21 4.166009249825667154e+21 3.822768504120103928e+21 3.507538784600969970e+21 3.218195208893309649e+21 2.952601897072156738e+21 2.708931933835699945e+21 2.485405693748141097e+21 2.280402406533488181e+21 2.092392644422286180e+21 1.956160839219476431e+21 1.875581615738736083e+21
4.539736171291764851e+21 4.166009249825667154e+21 3.822768504120104452e+21 3.507538784600969970e+21 3.218195208893310173e+21 2.952601897072157262e+21 2.708931933835699421e+21 2.485405693748141621e+21 2.280402406533487919e+21 2.092392644422286180e+21 1.956160839219475907e+21 1.875581615738736869e+21
4.539736171291764851e+21 4.166009249825666105e+21 3.822768504120104452e+21 3.507538784600968921e+21 3.218195208893309125e+21 2.952601897072155689e+21 2.708931933835699945e+21 2.485405693748139000e+21 2.280402406533488181e+21 2.092392644422286705e+21 1.956160839219476169e+21 1.875581615738736345e+21
4.539736171291765375e+21 4.166009249825666105e+21 3.822768504120105501e+21 3.507538784600968397e+21 3.218195208893308600e+21 2.952601897072156213e+21 2.708931933835699945e+21 2.485405693748140048e+21 2.280402406533488706e+21 2.092392644422286705e+21 1.956160839219475907e+21 1.875581615738735821e+21
4.539736171291765375e+21 4.166009249825667154e+21 3.822768504120106549e+21 3.507538784600967348e+21 3.218195208893308600e+21 2.952601897072155689e+21 2.708931933835699945e+21 2.485405693748140573e+21 2.280402406533488706e+21 2.092392644422286967e+21 1.956160839219475644e+21 1.875581615738736607e+21
4.539736171291765899e+21 4.166009249825666630e+21 3.822768504120105501e+21 3.507538784600968397e+21 3.218195208893308600e+21 2.952601897072157262e+21 2.708931933835698373e+21 2.485405693748140048e+21 2.280402406533488968e+21 2.092392644422286967e+21 1.956160839219475907e+21 1.875581615738736607e+21
4.539736171291767472e+21 4.166009249825667154e+21 3.822768504120103928e+21 3.507538784600968921e+21 3.218195208893309649e+21 2.952601897072156738e+21 2.708931933835698373e+21 2.485405693748140048e+21 2.280402406533489492e+21 2.092392644422286705e+21 1.956160839219475120e+21 1.875581615738736345e+21
4.539736171291767996e+21 4.166009249825667678e+21 3.822768504120104452e+21 3.507538784600969445e+21 3.218195208893310173e+21 2.952601897072156738e+21 2.708931933835697848e+21 2.485405693748139000e+21 2.280402406533490016e+21 2.092392644422286180e+21 1.956160839219474858e+21 1.875581615738736345e+21
4.539736171291767996e+21 4.166009249825667678e+21 3.822768504120104452e+21 3.507538784600968921e+21 3.218195208893309649e+21 2.952601897072157262e+21 2.708931933835697324e+21 2.485405693748140048e+21 2.280402406533490016e+21 2.092392644422286180e+21 1.956160839219474858e+21 1.875581615738736345e+21
4.539736171291766948e+21 4.166009249825668727e+21 3.822768504120104452e+21 3.507538784600969970e+21 3.218195208893308600e+21 2.952601897072157262e+21 2.708931933835697848e+21 2.485405693748140048e+21 2.280402406533489754e+21 2.092392644422285918e+21 1.956160839219474072e+21 1.875581615738736083e+21
4.539736171291765899e+21 4.166009249825668727e+21 3.822768504120104976e+21 3.507538784600970494e+21 3.218195208893308076e+21 2.952601897072157786e+21 2.708931933835697848e+21 2.485405693748140048e+21 2.280402406533489492e+21 2.092392644422285918e+21 1.956160839219474072e+21 1.875581615738736345e+21
4.539736171291765375e+21 4.166009249825667154e+21 3.822768504120104976e+21 3.507538784600971018e+21 3.218195208893308600e+21 2.952601897072157786e+21 2.708931933835697848e+21 2.485405693748140573e+21 2.280402406533489492e+21 2.092392644422285656e+21 1.956160839219473547e+21 1.875581615738736607e+21
4.539736171291764851e+21 4.166009249825666105e+21 3.822768504120104976e+21 3.507538784600972067e+21 3.218195208893308600e+21 2.952601897072159359e+21 2.708931933835697848e+21 2.485405693748140573e+21 2.280402406533489230e+21 2.092392644422285394e+21 1.956160839219473547e+21 1.875581615738736607e+21
4.539736171291763278e+21 4.166009249825666105e+21 3.822768504120105501e+21 3.507538784600972067e+21 3.218195208893309125e+21 2.952601897072158835e+21 2.708931933835697848e+21 2.485405693748140048e+21 2.280402406533489230e+21 2.092392644422285132e+21 1.956160839219473547e+21 1.875581615738736345e+21
4.539736171291764326e+21 4.166009249825666105e+21 3.822768504120106025e+21 3.507538784600972591e+21 3.218195208893309649e+21 2.952601897072159359e+21 2.708931933835697324e+21 2.485405693748140573e+21 2.280402406533488443e+21 2.092392644422284870e+21 1.956160839219473285e+21 1.875581615738736345e+21
4.539736171291763278e+21 4.166009249825667154e+21 3.822768504120106025e+21 3.507538784600972591e+21 3.218195208893310173e+21 2.952601897072158835e+21 2.708931933835697848e+21 2.485405693748140573e+21 2.280402406533488443e+21 2.092392644422284870e+21 1.956160839219473285e+21 1.875581615738736083e+21
4.539736171291762754e+21 4.166009249825666105e+21 3.822768504120106549e+21 3.507538784600972067e+21 3.218195208893308600e+21 2.952601897072158835e+21 2.708931933835697848e+21 2.485405693748141097e+21 2.280402406533488181e+21 2.092392644422284870e+21 1.956160839219473547e+21 1.875581615738735821e+21
4.539736171291762229e+21 4.166009249825667678e+21 3.822768504120107074e+21 3.507538784600972591e+21 3.218195208893308076e+21 2.952601897072158835e+21 2.708931933835698373e+21 2.485405693748140573e+21 2.280402406533488706e+21 2.092392644422284870e+21 1.956160839219473547e+21 1.875581615738736607e+21
4.539736171291762754e+21 4.166009249825666630e+21 3.822768504120105501e+21 3.507538784600972067e+21 3.218195208893308600e+21 2.952601897072159359e+21 2.708931933835697848e+21 2.485405693748140573e+21 2.280402406533488706e+21 2.092392644422284607e+21 1.956160839219473547e+21 1.875581615738735559e+21
4.539736171291762229e+21 4.166009249825667678e+21 3.822768504120107074e+21 3.507538784600972067e+21 3.218195208893307552e+21 2.952601897072158835e+21 2.708931933835698373e+21 2.485405693748141097e+21 2.280402406533487919e+21 2.092392644422284870e+21 1.956160839219474072e+21 1.875581615738735559e+21
4.539736171291762229e+21 4.166009249825668202e+21 3.822768504120107598e+21 3.507538784600972067e+21 3.218195208893307027e+21 2.952601897072157786e+21 2.708931933835698897e+21 2.485405693748141621e+21 2.280402406533487919e+21 2.092392644422285132e+21 1.956160839219474334e+21 1.875581615738735559e+21
4.539736171291761705e+21 4.166009249825668202e+21 3.822768504120108646e+21 3.507538784600972591e+21 3.218195208893307552e+21 2.952601897072158310e+21 2.708931933835698373e+21 2.485405693748141621e+21 2.280402406533487919e+21 2.092392644422284607e+21 1.956160839219474072e+21 1.875581615738735297e+21
4.539736171291760656e+21 4.166009249825667678e+21 3.822768504120108122e+21 3.507538784600973115e+21 3.218195208893306503e+21 2.952601897072157786e+21 2.708931933835698373e+21 2.485405693748141621e+21 2.280402406533487919e+21 2.092392644422284345e+21 1.956160839219474072e+21 1.875581615738734772e+21
4.539736171291760656e+21 4.166009249825669251e+21 3.822768504120106549e+21 3.507538784600972067e+21 3.218195208893306503e+21 2.952601897072157786e+21 2.708931933835698897e+21 2.485405693748142146e+21 2.280402406533487133e+21 2.092392644422284345e+21 1.956160839219473809e+21 1.875581615738733986e+21
4.539736171291761181e+21 4.166009249825667678e+21 3.822768504120105501e+21 3.507538784600971543e+21 3.218195208893307027e+21 2.952601897072156738e+21 2.708931933835699421e+21 2.485405693748141621e+21 2.280402406533487395e+21 2.092392644422284083e+21 1.956160839219474072e+21 1.875581615738733986e+21
4.539736171291762229e+21 4.166009249825668727e+21 3.822768504120105501e+21 3.507538784600971018e+21 3.218195208893307027e+21 2.952601897072157786e+21 2.708931933835699421e+21 2.485405693748141621e+21 2.280402406533486871e+21 2.092392644422284870e+21 1.956160839219474334e+21 1.875581615738733986e+21
4.539736171291762229e+21 4.166009249825668727e+21 3.822768504120105501e+21 3.507538784600969445e+21 3.218195208893306503e+21 2.952601897072158310e+21 2.708931933835699945e+21 2.485405693748142146e+21 2.280402406533486346e+21 2.092392644422285394e+21 1.956160839219475120e+21 1.875581615738734510e+21
4.539736171291761181e+21 4.166009249825669775e+21 3.822768504120106025e+21 3.507538784600969445e+21 3.218195208893307027e+21 2.952601897072157786e+21 2.708931933835699945e+21 2.485405693748142146e+21 2.280402406533486346e+21 2.092392644422285394e+21 1.956160839219475382e+21 1.875581615738734248e+21
4.539736171291760132e+21 4.166009249825670300e+21 3.822768504120105501e+21 3.507538784600968397e+21 3.218195208893306503e+21 2.952601897072157786e+21 2.708931933835699421e+21 2.485405693748141621e+21 2.280402406533486346e+21 2.092392644422285656e+21 1.956160839219475644e+21 1.875581615738734510e+21
4.539736171291760132e+21 4.166009249825670824e+21 3.822768504120105501e+21 3.507538784600968397e+21 3.218195208893307552e+21 2.952601897072157786e+21 2.708931933835699421e+21 2.485405693748141097e+21 2.280402406533486346e+21 2.092392644422285656e+21 1.956160839219475644e+21 1.875581615738734772e+21
4.539736171291761181e+21 4.166009249825670824e+21 3.822768504120106025e+21 3.507538784600967348e+21 3.218195208893307027e+21 2.952601897072158310e+21 2.708931933835699945e+21 2.485405693748140573e+21 2.280402406533486608e+21 2.092392644422286442e+21 1.956160839219475644e+21 1.875581615738734510e+21
4.539736171291760656e+21 4.166009249825669251e+21 3.822768504120106549e+21 3.507538784600966824e+21 3.218195208893306503e+21 2.952601897072158310e+21 2.708931933835699945e+21 2.485405693748141097e+21 2.280402406533486346e+21 2.092392644422286442e+21 1.956160839219475120e+21 1.875581615738734510e+21
4.539736171291761181e+21 4.166009249825669251e+21 3.822768504120107598e+21 3.507538784600967348e+21 3.218195208893307027e+21 2.952601897072157786e+21 2.708931933835699945e+21 2.485405693748140573e+21 2.280402406533485822e+21 2.092392644422286442e+21 1.956160839219475644e+21 1.875581615738734510e+21
4.539736171291760656e+21 4.166009249825671348e+21 3.822768504120107074e+21 3.507538784600967348e+21 3.218195208893306503e+21 2.952601897072158310e+21 2.708931933835699945e+21 2.485405693748140048e+21 2.280402406533486084e+21 2.092392644422286442e+21 1.956160839219475644e+21 1.875581615738734772e+21
4.539736171291761181e+21 4.166009249825671873e+21 3.822768504120107074e+21 3.507538784600966824e+21 3.218195208893307027e+21 2.952601897072158310e+21 2.708931933835699945e+21 2.485405693748140048e+21 2.280402406533485822e+21 2.092392644422286705e+21 1.956160839219475382e+21 1.875581615738734248e+21
4.539736171291761181e+21 4.166009249825671873e+21 3.822768504120107074e+21 3.507538784600966300e+21 3.218195208893307027e+21 2.952601897072158835e+21 2.708931933835699945e+21 2.485405693748140048e+21 2.280402406533485560e+21 2.092392644422286180e+21 1.956160839219475644e+21 1.875581615738733986e+21
4.539736171291760656e+21 4.166009249825672397e+21 3.822768504120107598e+21 3.507538784600966300e+21 3.218195208893305979e+21 2.952601897072160408e+21 2.708931933835700470e+21 2.485405693748140573e+21 2.280402406533485298e+21 2.092392644422286180e+21 1.956160839219475644e+21 1.875581615738734510e+21
4.539736171291761705e+21 4.166009249825671348e+21 3.822768504120107074e+21 3.507538784600965775e+21 3.218195208893305455e+21 2.952601897072160932e+21 2.708931933835700994e+21 2.485405693748141097e+21 2.280402406533485560e+21 2.092392644422286705e+21 1.956160839219476169e+21 1.875581615738734248e+21
4.539736171291761181e+21 4.166009249825669775e+21 3.822768504120108646e+21 3.507538784600967873e+21 3.218195208893305979e+21 2.952601897072161456e+21 2.708931933835700994e+21 2.485405693748141621e+21 2.280402406533485822e+21 2.092392644422287229e+21 1.956160839219476169e+21 1.875581615738733986e+21
4.539736171291760132e+21 4.166009249825669775e+21 3.822768504120109171e+21 3.507538784600967873e+21 3.218195208893305979e+21 2.952601897072161456e+21 2.708931933835700994e+21 2.485405693748141621e+21 2.280402406533485822e+21 2.092392644422286967e+21 1.956160839219476431e+21 1.875581615738734772e+21
4.539736171291759084e+21 4.166009249825669775e+21 3.822768504120109695e+21 3.507538784600967873e+21 3.218195208893305455e+21 2.952601897072161456e+21 2.708931933835700994e+21 2.485405693748142146e+21 2.280402406533485822e+21 2.092392644422287491e+21 1.956160839219476431e+21 1.875581615738734510e+21
4.539736171291759608e+21 4.166009249825668727e+21 3.822768504120108646e+21 3.507538784600967873e+21 3.218195208893305455e+21 2.952601897072160408e+21 2.708931933835700994e+21 2.485405693748142146e+21 2.280402406533485822e+21 2.092392644422286705e+21 1.956160839219476431e+21 1.875581615738734510e+21
4.539736171291760656e+21 4.166009249825667678e+21 3.822768504120108122e+21 3.507538784600968921e+21 3.218195208893305455e+21 2.952601897072159883e+21 2.708931933835700994e+21 2.485405693748142146e+21 2.280402406533485822e+21 2.092392644422286180e+21 1.956160839219476431e+21 1.875581615738734510e+21
4.539736171291761181e+21 4.166009249825668202e+21 3.822768504120107598e+21 3.507538784600969445e+21 3.218195208893305979e+21 2.952601897072158835e+21 2.708931933835700994e+21 2.485405693748142146e+21 2.280402406533485560e+21 2.092392644422286180e+21 1.956160839219476431e+21 1.875581615738734510e+21
4.539736171291761705e+21 4.166009249825669251e+21 3.822768504120107598e+21 3.507538784600968921e+21 3.218195208893305979e+21 2.952601897072160932e+21 2.708931933835700994e+21 2.485405693748142146e+21 2.280402406533485298e+21 2.092392644422285394e+21 1.956160839219476693e+21 1.875581615738733986e+21
4.539736171291762754e+21 4.166009249825670824e+21 3.822768504120108646e+21 3.507538784600969970e+21 3.218195208893306503e+21 2.952601897072160932e+21 2.708931933835700994e+21 2.485405693748142146e+21 2.280402406533485822e+21 2.092392644422286180e+21 1.956160839219476169e+21 1.875581615738733462e+21
4.539736171291762754e+21 4.166009249825670824e+21 3.822768504120109171e+21 3.507538784600969970e+21 3.218195208893307027e+21 2.952601897072160932e+21 2.708931933835700994e+21 2.485405693748142146e+21 2.280402406533485822e+21 2.092392644422286442e+21 1.956160839219476169e+21 1.875581615738733986e+21
4.539736171291761181e+21 4.166009249825671873e+21 3.822768504120109695e+21 3.507538784600971018e+21 3.218195208893306503e+21 2.952601897072161980e+21 2.708931933835700994e+21 2.485405693748140573e+21 2.280402406533485560e+21 2.092392644422286180e+21 1.956160839219476169e+21 1.875581615738733986e+21
4.539736171291761705e+21 4.166009249825672397e+21 3.822768504120108646e+21 3.507538784600971543e+21 3.218195208893305455e+21 2.952601897072160932e+21 2.708931933835700994e+21 2.485405693748140048e+21 2.280402406533486608e+21 2.092392644422285918e+21 1.956160839219476169e+21 1.875581615738733986e+21
4.539736171291762229e+21 4.166009249825672921e+21 3.822768504120109171e+21 3.507538784600972067e+21 3.218195208893304406e+21 2.952601897072160408e+21 2.708931933835700994e+21 2.485405693748140048e+21 2.280402406533486871e+21 2.092392644422286180e+21 1.956160839219475907e+21 1.875581615738733462e+21
4.539736171291762229e+21 4.166009249825672397e+21 3.822768504120107598e+21 3.507538784600972591e+21 3.218195208893305455e+21 2.952601897072160932e+21 2.708931933835700994e+21 2.485405693748140048e+21 2.280402406533486871e+21 2.092392644422285918e+21 1.956160839219475907e+21 1.875581615738733199e+21
4.539736171291762754e+21 4.166009249825672397e+21 3.822768504120107598e+21 3.507538784600972067e+21 3.218195208893305979e+21 2.952601897072160932e+21 2.708931933835700994e+21 2.485405693748140573e+21 2.280402406533486871e+21 2.092392644422286180e+21 1.956160839219475907e+21 1.875581615738733986e+21
4.539736171291763802e+21 4.166009249825671873e+21 3.822768504120107598e+21 3.507538784600971018e+21 3.218195208893304930e+21 2.952601897072160932e+21 2.708931933835700994e+21 2.485405693748141097e+21 2.280402406533486871e+21 2.092392644422285918e+21 1.956160839219475644e+21 1.875581615738735034e+21
4.539736171291763802e+21 4.166009249825670824e+21 3.822768504120107074e+21 3.507538784600972067e+21 3.218195208893304406e+21 2.952601897072160932e+21 2.708931933835700994e+21 2.485405693748141097e+21 2.280402406533487133e+21 2.092392644422285918e+21 1.956160839219476431e+21 1.875581615738735034e+21
4.539736171291763278e+21 4.166009249825670300e+21 3.822768504120107074e+21 3.507538784600972067e+21 3.218195208893304406e+21 2.952601897072161456e+21 2.708931933835700994e+21 2.485405693748141097e+21 2.280402406533487395e+21 2.092392644422285656e+21 1.956160839219475907e+21 1.875581615738736083e+21
4.539736171291763278e+21 4.166009249825670824e+21 3.822768504120107598e+21 3.507538784600973115e+21 3.218195208893303882e+21 2.952601897072161456e+21 2.708931933835700994e+21 2.485405693748141097e+21 2.280402406533486871e+21 2.092392644422285656e+21 1.956160839219475382e+21 1.875581615738736607e+21
4.539736171291763278e+21 4.166009249825670300e+21 3.822768504120107598e+21 3.507538784600973115e+21 3.218195208893304406e+21 2.952601897072161456e+21 2.708931933835700994e+21 2.485405693748142146e+21 2.280402406533486346e+21 2.092392644422285656e+21 1.956160839219475120e+21 1.875581615738736607e+21
4.539736171291762754e+21 4.166009249825669775e+21 3.822768504120107598e+21 3.507538784600973115e+21 3.218195208893303882e+21 2.952601897072161456e+21 2.708931933835700994e+21 2.485405693748141621e+21 2.280402406533485560e+21 2.092392644422285656e+21 1.956160839219474596e+21 1.875581615738737132e+21
4.539736171291764851e+21 4.166009249825669251e+21 3.822768504120108122e+21 3.507538784600972591e+21 3.218195208893303357e+21 2.952601897072161456e+21 2.708931933835700994e+21 2.485405693748141097e+21 2.280402406533485298e+21 2.092392644422285656e+21 1.956160839219474334e+21 1.875581615738737132e+21
4.539736171291764851e+21 4.166009249825669775e+21 3.822768504120108646e+21 3.507538784600973115e+21 3.218195208893303357e+21 2.952601897072161980e+21 2.708931933835700994e+21 2.485405693748140573e+21 2.280402406533484773e+21 2.092392644422285656e+21 1.956160839219474334e+21 1.875581615738737656e+21
4.539736171291765375e+21 4.166009249825670300e+21 3.822768504120108646e+21 3.507538784600973115e+21 3.218195208893303882e+21 2.952601897072161980e+21 2.708931933835700994e+21 2.485405693748140573e+21 2.280402406533484773e+21 2.092392644422285656e+21 1.956160839219474334e+21 1.875581615738737656e+21
4.539736171291764851e+21 4.166009249825669775e+21 3.822768504120108122e+21 3.507538784600974164e+21 3.218195208893304406e+21 2.952601897072163029e+21 2.708931933835700994e+21 2.485405693748141097e+21 2.280402406533484773e+21 2.092392644422285656e+21 1.956160839219474334e+21 1.875581615738737656e+21
4.539736171291765375e+21 4.166009249825670300e+21 3.822768504120107074e+21 3.507538784600974164e+21 3.218195208893303882e+21 2.952601897072161980e+21 2.708931933835700470e+21 2.485405693748141621e+21 2.280402406533484773e+21 2.092392644422285656e+21 1.956160839219474334e+21 1.875581615738737656e+21
4.539736171291765899e+21 4.166009249825670300e+21 3.822768504120106025e+21 3.507538784600974688e+21 3.218195208893304930e+21 2.952601897072161456e+21 2.708931933835700470e+21 2.485405693748141097e+21 2.280402406533485298e+21 2.092392644422285656e+21 1.956160839219474334e+21 1.875581615738737656e+21
4.539736171291766424e+21 4.166009249825669775e+21 3.822768504120106025e+21 3.507538784600973640e+21 3.218195208893305455e+21 2.952601897072161980e+21 2.708931933835700994e+21 2.485405693748142146e+21 2.280402406533485298e+21 2.092392644422285656e+21 1.956160839219474334e+21 1.875581615738737656e+21
4.539736171291765375e+21 4.166009249825669251e+21 3.822768504120106549e+21 3.507538784600973640e+21 3.218195208893305455e+21 2.952601897072161980e+21 2.708931933835700994e+21 2.485405693748141621e+21 2.280402406533484773e+21 2.092392644422285656e+21 1.956160839219474334e+21 1.875581615738737656e+21
4.539736171291764851e+21 4.166009249825668727e+21 3.822768504120107598e+21 3.507538784600973115e+21 3.218195208893303882e+21 2.952601897072161980e+21 2.708931933835700994e+21 2.485405693748141097e+21 2.280402406533484249e+21 2.092392644422285656e+21 1.956160839219474334e+21 1.875581615738737656e+21
4.539736171291765375e+21 4.166009249825668727e+21 3.822768504120107598e+21 3.507538784600972591e+21 3.218195208893304406e+21 2.952601897072161980e+21 2.708931933835700994e+21 2.485405693748141621e+21 2.280402406533484249e+21 2.092392644422285656e+21 1.956160839219474334e+21 1.875581615738737656e+21
4.539736171291763802e+21 4.166009249825669251e+21 3.822768504120107598e+21 3.507538784600972591e+21 3.218195208893302833e+21 2.952601897072161456e+21 2.708931933835700470e+21 2.485405693748141097e+21 2.280402406533484249e+21 2.092392644422285394e+21 1.956160839219474334e+21 1.875581615738737656e+21
4.539736171291763802e+21 4.166009249825669775e+21 3.822768504120106025e+21 3.507538784600973115e+21 3.218195208893302309e+21 2.952601897072161980e+21 2.708931933835699945e+21 2.485405693748141097e+21 2.280402406533484249e+21 2.092392644422285918e+21 1.956160839219474334e+21 1.875581615738737656e+21
4.539736171291764851e+21 4.166009249825669251e+21 3.822768504120105501e+21 3.507538784600973115e+21 3.218195208893302833e+21 2.952601897072161980e+21 2.708931933835700470e+21 2.485405693748141097e+21 2.280402406533483725e+21 2.092392644422286442e+21 1.956160839219474334e+21 1.875581615738737656e+21
4.539736171291763802e+21 4.166009249825669251e+21 3.822768504120104976e+21 3.507538784600973115e+21 3.218195208893302309e+21 2.952601897072161980e+21 2.708931933835700994e+21 2.485405693748141097e+21 2.280402406533484249e+21 2.092392644422286180e+21 1.956160839219474334e+21 1.875581615738737656e+21
4.539736171291764851e+21 4.166009249825668727e+21 3.822768504120104976e+21 3.507538784600972591e+21 3.218195208893303357e+21 2.952601897072161456e+21 2.708931933835699945e+21 2.485405693748140573e+21 2.280402406533484773e+21 2.092392644422286180e+21 1.956160839219474334e+21 1.875581615738737656e+21
4.539736171291764851e+21 4.166009249825667678e+21 3.822768504120105501e+21 3.507538784600973115e+21 3.218195208893303882e+21 2.952601897072161456e+21 2.708931933835699945e+21 2.485405693748140048e+21 2.280402406533484511e+21 2.092392644422286442e+21 1.956160839219474334e+21 1.875581615738737656e+21
4.539736171291765375e+21 4.166009249825667678e+21 3.822768504120104976e+21 3.507538784600972591e+21 3.218195208893304406e+21 2.952601897072160932e+21 2.708931933835699945e+21 2.485405693748140048e+21 2.280402406533484773e+21 2.092392644422286705e+21 1.956160839219474334e+21 1.875581615738737656e+21
4.539736171291764326e+21 4.166009249825668202e+21 3.822768504120105501e+21 3.507538784600972067e+21 3.218195208893305455e+21 2.952601897072160408e+21 2.708931933835699421e+21 2.485405693748139524e+21 2.280402406533484249e+21 2.092392644422286705e+21 1.956160839219474334e+21 1.875581615738737656e+21
4.539736171291764851e+21 4.166009249825668202e+21 3.822768504120105501e+21 3.507538784600972067e+21 3.218195208893305455e+21 2.952601897072159883e+21 2.708931933835699421e+21 2.485405693748139524e+21 2.280402406533484511e+21 2.092392644422285656e+21 1.956160839219474334e+21 1.875581615738737656e+21
4.539736171291763802e+21 4.166009249825668202e+21 3.822768504120105501e+21 3.507538784600972067e+21 3.218195208893305979e+21 2.952601897072159883e+21 2.708931933835698897e+21 2.485405693748140048e+21 2.280402406533484511e+21 2.092392644422287229e+21 1.956160839219474334e+21 1.875581615738737656e+21
4.539736171291762754e+21 4.166009249825667678e+21 3.822768504120105501e+21 3.507538784600971543e+21 3.218195208893305979e+21 2.952601897072159359e+21 2.708931933835698897e+21 2.485405693748140573e+21 2.280402406533484773e+21 2.092392644422287229e+21 1.956160839219474334e+21 1.875581615738737656e+21
4.539736171291762754e+21 4.166009249825667678e+21 3.822768504120104976e+21 3.507538784600971018e+21 3.218195208893305979e+21 2.952601897072158835e+21 2.708931933835698897e+21 2.485405693748141097e+21 2.280402406533484511e+21 2.092392644422287753e+21 1.956160839219474334e+21 1.875581615738737656e+21
4.539736171291764326e+21 4.166009249825667678e+21 3.822768504120104976e+21 3.507538784600969970e+21 3.218195208893305455e+21 2.952601897072159883e+21 2.708931933835698373e+21 2.485405693748140573e+21 2.280402406533485036e+21 2.092392644422287753e+21 1.956160839219474334e+21 1.875581615738737656e+21
4.539736171291764326e+21 4.166009249825667678e+21 3.822768504120104976e+21 3.507538784600969970e+21 3.218195208893305455e+21 2.952601897072159883e+21 2.708931933835697324e+21 2.485405693748140573e+21 2.280402406533484773e+21 2.092392644422288540e+21 1.956160839219474858e+21 1.875581615738737656e+21
4.539736171291763278e+21 4.166009249825667154e+21 3.822768504120103928e+21 3.507538784600969970e+21 3.218195208893305455e+21 2.952601897072159883e+21 2.708931933835696275e+21 2.485405693748141097e+21 2.280402406533484773e+21 2.092392644422288015e+21 1.956160839219474334e+21 1.875581615738737656e+21
4.539736171291762754e+21 4.166009249825667154e+21 3.822768504120104452e+21 3.507538784600970494e+21 3.218195208893305455e+21 2.952601897072160932e+21 2.708931933835695751e+21 2.485405693748141097e+21 2.280402406533484773e+21 2.092392644422287753e+21 1.956160839219474334e+21 1.875581615738737656e+21
4.539736171291763802e+21 4.166009249825667678e+21 3.822768504120104452e+21 3.507538784600970494e+21 3.218195208893305979e+21 2.952601897072161980e+21 2.708931933835695751e+21 2.485405693748141097e+21 2.280402406533484773e+21 2.092392644422287491e+21 1.956160839219475382e+21 1.875581615738737656e+21
4.539736171291763278e+21 4.166009249825667678e+21 3.822768504120104976e+21 3.507538784600971018e+21 3.218195208893307027e+21 2.952601897072161980e+21 2.708931933835695227e+21 2.485405693748141097e+21 2.280402406533484773e+21 2.092392644422287491e+21 1.956160839219475382e+21 1.875581615738737656e+21
4.539736171291763278e+21 4.166009249825667154e+21 3.822768504120105501e+21 3.507538784600971018e+21 3.218195208893306503e+21 2.952601897072161980e+21 2.708931933835695227e+21 2.485405693748140573e+21 2.280402406533484773e+21 2.092392644422288278e+21 1.956160839219475382e+21 1.875581615738737656e+21
4.539736171291763802e+21 4.166009249825667154e+21 3.822768504120105501e+21 3.507538784600970494e+21 3.218195208893307027e+21 2.952601897072160932e+21 2.708931933835695227e+21 2.485405693748140573e+21 2.280402406533484773e+21 2.092392644422289326e+21 1.956160839219475120e+21 1.875581615738737656e+21
4.539736171291762754e+21 4.166009249825667154e+21 3.822768504120105501e+21 3.507538784600969970e+21 3.218195208893307552e+21 2.952601897072160932e+21 2.708931933835695751e+21 2.485405693748141097e+21 2.280402406533485298e+21 2.092392644422290375e+21 1.956160839219474858e+21 1.875581615738737656e+21
4.539736171291763278e+21 4.166009249825668202e+21 3.822768504120104976e+21 3.507538784600969970e+21 3.218195208893308076e+21 2.952601897072160932e+21 2.708931933835695751e+21 2.485405693748141097e+21 2.280402406533485298e+21 2.092392644422289850e+21 1.956160839219474334e+21 1.875581615738737656e+21
4.539736171291762754e+21 4.166009249825668727e+21 3.822768504120104452e+21 3.507538784600969445e+21 3.218195208893308076e+21 2.952601897072159883e+21 2.708931933835695751e+21 2.485405693748141097e+21 2.280402406533485822e+21 2.092392644422289850e+21 1.956160839219473809e+21 1.875581615738737656e+21
4.539736171291763278e+21 4.166009249825668202e+21 3.822768504120103928e+21 3.507538784600967348e+21 3.218195208893308076e+21 2.952601897072160408e+21 2.708931933835695227e+21 2.485405693748140048e+21 2.280402406533486346e+21 2.092392644422290113e+21 1.956160839219474334e+21 1.875581615738737394e+21
4.539736171291763278e+21 4.166009249825667678e+21 3.822768504120103928e+21 3.507538784600967873e+21 3.218195208893307027e+21 2.952601897072160408e+21 2.708931933835695751e+21 2.485405693748140573e+21 2.280402406533485822e+21 2.092392644422289850e+21 1.956160839219474858e+21 1.875581615738737918e+21
4.539736171291764326e+21 4.166009249825667678e+21 3.822768504120103928e+21 3.507538784600967873e+21 3.218195208893307027e+21 2.952601897072160408e+21 2.708931933835694703e+21 2.485405693748140573e+21 2.280402406533485560e+21 2.092392644422289850e+21 1.956160839219474596e+21 1.875581615738737656e+21
4.539736171291765375e+21 4.166009249825668202e+21 3.822768504120103928e+21 3.507538784600968921e+21 3.218195208893307027e+21 2.952601897072160932e+21 2.708931933835694703e+21 2.485405693748140573e+21 2.280402406533485822e+21 2.092392644422289588e+21 1.956160839219475382e+21 1.875581615738737132e+21
4.539736171291766424e+21 4.166009249825667678e+21 3.822768504120103928e+21 3.507538784600969970e+21 3.218195208893306503e+21 2.952601897072160932e+21 2.708931933835694703e+21 2.485405693748141097e+21 2.280402406533486084e+21 2.092392644422289588e+21 1.956160839219476169e+21 1.875581615738737394e+21
4.539736171291766948e+21 4.166009249825666630e+21 3.822768504120104452e+21 3.507538784600969445e+21 3.218195208893305979e+21 2.952601897072160408e+21 2.708931933835694703e+21 2.485405693748142146e+21 2.280402406533486084e+21 2.092392644422289850e+21 1.956160839219476431e+21 1.875581615738738704e+21
4.539736171291767996e+21 4.166009249825666105e+21 3.822768504120104452e+21 3.507538784600969970e+21 3.218195208893306503e+21 2.952601897072160408e+21 2.708931933835695227e+21 2.485405693748141097e+21 2.280402406533486871e+21 2.092392644422289850e+21 1.956160839219477479e+21 1.875581615738738704e+21
4.539736171291768521e+21 4.166009249825665581e+21 3.822768504120104976e+21 3.507538784600970494e+21 3.218195208893306503e+21 2.952601897072160932e+21 2.708931933835694703e+21 2.485405693748141097e+21 2.280402406533486346e+21 2.092392644422289588e+21 1.956160839219477742e+21 1.875581615738738704e+21
4.539736171291769045e+21 4.166009249825665581e+21 3.822768504120104452e+21 3.507538784600971543e+21 3.218195208893306503e+21 2.952601897072160408e+21 2.708931933835694703e+21 2.485405693748141097e+21 2.280402406533486346e+21 2.092392644422289850e+21 1.956160839219477479e+21 1.875581615738739753e+21
4.539736171291770094e+21 4.166009249825665057e+21 3.822768504120103928e+21 3.507538784600971018e+21 3.218195208893307552e+21 2.952601897072160932e+21 2.708931933835694703e+21 2.485405693748141621e+21 2.280402406533486346e+21 2.092392644422288802e+21 1.956160839219478266e+21 1.875581615738740015e+21
4.539736171291771142e+21 4.166009249825666105e+21 3.822768504120102879e+21 3.507538784600969970e+21 3.218195208893307027e+21 2.952601897072159883e+21 2.708931933835694703e+21 2.485405693748142146e+21 2.280402406533486871e+21 2.092392644422288802e+21 1.956160839219478528e+21 1.875581615738740277e+21
4.539736171291771142e+21 4.166009249825666105e+21 3.822768504120102355e+21 3.507538784600969445e+21 3.218195208893307027e+21 2.952601897072159883e+21 2.708931933835694703e+21 2.485405693748142146e+21 2.280402406533486871e+21 2.092392644422288802e+21 1.956160839219478528e+21 1.875581615738740802e+21
4.539736171291771142e+21 4.166009249825665581e+21 3.822768504120102355e+21 3.507538784600969970e+21 3.218195208893305455e+21 2.952601897072160932e+21 2.708931933835693654e+21 2.485405693748142146e+21 2.280402406533487919e+21 2.092392644422288802e+21 1.956160839219479314e+21 1.875581615738740802e+21
4.539736171291772715e+21 4.166009249825666105e+21 3.822768504120101831e+21 3.507538784600970494e+21 3.218195208893305455e+21 2.952601897072161980e+21 2.708931933835694178e+21 2.485405693748142146e+21 2.280402406533487133e+21 2.092392644422288802e+21 1.956160839219479052e+21 1.875581615738741326e+21
4.539736171291773764e+21 4.166009249825667154e+21 3.822768504120101831e+21 3.507538784600969970e+21 3.218195208893305979e+21 2.952601897072161980e+21 2.708931933835694178e+21 2.485405693748141097e+21 2.280402406533487657e+21 2.092392644422288802e+21 1.956160839219479052e+21 1.875581615738741064e+21
4.539736171291773239e+21 4.166009249825667678e+21 3.822768504120102355e+21 3.507538784600969445e+21 3.218195208893307027e+21 2.952601897072161980e+21 2.708931933835694703e+21 2.485405693748141621e+21 2.280402406533486608e+21 2.092392644422288802e+21 1.956160839219478004e+21 1.875581615738741064e+21
4.539736171291773764e+21 4.166009249825668727e+21 3.822768504120101306e+21 3.507538784600968397e+21 3.218195208893305979e+21 2.952601897072160932e+21 2.708931933835694703e+21 2.485405693748141097e+21 2.280402406533486084e+21 2.092392644422288802e+21 1.956160839219478266e+21 1.875581615738740277e+21
4.539736171291775336e+21 4.166009249825668727e+21 3.822768504120101306e+21 3.507538784600966824e+21 3.218195208893305979e+21 2.952601897072160932e+21 2.708931933835695227e+21 2.485405693748141621e+21 2.280402406533485822e+21 2.092392644422289064e+21 1.956160839219478004e+21 1.875581615738740539e+21
4.539736171291775336e+21 4.166009249825667154e+21 3.822768504120102879e+21 3.507538784600967348e+21 3.218195208893305979e+21 2.952601897072159883e+21 2.708931933835695227e+21 2.485405693748141621e+21 2.280402406533485560e+21 2.092392644422289850e+21 1.956160839219477479e+21 1.875581615738740277e+21
4.539736171291775336e+21 4.166009249825667154e+21 3.822768504120102355e+21 3.507538784600968921e+21 3.218195208893304930e+21 2.952601897072160408e+21 2.708931933835695227e+21 2.485405693748141621e+21 2.280402406533485560e+21 2.092392644422289326e+21 1.956160839219477217e+21 1.875581615738740802e+21
4.539736171291776385e+21 4.166009249825667154e+21 3.822768504120101831e+21 3.507538784600969970e+21 3.218195208893304930e+21 2.952601897072160408e+21 2.708931933835694703e+21 2.485405693748141097e+21 2.280402406533486608e+21 2.092392644422289326e+21 1.956160839219476693e+21 1.875581615738739753e+21
4.539736171291776909e+21 4.166009249825668202e+21 3.822768504120101306e+21 3.507538784600970494e+21 3.218195208893305979e+21 2.952601897072160408e+21 2.708931933835694703e+21 2.485405693748142146e+21 2.280402406533486346e+21 2.092392644422288802e+21 1.956160839219476955e+21 1.875581615738739229e+21
4.539736171291777958e+21 4.166009249825667678e+21 3.822768504120100258e+21 3.507538784600969970e+21 3.218195208893305979e+21 2.952601897072160932e+21 2.708931933835695227e+21 2.485405693748141097e+21 2.280402406533486346e+21 2.092392644422288278e+21 1.956160839219476431e+21 1.875581615738738704e+21
4.539736171291777434e+21 4.166009249825668727e+21 3.822768504120100258e+21 3.507538784600969970e+21 3.218195208893307552e+21 2.952601897072160408e+21 2.708931933835694703e+21 2.485405693748141097e+21 2.280402406533486084e+21 2.092392644422288802e+21 1.956160839219475907e+21 1.875581615738740015e+21
4.539736171291777434e+21 4.166009249825669775e+21 3.822768504120100782e+21 3.507538784600970494e+21 3.218195208893308600e+21 2.952601897072160408e+21 2.708931933835695227e+21 2.485405693748141097e+21 2.280402406533486346e+21 2.092392644422288802e+21 1.956160839219475382e+21 1.875581615738740277e+21
4.539736171291776909e+21 4.166009249825669775e+21 3.822768504120099734e+21 3.507538784600969970e+21 3.218195208893307027e+21 2.952601897072159883e+21 2.708931933835694703e+21 2.485405693748141097e+21 2.280402406533486608e+21 2.092392644422288540e+21 1.956160839219474858e+21 1.875581615738740015e+21
4.539736171291777958e+21 4.166009249825669251e+21 3.822768504120099209e+21 3.507538784600971018e+21 3.218195208893307027e+21 2.952601897072160932e+21 2.708931933835694703e+21 2.485405693748141097e+21 2.280402406533486871e+21 2.092392644422289326e+21 1.956160839219475382e+21 1.875581615738740015e+21
4.539736171291778482e+21 4.166009249825668727e+21 3.822768504120100258e+21 3.507538784600971018e+21 3.218195208893308076e+21 2.952601897072161456e+21 2.708931933835695751e+21 2.485405693748141097e+21 2.280402406533486608e+21 2.092392644422289326e+21 1.956160839219474858e+21 1.875581615738739753e+21
4.539736171291777958e+21 4.166009249825669251e+21 3.822768504120100258e+21 3.507538784600972591e+21 3.218195208893308600e+21 2.952601897072160932e+21 2.708931933835695227e+21 2.485405693748141097e+21 2.280402406533486871e+21 2.092392644422289588e+21 1.956160839219475120e+21 1.875581615738739753e+21
4.539736171291778482e+21 4.166009249825668727e+21 3.822768504120101306e+21 3.507538784600971543e+21 3.218195208893308600e+21 2.952601897072160932e+21 2.708931933835695751e+21 2.485405693748140573e+21 2.280402406533487395e+21 2.092392644422290113e+21 1.956160839219474858e+21 1.875581615738739753e+21
4.539736171291777434e+21 4.166009249825669251e+21 3.822768504120099734e+21 3.507538784600971543e+21 3.218195208893309125e+21 2.952601897072160408e+21 2.708931933835695751e+21 2.485405693748140048e+21 2.280402406533486871e+21 2.092392644422289588e+21 1.956160839219475382e+21 1.875581615738739491e+21
4.539736171291776909e+21 4.166009249825668727e+21 3.822768504120100258e+21 3.507538784600970494e+21 3.218195208893309649e+21 2.952601897072159883e+21 2.708931933835695751e+21 2.485405693748140573e+21 2.280402406533486346e+21 2.092392644422289326e+21 1.956160839219475120e+21 1.875581615738740539e+21
4.539736171291777434e+21 4.166009249825669775e+21 3.822768504120100782e+21 3.507538784600970494e+21 3.218195208893309649e+21 2.952601897072159883e+21 2.708931933835695751e+21 2.485405693748139524e+21 2.280402406533486871e+21 2.092392644422289064e+21 1.956160839219475120e+21 1.875581615738740802e+21
4.539736171291777434e+21 4.166009249825669251e+21 3.822768504120100258e+21 3.507538784600970494e+21 3.218195208893308600e+21 2.952601897072159883e+21 2.708931933835695751e+21 2.485405693748139524e+21 2.280402406533486346e+21 2.092392644422289588e+21 1.956160839219475382e+21 1.875581615738741326e+21
4.539736171291777958e+21 4.166009249825668202e+21 3.822768504120100782e+21 3.507538784600971543e+21 3.218195208893309649e+21 2.952601897072160932e+21 2.708931933835695751e+21 2.485405693748139000e+21 2.280402406533486346e+21 2.092392644422290375e+21 1.956160839219475382e+21 1.875581615738741588e+21
4.539736171291777958e+21 4.166009249825669251e+21 3.822768504120100258e+21 3.507538784600971543e+21 3.218195208893309125e+21 2.952601897072160408e+21 2.708931933835695751e+21 2.485405693748139000e+21 2.280402406533486871e+21 2.092392644422290113e+21 1.956160839219474858e+21 1.875581615738741588e+21
4.539736171291778482e+21 4.166009249825668202e+21 3.822768504120100258e+21 3.507538784600972067e+21 3.218195208893310173e+21 2.952601897072160408e+21 2.708931933835694703e+21 2.485405693748139000e+21 2.280402406533486346e+21 2.092392644422290113e+21 1.956160839219475382e+21 1.875581615738740802e+21
4.539736171291777958e+21 4.166009249825668727e+21 3.822768504120101306e+21 3.507538784600971543e+21 3.218195208893309649e+21 2.952601897072159883e+21 2.708931933835694178e+21 2.485405693748138476e+21 2.280402406533486084e+21 2.092392644422290113e+21 1.956160839219475907e+21 1.875581615738741326e+21
4.539736171291777958e+21 4.166009249825668202e+21 3.822768504120101831e+21 3.507538784600971543e+21 3.218195208893309125e+21 2.952601897072160932e+21 2.708931933835694703e+21 2.485405693748138476e+21 2.280402406533485298e+21 2.092392644422289850e+21 1.956160839219475907e+21 1.875581615738741326e+21
4.539736171291778482e+21 4.166009249825667154e+21 3.822768504120102355e+21 3.507538784600972067e+21 3.218195208893309125e+21 2.952601897072160932e+21 2.708931933835694178e+21 2.485405693748138476e+21 2.280402406533485036e+21 2.092392644422289850e+21 1.956160839219475382e+21 1.875581615738741326e+21
4.539736171291778482e+21 4.166009249825667154e+21 3.822768504120102355e+21 3.507538784600971543e+21 3.218195208893310173e+21 2.952601897072161456e+21 2.708931933835694178e+21 2.485405693748137951e+21 2.280402406533484773e+21 2.092392644422289850e+21 1.956160839219475644e+21 1.875581615738741326e+21
4.539736171291778482e+21 4.166009249825668202e+21 3.822768504120101831e+21 3.507538784600971543e+21 3.218195208893310697e+21 2.952601897072161456e+21 2.708931933835694178e+21 2.485405693748137427e+21 2.280402406533484773e+21 2.092392644422290113e+21 1.956160839219475644e+21 1.875581615738740802e+21
4.539736171291779531e+21 4.166009249825668727e+21 3.822768504120102879e+21 3.507538784600971543e+21 3.218195208893310697e+21 2.952601897072160932e+21 2.708931933835694178e+21 2.485405693748137951e+21 2.280402406533485298e+21 2.092392644422289850e+21 1.956160839219475644e+21 1.875581615738740802e+21
4.539736171291779006e+21 4.166009249825669251e+21 3.822768504120103404e+21 3.507538784600971543e+21 3.218195208893310173e+21 2.952601897072160932e+21 2.708931933835694703e+21 2.485405693748137951e+21 2.280402406533485298e+21 2.092392644422289326e+21 1.956160839219475907e+21 1.875581615738741064e+21
4.539736171291776909e+21 4.166009249825669775e+21 3.822768504120103404e+21 3.507538784600971543e+21 3.218195208893310697e+21 2.952601897072161980e+21 2.708931933835694703e+21 2.485405693748137951e+21 2.280402406533485560e+21 2.092392644422289326e+21 1.956160839219475644e+21 1.875581615738740802e+21
4.539736171291777434e+21 4.166009249825671348e+21 3.822768504120103928e+21 3.507538784600972067e+21 3.218195208893310173e+21 2.952601897072161980e+21 2.708931933835695227e+21 2.485405693748137951e+21 2.280402406533485560e+21 2.092392644422290113e+21 1.956160839219474858e+21 1.875581615738740802e+21
4.539736171291778482e+21 4.166009249825671348e+21 3.822768504120103928e+21 3.507538784600972067e+21 3.218195208893309649e+21 2.952601897072163029e+21 2.708931933835695227e+21 2.485405693748137427e+21 2.280402406533484773e+21 2.092392644422290899e+21 1.956160839219474858e+21 1.875581615738741064e+21
4.539736171291777958e+21 4.166009249825670300e+21 3.822768504120104452e+21 3.507538784600970494e+21 3.218195208893309649e+21 2.952601897072162505e+21 2.708931933835694703e+21 2.485405693748137427e+21 2.280402406533485036e+21 2.092392644422291161e+21 1.956160839219474858e+21 1.875581615738741326e+21
4.539736171291776909e+21 4.166009249825670824e+21 3.822768504120104976e+21 3.507538784600970494e+21 3.218195208893309649e+21 2.952601897072162505e+21 2.708931933835695751e+21 2.485405693748137951e+21 2.280402406533484773e+21 2.092392644422290637e+21 1.956160839219474334e+21 1.875581615738741326e+21
4.539736171291776909e+21 4.166009249825672397e+21 3.822768504120104976e+21 3.507538784600970494e+21 3.218195208893309649e+21 2.952601897072161980e+21 2.708931933835695227e+21 2.485405693748138476e+21 2.280402406533484249e+21 2.092392644422290375e+21 1.956160839219474858e+21 1.875581615738741326e+21
4.539736171291778482e+21 4.166009249825672921e+21 3.822768504120104452e+21 3.507538784600969445e+21 3.218195208893308600e+21 2.952601897072161980e+21 2.708931933835694703e+21 2.485405693748137951e+21 2.280402406533484249e+21 2.092392644422290113e+21 1.956160839219474858e+21 1.875581615738741326e+21
4.539736171291779006e+21 4.166009249825672397e+21 3.822768504120105501e+21 3.507538784600969445e+21 3.218195208893308600e+21 2.952601897072161980e+21 2.708931933835695227e+21 2.485405693748138476e+21 2.280402406533484773e+21 2.092392644422290375e+21 1.956160839219474596e+21 1.875581615738741326e+21
4.539736171291779531e+21 4.166009249825671348e+21 3.822768504120105501e+21 3.507538784600970494e+21 3.218195208893308076e+21 2.952601897072161980e+21 2.708931933835695751e+21 2.485405693748137951e+21 2.280402406533484773e+21 2.092392644422290899e+21 1.956160839219475120e+21 1.875581615738741326e+21
4.539736171291777958e+21 4.166009249825671873e+21 3.822768504120107074e+21 3.507538784600969970e+21 3.218195208893308076e+21 2.952601897072161980e+21 2.708931933835696800e+21 2.485405693748137951e+21 2.280402406533483987e+21 2.092392644422290637e+21 1.956160839219475382e+21 1.875581615738741326e+21
4.539736171291777434e+21 4.166009249825671348e+21 3.822768504120107074e+21 3.507538784600969445e+21 3.218195208893308600e+21 2.952601897072161980e+21 2.708931933835696275e+21 2.485405693748137951e+21 2.280402406533484249e+21 2.092392644422290113e+21 1.956160839219474334e+21 1.875581615738741326e+21
4.539736171291776909e+21 4.166009249825669775e+21 3.822768504120107598e+21 3.507538784600969445e+21 3.218195208893308600e+21 2.952601897072161980e+21 2.708931933835696800e+21 2.485405693748137951e+21 2.280402406533484511e+21 2.092392644422290375e+21 1.956160839219474596e+21 1.875581615738741588e+21
4.539736171291777434e+21 4.166009249825670824e+21 3.822768504120107074e+21 3.507538784600968921e+21 3.218195208893308076e+21 2.952601897072161980e+21 2.708931933835696800e+21 2.485405693748139000e+21 2.280402406533484773e+21 2.092392644422289850e+21 1.956160839219474334e+21 1.875581615738741326e+21
4.539736171291777434e+21 4.166009249825671348e+21 3.822768504120107074e+21 3.507538784600969970e+21 3.218195208893308076e+21 2.952601897072161980e+21 2.708931933835696275e+21 2.485405693748139000e+21 2.280402406533484773e+21 2.092392644422289588e+21 1.956160839219474334e+21 1.875581615738741326e+21
4.539736171291776385e+21 4.166009249825671348e+21 3.822768504120107074e+21 3.507538784600969970e+21 3.218195208893309125e+21 2.952601897072161980e+21 2.708931933835696800e+21 2.485405693748139000e+21 2.280402406533485036e+21 2.092392644422289064e+21 1.956160839219474334e+21 1.875581615738740277e+21
4.539736171291776909e+21 4.166009249825670824e+21 3.822768504120107074e+21 3.507538784600970494e+21 3.218195208893309125e+21 2.952601897072161980e+21 2.708931933835696275e+21 2.485405693748140048e+21 2.280402406533485036e+21 2.092392644422289326e+21 1.956160839219474596e+21 1.875581615738740015e+21
4.539736171291776909e+21 4.166009249825670300e+21 3.822768504120107074e+21 3.507538784600970494e+21 3.218195208893309125e+21 2.952601897072161980e+21 2.708931933835696275e+21 2.485405693748139524e+21 2.280402406533484511e+21 2.092392644422289588e+21 1.956160839219474334e+21 1.875581615738740015e+21
4.539736171291776385e+21 4.166009249825670824e+21 3.822768504120106549e+21 3.507538784600971018e+21 3.218195208893310173e+21 2.952601897072161980e+21 2.708931933835696800e+21 2.485405693748139524e+21 2.280402406533484773e+21 2.092392644422289588e+21 1.956160839219474334e+21 1.875581615738739753e+21
4.539736171291777434e+21 4.166009249825672397e+21 3.822768504120106549e+21 3.507538784600972067e+21 3.218195208893310173e+21 2.952601897072161980e+21 2.708931933835695751e+21 2.485405693748139524e+21 2.280402406533484249e+21 2.092392644422289588e+21 1.956160839219474334e+21 1.875581615738739229e+21
4.539736171291777434e+21 4.166009249825671873e+21 3.822768504120106025e+21 3.507538784600972591e+21 3.218195208893310697e+21 2.952601897072161980e+21 2.708931933835696800e+21 2.485405693748140048e+21 2.280402406533484511e+21 2.092392644422289850e+21 1.956160839219474858e+21 1.875581615738739491e+21
4.539736171291777958e+21 4.166009249825671873e+21 3.822768504120106025e+21 3.507538784600972067e+21 3.218195208893310697e+21 2.952601897072161980e+21 2.708931933835696275e+21 2.485405693748140048e+21 2.280402406533483463e+21 2.092392644422290375e+21 1.956160839219474858e+21 1.875581615738739229e+21
4.539736171291776909e+21 4.166009249825672921e+21 3.822768504120107074e+21 3.507538784600973115e+21 3.218195208893310173e+21 2.952601897072161980e+21 2.708931933835696800e+21 2.485405693748139524e+21 2.280402406533482676e+21 2.092392644422290375e+21 1.956160839219474858e+21 1.875581615738738704e+21
4.539736171291776385e+21 4.166009249825672921e+21 3.822768504120106549e+21 3.507538784600972591e+21 3.218195208893310697e+21 2.952601897072161980e+21 2.708931933835697324e+21 2.485405693748140048e+21 2.280402406533482676e+21 2.092392644422290375e+21 1.956160839219474858e+21 1.875581615738738704e+21
4.539736171291775861e+21 4.166009249825672397e+21 3.822768504120105501e+21 3.507538784600973640e+21 3.218195208893311222e+21 2.952601897072161980e+21 2.708931933835697848e+21 2.485405693748139000e+21 2.280402406533481628e+21 2.092392644422289326e+21 1.956160839219474858e+21 1.875581615738739229e+21
4.539736171291775861e+21 4.166009249825671873e+21 3.822768504120106025e+21 3.507538784600973640e+21 3.218195208893312270e+21 2.952601897072161980e+21 2.708931933835697848e+21 2.485405693748139000e+21 2.280402406533482152e+21 2.092392644422290113e+21 1.956160839219475382e+21 1.875581615738739229e+21
4.539736171291776909e+21 4.166009249825671873e+21 3.822768504120106025e+21 3.507538784600974688e+21 3.218195208893312795e+21 2.952601897072161980e+21 2.708931933835698897e+21 2.485405693748140048e+21 2.280402406533481103e+21 2.092392644422289326e+21 1.956160839219474596e+21 1.875581615738740277e+21
4.539736171291776909e+21 4.166009249825672397e+21 3.822768504120105501e+21 3.507538784600974164e+21 3.218195208893312795e+21 2.952601897072161980e+21 2.708931933835698897e+21 2.485405693748140048e+21 2.280402406533481628e+21 2.092392644422289326e+21 1.956160839219474334e+21 1.875581615738740277e+21
4.539736171291776909e+21 4.166009249825672397e+21 3.822768504120107598e+21 3.507538784600974688e+21 3.218195208893313319e+21 2.952601897072161980e+21 2.708931933835698897e+21 2.485405693748139524e+21 2.280402406533481890e+21 2.092392644422289850e+21 1.956160839219474072e+21 1.875581615738741064e+21
4.539736171291775861e+21 4.166009249825671873e+21 3.822768504120108646e+21 3.507538784600974164e+21 3.218195208893312795e+21 2.952601897072161980e+21 2.708931933835698897e+21 2.485405693748140048e+21 2.280402406533481628e+21 2.092392644422290113e+21 1.956160839219473809e+21 1.875581615738740539e+21
4.539736171291775861e+21 4.166009249825672397e+21 3.822768504120108122e+21 3.507538784600975737e+21 3.218195208893313319e+21 2.952601897072161980e+21 2.708931933835698897e+21 2.485405693748140048e+21 2.280402406533481103e+21 2.092392644422290113e+21 1.956160839219474072e+21 1.875581615738741326e+21
4.539736171291775336e+21 4.166009249825671348e+21 3.822768504120107074e+21 3.507538784600976785e+21 3.218195208893314367e+21 2.952601897072161980e+21 2.708931933835699945e+21 2.485405693748140048e+21 2.280402406533480579e+21 2.092392644422289850e+21 1.956160839219473809e+21 1.875581615738741588e+21
4.539736171291774812e+21 4.166009249825671873e+21 3.822768504120106549e+21 3.507538784600975737e+21 3.218195208893314367e+21 2.952601897072161980e+21 2.708931933835699945e+21 2.485405693748139000e+21 2.280402406533480579e+21 2.092392644422289326e+21 1.956160839219474596e+21 1.875581615738741588e+21
4.539736171291776385e+21 4.166009249825672397e+21 3.822768504120106549e+21 3.507538784600975737e+21 3.218195208893312795e+21 2.952601897072161980e+21 2.708931933835699945e+21 2.485405693748139524e+21 2.280402406533480055e+21 2.092392644422289326e+21 1.956160839219474334e+21 1.875581615738741326e+21
4.539736171291777434e+21 4.166009249825671873e+21 3.822768504120106025e+21 3.507538784600976261e+21 3.218195208893312795e+21 2.952601897072161980e+21 2.708931933835699945e+21 2.485405693748139000e+21 2.280402406533479793e+21 2.092392644422289850e+21 1.956160839219473809e+21 1.875581615738741064e+21
4.539736171291777958e+21 4.166009249825672397e+21 3.822768504120106025e+21 3.507538784600975213e+21 3.218195208893313843e+21 2.952601897072161980e+21 2.708931933835699945e+21 2.485405693748138476e+21 2.280402406533479793e+21 2.092392644422289850e+21 1.956160839219473809e+21 1.875581615738741326e+21
4.539736171291777958e+21 4.166009249825672397e+21 3.822768504120106549e+21 3.507538784600975213e+21 3.218195208893313843e+21 2.952601897072161980e+21 2.708931933835699945e+21 2.485405693748138476e+21 2.280402406533479530e+21 2.092392644422289850e+21 1.956160839219474334e+21 1.875581615738741850e+21
4.539736171291776909e+21 4.166009249825671348e+21 3.822768504120106549e+21 3.507538784600974688e+21 3.218195208893312795e+21 2.952601897072161980e+21 2.708931933835700470e+21 2.485405693748138476e+21 2.280402406533479530e+21 2.092392644422289850e+21 1.956160839219474334e+21 1.875581615738741326e+21
4.539736171291776909e+21 4.166009249825671348e+21 3.822768504120106549e+21 3.507538784600974164e+21 3.218195208893312795e+21 2.952601897072161980e+21 2.708931933835700994e+21 2.485405693748137951e+21 2.280402406533479006e+21 2.092392644422289064e+21 1.956160839219474334e+21 1.875581615738741326e+21
4.539736171291777434e+21 4.166009249825671348e+21 3.822768504120107074e+21 3.507538784600974688e+21 3.218195208893311222e+21 2.952601897072161980e+21 2.708931933835700994e+21 2.485405693748137951e+21 2.280402406533479006e+21 2.092392644422289850e+21 1.956160839219474596e+21 1.875581615738741064e+21
4.539736171291777958e+21 4.166009249825671348e+21 3.822768504120108122e+21 3.507538784600974164e+21 3.218195208893312270e+21 2.952601897072161980e+21 2.708931933835700470e+21 2.485405693748137951e+21 2.280402406533479006e+21 2.092392644422289588e+21 1.956160839219474596e+21 1.875581615738741326e+21
4.539736171291777958e+21 4.166009249825672397e+21 3.822768504120108122e+21 3.507538784600974164e+21 3.218195208893312270e+21 2.952601897072161980e+21 2.708931933835700994e+21 2.485405693748137951e+21 2.280402406533478744e+21 2.092392644422290113e+21 1.956160839219474596e+21 1.875581615738741064e+21
4.539736171291779006e+21 4.166009249825671873e+21 3.822768504120108122e+21 3.507538784600972591e+21 3.218195208893312795e+21 2.952601897072161980e+21 2.708931933835700470e+21 2.485405693748137951e+21 2.280402406533478482e+21 2.092392644422290375e+21 1.956160839219474072e+21 1.875581615738740802e+21
4.539736171291779006e+21 4.166009249825672397e+21 3.822768504120107598e+21 3.507538784600972591e+21 3.218195208893313843e+21 2.952601897072161980e+21 2.708931933835700470e+21 2.485405693748137951e+21 2.280402406533478482e+21 2.092392644422290375e+21 1.956160839219473809e+21 1.875581615738741588e+21
4.539736171291779006e+21 4.166009249825671873e+21 3.822768504120107598e+21 3.507538784600972067e+21 3.218195208893314367e+21 2.952601897072161980e+21 2.708931933835702043e+21 2.485405693748137427e+21 2.280402406533478744e+21 2.092392644422289850e+21 1.956160839219473547e+21 1.875581615738741064e+21
4.539736171291778482e+21 4.166009249825671873e+21 3.822768504120107074e+21 3.507538784600972591e+21 3.218195208893314892e+21 2.952601897072161980e+21 2.708931933835701518e+21 2.485405693748137951e+21 2.280402406533478220e+21 2.092392644422289850e+21 1.956160839219473285e+21 1.875581615738741326e+21
4.539736171291779006e+21 4.166009249825671348e+21 3.822768504120109171e+21 3.507538784600972591e+21 3.218195208893314892e+21 2.952601897072161980e+21 2.708931933835702043e+21 2.485405693748137951e+21 2.280402406533478482e+21 2.092392644422289326e+21 1.956160839219473547e+21 1.875581615738740802e+21
4.539736171291778482e+21 4.166009249825670824e+21 3.822768504120110219e+21 3.507538784600972591e+21 3.218195208893315416e+21 2.952601897072161980e+21 2.708931933835702043e+21 2.485405693748137951e+21 2.280402406533478482e+21 2.092392644422289326e+21 1.956160839219473285e+21 1.875581615738740539e+21
4.539736171291779006e+21 4.166009249825671873e+21 3.822768504120109171e+21 3.507538784600973640e+21 3.218195208893314892e+21 2.952601897072161980e+21 2.708931933835701518e+21 2.485405693748137951e+21 2.280402406533478482e+21 2.092392644422289326e+21 1.956160839219472499e+21 1.875581615738741064e+21
4.539736171291779531e+21 4.166009249825671873e+21 3.822768504120108646e+21 3.507538784600973115e+21 3.218195208893314892e+21 2.952601897072161980e+21 2.708931933835702043e+21 2.485405693748137427e+21 2.280402406533477958e+21 2.092392644422289064e+21 1.956160839219472237e+21 1.875581615738740539e+21
4.539736171291779006e+21 4.166009249825672397e+21 3.822768504120109171e+21 3.507538784600972591e+21 3.218195208893315940e+21 2.952601897072161980e+21 2.708931933835701518e+21 2.485405693748136903e+21 2.280402406533477433e+21 2.092392644422288802e+21 1.956160839219471450e+21 1.875581615738740802e+21
4.539736171291779006e+21 4.166009249825671873e+21 3.822768504120109695e+21 3.507538784600973115e+21 3.218195208893316465e+21 2.952601897072161980e+21 2.708931933835700994e+21 2.485405693748136903e+21 2.280402406533477171e+21 2.092392644422289064e+21 1.956160839219471712e+21 1.875581615738740277e+21
4.539736171291777958e+21 4.166009249825673445e+21 3.822768504120110219e+21 3.507538784600973115e+21 3.218195208893316465e+21 2.952601897072161980e+21 2.708931933835700994e+21 2.485405693748136903e+21 2.280402406533477433e+21 2.092392644422288540e+21 1.956160839219471712e+21 1.875581615738740539e+21
4.539736171291777958e+21 4.166009249825673445e+21 3.822768504120110219e+21 3.507538784600973640e+21 3.218195208893317513e+21 2.952601897072161980e+21 2.708931933835700994e+21 2.485405693748136903e+21 2.280402406533477433e+21 2.092392644422288278e+21 1.956160839219471974e+21 1.875581615738740277e+21
4.539736171291777434e+21 4.166009249825672921e+21 3.822768504120109171e+21 3.507538784600973115e+21 3.218195208893318038e+21 2.952601897072161980e+21 2.708931933835701518e+21 2.485405693748136903e+21 2.280402406533477433e+21 2.092392644422288278e+21 1.956160839219471450e+21 1.875581615738740802e+21
4.539736171291777434e+21 4.166009249825672397e+21 3.822768504120108646e+21 3.507538784600973115e+21 3.218195208893317513e+21 2.952601897072161980e+21 2.708931933835702043e+21 2.485405693748136903e+21 2.280402406533477433e+21 2.092392644422288540e+21 1.956160839219471450e+21 1.875581615738740539e+21
4.539736171291776385e+21 4.166009249825673445e+21 3.822768504120109171e+21 3.507538784600973115e+21 3.218195208893316989e+21 2.952601897072161980e+21 2.708931933835700994e+21 2.485405693748136903e+21 2.280402406533477695e+21 2.092392644422288540e+21 1.956160839219471450e+21 1.875581615738740539e+21
4.539736171291775861e+21 4.166009249825672921e+21 3.822768504120109171e+21 3.507538784600971543e+21 3.218195208893317513e+21 2.952601897072161980e+21 2.708931933835701518e+21 2.485405693748136903e+21 2.280402406533478220e+21 2.092392644422288802e+21 1.956160839219471450e+21 1.875581615738740277e+21
4.539736171291775861e+21 4.166009249825672921e+21 3.822768504120107598e+21 3.507538784600972067e+21 3.218195208893315940e+21 2.952601897072161980e+21 2.708931933835700994e+21 2.485405693748136378e+21 2.280402406533478482e+21 2.092392644422288015e+21 1.956160839219471188e+21 1.875581615738741064e+21
4.539736171291774812e+21 4.166009249825672397e+21 3.822768504120107598e+21 3.507538784600972067e+21 3.218195208893315416e+21 2.952601897072161980e+21 2.708931933835701518e+21 2.485405693748137427e+21 2.280402406533478220e+21 2.092392644422288015e+21 1.956160839219470926e+21 1.875581615738741326e+21
4.539736171291775336e+21 4.166009249825672921e+21 3.822768504120107074e+21 3.507538784600973115e+21 3.218195208893314892e+21 2.952601897072161980e+21 2.708931933835701518e+21 2.485405693748136903e+21 2.280402406533477958e+21 2.092392644422287753e+21 1.956160839219470664e+21 1.875581615738741850e+21
4.539736171291774812e+21 4.166009249825673445e+21 3.822768504120107598e+21 3.507538784600973115e+21 3.218195208893314892e+21 2.952601897072161980e+21 2.708931933835701518e+21 2.485405693748136378e+21 2.280402406533477171e+21 2.092392644422287491e+21 1.956160839219470664e+21 1.875581615738742637e+21
4.539736171291776385e+21 4.166009249825672921e+21 3.822768504120107598e+21 3.507538784600973115e+21 3.218195208893314367e+21 2.952601897072161980e+21 2.708931933835701518e+21 2.485405693748137427e+21 2.280402406533477433e+21 2.092392644422287753e+21 1.956160839219470402e+21 1.875581615738742899e+21
4.539736171291776909e+21 4.166009249825672397e+21 3.822768504120108122e+21 3.507538784600973640e+21 3.218195208893314892e+21 2.952601897072161980e+21 2.708931933835701518e+21 2.485405693748136903e+21 2.280402406533477958e+21 2.092392644422287229e+21 1.956160839219470402e+21 1.875581615738743161e+21
4.539736171291777434e+21 4.166009249825673445e+21 3.822768504120109171e+21 3.507538784600974688e+21 3.218195208893315940e+21 2.952601897072161980e+21 2.708931933835701518e+21 2.485405693748136903e+21 2.280402406533477958e+21 2.092392644422287491e+21 1.956160839219470139e+21 1.875581615738742899e+21
4.539736171291777434e+21 4.166009249825672921e+21 3.822768504120107074e+21 3.507538784600974164e+21 3.218195208893316465e+21 2.952601897072161980e+21 2.708931933835700470e+21 2.485405693748136378e+21 2.280402406533477958e+21 2.092392644422288015e+21 1.956160839219470139e+21 1.875581615738743161e+21
4.539736171291776909e+21 4.166009249825673445e+21 3.822768504120106025e+21 3.507538784600974164e+21 3.218195208893316465e+21 2.952601897072161980e+21 2.708931933835701518e+21 2.485405693748136378e+21 2.280402406533478482e+21 2.092392644422288015e+21 1.956160839219470402e+21 1.875581615738743161e+21
4.539736171291777434e+21 4.166009249825672921e+21 3.822768504120104976e+21 3.507538784600973115e+21 3.218195208893315416e+21 2.952601897072161980e+21 2.708931933835701518e+21 2.485405693748136378e+21 2.280402406533478744e+21 2.092392644422288278e+21 1.956160839219470926e+21 1.875581615738743423e+21
4.539736171291779006e+21 4.166009249825672921e+21 3.822768504120105501e+21 3.507538784600972591e+21 3.218195208893314892e+21 2.952601897072161980e+21 2.708931933835701518e+21 2.485405693748135854e+21 2.280402406533478482e+21 2.092392644422288540e+21 1.956160839219470664e+21 1.875581615738743947e+21
4.539736171291779006e+21 4.166009249825673445e+21 3.822768504120103404e+21 3.507538784600972591e+21 3.218195208893313843e+21 2.952601897072161980e+21 2.708931933835700994e+21 2.485405693748135854e+21 2.280402406533478220e+21 2.092392644422289064e+21 1.956160839219470664e+21 1.875581615738743685e+21
4.539736171291778482e+21 4.166009249825673970e+21 3.822768504120103928e+21 3.507538784600972591e+21 3.218195208893312795e+21 2.952601897072161980e+21 2.708931933835701518e+21 2.485405693748135330e+21 2.280402406533478482e+21 2.092392644422288802e+21 1.956160839219470139e+21 1.875581615738743947e+21
4.539736171291780579e+21 4.166009249825673970e+21 3.822768504120104976e+21 3.507538784600972591e+21 3.218195208893313319e+21 2.952601897072161980e+21 2.708931933835701518e+21 2.485405693748135854e+21 2.280402406533478220e+21 2.092392644422288540e+21 1.956160839219469615e+21 1.875581615738744209e+21
4.539736171291780055e+21 4.166009249825673445e+21 3.822768504120105501e+21 3.507538784600972067e+21 3.218195208893313319e+21 2.952601897072161980e+21 2.708931933835701518e+21 2.485405693748134806e+21 2.280402406533477958e+21 2.092392644422288802e+21 1.956160839219469615e+21 1.875581615738744472e+21
4.539736171291780055e+21 4.166009249825672921e+21 3.822768504120106025e+21 3.507538784600972067e+21 3.218195208893311746e+21 2.952601897072161980e+21 2.708931933835701518e+21 2.485405693748135330e+21 2.280402406533477695e+21 2.092392644422288802e+21 1.956160839219469877e+21 1.875581615738744996e+21
4.539736171291782676e+21 4.166009249825673445e+21 3.822768504120106549e+21 3.507538784600971543e+21 3.218195208893310697e+21 2.952601897072161980e+21 2.708931933835701518e+21 2.485405693748135854e+21 2.280402406533477958e+21 2.092392644422289588e+21 1.956160839219469615e+21 1.875581615738745258e+21
4.539736171291782676e+21 4.166009249825674494e+21 3.822768504120106549e+21 3.507538784600971018e+21 3.218195208893308600e+21 2.952601897072161980e+21 2.708931933835700994e+21 2.485405693748135854e+21 2.280402406533477958e+21 2.092392644422289588e+21 1.956160839219469353e+21 1.875581615738745520e+21
4.539736171291782676e+21 4.166009249825673970e+21 3.822768504120107074e+21 3.507538784600971018e+21 3.218195208893309125e+21 2.952601897072161980e+21 2.708931933835700994e+21 2.485405693748135854e+21 2.280402406533478482e+21 2.092392644422289064e+21 1.956160839219469091e+21 1.875581615738745520e+21
4.539736171291782676e+21 4.166009249825673970e+21 3.822768504120107074e+21 3.507538784600971018e+21 3.218195208893308076e+21 2.952601897072161980e+21 2.708931933835700470e+21 2.485405693748135330e+21 2.280402406533479006e+21 2.092392644422289326e+21 1.956160839219469353e+21 1.875581615738744996e+21
4.539736171291782676e+21 4.166009249825675018e+21 3.822768504120107598e+21 3.507538784600972591e+21 3.218195208893308076e+21 2.952601897072161980e+21 2.708931933835700994e+21 2.485405693748134806e+21 2.280402406533478482e+21 2.092392644422289588e+21 1.956160839219468567e+21 1.875581615738745258e+21
4.539736171291782676e+21 4.166009249825673970e+21 3.822768504120108646e+21 3.507538784600972591e+21 3.218195208893309125e+21 2.952601897072161980e+21 2.708931933835700994e+21 2.485405693748134281e+21 2.280402406533478744e+21 2.092392644422290113e+21 1.956160839219468829e+21 1.875581615738745520e+21
4.539736171291782152e+21 4.166009249825675018e+21 3.822768504120108122e+21 3.507538784600972591e+21 3.218195208893309125e+21 2.952601897072161980e+21 2.708931933835700994e+21 2.485405693748134281e+21 2.280402406533478482e+21 2.092392644422289850e+21 1.956160839219469353e+21 1.875581615738745520e+21
4.539736171291782152e+21 4.166009249825674494e+21 3.822768504120108122e+21 3.507538784600972067e+21 3.218195208893308076e+21 2.952601897072161980e+21 2.708931933835701518e+21 2.485405693748134281e+21 2.280402406533478744e+21 2.092392644422290113e+21 1.956160839219469353e+21 1.875581615738744996e+21
4.539736171291782152e+21 4.166009249825675018e+21 3.822768504120109171e+21 3.507538784600972591e+21 3.218195208893308076e+21 2.952601897072161980e+21 2.708931933835700994e+21 2.485405693748134806e+21 2.280402406533478744e+21 2.092392644422290113e+21 1.956160839219469615e+21 1.875581615738744472e+21
4.539736171291782152e+21 4.166009249825675018e+21 3.822768504120108646e+21 3.507538784600972591e+21 3.218195208893308600e+21 2.952601897072161980e+21 2.708931933835701518e+21 2.485405693748134806e+21 2.280402406533479006e+21 2.092392644422289588e+21 1.956160839219469353e+21 1.875581615738744996e+21
4.539736171291782152e+21 4.166009249825676067e+21 3.822768504120108122e+21 3.507538784600972067e+21 3.218195208893308076e+21 2.952601897072161980e+21 2.708931933835702043e+21 2.485405693748134806e+21 2.280402406533479006e+21 2.092392644422289326e+21 1.956160839219469615e+21 1.875581615738745258e+21
4.539736171291782676e+21 4.166009249825676067e+21 3.822768504120108122e+21 3.507538784600972591e+21 3.218195208893308076e+21 2.952601897072161980e+21 2.708931933835702567e+21 2.485405693748134806e+21 2.280402406533478744e+21 2.092392644422289850e+21 1.956160839219469615e+21 1.875581615738745520e+21
4.539736171291781104e+21 4.166009249825675018e+21 3.822768504120107598e+21 3.507538784600973115e+21 3.218195208893308600e+21 2.952601897072161980e+21 2.708931933835702043e+21 2.485405693748133757e+21 2.280402406533479530e+21 2.092392644422290113e+21 1.956160839219470139e+21 1.875581615738745520e+21
4.539736171291781628e+21 4.166009249825674494e+21 3.822768504120106025e+21 3.507538784600972591e+21 3.218195208893309125e+21 2.952601897072161980e+21 2.708931933835702567e+21 2.485405693748133233e+21 2.280402406533480055e+21 2.092392644422289850e+21 1.956160839219469615e+21 1.875581615738746044e+21
4.539736171291781628e+21 4.166009249825675018e+21 3.822768504120106549e+21 3.507538784600971543e+21 3.218195208893309649e+21 2.952601897072161980e+21 2.708931933835702567e+21 2.485405693748134281e+21 2.280402406533479793e+21 2.092392644422289326e+21 1.956160839219469353e+21 1.875581615738746044e+21
4.539736171291782152e+21 4.166009249825673970e+21 3.822768504120106549e+21 3.507538784600972067e+21 3.218195208893310173e+21 2.952601897072161980e+21 2.708931933835702567e+21 2.485405693748134281e+21 2.280402406533480055e+21 2.092392644422289588e+21 1.956160839219469091e+21 1.875581615738746044e+21
4.539736171291781104e+21 4.166009249825672921e+21 3.822768504120108122e+21 3.507538784600973115e+21 3.218195208893311222e+21 2.952601897072161980e+21 2.708931933835703091e+21 2.485405693748134806e+21 2.280402406533479530e+21 2.092392644422289326e+21 1.956160839219469615e+21 1.875581615738745520e+21
4.539736171291781104e+21 4.166009249825672397e+21 3.822768504120108122e+21 3.507538784600972591e+21 3.218195208893311746e+21 2.952601897072161980e+21 2.708931933835703615e+21 2.485405693748134806e+21 2.280402406533479530e+21 2.092392644422289326e+21 1.956160839219469091e+21 1.875581615738745520e+21
4.539736171291781628e+21 4.166009249825671348e+21 3.822768504120107598e+21 3.507538784600972591e+21 3.218195208893310173e+21 2.952601897072161980e+21 2.708931933835703091e+21 2.485405693748134806e+21 2.280402406533479268e+21 2.092392644422289326e+21 1.956160839219469615e+21 1.875581615738744996e+21
4.539736171291781628e+21 4.166009249825670300e+21 3.822768504120107598e+21 3.507538784600971543e+21 3.218195208893310697e+21 2.952601897072161980e+21 2.708931933835703615e+21 2.485405693748134806e+21 2.280402406533479530e+21 2.092392644422288802e+21 1.956160839219469353e+21 1.875581615738745258e+21
4.539736171291781104e+21 4.166009249825670300e+21 3.822768504120108646e+21 3.507538784600971018e+21 3.218195208893310173e+21 2.952601897072161980e+21 2.708931933835704140e+21 2.485405693748134281e+21 2.280402406533479268e+21 2.092392644422288802e+21 1.956160839219469877e+21 1.875581615738745258e+21
4.539736171291781104e+21 4.166009249825669251e+21 3.822768504120108646e+21 3.507538784600971018e+21 3.218195208893308600e+21 2.952601897072161980e+21 2.708931933835704140e+21 2.485405693748134806e+21 2.280402406533478744e+21 2.092392644422288802e+21 1.956160839219469615e+21 1.875581615738745258e+21
4.539736171291781628e+21 4.166009249825668727e+21 3.822768504120110219e+21 3.507538784600970494e+21 3.218195208893309125e+21 2.952601897072161980e+21 2.708931933835704664e+21 2.485405693748135330e+21 2.280402406533478220e+21 2.092392644422288540e+21 1.956160839219469615e+21 1.875581615738745520e+21
4.539736171291781628e+21 4.166009249825669251e+21 3.822768504120110219e+21 3.507538784600969970e+21 3.218195208893308600e+21 2.952601897072161980e+21 2.708931933835704140e+21 2.485405693748134806e+21 2.280402406533478482e+21 2.092392644422288278e+21 1.956160839219469091e+21 1.875581615738744472e+21
4.539736171291782152e+21 4.166009249825669251e+21 3.822768504120109695e+21 3.507538784600969970e+21 3.218195208893309125e+21 2.952601897072161980e+21 2.708931933835703615e+21 2.485405693748134281e+21 2.280402406533478482e+21 2.092392644422287753e+21 1.956160839219469353e+21 1.875581615738744996e+21
4.539736171291782152e+21 4.166009249825669251e+21 3.822768504120109695e+21 3.507538784600969970e+21 3.218195208893309649e+21 2.952601897072161980e+21 2.708931933835703091e+21 2.485405693748134281e+21 2.280402406533478482e+21 2.092392644422287229e+21 1.956160839219469353e+21 1.875581615738744996e+21
4.539736171291781628e+21 4.166009249825669775e+21 3.822768504120110219e+21 3.507538784600969970e+21 3.218195208893310173e+21 2.952601897072161980e+21 2.708931933835703615e+21 2.485405693748134806e+21 2.280402406533478220e+21 2.092392644422287753e+21 1.956160839219469091e+21 1.875581615738744472e+21
4.539736171291781628e+21 4.166009249825669775e+21 3.822768504120109695e+21 3.507538784600969445e+21 3.218195208893311746e+21 2.952601897072161980e+21 2.708931933835704140e+21 2.485405693748135330e+21 2.280402406533477958e+21 2.092392644422287491e+21 1.956160839219469091e+21 1.875581615738744472e+21
4.539736171291782676e+21 4.166009249825670300e+21 3.822768504120109695e+21 3.507538784600969445e+21 3.218195208893312270e+21 2.952601897072161980e+21 2.708931933835704664e+21 2.485405693748135330e+21 2.280402406533477433e+21 2.092392644422287753e+21 1.956160839219469091e+21 1.875581615738744472e+21
4.539736171291783725e+21 4.166009249825670300e+21 3.822768504120109171e+21 3.507538784600969445e+21 3.218195208893311222e+21 2.952601897072161980e+21 2.708931933835705713e+21 2.485405693748135330e+21 2.280402406533477433e+21 2.092392644422287491e+21 1.956160839219469615e+21 1.875581615738744209e+21
4.539736171291783725e+21 4.166009249825670824e+21 3.822768504120110744e+21 3.507538784600969970e+21 3.218195208893311746e+21 2.952601897072161980e+21 2.708931933835706237e+21 2.485405693748135330e+21 2.280402406533477695e+21 2.092392644422287753e+21 1.956160839219469353e+21 1.875581615738744209e+21
4.539736171291783725e+21 4.166009249825670300e+21 3.822768504120111268e+21 3.507538784600970494e+21 3.218195208893312795e+21 2.952601897072161980e+21 2.708931933835706237e+21 2.485405693748135330e+21 2.280402406533478482e+21 2.092392644422287753e+21 1.956160839219469615e+21 1.875581615738744472e+21
4.539736171291784249e+21 4.166009249825669775e+21 3.822768504120111268e+21 3.507538784600969970e+21 3.218195208893313843e+21 2.952601897072161980e+21 2.708931933835706237e+21 2.485405693748134806e+21 2.280402406533478744e+21 2.092392644422288278e+21 1.956160839219470664e+21 1.875581615738744209e+21
4.539736171291785298e+21 4.166009249825669251e+21 3.822768504120110219e+21 3.507538784600969445e+21 3.218195208893314367e+21 2.952601897072161980e+21 2.708931933835705713e+21 2.485405693748134806e+21 2.280402406533478744e+21 2.092392644422288278e+21 1.956160839219470664e+21 1.875581615738744472e+21
4.539736171291784774e+21 4.166009249825669775e+21 3.822768504120109695e+21 3.507538784600969445e+21 3.218195208893315416e+21 2.952601897072161980e+21 2.708931933835705713e+21 2.485405693748134806e+21 2.280402406533479006e+21 2.092392644422287753e+21 1.956160839219469615e+21 1.875581615738744472e+21
4.539736171291784774e+21 4.166009249825669251e+21 3.822768504120110744e+21 3.507538784600969445e+21 3.218195208893315940e+21 2.952601897072161980e+21 2.708931933835705713e+21 2.485405693748134806e+21 2.280402406533479006e+21 2.092392644422287753e+21 1.956160839219469615e+21 1.875581615738744472e+21
4.539736171291784774e+21 4.166009249825669251e+21 3.822768504120110219e+21 3.507538784600969445e+21 3.218195208893316465e+21 2.952601897072161980e+21 2.708931933835705713e+21 2.485405693748135330e+21 2.280402406533479006e+21 2.092392644422287753e+21 1.956160839219470139e+21 1.875581615738744472e+21
4.539736171291783201e+21 4.166009249825669251e+21 3.822768504120110219e+21 3.507538784600969970e+21 3.218195208893316989e+21 2.952601897072161980e+21 2.708931933835705713e+21 2.485405693748134806e+21 2.280402406533478482e+21 2.092392644422288015e+21 1.956160839219469877e+21 1.875581615738744734e+21
4.539736171291783201e+21 4.166009249825669775e+21 3.822768504120110219e+21 3.507538784600971018e+21 3.218195208893317513e+21 2.952601897072161980e+21 2.708931933835705713e+21 2.485405693748134281e+21 2.280402406533478744e+21 2.092392644422288802e+21 1.956160839219469877e+21 1.875581615738744734e+21
4.539736171291783201e+21 4.166009249825670300e+21 3.822768504120110219e+21 3.507538784600971543e+21 3.218195208893316989e+21 2.952601897072161980e+21 2.708931933835705713e+21 2.485405693748134281e+21 2.280402406533478482e+21 2.092392644422289064e+21 1.956160839219470139e+21 1.875581615738745258e+21
4.539736171291782152e+21 4.166009249825669775e+21 3.822768504120110744e+21 3.507538784600970494e+21 3.218195208893316989e+21 2.952601897072161980e+21 2.708931933835706237e+21 2.485405693748134281e+21 2.280402406533478482e+21 2.092392644422289326e+21 1.956160839219470402e+21 1.875581615738744996e+21
4.539736171291781104e+21 4.166009249825670300e+21 3.822768504120109695e+21 3.507538784600971018e+21 3.218195208893315940e+21 2.952601897072161980e+21 2.708931933835706237e+21 2.485405693748133757e+21 2.280402406533477958e+21 2.092392644422289588e+21 1.956160839219470139e+21 1.875581615738744734e+21
4.539736171291781628e+21 4.166009249825669251e+21 3.822768504120109695e+21 3.507538784600971018e+21 3.218195208893316465e+21 2.952601897072161980e+21 2.708931933835706237e+21 2.485405693748134281e+21 2.280402406533477958e+21 2.092392644422289850e+21 1.956160839219469877e+21 1.875581615738745258e+21
4.539736171291782152e+21 4.166009249825669251e+21 3.822768504120110219e+21 3.507538784600970494e+21 3.218195208893318038e+21 2.952601897072161980e+21 2.708931933835706761e+21 2.485405693748133233e+21 2.280402406533477958e+21 2.092392644422290113e+21 1.956160839219469353e+21 1.875581615738745258e+21
4.539736171291781104e+21 4.166009249825668727e+21 3.822768504120109695e+21 3.507538784600970494e+21 3.218195208893317513e+21 2.952601897072161980e+21 2.708931933835706237e+21 2.485405693748133233e+21 2.280402406533478482e+21 2.092392644422290113e+21 1.956160839219469091e+21 1.875581615738745520e+21
4.539736171291780579e+21 4.166009249825667678e+21 3.822768504120109171e+21 3.507538784600971018e+21 3.218195208893318038e+21 2.952601897072161980e+21 2.708931933835706761e+21 2.485405693748133757e+21 2.280402406533478482e+21 2.092392644422289326e+21 1.956160839219469091e+21 1.875581615738746044e+21
4.539736171291780579e+21 4.166009249825667678e+21 3.822768504120110219e+21 3.507538784600971018e+21 3.218195208893317513e+21 2.952601897072161980e+21 2.708931933835707286e+21 2.485405693748133233e+21 2.280402406533477958e+21 2.092392644422289326e+21 1.956160839219469091e+21 1.875581615738745782e+21
4.539736171291781628e+21 4.166009249825668202e+21 3.822768504120110219e+21 3.507538784600971018e+21 3.218195208893318562e+21 2.952601897072161980e+21 2.708931933835707286e+21 2.485405693748133233e+21 2.280402406533479006e+21 2.092392644422289064e+21 1.956160839219469091e+21 1.875581615738746307e+21
4.539736171291781104e+21 4.166009249825669251e+21 3.822768504120109171e+21 3.507538784600971543e+21 3.218195208893317513e+21 2.952601897072161980e+21 2.708931933835707810e+21 2.485405693748133233e+21 2.280402406533479793e+21 2.092392644422288540e+21 1.956160839219469353e+21 1.875581615738746569e+21
4.539736171291781104e+21 4.166009249825669251e+21 3.822768504120108646e+21 3.507538784600972591e+21 3.218195208893317513e+21 2.952601897072161980e+21 2.708931933835707286e+21 2.485405693748133757e+21 2.280402406533479793e+21 2.092392644422288278e+21 1.956160839219469091e+21 1.875581615738746307e+21
4.539736171291781628e+21 4.166009249825669251e+21 3.822768504120108646e+21 3.507538784600972067e+21 3.218195208893316989e+21 2.952601897072161980e+21 2.708931933835707286e+21 2.485405693748133233e+21 2.280402406533479530e+21 2.092392644422288540e+21 1.956160839219469353e+21 1.875581615738746569e+21
4.539736171291781628e+21 4.166009249825669251e+21 3.822768504120109695e+21 3.507538784600972591e+21 3.218195208893317513e+21 2.952601897072161980e+21 2.708931933835707810e+21 2.485405693748133233e+21 2.280402406533479530e+21 2.092392644422288278e+21 1.956160839219469615e+21 1.875581615738747355e+21
4.539736171291781628e+21 4.166009249825668202e+21 3.822768504120109695e+21 3.507538784600971543e+21 3.218195208893316465e+21 2.952601897072161980e+21 2.708931933835707286e+21 2.485405693748133233e+21 2.280402406533479793e+21 2.092392644422287753e+21 1.956160839219469615e+21 1.875581615738747617e+21
4.539736171291781628e+21 4.166009249825668202e+21 3.822768504120108646e+21 3.507538784600972067e+21 3.218195208893317513e+21 2.952601897072161980e+21 2.708931933835707286e+21 2.485405693748133233e+21 2.280402406533479793e+21 2.092392644422288278e+21 1.956160839219469353e+21 1.875581615738747879e+21
4.539736171291781104e+21 4.166009249825667678e+21 3.822768504120108122e+21 3.507538784600973115e+21 3.218195208893318038e+21 2.952601897072161980e+21 2.708931933835706761e+21 2.485405693748133757e+21 2.280402406533479793e+21 2.092392644422287753e+21 1.956160839219468829e+21 1.875581615738747355e+21
4.539736171291780055e+21 4.166009249825666630e+21 3.822768504120108646e+21 3.507538784600973640e+21 3.218195208893317513e+21 2.952601897072161980e+21 2.708931933835706761e+21 2.485405693748133757e+21 2.280402406533479793e+21 2.092392644422287229e+21 1.956160839219468829e+21 1.875581615738747093e+21
4.539736171291781104e+21 4.166009249825667678e+21 3.822768504120109171e+21 3.507538784600974164e+21 3.218195208893318562e+21 2.952601897072161980e+21 2.708931933835706237e+21 2.485405693748133233e+21 2.280402406533479530e+21 2.092392644422287753e+21 1.956160839219468304e+21 1.875581615738747093e+21
4.539736171291781628e+21 4.166009249825667678e+21 3.822768504120110219e+21 3.507538784600974164e+21 3.218195208893319086e+21 2.952601897072161980e+21 2.708931933835705188e+21 2.485405693748133233e+21 2.280402406533479530e+21 2.092392644422287753e+21 1.956160839219468042e+21 1.875581615738747093e+21
4.539736171291781104e+21 4.166009249825668727e+21 3.822768504120110219e+21 3.507538784600974164e+21 3.218195208893319610e+21 2.952601897072161980e+21 2.708931933835706237e+21 2.485405693748132708e+21 2.280402406533479530e+21 2.092392644422287491e+21 1.956160839219467256e+21 1.875581615738747617e+21
4.539736171291781628e+21 4.166009249825669251e+21 3.822768504120109171e+21 3.507538784600974688e+21 3.218195208893319610e+21 2.952601897072161980e+21 2.708931933835705713e+21 2.485405693748132708e+21 2.280402406533479006e+21 2.092392644422287753e+21 1.956160839219466994e+21 1.875581615738747093e+21
4.539736171291782676e+21 4.166009249825667678e+21 3.822768504120108646e+21 3.507538784600973640e+21 3.218195208893318562e+21 2.952601897072161980e+21 2.708931933835706761e+21 2.485405693748132708e+21 2.280402406533478744e+21 2.092392644422287229e+21 1.956160839219466994e+21 1.875581615738747355e+21
4.539736171291783201e+21 4.166009249825669251e+21 3.822768504120108122e+21 3.507538784600974688e+21 3.218195208893318038e+21 2.952601897072161980e+21 2.708931933835706761e+21 2.485405693748132184e+21 2.280402406533478482e+21 2.092392644422287753e+21 1.956160839219466469e+21 1.875581615738747617e+21
4.539736171291783201e+21 4.166009249825669775e+21 3.822768504120107074e+21 3.507538784600975213e+21 3.218195208893317513e+21 2.952601897072161980e+21 2.708931933835706761e+21 2.485405693748131660e+21 2.280402406533477958e+21 2.092392644422287753e+21 1.956160839219466469e+21 1.875581615738748142e+21
4.539736171291784249e+21 4.166009249825669251e+21 3.822768504120106549e+21 3.507538784600976261e+21 3.218195208893318038e+21 2.952601897072161980e+21 2.708931933835707286e+21 2.485405693748131135e+21 2.280402406533477958e+21 2.092392644422288278e+21 1.956160839219466207e+21 1.875581615738748142e+21
4.539736171291784249e+21 4.166009249825668727e+21 3.822768504120108122e+21 3.507538784600976785e+21 3.218195208893318562e+21 2.952601897072161980e+21 2.708931933835707286e+21 2.485405693748130611e+21 2.280402406533478482e+21 2.092392644422287753e+21 1.956160839219466994e+21 1.875581615738747879e+21
4.539736171291784774e+21 4.166009249825671348e+21 3.822768504120108646e+21 3.507538784600975737e+21 3.218195208893318038e+21 2.952601897072161980e+21 2.708931933835707286e+21 2.485405693748130087e+21 2.280402406533479006e+21 2.092392644422286967e+21 1.956160839219466994e+21 1.875581615738747617e+21
4.539736171291785822e+21 4.166009249825671348e+21 3.822768504120108646e+21 3.507538784600976785e+21 3.218195208893316989e+21 2.952601897072161980e+21 2.708931933835707810e+21 2.485405693748130087e+21 2.280402406533479268e+21 2.092392644422286967e+21 1.956160839219466732e+21 1.875581615738747355e+21
4.539736171291786346e+21 4.166009249825671873e+21 3.822768504120109695e+21 3.507538784600977310e+21 3.218195208893316465e+21 2.952601897072161980e+21 2.708931933835707810e+21 2.485405693748129563e+21 2.280402406533479268e+21 2.092392644422286705e+21 1.956160839219466469e+21 1.875581615738746569e+21
4.539736171291785822e+21 4.166009249825671348e+21 3.822768504120109171e+21 3.507538784600975737e+21 3.218195208893315940e+21 2.952601897072161980e+21 2.708931933835707810e+21 2.485405693748129038e+21 2.280402406533479006e+21 2.092392644422286705e+21 1.956160839219466732e+21 1.875581615738747093e+21
4.539736171291784774e+21 4.166009249825670824e+21 3.822768504120108646e+21 3.507538784600977310e+21 3.218195208893316465e+21 2.952601897072161980e+21 2.708931933835707810e+21 2.485405693748129038e+21 2.280402406533478744e+21 2.092392644422286705e+21 1.956160839219466469e+21 1.875581615738747355e+21
4.539736171291783725e+21 4.166009249825670824e+21 3.822768504120108122e+21 3.507538784600976785e+21 3.218195208893316989e+21 2.952601897072161980e+21 2.708931933835708334e+21 2.485405693748129563e+21 2.280402406533479530e+21 2.092392644422286705e+21 1.956160839219466732e+21 1.875581615738747879e+21
4.539736171291784249e+21 4.166009249825670300e+21 3.822768504120109171e+21 3.507538784600977310e+21 3.218195208893316989e+21 2.952601897072161980e+21 2.708931933835708334e+21 2.485405693748129038e+21 2.280402406533479006e+21 2.092392644422286705e+21 1.956160839219466994e+21 1.875581615738747617e+21
4.539736171291783725e+21 4.166009249825670824e+21 3.822768504120109695e+21 3.507538784600978358e+21 3.218195208893316989e+21 2.952601897072161980e+21 2.708931933835707810e+21 2.485405693748128514e+21 2.280402406533479006e+21 2.092392644422286180e+21 1.956160839219467518e+21 1.875581615738747093e+21
4.539736171291783201e+21 4.166009249825670824e+21 3.822768504120108646e+21 3.507538784600979407e+21 3.218195208893318038e+21 2.952601897072161980e+21 2.708931933835707810e+21 2.485405693748128514e+21 2.280402406533480317e+21 2.092392644422285918e+21 1.956160839219467518e+21 1.875581615738748142e+21
4.539736171291783725e+21 4.166009249825670300e+21 3.822768504120109171e+21 3.507538784600979407e+21 3.218195208893318038e+21 2.952601897072161980e+21 2.708931933835707810e+21 2.485405693748129038e+21 2.280402406533479530e+21 2.092392644422285656e+21 1.956160839219468042e+21 1.875581615738748142e+21
4.539736171291784249e+21 4.166009249825670300e+21 3.822768504120109171e+21 3.507538784600978883e+21 3.218195208893316465e+21 2.952601897072161980e+21 2.708931933835708334e+21 2.485405693748129038e+21 2.280402406533479530e+21 2.092392644422285656e+21 1.956160839219468304e+21 1.875581615738748666e+21
4.539736171291784249e+21 4.166009249825671348e+21 3.822768504120110219e+21 3.507538784600978883e+21 3.218195208893315416e+21 2.952601897072161980e+21 2.708931933835707810e+21 2.485405693748129563e+21 2.280402406533479006e+21 2.092392644422285656e+21 1.956160839219468042e+21 1.875581615738748928e+21
4.539736171291784774e+21 4.166009249825670824e+21 3.822768504120110219e+21 3.507538784600979931e+21 3.218195208893314367e+21 2.952601897072161980e+21 2.708931933835708334e+21 2.485405693748129563e+21 2.280402406533479530e+21 2.092392644422285132e+21 1.956160839219467518e+21 1.875581615738749190e+21
4.539736171291784774e+21 4.166009249825670824e+21 3.822768504120108646e+21 3.507538784600980980e+21 3.218195208893314892e+21 2.952601897072161980e+21 2.708931933835708334e+21 2.485405693748129563e+21 2.280402406533479530e+21 2.092392644422285132e+21 1.956160839219467780e+21 1.875581615738749714e+21
4.539736171291782676e+21 4.166009249825669775e+21 3.822768504120108646e+21 3.507538784600979407e+21 3.218195208893313843e+21 2.952601897072161980e+21 2.708931933835707810e+21 2.485405693748129563e+21 2.280402406533479530e+21 2.092392644422285132e+21 1.956160839219467780e+21 1.875581615738749977e+21
4.539736171291782676e+21 4.166009249825670300e+21 3.822768504120108646e+21 3.507538784600978358e+21 3.218195208893312795e+21 2.952601897072161980e+21 2.708931933835707286e+21 2.485405693748129038e+21 2.280402406533479530e+21 2.092392644422285132e+21 1.956160839219468042e+21 1.875581615738750239e+21
4.539736171291783201e+21 4.166009249825670300e+21 3.822768504120108646e+21 3.507538784600978883e+21 3.218195208893313843e+21 2.952601897072161980e+21 2.708931933835707286e+21 2.485405693748129038e+21 2.280402406533479793e+21 2.092392644422285394e+21 1.956160839219468042e+21 1.875581615738750501e+21
4.539736171291783201e+21 4.166009249825670300e+21 3.822768504120107598e+21 3.507538784600977834e+21 3.218195208893313843e+21 2.952601897072161980e+21 2.708931933835706761e+21 2.485405693748129038e+21 2.280402406533479006e+21 2.092392644422285918e+21 1.956160839219468042e+21 1.875581615738750501e+21
4.539736171291783201e+21 4.166009249825670824e+21 3.822768504120108646e+21 3.507538784600976785e+21 3.218195208893314892e+21 2.952601897072161980e+21 2.708931933835706761e+21 2.485405693748129563e+21 2.280402406533479006e+21 2.092392644422285918e+21 1.956160839219468042e+21 1.875581615738750239e+21
4.539736171291782152e+21 4.166009249825670300e+21 3.822768504120108122e+21 3.507538784600975737e+21 3.218195208893315416e+21 2.952601897072161980e+21 2.708931933835706237e+21 2.485405693748129038e+21 2.280402406533478482e+21 2.092392644422285656e+21 1.956160839219467518e+21 1.875581615738750239e+21
4.539736171291781628e+21 4.166009249825670300e+21 3.822768504120108122e+21 3.507538784600976261e+21 3.218195208893316465e+21 2.952601897072161980e+21 2.708931933835706237e+21 2.485405693748129038e+21 2.280402406533478482e+21 2.092392644422285918e+21 1.956160839219467256e+21 1.875581615738749977e+21
4.539736171291781104e+21 4.166009249825669775e+21 3.822768504120108646e+21 3.507538784600975737e+21 3.218195208893315940e+21 2.952601897072161980e+21 2.708931933835706761e+21 2.485405693748129038e+21 2.280402406533479530e+21 2.092392644422286442e+21 1.956160839219467518e+21 1.875581615738750239e+21
4.539736171291782676e+21 4.166009249825670300e+21 3.822768504120108122e+21 3.507538784600975737e+21 3.218195208893314892e+21 2.952601897072161980e+21 2.708931933835706761e+21 2.485405693748129038e+21 2.280402406533479006e+21 2.092392644422286180e+21 1.956160839219467518e+21 1.875581615738749977e+21
4.539736171291782676e+21 4.166009249825670824e+21 3.822768504120107598e+21 3.507538784600973640e+21 3.218195208893313843e+21 2.952601897072161980e+21 2.708931933835706761e+21 2.485405693748129038e+21 2.280402406533478744e+21 2.092392644422285918e+21 1.956160839219466994e+21 1.875581615738749190e+21
4.539736171291781104e+21 4.166009249825670300e+21 3.822768504120107598e+21 3.507538784600973115e+21 3.218195208893313319e+21 2.952601897072161980e+21 2.708931933835706237e+21 2.485405693748129563e+21 2.280402406533479006e+21 2.092392644422285656e+21 1.956160839219465945e+21 1.875581615738749714e+21
4.539736171291780579e+21 4.166009249825670300e+21 3.822768504120107598e+21 3.507538784600971543e+21 3.218195208893313843e+21 2.952601897072161980e+21 2.708931933835706761e+21 2.485405693748129038e+21 2.280402406533479006e+21 2.092392644422286180e+21 1.956160839219466207e+21 1.875581615738749714e+21
4.539736171291780579e+21 4.166009249825670300e+21 3.822768504120108122e+21 3.507538784600971543e+21 3.218195208893313843e+21 2.952601897072162505e+21 2.708931933835706761e+21 2.485405693748129038e+21 2.280402406533479006e+21 2.092392644422286705e+21 1.956160839219466469e+21 1.875581615738749452e+21
4.539736171291781104e+21 4.166009249825668727e+21 3.822768504120108646e+21 3.507538784600971543e+21 3.218195208893313319e+21 2.952601897072163029e+21 2.708931933835707286e+21 2.485405693748129038e+21 2.280402406533479006e+21 2.092392644422286967e+21 1.956160839219466469e+21 1.875581615738749190e+21
4.539736171291781104e+21 4.166009249825669251e+21 3.822768504120108646e+21 3.507538784600972591e+21 3.218195208893312795e+21 2.952601897072161980e+21 2.708931933835707810e+21 2.485405693748128514e+21 2.280402406533478744e+21 2.092392644422286967e+21 1.956160839219466207e+21 1.875581615738749190e+21
4.539736171291780579e+21 4.166009249825669251e+21 3.822768504120109171e+21 3.507538784600971543e+21 3.218195208893312795e+21 2.952601897072161980e+21 2.708931933835707810e+21 2.485405693748127990e+21 2.280402406533478220e+21 2.092392644422286967e+21 1.956160839219466207e+21 1.875581615738749452e+21
4.539736171291780579e+21 4.166009249825668202e+21 3.822768504120108646e+21 3.507538784600972067e+21 3.218195208893312795e+21 2.952601897072163029e+21 2.708931933835707286e+21 2.485405693748127990e+21 2.280402406533478482e+21 2.092392644422286705e+21 1.956160839219466994e+21 1.875581615738749452e+21
4.539736171291781628e+21 4.166009249825668202e+21 3.822768504120110219e+21 3.507538784600972591e+21 3.218195208893312270e+21 2.952601897072163029e+21 2.708931933835707286e+21 2.485405693748127990e+21 2.280402406533479006e+21 2.092392644422286705e+21 1.956160839219466994e+21 1.875581615738749714e+21
4.539736171291780579e+21 4.166009249825669251e+21 3.822768504120111268e+21 3.507538784600972067e+21 3.218195208893312270e+21 2.952601897072161980e+21 2.708931933835707286e+21 2.485405693748128514e+21 2.280402406533479268e+21 2.092392644422286180e+21 1.956160839219466732e+21 1.875581615738750239e+21
4.539736171291780579e+21 4.166009249825670300e+21 3.822768504120110744e+21 3.507538784600972067e+21 3.218195208893312270e+21 2.952601897072161980e+21 2.708931933835707810e+21 2.485405693748128514e+21 2.280402406533479530e+21 2.092392644422286180e+21 1.956160839219466994e+21 1.875581615738750239e+21
4.539736171291780579e+21 4.166009249825670824e+21 3.822768504120111268e+21 3.507538784600972067e+21 3.218195208893312795e+21 2.952601897072161980e+21 2.708931933835707810e+21 2.485405693748128514e+21 2.280402406533479530e+21 2.092392644422286180e+21 1.956160839219467256e+21 1.875581615738750763e+21
4.539736171291780579e+21 4.166009249825670300e+21 3.822768504120111792e+21 3.507538784600973640e+21 3.218195208893313319e+21 2.952601897072163029e+21 2.708931933835707810e+21 2.485405693748128514e+21 2.280402406533479793e+21 2.092392644422286180e+21 1.956160839219466994e+21 1.875581615738750501e+21
4.539736171291780579e+21 4.166009249825669251e+21 3.822768504120111268e+21 3.507538784600974164e+21 3.218195208893313319e+21 2.952601897072163029e+21 2.708931933835707286e+21 2.485405693748129038e+21 2.280402406533479530e+21 2.092392644422286180e+21 1.956160839219466994e+21 1.875581615738750239e+21
4.539736171291779531e+21 4.166009249825669251e+21 3.822768504120111268e+21 3.507538784600973115e+21 3.218195208893312270e+21 2.952601897072163553e+21 2.708931933835707286e+21 2.485405693748129038e+21 2.280402406533479793e+21 2.092392644422286180e+21 1.956160839219466994e+21 1.875581615738751287e+21
4.539736171291779531e+21 4.166009249825669775e+21 3.822768504120112316e+21 3.507538784600974164e+21 3.218195208893311222e+21 2.952601897072163553e+21 2.708931933835707286e+21 2.485405693748129038e+21 2.280402406533479530e+21 2.092392644422286180e+21 1.956160839219467256e+21 1.875581615738751287e+21
4.539736171291779006e+21 4.166009249825669251e+21 3.822768504120112316e+21 3.507538784600973640e+21 3.218195208893310173e+21 2.952601897072164078e+21 2.708931933835707810e+21 2.485405693748129563e+21 2.280402406533479006e+21 2.092392644422286180e+21 1.956160839219467518e+21 1.875581615738751549e+21
4.539736171291778482e+21 4.166009249825668202e+21 3.822768504120112841e+21 3.507538784600973640e+21 3.218195208893310697e+21 2.952601897072163029e+21 2.708931933835707286e+21 2.485405693748129563e+21 2.280402406533478482e+21 2.092392644422286180e+21 1.956160839219467518e+21 1.875581615738752336e+21
4.539736171291777958e+21 4.166009249825669251e+21 3.822768504120111792e+21 3.507538784600973640e+21 3.218195208893311222e+21 2.952601897072162505e+21 2.708931933835707810e+21 2.485405693748129563e+21 2.280402406533479006e+21 2.092392644422285918e+21 1.956160839219467518e+21 1.875581615738752074e+21
4.539736171291776909e+21 4.166009249825668727e+21 3.822768504120112316e+21 3.507538784600973115e+21 3.218195208893312270e+21 2.952601897072163029e+21 2.708931933835707286e+21 2.485405693748129563e+21 2.280402406533478744e+21 2.092392644422285656e+21 1.956160839219468042e+21 1.875581615738751812e+21
4.539736171291777434e+21 4.166009249825668202e+21 3.822768504120112841e+21 3.507538784600973640e+21 3.218195208893311222e+21 2.952601897072163553e+21 2.708931933835707810e+21 2.485405693748129563e+21 2.280402406533478220e+21 2.092392644422285918e+21 1.956160839219468304e+21 1.875581615738752336e+21
4.539736171291778482e+21 4.166009249825669251e+21 3.822768504120113889e+21 3.507538784600973640e+21 3.218195208893309649e+21 2.952601897072163553e+21 2.708931933835706761e+21 2.485405693748129563e+21 2.280402406533478220e+21 2.092392644422285656e+21 1.956160839219467780e+21 1.875581615738752598e+21
4.539736171291779006e+21 4.166009249825669251e+21 3.822768504120112841e+21 3.507538784600973115e+21 3.218195208893309649e+21 2.952601897072163029e+21 2.708931933835706761e+21 2.485405693748129038e+21 2.280402406533478482e+21 2.092392644422285394e+21 1.956160839219467518e+21 1.875581615738752598e+21
4.539736171291779531e+21 4.166009249825668727e+21 3.822768504120112841e+21 3.507538784600973115e+21 3.218195208893309649e+21 2.952601897072163553e+21 2.708931933835707286e+21 2.485405693748129038e+21 2.280402406533478482e+21 2.092392644422285394e+21 1.956160839219466994e+21 1.875581615738753122e+21
4.539736171291780579e+21 4.166009249825669775e+21 3.822768504120112316e+21 3.507538784600973115e+21 3.218195208893308600e+21 2.952601897072163029e+21 2.708931933835706761e+21 2.485405693748129563e+21 2.280402406533478482e+21 2.092392644422285132e+21 1.956160839219467256e+21 1.875581615738752860e+21
4.539736171291779531e+21 4.166009249825669775e+21 3.822768504120111792e+21 3.507538784600973640e+21 3.218195208893308600e+21 2.952601897072163029e+21 2.708931933835706761e+21 2.485405693748129563e+21 2.280402406533477958e+21 2.092392644422285132e+21 1.956160839219467256e+21 1.875581615738753122e+21
4.539736171291779531e+21 4.166009249825669251e+21 3.822768504120111792e+21 3.507538784600972591e+21 3.218195208893309649e+21 2.952601897072163029e+21 2.708931933835707286e+21 2.485405693748129563e+21 2.280402406533477958e+21 2.092392644422284870e+21 1.956160839219467518e+21 1.875581615738752860e+21
4.539736171291779531e+21 4.166009249825669775e+21 3.822768504120110744e+21 3.507538784600972067e+21 3.218195208893309125e+21 2.952601897072164078e+21 2.708931933835706237e+21 2.485405693748129563e+21 2.280402406533477958e+21 2.092392644422285132e+21 1.956160839219466994e+21 1.875581615738752860e+21
4.539736171291779531e+21 4.166009249825669775e+21 3.822768504120111268e+21 3.507538784600972067e+21 3.218195208893308600e+21 2.952601897072163553e+21 2.708931933835707286e+21 2.485405693748130087e+21 2.280402406533477433e+21 2.092392644422285132e+21 1.956160839219466732e+21 1.875581615738753384e+21
4.539736171291779531e+21 4.166009249825668727e+21 3.822768504120111792e+21 3.507538784600972591e+21 3.218195208893308076e+21 2.952601897072163029e+21 2.708931933835707286e+21 2.485405693748130087e+21 2.280402406533477433e+21 2.092392644422284607e+21 1.956160839219466732e+21 1.875581615738752598e+21
4.539736171291780055e+21 4.166009249825669251e+21 3.822768504120111268e+21 3.507538784600973640e+21 3.218195208893307552e+21 2.952601897072163029e+21 2.708931933835707286e+21 2.485405693748130087e+21 2.280402406533477958e+21 2.092392644422284345e+21 1.956160839219466469e+21 1.875581615738752598e+21
4.539736171291780579e+21 4.166009249825669251e+21 3.822768504120110744e+21 3.507538784600973640e+21 3.218195208893308600e+21 2.952601897072163029e+21 2.708931933835707810e+21 2.485405693748129563e+21 2.280402406533477958e+21 2.092392644422284345e+21 1.956160839219465945e+21 1.875581615738752336e+21
4.539736171291780579e+21 4.166009249825669775e+21 3.822768504120112316e+21 3.507538784600973640e+21 3.218195208893309649e+21 2.952601897072163553e+21 2.708931933835707286e+21 2.485405693748129563e+21 2.280402406533477695e+21 2.092392644422283821e+21 1.956160839219465421e+21 1.875581615738752598e+21
4.539736171291780579e+21 4.166009249825670824e+21 3.822768504120112316e+21 3.507538784600974164e+21 3.218195208893308600e+21 2.952601897072163553e+21 2.708931933835707286e+21 2.485405693748129038e+21 2.280402406533477433e+21 2.092392644422283821e+21 1.956160839219465945e+21 1.875581615738752074e+21
4.539736171291780579e+21 4.166009249825671348e+21 3.822768504120111792e+21 3.507538784600973115e+21 3.218195208893308600e+21 2.952601897072163029e+21 2.708931933835707286e+21 2.485405693748129563e+21 2.280402406533477171e+21 2.092392644422283821e+21 1.956160839219465945e+21 1.875581615738752336e+21
4.539736171291780055e+21 4.166009249825670300e+21 3.822768504120110744e+21 3.507538784600973640e+21 3.218195208893308076e+21 2.952601897072163029e+21 2.708931933835707286e+21 2.485405693748129563e+21 2.280402406533477433e+21 2.092392644422283821e+21 1.956160839219465945e+21 1.875581615738752074e+21
4.539736171291779006e+21 4.166009249825670824e+21 3.822768504120109171e+21 3.507538784600974688e+21 3.218195208893308076e+21 2.952601897072163553e+21 2.708931933835707810e+21 2.485405693748129563e+21 2.280402406533476909e+21 2.092392644422284083e+21 1.956160839219465683e+21 1.875581615738751549e+21
4.539736171291779006e+21 4.166009249825670300e+21 3.822768504120108122e+21 3.507538784600975213e+21 3.218195208893308076e+21 2.952601897072164078e+21 2.708931933835706761e+21 2.485405693748129563e+21 2.280402406533476647e+21 2.092392644422284083e+21 1.956160839219465945e+21 1.875581615738752336e+21
4.539736171291779006e+21 4.166009249825670300e+21 3.822768504120108646e+21 3.507538784600975213e+21 3.218195208893308600e+21 2.952601897072164602e+21 2.708931933835706761e+21 2.485405693748130087e+21 2.280402406533477433e+21 2.092392644422283821e+21 1.956160839219466732e+21 1.875581615738752336e+21
4.539736171291779531e+21 4.166009249825669775e+21 3.822768504120108646e+21 3.507538784600974164e+21 3.218195208893308600e+21 2.952601897072164078e+21 2.708931933835706761e+21 2.485405693748129563e+21 2.280402406533477695e+21 2.092392644422283559e+21 1.956160839219466469e+21 1.875581615738752336e+21
4.539736171291779531e+21 4.166009249825670300e+21 3.822768504120109171e+21 3.507538784600975213e+21 3.218195208893307552e+21 2.952601897072164078e+21 2.708931933835706761e+21 2.485405693748129563e+21 2.280402406533477695e+21 2.092392644422283297e+21 1.956160839219466207e+21 1.875581615738753122e+21
4.539736171291780055e+21 4.166009249825671348e+21 3.822768504120110219e+21 3.507538784600974688e+21 3.218195208893309125e+21 2.952601897072164078e+21 2.708931933835707286e+21 2.485405693748129563e+21 2.280402406533477958e+21 2.092392644422283297e+21 1.956160839219466207e+21 1.875581615738752860e+21
4.539736171291780579e+21 4.166009249825671348e+21 3.822768504120109695e+21 3.507538784600974688e+21 3.218195208893309649e+21 2.952601897072163029e+21 2.708931933835706761e+21 2.485405693748128514e+21 2.280402406533478220e+21 2.092392644422282772e+21 1.956160839219466207e+21 1.875581615738752598e+21
4.539736171291780579e+21 4.166009249825671873e+21 3.822768504120110219e+21 3.507538784600975737e+21 3.218195208893309125e+21 2.952601897072163029e+21 2.708931933835707286e+21 2.485405693748129038e+21 2.280402406533477958e+21 2.092392644422282248e+21 1.956160839219466469e+21 1.875581615738752336e+21
4.539736171291779531e+21 4.166009249825672397e+21 3.822768504120110219e+21 3.507538784600974688e+21 3.218195208893310173e+21 2.952601897072164078e+21 2.708931933835707286e+21 2.485405693748129563e+21 2.280402406533478220e+21 2.092392644422281986e+21 1.956160839219465945e+21 1.875581615738752860e+21
4.539736171291778482e+21 4.166009249825672921e+21 3.822768504120110219e+21 3.507538784600974164e+21 3.218195208893309125e+21 2.952601897072164078e+21 2.708931933835707286e+21 2.485405693748129038e+21 2.280402406533479006e+21 2.092392644422281986e+21 1.956160839219466207e+21 1.875581615738753122e+21
4.539736171291777958e+21 4.166009249825672921e+21 3.822768504120111792e+21 3.507538784600974688e+21 3.218195208893309649e+21 2.952601897072164602e+21 2.708931933835707810e+21 2.485405693748128514e+21 2.280402406533479006e+21 2.092392644422282248e+21 1.956160839219466207e+21 1.875581615738753647e+21
4.539736171291779006e+21 4.166009249825673445e+21 3.822768504120111268e+21 3.507538784600975213e+21 3.218195208893309649e+21 2.952601897072164602e+21 2.708931933835706761e+21 2.485405693748128514e+21 2.280402406533478220e+21 2.092392644422281986e+21 1.956160839219466469e+21 1.875581615738753384e+21
4.539736171291779006e+21 4.166009249825673445e+21 3.822768504120110219e+21 3.507538784600975213e+21 3.218195208893310173e+21 2.952601897072165126e+21 2.708931933835706761e+21 2.485405693748129038e+21 2.280402406533477958e+21 2.092392644422282248e+21 1.956160839219466732e+21 1.875581615738753647e+21
4.539736171291779006e+21 4.166009249825672921e+21 3.822768504120109695e+21 3.507538784600974688e+21 3.218195208893310173e+21 2.952601897072164602e+21 2.708931933835707286e+21 2.485405693748129038e+21 2.280402406533477433e+21 2.092392644422282510e+21 1.956160839219466994e+21 1.875581615738753384e+21
4.539736171291779006e+21 4.166009249825672921e+21 3.822768504120109695e+21 3.507538784600975213e+21 3.218195208893309649e+21 2.952601897072164078e+21 2.708931933835707286e+21 2.485405693748129563e+21 2.280402406533477171e+21 2.092392644422282772e+21 1.956160839219466994e+21 1.875581615738753384e+21
4.539736171291777958e+21 4.166009249825672397e+21 3.822768504120109695e+21 3.507538784600973640e+21 3.218195208893308600e+21 2.952601897072164078e+21 2.708931933835707810e+21 2.485405693748130087e+21 2.280402406533476647e+21 2.092392644422282248e+21 1.956160839219466732e+21 1.875581615738753122e+21
4.539736171291778482e+21 4.166009249825673445e+21 3.822768504120109695e+21 3.507538784600973640e+21 3.218195208893307552e+21 2.952601897072164602e+21 2.708931933835707810e+21 2.485405693748129038e+21 2.280402406533476647e+21 2.092392644422282510e+21 1.956160839219466732e+21 1.875581615738753122e+21
4.539736171291776909e+21 4.166009249825672921e+21 3.822768504120108646e+21 3.507538784600973640e+21 3.218195208893307552e+21 2.952601897072164078e+21 2.708931933835708334e+21 2.485405693748129038e+21 2.280402406533476647e+21 2.092392644422282248e+21 1.956160839219466994e+21 1.875581615738753122e+21
4.539736171291777434e+21 4.166009249825672921e+21 3.822768504120108122e+21 3.507538784600974688e+21 3.218195208893305979e+21 2.952601897072165126e+21 2.708931933835708334e+21 2.485405693748129563e+21 2.280402406533476123e+21 2.092392644422283035e+21 1.956160839219466469e+21 1.875581615738753909e+21
4.539736171291778482e+21 4.166009249825671348e+21 3.822768504120108646e+21 3.507538784600976785e+21 3.218195208893305455e+21 2.952601897072165650e+21 2.708931933835708334e+21 2.485405693748130087e+21 2.280402406533475598e+21 2.092392644422282772e+21 1.956160839219465945e+21 1.875581615738754433e+21
4.539736171291779531e+21 4.166009249825671348e+21 3.822768504120108646e+21 3.507538784600976785e+21 3.218195208893304406e+21 2.952601897072166175e+21 2.708931933835707810e+21 2.485405693748129563e+21 2.280402406533475074e+21 2.092392644422283035e+21 1.956160839219465945e+21 1.875581615738753909e+21
4.539736171291779006e+21 4.166009249825670824e+21 3.822768504120108122e+21 3.507538784600977310e+21 3.218195208893303882e+21 2.952601897072167223e+21 2.708931933835707286e+21 2.485405693748129563e+21 2.280402406533475336e+21 2.092392644422282772e+21 1.956160839219466469e+21 1.875581615738754171e+21
4.539736171291779006e+21 4.166009249825670824e+21 3.822768504120107598e+21 3.507538784600977310e+21 3.218195208893305979e+21 2.952601897072166175e+21 2.708931933835707810e+21 2.485405693748129563e+21 2.280402406533475074e+21 2.092392644422283035e+21 1.956160839219466469e+21 1.875581615738753647e+21
4.539736171291778482e+21 4.166009249825669775e+21 3.822768504120108122e+21 3.507538784600976261e+21 3.218195208893307027e+21 2.952601897072166699e+21 2.708931933835707810e+21 2.485405693748130087e+21 2.280402406533474812e+21 2.092392644422282772e+21 1.956160839219465945e+21 1.875581615738753647e+21
4.539736171291779006e+21 4.166009249825670300e+21 3.822768504120107598e+21 3.507538784600975737e+21 3.218195208893307027e+21 2.952601897072165650e+21 2.708931933835708334e+21 2.485405693748130087e+21 2.280402406533474812e+21 2.092392644422282510e+21 1.956160839219465945e+21 1.875581615738753647e+21
4.539736171291779006e+21 4.166009249825670300e+21 3.822768504120108122e+21 3.507538784600976785e+21 3.218195208893306503e+21 2.952601897072165126e+21 2.708931933835708334e+21 2.485405693748129563e+21 2.280402406533474812e+21 2.092392644422282248e+21 1.956160839219465683e+21 1.875581615738753647e+21
4.539736171291779531e+21 4.166009249825669775e+21 3.822768504120107074e+21 3.507538784600974688e+21 3.218195208893305979e+21 2.952601897072165126e+21 2.708931933835708334e+21 2.485405693748129563e+21 2.280402406533475074e+21 2.092392644422282772e+21 1.956160839219466207e+21 1.875581615738753384e+21
4.539736171291780055e+21 4.166009249825670824e+21 3.822768504120104976e+21 3.507538784600973640e+21 3.218195208893304930e+21 2.952601897072164602e+21 2.708931933835708334e+21 2.485405693748129563e+21 2.280402406533475074e+21 2.092392644422282772e+21 1.956160839219465945e+21 1.875581615738753384e+21
4.539736171291781104e+21 4.166009249825671348e+21 3.822768504120104976e+21 3.507538784600973640e+21 3.218195208893304930e+21 2.952601897072165126e+21 2.708931933835708334e+21 2.485405693748129563e+21 2.280402406533474812e+21 2.092392644422283035e+21 1.956160839219466207e+21 1.875581615738752860e+21
4.539736171291781628e+21 4.166009249825671873e+21 3.822768504120103928e+21 3.507538784600973115e+21 3.218195208893304406e+21 2.952601897072165126e+21 2.708931933835708858e+21 2.485405693748129563e+21 2.280402406533475336e+21 2.092392644422283035e+21 1.956160839219466207e+21 1.875581615738752860e+21
4.539736171291781104e+21 4.166009249825671873e+21 3.822768504120103404e+21 3.507538784600973640e+21 3.218195208893303882e+21 2.952601897072165126e+21 2.708931933835709383e+21 2.485405693748130087e+21 2.280402406533475336e+21 2.092392644422282772e+21 1.956160839219466207e+21 1.875581615738752598e+21
4.539736171291779531e+21 4.166009249825671348e+21 3.822768504120103404e+21 3.507538784600973115e+21 3.218195208893304930e+21 2.952601897072165126e+21 2.708931933835709383e+21 2.485405693748129563e+21 2.280402406533474550e+21 2.092392644422281986e+21 1.956160839219465945e+21 1.875581615738752598e+21
4.539736171291780579e+21 4.166009249825670824e+21 3.822768504120103404e+21 3.507538784600972591e+21 3.218195208893304930e+21 2.952601897072166175e+21 2.708931933835708858e+21 2.485405693748129038e+21 2.280402406533474550e+21 2.092392644422281724e+21 1.956160839219465421e+21 1.875581615738753122e+21
4.539736171291782152e+21 4.166009249825670824e+21 3.822768504120103404e+21 3.507538784600972591e+21 3.218195208893304930e+21 2.952601897072166175e+21 2.708931933835709383e+21 2.485405693748128514e+21 2.280402406533474288e+21 2.092392644422281200e+21 1.956160839219465945e+21 1.875581615738753122e+21
4.539736171291779531e+21 4.166009249825669775e+21 3.822768504120102879e+21 3.507538784600972591e+21 3.218195208893305455e+21 2.952601897072166175e+21 2.708931933835709383e+21 2.485405693748128514e+21 2.280402406533474025e+21 2.092392644422281986e+21 1.956160839219466994e+21 1.875581615738753122e+21
4.539736171291779531e+21 4.166009249825669775e+21 3.822768504120102355e+21 3.507538784600973115e+21 3.218195208893304406e+21 2.952601897072166175e+21 2.708931933835709383e+21 2.485405693748128514e+21 2.280402406533474812e+21 2.092392644422281986e+21 1.956160839219467256e+21 1.875581615738753384e+21
4.539736171291778482e+21 4.166009249825670824e+21 3.822768504120103404e+21 3.507538784600974164e+21 3.218195208893303882e+21 2.952601897072166175e+21 2.708931933835709907e+21 2.485405693748129038e+21 2.280402406533474288e+21 2.092392644422281986e+21 1.956160839219467518e+21 1.875581615738753122e+21
4.539736171291777434e+21 4.166009249825669775e+21 3.822768504120103404e+21 3.507538784600973640e+21 3.218195208893303357e+21 2.952601897072166699e+21 2.708931933835709907e+21 2.485405693748129563e+21 2.280402406533474025e+21 2.092392644422282772e+21 1.956160839219467518e+21 1.875581615738753122e+21
4.539736171291778482e+21 4.166009249825669775e+21 3.822768504120103928e+21 3.507538784600973115e+21 3.218195208893303357e+21 2.952601897072167748e+21 2.708931933835709383e+21 2.485405693748128514e+21 2.280402406533473763e+21 2.092392644422282248e+21 1.956160839219467780e+21 1.875581615738753909e+21
4.539736171291778482e+21 4.166009249825670300e+21 3.822768504120104452e+21 3.507538784600973640e+21 3.218195208893302833e+21 2.952601897072167223e+21 2.708931933835709383e+21 2.485405693748127990e+21 2.280402406533473763e+21 2.092392644422282772e+21 1.956160839219467780e+21 1.875581615738753909e+21
4.539736171291779006e+21 4.166009249825670300e+21 3.822768504120104976e+21 3.507538784600973115e+21 3.218195208893303882e+21 2.952601897072167223e+21 2.708931933835708858e+21 2.485405693748128514e+21 2.280402406533474025e+21 2.092392644422282772e+21 1.956160839219467256e+21 1.875581615738753647e+21
4.539736171291778482e+21 4.166009249825671348e+21 3.822768504120106025e+21 3.507538784600972591e+21 3.218195208893303357e+21 2.952601897072167223e+21 2.708931933835708858e+21 2.485405693748128514e+21 2.280402406533474288e+21 2.092392644422283035e+21 1.956160839219466732e+21 1.875581615738753647e+21
4.539736171291778482e+21 4.166009249825671873e+21 3.822768504120105501e+21 3.507538784600971018e+21 3.218195208893304406e+21 2.952601897072167223e+21 2.708931933835708334e+21 2.485405693748128514e+21 2.280402406533474025e+21 2.092392644422282772e+21 1.956160839219466994e+21 1.875581615738753647e+21
4.539736171291779531e+21 4.166009249825670824e+21 3.822768504120106025e+21 3.507538784600971543e+21 3.218195208893304406e+21 2.952601897072167223e+21 2.708931933835708334e+21 2.485405693748127990e+21 2.280402406533474025e+21 2.092392644422282510e+21 1.956160839219467256e+21 1.875581615738752860e+21
4.539736171291779006e+21 4.166009249825670824e+21 3.822768504120104452e+21 3.507538784600972067e+21 3.218195208893303882e+21 2.952601897072167223e+21 2.708931933835708334e+21 2.485405693748128514e+21 2.280402406533473501e+21 2.092392644422281724e+21 1.956160839219467518e+21 1.875581615738752598e+21
4.539736171291777434e+21 4.166009249825670824e+21 3.822768504120104976e+21 3.507538784600973115e+21 3.218195208893303357e+21 2.952601897072167223e+21 2.708931933835708334e+21 2.485405693748127990e+21 2.280402406533473501e+21 2.092392644422281724e+21 1.956160839219467780e+21 1.875581615738752598e+21
4.539736171291776909e+21 4.166009249825670300e+21 3.822768504120104976e+21 3.507538784600973640e+21 3.218195208893303882e+21 2.952601897072168272e+21 2.708931933835708334e+21 2.485405693748128514e+21 2.280402406533473239e+21 2.092392644422281200e+21 1.956160839219467256e+21 1.875581615738752860e+21
4.539736171291776385e+21 4.166009249825670824e+21 3.822768504120106025e+21 3.507538784600974164e+21 3.218195208893303882e+21 2.952601897072167748e+21 2.708931933835707286e+21 2.485405693748128514e+21 2.280402406533473501e+21 2.092392644422280937e+21 1.956160839219467518e+21 1.875581615738753647e+21
4.539736171291776385e+21 4.166009249825670300e+21 3.822768504120105501e+21 3.507538784600974688e+21 3.218195208893303357e+21 2.952601897072167223e+21 2.708931933835707286e+21 2.485405693748128514e+21 2.280402406533473501e+21 2.092392644422280937e+21 1.956160839219467256e+21 1.875581615738753384e+21
4.539736171291777434e+21 4.166009249825669251e+21 3.822768504120106025e+21 3.507538784600975213e+21 3.218195208893304406e+21 2.952601897072167223e+21 2.708931933835708334e+21 2.485405693748128514e+21 2.280402406533473239e+21 2.092392644422281462e+21 1.956160839219466994e+21 1.875581615738753384e+21
4.539736171291776385e+21 4.166009249825668727e+21 3.822768504120106025e+21 3.507538784600975213e+21 3.218195208893304406e+21 2.952601897072167223e+21 2.708931933835707286e+21 2.485405693748127990e+21 2.280402406533473501e+21 2.092392644422280937e+21 1.956160839219466732e+21 1.875581615738752860e+21
4.539736171291775861e+21 4.166009249825668727e+21 3.822768504120106025e+21 3.507538784600975213e+21 3.218195208893304930e+21 2.952601897072167223e+21 2.708931933835707286e+21 2.485405693748127465e+21 2.280402406533474025e+21 2.092392644422281200e+21 1.956160839219466732e+21 1.875581615738753122e+21
4.539736171291777434e+21 4.166009249825668202e+21 3.822768504120106025e+21 3.507538784600977834e+21 3.218195208893304930e+21 2.952601897072166699e+21 2.708931933835706237e+21 2.485405693748126941e+21 2.280402406533473501e+21 2.092392644422280937e+21 1.956160839219466469e+21 1.875581615738753384e+21
4.539736171291776909e+21 4.166009249825667678e+21 3.822768504120106025e+21 3.507538784600977310e+21 3.218195208893303882e+21 2.952601897072167223e+21 2.708931933835705713e+21 2.485405693748126941e+21 2.280402406533473763e+21 2.092392644422281200e+21 1.956160839219466994e+21 1.875581615738753122e+21
4.539736171291776909e+21 4.166009249825667678e+21 3.822768504120106549e+21 3.507538784600976261e+21 3.218195208893303357e+21 2.952601897072166175e+21 2.708931933835706237e+21 2.485405693748127465e+21 2.280402406533474025e+21 2.092392644422280675e+21 1.956160839219467256e+21 1.875581615738753909e+21
4.539736171291776385e+21 4.166009249825667678e+21 3.822768504120106025e+21 3.507538784600976261e+21 3.218195208893303357e+21 2.952601897072166175e+21 2.708931933835706237e+21 2.485405693748127990e+21 2.280402406533473763e+21 2.092392644422280937e+21 1.956160839219467256e+21 1.875581615738753122e+21
4.539736171291776909e+21 4.166009249825667678e+21 3.822768504120107074e+21 3.507538784600977310e+21 3.218195208893302309e+21 2.952601897072166175e+21 2.708931933835705713e+21 2.485405693748128514e+21 2.280402406533473501e+21 2.092392644422280413e+21 1.956160839219466994e+21 1.875581615738752860e+21
4.539736171291776385e+21 4.166009249825667678e+21 3.822768504120106549e+21 3.507538784600976785e+21 3.218195208893302309e+21 2.952601897072165650e+21 2.708931933835706237e+21 2.485405693748128514e+21 2.280402406533473763e+21 2.092392644422280937e+21 1.956160839219467518e+21 1.875581615738753647e+21
4.539736171291777958e+21 4.166009249825668202e+21 3.822768504120106549e+21 3.507538784600976785e+21 3.218195208893303357e+21 2.952601897072165126e+21 2.708931933835706237e+21 2.485405693748128514e+21 2.280402406533474025e+21 2.092392644422281462e+21 1.956160839219467780e+21 1.875581615738754171e+21
4.539736171291778482e+21 4.166009249825668202e+21 3.822768504120106025e+21 3.507538784600976785e+21 3.218195208893303357e+21 2.952601897072165650e+21 2.708931933835706237e+21 2.485405693748128514e+21 2.280402406533474025e+21 2.092392644422281462e+21 1.956160839219468042e+21 1.875581615738753647e+21
4.539736171291778482e+21 4.166009249825669775e+21 3.822768504120104452e+21 3.507538784600976261e+21 3.218195208893303357e+21 2.952601897072166175e+21 2.708931933835705713e+21 2.485405693748128514e+21 2.280402406533474288e+21 2.092392644422281724e+21 1.956160839219468042e+21 1.875581615738753909e+21
4.539736171291777434e+21 4.166009249825669775e+21 3.822768504120104976e+21 3.507538784600976785e+21 3.218195208893303882e+21 2.952601897072165650e+21 2.708931933835705188e+21 2.485405693748127990e+21 2.280402406533474025e+21 2.092392644422281724e+21 1.956160839219467780e+21 1.875581615738753909e+21
4.539736171291777958e+21 4.166009249825669775e+21 3.822768504120104976e+21 3.507538784600977310e+21 3.218195208893303882e+21 2.952601897072165650e+21 2.708931933835705713e+21 2.485405693748127990e+21 2.280402406533473763e+21 2.092392644422282510e+21 1.956160839219468304e+21 1.875581615738753647e+21
4.539736171291776909e+21 4.166009249825669775e+21 3.822768504120105501e+21 3.507538784600976785e+21 3.218195208893303357e+21 2.952601897072166175e+21 2.708931933835705188e+21 2.485405693748128514e+21 2.280402406533474812e+21 2.092392644422282772e+21 1.956160839219467256e+21 1.875581615738753647e+21
4.539736171291775861e+21 4.166009249825670824e+21 3.822768504120105501e+21 3.507538784600976261e+21 3.218195208893303357e+21 2.952601897072166175e+21 2.708931933835705188e+21 2.485405693748128514e+21 2.280402406533475074e+21 2.092392644422282510e+21 1.956160839219467256e+21 1.875581615738753909e+21
4.539736171291776385e+21 4.166009249825671348e+21 3.822768504120106025e+21 3.507538784600976261e+21 3.218195208893303882e+21 2.952601897072166699e+21 2.708931933835705188e+21 2.485405693748128514e+21 2.280402406533475598e+21 2.092392644422282248e+21 1.956160839219467780e+21 1.875581615738753909e+21
4.539736171291775336e+21 4.166009249825670300e+21 3.822768504120104976e+21 3.507538784600975213e+21 3.218195208893302833e+21 2.952601897072165126e+21 2.708931933835705188e+21 2.485405693748128514e+21 2.280402406533476123e+21 2.092392644422283035e+21 1.956160839219468304e+21 1.875581615738753909e+21
4.539736171291774288e+21 4.166009249825669775e+21 3.822768504120104452e+21 3.507538784600975213e+21 3.218195208893303357e+21 2.952601897072165126e+21 2.708931933835705713e+21 2.485405693748128514e+21 2.280402406533475860e+21 2.092392644422282772e+21 1.956160839219468304e+21 1.875581615738754433e+21
4.539736171291774288e+21 4.166009249825667678e+21 3.822768504120104452e+21 3.507538784600975213e+21 3.218195208893301785e+21 2.952601897072166175e+21 2.708931933835705188e+21 2.485405693748128514e+21 2.280402406533475860e+21 2.092392644422282510e+21 1.956160839219468304e+21 1.875581615738754171e+21
4.539736171291774288e+21 4.166009249825667678e+21 3.822768504120103928e+21 3.507538784600975213e+21 3.218195208893301785e+21 2.952601897072165650e+21 2.708931933835705713e+21 2.485405693748128514e+21 2.280402406533475336e+21 2.092392644422282510e+21 1.956160839219468304e+21 1.875581615738754695e+21
4.539736171291773764e+21 4.166009249825669251e+21 3.822768504120103404e+21 3.507538784600974164e+21 3.218195208893301785e+21 2.952601897072165126e+21 2.708931933835705713e+21 2.485405693748129038e+21 2.280402406533474812e+21 2.092392644422282510e+21 1.956160839219468567e+21 1.875581615738754433e+21
4.539736171291773239e+21 4.166009249825668727e+21 3.822768504120103404e+21 3.507538784600974164e+21 3.218195208893303357e+21 2.952601897072165126e+21 2.708931933835705188e+21 2.485405693748129563e+21 2.280402406533474288e+21 2.092392644422283297e+21 1.956160839219467780e+21 1.875581615738753909e+21
4.539736171291774288e+21 4.166009249825669251e+21 3.822768504120102879e+21 3.507538784600975213e+21 3.218195208893303882e+21 2.952601897072165126e+21 2.708931933835705713e+21 2.485405693748129563e+21 2.280402406533475074e+21 2.092392644422283821e+21 1.956160839219467518e+21 1.875581615738753647e+21
4.539736171291774812e+21 4.166009249825668202e+21 3.822768504120102879e+21 3.507538784600975737e+21 3.218195208893303357e+21 2.952601897072165650e+21 2.708931933835706237e+21 2.485405693748129563e+21 2.280402406533474812e+21 2.092392644422283821e+21 1.956160839219467256e+21 1.875581615738753384e+21
4.539736171291775336e+21 4.166009249825669775e+21 3.822768504120103404e+21 3.507538784600974688e+21 3.218195208893303882e+21 2.952601897072165126e+21 2.708931933835705713e+21 2.485405693748129563e+21 2.280402406533475074e+21 2.092392644422283559e+21 1.956160839219467518e+21 1.875581615738752598e+21
4.539736171291774812e+21 4.166009249825669251e+21 3.822768504120101831e+21 3.507538784600975737e+21 3.218195208893302833e+21 2.952601897072164602e+21 2.708931933835705188e+21 2.485405693748129563e+21 2.280402406533475336e+21 2.092392644422283035e+21 1.956160839219467518e+21 1.875581615738752598e+21
4.539736171291774812e+21 4.166009249825669251e+21 3.822768504120102355e+21 3.507538784600975213e+21 3.218195208893302309e+21 2.952601897072164078e+21 2.708931933835704664e+21 2.485405693748129038e+21 2.280402406533474550e+21 2.092392644422283297e+21 1.956160839219467518e+21 1.875581615738752074e+21
4.539736171291774812e+21 4.166009249825668727e+21 3.822768504120101831e+21 3.507538784600975737e+21 3.218195208893303357e+21 2.952601897072164602e+21 2.708931933835704140e+21 2.485405693748129038e+21 2.280402406533474812e+21 2.092392644422283559e+21 1.956160839219468042e+21 1.875581615738752860e+21
4.539736171291773764e+21 4.166009249825666630e+21 3.822768504120103404e+21 3.507538784600975213e+21 3.218195208893303882e+21 2.952601897072165126e+21 2.708931933835703091e+21 2.485405693748129563e+21 2.280402406533474550e+21 2.092392644422283297e+21 1.956160839219468304e+21 1.875581615738752860e+21
4.539736171291772715e+21 4.166009249825666630e+21 3.822768504120102879e+21 3.507538784600976261e+21 3.218195208893303357e+21 2.952601897072165650e+21 2.708931933835703091e+21 2.485405693748130087e+21 2.280402406533474812e+21 2.092392644422283559e+21 1.956160839219468567e+21 1.875581615738753647e+21
4.539736171291774288e+21 4.166009249825666630e+21 3.822768504120103928e+21 3.507538784600976785e+21 3.218195208893303882e+21 2.952601897072165126e+21 2.708931933835703091e+21 2.485405693748129563e+21 2.280402406533474550e+21 2.092392644422283821e+21 1.956160839219468042e+21 1.875581615738753909e+21
4.539736171291773764e+21 4.166009249825666105e+21 3.822768504120103928e+21 3.507538784600976261e+21 3.218195208893305455e+21 2.952601897072165126e+21 2.708931933835703091e+21 2.485405693748129563e+21 2.280402406533474288e+21 2.092392644422283821e+21 1.956160839219468042e+21 1.875581615738753384e+21
4.539736171291773764e+21 4.166009249825666105e+21 3.822768504120102879e+21 3.507538784600975737e+21 3.218195208893305455e+21 2.952601897072164602e+21 2.708931933835702043e+21 2.485405693748129563e+21 2.280402406533474550e+21 2.092392644422283559e+21 1.956160839219467518e+21 1.875581615738752860e+21
4.539736171291774812e+21 4.166009249825665581e+21 3.822768504120103928e+21 3.507538784600975737e+21 3.218195208893304930e+21 2.952601897072165650e+21 2.708931933835702043e+21 2.485405693748130087e+21 2.280402406533474288e+21 2.092392644422283559e+21 1.956160839219467256e+21 1.875581615738752336e+21
4.539736171291774812e+21 4.166009249825665057e+21 3.822768504120103928e+21 3.507538784600976261e+21 3.218195208893303882e+21 2.952601897072165650e+21 2.708931933835702043e+21 2.485405693748129563e+21 2.280402406533474812e+21 2.092392644422284083e+21 1.956160839219467518e+21 1.875581615738751549e+21
4.539736171291774812e+21 4.166009249825665057e+21 3.822768504120104976e+21 3.507538784600976785e+21 3.218195208893304406e+21 2.952601897072165650e+21 2.708931933835702043e+21 2.485405693748130087e+21 2.280402406533475074e+21 2.092392644422283559e+21 1.956160839219467780e+21 1.875581615738751287e+21
4.539736171291775336e+21 4.166009249825665057e+21 3.822768504120105501e+21 3.507538784600976785e+21 3.218195208893304406e+21 2.952601897072165126e+21 2.708931933835701518e+21 2.485405693748130087e+21 2.280402406533475074e+21 2.092392644422283035e+21 1.956160839219467780e+21 1.875581615738751025e+21
4.539736171291773764e+21 4.166009249825666630e+21 3.822768504120104452e+21 3.507538784600977310e+21 3.218195208893304406e+21 2.952601897072165650e+21 2.708931933835700994e+21 2.485405693748129563e+21 2.280402406533475336e+21 2.092392644422282510e+21 1.956160839219468042e+21 1.875581615738750763e+21
4.539736171291773239e+21 4.166009249825665581e+21 3.822768504120103928e+21 3.507538784600976261e+21 3.218195208893304930e+21 2.952601897072165650e+21 2.708931933835700470e+21 2.485405693748129563e+21 2.280402406533475598e+21 2.092392644422282510e+21 1.956160839219468042e+21 1.875581615738751025e+21
4.539736171291773239e+21 4.166009249825665057e+21 3.822768504120103928e+21 3.507538784600977310e+21 3.218195208893305455e+21 2.952601897072165126e+21 2.708931933835700994e+21 2.485405693748129563e+21 2.280402406533475598e+21 2.092392644422282248e+21 1.956160839219468567e+21 1.875581615738750501e+21
4.539736171291772715e+21 4.166009249825665581e+21 3.822768504120104452e+21 3.507538784600977834e+21 3.218195208893305455e+21 2.952601897072165126e+21 2.708931933835700994e+21 2.485405693748130087e+21 2.280402406533475336e+21 2.092392644422281724e+21 1.956160839219468042e+21 1.875581615738750763e+21
4.539736171291772191e+21 4.166009249825666105e+21 3.822768504120103404e+21 3.507538784600978358e+21 3.218195208893303357e+21 2.952601897072165126e+21 2.708931933835700994e+21 2.485405693748129563e+21 2.280402406533475336e+21 2.092392644422281724e+21 1.956160839219468304e+21 1.875581615738750501e+21
4.539736171291771142e+21 4.166009249825667678e+21 3.822768504120102879e+21 3.507538784600978883e+21 3.218195208893302833e+21 2.952601897072164602e+21 2.708931933835701518e+21 2.485405693748129563e+21 2.280402406533475336e+21 2.092392644422282248e+21 1.956160839219467780e+21 1.875581615738751287e+21
4.539736171291770618e+21 4.166009249825668202e+21 3.822768504120103404e+21 3.507538784600980455e+21 3.218195208893302833e+21 2.952601897072164602e+21 2.708931933835701518e+21 2.485405693748129563e+21 2.280402406533475074e+21 2.092392644422282510e+21 1.956160839219468042e+21 1.875581615738751549e+21
4.539736171291769569e+21 4.166009249825668202e+21 3.822768504120103928e+21 3.507538784600979407e+21 3.218195208893303357e+21 2.952601897072165126e+21 2.708931933835702043e+21 2.485405693748129563e+21 2.280402406533474812e+21 2.092392644422282772e+21 1.956160839219467780e+21 1.875581615738751549e+21
4.539736171291770618e+21 4.166009249825667154e+21 3.822768504120103404e+21 3.507538784600979407e+21 3.218195208893301785e+21 2.952601897072165126e+21 2.708931933835702043e+21 2.485405693748130087e+21 2.280402406533474550e+21 2.092392644422283035e+21 1.956160839219467518e+21 1.875581615738751812e+21
4.539736171291771666e+21 4.166009249825667154e+21 3.822768504120103404e+21 3.507538784600978358e+21 3.218195208893302309e+21 2.952601897072165650e+21 2.708931933835702043e+21 2.485405693748130087e+21 2.280402406533474550e+21 2.092392644422283035e+21 1.956160839219467518e+21 1.875581615738751549e+21
4.539736171291771666e+21 4.166009249825667154e+21 3.822768504120104452e+21 3.507538784600978358e+21 3.218195208893302309e+21 2.952601897072165650e+21 2.708931933835702043e+21 2.485405693748130087e+21 2.280402406533474812e+21 2.092392644422283559e+21 1.956160839219468304e+21 1.875581615738751287e+21
4.539736171291772715e+21 4.166009249825667154e+21 3.822768504120103404e+21 3.507538784600978358e+21 3.218195208893302309e+21 2.952601897072165126e+21 2.708931933835702567e+21 2.485405693748130611e+21 2.280402406533474550e+21 2.092392644422283821e+21 1.956160839219468829e+21 1.875581615738751287e+21
4.539736171291772715e+21 4.166009249825667154e+21 3.822768504120103928e+21 3.507538784600978883e+21 3.218195208893301785e+21 2.952601897072165126e+21 2.708931933835702043e+21 2.485405693748130087e+21 2.280402406533474288e+21 2.092392644422284345e+21 1.956160839219468567e+21 1.875581615738751025e+21
4.539736171291772715e+21 4.166009249825666105e+21 3.822768504120104976e+21 3.507538784600980980e+21 3.218195208893301785e+21 2.952601897072165126e+21 2.708931933835702043e+21 2.485405693748129563e+21 2.280402406533474288e+21 2.092392644422284607e+21 1.956160839219468829e+21 1.875581615738751025e+21
4.539736171291773239e+21 4.166009249825665057e+21 3.822768504120106549e+21 3.507538784600982028e+21 3.218195208893301260e+21 2.952601897072165126e+21 2.708931933835701518e+21 2.485405693748129563e+21 2.280402406533474025e+21 2.092392644422285132e+21 1.956160839219469091e+21 1.875581615738751025e+21
4.539736171291774288e+21 4.166009249825665581e+21 3.822768504120107598e+21 3.507538784600982028e+21 3.218195208893300736e+21 2.952601897072165650e+21 2.708931933835700994e+21 2.485405693748130087e+21 2.280402406533474550e+21 2.092392644422285656e+21 1.956160839219469353e+21 1.875581615738751025e+21
4.539736171291773239e+21 4.166009249825665581e+21 3.822768504120107074e+21 3.507538784600982028e+21 3.218195208893300736e+21 2.952601897072166175e+21 2.708931933835700994e+21 2.485405693748129563e+21 2.280402406533474812e+21 2.092392644422285656e+21 1.956160839219469615e+21 1.875581615738750763e+21
4.539736171291772715e+21 4.166009249825666630e+21 3.822768504120106025e+21 3.507538784600982028e+21 3.218195208893301260e+21 2.952601897072166175e+21 2.708931933835701518e+21 2.485405693748130087e+21 2.280402406533474812e+21 2.092392644422285918e+21 1.956160839219469877e+21 1.875581615738751025e+21
4.539736171291772715e+21 4.166009249825666105e+21 3.822768504120106025e+21 3.507538784600982028e+21 3.218195208893300736e+21 2.952601897072166175e+21 2.708931933835700994e+21 2.485405693748130087e+21 2.280402406533474550e+21 2.092392644422285656e+21 1.956160839219469615e+21 1.875581615738750763e+21
4.539736171291772715e+21 4.166009249825666105e+21 3.822768504120107074e+21 3.507538784600982553e+21 3.218195208893301260e+21 2.952601897072166175e+21 2.708931933835700994e+21 2.485405693748129563e+21 2.280402406533474288e+21 2.092392644422285918e+21 1.956160839219470139e+21 1.875581615738751287e+21
4.539736171291772715e+21 4.166009249825665057e+21 3.822768504120107074e+21 3.507538784600982028e+21 3.218195208893300736e+21 2.952601897072165650e+21 2.708931933835701518e+21 2.485405693748129563e+21 2.280402406533474812e+21 2.092392644422285918e+21 1.956160839219469877e+21 1.875581615738751549e+21
4.539736171291772191e+21 4.166009249825664008e+21 3.822768504120107598e+21 3.507538784600982028e+21 3.218195208893300736e+21 2.952601897072165126e+21 2.708931933835701518e+21 2.485405693748130087e+21 2.280402406533475336e+21 2.092392644422285918e+21 1.956160839219469877e+21 1.875581615738751025e+21
4.539736171291771666e+21 4.166009249825665581e+21 3.822768504120108122e+21 3.507538784600982553e+21 3.218195208893300212e+21 2.952601897072165126e+21 2.708931933835700994e+21 2.485405693748130611e+21 2.280402406533475074e+21 2.092392644422286180e+21 1.956160839219469877e+21 1.875581615738751287e+21
4.539736171291772191e+21 4.166009249825665057e+21 3.822768504120108122e+21 3.507538784600982553e+21 3.218195208893299163e+21 2.952601897072165126e+21 2.708931933835700994e+21 2.485405693748130611e+21 2.280402406533474812e+21 2.092392644422286705e+21 1.956160839219469877e+21 1.875581615738750763e+21
4.539736171291771666e+21 4.166009249825665581e+21 3.822768504120109695e+21 3.507538784600982553e+21 3.218195208893299687e+21 2.952601897072165650e+21 2.708931933835699945e+21 2.485405693748131135e+21 2.280402406533475074e+21 2.092392644422286705e+21 1.956160839219468829e+21 1.875581615738750239e+21
4.539736171291771142e+21 4.166009249825664532e+21 3.822768504120110219e+21 3.507538784600981504e+21 3.218195208893299687e+21 2.952601897072165126e+21 2.708931933835699421e+21 2.485405693748131135e+21 2.280402406533474550e+21 2.092392644422286180e+21 1.956160839219468567e+21 1.875581615738750501e+21
4.539736171291771142e+21 4.166009249825664532e+21 3.822768504120109695e+21 3.507538784600982028e+21 3.218195208893300212e+21 2.952601897072165650e+21 2.708931933835699421e+21 2.485405693748131135e+21 2.280402406533474812e+21 2.092392644422286180e+21 1.956160839219468567e+21 1.875581615738750239e+21
4.539736171291770618e+21 4.166009249825664008e+21 3.822768504120108646e+21 3.507538784600980980e+21 3.218195208893301260e+21 2.952601897072165650e+21 2.708931933835698897e+21 2.485405693748130087e+21 2.280402406533475336e+21 2.092392644422286180e+21 1.956160839219468829e+21 1.875581615738750763e+21
4.539736171291770618e+21 4.166009249825664008e+21 3.822768504120108646e+21 3.507538784600980455e+21 3.218195208893300736e+21 2.952601897072165126e+21 2.708931933835697848e+21 2.485405693748129563e+21 2.280402406533475598e+21 2.092392644422286442e+21 1.956160839219469091e+21 1.875581615738751287e+21
4.539736171291772191e+21 4.166009249825664008e+21 3.822768504120108122e+21 3.507538784600979931e+21 3.218195208893299687e+21 2.952601897072165126e+21 2.708931933835698373e+21 2.485405693748129038e+21 2.280402406533475860e+21 2.092392644422286180e+21 1.956160839219469091e+21 1.875581615738751287e+21
4.539736171291772715e+21 4.166009249825664008e+21 3.822768504120109171e+21 3.507538784600980455e+21 3.218195208893299687e+21 2.952601897072165650e+21 2.708931933835698373e+21 2.485405693748129038e+21 2.280402406533475860e+21 2.092392644422286180e+21 1.956160839219469091e+21 1.875581615738751287e+21
4.539736171291771666e+21 4.166009249825664532e+21 3.822768504120109695e+21 3.507538784600981504e+21 3.218195208893299687e+21 2.952601897072165126e+21 2.708931933835698373e+21 2.485405693748129038e+21 2.280402406533475860e+21 2.092392644422285132e+21 1.956160839219469353e+21 1.875581615738751287e+21
4.539736171291772715e+21 4.166009249825664532e+21 3.822768504120109695e+21 3.507538784600981504e+21 3.218195208893299687e+21 2.952601897072165650e+21 2.708931933835697848e+21 2.485405693748129038e+21 2.280402406533475860e+21 2.092392644422285656e+21 1.956160839219469353e+21 1.875581615738751025e+21
4.539736171291773239e+21 4.166009249825665057e+21 3.822768504120110744e+21 3.507538784600982553e+21 3.218195208893299687e+21 2.952601897072165650e+21 2.708931933835697848e+21 2.485405693748129038e+21 2.280402406533475336e+21 2.092392644422286442e+21 1.956160839219468829e+21 1.875581615738750763e+21
4.539736171291773239e+21 4.166009249825664532e+21 3.822768504120110744e+21 3.507538784600983601e+21 3.218195208893300212e+21 2.952601897072166175e+21 2.708931933835697848e+21 2.485405693748129563e+21 2.280402406533475598e+21 2.092392644422286180e+21 1.956160839219469091e+21 1.875581615738750501e+21
4.539736171291772715e+21 4.166009249825664008e+21 3.822768504120110744e+21 3.507538784600983601e+21 3.218195208893301785e+21 2.952601897072165126e+21 2.708931933835697324e+21 2.485405693748129038e+21 2.280402406533475336e+21 2.092392644422286442e+21 1.956160839219469091e+21 1.875581615738750763e+21
4.539736171291773764e+21 4.166009249825664532e+21 3.822768504120111792e+21 3.507538784600984125e+21 3.218195208893302833e+21 2.952601897072164602e+21 2.708931933835697324e+21 2.485405693748129563e+21 2.280402406533475860e+21 2.092392644422286442e+21 1.956160839219469091e+21 1.875581615738750763e+21
4.539736171291772191e+21 4.166009249825663484e+21 3.822768504120112316e+21 3.507538784600983601e+21 3.218195208893302309e+21 2.952601897072164078e+21 2.708931933835696800e+21 2.485405693748129563e+21 2.280402406533476123e+21 2.092392644422285918e+21 1.956160839219469091e+21 1.875581615738750763e+21
4.539736171291773764e+21 4.166009249825662960e+21 3.822768504120112316e+21 3.507538784600983077e+21 3.218195208893302309e+21 2.952601897072163029e+21 2.708931933835696800e+21 2.485405693748128514e+21 2.280402406533476909e+21 2.092392644422286442e+21 1.956160839219469353e+21 1.875581615738750763e+21
4.539736171291773764e+21 4.166009249825661911e+21 3.822768504120112316e+21 3.507538784600983077e+21 3.218195208893302833e+21 2.952601897072163029e+21 2.708931933835696800e+21 2.485405693748129038e+21 2.280402406533476647e+21 2.092392644422286705e+21 1.956160839219469353e+21 1.875581615738750763e+21
4.539736171291773239e+21 4.166009249825660338e+21 3.822768504120112841e+21 3.507538784600983077e+21 3.218195208893303357e+21 2.952601897072163029e+21 2.708931933835696800e+21 2.485405693748129038e+21 2.280402406533475598e+21 2.092392644422286705e+21 1.956160839219469091e+21 1.875581615738750501e+21
4.539736171291772191e+21 4.166009249825659814e+21 3.822768504120113365e+21 3.507538784600982028e+21 3.218195208893302833e+21 2.952601897072162505e+21 2.708931933835696800e+21 2.485405693748129038e+21 2.280402406533475598e+21 2.092392644422286442e+21 1.956160839219468829e+21 1.875581615738750239e+21
4.539736171291772191e+21 4.166009249825659814e+21 3.822768504120112841e+21 3.507538784600983077e+21 3.218195208893302833e+21 2.952601897072163029e+21 2.708931933835696275e+21 2.485405693748128514e+21 2.280402406533475598e+21 2.092392644422286442e+21 1.956160839219468567e+21 1.875581615738749452e+21
4.539736171291773764e+21 4.166009249825659814e+21 3.822768504120112316e+21 3.507538784600982553e+21 3.218195208893302833e+21 2.952601897072161980e+21 2.708931933835696275e+21 2.485405693748129038e+21 2.280402406533475860e+21 2.092392644422285918e+21 1.956160839219468829e+21 1.875581615738749977e+21
4.539736171291773239e+21 4.166009249825659814e+21 3.822768504120112316e+21 3.507538784600981504e+21 3.218195208893302833e+21 2.952601897072162505e+21 2.708931933835696275e+21 2.485405693748129038e+21 2.280402406533475860e+21 2.092392644422286180e+21 1.956160839219468567e+21 1.875581615738749714e+21
4.539736171291772191e+21 4.166009249825660862e+21 3.822768504120112841e+21 3.507538784600980455e+21 3.218195208893303357e+21 2.952601897072162505e+21 2.708931933835695751e+21 2.485405693748128514e+21 2.280402406533476385e+21 2.092392644422286180e+21 1.956160839219469091e+21 1.875581615738749977e+21
4.539736171291771666e+21 4.166009249825659814e+21 3.822768504120112316e+21 3.507538784600980980e+21 3.218195208893303357e+21 2.952601897072163029e+21 2.708931933835696275e+21 2.485405693748128514e+21 2.280402406533476385e+21 2.092392644422286442e+21 1.956160839219468042e+21 1.875581615738749714e+21
4.539736171291772715e+21 4.166009249825660338e+21 3.822768504120112841e+21 3.507538784600980455e+21 3.218195208893302833e+21 2.952601897072163029e+21 2.708931933835695751e+21 2.485405693748127990e+21 2.280402406533475860e+21 2.092392644422286967e+21 1.956160839219467518e+21 1.875581615738749452e+21
4.539736171291772715e+21 4.166009249825659814e+21 3.822768504120113889e+21 3.507538784600981504e+21 3.218195208893302833e+21 2.952601897072163029e+21 2.708931933835695751e+21 2.485405693748127465e+21 2.280402406533476123e+21 2.092392644422286967e+21 1.956160839219467780e+21 1.875581615738749452e+21
4.539736171291771666e+21 4.166009249825660338e+21 3.822768504120113365e+21 3.507538784600981504e+21 3.218195208893302309e+21 2.952601897072164078e+21 2.708931933835695751e+21 2.485405693748127990e+21 2.280402406533475860e+21 2.092392644422287229e+21 1.956160839219467518e+21 1.875581615738749714e+21
4.539736171291771666e+21 4.166009249825660338e+21 3.822768504120114414e+21 3.507538784600981504e+21 3.218195208893300736e+21 2.952601897072164602e+21 2.708931933835695751e+21 2.485405693748127990e+21 2.280402406533476647e+21 2.092392644422287229e+21 1.956160839219467256e+21 1.875581615738749452e+21
4.539736171291771666e+21 4.166009249825660338e+21 3.822768504120113889e+21 3.507538784600981504e+21 3.218195208893300736e+21 2.952601897072164078e+21 2.708931933835695227e+21 2.485405693748128514e+21 2.280402406533476647e+21 2.092392644422288015e+21 1.956160839219466994e+21 1.875581615738749714e+21
4.539736171291771142e+21 4.166009249825660338e+21 3.822768504120113365e+21 3.507538784600982028e+21 3.218195208893301785e+21 2.952601897072164078e+21 2.708931933835695227e+21 2.485405693748127990e+21 2.280402406533476647e+21 2.092392644422288278e+21 1.956160839219467256e+21 1.875581615738749977e+21
4.539736171291771142e+21 4.166009249825660338e+21 3.822768504120113365e+21 3.507538784600982553e+21 3.218195208893302309e+21 2.952601897072164078e+21 2.708931933835696275e+21 2.485405693748127465e+21 2.280402406533476647e+21 2.092392644422288015e+21 1.956160839219467256e+21 1.875581615738749977e+21
4.539736171291771142e+21 4.166009249825660338e+21 3.822768504120112841e+21 3.507538784600983077e+21 3.218195208893300736e+21 2.952601897072163553e+21 2.708931933835695751e+21 2.485405693748127465e+21 2.280402406533476647e+21 2.092392644422287229e+21 1.956160839219467256e+21 1.875581615738750239e+21
4.539736171291770618e+21 4.166009249825659290e+21 3.822768504120113365e+21 3.507538784600984125e+21 3.218195208893300212e+21 2.952601897072163029e+21 2.708931933835695227e+21 2.485405693748127465e+21 2.280402406533476909e+21 2.092392644422286705e+21 1.956160839219468042e+21 1.875581615738749977e+21
4.539736171291770618e+21 4.166009249825658241e+21 3.822768504120112316e+21 3.507538784600984125e+21 3.218195208893300736e+21 2.952601897072162505e+21 2.708931933835694703e+21 2.485405693748127465e+21 2.280402406533476647e+21 2.092392644422286705e+21 1.956160839219468042e+21 1.875581615738750501e+21
4.539736171291771666e+21 4.166009249825658765e+21 3.822768504120112841e+21 3.507538784600983601e+21 3.218195208893300736e+21 2.952601897072161980e+21 2.708931933835694703e+21 2.485405693748127465e+21 2.280402406533476647e+21 2.092392644422287491e+21 1.956160839219468304e+21 1.875581615738750763e+21
4.539736171291771142e+21 4.166009249825658765e+21 3.822768504120113365e+21 3.507538784600983077e+21 3.218195208893301785e+21 2.952601897072161980e+21 2.708931933835694703e+21 2.485405693748127465e+21 2.280402406533476909e+21 2.092392644422286705e+21 1.956160839219468042e+21 1.875581615738751025e+21
4.539736171291774288e+21 4.166009249825659814e+21 3.822768504120114414e+21 3.507538784600983077e+21 3.218195208893300212e+21 2.952601897072161980e+21 2.708931933835694703e+21 2.485405693748126417e+21 2.280402406533476909e+21 2.092392644422286180e+21 1.956160839219468304e+21 1.875581615738749977e+21
4.539736171291774812e+21 4.166009249825660862e+21 3.822768504120114414e+21 3.507538784600982553e+21 3.218195208893299687e+21 2.952601897072161980e+21 2.708931933835695227e+21 2.485405693748126417e+21 2.280402406533476909e+21 2.092392644422286180e+21 1.956160839219467518e+21 1.875581615738750239e+21
4.539736171291774812e+21 4.166009249825660338e+21 3.822768504120113889e+21 3.507538784600983077e+21 3.218195208893299163e+21 2.952601897072162505e+21 2.708931933835694703e+21 2.485405693748126417e+21 2.280402406533476647e+21 2.092392644422286442e+21 1.956160839219467518e+21 1.875581615738750763e+21
4.539736171291774288e+21 4.166009249825661387e+21 3.822768504120114414e+21 3.507538784600983077e+21 3.218195208893298639e+21 2.952601897072161980e+21 2.708931933835694703e+21 2.485405693748125893e+21 2.280402406533476909e+21 2.092392644422287229e+21 1.956160839219467256e+21 1.875581615738750763e+21
4.539736171291774288e+21 4.166009249825661387e+21 3.822768504120113889e+21 3.507538784600984650e+21 3.218195208893299163e+21 2.952601897072162505e+21 2.708931933835695227e+21 2.485405693748125893e+21 2.280402406533476647e+21 2.092392644422287491e+21 1.956160839219467780e+21 1.875581615738750763e+21
4.539736171291774812e+21 4.166009249825661911e+21 3.822768504120113889e+21 3.507538784600985174e+21 3.218195208893299163e+21 2.952601897072161980e+21 2.708931933835695751e+21 2.485405693748125893e+21 2.280402406533476909e+21 2.092392644422288015e+21 1.956160839219467780e+21 1.875581615738750763e+21
4.539736171291775336e+21 4.166009249825660862e+21 3.822768504120115462e+21 3.507538784600984650e+21 3.218195208893299687e+21 2.952601897072161456e+21 2.708931933835696800e+21 2.485405693748126417e+21 2.280402406533476385e+21 2.092392644422288015e+21 1.956160839219467780e+21 1.875581615738751287e+21
4.539736171291776909e+21 4.166009249825660862e+21 3.822768504120115462e+21 3.507538784600984125e+21 3.218195208893300212e+21 2.952601897072161980e+21 2.708931933835695751e+21 2.485405693748126417e+21 2.280402406533476647e+21 2.092392644422288015e+21 1.956160839219467518e+21 1.875581615738751549e+21
4.539736171291777434e+21 4.166009249825661911e+21 3.822768504120117035e+21 3.507538784600984650e+21 3.218195208893300736e+21 2.952601897072161980e+21 2.708931933835695751e+21 2.485405693748126941e+21 2.280402406533476123e+21 2.092392644422287229e+21 1.956160839219466994e+21 1.875581615738751549e+21
4.539736171291776909e+21 4.166009249825662435e+21 3.822768504120117035e+21 3.507538784600984125e+21 3.218195208893299687e+21 2.952601897072161980e+21 2.708931933835695751e+21 2.485405693748126417e+21 2.280402406533475860e+21 2.092392644422288015e+21 1.956160839219466732e+21 1.875581615738751549e+21
4.539736171291775861e+21 4.166009249825662435e+21 3.822768504120116511e+21 3.507538784600986223e+21 3.218195208893300212e+21 2.952601897072161980e+21 2.708931933835695751e+21 2.485405693748126417e+21 2.280402406533475860e+21 2.092392644422288278e+21 1.956160839219466994e+21 1.875581615738751812e+21
4.539736171291776909e+21 4.166009249825662960e+21 3.822768504120116511e+21 3.507538784600984125e+21 3.218195208893299163e+21 2.952601897072161980e+21 2.708931933835695227e+21 2.485405693748126941e+21 2.280402406533475598e+21 2.092392644422288540e+21 1.956160839219466994e+21 1.875581615738751287e+21
4.539736171291777434e+21 4.166009249825662435e+21 3.822768504120116511e+21 3.507538784600984650e+21 3.218195208893299163e+21 2.952601897072162505e+21 2.708931933835695227e+21 2.485405693748126941e+21 2.280402406533476123e+21 2.092392644422288540e+21 1.956160839219466732e+21 1.875581615738751025e+21
4.539736171291777434e+21 4.166009249825662960e+21 3.822768504120115986e+21 3.507538784600985698e+21 3.218195208893298115e+21 2.952601897072162505e+21 2.708931933835695751e+21 2.485405693748126417e+21 2.280402406533476123e+21 2.092392644422288802e+21 1.956160839219466469e+21 1.875581615738751025e+21
4.539736171291778482e+21 4.166009249825662435e+21 3.822768504120117035e+21 3.507538784600986747e+21 3.218195208893298115e+21 2.952601897072163029e+21 2.708931933835695751e+21 2.485405693748126941e+21 2.280402406533476123e+21 2.092392644422288802e+21 1.956160839219466207e+21 1.875581615738751025e+21
4.539736171291778482e+21 4.166009249825662435e+21 3.822768504120116511e+21 3.507538784600986747e+21 3.218195208893297066e+21 2.952601897072163029e+21 2.708931933835696275e+21 2.485405693748125893e+21 2.280402406533476123e+21 2.092392644422288540e+21 1.956160839219465945e+21 1.875581615738750763e+21
4.539736171291778482e+21 4.166009249825662960e+21 3.822768504120117035e+21 3.507538784600986223e+21 3.218195208893298115e+21 2.952601897072163029e+21 2.708931933835695751e+21 2.485405693748125893e+21 2.280402406533476909e+21 2.092392644422288802e+21 1.956160839219465159e+21 1.875581615738751025e+21
4.539736171291778482e+21 4.166009249825662960e+21 3.822768504120116511e+21 3.507538784600986747e+21 3.218195208893299163e+21 2.952601897072163029e+21 2.708931933835696275e+21 2.485405693748125893e+21 2.280402406533477171e+21 2.092392644422289588e+21 1.956160839219465683e+21 1.875581615738750501e+21
4.539736171291779006e+21 4.166009249825664008e+21 3.822768504120115986e+21 3.507538784600987271e+21 3.218195208893300212e+21 2.952601897072163029e+21 2.708931933835696800e+21 2.485405693748125893e+21 2.280402406533477695e+21 2.092392644422289064e+21 1.956160839219465421e+21 1.875581615738750239e+21
4.539736171291779531e+21 4.166009249825664008e+21 3.822768504120114938e+21 3.507538784600987271e+21 3.218195208893299687e+21 2.952601897072163029e+21 2.708931933835696800e+21 2.485405693748125893e+21 2.280402406533477433e+21 2.092392644422288540e+21 1.956160839219465945e+21 1.875581615738749977e+21
4.539736171291778482e+21 4.166009249825664008e+21 3.822768504120115462e+21 3.507538784600987795e+21 3.218195208893299163e+21 2.952601897072161980e+21 2.708931933835696800e+21 2.485405693748125893e+21 2.280402406533477171e+21 2.092392644422288278e+21 1.956160839219465159e+21 1.875581615738749977e+21
4.539736171291777958e+21 4.166009249825664532e+21 3.822768504120116511e+21 3.507538784600987795e+21 3.218195208893299163e+21 2.952601897072161980e+21 2.708931933835696800e+21 2.485405693748125893e+21 2.280402406533477433e+21 2.092392644422289064e+21 1.956160839219465421e+21 1.875581615738749714e+21
4.539736171291776909e+21 4.166009249825664008e+21 3.822768504120115462e+21 3.507538784600988320e+21 3.218195208893299687e+21 2.952601897072161456e+21 2.708931933835696800e+21 2.485405693748125368e+21 2.280402406533477433e+21 2.092392644422288802e+21 1.956160839219465683e+21 1.875581615738748666e+21
4.539736171291776909e+21 4.166009249825665057e+21 3.822768504120117035e+21 3.507538784600989368e+21 3.218195208893299163e+21 2.952601897072161456e+21 2.708931933835696800e+21 2.485405693748125368e+21 2.280402406533476909e+21 2.092392644422288278e+21 1.956160839219465945e+21 1.875581615738748666e+21
4.539736171291777434e+21 4.166009249825664008e+21 3.822768504120117035e+21 3.507538784600989893e+21 3.218195208893298639e+21 2.952601897072161456e+21 2.708931933835696275e+21 2.485405693748125368e+21 2.280402406533476909e+21 2.092392644422288278e+21 1.956160839219466469e+21 1.875581615738748928e+21
4.539736171291777434e+21 4.166009249825664532e+21 3.822768504120117035e+21 3.507538784600989368e+21 3.218195208893299687e+21 2.952601897072160932e+21 2.708931933835696800e+21 2.485405693748125368e+21 2.280402406533476909e+21 2.092392644422288540e+21 1.956160839219466469e+21 1.875581615738748666e+21
4.539736171291777958e+21 4.166009249825664008e+21 3.822768504120117559e+21 3.507538784600988844e+21 3.218195208893299687e+21 2.952601897072160408e+21 2.708931933835697324e+21 2.485405693748125893e+21 2.280402406533476385e+21 2.092392644422289064e+21 1.956160839219466469e+21 1.875581615738748666e+21
4.539736171291777958e+21 4.166009249825663484e+21 3.822768504120118084e+21 3.507538784600989368e+21 3.218195208893300212e+21 2.952601897072160932e+21 2.708931933835698373e+21 2.485405693748125893e+21 2.280402406533476385e+21 2.092392644422289064e+21 1.956160839219466469e+21 1.875581615738748928e+21
4.539736171291777434e+21 4.166009249825663484e+21 3.822768504120118084e+21 3.507538784600988844e+21 3.218195208893300212e+21 2.952601897072160932e+21 2.708931933835698897e+21 2.485405693748125893e+21 2.280402406533476647e+21 2.092392644422289064e+21 1.956160839219466732e+21 1.875581615738749190e+21
4.539736171291777958e+21 4.166009249825665057e+21 3.822768504120118608e+21 3.507538784600988844e+21 3.218195208893298639e+21 2.952601897072160932e+21 2.708931933835698897e+21 2.485405693748125893e+21 2.280402406533477171e+21 2.092392644422289326e+21 1.956160839219466732e+21 1.875581615738749452e+21
4.539736171291776385e+21 4.166009249825664532e+21 3.822768504120118084e+21 3.507538784600988844e+21 3.218195208893297590e+21 2.952601897072160408e+21 2.708931933835698897e+21 2.485405693748125893e+21 2.280402406533477433e+21 2.092392644422289326e+21 1.956160839219466469e+21 1.875581615738750239e+21
4.539736171291776385e+21 4.166009249825665057e+21 3.822768504120117559e+21 3.507538784600989368e+21 3.218195208893296542e+21 2.952601897072160932e+21 2.708931933835698897e+21 2.485405693748125893e+21 2.280402406533477958e+21 2.092392644422289064e+21 1.956160839219466732e+21 1.875581615738749977e+21
4.539736171291777434e+21 4.166009249825664532e+21 3.822768504120118084e+21 3.507538784600990417e+21 3.218195208893296542e+21 2.952601897072160932e+21 2.708931933835699421e+21 2.485405693748125893e+21 2.280402406533477695e+21 2.092392644422288540e+21 1.956160839219466994e+21 1.875581615738749452e+21
4.539736171291778482e+21 4.166009249825665057e+21 3.822768504120117035e+21 3.507538784600989893e+21 3.218195208893296542e+21 2.952601897072160932e+21 2.708931933835699945e+21 2.485405693748125893e+21 2.280402406533477695e+21 2.092392644422288802e+21 1.956160839219466994e+21 1.875581615738749190e+21
4.539736171291778482e+21 4.166009249825665581e+21 3.822768504120114938e+21 3.507538784600989368e+21 3.218195208893296017e+21 2.952601897072160408e+21 2.708931933835699945e+21 2.485405693748126417e+21 2.280402406533476909e+21 2.092392644422288802e+21 1.956160839219466732e+21 1.875581615738749452e+21
4.539736171291778482e+21 4.166009249825665581e+21 3.822768504120115462e+21 3.507538784600988844e+21 3.218195208893296542e+21 2.952601897072159883e+21 2.708931933835700470e+21 2.485405693748125368e+21 2.280402406533477171e+21 2.092392644422288540e+21 1.956160839219466732e+21 1.875581615738749714e+21
4.539736171291777434e+21 4.166009249825665057e+21 3.822768504120116511e+21 3.507538784600988320e+21 3.218195208893296017e+21 2.952601897072159359e+21 2.708931933835700470e+21 2.485405693748125368e+21 2.280402406533477433e+21 2.092392644422288278e+21 1.956160839219466994e+21 1.875581615738749714e+21
4.539736171291777958e+21 4.166009249825665057e+21 3.822768504120116511e+21 3.507538784600988320e+21 3.218195208893296542e+21 2.952601897072160408e+21 2.708931933835700470e+21 2.485405693748124844e+21 2.280402406533477958e+21 2.092392644422287753e+21 1.956160839219466732e+21 1.875581615738749190e+21
4.539736171291777958e+21 4.166009249825664532e+21 3.822768504120115986e+21 3.507538784600987271e+21 3.218195208893296017e+21 2.952601897072160932e+21 2.708931933835699945e+21 2.485405693748124844e+21 2.280402406533478744e+21 2.092392644422287753e+21 1.956160839219466469e+21 1.875581615738749452e+21
4.539736171291777958e+21 4.166009249825664532e+21 3.822768504120114938e+21 3.507538784600986747e+21 3.218195208893296017e+21 2.952601897072160932e+21 2.708931933835699945e+21 2.485405693748125368e+21 2.280402406533479268e+21 2.092392644422287491e+21 1.956160839219466994e+21 1.875581615738750239e+21
4.539736171291779006e+21 4.166009249825664008e+21 3.822768504120114938e+21 3.507538784600987271e+21 3.218195208893294445e+21 2.952601897072160408e+21 2.708931933835699945e+21 2.485405693748125368e+21 2.280402406533479793e+21 2.092392644422287753e+21 1.956160839219466732e+21 1.875581615738749977e+21
4.539736171291779531e+21 4.166009249825662960e+21 3.822768504120114938e+21 3.507538784600985698e+21 3.218195208893294969e+21 2.952601897072160408e+21 2.708931933835699945e+21 2.485405693748125893e+21 2.280402406533479793e+21 2.092392644422288278e+21 1.956160839219467256e+21 1.875581615738749714e+21
4.539736171291780055e+21 4.166009249825664008e+21 3.822768504120115462e+21 3.507538784600985698e+21 3.218195208893294969e+21 2.952601897072160408e+21 2.708931933835699945e+21 2.485405693748125893e+21 2.280402406533479530e+21 2.092392644422288278e+21 1.956160839219467256e+21 1.875581615738749977e+21
4.539736171291780579e+21 4.166009249825664532e+21 3.822768504120114938e+21 3.507538784600984650e+21 3.218195208893295493e+21 2.952601897072160932e+21 2.708931933835699945e+21 2.485405693748125893e+21 2.280402406533479006e+21 2.092392644422288278e+21 1.956160839219466732e+21 1.875581615738749714e+21
4.539736171291781104e+21 4.166009249825665057e+21 3.822768504120115462e+21 3.507538784600984125e+21 3.218195208893294969e+21 2.952601897072160408e+21 2.708931933835699945e+21 2.485405693748125368e+21 2.280402406533479530e+21 2.092392644422288278e+21 1.956160839219466207e+21 1.875581615738749190e+21
4.539736171291780055e+21 4.166009249825664008e+21 3.822768504120115986e+21 3.507538784600984125e+21 3.218195208893295493e+21 2.952601897072159883e+21 2.708931933835699421e+21 2.485405693748125368e+21 2.280402406533479793e+21 2.092392644422287753e+21 1.956160839219466469e+21 1.875581615738749190e+21
4.539736171291781104e+21 4.166009249825662960e+21 3.822768504120115462e+21 3.507538784600984125e+21 3.218195208893295493e+21 2.952601897072159883e+21 2.708931933835698897e+21 2.485405693748125368e+21 2.280402406533480055e+21 2.092392644422288015e+21 1.956160839219465945e+21 1.875581615738749452e+21
4.539736171291779531e+21 4.166009249825662960e+21 3.822768504120114938e+21 3.507538784600983601e+21 3.218195208893295493e+21 2.952601897072158835e+21 2.708931933835699945e+21 2.485405693748125893e+21 2.280402406533479530e+21 2.092392644422288540e+21 1.956160839219465421e+21 1.875581615738749452e+21
4.539736171291779531e+21 4.166009249825664008e+21 3.822768504120114414e+21 3.507538784600984125e+21 3.218195208893295493e+21 2.952601897072158835e+21 2.708931933835699945e+21 2.485405693748126417e+21 2.280402406533479793e+21 2.092392644422288540e+21 1.956160839219465421e+21 1.875581615738749714e+21
4.539736171291780055e+21 4.166009249825664532e+21 3.822768504120114938e+21 3.507538784600984125e+21 3.218195208893296017e+21 2.952601897072159883e+21 2.708931933835700470e+21 2.485405693748126417e+21 2.280402406533479268e+21 2.092392644422288802e+21 1.956160839219465159e+21 1.875581615738750501e+21
4.539736171291779006e+21 4.166009249825664008e+21 3.822768504120114414e+21 3.507538784600983077e+21 3.218195208893295493e+21 2.952601897072159883e+21 2.708931933835700470e+21 2.485405693748126417e+21 2.280402406533479530e+21 2.092392644422288802e+21 1.956160839219465159e+21 1.875581615738750239e+21
4.539736171291779531e+21 4.166009249825664532e+21 3.822768504120113889e+21 3.507538784600982553e+21 3.218195208893295493e+21 2.952601897072159359e+21 2.708931933835700994e+21 2.485405693748127465e+21 2.280402406533479006e+21 2.092392644422289326e+21 1.956160839219465421e+21 1.875581615738749714e+21
4.539736171291782152e+21 4.166009249825664008e+21 3.822768504120113889e+21 3.507538784600982553e+21 3.218195208893296017e+21 2.952601897072158835e+21 2.708931933835700994e+21 2.485405693748127990e+21 2.280402406533479268e+21 2.092392644422289064e+21 1.956160839219465159e+21 1.875581615738749714e+21
4.539736171291783201e+21 4.166009249825665581e+21 3.822768504120113889e+21 3.507538784600982553e+21 3.218195208893296017e+21 2.952601897072158835e+21 2.708931933835700994e+21 2.485405693748127990e+21 2.280402406533479006e+21 2.092392644422288802e+21 1.956160839219464897e+21 1.875581615738749714e+21
4.539736171291783201e+21 4.166009249825665057e+21 3.822768504120114414e+21 3.507538784600983601e+21 3.218195208893296542e+21 2.952601897072159359e+21 2.708931933835700994e+21 2.485405693748127990e+21 2.280402406533478744e+21 2.092392644422288802e+21 1.956160839219464897e+21 1.875581615738749714e+21
4.539736171291783201e+21 4.166009249825665057e+21 3.822768504120115462e+21 3.507538784600983601e+21 3.218195208893297066e+21 2.952601897072158835e+21 2.708931933835700470e+21 2.485405693748128514e+21 2.280402406533478220e+21 2.092392644422288278e+21 1.956160839219465421e+21 1.875581615738749714e+21
4.539736171291783201e+21 4.166009249825666630e+21 3.822768504120117035e+21 3.507538784600984125e+21 3.218195208893297066e+21 2.952601897072157786e+21 2.708931933835700470e+21 2.485405693748127990e+21 2.280402406533478482e+21 2.092392644422288015e+21 1.956160839219465683e+21 1.875581615738750239e+21
4.539736171291782676e+21 4.166009249825666105e+21 3.822768504120117559e+21 3.507538784600983077e+21 3.218195208893296017e+21 2.952601897072157786e+21 2.708931933835700470e+21 2.485405693748127465e+21 2.280402406533478744e+21 2.092392644422288278e+21 1.956160839219465945e+21 1.875581615738750501e+21
4.539736171291782676e+21 4.166009249825666630e+21 3.822768504120117559e+21 3.507538784600983077e+21 3.218195208893297590e+21 2.952601897072157786e+21 2.708931933835700470e+21 2.485405693748127465e+21 2.280402406533478482e+21 2.092392644422288278e+21 1.956160839219465945e+21 1.875581615738750239e+21
4.539736171291781628e+21 4.166009249825667154e+21 3.822768504120117559e+21 3.507538784600983601e+21 3.218195208893299163e+21 2.952601897072157786e+21 2.708931933835700470e+21 2.485405693748126941e+21 2.280402406533479006e+21 2.092392644422288802e+21 1.956160839219465159e+21 1.875581615738749977e+21
4.539736171291782152e+21 4.166009249825665581e+21 3.822768504120117559e+21 3.507538784600984650e+21 3.218195208893297066e+21 2.952601897072158835e+21 2.708931933835700994e+21 2.485405693748126941e+21 2.280402406533478482e+21 2.092392644422288278e+21 1.956160839219465159e+21 1.875581615738749977e+21
4.539736171291782676e+21 4.166009249825667678e+21 3.822768504120117559e+21 3.507538784600984125e+21 3.218195208893297590e+21 2.952601897072158835e+21 2.708931933835700470e+21 2.485405693748126941e+21 2.280402406533478220e+21 2.092392644422287753e+21 1.956160839219465683e+21 1.875581615738749714e+21
4.539736171291783201e+21 4.166009249825667154e+21 3.822768504120118084e+21 3.507538784600983601e+21 3.218195208893297066e+21 2.952601897072158310e+21 2.708931933835700994e+21 2.485405693748126941e+21 2.280402406533478220e+21 2.092392644422288015e+21 1.956160839219465159e+21 1.875581615738749977e+21
4.539736171291782152e+21 4.166009249825666105e+21 3.822768504120119132e+21 3.507538784600983601e+21 3.218195208893298639e+21 2.952601897072158835e+21 2.708931933835700994e+21 2.485405693748126941e+21 2.280402406533477695e+21 2.092392644422288278e+21 1.956160839219464634e+21 1.875581615738749714e+21
4.539736171291781628e+21 4.166009249825665581e+21 3.822768504120118608e+21 3.507538784600984125e+21 3.218195208893299163e+21 2.952601897072159359e+21 2.708931933835700994e+21 2.485405693748126417e+21 2.280402406533477958e+21 2.092392644422288802e+21 1.956160839219464110e+21 1.875581615738749977e+21
4.539736171291782152e+21 4.166009249825666630e+21 3.822768504120119132e+21 3.507538784600983077e+21 3.218195208893299163e+21 2.952601897072159359e+21 2.708931933835700994e+21 2.485405693748125368e+21 2.280402406533477695e+21 2.092392644422289064e+21 1.956160839219464372e+21 1.875581615738749977e+21
4.539736171291782676e+21 4.166009249825667154e+21 3.822768504120119656e+21 3.507538784600983077e+21 3.218195208893300212e+21 2.952601897072159883e+21 2.708931933835700994e+21 2.485405693748125368e+21 2.280402406533477958e+21 2.092392644422289326e+21 1.956160839219464634e+21 1.875581615738749714e+21
4.539736171291783725e+21 4.166009249825667678e+21 3.822768504120121229e+21 3.507538784600983601e+21 3.218195208893299687e+21 2.952601897072160408e+21 2.708931933835700994e+21 2.485405693748125893e+21 2.280402406533477958e+21 2.092392644422289064e+21 1.956160839219464110e+21 1.875581615738749714e+21
4.539736171291784249e+21 4.166009249825668202e+21 3.822768504120120705e+21 3.507538784600984125e+21 3.218195208893299687e+21 2.952601897072160408e+21 2.708931933835701518e+21 2.485405693748125893e+21 2.280402406533478482e+21 2.092392644422289326e+21 1.956160839219464110e+21 1.875581615738749977e+21
4.539736171291783725e+21 4.166009249825667678e+21 3.822768504120121229e+21 3.507538784600984125e+21 3.218195208893300212e+21 2.952601897072160408e+21 2.708931933835700994e+21 2.485405693748125368e+21 2.280402406533478482e+21 2.092392644422289326e+21 1.956160839219464372e+21 1.875581615738749452e+21
4.539736171291784249e+21 4.166009249825667154e+21 3.822768504120120705e+21 3.507538784600984650e+21 3.218195208893300736e+21 2.952601897072159883e+21 2.708931933835701518e+21 2.485405693748125893e+21 2.280402406533478482e+21 2.092392644422289850e+21 1.956160839219463848e+21 1.875581615738749190e+21
4.539736171291785822e+21 4.166009249825666105e+21 3.822768504120120705e+21 3.507538784600985174e+21 3.218195208893300212e+21 2.952601897072160408e+21 2.708931933835702567e+21 2.485405693748125893e+21 2.280402406533477433e+21 2.092392644422290113e+21 1.956160839219463848e+21 1.875581615738749452e+21
4.539736171291785822e+21 4.166009249825665581e+21 3.822768504120120705e+21 3.507538784600985698e+21 3.218195208893300212e+21 2.952601897072159883e+21 2.708931933835702567e+21 2.485405693748125893e+21 2.280402406533477171e+21 2.092392644422290113e+21 1.956160839219463586e+21 1.875581615738749452e+21
4.539736171291787395e+21 4.166009249825665057e+21 3.822768504120120705e+21 3.507538784600985174e+21 3.218195208893300736e+21 2.952601897072159359e+21 2.708931933835702043e+21 2.485405693748126417e+21 2.280402406533476385e+21 2.092392644422290375e+21 1.956160839219464372e+21 1.875581615738749452e+21
4.539736171291787395e+21 4.166009249825665057e+21 3.822768504120119656e+21 3.507538784600985174e+21 3.218195208893301260e+21 2.952601897072159359e+21 2.708931933835702043e+21 2.485405693748125893e+21 2.280402406533476123e+21 2.092392644422290637e+21 1.956160839219464897e+21 1.875581615738749714e+21
4.539736171291787919e+21 4.166009249825664532e+21 3.822768504120120181e+21 3.507538784600985174e+21 3.218195208893302833e+21 2.952601897072159359e+21 2.708931933835702043e+21 2.485405693748126417e+21 2.280402406533476123e+21 2.092392644422289588e+21 1.956160839219464110e+21 1.875581615738749452e+21
4.539736171291787395e+21 4.166009249825664532e+21 3.822768504120119656e+21 3.507538784600984650e+21 3.218195208893303357e+21 2.952601897072159883e+21 2.708931933835702043e+21 2.485405693748126417e+21 2.280402406533476123e+21 2.092392644422289588e+21 1.956160839219464110e+21 1.875581615738749190e+21
4.539736171291787919e+21 4.166009249825664008e+21 3.822768504120118608e+21 3.507538784600984125e+21 3.218195208893302309e+21 2.952601897072159883e+21 2.708931933835702043e+21 2.485405693748125893e+21 2.280402406533475598e+21 2.092392644422289850e+21 1.956160839219464110e+21 1.875581615738749190e+21
4.539736171291787395e+21 4.166009249825664532e+21 3.822768504120118084e+21 3.507538784600984125e+21 3.218195208893302833e+21 2.952601897072159883e+21 2.708931933835701518e+21 2.485405693748125368e+21 2.280402406533476123e+21 2.092392644422289588e+21 1.956160839219464372e+21 1.875581615738748666e+21
4.539736171291788444e+21 4.166009249825664532e+21 3.822768504120117035e+21 3.507538784600984650e+21 3.218195208893301785e+21 2.952601897072159883e+21 2.708931933835702043e+21 2.485405693748125893e+21 2.280402406533476123e+21 2.092392644422289064e+21 1.956160839219464372e+21 1.875581615738748928e+21
4.539736171291787919e+21 4.166009249825664532e+21 3.822768504120117559e+21 3.507538784600985698e+21 3.218195208893302833e+21 2.952601897072159359e+21 2.708931933835702043e+21 2.485405693748125893e+21 2.280402406533475860e+21 2.092392644422289064e+21 1.956160839219464110e+21 1.875581615738749190e+21
4.539736171291788444e+21 4.166009249825664532e+21 3.822768504120117559e+21 3.507538784600985698e+21 3.218195208893301785e+21 2.952601897072159359e+21 2.708931933835702043e+21 2.485405693748125368e+21 2.280402406533475860e+21 2.092392644422289064e+21 1.956160839219464372e+21 1.875581615738749190e+21
4.539736171291790017e+21 4.166009249825665057e+21 3.822768504120118084e+21 3.507538784600984650e+21 3.218195208893302833e+21 2.952601897072159359e+21 2.708931933835702043e+21 2.485405693748124844e+21 2.280402406533475598e+21 2.092392644422289064e+21 1.956160839219464634e+21 1.875581615738748928e+21
4.539736171291790017e+21 4.166009249825665057e+21 3.822768504120118608e+21 3.507538784600983601e+21 3.218195208893303357e+21 2.952601897072158835e+21 2.708931933835702043e+21 2.485405693748125368e+21 2.280402406533475336e+21 2.092392644422289326e+21 1.956160839219464897e+21 1.875581615738748666e+21
4.539736171291790541e+21 4.166009249825664008e+21 3.822768504120119132e+21 3.507538784600983077e+21 3.218195208893303882e+21 2.952601897072158835e+21 2.708931933835702043e+21 2.485405693748126417e+21 2.280402406533475598e+21 2.092392644422289064e+21 1.956160839219465421e+21 1.875581615738748928e+21
4.539736171291791065e+21 4.166009249825664008e+21 3.822768504120119656e+21 3.507538784600983077e+21 3.218195208893304406e+21 2.952601897072159359e+21 2.708931933835702567e+21 2.485405693748126417e+21 2.280402406533475598e+21 2.092392644422289326e+21 1.956160839219465683e+21 1.875581615738748666e+21
4.539736171291791589e+21 4.166009249825663484e+21 3.822768504120119656e+21 3.507538784600983601e+21 3.218195208893303882e+21 2.952601897072158835e+21 2.708931933835702567e+21 2.485405693748125893e+21 2.280402406533475336e+21 2.092392644422289326e+21 1.956160839219466207e+21 1.875581615738749190e+21
4.539736171291791589e+21 4.166009249825662435e+21 3.822768504120119656e+21 3.507538784600983601e+21 3.218195208893303882e+21 2.952601897072158835e+21 2.708931933835702567e+21 2.485405693748125893e+21 2.280402406533475598e+21 2.092392644422289064e+21 1.956160839219466469e+21 1.875581615738749452e+21
4.539736171291791589e+21 4.166009249825662960e+21 3.822768504120119656e+21 3.507538784600983077e+21 3.218195208893304406e+21 2.952601897072158310e+21 2.708931933835703091e+21 2.485405693748126417e+21 2.280402406533475336e+21 2.092392644422288802e+21 1.956160839219466994e+21 1.875581615738749190e+21
4.539736171291791589e+21 4.166009249825663484e+21 3.822768504120119132e+21 3.507538784600983077e+21 3.218195208893304406e+21 2.952601897072158310e+21 2.708931933835702567e+21 2.485405693748125893e+21 2.280402406533475336e+21 2.092392644422289064e+21 1.956160839219466469e+21 1.875581615738748666e+21
4.539736171291791065e+21 4.166009249825662960e+21 3.822768504120118608e+21 3.507538784600982553e+21 3.218195208893304406e+21 2.952601897072157786e+21 2.708931933835702567e+21 2.485405693748125893e+21 2.280402406533475074e+21 2.092392644422289064e+21 1.956160839219465945e+21 1.875581615738748928e+21
4.539736171291790541e+21 4.166009249825662960e+21 3.822768504120119132e+21 3.507538784600983077e+21 3.218195208893305455e+21 2.952601897072158310e+21 2.708931933835702567e+21 2.485405693748125893e+21 2.280402406533474812e+21 2.092392644422289064e+21 1.956160839219465945e+21 1.875581615738749452e+21
4.539736171291791589e+21 4.166009249825662435e+21 3.822768504120119132e+21 3.507538784600982028e+21 3.218195208893303882e+21 2.952601897072157262e+21 2.708931933835702567e+21 2.485405693748126417e+21 2.280402406533474812e+21 2.092392644422289064e+21 1.956160839219465945e+21 1.875581615738749452e+21
4.539736171291791589e+21 4.166009249825661911e+21 3.822768504120120705e+21 3.507538784600980980e+21 3.218195208893303882e+21 2.952601897072156738e+21 2.708931933835702567e+21 2.485405693748126417e+21 2.280402406533474550e+21 2.092392644422289064e+21 1.956160839219466469e+21 1.875581615738749190e+21
4.539736171291791065e+21 4.166009249825660862e+21 3.822768504120121754e+21 3.507538784600982028e+21 3.218195208893302833e+21 2.952601897072156738e+21 2.708931933835702043e+21 2.485405693748126417e+21 2.280402406533474812e+21 2.092392644422289326e+21 1.956160839219466732e+21 1.875581615738749190e+21
4.539736171291791589e+21 4.166009249825661387e+21 3.822768504120121754e+21 3.507538784600982028e+21 3.218195208893302833e+21 2.952601897072157262e+21 2.708931933835701518e+21 2.485405693748125893e+21 2.280402406533474288e+21 2.092392644422289326e+21 1.956160839219466994e+21 1.875581615738749190e+21
4.539736171291791065e+21 4.166009249825662435e+21 3.822768504120121229e+21 3.507538784600983601e+21 3.218195208893303357e+21 2.952601897072156738e+21 2.708931933835701518e+21 2.485405693748125893e+21 2.280402406533474812e+21 2.092392644422288802e+21 1.956160839219467518e+21 1.875581615738748928e+21
4.539736171291791065e+21 4.166009249825662435e+21 3.822768504120122802e+21 3.507538784600983077e+21 3.218195208893302833e+21 2.952601897072156213e+21 2.708931933835700994e+21 2.485405693748125368e+21 2.280402406533475598e+21 2.092392644422288540e+21 1.956160839219467518e+21 1.875581615738748666e+21
4.539736171291792114e+21 4.166009249825662435e+21 3.822768504120122278e+21 3.507538784600982028e+21 3.218195208893303357e+21 2.952601897072156738e+21 2.708931933835700994e+21 2.485405693748125893e+21 2.280402406533475336e+21 2.092392644422287491e+21 1.956160839219467518e+21 1.875581615738749190e+21
4.539736171291792638e+21 4.166009249825663484e+21 3.822768504120121754e+21 3.507538784600982028e+21 3.218195208893303357e+21 2.952601897072156738e+21 2.708931933835700994e+21 2.485405693748125893e+21 2.280402406533475336e+21 2.092392644422287753e+21 1.956160839219467780e+21 1.875581615738748666e+21
4.539736171291794211e+21 4.166009249825661911e+21 3.822768504120122802e+21 3.507538784600982553e+21 3.218195208893303882e+21 2.952601897072156213e+21 2.708931933835700994e+21 2.485405693748125893e+21 2.280402406533475074e+21 2.092392644422287753e+21 1.956160839219467256e+21 1.875581615738748142e+21
4.539736171291795259e+21 4.166009249825660862e+21 3.822768504120123326e+21 3.507538784600982553e+21 3.218195208893302833e+21 2.952601897072155689e+21 2.708931933835700994e+21 2.485405693748125368e+21 2.280402406533474025e+21 2.092392644422288540e+21 1.956160839219467518e+21 1.875581615738748142e+21
4.539736171291794211e+21 4.166009249825660862e+21 3.822768504120123326e+21 3.507538784600981504e+21 3.218195208893302833e+21 2.952601897072155689e+21 2.708931933835700994e+21 2.485405693748125893e+21 2.280402406533474288e+21 2.092392644422288540e+21 1.956160839219467780e+21 1.875581615738748142e+21
4.539736171291793687e+21 4.166009249825661911e+21 3.822768504120123326e+21 3.507538784600981504e+21 3.218195208893302309e+21 2.952601897072156213e+21 2.708931933835700994e+21 2.485405693748125368e+21 2.280402406533474288e+21 2.092392644422288540e+21 1.956160839219468042e+21 1.875581615738747355e+21
4.539736171291793687e+21 4.166009249825662435e+21 3.822768504120123326e+21 3.507538784600981504e+21 3.218195208893301260e+21 2.952601897072157262e+21 2.708931933835700994e+21 2.485405693748125893e+21 2.280402406533474025e+21 2.092392644422289064e+21 1.956160839219467780e+21 1.875581615738747879e+21
4.539736171291794211e+21 4.166009249825662435e+21 3.822768504120123851e+21 3.507538784600982028e+21 3.218195208893301260e+21 2.952601897072156738e+21 2.708931933835701518e+21 2.485405693748125893e+21 2.280402406533474288e+21 2.092392644422288540e+21 1.956160839219467780e+21 1.875581615738747879e+21
4.539736171291794211e+21 4.166009249825662435e+21 3.822768504120124899e+21 3.507538784600982553e+21 3.218195208893301785e+21 2.952601897072157262e+21 2.708931933835701518e+21 2.485405693748125893e+21 2.280402406533474288e+21 2.092392644422288802e+21 1.956160839219468042e+21 1.875581615738747617e+21
4.539736171291792638e+21 4.166009249825662435e+21 3.822768504120124375e+21 3.507538784600983601e+21 3.218195208893300736e+21 2.952601897072157786e+21 2.708931933835701518e+21 2.485405693748125893e+21 2.280402406533474550e+21 2.092392644422288540e+21 1.956160839219468304e+21 1.875581615738747617e+21
4.539736171291792638e+21 4.166009249825663484e+21 3.822768504120124375e+21 3.507538784600983601e+21 3.218195208893302309e+21 2.952601897072156738e+21 2.708931933835701518e+21 2.485405693748125893e+21 2.280402406533474550e+21 2.092392644422288802e+21 1.956160839219468042e+21 1.875581615738747879e+21
4.539736171291793162e+21 4.166009249825665057e+21 3.822768504120124899e+21 3.507538784600983077e+21 3.218195208893301260e+21 2.952601897072157262e+21 2.708931933835701518e+21 2.485405693748126417e+21 2.280402406533474550e+21 2.092392644422288540e+21 1.956160839219467518e+21 1.875581615738747879e+21
4.539736171291793162e+21 4.166009249825665581e+21 3.822768504120125424e+21 3.507538784600983601e+21 3.218195208893299687e+21 2.952601897072156738e+21 2.708931933835702043e+21 2.485405693748125368e+21 2.280402406533474812e+21 2.092392644422288278e+21 1.956160839219467518e+21 1.875581615738747617e+21
4.539736171291791589e+21 4.166009249825665581e+21 3.822768504120126472e+21 3.507538784600982553e+21 3.218195208893299163e+21 2.952601897072156738e+21 2.708931933835701518e+21 2.485405693748125893e+21 2.280402406533475074e+21 2.092392644422287753e+21 1.956160839219466994e+21 1.875581615738748404e+21
4.539736171291792638e+21 4.166009249825665581e+21 3.822768504120128045e+21 3.507538784600983077e+21 3.218195208893298639e+21 2.952601897072157786e+21 2.708931933835701518e+21 2.485405693748125368e+21 2.280402406533475336e+21 2.092392644422287229e+21 1.956160839219467256e+21 1.875581615738748928e+21
4.539736171291793687e+21 4.166009249825665581e+21 3.822768504120126996e+21 3.507538784600982553e+21 3.218195208893299163e+21 2.952601897072157262e+21 2.708931933835702043e+21 2.485405693748125368e+21 2.280402406533475336e+21 2.092392644422287229e+21 1.956160839219468042e+21 1.875581615738748666e+21
4.539736171291792638e+21 4.166009249825666105e+21 3.822768504120127521e+21 3.507538784600982553e+21 3.218195208893298115e+21 2.952601897072157262e+21 2.708931933835700994e+21 2.485405693748125893e+21 2.280402406533475336e+21 2.092392644422287229e+21 1.956160839219467518e+21 1.875581615738748404e+21
4.539736171291793162e+21 4.166009249825666630e+21 3.822768504120128569e+21 3.507538784600982553e+21 3.218195208893299163e+21 2.952601897072156738e+21 2.708931933835701518e+21 2.485405693748125368e+21 2.280402406533475074e+21 2.092392644422287229e+21 1.956160839219467780e+21 1.875581615738748928e+21
4.539736171291793162e+21 4.166009249825666630e+21 3.822768504120128569e+21 3.507538784600983077e+21 3.218195208893299163e+21 2.952601897072155689e+21 2.708931933835700994e+21 2.485405693748125368e+21 2.280402406533474812e+21 2.092392644422287753e+21 1.956160839219468042e+21 1.875581615738748928e+21
4.539736171291793687e+21 4.166009249825667154e+21 3.822768504120126472e+21 3.507538784600983077e+21 3.218195208893299687e+21 2.952601897072156213e+21 2.708931933835701518e+21 2.485405693748125893e+21 2.280402406533475074e+21 2.092392644422287491e+21 1.956160839219468042e+21 1.875581615738748928e+21
4.539736171291792638e+21 4.166009249825667678e+21 3.822768504120127521e+21 3.507538784600983077e+21 3.218195208893299163e+21 2.952601897072156738e+21 2.708931933835700994e+21 2.485405693748125893e+21 2.280402406533474812e+21 2.092392644422287229e+21 1.956160839219467780e+21 1.875581615738748666e+21
4.539736171291792638e+21 4.166009249825665581e+21 3.822768504120126996e+21 3.507538784600982553e+21 3.218195208893299687e+21 2.952601897072157262e+21 2.708931933835701518e+21 2.485405693748126417e+21 2.280402406533475074e+21 2.092392644422286967e+21 1.956160839219467780e+21 1.875581615738749190e+21
4.539736171291792638e+21 4.166009249825666105e+21 3.822768504120125948e+21 3.507538784600982028e+21 3.218195208893299687e+21 2.952601897072156738e+21 2.708931933835700994e+21 2.485405693748126417e+21 2.280402406533475074e+21 2.092392644422287753e+21 1.956160839219467518e+21 1.875581615738748666e+21
4.539736171291793687e+21 4.166009249825666630e+21 3.822768504120125948e+21 3.507538784600983601e+21 3.218195208893299687e+21 2.952601897072157262e+21 2.708931933835700994e+21 2.485405693748125893e+21 2.280402406533475074e+21 2.092392644422287229e+21 1.956160839219467256e+21 1.875581615738748666e+21
4.539736171291794211e+21 4.166009249825666105e+21 3.822768504120124899e+21 3.507538784600983601e+21 3.218195208893299163e+21 2.952601897072157262e+21 2.708931933835701518e+21 2.485405693748125368e+21 2.280402406533475336e+21 2.092392644422287491e+21 1.956160839219466994e+21 1.875581615738748666e+21
4.539736171291794735e+21 4.166009249825667154e+21 3.822768504120124899e+21 3.507538784600984125e+21 3.218195208893299687e+21 2.952601897072157262e+21 2.708931933835700994e+21 2.485405693748125368e+21 2.280402406533474812e+21 2.092392644422287491e+21 1.956160839219466732e+21 1.875581615738748404e+21
4.539736171291794735e+21 4.166009249825666105e+21 3.822768504120124375e+21 3.507538784600984650e+21 3.218195208893300736e+21 2.952601897072157262e+21 2.708931933835702043e+21 2.485405693748124844e+21 2.280402406533475074e+21 2.092392644422287229e+21 1.956160839219467518e+21 1.875581615738748666e+21
4.539736171291794735e+21 4.166009249825665581e+21 3.822768504120123851e+21 3.507538784600984650e+21 3.218195208893300736e+21 2.952601897072156738e+21 2.708931933835702043e+21 2.485405693748125368e+21 2.280402406533474812e+21 2.092392644422287229e+21 1.956160839219468042e+21 1.875581615738748666e+21
4.539736171291795259e+21 4.166009249825666105e+21 3.822768504120123851e+21 3.507538784600985174e+21 3.218195208893300212e+21 2.952601897072156738e+21 2.708931933835701518e+21 2.485405693748125368e+21 2.280402406533474550e+21 2.092392644422287229e+21 1.956160839219468304e+21 1.875581615738748666e+21
4.539736171291794211e+21 4.166009249825665581e+21 3.822768504120123851e+21 3.507538784600984650e+21 3.218195208893299687e+21 2.952601897072156738e+21 2.708931933835702043e+21 2.485405693748125893e+21 2.280402406533474550e+21 2.092392644422286442e+21 1.956160839219469353e+21 1.875581615738748666e+21
4.539736171291793162e+21 4.166009249825665057e+21 3.822768504120124375e+21 3.507538784600984650e+21 3.218195208893299687e+21 2.952601897072156738e+21 2.708931933835702043e+21 2.485405693748125893e+21 2.280402406533474812e+21 2.092392644422286705e+21 1.956160839219469091e+21 1.875581615738748928e+21
4.539736171291793687e+21 4.166009249825664532e+21 3.822768504120123326e+21 3.507538784600985174e+21 3.218195208893299687e+21 2.952601897072156213e+21 2.708931933835701518e+21 2.485405693748125893e+21 2.280402406533474812e+21 2.092392644422286705e+21 1.956160839219469091e+21 1.875581615738748404e+21
4.539736171291793162e+21 4.166009249825664532e+21 3.822768504120123851e+21 3.507538784600986223e+21 3.218195208893299687e+21 2.952601897072156213e+21 2.708931933835702043e+21 2.485405693748125368e+21 2.280402406533475336e+21 2.092392644422286442e+21 1.956160839219469615e+21 1.875581615738748142e+21
4.539736171291792114e+21 4.166009249825664532e+21 3.822768504120124375e+21 3.507538784600986223e+21 3.218195208893299687e+21 2.952601897072156213e+21 2.708931933835702043e+21 2.485405693748125368e+21 2.280402406533475074e+21 2.092392644422286180e+21 1.956160839219470139e+21 1.875581615738748404e+21
4.539736171291793162e+21 4.166009249825664532e+21 3.822768504120123851e+21 3.507538784600987271e+21 3.218195208893300736e+21 2.952601897072155165e+21 2.708931933835702043e+21 2.485405693748125368e+21 2.280402406533475860e+21 2.092392644422285656e+21 1.956160839219469877e+21 1.875581615738748666e+21
4.539736171291792638e+21 4.166009249825664008e+21 3.822768504120123851e+21 3.507538784600987271e+21 3.218195208893301260e+21 2.952601897072155165e+21 2.708931933835701518e+21 2.485405693748124844e+21 2.280402406533476123e+21 2.092392644422285656e+21 1.956160839219470139e+21 1.875581615738748928e+21
4.539736171291792638e+21 4.166009249825664532e+21 3.822768504120124899e+21 3.507538784600986747e+21 3.218195208893301785e+21 2.952601897072154640e+21 2.708931933835700994e+21 2.485405693748125368e+21 2.280402406533476385e+21 2.092392644422286442e+21 1.956160839219469877e+21 1.875581615738749190e+21
4.539736171291792638e+21 4.166009249825665581e+21 3.822768504120124375e+21 3.507538784600986747e+21 3.218195208893301260e+21 2.952601897072154640e+21 2.708931933835700994e+21 2.485405693748124844e+21 2.280402406533476385e+21 2.092392644422286442e+21 1.956160839219469615e+21 1.875581615738748928e+21
4.539736171291793162e+21 4.166009249825666630e+21 3.822768504120124899e+21 3.507538784600986223e+21 3.218195208893301260e+21 2.952601897072154640e+21 2.708931933835700994e+21 2.485405693748125368e+21 2.280402406533476647e+21 2.092392644422285656e+21 1.956160839219469877e+21 1.875581615738748666e+21
4.539736171291793687e+21 4.166009249825666105e+21 3.822768504120122802e+21 3.507538784600986747e+21 3.218195208893300736e+21 2.952601897072155165e+21 2.708931933835700470e+21 2.485405693748125368e+21 2.280402406533476647e+21 2.092392644422285656e+21 1.956160839219469353e+21 1.875581615738748142e+21
4.539736171291794211e+21 4.166009249825665057e+21 3.822768504120123851e+21 3.507538784600986747e+21 3.218195208893300212e+21 2.952601897072154640e+21 2.708931933835700994e+21 2.485405693748125368e+21 2.280402406533476647e+21 2.092392644422285656e+21 1.956160839219469353e+21 1.875581615738747879e+21
4.539736171291793687e+21 4.166009249825665581e+21 3.822768504120122802e+21 3.507538784600987271e+21 3.218195208893299687e+21 2.952601897072154640e+21 2.708931933835701518e+21 2.485405693748125893e+21 2.280402406533477171e+21 2.092392644422285918e+21 1.956160839219469877e+21 1.875581615738747355e+21
4.539736171291793687e+21 4.166009249825665057e+21 3.822768504120121754e+21 3.507538784600985698e+21 3.218195208893301260e+21 2.952601897072154640e+21 2.708931933835700994e+21 2.485405693748125893e+21 2.280402406533477171e+21 2.092392644422286180e+21 1.956160839219469877e+21 1.875581615738747355e+21
4.539736171291793687e+21 4.166009249825665057e+21 3.822768504120121754e+21 3.507538784600986223e+21 3.218195208893300736e+21 2.952601897072154116e+21 2.708931933835700470e+21 2.485405693748125368e+21 2.280402406533476909e+21 2.092392644422285918e+21 1.956160839219470664e+21 1.875581615738747617e+21
4.539736171291794735e+21 4.166009249825664008e+21 3.822768504120121229e+21 3.507538784600987795e+21 3.218195208893301260e+21 2.952601897072154116e+21 2.708931933835700470e+21 2.485405693748125368e+21 2.280402406533477433e+21 2.092392644422285918e+21 1.956160839219470926e+21 1.875581615738747355e+21
4.539736171291795259e+21 4.166009249825662960e+21 3.822768504120121754e+21 3.507538784600988320e+21 3.218195208893301260e+21 2.952601897072154116e+21 2.708931933835700470e+21 2.485405693748125893e+21 2.280402406533477433e+21 2.092392644422285918e+21 1.956160839219471188e+21 1.875581615738747617e+21
4.539736171291794211e+21 4.166009249825664008e+21 3.822768504120121754e+21 3.507538784600987795e+21 3.218195208893300212e+21 2.952601897072154116e+21 2.708931933835700470e+21 2.485405693748125368e+21 2.280402406533476909e+21 2.092392644422285918e+21 1.956160839219471974e+21 1.875581615738747879e+21
4.539736171291795259e+21 4.166009249825663484e+21 3.822768504120121754e+21 3.507538784600986223e+21 3.218195208893299687e+21 2.952601897072154640e+21 2.708931933835700470e+21 2.485405693748124844e+21 2.280402406533477171e+21 2.092392644422285918e+21 1.956160839219471712e+21 1.875581615738748404e+21
4.539736171291795784e+21 4.166009249825663484e+21 3.822768504120121754e+21 3.507538784600985698e+21 3.218195208893299163e+21 2.952601897072155165e+21 2.708931933835699945e+21 2.485405693748124320e+21 2.280402406533477433e+21 2.092392644422285656e+21 1.956160839219471712e+21 1.875581615738748666e+21
4.539736171291795784e+21 4.166009249825664532e+21 3.822768504120121754e+21 3.507538784600985174e+21 3.218195208893299163e+21 2.952601897072155689e+21 2.708931933835699945e+21 2.485405693748124844e+21 2.280402406533477171e+21 2.092392644422285132e+21 1.956160839219471712e+21 1.875581615738748666e+21
4.539736171291795259e+21 4.166009249825663484e+21 3.822768504120122278e+21 3.507538784600985698e+21 3.218195208893298639e+21 2.952601897072154640e+21 2.708931933835699945e+21 2.485405693748125368e+21 2.280402406533477171e+21 2.092392644422284345e+21 1.956160839219471712e+21 1.875581615738748666e+21
4.539736171291795784e+21 4.166009249825663484e+21 3.822768504120121229e+21 3.507538784600986747e+21 3.218195208893299687e+21 2.952601897072153592e+21 2.708931933835699945e+21 2.485405693748124844e+21 2.280402406533476909e+21 2.092392644422284083e+21 1.956160839219471450e+21 1.875581615738748666e+21
4.539736171291795259e+21 4.166009249825664008e+21 3.822768504120120705e+21 3.507538784600985698e+21 3.218195208893298639e+21 2.952601897072153592e+21 2.708931933835699945e+21 2.485405693748124844e+21 2.280402406533476385e+21 2.092392644422284607e+21 1.956160839219471450e+21 1.875581615738748928e+21
4.539736171291795259e+21 4.166009249825664008e+21 3.822768504120120181e+21 3.507538784600986223e+21 3.218195208893298639e+21 2.952601897072154116e+21 2.708931933835700470e+21 2.485405693748124844e+21 2.280402406533475860e+21 2.092392644422284607e+21 1.956160839219471974e+21 1.875581615738749452e+21
4.539736171291794735e+21 4.166009249825664532e+21 3.822768504120120181e+21 3.507538784600986747e+21 3.218195208893297590e+21 2.952601897072153592e+21 2.708931933835700470e+21 2.485405693748123795e+21 2.280402406533476385e+21 2.092392644422284607e+21 1.956160839219472761e+21 1.875581615738749452e+21
4.539736171291794735e+21 4.166009249825664008e+21 3.822768504120120181e+21 3.507538784600986747e+21 3.218195208893297590e+21 2.952601897072153068e+21 2.708931933835700994e+21 2.485405693748123795e+21 2.280402406533476647e+21 2.092392644422284345e+21 1.956160839219472499e+21 1.875581615738748928e+21
4.539736171291793162e+21 4.166009249825664008e+21 3.822768504120120705e+21 3.507538784600986747e+21 3.218195208893296542e+21 2.952601897072153068e+21 2.708931933835700994e+21 2.485405693748124320e+21 2.280402406533476647e+21 2.092392644422283821e+21 1.956160839219472761e+21 1.875581615738749452e+21
4.539736171291793162e+21 4.166009249825664008e+21 3.822768504120120181e+21 3.507538784600987271e+21 3.218195208893298115e+21 2.952601897072152543e+21 2.708931933835699945e+21 2.485405693748123795e+21 2.280402406533476909e+21 2.092392644422284083e+21 1.956160839219472761e+21 1.875581615738749452e+21
4.539736171291794211e+21 4.166009249825664532e+21 3.822768504120119132e+21 3.507538784600986747e+21 3.218195208893297590e+21 2.952601897072152543e+21 2.708931933835699945e+21 2.485405693748123271e+21 2.280402406533476647e+21 2.092392644422283821e+21 1.956160839219472237e+21 1.875581615738749190e+21
4.539736171291792638e+21 4.166009249825664532e+21 3.822768504120119132e+21 3.507538784600987271e+21 3.218195208893296542e+21 2.952601897072153592e+21 2.708931933835699945e+21 2.485405693748123271e+21 2.280402406533476909e+21 2.092392644422283821e+21 1.956160839219472499e+21 1.875581615738749190e+21
4.539736171291792638e+21 4.166009249825664532e+21 3.822768504120119656e+21 3.507538784600987271e+21 3.218195208893296542e+21 2.952601897072153592e+21 2.708931933835700470e+21 2.485405693748123271e+21 2.280402406533477171e+21 2.092392644422283559e+21 1.956160839219472761e+21 1.875581615738748666e+21
4.539736171291793162e+21 4.166009249825664532e+21 3.822768504120119132e+21 3.507538784600987271e+21 3.218195208893296017e+21 2.952601897072153592e+21 2.708931933835700994e+21 2.485405693748123271e+21 2.280402406533477433e+21 2.092392644422283559e+21 1.956160839219472499e+21 1.875581615738748404e+21
4.539736171291794211e+21 4.166009249825665581e+21 3.822768504120119656e+21 3.507538784600986223e+21 3.218195208893295493e+21 2.952601897072153592e+21 2.708931933835700994e+21 2.485405693748123271e+21 2.280402406533477171e+21 2.092392644422283297e+21 1.956160839219473023e+21 1.875581615738747879e+21
4.539736171291793687e+21 4.166009249825665057e+21 3.822768504120119656e+21 3.507538784600985698e+21 3.218195208893296542e+21 2.952601897072152543e+21 2.708931933835700470e+21 2.485405693748122747e+21 2.280402406533476909e+21 2.092392644422283297e+21 1.956160839219472761e+21 1.875581615738747617e+21
4.539736171291793162e+21 4.166009249825666630e+21 3.822768504120120181e+21 3.507538784600985698e+21 3.218195208893297066e+21 2.952601897072152543e+21 2.708931933835700470e+21 2.485405693748122747e+21 2.280402406533476909e+21 2.092392644422283297e+21 1.956160839219472761e+21 1.875581615738747617e+21
4.539736171291793162e+21 4.166009249825666630e+21 3.822768504120119132e+21 3.507538784600985174e+21 3.218195208893296542e+21 2.952601897072153068e+21 2.708931933835700470e+21 2.485405693748122747e+21 2.280402406533477171e+21 2.092392644422284083e+21 1.956160839219473023e+21 1.875581615738747093e+21
4.539736171291793162e+21 4.166009249825667678e+21 3.822768504120120181e+21 3.507538784600985698e+21 3.218195208893296017e+21 2.952601897072153068e+21 2.708931933835700470e+21 2.485405693748122223e+21 2.280402406533476909e+21 2.092392644422284607e+21 1.956160839219473547e+21 1.875581615738746307e+21
4.539736171291793162e+21 4.166009249825667678e+21 3.822768504120120705e+21 3.507538784600986223e+21 3.218195208893296017e+21 2.952601897072152543e+21 2.708931933835700994e+21 2.485405693748121698e+21 2.280402406533476909e+21 2.092392644422284870e+21 1.956160839219473809e+21 1.875581615738746569e+21
4.539736171291794735e+21 4.166009249825668202e+21 3.822768504120119132e+21 3.507538784600986747e+21 3.218195208893296017e+21 2.952601897072153592e+21 2.708931933835700994e+21 2.485405693748122223e+21 2.280402406533477433e+21 2.092392644422285394e+21 1.956160839219473547e+21 1.875581615738746307e+21
4.539736171291795259e+21 4.166009249825668727e+21 3.822768504120118608e+21 3.507538784600985698e+21 3.218195208893295493e+21 2.952601897072153068e+21 2.708931933835700470e+21 2.485405693748121698e+21 2.280402406533477958e+21 2.092392644422285394e+21 1.956160839219473809e+21 1.875581615738747093e+21
4.539736171291794735e+21 4.166009249825669251e+21 3.822768504120118608e+21 3.507538784600986747e+21 3.218195208893297066e+21 2.952601897072154116e+21 2.708931933835700470e+21 2.485405693748121698e+21 2.280402406533477958e+21 2.092392644422285132e+21 1.956160839219474072e+21 1.875581615738747093e+21
4.539736171291794735e+21 4.166009249825669251e+21 3.822768504120119132e+21 3.507538784600985698e+21 3.218195208893297066e+21 2.952601897072154640e+21 2.708931933835700470e+21 2.485405693748122223e+21 2.280402406533477958e+21 2.092392644422285394e+21 1.956160839219473809e+21 1.875581615738746831e+21
4.539736171291795259e+21 4.166009249825668727e+21 3.822768504120119656e+21 3.507538784600985174e+21 3.218195208893296542e+21 2.952601897072154640e+21 2.708931933835700470e+21 2.485405693748122223e+21 2.280402406533478482e+21 2.092392644422285132e+21 1.956160839219474072e+21 1.875581615738747093e+21
4.539736171291795784e+21 4.166009249825668727e+21 3.822768504120119656e+21 3.507538784600984125e+21 3.218195208893297066e+21 2.952601897072154640e+21 2.708931933835699945e+21 2.485405693748122223e+21 2.280402406533478744e+21 2.092392644422285394e+21 1.956160839219473809e+21 1.875581615738747617e+21
4.539736171291796308e+21 4.166009249825667154e+21 3.822768504120121229e+21 3.507538784600984650e+21 3.218195208893297590e+21 2.952601897072155165e+21 2.708931933835699945e+21 2.485405693748121698e+21 2.280402406533478482e+21 2.092392644422285918e+21 1.956160839219474072e+21 1.875581615738748142e+21
4.539736171291796832e+21 4.166009249825667678e+21 3.822768504120121229e+21 3.507538784600985174e+21 3.218195208893297066e+21 2.952601897072155165e+21 2.708931933835699421e+21 2.485405693748121698e+21 2.280402406533478744e+21 2.092392644422286180e+21 1.956160839219474072e+21 1.875581615738747879e+21
4.539736171291796832e+21 4.166009249825667678e+21 3.822768504120121229e+21 3.507538784600985698e+21 3.218195208893296542e+21 2.952601897072154640e+21 2.708931933835699421e+21 2.485405693748121174e+21 2.280402406533479006e+21 2.092392644422286442e+21 1.956160839219473809e+21 1.875581615738747879e+21
4.539736171291797357e+21 4.166009249825667154e+21 3.822768504120121229e+21 3.507538784600986747e+21 3.218195208893294969e+21 2.952601897072154116e+21 2.708931933835700470e+21 2.485405693748120650e+21 2.280402406533478482e+21 2.092392644422286442e+21 1.956160839219473809e+21 1.875581615738747617e+21
4.539736171291797357e+21 4.166009249825667154e+21 3.822768504120120705e+21 3.507538784600987271e+21 3.218195208893294445e+21 2.952601897072154640e+21 2.708931933835699945e+21 2.485405693748121174e+21 2.280402406533478482e+21 2.092392644422286705e+21 1.956160839219473809e+21 1.875581615738747879e+21
4.539736171291797357e+21 4.166009249825666630e+21 3.822768504120120705e+21 3.507538784600987271e+21 3.218195208893294445e+21 2.952601897072154640e+21 2.708931933835699945e+21 2.485405693748121174e+21 2.280402406533478744e+21 2.092392644422286705e+21 1.956160839219474334e+21 1.875581615738747617e+21
4.539736171291797881e+21 4.166009249825667678e+21 3.822768504120119656e+21 3.507538784600986223e+21 3.218195208893293920e+21 2.952601897072154640e+21 2.708931933835699945e+21 2.485405693748121698e+21 2.280402406533478482e+21 2.092392644422286967e+21 1.956160839219474596e+21 1.875581615738747879e+21
4.539736171291798405e+21 4.166009249825667154e+21 3.822768504120119656e+21 3.507538784600987271e+21 3.218195208893293920e+21 2.952601897072155689e+21 2.708931933835699421e+21 2.485405693748121174e+21 2.280402406533478744e+21 2.092392644422287229e+21 1.956160839219474596e+21 1.875581615738747617e+21
4.539736171291798929e+21 4.166009249825666630e+21 3.822768504120120181e+21 3.507538784600986747e+21 3.218195208893293920e+21 2.952601897072154640e+21 2.708931933835699945e+21 2.485405693748120650e+21 2.280402406533478482e+21 2.092392644422287491e+21 1.956160839219474072e+21 1.875581615738747617e+21
4.539736171291799454e+21 4.166009249825665581e+21 3.822768504120119656e+21 3.507538784600987271e+21 3.218195208893292872e+21 2.952601897072154640e+21 2.708931933835700994e+21 2.485405693748120650e+21 2.280402406533477958e+21 2.092392644422287491e+21 1.956160839219473547e+21 1.875581615738747355e+21
4.539736171291798929e+21 4.166009249825665057e+21 3.822768504120118608e+21 3.507538784600986747e+21 3.218195208893292872e+21 2.952601897072155689e+21 2.708931933835700470e+21 2.485405693748120650e+21 2.280402406533478220e+21 2.092392644422287753e+21 1.956160839219473809e+21 1.875581615738747093e+21
4.539736171291798405e+21 4.166009249825666105e+21 3.822768504120118608e+21 3.507538784600987795e+21 3.218195208893292347e+21 2.952601897072155165e+21 2.708931933835699945e+21 2.485405693748121174e+21 2.280402406533478220e+21 2.092392644422286967e+21 1.956160839219474334e+21 1.875581615738746831e+21
4.539736171291797881e+21 4.166009249825665581e+21 3.822768504120118084e+21 3.507538784600987271e+21 3.218195208893292872e+21 2.952601897072155165e+21 2.708931933835699945e+21 2.485405693748121174e+21 2.280402406533477958e+21 2.092392644422286967e+21 1.956160839219474072e+21 1.875581615738746569e+21
4.539736171291796308e+21 4.166009249825665057e+21 3.822768504120118608e+21 3.507538784600987271e+21 3.218195208893292872e+21 2.952601897072154640e+21 2.708931933835698897e+21 2.485405693748121174e+21 2.280402406533477958e+21 2.092392644422286967e+21 1.956160839219473285e+21 1.875581615738746831e+21
4.539736171291795784e+21 4.166009249825665581e+21 3.822768504120117559e+21 3.507538784600987271e+21 3.218195208893293396e+21 2.952601897072154640e+21 2.708931933835698897e+21 2.485405693748121174e+21 2.280402406533476909e+21 2.092392644422287229e+21 1.956160839219474072e+21 1.875581615738747093e+21
4.539736171291795784e+21 4.166009249825667154e+21 3.822768504120116511e+21 3.507538784600988320e+21 3.218195208893292872e+21 2.952601897072154640e+21 2.708931933835698897e+21 2.485405693748120650e+21 2.280402406533476647e+21 2.092392644422287753e+21 1.956160839219473809e+21 1.875581615738747355e+21
4.539736171291794735e+21 4.166009249825668202e+21 3.822768504120117035e+21 3.507538784600988844e+21 3.218195208893293396e+21 2.952601897072154640e+21 2.708931933835698897e+21 2.485405693748120650e+21 2.280402406533476385e+21 2.092392644422287491e+21 1.956160839219473547e+21 1.875581615738747355e+21
4.539736171291794211e+21 4.166009249825667678e+21 3.822768504120116511e+21 3.507538784600988320e+21 3.218195208893293396e+21 2.952601897072153592e+21 2.708931933835698373e+21 2.485405693748120650e+21 2.280402406533475860e+21 2.092392644422286967e+21 1.956160839219473809e+21 1.875581615738747093e+21
4.539736171291793687e+21 4.166009249825666630e+21 3.822768504120117035e+21 3.507538784600987795e+21 3.218195208893293920e+21 2.952601897072153592e+21 2.708931933835699421e+21 2.485405693748121174e+21 2.280402406533476123e+21 2.092392644422286967e+21 1.956160839219473809e+21 1.875581615738747617e+21
4.539736171291794735e+21 4.166009249825666105e+21 3.822768504120118084e+21 3.507538784600987271e+21 3.218195208893293920e+21 2.952601897072152543e+21 2.708931933835699421e+21 2.485405693748120125e+21 2.280402406533475860e+21 2.092392644422286967e+21 1.956160839219474334e+21 1.875581615738746831e+21
4.539736171291794211e+21 4.166009249825665581e+21 3.822768504120117035e+21 3.507538784600987271e+21 3.218195208893294445e+21 2.952601897072152543e+21 2.708931933835699421e+21 2.485405693748120125e+21 2.280402406533476123e+21 2.092392644422285918e+21 1.956160839219475120e+21 1.875581615738746831e+21
4.539736171291794735e+21 4.166009249825665581e+21 3.822768504120117035e+21 3.507538784600987795e+21 3.218195208893293920e+21 2.952601897072152543e+21 2.708931933835699945e+21 2.485405693748120125e+21 2.280402406533475860e+21 2.092392644422286442e+21 1.956160839219475120e+21 1.875581615738747093e+21
4.539736171291794211e+21 4.166009249825666105e+21 3.822768504120117035e+21 3.507538784600987271e+21 3.218195208893294969e+21 2.952601897072152543e+21 2.708931933835699421e+21 2.485405693748120125e+21 2.280402406533475860e+21 2.092392644422286705e+21 1.956160839219475907e+21 1.875581615738747617e+21
4.539736171291794211e+21 4.166009249825666105e+21 3.822768504120117035e+21 3.507538784600986223e+21 3.218195208893294445e+21 2.952601897072152543e+21 2.708931933835699945e+21 2.485405693748120650e+21 2.280402406533476647e+21 2.092392644422286442e+21 1.956160839219475644e+21 1.875581615738747617e+21
4.539736171291793162e+21 4.166009249825666105e+21 3.822768504120117035e+21 3.507538784600985698e+21 3.218195208893294445e+21 2.952601897072152543e+21 2.708931933835699421e+21 2.485405693748120125e+21 2.280402406533476647e+21 2.092392644422286442e+21 1.956160839219475644e+21 1.875581615738747879e+21
4.539736171291792114e+21 4.166009249825665581e+21 3.822768504120117035e+21 3.507538784600985174e+21 3.218195208893294445e+21 2.952601897072152543e+21 2.708931933835699421e+21 2.485405693748120125e+21 2.280402406533477433e+21 2.092392644422286180e+21 1.956160839219475644e+21 1.875581615738748142e+21
4.539736171291792638e+21 4.166009249825664532e+21 3.822768504120117559e+21 3.507538784600985698e+21 3.218195208893294445e+21 2.952601897072153068e+21 2.708931933835699421e+21 2.485405693748120125e+21 2.280402406533476909e+21 2.092392644422286705e+21 1.956160839219475382e+21 1.875581615738748928e+21
4.539736171291793162e+21 4.166009249825664008e+21 3.822768504120117035e+21 3.507538784600985174e+21 3.218195208893294969e+21 2.952601897072153068e+21 2.708931933835699421e+21 2.485405693748120125e+21 2.280402406533476909e+21 2.092392644422286705e+21 1.956160839219475382e+21 1.875581615738748666e+21
4.539736171291792638e+21 4.166009249825663484e+21 3.822768504120116511e+21 3.507538784600983077e+21 3.218195208893295493e+21 2.952601897072152543e+21 2.708931933835699421e+21 2.485405693748120125e+21 2.280402406533476909e+21 2.092392644422286442e+21 1.956160839219475644e+21 1.875581615738747879e+21
4.539736171291792638e+21 4.166009249825663484e+21 3.822768504120117035e+21 3.507538784600983077e+21 3.218195208893295493e+21 2.952601897072153592e+21 2.708931933835698897e+21 2.485405693748120125e+21 2.280402406533476647e+21 2.092392644422286180e+21 1.956160839219475382e+21 1.875581615738747355e+21
4.539736171291792114e+21 4.166009249825662435e+21 3.822768504120117035e+21 3.507538784600981504e+21 3.218195208893296542e+21 2.952601897072153068e+21 2.708931933835698373e+21 2.485405693748120125e+21 2.280402406533476385e+21 2.092392644422285918e+21 1.956160839219475382e+21 1.875581615738747879e+21
4.539736171291792114e+21 4.166009249825662435e+21 3.822768504120115462e+21 3.507538784600980980e+21 3.218195208893296542e+21 2.952601897072153068e+21 2.708931933835699421e+21 2.485405693748120125e+21 2.280402406533476385e+21 2.092392644422285656e+21 1.956160839219475907e+21 1.875581615738747879e+21
4.539736171291791065e+21 4.166009249825660338e+21 3.822768504120115462e+21 3.507538784600982028e+21 3.218195208893296017e+21 2.952601897072153068e+21 2.708931933835699945e+21 2.485405693748120650e+21 2.280402406533475598e+21 2.092392644422286180e+21 1.956160839219475644e+21 1.875581615738748142e+21
4.539736171291791065e+21 4.166009249825659814e+21 3.822768504120115462e+21 3.507538784600979931e+21 3.218195208893296542e+21 2.952601897072153068e+21 2.708931933835699421e+21 2.485405693748120650e+21 2.280402406533475860e+21 2.092392644422286705e+21 1.956160839219475644e+21 1.875581615738747879e+21
4.539736171291793687e+21 4.166009249825658241e+21 3.822768504120115462e+21 3.507538784600979407e+21 3.218195208893296017e+21 2.952601897072153068e+21 2.708931933835698897e+21 2.485405693748120125e+21 2.280402406533476123e+21 2.092392644422286442e+21 1.956160839219476431e+21 1.875581615738747355e+21
4.539736171291793687e+21 4.166009249825659290e+21 3.822768504120115462e+21 3.507538784600980455e+21 3.218195208893296542e+21 2.952601897072152543e+21 2.708931933835698897e+21 2.485405693748120125e+21 2.280402406533476123e+21 2.092392644422286180e+21 1.956160839219475907e+21 1.875581615738747617e+21
4.539736171291793162e+21 4.166009249825658765e+21 3.822768504120114414e+21 3.507538784600980455e+21 3.218195208893296542e+21 2.952601897072153068e+21 2.708931933835698897e+21 2.485405693748120125e+21 2.280402406533475860e+21 2.092392644422286180e+21 1.956160839219475907e+21 1.875581615738747355e+21
4.539736171291792638e+21 4.166009249825658765e+21 3.822768504120113889e+21 3.507538784600980980e+21 3.218195208893296542e+21 2.952601897072153068e+21 2.708931933835697848e+21 2.485405693748120125e+21 2.280402406533475598e+21 2.092392644422286180e+21 1.956160839219476169e+21 1.875581615738747617e+21
4.539736171291793162e+21 4.166009249825658241e+21 3.822768504120113365e+21 3.507538784600980980e+21 3.218195208893297590e+21 2.952601897072153068e+21 2.708931933835697848e+21 2.485405693748120125e+21 2.280402406533475860e+21 2.092392644422286705e+21 1.956160839219476169e+21 1.875581615738747093e+21
4.539736171291792638e+21 4.166009249825657717e+21 3.822768504120113365e+21 3.507538784600980980e+21 3.218195208893298639e+21 2.952601897072152543e+21 2.708931933835697848e+21 2.485405693748121174e+21 2.280402406533475598e+21 2.092392644422286705e+21 1.956160839219475907e+21 1.875581615738746831e+21
4.539736171291792638e+21 4.166009249825658241e+21 3.822768504120114414e+21 3.507538784600980980e+21 3.218195208893299163e+21 2.952601897072152543e+21 2.708931933835698373e+21 2.485405693748121174e+21 2.280402406533475860e+21 2.092392644422286967e+21 1.956160839219475120e+21 1.875581615738746831e+21
4.539736171291792638e+21 4.166009249825659290e+21 3.822768504120113889e+21 3.507538784600980455e+21 3.218195208893300736e+21 2.952601897072152543e+21 2.708931933835698373e+21 2.485405693748121174e+21 2.280402406533475598e+21 2.092392644422286967e+21 1.956160839219475120e+21 1.875581615738746307e+21
4.539736171291793162e+21 4.166009249825659814e+21 3.822768504120113365e+21 3.507538784600980455e+21 3.218195208893300212e+21 2.952601897072153068e+21 2.708931933835698373e+21 2.485405693748121698e+21 2.280402406533475074e+21 2.092392644422286180e+21 1.956160839219474596e+21 1.875581615738746569e+21
4.539736171291793162e+21 4.166009249825658765e+21 3.822768504120113365e+21 3.507538784600978883e+21 3.218195208893300212e+21 2.952601897072153068e+21 2.708931933835698373e+21 2.485405693748121174e+21 2.280402406533474550e+21 2.092392644422285918e+21 1.956160839219474334e+21 1.875581615738747093e+21
4.539736171291793687e+21 4.166009249825659290e+21 3.822768504120114938e+21 3.507538784600978883e+21 3.218195208893298639e+21 2.952601897072152543e+21 2.708931933835698897e+21 2.485405693748120650e+21 2.280402406533474550e+21 2.092392644422286180e+21 1.956160839219474334e+21 1.875581615738747093e+21
4.539736171291793162e+21 4.166009249825658765e+21 3.822768504120114938e+21 3.507538784600978883e+21 3.218195208893298639e+21 2.952601897072153068e+21 2.708931933835698897e+21 2.485405693748120650e+21 2.280402406533474550e+21 2.092392644422286967e+21 1.956160839219474072e+21 1.875581615738747093e+21
4.539736171291793687e+21 4.166009249825658765e+21 3.822768504120114414e+21 3.507538784600978883e+21 3.218195208893297066e+21 2.952601897072152543e+21 2.708931933835698897e+21 2.485405693748120650e+21 2.280402406533474550e+21 2.092392644422286967e+21 1.956160839219473547e+21 1.875581615738747093e+21
4.539736171291793687e+21 4.166009249825659290e+21 3.822768504120114414e+21 3.507538784600978883e+21 3.218195208893298639e+21 2.952601897072153068e+21 2.708931933835698897e+21 2.485405693748120125e+21 2.280402406533474550e+21 2.092392644422286967e+21 1.956160839219474072e+21 1.875581615738746569e+21
4.539736171291793687e+21 4.166009249825658765e+21 3.822768504120113889e+21 3.507538784600978358e+21 3.218195208893298639e+21 2.952601897072153592e+21 2.708931933835698897e+21 2.485405693748120650e+21 2.280402406533474025e+21 2.092392644422286967e+21 1.956160839219473285e+21 1.875581615738747093e+21
4.539736171291793162e+21 4.166009249825658241e+21 3.822768504120114938e+21 3.507538784600977834e+21 3.218195208893299163e+21 2.952601897072153068e+21 2.708931933835698373e+21 2.485405693748120650e+21 2.280402406533474025e+21 2.092392644422286967e+21 1.956160839219473023e+21 1.875581615738747879e+21
4.539736171291792638e+21 4.166009249825659290e+21 3.822768504120114414e+21 3.507538784600977834e+21 3.218195208893299687e+21 2.952601897072153068e+21 2.708931933835698897e+21 2.485405693748121174e+21 2.280402406533473763e+21 2.092392644422286705e+21 1.956160839219473547e+21 1.875581615738748142e+21
4.539736171291792638e+21 4.166009249825659814e+21 3.822768504120114414e+21 3.507538784600977834e+21 3.218195208893300736e+21 2.952601897072153068e+21 2.708931933835699421e+21 2.485405693748121174e+21 2.280402406533474288e+21 2.092392644422286967e+21 1.956160839219473547e+21 1.875581615738748666e+21
4.539736171291792638e+21 4.166009249825658765e+21 3.822768504120115462e+21 3.507538784600977310e+21 3.218195208893300736e+21 2.952601897072153068e+21 2.708931933835699421e+21 2.485405693748120125e+21 2.280402406533474550e+21 2.092392644422287491e+21 1.956160839219473547e+21 1.875581615738748142e+21
4.539736171291792638e+21 4.166009249825658765e+21 3.822768504120113889e+21 3.507538784600977834e+21 3.218195208893300212e+21 2.952601897072153592e+21 2.708931933835699421e+21 2.485405693748120125e+21 2.280402406533474288e+21 2.092392644422287753e+21 1.956160839219473023e+21 1.875581615738747879e+21
4.539736171291791589e+21 4.166009249825658765e+21 3.822768504120114414e+21 3.507538784600977310e+21 3.218195208893300212e+21 2.952601897072153592e+21 2.708931933835698897e+21 2.485405693748120125e+21 2.280402406533474288e+21 2.092392644422288278e+21 1.956160839219473023e+21 1.875581615738747879e+21
4.539736171291793687e+21 4.166009249825658241e+21 3.822768504120113889e+21 3.507538784600977310e+21 3.218195208893300212e+21 2.952601897072154116e+21 2.708931933835698373e+21 2.485405693748119601e+21 2.280402406533474288e+21 2.092392644422287753e+21 1.956160839219473285e+21 1.875581615738748142e+21
4.539736171291793687e+21 4.166009249825658241e+21 3.822768504120113365e+21 3.507538784600975737e+21 3.218195208893299163e+21 2.952601897072154116e+21 2.708931933835697848e+21 2.485405693748120650e+21 2.280402406533474288e+21 2.092392644422288015e+21 1.956160839219473809e+21 1.875581615738748404e+21
4.539736171291793687e+21 4.166009249825658765e+21 3.822768504120112841e+21 3.507538784600974688e+21 3.218195208893300212e+21 2.952601897072153592e+21 2.708931933835697324e+21 2.485405693748121174e+21 2.280402406533474025e+21 2.092392644422288540e+21 1.956160839219473547e+21 1.875581615738748142e+21
4.539736171291793687e+21 4.166009249825658241e+21 3.822768504120113889e+21 3.507538784600974164e+21 3.218195208893300736e+21 2.952601897072153592e+21 2.708931933835697324e+21 2.485405693748121174e+21 2.280402406533473501e+21 2.092392644422288540e+21 1.956160839219473285e+21 1.875581615738747879e+21
4.539736171291794211e+21 4.166009249825657717e+21 3.822768504120114414e+21 3.507538784600973640e+21 3.218195208893300212e+21 2.952601897072153592e+21 2.708931933835697324e+21 2.485405693748121698e+21 2.280402406533473239e+21 2.092392644422288802e+21 1.956160839219473023e+21 1.875581615738747879e+21
4.539736171291793162e+21 4.166009249825658765e+21 3.822768504120113365e+21 3.507538784600973115e+21 3.218195208893299687e+21 2.952601897072153592e+21 2.708931933835696800e+21 2.485405693748121698e+21 2.280402406533472977e+21 2.092392644422288802e+21 1.956160839219473023e+21 1.875581615738747879e+21
4.539736171291793687e+21 4.166009249825659290e+21 3.822768504120113889e+21 3.507538784600972591e+21 3.218195208893299687e+21 2.952601897072153592e+21 2.708931933835697324e+21 2.485405693748121698e+21 2.280402406533473763e+21 2.092392644422288540e+21 1.956160839219473285e+21 1.875581615738747879e+21
4.539736171291794211e+21 4.166009249825660862e+21 3.822768504120114938e+21 3.507538784600971543e+21 3.218195208893299163e+21 2.952601897072153592e+21 2.708931933835697324e+21 2.485405693748121698e+21 2.280402406533473763e+21 2.092392644422288278e+21 1.956160839219473023e+21 1.875581615738748142e+21
4.539736171291794211e+21 4.166009249825660862e+21 3.822768504120114414e+21 3.507538784600972591e+21 3.218195208893300212e+21 2.952601897072153592e+21 2.708931933835696275e+21 2.485405693748122223e+21 2.280402406533473239e+21 2.092392644422288540e+21 1.956160839219473285e+21 1.875581615738748142e+21
4.539736171291794211e+21 4.166009249825661387e+21 3.822768504120115986e+21 3.507538784600972067e+21 3.218195208893299163e+21 2.952601897072154116e+21 2.708931933835696275e+21 2.485405693748122223e+21 2.280402406533472453e+21 2.092392644422288540e+21 1.956160839219473547e+21 1.875581615738748404e+21
4.539736171291793687e+21 4.166009249825661387e+21 3.822768504120116511e+21 3.507538784600971543e+21 3.218195208893299687e+21 2.952601897072154640e+21 2.708931933835696800e+21 2.485405693748122747e+21 2.280402406533471666e+21 2.092392644422288540e+21 1.956160839219473547e+21 1.875581615738748404e+21
4.539736171291794211e+21 4.166009249825661387e+21 3.822768504120115986e+21 3.507538784600971018e+21 3.218195208893299687e+21 2.952601897072155165e+21 2.708931933835697324e+21 2.485405693748122747e+21 2.280402406533471142e+21 2.092392644422288802e+21 1.956160839219473547e+21 1.875581615738748666e+21
4.539736171291794735e+21 4.166009249825661387e+21 3.822768504120116511e+21 3.507538784600970494e+21 3.218195208893299163e+21 2.952601897072155165e+21 2.708931933835697848e+21 2.485405693748123271e+21 2.280402406533471404e+21 2.092392644422288540e+21 1.956160839219473547e+21 1.875581615738749190e+21
4.539736171291795259e+21 4.166009249825661911e+21 3.822768504120116511e+21 3.507538784600971543e+21 3.218195208893299163e+21 2.952601897072155689e+21 2.708931933835697324e+21 2.485405693748123795e+21 2.280402406533471404e+21 2.092392644422288802e+21 1.956160839219473809e+21 1.875581615738749714e+21
4.539736171291795784e+21 4.166009249825660862e+21 3.822768504120116511e+21 3.507538784600971543e+21 3.218195208893300212e+21 2.952601897072155689e+21 2.708931933835697324e+21 2.485405693748123795e+21 2.280402406533471666e+21 2.092392644422288540e+21 1.956160839219474072e+21 1.875581615738749714e+21
4.539736171291794211e+21 4.166009249825660862e+21 3.822768504120115462e+21 3.507538784600972067e+21 3.218195208893300212e+21 2.952601897072155689e+21 2.708931933835697324e+21 2.485405693748123271e+21 2.280402406533471142e+21 2.092392644422289326e+21 1.956160839219473809e+21 1.875581615738749977e+21
4.539736171291794735e+21 4.166009249825659814e+21 3.822768504120115462e+21 3.507538784600972067e+21 3.218195208893301260e+21 2.952601897072155165e+21 2.708931933835697848e+21 2.485405693748122223e+21 2.280402406533471404e+21 2.092392644422289064e+21 1.956160839219473547e+21 1.875581615738749714e+21
4.539736171291794211e+21 4.166009249825659814e+21 3.822768504120114414e+21 3.507538784600972067e+21 3.218195208893300212e+21 2.952601897072154116e+21 2.708931933835697848e+21 2.485405693748122747e+21 2.280402406533471928e+21 2.092392644422289064e+21 1.956160839219474072e+21 1.875581615738748928e+21
4.539736171291794211e+21 4.166009249825661387e+21 3.822768504120115986e+21 3.507538784600972591e+21 3.218195208893300212e+21 2.952601897072155165e+21 2.708931933835697848e+21 2.485405693748121698e+21 2.280402406533471666e+21 2.092392644422289326e+21 1.956160839219473547e+21 1.875581615738748928e+21
4.539736171291794735e+21 4.166009249825661911e+21 3.822768504120116511e+21 3.507538784600974164e+21 3.218195208893299163e+21 2.952601897072155689e+21 2.708931933835698373e+21 2.485405693748121698e+21 2.280402406533471404e+21 2.092392644422289326e+21 1.956160839219474334e+21 1.875581615738748928e+21
4.539736171291794735e+21 4.166009249825662960e+21 3.822768504120117035e+21 3.507538784600973640e+21 3.218195208893298639e+21 2.952601897072155165e+21 2.708931933835697848e+21 2.485405693748121698e+21 2.280402406533470880e+21 2.092392644422288802e+21 1.956160839219474858e+21 1.875581615738748928e+21
4.539736171291794735e+21 4.166009249825663484e+21 3.822768504120117035e+21 3.507538784600974164e+21 3.218195208893298115e+21 2.952601897072155689e+21 2.708931933835697848e+21 2.485405693748121174e+21 2.280402406533471404e+21 2.092392644422289326e+21 1.956160839219474596e+21 1.875581615738749452e+21
4.539736171291795259e+21 4.166009249825662960e+21 3.822768504120118084e+21 3.507538784600973115e+21 3.218195208893298115e+21 2.952601897072156213e+21 2.708931933835698373e+21 2.485405693748121698e+21 2.280402406533471404e+21 2.092392644422288802e+21 1.956160839219474596e+21 1.875581615738749452e+21
4.539736171291796308e+21 4.166009249825662960e+21 3.822768504120118608e+21 3.507538784600972591e+21 3.218195208893298115e+21 2.952601897072156213e+21 2.708931933835698373e+21 2.485405693748121174e+21 2.280402406533471142e+21 2.092392644422288802e+21 1.956160839219474596e+21 1.875581615738749452e+21
4.539736171291796308e+21 4.166009249825661911e+21 3.822768504120119132e+21 3.507538784600972067e+21 3.218195208893298115e+21 2.952601897072155689e+21 2.708931933835698373e+21 2.485405693748120650e+21 2.280402406533471142e+21 2.092392644422289064e+21 1.956160839219474596e+21 1.875581615738749190e+21
4.539736171291796832e+21 4.166009249825660338e+21 3.822768504120119132e+21 3.507538784600971543e+21 3.218195208893297590e+21 2.952601897072155689e+21 2.708931933835697324e+21 2.485405693748121174e+21 2.280402406533470880e+21 2.092392644422289326e+21 1.956160839219474596e+21 1.875581615738749452e+21
4.539736171291796832e+21 4.166009249825661387e+21 3.822768504120119656e+21 3.507538784600971543e+21 3.218195208893297066e+21 2.952601897072154640e+21 2.708931933835697324e+21 2.485405693748121174e+21 2.280402406533471142e+21 2.092392644422289064e+21 1.956160839219474334e+21 1.875581615738749714e+21
4.539736171291796308e+21 4.166009249825660338e+21 3.822768504120121229e+21 3.507538784600971018e+21 3.218195208893297066e+21 2.952601897072155165e+21 2.708931933835697324e+21 2.485405693748121174e+21 2.280402406533470880e+21 2.092392644422289326e+21 1.956160839219474596e+21 1.875581615738749977e+21
4.539736171291795784e+21 4.166009249825661387e+21 3.822768504120122278e+21 3.507538784600971018e+21 3.218195208893296542e+21 2.952601897072155165e+21 2.708931933835697848e+21 2.485405693748121174e+21 2.280402406533470618e+21 2.092392644422289064e+21 1.956160839219474072e+21 1.875581615738749977e+21
4.539736171291795784e+21 4.166009249825662435e+21 3.822768504120122802e+21 3.507538784600971543e+21 3.218195208893297590e+21 2.952601897072155689e+21 2.708931933835698373e+21 2.485405693748121174e+21 2.280402406533470618e+21 2.092392644422289064e+21 1.956160839219473809e+21 1.875581615738750239e+21
4.539736171291794735e+21 4.166009249825663484e+21 3.822768504120122802e+21 3.507538784600972591e+21 3.218195208893297066e+21 2.952601897072155689e+21 2.708931933835698897e+21 2.485405693748121174e+21 2.280402406533470618e+21 2.092392644422288802e+21 1.956160839219474596e+21 1.875581615738750763e+21
4.539736171291794735e+21 4.166009249825663484e+21 3.822768504120123326e+21 3.507538784600972591e+21 3.218195208893295493e+21 2.952601897072155689e+21 2.708931933835698373e+21 2.485405693748121174e+21 2.280402406533471142e+21 2.092392644422289326e+21 1.956160839219474596e+21 1.875581615738750763e+21
4.539736171291795259e+21 4.166009249825662960e+21 3.822768504120122802e+21 3.507538784600972591e+21 3.218195208893296017e+21 2.952601897072156213e+21 2.708931933835697848e+21 2.485405693748121698e+21 2.280402406533471142e+21 2.092392644422288802e+21 1.956160839219474334e+21 1.875581615738750763e+21
4.539736171291795259e+21 4.166009249825661387e+21 3.822768504120121754e+21 3.507538784600972591e+21 3.218195208893293920e+21 2.952601897072156738e+21 2.708931933835698897e+21 2.485405693748121698e+21 2.280402406533471404e+21 2.092392644422288802e+21 1.956160839219475120e+21 1.875581615738750501e+21
4.539736171291795259e+21 4.166009249825661911e+21 3.822768504120122802e+21 3.507538784600972067e+21 3.218195208893294445e+21 2.952601897072157786e+21 2.708931933835698897e+21 2.485405693748121698e+21 2.280402406533471404e+21 2.092392644422289326e+21 1.956160839219475120e+21 1.875581615738750501e+21
4.539736171291795259e+21 4.166009249825661911e+21 3.822768504120121754e+21 3.507538784600972067e+21 3.218195208893296542e+21 2.952601897072157786e+21 2.708931933835698373e+21 2.485405693748121698e+21 2.280402406533471404e+21 2.092392644422289588e+21 1.956160839219475120e+21 1.875581615738750763e+21
4.539736171291794735e+21 4.166009249825662435e+21 3.822768504120121229e+21 3.507538784600972067e+21 3.218195208893294969e+21 2.952601897072157262e+21 2.708931933835697848e+21 2.485405693748121698e+21 2.280402406533470880e+21 2.092392644422289588e+21 1.956160839219474596e+21 1.875581615738750763e+21
4.539736171291795259e+21 4.166009249825662960e+21 3.822768504120121229e+21 3.507538784600971543e+21 3.218195208893296017e+21 2.952601897072157262e+21 2.708931933835698373e+21 2.485405693748121698e+21 2.280402406533470880e+21 2.092392644422289850e+21 1.956160839219475120e+21 1.875581615738750763e+21
4.539736171291794211e+21 4.166009249825662960e+21 3.822768504120120181e+21 3.507538784600971018e+21 3.218195208893297066e+21 2.952601897072157786e+21 2.708931933835698897e+21 2.485405693748121698e+21 2.280402406533470618e+21 2.092392644422289326e+21 1.956160839219475120e+21 1.875581615738751025e+21
4.539736171291793687e+21 4.166009249825660862e+21 3.822768504120119656e+21 3.507538784600972067e+21 3.218195208893297066e+21 2.952601897072156738e+21 2.708931933835697848e+21 2.485405693748121698e+21 2.280402406533471142e+21 2.092392644422289588e+21 1.956160839219475382e+21 1.875581615738751025e+21
4.539736171291793687e+21 4.166009249825660862e+21 3.822768504120120181e+21 3.507538784600972067e+21 3.218195208893298115e+21 2.952601897072156738e+21 2.708931933835698373e+21 2.485405693748121698e+21 2.280402406533470880e+21 2.092392644422289326e+21 1.956160839219475382e+21 1.875581615738750763e+21
4.539736171291793687e+21 4.166009249825661911e+21 3.822768504120121229e+21 3.507538784600972591e+21 3.218195208893298115e+21 2.952601897072156738e+21 2.708931933835697848e+21 2.485405693748121174e+21 2.280402406533470618e+21 2.092392644422288802e+21 1.956160839219475120e+21 1.875581615738750763e+21
4.539736171291794211e+21 4.166009249825661911e+21 3.822768504120121229e+21 3.507538784600973115e+21 3.218195208893297066e+21 2.952601897072156738e+21 2.708931933835697848e+21 2.485405693748121698e+21 2.280402406533471142e+21 2.092392644422288540e+21 1.956160839219475120e+21 1.875581615738751025e+21
4.539736171291793687e+21 4.166009249825662435e+21 3.822768504120121754e+21 3.507538784600973115e+21 3.218195208893298115e+21 2.952601897072156738e+21 2.708931933835697324e+21 2.485405693748122223e+21 2.280402406533471142e+21 2.092392644422288540e+21 1.956160839219475120e+21 1.875581615738751287e+21
4.539736171291793162e+21 4.166009249825661911e+21 3.822768504120121229e+21 3.507538784600973115e+21 3.218195208893297590e+21 2.952601897072156213e+21 2.708931933835697848e+21 2.485405693748122223e+21 2.280402406533471142e+21 2.092392644422288278e+21 1.956160839219475382e+21 1.875581615738751812e+21
4.539736171291793687e+21 4.166009249825661387e+21 3.822768504120122278e+21 3.507538784600973115e+21 3.218195208893298115e+21 2.952601897072156738e+21 2.708931933835697324e+21 2.485405693748122747e+21 2.280402406533471142e+21 2.092392644422288015e+21 1.956160839219475644e+21 1.875581615738752074e+21
4.539736171291793162e+21 4.166009249825660338e+21 3.822768504120121754e+21 3.507538784600974688e+21 3.218195208893298115e+21 2.952601897072156213e+21 2.708931933835697848e+21 2.485405693748122747e+21 2.280402406533471666e+21 2.092392644422288278e+21 1.956160839219475382e+21 1.875581615738752074e+21
4.539736171291793687e+21 4.166009249825660338e+21 3.822768504120121229e+21 3.507538784600974164e+21 3.218195208893298115e+21 2.952601897072155689e+21 2.708931933835698897e+21 2.485405693748122747e+21 2.280402406533471928e+21 2.092392644422287491e+21 1.956160839219475644e+21 1.875581615738751812e+21
4.539736171291792638e+21 4.166009249825659814e+21 3.822768504120121229e+21 3.507538784600973115e+21 3.218195208893298115e+21 2.952601897072155689e+21 2.708931933835699421e+21 2.485405693748122223e+21 2.280402406533472190e+21 2.092392644422287491e+21 1.956160839219475382e+21 1.875581615738751549e+21
4.539736171291792114e+21 4.166009249825659290e+21 3.822768504120120705e+21 3.507538784600973640e+21 3.218195208893298639e+21 2.952601897072155689e+21 2.708931933835699421e+21 2.485405693748122223e+21 2.280402406533471404e+21 2.092392644422287753e+21 1.956160839219475644e+21 1.875581615738751287e+21
4.539736171291791065e+21 4.166009249825660338e+21 3.822768504120119132e+21 3.507538784600973640e+21 3.218195208893298115e+21 2.952601897072156213e+21 2.708931933835699945e+21 2.485405693748122223e+21 2.280402406533471404e+21 2.092392644422288015e+21 1.956160839219475382e+21 1.875581615738750501e+21
4.539736171291790541e+21 4.166009249825660338e+21 3.822768504120120181e+21 3.507538784600974164e+21 3.218195208893297590e+21 2.952601897072157262e+21 2.708931933835700470e+21 2.485405693748122223e+21 2.280402406533470880e+21 2.092392644422287753e+21 1.956160839219475120e+21 1.875581615738749977e+21
4.539736171291790541e+21 4.166009249825659290e+21 3.822768504120120181e+21 3.507538784600974688e+21 3.218195208893298115e+21 2.952601897072157262e+21 2.708931933835700994e+21 2.485405693748122747e+21 2.280402406533471142e+21 2.092392644422288015e+21 1.956160839219475382e+21 1.875581615738750239e+21
4.539736171291791065e+21 4.166009249825659814e+21 3.822768504120119132e+21 3.507538784600973640e+21 3.218195208893298115e+21 2.952601897072156738e+21 2.708931933835700994e+21 2.485405693748122223e+21 2.280402406533470880e+21 2.092392644422287229e+21 1.956160839219475382e+21 1.875581615738749977e+21
4.539736171291791589e+21 4.166009249825660862e+21 3.822768504120118084e+21 3.507538784600973640e+21 3.218195208893297590e+21 2.952601897072157262e+21 2.708931933835699945e+21 2.485405693748122223e+21 2.280402406533471666e+21 2.092392644422287491e+21 1.956160839219475120e+21 1.875581615738749977e+21
4.539736171291791589e+21 4.166009249825659814e+21 3.822768504120118084e+21 3.507538784600973640e+21 3.218195208893299163e+21 2.952601897072157786e+21 2.708931933835699945e+21 2.485405693748122223e+21 2.280402406533470618e+21 2.092392644422286705e+21 1.956160839219475382e+21 1.875581615738749977e+21
4.539736171291792114e+21 4.166009249825660862e+21 3.822768504120118608e+21 3.507538784600973115e+21 3.218195208893298639e+21 2.952601897072157786e+21 2.708931933835699945e+21 2.485405693748122223e+21 2.280402406533470093e+21 2.092392644422286967e+21 1.956160839219475382e+21 1.875581615738749977e+21
4.539736171291792638e+21 4.166009249825661387e+21 3.822768504120119132e+21 3.507538784600973115e+21 3.218195208893299163e+21 2.952601897072157786e+21 2.708931933835699421e+21 2.485405693748122223e+21 2.280402406533470355e+21 2.092392644422286967e+21 1.956160839219475907e+21 1.875581615738749714e+21
4.539736171291792114e+21 4.166009249825661387e+21 3.822768504120120181e+21 3.507538784600973640e+21 3.218195208893299163e+21 2.952601897072157786e+21 2.708931933835699945e+21 2.485405693748122223e+21 2.280402406533469831e+21 2.092392644422286967e+21 1.956160839219474858e+21 1.875581615738749714e+21
4.539736171291791065e+21 4.166009249825661387e+21 3.822768504120118608e+21 3.507538784600973115e+21 3.218195208893298639e+21 2.952601897072157786e+21 2.708931933835700470e+21 2.485405693748122223e+21 2.280402406533470093e+21 2.092392644422287491e+21 1.956160839219474334e+21 1.875581615738749714e+21
4.539736171291790017e+21 4.166009249825661911e+21 3.822768504120119656e+21 3.507538784600973115e+21 3.218195208893297590e+21 2.952601897072157786e+21 2.708931933835700994e+21 2.485405693748122223e+21 2.280402406533470093e+21 2.092392644422287229e+21 1.956160839219474334e+21 1.875581615738749190e+21
4.539736171291790541e+21 4.166009249825662960e+21 3.822768504120119132e+21 3.507538784600972591e+21 3.218195208893298115e+21 2.952601897072158835e+21 2.708931933835700470e+21 2.485405693748122223e+21 2.280402406533469831e+21 2.092392644422287229e+21 1.956160839219474072e+21 1.875581615738748666e+21
4.539736171291791065e+21 4.166009249825662960e+21 3.822768504120119656e+21 3.507538784600973115e+21 3.218195208893298639e+21 2.952601897072158310e+21 2.708931933835700470e+21 2.485405693748122223e+21 2.280402406533469831e+21 2.092392644422287491e+21 1.956160839219473809e+21 1.875581615738748928e+21
4.539736171291789492e+21 4.166009249825662435e+21 3.822768504120119656e+21 3.507538784600973640e+21 3.218195208893298639e+21 2.952601897072157786e+21 2.708931933835699945e+21 2.485405693748121698e+21 2.280402406533470880e+21 2.092392644422286967e+21 1.956160839219474072e+21 1.875581615738749190e+21
4.539736171291788968e+21 4.166009249825661387e+21 3.822768504120119656e+21 3.507538784600973640e+21 3.218195208893299163e+21 2.952601897072158835e+21 2.708931933835699421e+21 2.485405693748121698e+21 2.280402406533471142e+21 2.092392644422286442e+21 1.956160839219473809e+21 1.875581615738748666e+21
4.539736171291787919e+21 4.166009249825662435e+21 3.822768504120119132e+21 3.507538784600973115e+21 3.218195208893299687e+21 2.952601897072158310e+21 2.708931933835699421e+21 2.485405693748122223e+21 2.280402406533471142e+21 2.092392644422286705e+21 1.956160839219473547e+21 1.875581615738748142e+21
4.539736171291787919e+21 4.166009249825661387e+21 3.822768504120119656e+21 3.507538784600972591e+21 3.218195208893300212e+21 2.952601897072158310e+21 2.708931933835698897e+21 2.485405693748121698e+21 2.280402406533471142e+21 2.092392644422286967e+21 1.956160839219473547e+21 1.875581615738748404e+21
4.539736171291787919e+21 4.166009249825661387e+21 3.822768504120117559e+21 3.507538784600972067e+21 3.218195208893299163e+21 2.952601897072158310e+21 2.708931933835698897e+21 2.485405693748121174e+21 2.280402406533471404e+21 2.092392644422286705e+21 1.956160839219473809e+21 1.875581615738748928e+21
4.539736171291788444e+21 4.166009249825660338e+21 3.822768504120118084e+21 3.507538784600972591e+21 3.218195208893299163e+21 2.952601897072157262e+21 2.708931933835698373e+21 2.485405693748121698e+21 2.280402406533471666e+21 2.092392644422286705e+21 1.956160839219473547e+21 1.875581615738748928e+21
4.539736171291788444e+21 4.166009249825659814e+21 3.822768504120118608e+21 3.507538784600972591e+21 3.218195208893299687e+21 2.952601897072157262e+21 2.708931933835697848e+21 2.485405693748121698e+21 2.280402406533471928e+21 2.092392644422286442e+21 1.956160839219473547e+21 1.875581615738749190e+21
4.539736171291788968e+21 4.166009249825660862e+21 3.822768504120118608e+21 3.507538784600971018e+21 3.218195208893299687e+21 2.952601897072157786e+21 2.708931933835698373e+21 2.485405693748121698e+21 2.280402406533471666e+21 2.092392644422286180e+21 1.956160839219473547e+21 1.875581615738748928e+21
4.539736171291787395e+21 4.166009249825660338e+21 3.822768504120117559e+21 3.507538784600970494e+21 3.218195208893299687e+21 2.952601897072157786e+21 2.708931933835698373e+21 2.485405693748121698e+21 2.280402406533470880e+21 2.092392644422286180e+21 1.956160839219474072e+21 1.875581615738749190e+21
4.539736171291787395e+21 4.166009249825659814e+21 3.822768504120117559e+21 3.507538784600970494e+21 3.218195208893299163e+21 2.952601897072157786e+21 2.708931933835697848e+21 2.485405693748121698e+21 2.280402406533470880e+21 2.092392644422285918e+21 1.956160839219473285e+21 1.875581615738749190e+21
4.539736171291787395e+21 4.166009249825660862e+21 3.822768504120117559e+21 3.507538784600970494e+21 3.218195208893298115e+21 2.952601897072158310e+21 2.708931933835697848e+21 2.485405693748121174e+21 2.280402406533471142e+21 2.092392644422285656e+21 1.956160839219472499e+21 1.875581615738749190e+21
4.539736171291788444e+21 4.166009249825660862e+21 3.822768504120116511e+21 3.507538784600970494e+21 3.218195208893298115e+21 2.952601897072158835e+21 2.708931933835697324e+21 2.485405693748121174e+21 2.280402406533470880e+21 2.092392644422285656e+21 1.956160839219472499e+21 1.875581615738748666e+21
4.539736171291786871e+21 4.166009249825660862e+21 3.822768504120116511e+21 3.507538784600970494e+21 3.218195208893297590e+21 2.952601897072157786e+21 2.708931933835697324e+21 2.485405693748120650e+21 2.280402406533470618e+21 2.092392644422286180e+21 1.956160839219472761e+21 1.875581615738749190e+21
4.539736171291787919e+21 4.166009249825661911e+21 3.822768504120116511e+21 3.507538784600971018e+21 3.218195208893298639e+21 2.952601897072157786e+21 2.708931933835697324e+21 2.485405693748120650e+21 2.280402406533470618e+21 2.092392644422286180e+21 1.956160839219473547e+21 1.875581615738748666e+21
4.539736171291787395e+21 4.166009249825660862e+21 3.822768504120117035e+21 3.507538784600971018e+21 3.218195208893299163e+21 2.952601897072156738e+21 2.708931933835697324e+21 2.485405693748120650e+21 2.280402406533470355e+21 2.092392644422286442e+21 1.956160839219473547e+21 1.875581615738748142e+21
4.539736171291786346e+21 4.166009249825660338e+21 3.822768504120117035e+21 3.507538784600970494e+21 3.218195208893299163e+21 2.952601897072156738e+21 2.708931933835697324e+21 2.485405693748120125e+21 2.280402406533470618e+21 2.092392644422286180e+21 1.956160839219473285e+21 1.875581615738748142e+21
4.539736171291785298e+21 4.166009249825660338e+21 3.822768504120118084e+21 3.507538784600969445e+21 3.218195208893299163e+21 2.952601897072156738e+21 2.708931933835696800e+21 2.485405693748120125e+21 2.280402406533470618e+21 2.092392644422285656e+21 1.956160839219473285e+21 1.875581615738748142e+21
4.539736171291784249e+21 4.166009249825660862e+21 3.822768504120118084e+21 3.507538784600968921e+21 3.218195208893299163e+21 2.952601897072157262e+21 2.708931933835697324e+21 2.485405693748120125e+21 2.280402406533470618e+21 2.092392644422286180e+21 1.956160839219473547e+21 1.875581615738748142e+21
4.539736171291783201e+21 4.166009249825661387e+21 3.822768504120119132e+21 3.507538784600970494e+21 3.218195208893299163e+21 2.952601897072157786e+21 2.708931933835697324e+21 2.485405693748120650e+21 2.280402406533470618e+21 2.092392644422286442e+21 1.956160839219474334e+21 1.875581615738748404e+21
4.539736171291784249e+21 4.166009249825661387e+21 3.822768504120118608e+21 3.507538784600968921e+21 3.218195208893299163e+21 2.952601897072157262e+21 2.708931933835698373e+21 2.485405693748120650e+21 2.280402406533469831e+21 2.092392644422286705e+21 1.956160839219474072e+21 1.875581615738748404e+21
4.539736171291783725e+21 4.166009249825661911e+21 3.822768504120118084e+21 3.507538784600969445e+21 3.218195208893300736e+21 2.952601897072157262e+21 2.708931933835698373e+21 2.485405693748120650e+21 2.280402406533469569e+21 2.092392644422286442e+21 1.956160839219473809e+21 1.875581615738748666e+21
4.539736171291784774e+21 4.166009249825662435e+21 3.822768504120118084e+21 3.507538784600969970e+21 3.218195208893299163e+21 2.952601897072157262e+21 2.708931933835698897e+21 2.485405693748120650e+21 2.280402406533469307e+21 2.092392644422286705e+21 1.956160839219473809e+21 1.875581615738748666e+21
4.539736171291784774e+21 4.166009249825662960e+21 3.822768504120118608e+21 3.507538784600969970e+21 3.218195208893300212e+21 2.952601897072157786e+21 2.708931933835698373e+21 2.485405693748121174e+21 2.280402406533469569e+21 2.092392644422286180e+21 1.956160839219473547e+21 1.875581615738748404e+21
4.539736171291784774e+21 4.166009249825661911e+21 3.822768504120117559e+21 3.507538784600968921e+21 3.218195208893299687e+21 2.952601897072157786e+21 2.708931933835698897e+21 2.485405693748121174e+21 2.280402406533469569e+21 2.092392644422286442e+21 1.956160839219473285e+21 1.875581615738749190e+21
4.539736171291783725e+21 4.166009249825662435e+21 3.822768504120118084e+21 3.507538784600968921e+21 3.218195208893299163e+21 2.952601897072157786e+21 2.708931933835698373e+21 2.485405693748121174e+21 2.280402406533469569e+21 2.092392644422286180e+21 1.956160839219473023e+21 1.875581615738749190e+21
4.539736171291784249e+21 4.166009249825662435e+21 3.822768504120119132e+21 3.507538784600968397e+21 3.218195208893299687e+21 2.952601897072157786e+21 2.708931933835698373e+21 2.485405693748120650e+21 2.280402406533469569e+21 2.092392644422286180e+21 1.956160839219472761e+21 1.875581615738749190e+21
4.539736171291784774e+21 4.166009249825662435e+21 3.822768504120119656e+21 3.507538784600967873e+21 3.218195208893299687e+21 2.952601897072157786e+21 2.708931933835698897e+21 2.485405693748120650e+21 2.280402406533469831e+21 2.092392644422286180e+21 1.956160839219472761e+21 1.875581615738748928e+21
4.539736171291784774e+21 4.166009249825664008e+21 3.822768504120118084e+21 3.507538784600968397e+21 3.218195208893299687e+21 2.952601897072157786e+21 2.708931933835698897e+21 2.485405693748119601e+21 2.280402406533469569e+21 2.092392644422285656e+21 1.956160839219472237e+21 1.875581615738749190e+21
4.539736171291783725e+21 4.166009249825662960e+21 3.822768504120118084e+21 3.507538784600967348e+21 3.218195208893298639e+21 2.952601897072158310e+21 2.708931933835699421e+21 2.485405693748119601e+21 2.280402406533469569e+21 2.092392644422286442e+21 1.956160839219471712e+21 1.875581615738749190e+21
4.539736171291783725e+21 4.166009249825662435e+21 3.822768504120119656e+21 3.507538784600967348e+21 3.218195208893297590e+21 2.952601897072158835e+21 2.708931933835700470e+21 2.485405693748119601e+21 2.280402406533469307e+21 2.092392644422286442e+21 1.956160839219472499e+21 1.875581615738749190e+21
4.539736171291782676e+21 4.166009249825662960e+21 3.822768504120119132e+21 3.507538784600967873e+21 3.218195208893297590e+21 2.952601897072158310e+21 2.708931933835701518e+21 2.485405693748120125e+21 2.280402406533469569e+21 2.092392644422286180e+21 1.956160839219472761e+21 1.875581615738748404e+21
4.539736171291781628e+21 4.166009249825662960e+21 3.822768504120119132e+21 3.507538784600967348e+21 3.218195208893297590e+21 2.952601897072158835e+21 2.708931933835700994e+21 2.485405693748119601e+21 2.280402406533469831e+21 2.092392644422286180e+21 1.956160839219472499e+21 1.875581615738747617e+21
4.539736171291781104e+21 4.166009249825662960e+21 3.822768504120118608e+21 3.507538784600967348e+21 3.218195208893298115e+21 2.952601897072159883e+21 2.708931933835700470e+21 2.485405693748119601e+21 2.280402406533469831e+21 2.092392644422285394e+21 1.956160839219471974e+21 1.875581615738746831e+21
4.539736171291782152e+21 4.166009249825661911e+21 3.822768504120119132e+21 3.507538784600967348e+21 3.218195208893298115e+21 2.952601897072159883e+21 2.708931933835700470e+21 2.485405693748119601e+21 2.280402406533469831e+21 2.092392644422285394e+21 1.956160839219472761e+21 1.875581615738746569e+21
4.539736171291782152e+21 4.166009249825663484e+21 3.822768504120118608e+21 3.507538784600967348e+21 3.218195208893299687e+21 2.952601897072159883e+21 2.708931933835700470e+21 2.485405693748120125e+21 2.280402406533469569e+21 2.092392644422285656e+21 1.956160839219472761e+21 1.875581615738746044e+21
4.539736171291782152e+21 4.166009249825662435e+21 3.822768504120118608e+21 3.507538784600967348e+21 3.218195208893298639e+21 2.952601897072160408e+21 2.708931933835699945e+21 2.485405693748120125e+21 2.280402406533470355e+21 2.092392644422285394e+21 1.956160839219473023e+21 1.875581615738746307e+21
4.539736171291782676e+21 4.166009249825663484e+21 3.822768504120118608e+21 3.507538784600968397e+21 3.218195208893300212e+21 2.952601897072159883e+21 2.708931933835699945e+21 2.485405693748119601e+21 2.280402406533471404e+21 2.092392644422284870e+21 1.956160839219473547e+21 1.875581615738746044e+21
4.539736171291784249e+21 4.166009249825662960e+21 3.822768504120118608e+21 3.507538784600968397e+21 3.218195208893299687e+21 2.952601897072159883e+21 2.708931933835699945e+21 2.485405693748119601e+21 2.280402406533471666e+21 2.092392644422284870e+21 1.956160839219473547e+21 1.875581615738746044e+21
4.539736171291785298e+21 4.166009249825662960e+21 3.822768504120119132e+21 3.507538784600967873e+21 3.218195208893299163e+21 2.952601897072159359e+21 2.708931933835699421e+21 2.485405693748120125e+21 2.280402406533471928e+21 2.092392644422284607e+21 1.956160839219473809e+21 1.875581615738745782e+21
4.539736171291784774e+21 4.166009249825662960e+21 3.822768504120118084e+21 3.507538784600968397e+21 3.218195208893299163e+21 2.952601897072159883e+21 2.708931933835699945e+21 2.485405693748119601e+21 2.280402406533472190e+21 2.092392644422284607e+21 1.956160839219473809e+21 1.875581615738746044e+21
4.539736171291784249e+21 4.166009249825661911e+21 3.822768504120117035e+21 3.507538784600967873e+21 3.218195208893299687e+21 2.952601897072159883e+21 2.708931933835700994e+21 2.485405693748120650e+21 2.280402406533472453e+21 2.092392644422283821e+21 1.956160839219473809e+21 1.875581615738745258e+21
4.539736171291785822e+21 4.166009249825662435e+21 3.822768504120117035e+21 3.507538784600967873e+21 3.218195208893299687e+21 2.952601897072159359e+21 2.708931933835700994e+21 2.485405693748120125e+21 2.280402406533472715e+21 2.092392644422284083e+21 1.956160839219474072e+21 1.875581615738744996e+21
4.539736171291786346e+21 4.166009249825662960e+21 3.822768504120115462e+21 3.507538784600967348e+21 3.218195208893298639e+21 2.952601897072159883e+21 2.708931933835700994e+21 2.485405693748120125e+21 2.280402406533473239e+21 2.092392644422283821e+21 1.956160839219473809e+21 1.875581615738744734e+21
4.539736171291786346e+21 4.166009249825662960e+21 3.822768504120115462e+21 3.507538784600968397e+21 3.218195208893299687e+21 2.952601897072159359e+21 2.708931933835700994e+21 2.485405693748120650e+21 2.280402406533473501e+21 2.092392644422284345e+21 1.956160839219474072e+21 1.875581615738744996e+21
4.539736171291786871e+21 4.166009249825661387e+21 3.822768504120116511e+21 3.507538784600967873e+21 3.218195208893299163e+21 2.952601897072159883e+21 2.708931933835700994e+21 2.485405693748121174e+21 2.280402406533473763e+21 2.092392644422284607e+21 1.956160839219473809e+21 1.875581615738744734e+21
4.539736171291786871e+21 4.166009249825660338e+21 3.822768504120116511e+21 3.507538784600967873e+21 3.218195208893299687e+21 2.952601897072159883e+21 2.708931933835699945e+21 2.485405693748121174e+21 2.280402406533473501e+21 2.092392644422285132e+21 1.956160839219473809e+21 1.875581615738744996e+21
4.539736171291786871e+21 4.166009249825661387e+21 3.822768504120116511e+21 3.507538784600966824e+21 3.218195208893301785e+21 2.952601897072159359e+21 2.708931933835699945e+21 2.485405693748121174e+21 2.280402406533473501e+21 2.092392644422285656e+21 1.956160839219473285e+21 1.875581615738744472e+21
4.539736171291787919e+21 4.166009249825660862e+21 3.822768504120115986e+21 3.507538784600966824e+21 3.218195208893301260e+21 2.952601897072159883e+21 2.708931933835699945e+21 2.485405693748121174e+21 2.280402406533473501e+21 2.092392644422285918e+21 1.956160839219473023e+21 1.875581615738744472e+21
4.539736171291786871e+21 4.166009249825660862e+21 3.822768504120115986e+21 3.507538784600966824e+21 3.218195208893301785e+21 2.952601897072159359e+21 2.708931933835700994e+21 2.485405693748120650e+21 2.280402406533473763e+21 2.092392644422285656e+21 1.956160839219473023e+21 1.875581615738744734e+21
4.539736171291786871e+21 4.166009249825659814e+21 3.822768504120115462e+21 3.507538784600966824e+21 3.218195208893303357e+21 2.952601897072159359e+21 2.708931933835701518e+21 2.485405693748120650e+21 2.280402406533474025e+21 2.092392644422286180e+21 1.956160839219472761e+21 1.875581615738744734e+21
4.539736171291786346e+21 4.166009249825658765e+21 3.822768504120115462e+21 3.507538784600966824e+21 3.218195208893302309e+21 2.952601897072159359e+21 2.708931933835700994e+21 2.485405693748120650e+21 2.280402406533473501e+21 2.092392644422286442e+21 1.956160839219473023e+21 1.875581615738744734e+21
4.539736171291785822e+21 4.166009249825658765e+21 3.822768504120115986e+21 3.507538784600966300e+21 3.218195208893301785e+21 2.952601897072159359e+21 2.708931933835700994e+21 2.485405693748119601e+21 2.280402406533472977e+21 2.092392644422286705e+21 1.956160839219473023e+21 1.875581615738744209e+21
4.539736171291785822e+21 4.166009249825658765e+21 3.822768504120115986e+21 3.507538784600966300e+21 3.218195208893300736e+21 2.952601897072159883e+21 2.708931933835701518e+21 2.485405693748120125e+21 2.280402406533472977e+21 2.092392644422286180e+21 1.956160839219473023e+21 1.875581615738744472e+21
4.539736171291787395e+21 4.166009249825658241e+21 3.822768504120115986e+21 3.507538784600965251e+21 3.218195208893300736e+21 2.952601897072160408e+21 2.708931933835701518e+21 2.485405693748120125e+21 2.280402406533473763e+21 2.092392644422285132e+21 1.956160839219473023e+21 1.875581615738744996e+21
4.539736171291787919e+21 4.166009249825658241e+21 3.822768504120115986e+21 3.507538784600965251e+21 3.218195208893300212e+21 2.952601897072160932e+21 2.708931933835700994e+21 2.485405693748120650e+21 2.280402406533472977e+21 2.092392644422285132e+21 1.956160839219472499e+21 1.875581615738744734e+21
4.539736171291788968e+21 4.166009249825657717e+21 3.822768504120115462e+21 3.507538784600964727e+21 3.218195208893301785e+21 2.952601897072161456e+21 2.708931933835700470e+21 2.485405693748120650e+21 2.280402406533473763e+21 2.092392644422284870e+21 1.956160839219473023e+21 1.875581615738745520e+21
4.539736171291789492e+21 4.166009249825656668e+21 3.822768504120116511e+21 3.507538784600964202e+21 3.218195208893301260e+21 2.952601897072160932e+21 2.708931933835700470e+21 2.485405693748120650e+21 2.280402406533474288e+21 2.092392644422285394e+21 1.956160839219473285e+21 1.875581615738745258e+21
4.539736171291790017e+21 4.166009249825657192e+21 3.822768504120115462e+21 3.507538784600964202e+21 3.218195208893301785e+21 2.952601897072161980e+21 2.708931933835700470e+21 2.485405693748121174e+21 2.280402406533474288e+21 2.092392644422285656e+21 1.956160839219473547e+21 1.875581615738744996e+21
4.539736171291790017e+21 4.166009249825656144e+21 3.822768504120114938e+21 3.507538784600963678e+21 3.218195208893301785e+21 2.952601897072161980e+21 2.708931933835700470e+21 2.485405693748120650e+21 2.280402406533474288e+21 2.092392644422285394e+21 1.956160839219474072e+21 1.875581615738744734e+21
4.539736171291790017e+21 4.166009249825656668e+21 3.822768504120113889e+21 3.507538784600964202e+21 3.218195208893301785e+21 2.952601897072162505e+21 2.708931933835699945e+21 2.485405693748120650e+21 2.280402406533473763e+21 2.092392644422284607e+21 1.956160839219474596e+21 1.875581615738744734e+21
4.539736171291788968e+21 4.166009249825656668e+21 3.822768504120114414e+21 3.507538784600964202e+21 3.218195208893301260e+21 2.952601897072163029e+21 2.708931933835699945e+21 2.485405693748120125e+21 2.280402406533472715e+21 2.092392644422284870e+21 1.956160839219474072e+21 1.875581615738744996e+21
4.539736171291788444e+21 4.166009249825655620e+21 3.822768504120113365e+21 3.507538784600964202e+21 3.218195208893301785e+21 2.952601897072163029e+21 2.708931933835699945e+21 2.485405693748119601e+21 2.280402406533472453e+21 2.092392644422284607e+21 1.956160839219474334e+21 1.875581615738744996e+21
4.539736171291788444e+21 4.166009249825655095e+21 3.822768504120114414e+21 3.507538784600964202e+21 3.218195208893301260e+21 2.952601897072164078e+21 2.708931933835700470e+21 2.485405693748120125e+21 2.280402406533471928e+21 2.092392644422284345e+21 1.956160839219474858e+21 1.875581615738744996e+21
4.539736171291788444e+21 4.166009249825654571e+21 3.822768504120114414e+21 3.507538784600963154e+21 3.218195208893301785e+21 2.952601897072164078e+21 2.708931933835700470e+21 2.485405693748120650e+21 2.280402406533471666e+21 2.092392644422283821e+21 1.956160839219475382e+21 1.875581615738744996e+21
4.539736171291788444e+21 4.166009249825655620e+21 3.822768504120114414e+21 3.507538784600963678e+21 3.218195208893301260e+21 2.952601897072164078e+21 2.708931933835700994e+21 2.485405693748120650e+21 2.280402406533471666e+21 2.092392644422284083e+21 1.956160839219475120e+21 1.875581615738744996e+21
4.539736171291788968e+21 4.166009249825655620e+21 3.822768504120113889e+21 3.507538784600963154e+21 3.218195208893300736e+21 2.952601897072164078e+21 2.708931933835700994e+21 2.485405693748121174e+21 2.280402406533471666e+21 2.092392644422284345e+21 1.956160839219475120e+21 1.875581615738744996e+21
4.539736171291788968e+21 4.166009249825655095e+21 3.822768504120113889e+21 3.507538784600963678e+21 3.218195208893300736e+21 2.952601897072163029e+21 2.708931933835700994e+21 2.485405693748121174e+21 2.280402406533471666e+21 2.092392644422284870e+21 1.956160839219474858e+21 1.875581615738744996e+21
4.539736171291788968e+21 4.166009249825655095e+21 3.822768504120113889e+21 3.507538784600963154e+21 3.218195208893299687e+21 2.952601897072162505e+21 2.708931933835700470e+21 2.485405693748121174e+21 2.280402406533471666e+21 2.092392644422284345e+21 1.956160839219475382e+21 1.875581615738745520e+21
4.539736171291788968e+21 4.166009249825654571e+21 3.822768504120114938e+21 3.507538784600962630e+21 3.218195208893299163e+21 2.952601897072162505e+21 2.708931933835700994e+21 2.485405693748121174e+21 2.280402406533471928e+21 2.092392644422284083e+21 1.956160839219475382e+21 1.875581615738745782e+21
4.539736171291789492e+21 4.166009249825654571e+21 3.822768504120115462e+21 3.507538784600962630e+21 3.218195208893299163e+21 2.952601897072161980e+21 2.708931933835700994e+21 2.485405693748121174e+21 2.280402406533472190e+21 2.092392644422284345e+21 1.956160839219475907e+21 1.875581615738746044e+21
4.539736171291788968e+21 4.166009249825654047e+21 3.822768504120114938e+21 3.507538784600962105e+21 3.218195208893300212e+21 2.952601897072161456e+21 2.708931933835700994e+21 2.485405693748121698e+21 2.280402406533471928e+21 2.092392644422284083e+21 1.956160839219475644e+21 1.875581615738745782e+21
4.539736171291789492e+21 4.166009249825654571e+21 3.822768504120114414e+21 3.507538784600961057e+21 3.218195208893299687e+21 2.952601897072161456e+21 2.708931933835700470e+21 2.485405693748121698e+21 2.280402406533472190e+21 2.092392644422283035e+21 1.956160839219475644e+21 1.875581615738746044e+21
4.539736171291790017e+21 4.166009249825652998e+21 3.822768504120114938e+21 3.507538784600961057e+21 3.218195208893299687e+21 2.952601897072161980e+21 2.708931933835700470e+21 2.485405693748122223e+21 2.280402406533472453e+21 2.092392644422283297e+21 1.956160839219475907e+21 1.875581615738746307e+21
4.539736171291790017e+21 4.166009249825652998e+21 3.822768504120115986e+21 3.507538784600960532e+21 3.218195208893299687e+21 2.952601897072161980e+21 2.708931933835700470e+21 2.485405693748121698e+21 2.280402406533472977e+21 2.092392644422282772e+21 1.956160839219476431e+21 1.875581615738745520e+21
4.539736171291789492e+21 4.166009249825651950e+21 3.822768504120115986e+21 3.507538784600960008e+21 3.218195208893299687e+21 2.952601897072161980e+21 2.708931933835700994e+21 2.485405693748121174e+21 2.280402406533472715e+21 2.092392644422283559e+21 1.956160839219476955e+21 1.875581615738746044e+21
4.539736171291790541e+21 4.166009249825652474e+21 3.822768504120114938e+21 3.507538784600959484e+21 3.218195208893299687e+21 2.952601897072160932e+21 2.708931933835700994e+21 2.485405693748120650e+21 2.280402406533472977e+21 2.092392644422283821e+21 1.956160839219476955e+21 1.875581615738745520e+21
4.539736171291791065e+21 4.166009249825652474e+21 3.822768504120115986e+21 3.507538784600958435e+21 3.218195208893299163e+21 2.952601897072160408e+21 2.708931933835700994e+21 2.485405693748120650e+21 2.280402406533473239e+21 2.092392644422283821e+21 1.956160839219477217e+21 1.875581615738745258e+21
4.539736171291791065e+21 4.166009249825651950e+21 3.822768504120115986e+21 3.507538784600958435e+21 3.218195208893300212e+21 2.952601897072159883e+21 2.708931933835700994e+21 2.485405693748120650e+21 2.280402406533472453e+21 2.092392644422284345e+21 1.956160839219477742e+21 1.875581615738744996e+21
4.539736171291789492e+21 4.166009249825651950e+21 3.822768504120116511e+21 3.507538784600957911e+21 3.218195208893299687e+21 2.952601897072160408e+21 2.708931933835701518e+21 2.485405693748121174e+21 2.280402406533472453e+21 2.092392644422284607e+21 1.956160839219477479e+21 1.875581615738745520e+21
4.539736171291791065e+21 4.166009249825653522e+21 3.822768504120114938e+21 3.507538784600957911e+21 3.218195208893299163e+21 2.952601897072160408e+21 2.708931933835702043e+21 2.485405693748121698e+21 2.280402406533472715e+21 2.092392644422284083e+21 1.956160839219477742e+21 1.875581615738745520e+21
4.539736171291790541e+21 4.166009249825654047e+21 3.822768504120115462e+21 3.507538784600958435e+21 3.218195208893297590e+21 2.952601897072159883e+21 2.708931933835702043e+21 2.485405693748121174e+21 2.280402406533473239e+21 2.092392644422283821e+21 1.956160839219477479e+21 1.875581615738745782e+21
4.539736171291790541e+21 4.166009249825654571e+21 3.822768504120114938e+21 3.507538784600958435e+21 3.218195208893298115e+21 2.952601897072160932e+21 2.708931933835702043e+21 2.485405693748121698e+21 2.280402406533472715e+21 2.092392644422284083e+21 1.956160839219477217e+21 1.875581615738746307e+21
4.539736171291790541e+21 4.166009249825656668e+21 3.822768504120115462e+21 3.507538784600958960e+21 3.218195208893298115e+21 2.952601897072161456e+21 2.708931933835702043e+21 2.485405693748122223e+21 2.280402406533472453e+21 2.092392644422284083e+21 1.956160839219477217e+21 1.875581615738746044e+21
4.539736171291790541e+21 4.166009249825656144e+21 3.822768504120114938e+21 3.507538784600958435e+21 3.218195208893298639e+21 2.952601897072160932e+21 2.708931933835703091e+21 2.485405693748121698e+21 2.280402406533472453e+21 2.092392644422284870e+21 1.956160839219477217e+21 1.875581615738746307e+21
4.539736171291790541e+21 4.166009249825655620e+21 3.822768504120114414e+21 3.507538784600958435e+21 3.218195208893298639e+21 2.952601897072160932e+21 2.708931933835702567e+21 2.485405693748121698e+21 2.280402406533471928e+21 2.092392644422285132e+21 1.956160839219477479e+21 1.875581615738746307e+21
4.539736171291788444e+21 4.166009249825656668e+21 3.822768504120114938e+21 3.507538784600956862e+21 3.218195208893298115e+21 2.952601897072161980e+21 2.708931933835703091e+21 2.485405693748122223e+21 2.280402406533471928e+21 2.092392644422284870e+21 1.956160839219477742e+21 1.875581615738746044e+21
4.539736171291788968e+21 4.166009249825656668e+21 3.822768504120114938e+21 3.507538784600957911e+21 3.218195208893298639e+21 2.952601897072161980e+21 2.708931933835703615e+21 2.485405693748121174e+21 2.280402406533471666e+21 2.092392644422284345e+21 1.956160839219477742e+21 1.875581615738745782e+21
4.539736171291789492e+21 4.166009249825656668e+21 3.822768504120113365e+21 3.507538784600957387e+21 3.218195208893298639e+21 2.952601897072162505e+21 2.708931933835703615e+21 2.485405693748120650e+21 2.280402406533471666e+21 2.092392644422284345e+21 1.956160839219477742e+21 1.875581615738746569e+21
4.539736171291788968e+21 4.166009249825656144e+21 3.822768504120113365e+21 3.507538784600957911e+21 3.218195208893298115e+21 2.952601897072161980e+21 2.708931933835704140e+21 2.485405693748120125e+21 2.280402406533471928e+21 2.092392644422284345e+21 1.956160839219477217e+21 1.875581615738746831e+21
4.539736171291788968e+21 4.166009249825655620e+21 3.822768504120113889e+21 3.507538784600957387e+21 3.218195208893298115e+21 2.952601897072161980e+21 2.708931933835704140e+21 2.485405693748120125e+21 2.280402406533471666e+21 2.092392644422283821e+21 1.956160839219476955e+21 1.875581615738746831e+21
4.539736171291789492e+21 4.166009249825655620e+21 3.822768504120113889e+21 3.507538784600957387e+21 3.218195208893297066e+21 2.952601897072161980e+21 2.708931933835704664e+21 2.485405693748119077e+21 2.280402406533471928e+21 2.092392644422283821e+21 1.956160839219476169e+21 1.875581615738746569e+21
4.539736171291791065e+21 4.166009249825655095e+21 3.822768504120114938e+21 3.507538784600958435e+21 3.218195208893297066e+21 2.952601897072161456e+21 2.708931933835705188e+21 2.485405693748119077e+21 2.280402406533472190e+21 2.092392644422283297e+21 1.956160839219476431e+21 1.875581615738746307e+21
4.539736171291789492e+21 4.166009249825655095e+21 3.822768504120115462e+21 3.507538784600957387e+21 3.218195208893297066e+21 2.952601897072161980e+21 2.708931933835704140e+21 2.485405693748119077e+21 2.280402406533471928e+21 2.092392644422282772e+21 1.956160839219476169e+21 1.875581615738746569e+21
4.539736171291787919e+21 4.166009249825654047e+21 3.822768504120113365e+21 3.507538784600958435e+21 3.218195208893297590e+21 2.952601897072161980e+21 2.708931933835704140e+21 2.485405693748119077e+21 2.280402406533472190e+21 2.092392644422282772e+21 1.956160839219476169e+21 1.875581615738747093e+21
4.539736171291788968e+21 4.166009249825655095e+21 3.822768504120113365e+21 3.507538784600958960e+21 3.218195208893296542e+21 2.952601897072160932e+21 2.708931933835704140e+21 2.485405693748119077e+21 2.280402406533471928e+21 2.092392644422282772e+21 1.956160839219475644e+21 1.875581615738747093e+21
4.539736171291788968e+21 4.166009249825655095e+21 3.822768504120113889e+21 3.507538784600957911e+21 3.218195208893296542e+21 2.952601897072161456e+21 2.708931933835704140e+21 2.485405693748119077e+21 2.280402406533471404e+21 2.092392644422281986e+21 1.956160839219475907e+21 1.875581615738747093e+21
4.539736171291786871e+21 4.166009249825656144e+21 3.822768504120114938e+21 3.507538784600957387e+21 3.218195208893297590e+21 2.952601897072160408e+21 2.708931933835703615e+21 2.485405693748119077e+21 2.280402406533471928e+21 2.092392644422281986e+21 1.956160839219475907e+21 1.875581615738747093e+21
4.539736171291785298e+21 4.166009249825656144e+21 3.822768504120114414e+21 3.507538784600957911e+21 3.218195208893296017e+21 2.952601897072159883e+21 2.708931933835703091e+21 2.485405693748119077e+21 2.280402406533471666e+21 2.092392644422282248e+21 1.956160839219476693e+21 1.875581615738746831e+21
4.539736171291785298e+21 4.166009249825656668e+21 3.822768504120113889e+21 3.507538784600958960e+21 3.218195208893295493e+21 2.952601897072159359e+21 2.708931933835702567e+21 2.485405693748118553e+21 2.280402406533471928e+21 2.092392644422281986e+21 1.956160839219476431e+21 1.875581615738746831e+21
4.539736171291785822e+21 4.166009249825656668e+21 3.822768504120113365e+21 3.507538784600958435e+21 3.218195208893294969e+21 2.952601897072159883e+21 2.708931933835702043e+21 2.485405693748118553e+21 2.280402406533471928e+21 2.092392644422281986e+21 1.956160839219476169e+21 1.875581615738746569e+21
4.539736171291786871e+21 4.166009249825657192e+21 3.822768504120112316e+21 3.507538784600958435e+21 3.218195208893294445e+21 2.952601897072159883e+21 2.708931933835702043e+21 2.485405693748118553e+21 2.280402406533471666e+21 2.092392644422282248e+21 1.956160839219476431e+21 1.875581615738746569e+21
4.539736171291786871e+21 4.166009249825657192e+21 3.822768504120111792e+21 3.507538784600958435e+21 3.218195208893293396e+21 2.952601897072159883e+21 2.708931933835702567e+21 2.485405693748119077e+21 2.280402406533471666e+21 2.092392644422282248e+21 1.956160839219476693e+21 1.875581615738746044e+21
4.539736171291786871e+21 4.166009249825656668e+21 3.822768504120111268e+21 3.507538784600958960e+21 3.218195208893293920e+21 2.952601897072160408e+21 2.708931933835702567e+21 2.485405693748118553e+21 2.280402406533472453e+21 2.092392644422282772e+21 1.956160839219476693e+21 1.875581615738746307e+21
4.539736171291787919e+21 4.166009249825655095e+21 3.822768504120110744e+21 3.507538784600959484e+21 3.218195208893293396e+21 2.952601897072159883e+21 2.708931933835702043e+21 2.485405693748118553e+21 2.280402406533472453e+21 2.092392644422282510e+21 1.956160839219476431e+21 1.875581615738746307e+21
4.539736171291787395e+21 4.166009249825655095e+21 3.822768504120110219e+21 3.507538784600960532e+21 3.218195208893293920e+21 2.952601897072160408e+21 2.708931933835701518e+21 2.485405693748119077e+21 2.280402406533472190e+21 2.092392644422282248e+21 1.956160839219476431e+21 1.875581615738746307e+21
4.539736171291787919e+21 4.166009249825655095e+21 3.822768504120111268e+21 3.507538784600960008e+21 3.218195208893293920e+21 2.952601897072160408e+21 2.708931933835702043e+21 2.485405693748119077e+21 2.280402406533472715e+21 2.092392644422282248e+21 1.956160839219476431e+21 1.875581615738746307e+21
4.539736171291787919e+21 4.166009249825655095e+21 3.822768504120111792e+21 3.507538784600960532e+21 3.218195208893294445e+21 2.952601897072160408e+21 2.708931933835702567e+21 2.485405693748118028e+21 2.280402406533472715e+21 2.092392644422282248e+21 1.956160839219476693e+21 1.875581615738746307e+21
4.539736171291786871e+21 4.166009249825655095e+21 3.822768504120111268e+21 3.507538784600961581e+21 3.218195208893292872e+21 2.952601897072160932e+21 2.708931933835702567e+21 2.485405693748118553e+21 2.280402406533472453e+21 2.092392644422281724e+21 1.956160839219476955e+21 1.875581615738745782e+21
4.539736171291786871e+21 4.166009249825654571e+21 3.822768504120111792e+21 3.507538784600960532e+21 3.218195208893291823e+21 2.952601897072160408e+21 2.708931933835702043e+21 2.485405693748118028e+21 2.280402406533472715e+21 2.092392644422281986e+21 1.956160839219477217e+21 1.875581615738745520e+21
4.539736171291787395e+21 4.166009249825655620e+21 3.822768504120110744e+21 3.507538784600960008e+21 3.218195208893291823e+21 2.952601897072160408e+21 2.708931933835702567e+21 2.485405693748118553e+21 2.280402406533473239e+21 2.092392644422281986e+21 1.956160839219477479e+21 1.875581615738744996e+21
4.539736171291787919e+21 4.166009249825657192e+21 3.822768504120111268e+21 3.507538784600960532e+21 3.218195208893291823e+21 2.952601897072160932e+21 2.708931933835703091e+21 2.485405693748118553e+21 2.280402406533473239e+21 2.092392644422281724e+21 1.956160839219478004e+21 1.875581615738743947e+21
4.539736171291787395e+21 4.166009249825657717e+21 3.822768504120110219e+21 3.507538784600960008e+21 3.218195208893291299e+21 2.952601897072160932e+21 2.708931933835702567e+21 2.485405693748118553e+21 2.280402406533473239e+21 2.092392644422282510e+21 1.956160839219477742e+21 1.875581615738743685e+21
4.539736171291786346e+21 4.166009249825657717e+21 3.822768504120110219e+21 3.507538784600959484e+21 3.218195208893291299e+21 2.952601897072159883e+21 2.708931933835703091e+21 2.485405693748118553e+21 2.280402406533473239e+21 2.092392644422282510e+21 1.956160839219478004e+21 1.875581615738743947e+21
4.539736171291785822e+21 4.166009249825657717e+21 3.822768504120110744e+21 3.507538784600958960e+21 3.218195208893291823e+21 2.952601897072159883e+21 2.708931933835704140e+21 2.485405693748119077e+21 2.280402406533472977e+21 2.092392644422282248e+21 1.956160839219478004e+21 1.875581615738743947e+21
4.539736171291786346e+21 4.166009249825658241e+21 3.822768504120110219e+21 3.507538784600958435e+21 3.218195208893292872e+21 2.952601897072159883e+21 2.708931933835704140e+21 2.485405693748118553e+21 2.280402406533472453e+21 2.092392644422282510e+21 1.956160839219478004e+21 1.875581615738744472e+21
4.539736171291786871e+21 4.166009249825658765e+21 3.822768504120111268e+21 3.507538784600959484e+21 3.218195208893292872e+21 2.952601897072159883e+21 2.708931933835704664e+21 2.485405693748118553e+21 2.280402406533471928e+21 2.092392644422281986e+21 1.956160839219478004e+21 1.875581615738744209e+21
4.539736171291786871e+21 4.166009249825658765e+21 3.822768504120111792e+21 3.507538784600958960e+21 3.218195208893292872e+21 2.952601897072159359e+21 2.708931933835705188e+21 2.485405693748118553e+21 2.280402406533471928e+21 2.092392644422281724e+21 1.956160839219478004e+21 1.875581615738744472e+21
4.539736171291786871e+21 4.166009249825657717e+21 3.822768504120111268e+21 3.507538784600960008e+21 3.218195208893291823e+21 2.952601897072159359e+21 2.708931933835705713e+21 2.485405693748119077e+21 2.280402406533471928e+21 2.092392644422281462e+21 1.956160839219478528e+21 1.875581615738744472e+21
4.539736171291785822e+21 4.166009249825657717e+21 3.822768504120110219e+21 3.507538784600960008e+21 3.218195208893291823e+21 2.952601897072158835e+21 2.708931933835705188e+21 2.485405693748119077e+21 2.280402406533472453e+21 2.092392644422280937e+21 1.956160839219478790e+21 1.875581615738743947e+21
4.539736171291784774e+21 4.166009249825657717e+21 3.822768504120111268e+21 3.507538784600960532e+21 3.218195208893293396e+21 2.952601897072158835e+21 2.708931933835705188e+21 2.485405693748120125e+21 2.280402406533472453e+21 2.092392644422281200e+21 1.956160839219478790e+21 1.875581615738744209e+21
4.539736171291784774e+21 4.166009249825657192e+21 3.822768504120111268e+21 3.507538784600960532e+21 3.218195208893293396e+21 2.952601897072159359e+21 2.708931933835705188e+21 2.485405693748120125e+21 2.280402406533472190e+21 2.092392644422281462e+21 1.956160839219478790e+21 1.875581615738743947e+21
4.539736171291785822e+21 4.166009249825658241e+21 3.822768504120111268e+21 3.507538784600961057e+21 3.218195208893292872e+21 2.952601897072159883e+21 2.708931933835704664e+21 2.485405693748120650e+21 2.280402406533472190e+21 2.092392644422281200e+21 1.956160839219478528e+21 1.875581615738743423e+21
4.539736171291786346e+21 4.166009249825659290e+21 3.822768504120112841e+21 3.507538784600960532e+21 3.218195208893293396e+21 2.952601897072159883e+21 2.708931933835704664e+21 2.485405693748120125e+21 2.280402406533471666e+21 2.092392644422281200e+21 1.956160839219479052e+21 1.875581615738743161e+21
4.539736171291786346e+21 4.166009249825659814e+21 3.822768504120112841e+21 3.507538784600959484e+21 3.218195208893292872e+21 2.952601897072159359e+21 2.708931933835704664e+21 2.485405693748120650e+21 2.280402406533471666e+21 2.092392644422280937e+21 1.956160839219479314e+21 1.875581615738742637e+21
4.539736171291786871e+21 4.166009249825659814e+21 3.822768504120112841e+21 3.507538784600957911e+21 3.218195208893293920e+21 2.952601897072159359e+21 2.708931933835704664e+21 2.485405693748120125e+21 2.280402406533472715e+21 2.092392644422281200e+21 1.956160839219479577e+21 1.875581615738742899e+21
4.539736171291787395e+21 4.166009249825660862e+21 3.822768504120113365e+21 3.507538784600958435e+21 3.218195208893293920e+21 2.952601897072158835e+21 2.708931933835704664e+21 2.485405693748120125e+21 2.280402406533472715e+21 2.092392644422280675e+21 1.956160839219478790e+21 1.875581615738743685e+21
4.539736171291786871e+21 4.166009249825661387e+21 3.822768504120113365e+21 3.507538784600958435e+21 3.218195208893293920e+21 2.952601897072158310e+21 2.708931933835704664e+21 2.485405693748120125e+21 2.280402406533472190e+21 2.092392644422281200e+21 1.956160839219478790e+21 1.875581615738743685e+21
4.539736171291788444e+21 4.166009249825661911e+21 3.822768504120112841e+21 3.507538784600959484e+21 3.218195208893293920e+21 2.952601897072158835e+21 2.708931933835704664e+21 2.485405693748119601e+21 2.280402406533472453e+21 2.092392644422280675e+21 1.956160839219479314e+21 1.875581615738743423e+21
4.539736171291788444e+21 4.166009249825662435e+21 3.822768504120113365e+21 3.507538784600958435e+21 3.218195208893293920e+21 2.952601897072158835e+21 2.708931933835704664e+21 2.485405693748119601e+21 2.280402406533472190e+21 2.092392644422280675e+21 1.956160839219479577e+21 1.875581615738743423e+21
4.539736171291788968e+21 4.166009249825663484e+21 3.822768504120113365e+21 3.507538784600957911e+21 3.218195208893292872e+21 2.952601897072158835e+21 2.708931933835704664e+21 2.485405693748119601e+21 2.280402406533472190e+21 2.092392644422280937e+21 1.956160839219479052e+21 1.875581615738742637e+21
4.539736171291789492e+21 4.166009249825662960e+21 3.822768504120114414e+21 3.507538784600959484e+21 3.218195208893292872e+21 2.952601897072158835e+21 2.708931933835704664e+21 2.485405693748119601e+21 2.280402406533472190e+21 2.092392644422280413e+21 1.956160839219479839e+21 1.875581615738743161e+21
4.539736171291790017e+21 4.166009249825662435e+21 3.822768504120113889e+21 3.507538784600960008e+21 3.218195208893293920e+21 2.952601897072157786e+21 2.708931933835705188e+21 2.485405693748119601e+21 2.280402406533471928e+21 2.092392644422280413e+21 1.956160839219479052e+21 1.875581615738742899e+21
4.539736171291791065e+21 4.166009249825662435e+21 3.822768504120114938e+21 3.507538784600960008e+21 3.218195208893293920e+21 2.952601897072157786e+21 2.708931933835705188e+21 2.485405693748120125e+21 2.280402406533472190e+21 2.092392644422280151e+21 1.956160839219479052e+21 1.875581615738743423e+21
4.539736171291791589e+21 4.166009249825662435e+21 3.822768504120113365e+21 3.507538784600960008e+21 3.218195208893294445e+21 2.952601897072157786e+21 2.708931933835704664e+21 2.485405693748119601e+21 2.280402406533472190e+21 2.092392644422280151e+21 1.956160839219478528e+21 1.875581615738743423e+21
4.539736171291791065e+21 4.166009249825662435e+21 3.822768504120113365e+21 3.507538784600961581e+21 3.218195208893293920e+21 2.952601897072158310e+21 2.708931933835705188e+21 2.485405693748119601e+21 2.280402406533472453e+21 2.092392644422280675e+21 1.956160839219478266e+21 1.875581615738744209e+21
4.539736171291791065e+21 4.166009249825661911e+21 3.822768504120112841e+21 3.507538784600961057e+21 3.218195208893292872e+21 2.952601897072157786e+21 2.708931933835705713e+21 2.485405693748119601e+21 2.280402406533472453e+21 2.092392644422281724e+21 1.956160839219478790e+21 1.875581615738744209e+21
4.539736171291792638e+21 4.166009249825661387e+21 3.822768504120111792e+21 3.507538784600960532e+21 3.218195208893292872e+21 2.952601897072157786e+21 2.708931933835705713e+21 2.485405693748119601e+21 2.280402406533471928e+21 2.092392644422281724e+21 1.956160839219478266e+21 1.875581615738744734e+21
4.539736171291793687e+21 4.166009249825661911e+21 3.822768504120112841e+21 3.507538784600959484e+21 3.218195208893292872e+21 2.952601897072157786e+21 2.708931933835705713e+21 2.485405693748120125e+21 2.280402406533471928e+21 2.092392644422281986e+21 1.956160839219477742e+21 1.875581615738744734e+21
4.539736171291792638e+21 4.166009249825661911e+21 3.822768504120113365e+21 3.507538784600959484e+21 3.218195208893291823e+21 2.952601897072156738e+21 2.708931933835705713e+21 2.485405693748120125e+21 2.280402406533472190e+21 2.092392644422281986e+21 1.956160839219477742e+21 1.875581615738744996e+21
4.539736171291793162e+21 4.166009249825661911e+21 3.822768504120112841e+21 3.507538784600960008e+21 3.218195208893292347e+21 2.952601897072157786e+21 2.708931933835705713e+21 2.485405693748120125e+21 2.280402406533471666e+21 2.092392644422281986e+21 1.956160839219477742e+21 1.875581615738744996e+21
4.539736171291793687e+21 4.166009249825660862e+21 3.822768504120113889e+21 3.507538784600960008e+21 3.218195208893292872e+21 2.952601897072157786e+21 2.708931933835706237e+21 2.485405693748120125e+21 2.280402406533471404e+21 2.092392644422281986e+21 1.956160839219478004e+21 1.875581615738744472e+21
4.539736171291792638e+21 4.166009249825659814e+21 3.822768504120114414e+21 3.507538784600960008e+21 3.218195208893293920e+21 2.952601897072157786e+21 2.708931933835706237e+21 2.485405693748120125e+21 2.280402406533471404e+21 2.092392644422281986e+21 1.956160839219478004e+21 1.875581615738744996e+21
4.539736171291793162e+21 4.166009249825658241e+21 3.822768504120114414e+21 3.507538784600960532e+21 3.218195208893293396e+21 2.952601897072157786e+21 2.708931933835706237e+21 2.485405693748120650e+21 2.280402406533471404e+21 2.092392644422281986e+21 1.956160839219478004e+21 1.875581615738744734e+21
4.539736171291792638e+21 4.166009249825658765e+21 3.822768504120114938e+21 3.507538784600959484e+21 3.218195208893294445e+21 2.952601897072157786e+21 2.708931933835707286e+21 2.485405693748120125e+21 2.280402406533471928e+21 2.092392644422281724e+21 1.956160839219477479e+21 1.875581615738744472e+21
4.539736171291791589e+21 4.166009249825659814e+21 3.822768504120115462e+21 3.507538784600958960e+21 3.218195208893294445e+21 2.952601897072157786e+21 2.708931933835707286e+21 2.485405693748120650e+21 2.280402406533471928e+21 2.092392644422281462e+21 1.956160839219477742e+21 1.875581615738744734e+21
4.539736171291791589e+21 4.166009249825659290e+21 3.822768504120115986e+21 3.507538784600959484e+21 3.218195208893294445e+21 2.952601897072157786e+21 2.708931933835707286e+21 2.485405693748120125e+21 2.280402406533472453e+21 2.092392644422281462e+21 1.956160839219478004e+21 1.875581615738743947e+21
4.539736171291791065e+21 4.166009249825658241e+21 3.822768504120116511e+21 3.507538784600958435e+21 3.218195208893293920e+21 2.952601897072157786e+21 2.708931933835706761e+21 2.485405693748120125e+21 2.280402406533471928e+21 2.092392644422281462e+21 1.956160839219477742e+21 1.875581615738744209e+21
4.539736171291790541e+21 4.166009249825657192e+21 3.822768504120115986e+21 3.507538784600957387e+21 3.218195208893293920e+21 2.952601897072158310e+21 2.708931933835706761e+21 2.485405693748119601e+21 2.280402406533472190e+21 2.092392644422281462e+21 1.956160839219478266e+21 1.875581615738743947e+21
4.539736171291790017e+21 4.166009249825656144e+21 3.822768504120115986e+21 3.507538784600957387e+21 3.218195208893294969e+21 2.952601897072158310e+21 2.708931933835706237e+21 2.485405693748120125e+21 2.280402406533472715e+21 2.092392644422281986e+21 1.956160839219478266e+21 1.875581615738743423e+21
4.539736171291791065e+21 4.166009249825656668e+21 3.822768504120115986e+21 3.507538784600957387e+21 3.218195208893296017e+21 2.952601897072158835e+21 2.708931933835706237e+21 2.485405693748120650e+21 2.280402406533472190e+21 2.092392644422282248e+21 1.956160839219478266e+21 1.875581615738744209e+21
4.539736171291789492e+21 4.166009249825656144e+21 3.822768504120115986e+21 3.507538784600957387e+21 3.218195208893295493e+21 2.952601897072157262e+21 2.708931933835705713e+21 2.485405693748121174e+21 2.280402406533472453e+21 2.092392644422282510e+21 1.956160839219478528e+21 1.875581615738743947e+21
4.539736171291790541e+21 4.166009249825657192e+21 3.822768504120116511e+21 3.507538784600957387e+21 3.218195208893296017e+21 2.952601897072157786e+21 2.708931933835705713e+21 2.485405693748121698e+21 2.280402406533472453e+21 2.092392644422282772e+21 1.956160839219479052e+21 1.875581615738744209e+21
4.539736171291790541e+21 4.166009249825658241e+21 3.822768504120117035e+21 3.507538784600956338e+21 3.218195208893296017e+21 2.952601897072157786e+21 2.708931933835706761e+21 2.485405693748121698e+21 2.280402406533472715e+21 2.092392644422283559e+21 1.956160839219479052e+21 1.875581615738743685e+21
4.539736171291791065e+21 4.166009249825658765e+21 3.822768504120117035e+21 3.507538784600956338e+21 3.218195208893295493e+21 2.952601897072157262e+21 2.708931933835707286e+21 2.485405693748121698e+21 2.280402406533471666e+21 2.092392644422283559e+21 1.956160839219478266e+21 1.875581615738742899e+21
4.539736171291790017e+21 4.166009249825660338e+21 3.822768504120115986e+21 3.507538784600955814e+21 3.218195208893293920e+21 2.952601897072156738e+21 2.708931933835707286e+21 2.485405693748121698e+21 2.280402406533472453e+21 2.092392644422284083e+21 1.956160839219478004e+21 1.875581615738742899e+21
4.539736171291788968e+21 4.166009249825660338e+21 3.822768504120114414e+21 3.507538784600955814e+21 3.218195208893293920e+21 2.952601897072156738e+21 2.708931933835707810e+21 2.485405693748122223e+21 2.280402406533472453e+21 2.092392644422284607e+21 1.956160839219477742e+21 1.875581615738743685e+21
4.539736171291790017e+21 4.166009249825661387e+21 3.822768504120113365e+21 3.507538784600955290e+21 3.218195208893293920e+21 2.952601897072156738e+21 2.708931933835707286e+21 2.485405693748122223e+21 2.280402406533472190e+21 2.092392644422284345e+21 1.956160839219478004e+21 1.875581615738743685e+21
4.539736171291790541e+21 4.166009249825660338e+21 3.822768504120112841e+21 3.507538784600956338e+21 3.218195208893293920e+21 2.952601897072156738e+21 2.708931933835707286e+21 2.485405693748122747e+21 2.280402406533472715e+21 2.092392644422284345e+21 1.956160839219477742e+21 1.875581615738743947e+21
4.539736171291790017e+21 4.166009249825660862e+21 3.822768504120111268e+21 3.507538784600955814e+21 3.218195208893294969e+21 2.952601897072157786e+21 2.708931933835706761e+21 2.485405693748122223e+21 2.280402406533472453e+21 2.092392644422284345e+21 1.956160839219477742e+21 1.875581615738744996e+21
4.539736171291791065e+21 4.166009249825660338e+21 3.822768504120111268e+21 3.507538784600956862e+21 3.218195208893296542e+21 2.952601897072158310e+21 2.708931933835706237e+21 2.485405693748122747e+21 2.280402406533472190e+21 2.092392644422284870e+21 1.956160839219477742e+21 1.875581615738744734e+21
4.539736171291791589e+21 4.166009249825660862e+21 3.822768504120110219e+21 3.507538784600956862e+21 3.218195208893296017e+21 2.952601897072158310e+21 2.708931933835705713e+21 2.485405693748122223e+21 2.280402406533472190e+21 2.092392644422284607e+21 1.956160839219478004e+21 1.875581615738744209e+21
4.539736171291792638e+21 4.166009249825661387e+21 3.822768504120110219e+21 3.507538784600956862e+21 3.218195208893296017e+21 2.952601897072157786e+21 2.708931933835707286e+21 2.485405693748122747e+21 2.280402406533472453e+21 2.092392644422285132e+21 1.956160839219478004e+21 1.875581615738744472e+21
4.539736171291791589e+21 4.166009249825661387e+21 3.822768504120110219e+21 3.507538784600957911e+21 3.218195208893296542e+21 2.952601897072157786e+21 2.708931933835707286e+21 2.485405693748122747e+21 2.280402406533472190e+21 2.092392644422284607e+21 1.956160839219477742e+21 1.875581615738744472e+21
4.539736171291791589e+21 4.166009249825662435e+21 3.822768504120110744e+21 3.507538784600957387e+21 3.218195208893296542e+21 2.952601897072159359e+21 2.708931933835706761e+21 2.485405693748123271e+21 2.280402406533472190e+21 2.092392644422285394e+21 1.956160839219477479e+21 1.875581615738744472e+21
4.539736171291791589e+21 4.166009249825662960e+21 3.822768504120110744e+21 3.507538784600957387e+21 3.218195208893296017e+21 2.952601897072158835e+21 2.708931933835707286e+21 2.485405693748122747e+21 2.280402406533472190e+21 2.092392644422285656e+21 1.956160839219477742e+21 1.875581615738744472e+21
4.539736171291790541e+21 4.166009249825662960e+21 3.822768504120110744e+21 3.507538784600958960e+21 3.218195208893296542e+21 2.952601897072158835e+21 2.708931933835708334e+21 2.485405693748122223e+21 2.280402406533471928e+21 2.092392644422284870e+21 1.956160839219477742e+21 1.875581615738744734e+21
4.539736171291790017e+21 4.166009249825662435e+21 3.822768504120110744e+21 3.507538784600961057e+21 3.218195208893295493e+21 2.952601897072158835e+21 2.708931933835708858e+21 2.485405693748123271e+21 2.280402406533471666e+21 2.092392644422284870e+21 1.956160839219478266e+21 1.875581615738744734e+21
4.539736171291789492e+21 4.166009249825661387e+21 3.822768504120110744e+21 3.507538784600961581e+21 3.218195208893294969e+21 2.952601897072158835e+21 2.708931933835707810e+21 2.485405693748123271e+21 2.280402406533471404e+21 2.092392644422284607e+21 1.956160839219477742e+21 1.875581615738744734e+21
4.539736171291789492e+21 4.166009249825661387e+21 3.822768504120110744e+21 3.507538784600962105e+21 3.218195208893293920e+21 2.952601897072157786e+21 2.708931933835707810e+21 2.485405693748123271e+21 2.280402406533471404e+21 2.092392644422284870e+21 1.956160839219477742e+21 1.875581615738743685e+21
4.539736171291789492e+21 4.166009249825660862e+21 3.822768504120111792e+21 3.507538784600961581e+21 3.218195208893292872e+21 2.952601897072158310e+21 2.708931933835707286e+21 2.485405693748123795e+21 2.280402406533471404e+21 2.092392644422285132e+21 1.956160839219477742e+21 1.875581615738742899e+21
4.539736171291789492e+21 4.166009249825660338e+21 3.822768504120111268e+21 3.507538784600959484e+21 3.218195208893293920e+21 2.952601897072158310e+21 2.708931933835707286e+21 2.485405693748123271e+21 2.280402406533471666e+21 2.092392644422284607e+21 1.956160839219477217e+21 1.875581615738742899e+21
4.539736171291788968e+21 4.166009249825660338e+21 3.822768504120111268e+21 3.507538784600960008e+21 3.218195208893292872e+21 2.952601897072157262e+21 2.708931933835707286e+21 2.485405693748123271e+21 2.280402406533471404e+21 2.092392644422284607e+21 1.956160839219477217e+21 1.875581615738742637e+21
4.539736171291788444e+21 4.166009249825661387e+21 3.822768504120111792e+21 3.507538784600960008e+21 3.218195208893292872e+21 2.952601897072156738e+21 2.708931933835706761e+21 2.485405693748123795e+21 2.280402406533471666e+21 2.092392644422283821e+21 1.956160839219477217e+21 1.875581615738742374e+21
4.539736171291787919e+21 4.166009249825660338e+21 3.822768504120111268e+21 3.507538784600961057e+21 3.218195208893293396e+21 2.952601897072156213e+21 2.708931933835706761e+21 2.485405693748124320e+21 2.280402406533472190e+21 2.092392644422283821e+21 1.956160839219476955e+21 1.875581615738742112e+21
4.539736171291787919e+21 4.166009249825660338e+21 3.822768504120112316e+21 3.507538784600961057e+21 3.218195208893292347e+21 2.952601897072157262e+21 2.708931933835706237e+21 2.485405693748124320e+21 2.280402406533472190e+21 2.092392644422283821e+21 1.956160839219477217e+21 1.875581615738741850e+21
4.539736171291788968e+21 4.166009249825659814e+21 3.822768504120111792e+21 3.507538784600961057e+21 3.218195208893292347e+21 2.952601897072156213e+21 2.708931933835705713e+21 2.485405693748123795e+21 2.280402406533471666e+21 2.092392644422284083e+21 1.956160839219477479e+21 1.875581615738742374e+21
4.539736171291788968e+21 4.166009249825659814e+21 3.822768504120111792e+21 3.507538784600961057e+21 3.218195208893292347e+21 2.952601897072156738e+21 2.708931933835705713e+21 2.485405693748124320e+21 2.280402406533472190e+21 2.092392644422283297e+21 1.956160839219477217e+21 1.875581615738742374e+21
4.539736171291788968e+21 4.166009249825660338e+21 3.822768504120111268e+21 3.507538784600961581e+21 3.218195208893293920e+21 2.952601897072156738e+21 2.708931933835705713e+21 2.485405693748123795e+21 2.280402406533471666e+21 2.092392644422283035e+21 1.956160839219477742e+21 1.875581615738742637e+21
4.539736171291789492e+21 4.166009249825660862e+21 3.822768504120112841e+21 3.507538784600960532e+21 3.218195208893293396e+21 2.952601897072156738e+21 2.708931933835706237e+21 2.485405693748123795e+21 2.280402406533471666e+21 2.092392644422282510e+21 1.956160839219477217e+21 1.875581615738742374e+21
4.539736171291788968e+21 4.166009249825661911e+21 3.822768504120111792e+21 3.507538784600961581e+21 3.218195208893294445e+21 2.952601897072156213e+21 2.708931933835705713e+21 2.485405693748123271e+21 2.280402406533471928e+21 2.092392644422282510e+21 1.956160839219477479e+21 1.875581615738742374e+21
4.539736171291788444e+21 4.166009249825661911e+21 3.822768504120112316e+21 3.507538784600960532e+21 3.218195208893293920e+21 2.952601897072156213e+21 2.708931933835706237e+21 2.485405693748122747e+21 2.280402406533471666e+21 2.092392644422282510e+21 1.956160839219477217e+21 1.875581615738742899e+21
4.539736171291788444e+21 4.166009249825662960e+21 3.822768504120112316e+21 3.507538784600961581e+21 3.218195208893294445e+21 2.952601897072155689e+21 2.708931933835706237e+21 2.485405693748123271e+21 2.280402406533471666e+21 2.092392644422282510e+21 1.956160839219477217e+21 1.875581615738743161e+21
4.539736171291790017e+21 4.166009249825661911e+21 3.822768504120112316e+21 3.507538784600962105e+21 3.218195208893292872e+21 2.952601897072156213e+21 2.708931933835707286e+21 2.485405693748122747e+21 2.280402406533471666e+21 2.092392644422282772e+21 1.956160839219477742e+21 1.875581615738743423e+21
4.539736171291790541e+21 4.166009249825661911e+21 3.822768504120111792e+21 3.507538784600962105e+21 3.218195208893292872e+21 2.952601897072156738e+21 2.708931933835707810e+21 2.485405693748123271e+21 2.280402406533471666e+21 2.092392644422282772e+21 1.956160839219477742e+21 1.875581615738743423e+21
4.539736171291790541e+21 4.166009249825661911e+21 3.822768504120112316e+21 3.507538784600961057e+21 3.218195208893292347e+21 2.952601897072156213e+21 2.708931933835708334e+21 2.485405693748122747e+21 2.280402406533471928e+21 2.092392644422282510e+21 1.956160839219478004e+21 1.875581615738743685e+21
4.539736171291791065e+21 4.166009249825661387e+21 3.822768504120112316e+21 3.507538784600961581e+21 3.218195208893290250e+21 2.952601897072155689e+21 2.708931933835707810e+21 2.485405693748123271e+21 2.280402406533471928e+21 2.092392644422282510e+21 1.956160839219478266e+21 1.875581615738743161e+21
4.539736171291790017e+21 4.166009249825661911e+21 3.822768504120112841e+21 3.507538784600961581e+21 3.218195208893290250e+21 2.952601897072155689e+21 2.708931933835707810e+21 2.485405693748123271e+21 2.280402406533472190e+21 2.092392644422281986e+21 1.956160839219477742e+21 1.875581615738743161e+21
4.539736171291789492e+21 4.166009249825662435e+21 3.822768504120111268e+21 3.507538784600962630e+21 3.218195208893290775e+21 2.952601897072155689e+21 2.708931933835707810e+21 2.485405693748123271e+21 2.280402406533472715e+21 2.092392644422282248e+21 1.956160839219478004e+21 1.875581615738743423e+21
4.539736171291790017e+21 4.166009249825662960e+21 3.822768504120111268e+21 3.507538784600962105e+21 3.218195208893291299e+21 2.952601897072156738e+21 2.708931933835707810e+21 2.485405693748123271e+21 2.280402406533471928e+21 2.092392644422281724e+21 1.956160839219478790e+21 1.875581615738743685e+21
4.539736171291789492e+21 4.166009249825664532e+21 3.822768504120111268e+21 3.507538784600961057e+21 3.218195208893291299e+21 2.952601897072156738e+21 2.708931933835708334e+21 2.485405693748123271e+21 2.280402406533471666e+21 2.092392644422281724e+21 1.956160839219478790e+21 1.875581615738743423e+21
4.539736171291789492e+21 4.166009249825665057e+21 3.822768504120111268e+21 3.507538784600961581e+21 3.218195208893291823e+21 2.952601897072156738e+21 2.708931933835708858e+21 2.485405693748122747e+21 2.280402406533471928e+21 2.092392644422281724e+21 1.956160839219478790e+21 1.875581615738743423e+21
4.539736171291788968e+21 4.166009249825666630e+21 3.822768504120110219e+21 3.507538784600961581e+21 3.218195208893292347e+21 2.952601897072156213e+21 2.708931933835709383e+21 2.485405693748122223e+21 2.280402406533471666e+21 2.092392644422281986e+21 1.956160839219478528e+21 1.875581615738743947e+21
4.539736171291788968e+21 4.166009249825666105e+21 3.822768504120110219e+21 3.507538784600962105e+21 3.218195208893292872e+21 2.952601897072156213e+21 2.708931933835709383e+21 2.485405693748122223e+21 2.280402406533472190e+21 2.092392644422282248e+21 1.956160839219479052e+21 1.875581615738744472e+21
4.539736171291790017e+21 4.166009249825664008e+21 3.822768504120110219e+21 3.507538784600962630e+21 3.218195208893292872e+21 2.952601897072154640e+21 2.708931933835709907e+21 2.485405693748122223e+21 2.280402406533472190e+21 2.092392644422282772e+21 1.956160839219479577e+21 1.875581615738744472e+21
4.539736171291790541e+21 4.166009249825664008e+21 3.822768504120111268e+21 3.507538784600962105e+21 3.218195208893292872e+21 2.952601897072154640e+21 2.708931933835710431e+21 2.485405693748122223e+21 2.280402406533472453e+21 2.092392644422283035e+21 1.956160839219479052e+21 1.875581615738744472e+21
4.539736171291790541e+21 4.166009249825663484e+21 3.822768504120112316e+21 3.507538784600962630e+21 3.218195208893292347e+21 2.952601897072155165e+21 2.708931933835709907e+21 2.485405693748122223e+21 2.280402406533473239e+21 2.092392644422283297e+21 1.956160839219479314e+21 1.875581615738744996e+21
4.539736171291791589e+21 4.166009249825662435e+21 3.822768504120110744e+21 3.507538784600962630e+21 3.218195208893292347e+21 2.952601897072155689e+21 2.708931933835709383e+21 2.485405693748122223e+21 2.280402406533473501e+21 2.092392644422283297e+21 1.956160839219479314e+21 1.875581615738744472e+21
4.539736171291792114e+21 4.166009249825662960e+21 3.822768504120110744e+21 3.507538784600963154e+21 3.218195208893291823e+21 2.952601897072156213e+21 2.708931933835709383e+21 2.485405693748122223e+21 2.280402406533472977e+21 2.092392644422283297e+21 1.956160839219479314e+21 1.875581615738744734e+21
4.539736171291791589e+21 4.166009249825661911e+21 3.822768504120110744e+21 3.507538784600963678e+21 3.218195208893291823e+21 2.952601897072155689e+21 2.708931933835709383e+21 2.485405693748122747e+21 2.280402406533473501e+21 2.092392644422283297e+21 1.956160839219479577e+21 1.875581615738745520e+21
4.539736171291790541e+21 4.166009249825663484e+21 3.822768504120110744e+21 3.507538784600965251e+21 3.218195208893291823e+21 2.952601897072155689e+21 2.708931933835709383e+21 2.485405693748122747e+21 2.280402406533473239e+21 2.092392644422283297e+21 1.956160839219479577e+21 1.875581615738745258e+21
4.539736171291791065e+21 4.166009249825664008e+21 3.822768504120109695e+21 3.507538784600964202e+21 3.218195208893291823e+21 2.952601897072156738e+21 2.708931933835709383e+21 2.485405693748123271e+21 2.280402406533472715e+21 2.092392644422283559e+21 1.956160839219479577e+21 1.875581615738745520e+21
4.539736171291790541e+21 4.166009249825665581e+21 3.822768504120109171e+21 3.507538784600964202e+21 3.218195208893292872e+21 2.952601897072156213e+21 2.708931933835709383e+21 2.485405693748123271e+21 2.280402406533473501e+21 2.092392644422283297e+21 1.956160839219479839e+21 1.875581615738745782e+21
4.539736171291790541e+21 4.166009249825667154e+21 3.822768504120108646e+21 3.507538784600964727e+21 3.218195208893291823e+21 2.952601897072155689e+21 2.708931933835708858e+21 2.485405693748123271e+21 2.280402406533473763e+21 2.092392644422283297e+21 1.956160839219479052e+21 1.875581615738745782e+21
4.539736171291790541e+21 4.166009249825667154e+21 3.822768504120108646e+21 3.507538784600965251e+21 3.218195208893292872e+21 2.952601897072155689e+21 2.708931933835709383e+21 2.485405693748122747e+21 2.280402406533473501e+21 2.092392644422283035e+21 1.956160839219478790e+21 1.875581615738746044e+21
4.539736171291790541e+21 4.166009249825666105e+21 3.822768504120108122e+21 3.507538784600965251e+21 3.218195208893292347e+21 2.952601897072155689e+21 2.708931933835709383e+21 2.485405693748122747e+21 2.280402406533472977e+21 2.092392644422283035e+21 1.956160839219478528e+21 1.875581615738745520e+21
4.539736171291790541e+21 4.166009249825666105e+21 3.822768504120108646e+21 3.507538784600963678e+21 3.218195208893293396e+21 2.952601897072154640e+21 2.708931933835709383e+21 2.485405693748123271e+21 2.280402406533473501e+21 2.092392644422283035e+21 1.956160839219479052e+21 1.875581615738745258e+21
4.539736171291788968e+21 4.166009249825666630e+21 3.822768504120109171e+21 3.507538784600963154e+21 3.218195208893292872e+21 2.952601897072154640e+21 2.708931933835709383e+21 2.485405693748123271e+21 2.280402406533473501e+21 2.092392644422283035e+21 1.956160839219478790e+21 1.875581615738745782e+21
4.539736171291789492e+21 4.166009249825668202e+21 3.822768504120109171e+21 3.507538784600963154e+21 3.218195208893294445e+21 2.952601897072155165e+21 2.708931933835710431e+21 2.485405693748123795e+21 2.280402406533473763e+21 2.092392644422283035e+21 1.956160839219479052e+21 1.875581615738745520e+21
4.539736171291789492e+21 4.166009249825667154e+21 3.822768504120108122e+21 3.507538784600963154e+21 3.218195208893294445e+21 2.952601897072155165e+21 2.708931933835709907e+21 2.485405693748123795e+21 2.280402406533472977e+21 2.092392644422283559e+21 1.956160839219478004e+21 1.875581615738745258e+21
4.539736171291791589e+21 4.166009249825666105e+21 3.822768504120109171e+21 3.507538784600962105e+21 3.218195208893295493e+21 2.952601897072154640e+21 2.708931933835709907e+21 2.485405693748123271e+21 2.280402406533472977e+21 2.092392644422283035e+21 1.956160839219477479e+21 1.875581615738745258e+21
4.539736171291792114e+21 4.166009249825668202e+21 3.822768504120107598e+21 3.507538784600963154e+21 3.218195208893296017e+21 2.952601897072154640e+21 2.708931933835710431e+21 2.485405693748122747e+21 2.280402406533472190e+21 2.092392644422282248e+21 1.956160839219477742e+21 1.875581615738745520e+21
4.539736171291792114e+21 4.166009249825667678e+21 3.822768504120106549e+21 3.507538784600962630e+21 3.218195208893297066e+21 2.952601897072154640e+21 2.708931933835710956e+21 2.485405693748122747e+21 2.280402406533472715e+21 2.092392644422281986e+21 1.956160839219478266e+21 1.875581615738744996e+21
4.539736171291792114e+21 4.166009249825667678e+21 3.822768504120106549e+21 3.507538784600962630e+21 3.218195208893297066e+21 2.952601897072155689e+21 2.708931933835710431e+21 2.485405693748123271e+21 2.280402406533472453e+21 2.092392644422281986e+21 1.956160839219478790e+21 1.875581615738744734e+21
4.539736171291792638e+21 4.166009249825667678e+21 3.822768504120108646e+21 3.507538784600962105e+21 3.218195208893297590e+21 2.952601897072155689e+21 2.708931933835710431e+21 2.485405693748123795e+21 2.280402406533472715e+21 2.092392644422281724e+21 1.956160839219479052e+21 1.875581615738744209e+21
4.539736171291791065e+21 4.166009249825669251e+21 3.822768504120107598e+21 3.507538784600963154e+21 3.218195208893298639e+21 2.952601897072155689e+21 2.708931933835710956e+21 2.485405693748123271e+21 2.280402406533472190e+21 2.092392644422281462e+21 1.956160839219479839e+21 1.875581615738743947e+21
4.539736171291792638e+21 4.166009249825670300e+21 3.822768504120108122e+21 3.507538784600962630e+21 3.218195208893298639e+21 2.952601897072155689e+21 2.708931933835711480e+21 2.485405693748123271e+21 2.280402406533472453e+21 2.092392644422281462e+21 1.956160839219479577e+21 1.875581615738743947e+21
4.539736171291792638e+21 4.166009249825669251e+21 3.822768504120107598e+21 3.507538784600961581e+21 3.218195208893298639e+21 2.952601897072156213e+21 2.708931933835711480e+21 2.485405693748123271e+21 2.280402406533472190e+21 2.092392644422281724e+21 1.956160839219480101e+21 1.875581615738743685e+21
4.539736171291793162e+21 4.166009249825669775e+21 3.822768504120108646e+21 3.507538784600962105e+21 3.218195208893298115e+21 2.952601897072155689e+21 2.708931933835712004e+21 2.485405693748123271e+21 2.280402406533472190e+21 2.092392644422281986e+21 1.956160839219480363e+21 1.875581615738743947e+21
4.539736171291792638e+21 4.166009249825669775e+21 3.822768504120108646e+21 3.507538784600961581e+21 3.218195208893297066e+21 2.952601897072155165e+21 2.708931933835712004e+21 2.485405693748123271e+21 2.280402406533471928e+21 2.092392644422282248e+21 1.956160839219480363e+21 1.875581615738743685e+21
4.539736171291793162e+21 4.166009249825668727e+21 3.822768504120108646e+21 3.507538784600961581e+21 3.218195208893297066e+21 2.952601897072155165e+21 2.708931933835712004e+21 2.485405693748123271e+21 2.280402406533471404e+21 2.092392644422282510e+21 1.956160839219479839e+21 1.875581615738743423e+21
4.539736171291793687e+21 4.166009249825670300e+21 3.822768504120107598e+21 3.507538784600960532e+21 3.218195208893297066e+21 2.952601897072154640e+21 2.708931933835712004e+21 2.485405693748123271e+21 2.280402406533470618e+21 2.092392644422282248e+21 1.956160839219479839e+21 1.875581615738743423e+21
4.539736171291794211e+21 4.166009249825670300e+21 3.822768504120106549e+21 3.507538784600962105e+21 3.218195208893297066e+21 2.952601897072154640e+21 2.708931933835712528e+21 2.485405693748123271e+21 2.280402406533470618e+21 2.092392644422282510e+21 1.956160839219479314e+21 1.875581615738742637e+21
4.539736171291794211e+21 4.166009249825668727e+21 3.822768504120107074e+21 3.507538784600962630e+21 3.218195208893297590e+21 2.952601897072154640e+21 2.708931933835712528e+21 2.485405693748122747e+21 2.280402406533470618e+21 2.092392644422282510e+21 1.956160839219479314e+21 1.875581615738743161e+21
4.539736171291793162e+21 4.166009249825670300e+21 3.822768504120106549e+21 3.507538784600962630e+21 3.218195208893297590e+21 2.952601897072155165e+21 2.708931933835712528e+21 2.485405693748122747e+21 2.280402406533469831e+21 2.092392644422282772e+21 1.956160839219479314e+21 1.875581615738743685e+21
4.539736171291792638e+21 4.166009249825670824e+21 3.822768504120106549e+21 3.507538784600962105e+21 3.218195208893298115e+21 2.952601897072154640e+21 2.708931933835713577e+21 2.485405693748122223e+21 2.280402406533470093e+21 2.092392644422283035e+21 1.956160839219479314e+21 1.875581615738743161e+21
4.539736171291793162e+21 4.166009249825669251e+21 3.822768504120106549e+21 3.507538784600963678e+21 3.218195208893296542e+21 2.952601897072155165e+21 2.708931933835713577e+21 2.485405693748122223e+21 2.280402406533469569e+21 2.092392644422282772e+21 1.956160839219479052e+21 1.875581615738743423e+21
4.539736171291791589e+21 4.166009249825669251e+21 3.822768504120106549e+21 3.507538784600964727e+21 3.218195208893295493e+21 2.952601897072154640e+21 2.708931933835714101e+21 2.485405693748121698e+21 2.280402406533469569e+21 2.092392644422283035e+21 1.956160839219479314e+21 1.875581615738743947e+21
4.539736171291791589e+21 4.166009249825669251e+21 3.822768504120106549e+21 3.507538784600965251e+21 3.218195208893296017e+21 2.952601897072154640e+21 2.708931933835714101e+21 2.485405693748121698e+21 2.280402406533469307e+21 2.092392644422283297e+21 1.956160839219479314e+21 1.875581615738743685e+21
4.539736171291793162e+21 4.166009249825668727e+21 3.822768504120106025e+21 3.507538784600965251e+21 3.218195208893296017e+21 2.952601897072154640e+21 2.708931933835713577e+21 2.485405693748122223e+21 2.280402406533469045e+21 2.092392644422283559e+21 1.956160839219478528e+21 1.875581615738743423e+21
4.539736171291793162e+21 4.166009249825668202e+21 3.822768504120106025e+21 3.507538784600963154e+21 3.218195208893295493e+21 2.952601897072154640e+21 2.708931933835713053e+21 2.485405693748122223e+21 2.280402406533469045e+21 2.092392644422283559e+21 1.956160839219479052e+21 1.875581615738743423e+21
4.539736171291794211e+21 4.166009249825668202e+21 3.822768504120106025e+21 3.507538784600963678e+21 3.218195208893294445e+21 2.952601897072154640e+21 2.708931933835713577e+21 2.485405693748122223e+21 2.280402406533469045e+21 2.092392644422283035e+21 1.956160839219479052e+21 1.875581615738743947e+21
4.539736171291794735e+21 4.166009249825668202e+21 3.822768504120106549e+21 3.507538784600963678e+21 3.218195208893292872e+21 2.952601897072154640e+21 2.708931933835713577e+21 2.485405693748122223e+21 2.280402406533469045e+21 2.092392644422283035e+21 1.956160839219479052e+21 1.875581615738744209e+21
4.539736171291796832e+21 4.166009249825669775e+21 3.822768504120105501e+21 3.507538784600963154e+21 3.218195208893293920e+21 2.952601897072154116e+21 2.708931933835713577e+21 2.485405693748122223e+21 2.280402406533468520e+21 2.092392644422283297e+21 1.956160839219479577e+21 1.875581615738744734e+21
4.539736171291796832e+21 4.166009249825668727e+21 3.822768504120104976e+21 3.507538784600963154e+21 3.218195208893294445e+21 2.952601897072154640e+21 2.708931933835713577e+21 2.485405693748122223e+21 2.280402406533469045e+21 2.092392644422283297e+21 1.956160839219480363e+21 1.875581615738744734e+21
4.539736171291797357e+21 4.166009249825668727e+21 3.822768504120104976e+21 3.507538784600961581e+21 3.218195208893293920e+21 2.952601897072154640e+21 2.708931933835713053e+21 2.485405693748122223e+21 2.280402406533469307e+21 2.092392644422282772e+21 1.956160839219480363e+21 1.875581615738744472e+21
4.539736171291797881e+21 4.166009249825668727e+21 3.822768504120103404e+21 3.507538784600962105e+21 3.218195208893293396e+21 2.952601897072154640e+21 2.708931933835713053e+21 2.485405693748122223e+21 2.280402406533469569e+21 2.092392644422282510e+21 1.956160839219480101e+21 1.875581615738744996e+21
4.539736171291798929e+21 4.166009249825667678e+21 3.822768504120103404e+21 3.507538784600963678e+21 3.218195208893292872e+21 2.952601897072154116e+21 2.708931933835713577e+21 2.485405693748122223e+21 2.280402406533469045e+21 2.092392644422281200e+21 1.956160839219479577e+21 1.875581615738744996e+21
4.539736171291800502e+21 4.166009249825667154e+21 3.822768504120103928e+21 3.507538784600963154e+21 3.218195208893292347e+21 2.952601897072154640e+21 2.708931933835713577e+21 2.485405693748122223e+21 2.280402406533469307e+21 2.092392644422281200e+21 1.956160839219480101e+21 1.875581615738744996e+21
4.539736171291799454e+21 4.166009249825665057e+21 3.822768504120104452e+21 3.507538784600962630e+21 3.218195208893292872e+21 2.952601897072154640e+21 2.708931933835713577e+21 2.485405693748122223e+21 2.280402406533469307e+21 2.092392644422281200e+21 1.956160839219479839e+21 1.875581615738744472e+21
4.539736171291799454e+21 4.166009249825665581e+21 3.822768504120104976e+21 3.507538784600962630e+21 3.218195208893292872e+21 2.952601897072154116e+21 2.708931933835713053e+21 2.485405693748121698e+21 2.280402406533469831e+21 2.092392644422281462e+21 1.956160839219479839e+21 1.875581615738744472e+21
4.539736171291798405e+21 4.166009249825664532e+21 3.822768504120104452e+21 3.507538784600963154e+21 3.218195208893291823e+21 2.952601897072154640e+21 2.708931933835712528e+21 2.485405693748121174e+21 2.280402406533469831e+21 2.092392644422281724e+21 1.956160839219480101e+21 1.875581615738744996e+21
4.539736171291797881e+21 4.166009249825664532e+21 3.822768504120103928e+21 3.507538784600963678e+21 3.218195208893291823e+21 2.952601897072154640e+21 2.708931933835712528e+21 2.485405693748121174e+21 2.280402406533470093e+21 2.092392644422281724e+21 1.956160839219479577e+21 1.875581615738744734e+21
4.539736171291797881e+21 4.166009249825665581e+21 3.822768504120104452e+21 3.507538784600963154e+21 3.218195208893290775e+21 2.952601897072154640e+21 2.708931933835712528e+21 2.485405693748121698e+21 2.280402406533469569e+21 2.092392644422281986e+21 1.956160839219479839e+21 1.875581615738744734e+21
4.539736171291797357e+21 4.166009249825665581e+21 3.822768504120102879e+21 3.507538784600963678e+21 3.218195208893291299e+21 2.952601897072155165e+21 2.708931933835712528e+21 2.485405693748121698e+21 2.280402406533469045e+21 2.092392644422281986e+21 1.956160839219479839e+21 1.875581615738744996e+21
4.539736171291796308e+21 4.166009249825666105e+21 3.822768504120102355e+21 3.507538784600962630e+21 3.218195208893290775e+21 2.952601897072155165e+21 2.708931933835712528e+21 2.485405693748121174e+21 2.280402406533469307e+21 2.092392644422281986e+21 1.956160839219479577e+21 1.875581615738745520e+21
4.539736171291797357e+21 4.166009249825665057e+21 3.822768504120101306e+21 3.507538784600962630e+21 3.218195208893290250e+21 2.952601897072154640e+21 2.708931933835712528e+21 2.485405693748120650e+21 2.280402406533469307e+21 2.092392644422281986e+21 1.956160839219479314e+21 1.875581615738745520e+21
4.539736171291796832e+21 4.166009249825665581e+21 3.822768504120101831e+21 3.507538784600961581e+21 3.218195208893289726e+21 2.952601897072154640e+21 2.708931933835712004e+21 2.485405693748120650e+21 2.280402406533469045e+21 2.092392644422282248e+21 1.956160839219479839e+21 1.875581615738745520e+21
4.539736171291797357e+21 4.166009249825666630e+21 3.822768504120102355e+21 3.507538784600960008e+21 3.218195208893290250e+21 2.952601897072153592e+21 2.708931933835712004e+21 2.485405693748120650e+21 2.280402406533469307e+21 2.092392644422281462e+21 1.956160839219479839e+21 1.875581615738746307e+21
4.539736171291797357e+21 4.166009249825667678e+21 3.822768504120101306e+21 3.507538784600960008e+21 3.218195208893291299e+21 2.952601897072153592e+21 2.708931933835711480e+21 2.485405693748120650e+21 2.280402406533469307e+21 2.092392644422281724e+21 1.956160839219479577e+21 1.875581615738746044e+21
4.539736171291797357e+21 4.166009249825668727e+21 3.822768504120100782e+21 3.507538784600960532e+21 3.218195208893290775e+21 2.952601897072153592e+21 2.708931933835711480e+21 2.485405693748120125e+21 2.280402406533469045e+21 2.092392644422281724e+21 1.956160839219479839e+21 1.875581615738746044e+21
4.539736171291797357e+21 4.166009249825668202e+21 3.822768504120100258e+21 3.507538784600960532e+21 3.218195208893290775e+21 2.952601897072153068e+21 2.708931933835710956e+21 2.485405693748120650e+21 2.280402406533468258e+21 2.092392644422280937e+21 1.956160839219480101e+21 1.875581615738746044e+21
4.539736171291797357e+21 4.166009249825668727e+21 3.822768504120099209e+21 3.507538784600960008e+21 3.218195208893291299e+21 2.952601897072152543e+21 2.708931933835711480e+21 2.485405693748120125e+21 2.280402406533468258e+21 2.092392644422280937e+21 1.956160839219479839e+21 1.875581615738746044e+21
4.539736171291796832e+21 4.166009249825668727e+21 3.822768504120098685e+21 3.507538784600958960e+21 3.218195208893290775e+21 2.952601897072153068e+21 2.708931933835712004e+21 2.485405693748120650e+21 2.280402406533467996e+21 2.092392644422281462e+21 1.956160839219479839e+21 1.875581615738745782e+21
4.539736171291797357e+21 4.166009249825668202e+21 3.822768504120098685e+21 3.507538784600959484e+21 3.218195208893289726e+21 2.952601897072152019e+21 2.708931933835712528e+21 2.485405693748121174e+21 2.280402406533467734e+21 2.092392644422281200e+21 1.956160839219479577e+21 1.875581615738745520e+21
4.539736171291797357e+21 4.166009249825668202e+21 3.822768504120098161e+21 3.507538784600958960e+21 3.218195208893290775e+21 2.952601897072152543e+21 2.708931933835712528e+21 2.485405693748120125e+21 2.280402406533468258e+21 2.092392644422281200e+21 1.956160839219479314e+21 1.875581615738745782e+21
4.539736171291796308e+21 4.166009249825667678e+21 3.822768504120097636e+21 3.507538784600958960e+21 3.218195208893290250e+21 2.952601897072153068e+21 2.708931933835712528e+21 2.485405693748120125e+21 2.280402406533468520e+21 2.092392644422280937e+21 1.956160839219478790e+21 1.875581615738744996e+21
4.539736171291797357e+21 4.166009249825669251e+21 3.822768504120097636e+21 3.507538784600960008e+21 3.218195208893290775e+21 2.952601897072152543e+21 2.708931933835712004e+21 2.485405693748119601e+21 2.280402406533468258e+21 2.092392644422280937e+21 1.956160839219479314e+21 1.875581615738744734e+21
4.539736171291797357e+21 4.166009249825667678e+21 3.822768504120097636e+21 3.507538784600960008e+21 3.218195208893289726e+21 2.952601897072152019e+21 2.708931933835711480e+21 2.485405693748119077e+21 2.280402406533468520e+21 2.092392644422280937e+21 1.956160839219480101e+21 1.875581615738744209e+21
4.539736171291798405e+21 4.166009249825668727e+21 3.822768504120096588e+21 3.507538784600960008e+21 3.218195208893289726e+21 2.952601897072152019e+21 2.708931933835712004e+21 2.485405693748119601e+21 2.280402406533468520e+21 2.092392644422280937e+21 1.956160839219479577e+21 1.875581615738744209e+21
4.539736171291798405e+21 4.166009249825668727e+21 3.822768504120097636e+21 3.507538784600960532e+21 3.218195208893289726e+21 2.952601897072152019e+21 2.708931933835711480e+21 2.485405693748120125e+21 2.280402406533468520e+21 2.092392644422281462e+21 1.956160839219479577e+21 1.875581615738743947e+21
4.539736171291798929e+21 4.166009249825669251e+21 3.822768504120097112e+21 3.507538784600960532e+21 3.218195208893288677e+21 2.952601897072152019e+21 2.708931933835711480e+21 2.485405693748119601e+21 2.280402406533468258e+21 2.092392644422281724e+21 1.956160839219480101e+21 1.875581615738744209e+21
4.539736171291799978e+21 4.166009249825669251e+21 3.822768504120096063e+21 3.507538784600959484e+21 3.218195208893287629e+21 2.952601897072151495e+21 2.708931933835712004e+21 2.485405693748119077e+21 2.280402406533466948e+21 2.092392644422281200e+21 1.956160839219480101e+21 1.875581615738743947e+21
4.539736171291799454e+21 4.166009249825668727e+21 3.822768504120096063e+21 3.507538784600958435e+21 3.218195208893287105e+21 2.952601897072150970e+21 2.708931933835712528e+21 2.485405693748119077e+21 2.280402406533466423e+21 2.092392644422280937e+21 1.956160839219480887e+21 1.875581615738743947e+21
4.539736171291797357e+21 4.166009249825669251e+21 3.822768504120096588e+21 3.507538784600958435e+21 3.218195208893287105e+21 2.952601897072150446e+21 2.708931933835712528e+21 2.485405693748119601e+21 2.280402406533465899e+21 2.092392644422280675e+21 1.956160839219480625e+21 1.875581615738744209e+21
4.539736171291796832e+21 4.166009249825668202e+21 3.822768504120095539e+21 3.507538784600958435e+21 3.218195208893287105e+21 2.952601897072149922e+21 2.708931933835713053e+21 2.485405693748120125e+21 2.280402406533465899e+21 2.092392644422280413e+21 1.956160839219480101e+21 1.875581615738743423e+21
4.539736171291796308e+21 4.166009249825670300e+21 3.822768504120096063e+21 3.507538784600957911e+21 3.218195208893287629e+21 2.952601897072149398e+21 2.708931933835712528e+21 2.485405693748119601e+21 2.280402406533465899e+21 2.092392644422280151e+21 1.956160839219479577e+21 1.875581615738743685e+21
4.539736171291796308e+21 4.166009249825670824e+21 3.822768504120095015e+21 3.507538784600957911e+21 3.218195208893287629e+21 2.952601897072149922e+21 2.708931933835713053e+21 2.485405693748120125e+21 2.280402406533466161e+21 2.092392644422279889e+21 1.956160839219480363e+21 1.875581615738743685e+21
4.539736171291796832e+21 4.166009249825669251e+21 3.822768504120095539e+21 3.507538784600958435e+21 3.218195208893288153e+21 2.952601897072150446e+21 2.708931933835713053e+21 2.485405693748120650e+21 2.280402406533465637e+21 2.092392644422279889e+21 1.956160839219479839e+21 1.875581615738743423e+21
4.539736171291796308e+21 4.166009249825670824e+21 3.822768504120095539e+21 3.507538784600959484e+21 3.218195208893289202e+21 2.952601897072150446e+21 2.708931933835712528e+21 2.485405693748120650e+21 2.280402406533465637e+21 2.092392644422279889e+21 1.956160839219479314e+21 1.875581615738743423e+21
4.539736171291796308e+21 4.166009249825670300e+21 3.822768504120096063e+21 3.507538784600958960e+21 3.218195208893288677e+21 2.952601897072150446e+21 2.708931933835712528e+21 2.485405693748120125e+21 2.280402406533465637e+21 2.092392644422279627e+21 1.956160839219479577e+21 1.875581615738743423e+21
4.539736171291795784e+21 4.166009249825670300e+21 3.822768504120096588e+21 3.507538784600958960e+21 3.218195208893288677e+21 2.952601897072150446e+21 2.708931933835712528e+21 2.485405693748120650e+21 2.280402406533465637e+21 2.092392644422279365e+21 1.956160839219479314e+21 1.875581615738743423e+21
4.539736171291796832e+21 4.166009249825670824e+21 3.822768504120096588e+21 3.507538784600958435e+21 3.218195208893287629e+21 2.952601897072150970e+21 2.708931933835713053e+21 2.485405693748120650e+21 2.280402406533465375e+21 2.092392644422278840e+21 1.956160839219479052e+21 1.875581615738743947e+21
4.539736171291797357e+21 4.166009249825670300e+21 3.822768504120095539e+21 3.507538784600959484e+21 3.218195208893287105e+21 2.952601897072150446e+21 2.708931933835714101e+21 2.485405693748120650e+21 2.280402406533466423e+21 2.092392644422279365e+21 1.956160839219479314e+21 1.875581615738743947e+21
4.539736171291796832e+21 4.166009249825670300e+21 3.822768504120095539e+21 3.507538784600958960e+21 3.218195208893286580e+21 2.952601897072149398e+21 2.708931933835713577e+21 2.485405693748121174e+21 2.280402406533466423e+21 2.092392644422279102e+21 1.956160839219479577e+21 1.875581615738743947e+21
4.539736171291796832e+21 4.166009249825669775e+21 3.822768504120096588e+21 3.507538784600959484e+21 3.218195208893286580e+21 2.952601897072149922e+21 2.708931933835713577e+21 2.485405693748120650e+21 2.280402406533466423e+21 2.092392644422278578e+21 1.956160839219480363e+21 1.875581615738744472e+21
4.539736171291796832e+21 4.166009249825670824e+21 3.822768504120096063e+21 3.507538784600960008e+21 3.218195208893285532e+21 2.952601897072149398e+21 2.708931933835713577e+21 2.485405693748120650e+21 2.280402406533466423e+21 2.092392644422278054e+21 1.956160839219480887e+21 1.875581615738744472e+21
4.539736171291797357e+21 4.166009249825670824e+21 3.822768504120096063e+21 3.507538784600960008e+21 3.218195208893285532e+21 2.952601897072150446e+21 2.708931933835713053e+21 2.485405693748121174e+21 2.280402406533465637e+21 2.092392644422278054e+21 1.956160839219481674e+21 1.875581615738744996e+21
4.539736171291796832e+21 4.166009249825669251e+21 3.822768504120094491e+21 3.507538784600959484e+21 3.218195208893286056e+21 2.952601897072149398e+21 2.708931933835712528e+21 2.485405693748121174e+21 2.280402406533465899e+21 2.092392644422277792e+21 1.956160839219480887e+21 1.875581615738745520e+21
4.539736171291798929e+21 4.166009249825669775e+21 3.822768504120095015e+21 3.507538784600958960e+21 3.218195208893287105e+21 2.952601897072149922e+21 2.708931933835712528e+21 2.485405693748121174e+21 2.280402406533465899e+21 2.092392644422277530e+21 1.956160839219481149e+21 1.875581615738745258e+21
4.539736171291798929e+21 4.166009249825671348e+21 3.822768504120096588e+21 3.507538784600958435e+21 3.218195208893288677e+21 2.952601897072150446e+21 2.708931933835712004e+21 2.485405693748121174e+21 2.280402406533465375e+21 2.092392644422277005e+21 1.956160839219481674e+21 1.875581615738745258e+21
4.539736171291799978e+21 4.166009249825671873e+21 3.822768504120096063e+21 3.507538784600957911e+21 3.218195208893288153e+21 2.952601897072150446e+21 2.708931933835712528e+21 2.485405693748121698e+21 2.280402406533465375e+21 2.092392644422277267e+21 1.956160839219481412e+21 1.875581615738744734e+21
4.539736171291801027e+21 4.166009249825672397e+21 3.822768504120097112e+21 3.507538784600957387e+21 3.218195208893287629e+21 2.952601897072150446e+21 2.708931933835713053e+21 2.485405693748121698e+21 2.280402406533465637e+21 2.092392644422277267e+21 1.956160839219481674e+21 1.875581615738744472e+21
4.539736171291801027e+21 4.166009249825672921e+21 3.822768504120096588e+21 3.507538784600956862e+21 3.218195208893288153e+21 2.952601897072149398e+21 2.708931933835713577e+21 2.485405693748122223e+21 2.280402406533466161e+21 2.092392644422277005e+21 1.956160839219481936e+21 1.875581615738744734e+21
4.539736171291801551e+21 4.166009249825673445e+21 3.822768504120096063e+21 3.507538784600956862e+21 3.218195208893287629e+21 2.952601897072148873e+21 2.708931933835713053e+21 2.485405693748122747e+21 2.280402406533465375e+21 2.092392644422276743e+21 1.956160839219481936e+21 1.875581615738743685e+21
4.539736171291802599e+21 4.166009249825673970e+21 3.822768504120096063e+21 3.507538784600957911e+21 3.218195208893286580e+21 2.952601897072148349e+21 2.708931933835713577e+21 2.485405693748123271e+21 2.280402406533464850e+21 2.092392644422276743e+21 1.956160839219482198e+21 1.875581615738744209e+21
4.539736171291802599e+21 4.166009249825673970e+21 3.822768504120095539e+21 3.507538784600957911e+21 3.218195208893285007e+21 2.952601897072148873e+21 2.708931933835713577e+21 2.485405693748123795e+21 2.280402406533465113e+21 2.092392644422277005e+21 1.956160839219482198e+21 1.875581615738744209e+21
4.539736171291803124e+21 4.166009249825673970e+21 3.822768504120096588e+21 3.507538784600958435e+21 3.218195208893285007e+21 2.952601897072148349e+21 2.708931933835713577e+21 2.485405693748124320e+21 2.280402406533465113e+21 2.092392644422277267e+21 1.956160839219482460e+21 1.875581615738743685e+21
4.539736171291803648e+21 4.166009249825673445e+21 3.822768504120095015e+21 3.507538784600958435e+21 3.218195208893286056e+21 2.952601897072148349e+21 2.708931933835714626e+21 2.485405693748123795e+21 2.280402406533465113e+21 2.092392644422277530e+21 1.956160839219481936e+21 1.875581615738743423e+21
4.539736171291803648e+21 4.166009249825673445e+21 3.822768504120095539e+21 3.507538784600959484e+21 3.218195208893285007e+21 2.952601897072146776e+21 2.708931933835714626e+21 2.485405693748123795e+21 2.280402406533465899e+21 2.092392644422277267e+21 1.956160839219481936e+21 1.875581615738743685e+21
4.539736171291804172e+21 4.166009249825673445e+21 3.822768504120095539e+21 3.507538784600958960e+21 3.218195208893285532e+21 2.952601897072146776e+21 2.708931933835714626e+21 2.485405693748123795e+21 2.280402406533466423e+21 2.092392644422277005e+21 1.956160839219481936e+21 1.875581615738743685e+21
4.539736171291804172e+21 4.166009249825672921e+21 3.822768504120095015e+21 3.507538784600960008e+21 3.218195208893286056e+21 2.952601897072146776e+21 2.708931933835714626e+21 2.485405693748123795e+21 2.280402406533466685e+21 2.092392644422277005e+21 1.956160839219482198e+21 1.875581615738744472e+21
4.539736171291804697e+21 4.166009249825672397e+21 3.822768504120094491e+21 3.507538784600960008e+21 3.218195208893287105e+21 2.952601897072146252e+21 2.708931933835715150e+21 2.485405693748123271e+21 2.280402406533466423e+21 2.092392644422277005e+21 1.956160839219482198e+21 1.875581615738744472e+21
4.539736171291804172e+21 4.166009249825672397e+21 3.822768504120096063e+21 3.507538784600961057e+21 3.218195208893286580e+21 2.952601897072146252e+21 2.708931933835714626e+21 2.485405693748123271e+21 2.280402406533466161e+21 2.092392644422276743e+21 1.956160839219482460e+21 1.875581615738744472e+21
4.539736171291803124e+21 4.166009249825672397e+21 3.822768504120095015e+21 3.507538784600960532e+21 3.218195208893286056e+21 2.952601897072146776e+21 2.708931933835714626e+21 2.485405693748123795e+21 2.280402406533466161e+21 2.092392644422277005e+21 1.956160839219482722e+21 1.875581615738745258e+21
4.539736171291803648e+21 4.166009249825671873e+21 3.822768504120096063e+21 3.507538784600961057e+21 3.218195208893287105e+21 2.952601897072146252e+21 2.708931933835714101e+21 2.485405693748124320e+21 2.280402406533465637e+21 2.092392644422276743e+21 1.956160839219481674e+21 1.875581615738744996e+21
4.539736171291802599e+21 4.166009249825672397e+21 3.822768504120094491e+21 3.507538784600961581e+21 3.218195208893287629e+21 2.952601897072146776e+21 2.708931933835714101e+21 2.485405693748123795e+21 2.280402406533466161e+21 2.092392644422277530e+21 1.956160839219481674e+21 1.875581615738744734e+21
4.539736171291802075e+21 4.166009249825671873e+21 3.822768504120093966e+21 3.507538784600961581e+21 3.218195208893287105e+21 2.952601897072147300e+21 2.708931933835713577e+21 2.485405693748124320e+21 2.280402406533466423e+21 2.092392644422277530e+21 1.956160839219481149e+21 1.875581615738743947e+21
4.539736171291802599e+21 4.166009249825671348e+21 3.822768504120094491e+21 3.507538784600962630e+21 3.218195208893286056e+21 2.952601897072147300e+21 2.708931933835714101e+21 2.485405693748123795e+21 2.280402406533465899e+21 2.092392644422277792e+21 1.956160839219480625e+21 1.875581615738744734e+21
4.539736171291802075e+21 4.166009249825670824e+21 3.822768504120095015e+21 3.507538784600961581e+21 3.218195208893285007e+21 2.952601897072147300e+21 2.708931933835714101e+21 2.485405693748124320e+21 2.280402406533466685e+21 2.092392644422277792e+21 1.956160839219481149e+21 1.875581615738744472e+21
4.539736171291801551e+21 4.166009249825671348e+21 3.822768504120095539e+21 3.507538784600962105e+21 3.218195208893285007e+21 2.952601897072146252e+21 2.708931933835713577e+21 2.485405693748122223e+21 2.280402406533466948e+21 2.092392644422277792e+21 1.956160839219480887e+21 1.875581615738744209e+21
4.539736171291801551e+21 4.166009249825670824e+21 3.822768504120096063e+21 3.507538784600963678e+21 3.218195208893285532e+21 2.952601897072146252e+21 2.708931933835713577e+21 2.485405693748122747e+21 2.280402406533466948e+21 2.092392644422277267e+21 1.956160839219481674e+21 1.875581615738744996e+21
4.539736171291802075e+21 4.166009249825670300e+21 3.822768504120097112e+21 3.507538784600963154e+21 3.218195208893283959e+21 2.952601897072146252e+21 2.708931933835713577e+21 2.485405693748122223e+21 2.280402406533467210e+21 2.092392644422277267e+21 1.956160839219481936e+21 1.875581615738744996e+21
4.539736171291802075e+21 4.166009249825670300e+21 3.822768504120096063e+21 3.507538784600963154e+21 3.218195208893283959e+21 2.952601897072146252e+21 2.708931933835713053e+21 2.485405693748122747e+21 2.280402406533466948e+21 2.092392644422277530e+21 1.956160839219481936e+21 1.875581615738744996e+21
4.539736171291802075e+21 4.166009249825671348e+21 3.822768504120096588e+21 3.507538784600963678e+21 3.218195208893283434e+21 2.952601897072147300e+21 2.708931933835713577e+21 2.485405693748122223e+21 2.280402406533466685e+21 2.092392644422277530e+21 1.956160839219481674e+21 1.875581615738744734e+21
4.539736171291802599e+21 4.166009249825669775e+21 3.822768504120097112e+21 3.507538784600962105e+21 3.218195208893283434e+21 2.952601897072146252e+21 2.708931933835713053e+21 2.485405693748122747e+21 2.280402406533467210e+21 2.092392644422277005e+21 1.956160839219482198e+21 1.875581615738745258e+21
4.539736171291802599e+21 4.166009249825669775e+21 3.822768504120096588e+21 3.507538784600962105e+21 3.218195208893282910e+21 2.952601897072146776e+21 2.708931933835712004e+21 2.485405693748123795e+21 2.280402406533466948e+21 2.092392644422277267e+21 1.956160839219481936e+21 1.875581615738745258e+21
4.539736171291802599e+21 4.166009249825669251e+21 3.822768504120097112e+21 3.507538784600961581e+21 3.218195208893283959e+21 2.952601897072146252e+21 2.708931933835712004e+21 2.485405693748123795e+21 2.280402406533466948e+21 2.092392644422277005e+21 1.956160839219482198e+21 1.875581615738744996e+21
4.539736171291801551e+21 4.166009249825669775e+21 3.822768504120097112e+21 3.507538784600961057e+21 3.218195208893283434e+21 2.952601897072146776e+21 2.708931933835712004e+21 2.485405693748123795e+21 2.280402406533467210e+21 2.092392644422276743e+21 1.956160839219481936e+21 1.875581615738744472e+21
4.539736171291803124e+21 4.166009249825669251e+21 3.822768504120096588e+21 3.507538784600961057e+21 3.218195208893283434e+21 2.952601897072147300e+21 2.708931933835711480e+21 2.485405693748124320e+21 2.280402406533467210e+21 2.092392644422277530e+21 1.956160839219481674e+21 1.875581615738743947e+21
4.539736171291804172e+21 4.166009249825669251e+21 3.822768504120096063e+21 3.507538784600960532e+21 3.218195208893282386e+21 2.952601897072147825e+21 2.708931933835711480e+21 2.485405693748123795e+21 2.280402406533467472e+21 2.092392644422277530e+21 1.956160839219482460e+21 1.875581615738744472e+21
4.539736171291804697e+21 4.166009249825669251e+21 3.822768504120095015e+21 3.507538784600960008e+21 3.218195208893282910e+21 2.952601897072147300e+21 2.708931933835711480e+21 2.485405693748123271e+21 2.280402406533466948e+21 2.092392644422277792e+21 1.956160839219481936e+21 1.875581615738745782e+21
4.539736171291804172e+21 4.166009249825669251e+21 3.822768504120095539e+21 3.507538784600959484e+21 3.218195208893282910e+21 2.952601897072147300e+21 2.708931933835711480e+21 2.485405693748122747e+21 2.280402406533466423e+21 2.092392644422277792e+21 1.956160839219481936e+21 1.875581615738745782e+21
4.539736171291804697e+21 4.166009249825668727e+21 3.822768504120093966e+21 3.507538784600960532e+21 3.218195208893284483e+21 2.952601897072147300e+21 2.708931933835712004e+21 2.485405693748123271e+21 2.280402406533466423e+21 2.092392644422278316e+21 1.956160839219482198e+21 1.875581615738745520e+21
4.539736171291805745e+21 4.166009249825670300e+21 3.822768504120092918e+21 3.507538784600961581e+21 3.218195208893285007e+21 2.952601897072146776e+21 2.708931933835712528e+21 2.485405693748123271e+21 2.280402406533466423e+21 2.092392644422278316e+21 1.956160839219482198e+21 1.875581615738745520e+21
4.539736171291805745e+21 4.166009249825670300e+21 3.822768504120094491e+21 3.507538784600964202e+21 3.218195208893285532e+21 2.952601897072147825e+21 2.708931933835712528e+21 2.485405693748123271e+21 2.280402406533465375e+21 2.092392644422278578e+21 1.956160839219482460e+21 1.875581615738745520e+21
4.539736171291805221e+21 4.166009249825670300e+21 3.822768504120095015e+21 3.507538784600965251e+21 3.218195208893285532e+21 2.952601897072147825e+21 2.708931933835712528e+21 2.485405693748123271e+21 2.280402406533465899e+21 2.092392644422278316e+21 1.956160839219482722e+21 1.875581615738745782e+21
4.539736171291805221e+21 4.166009249825669775e+21 3.822768504120096063e+21 3.507538784600965251e+21 3.218195208893284483e+21 2.952601897072148349e+21 2.708931933835712004e+21 2.485405693748122747e+21 2.280402406533465375e+21 2.092392644422278054e+21 1.956160839219483247e+21 1.875581615738746044e+21
4.539736171291805221e+21 4.166009249825671348e+21 3.822768504120097112e+21 3.507538784600965251e+21 3.218195208893285532e+21 2.952601897072148349e+21 2.708931933835712528e+21 2.485405693748122223e+21 2.280402406533464850e+21 2.092392644422278054e+21 1.956160839219483509e+21 1.875581615738745782e+21
4.539736171291805745e+21 4.166009249825672397e+21 3.822768504120097112e+21 3.507538784600965775e+21 3.218195208893285532e+21 2.952601897072148349e+21 2.708931933835713053e+21 2.485405693748122223e+21 2.280402406533464850e+21 2.092392644422278054e+21 1.956160839219482722e+21 1.875581615738746307e+21
4.539736171291806269e+21 4.166009249825670824e+21 3.822768504120096063e+21 3.507538784600965775e+21 3.218195208893285532e+21 2.952601897072148349e+21 2.708931933835713053e+21 2.485405693748122223e+21 2.280402406533465637e+21 2.092392644422278054e+21 1.956160839219483247e+21 1.875581615738746831e+21
4.539736171291806794e+21 4.166009249825669775e+21 3.822768504120096063e+21 3.507538784600966824e+21 3.218195208893286056e+21 2.952601897072147825e+21 2.708931933835713577e+21 2.485405693748121698e+21 2.280402406533465637e+21 2.092392644422278316e+21 1.956160839219483247e+21 1.875581615738746831e+21
4.539736171291807842e+21 4.166009249825669251e+21 3.822768504120095015e+21 3.507538784600966824e+21 3.218195208893286056e+21 2.952601897072147825e+21 2.708931933835713577e+21 2.485405693748121698e+21 2.280402406533465637e+21 2.092392644422278316e+21 1.956160839219483247e+21 1.875581615738746569e+21
4.539736171291806794e+21 4.166009249825667678e+21 3.822768504120095015e+21 3.507538784600966300e+21 3.218195208893285532e+21 2.952601897072148349e+21 2.708931933835713577e+21 2.485405693748122223e+21 2.280402406533465375e+21 2.092392644422278316e+21 1.956160839219483771e+21 1.875581615738746569e+21
4.539736171291807318e+21 4.166009249825666630e+21 3.822768504120096063e+21 3.507538784600966824e+21 3.218195208893285532e+21 2.952601897072147825e+21 2.708931933835713577e+21 2.485405693748121174e+21 2.280402406533465113e+21 2.092392644422278316e+21 1.956160839219484295e+21 1.875581615738747093e+21
4.539736171291805745e+21 4.166009249825666630e+21 3.822768504120096063e+21 3.507538784600967873e+21 3.218195208893285007e+21 2.952601897072147300e+21 2.708931933835713577e+21 2.485405693748121174e+21 2.280402406533465375e+21 2.092392644422278578e+21 1.956160839219484033e+21 1.875581615738746831e+21
4.539736171291805221e+21 4.166009249825666105e+21 3.822768504120095539e+21 3.507538784600967873e+21 3.218195208893284483e+21 2.952601897072147825e+21 2.708931933835714101e+21 2.485405693748121174e+21 2.280402406533465113e+21 2.092392644422278316e+21 1.956160839219484557e+21 1.875581615738746831e+21
4.539736171291805221e+21 4.166009249825666105e+21 3.822768504120095539e+21 3.507538784600967348e+21 3.218195208893284483e+21 2.952601897072147825e+21 2.708931933835714101e+21 2.485405693748121698e+21 2.280402406533465113e+21 2.092392644422278578e+21 1.956160839219483771e+21 1.875581615738746831e+21
4.539736171291804697e+21 4.166009249825665581e+21 3.822768504120097636e+21 3.507538784600965775e+21 3.218195208893285007e+21 2.952601897072147825e+21 2.708931933835713577e+21 2.485405693748121698e+21 2.280402406533464850e+21 2.092392644422277792e+21 1.956160839219483247e+21 1.875581615738746569e+21
4.539736171291804172e+21 4.166009249825665057e+21 3.822768504120096588e+21 3.507538784600965775e+21 3.218195208893284483e+21 2.952601897072147825e+21 2.708931933835713577e+21 2.485405693748121174e+21 2.280402406533464326e+21 2.092392644422278054e+21 1.956160839219483509e+21 1.875581615738746307e+21
4.539736171291802599e+21 4.166009249825665057e+21 3.822768504120097112e+21 3.507538784600965251e+21 3.218195208893283959e+21 2.952601897072147300e+21 2.708931933835714101e+21 2.485405693748121698e+21 2.280402406533464588e+21 2.092392644422278054e+21 1.956160839219483771e+21 1.875581615738746831e+21
4.539736171291802075e+21 4.166009249825664532e+21 3.822768504120096063e+21 3.507538784600965775e+21 3.218195208893284483e+21 2.952601897072147300e+21 2.708931933835714626e+21 2.485405693748122223e+21 2.280402406533464588e+21 2.092392644422277530e+21 1.956160839219483771e+21 1.875581615738746831e+21
4.539736171291804172e+21 4.166009249825664008e+21 3.822768504120095539e+21 3.507538784600966300e+21 3.218195208893284483e+21 2.952601897072146252e+21 2.708931933835713577e+21 2.485405693748122223e+21 2.280402406533464064e+21 2.092392644422277792e+21 1.956160839219483771e+21 1.875581615738747093e+21
4.539736171291805221e+21 4.166009249825665057e+21 3.822768504120093966e+21 3.507538784600965775e+21 3.218195208893285007e+21 2.952601897072146776e+21 2.708931933835714101e+21 2.485405693748122223e+21 2.280402406533464064e+21 2.092392644422277267e+21 1.956160839219483771e+21 1.875581615738746569e+21
4.539736171291804697e+21 4.166009249825665057e+21 3.822768504120092918e+21 3.507538784600965775e+21 3.218195208893285007e+21 2.952601897072145727e+21 2.708931933835714101e+21 2.485405693748122223e+21 2.280402406533464326e+21 2.092392644422277530e+21 1.956160839219483509e+21 1.875581615738746569e+21
4.539736171291803648e+21 4.166009249825665057e+21 3.822768504120092393e+21 3.507538784600964202e+21 3.218195208893285532e+21 2.952601897072145727e+21 2.708931933835714101e+21 2.485405693748122223e+21 2.280402406533464064e+21 2.092392644422277530e+21 1.956160839219483509e+21 1.875581615738746307e+21
4.539736171291804172e+21 4.166009249825664532e+21 3.822768504120093442e+21 3.507538784600963678e+21 3.218195208893284483e+21 2.952601897072144679e+21 2.708931933835713577e+21 2.485405693748122223e+21 2.280402406533463540e+21 2.092392644422277267e+21 1.956160839219483509e+21 1.875581615738745782e+21
4.539736171291805221e+21 4.166009249825665057e+21 3.822768504120093442e+21 3.507538784600963678e+21 3.218195208893284483e+21 2.952601897072145203e+21 2.708931933835713577e+21 2.485405693748122223e+21 2.280402406533463278e+21 2.092392644422277530e+21 1.956160839219483247e+21 1.875581615738746044e+21
4.539736171291804697e+21 4.166009249825666630e+21 3.822768504120093966e+21 3.507538784600964727e+21 3.218195208893283959e+21 2.952601897072145727e+21 2.708931933835714101e+21 2.485405693748122223e+21 2.280402406533463278e+21 2.092392644422277005e+21 1.956160839219483247e+21 1.875581615738746307e+21
4.539736171291805221e+21 4.166009249825666630e+21 3.822768504120093966e+21 3.507538784600963678e+21 3.218195208893283434e+21 2.952601897072145727e+21 2.708931933835714626e+21 2.485405693748121698e+21 2.280402406533463278e+21 2.092392644422276481e+21 1.956160839219483509e+21 1.875581615738746569e+21
4.539736171291804697e+21 4.166009249825667154e+21 3.822768504120093442e+21 3.507538784600963678e+21 3.218195208893283434e+21 2.952601897072145203e+21 2.708931933835715150e+21 2.485405693748121698e+21 2.280402406533463278e+21 2.092392644422276743e+21 1.956160839219483509e+21 1.875581615738746831e+21
4.539736171291805745e+21 4.166009249825667154e+21 3.822768504120093442e+21 3.507538784600964202e+21 3.218195208893283434e+21 2.952601897072145203e+21 2.708931933835714626e+21 2.485405693748122223e+21 2.280402406533463278e+21 2.092392644422277267e+21 1.956160839219483509e+21 1.875581615738746307e+21
4.539736171291805221e+21 4.166009249825667154e+21 3.822768504120092918e+21 3.507538784600964727e+21 3.218195208893283434e+21 2.952601897072145203e+21 2.708931933835714626e+21 2.485405693748122223e+21 2.280402406533463540e+21 2.092392644422277267e+21 1.956160839219483247e+21 1.875581615738747355e+21
4.539736171291805221e+21 4.166009249825667154e+21 3.822768504120091869e+21 3.507538784600963678e+21 3.218195208893284483e+21 2.952601897072145727e+21 2.708931933835714626e+21 2.485405693748121698e+21 2.280402406533463802e+21 2.092392644422277267e+21 1.956160839219482722e+21 1.875581615738748142e+21
4.539736171291805221e+21 4.166009249825666630e+21 3.822768504120091345e+21 3.507538784600963154e+21 3.218195208893284483e+21 2.952601897072146252e+21 2.708931933835715150e+21 2.485405693748121174e+21 2.280402406533463278e+21 2.092392644422277267e+21 1.956160839219483247e+21 1.875581615738747617e+21
4.539736171291805221e+21 4.166009249825666630e+21 3.822768504120090296e+21 3.507538784600963154e+21 3.218195208893283959e+21 2.952601897072146252e+21 2.708931933835715674e+21 2.485405693748122223e+21 2.280402406533463015e+21 2.092392644422277267e+21 1.956160839219483247e+21 1.875581615738747617e+21
4.539736171291806269e+21 4.166009249825667154e+21 3.822768504120089248e+21 3.507538784600962630e+21 3.218195208893283959e+21 2.952601897072146776e+21 2.708931933835715150e+21 2.485405693748122223e+21 2.280402406533463802e+21 2.092392644422277530e+21 1.956160839219482984e+21 1.875581615738747093e+21
4.539736171291805745e+21 4.166009249825666105e+21 3.822768504120088723e+21 3.507538784600962630e+21 3.218195208893284483e+21 2.952601897072146252e+21 2.708931933835715150e+21 2.485405693748122223e+21 2.280402406533464064e+21 2.092392644422277005e+21 1.956160839219483771e+21 1.875581615738747879e+21
4.539736171291806794e+21 4.166009249825666105e+21 3.822768504120087675e+21 3.507538784600962630e+21 3.218195208893283434e+21 2.952601897072146252e+21 2.708931933835714626e+21 2.485405693748122223e+21 2.280402406533463802e+21 2.092392644422276219e+21 1.956160839219483771e+21 1.875581615738748404e+21
4.539736171291807318e+21 4.166009249825667678e+21 3.822768504120088199e+21 3.507538784600961581e+21 3.218195208893283434e+21 2.952601897072146252e+21 2.708931933835714626e+21 2.485405693748122223e+21 2.280402406533463540e+21 2.092392644422275957e+21 1.956160839219483771e+21 1.875581615738748142e+21
4.539736171291806794e+21 4.166009249825667678e+21 3.822768504120088199e+21 3.507538784600963154e+21 3.218195208893283434e+21 2.952601897072146252e+21 2.708931933835715674e+21 2.485405693748122223e+21 2.280402406533463540e+21 2.092392644422275957e+21 1.956160839219483247e+21 1.875581615738748142e+21
4.539736171291807318e+21 4.166009249825668727e+21 3.822768504120088723e+21 3.507538784600963678e+21 3.218195208893283434e+21 2.952601897072146252e+21 2.708931933835715674e+21 2.485405693748122223e+21 2.280402406533463802e+21 2.092392644422276219e+21 1.956160839219482984e+21 1.875581615738748142e+21
4.539736171291806794e+21 4.166009249825668727e+21 3.822768504120088199e+21 3.507538784600963678e+21 3.218195208893283434e+21 2.952601897072145727e+21 2.708931933835715150e+21 2.485405693748121698e+21 2.280402406533463802e+21 2.092392644422276481e+21 1.956160839219482460e+21 1.875581615738748666e+21
4.539736171291806794e+21 4.166009249825669251e+21 3.822768504120087675e+21 3.507538784600964202e+21 3.218195208893283434e+21 2.952601897072146252e+21 2.708931933835714626e+21 2.485405693748121174e+21 2.280402406533463802e+21 2.092392644422276743e+21 1.956160839219482722e+21 1.875581615738748142e+21
4.539736171291807318e+21 4.166009249825668727e+21 3.822768504120086102e+21 3.507538784600963678e+21 3.218195208893283434e+21 2.952601897072146252e+21 2.708931933835715150e+21 2.485405693748120650e+21 2.280402406533464064e+21 2.092392644422277267e+21 1.956160839219482722e+21 1.875581615738748404e+21
4.539736171291806794e+21 4.166009249825668202e+21 3.822768504120086626e+21 3.507538784600963678e+21 3.218195208893283434e+21 2.952601897072146252e+21 2.708931933835715674e+21 2.485405693748121174e+21 2.280402406533464064e+21 2.092392644422277005e+21 1.956160839219482722e+21 1.875581615738748666e+21
4.539736171291806794e+21 4.166009249825667678e+21 3.822768504120086102e+21 3.507538784600964202e+21 3.218195208893283959e+21 2.952601897072145727e+21 2.708931933835715674e+21 2.485405693748121174e+21 2.280402406533464064e+21 2.092392644422277530e+21 1.956160839219482722e+21 1.875581615738748404e+21
4.539736171291806794e+21 4.166009249825667678e+21 3.822768504120085053e+21 3.507538784600964727e+21 3.218195208893283434e+21 2.952601897072146252e+21 2.708931933835716723e+21 2.485405693748121698e+21 2.280402406533464064e+21 2.092392644422277005e+21 1.956160839219482722e+21 1.875581615738748666e+21
4.539736171291805745e+21 4.166009249825667678e+21 3.822768504120083481e+21 3.507538784600964202e+21 3.218195208893283434e+21 2.952601897072146252e+21 2.708931933835716723e+21 2.485405693748121698e+21 2.280402406533464588e+21 2.092392644422277005e+21 1.956160839219482460e+21 1.875581615738748404e+21
4.539736171291806269e+21 4.166009249825668727e+21 3.822768504120082956e+21 3.507538784600963678e+21 3.218195208893283959e+21 2.952601897072146252e+21 2.708931933835716723e+21 2.485405693748122223e+21 2.280402406533464850e+21 2.092392644422276743e+21 1.956160839219482722e+21 1.875581615738748404e+21
4.539736171291807318e+21 4.166009249825668727e+21 3.822768504120081908e+21 3.507538784600964727e+21 3.218195208893283434e+21 2.952601897072146776e+21 2.708931933835716723e+21 2.485405693748121698e+21 2.280402406533464326e+21 2.092392644422277267e+21 1.956160839219482198e+21 1.875581615738748142e+21
4.539736171291807842e+21 4.166009249825668202e+21 3.822768504120080859e+21 3.507538784600964727e+21 3.218195208893283434e+21 2.952601897072147300e+21 2.708931933835717247e+21 2.485405693748122223e+21 2.280402406533463802e+21 2.092392644422277267e+21 1.956160839219482722e+21 1.875581615738748142e+21
4.539736171291809415e+21 4.166009249825668202e+21 3.822768504120080335e+21 3.507538784600965251e+21 3.218195208893283434e+21 2.952601897072147300e+21 2.708931933835716723e+21 2.485405693748122747e+21 2.280402406533464064e+21 2.092392644422277267e+21 1.956160839219482984e+21 1.875581615738748666e+21
4.539736171291807842e+21 4.166009249825667678e+21 3.822768504120080859e+21 3.507538784600966300e+21 3.218195208893282910e+21 2.952601897072147825e+21 2.708931933835716198e+21 2.485405693748123271e+21 2.280402406533463278e+21 2.092392644422277792e+21 1.956160839219482460e+21 1.875581615738748142e+21
4.539736171291809939e+21 4.166009249825668727e+21 3.822768504120081383e+21 3.507538784600967348e+21 3.218195208893282910e+21 2.952601897072148349e+21 2.708931933835716723e+21 2.485405693748123271e+21 2.280402406533464064e+21 2.092392644422277792e+21 1.956160839219482984e+21 1.875581615738748404e+21
4.539736171291809939e+21 4.166009249825668202e+21 3.822768504120081908e+21 3.507538784600966300e+21 3.218195208893283434e+21 2.952601897072147825e+21 2.708931933835717247e+21 2.485405693748123795e+21 2.280402406533463540e+21 2.092392644422277267e+21 1.956160839219483509e+21 1.875581615738749190e+21
4.539736171291809939e+21 4.166009249825668202e+21 3.822768504120081908e+21 3.507538784600966300e+21 3.218195208893283434e+21 2.952601897072147300e+21 2.708931933835716198e+21 2.485405693748123271e+21 2.280402406533462491e+21 2.092392644422277530e+21 1.956160839219483247e+21 1.875581615738748928e+21
4.539736171291809939e+21 4.166009249825668202e+21 3.822768504120081908e+21 3.507538784600964727e+21 3.218195208893283434e+21 2.952601897072147825e+21 2.708931933835716723e+21 2.485405693748122223e+21 2.280402406533461967e+21 2.092392644422277530e+21 1.956160839219483509e+21 1.875581615738748666e+21
4.539736171291811512e+21 4.166009249825668202e+21 3.822768504120080859e+21 3.507538784600964202e+21 3.218195208893283434e+21 2.952601897072147300e+21 2.708931933835716723e+21 2.485405693748122223e+21 2.280402406533462229e+21 2.092392644422277530e+21 1.956160839219483771e+21 1.875581615738748404e+21
4.539736171291810988e+21 4.166009249825669251e+21 3.822768504120080335e+21 3.507538784600964727e+21 3.218195208893283959e+21 2.952601897072147300e+21 2.708931933835715674e+21 2.485405693748122223e+21 2.280402406533462753e+21 2.092392644422277792e+21 1.956160839219484033e+21 1.875581615738747617e+21
4.539736171291812037e+21 4.166009249825668727e+21 3.822768504120080859e+21 3.507538784600965251e+21 3.218195208893283434e+21 2.952601897072148349e+21 2.708931933835716198e+21 2.485405693748122223e+21 2.280402406533463015e+21 2.092392644422278578e+21 1.956160839219484033e+21 1.875581615738746831e+21
4.539736171291812037e+21 4.166009249825668727e+21 3.822768504120081383e+21 3.507538784600966300e+21 3.218195208893283434e+21 2.952601897072148349e+21 2.708931933835716198e+21 2.485405693748122223e+21 2.280402406533462491e+21 2.092392644422278316e+21 1.956160839219484295e+21 1.875581615738747093e+21
4.539736171291813609e+21 4.166009249825668202e+21 3.822768504120081383e+21 3.507538784600968397e+21 3.218195208893283434e+21 2.952601897072148349e+21 2.708931933835715674e+21 2.485405693748122747e+21 2.280402406533462753e+21 2.092392644422278054e+21 1.956160839219484033e+21 1.875581615738747093e+21
4.539736171291813085e+21 4.166009249825668727e+21 3.822768504120081908e+21 3.507538784600966824e+21 3.218195208893284483e+21 2.952601897072149398e+21 2.708931933835716198e+21 2.485405693748123271e+21 2.280402406533463278e+21 2.092392644422278316e+21 1.956160839219484033e+21 1.875581615738747093e+21
4.539736171291811512e+21 4.166009249825668727e+21 3.822768504120082956e+21 3.507538784600967348e+21 3.218195208893283434e+21 2.952601897072149398e+21 2.708931933835716198e+21 2.485405693748122747e+21 2.280402406533463540e+21 2.092392644422278316e+21 1.956160839219484557e+21 1.875581615738747355e+21
4.539736171291810464e+21 4.166009249825669251e+21 3.822768504120083481e+21 3.507538784600966824e+21 3.218195208893283959e+21 2.952601897072148873e+21 2.708931933835716198e+21 2.485405693748122223e+21 2.280402406533463540e+21 2.092392644422277530e+21 1.956160839219484557e+21 1.875581615738747617e+21
4.539736171291809939e+21 4.166009249825669251e+21 3.822768504120083481e+21 3.507538784600967348e+21 3.218195208893283434e+21 2.952601897072149398e+21 2.708931933835716723e+21 2.485405693748123271e+21 2.280402406533463540e+21 2.092392644422277530e+21 1.956160839219484557e+21 1.875581615738747355e+21
4.539736171291808891e+21 4.166009249825670300e+21 3.822768504120085053e+21 3.507538784600967873e+21 3.218195208893283434e+21 2.952601897072148873e+21 2.708931933835716723e+21 2.485405693748123271e+21 2.280402406533463015e+21 2.092392644422277530e+21 1.956160839219485082e+21 1.875581615738747617e+21
4.539736171291808367e+21 4.166009249825668727e+21 3.822768504120084529e+21 3.507538784600967873e+21 3.218195208893283434e+21 2.952601897072149398e+21 2.708931933835715674e+21 2.485405693748123271e+21 2.280402406533463278e+21 2.092392644422277792e+21 1.956160839219484557e+21 1.875581615738747355e+21
4.539736171291806794e+21 4.166009249825669251e+21 3.822768504120084529e+21 3.507538784600968397e+21 3.218195208893283434e+21 2.952601897072148873e+21 2.708931933835716723e+21 2.485405693748123271e+21 2.280402406533462491e+21 2.092392644422278840e+21 1.956160839219484557e+21 1.875581615738747617e+21
4.539736171291805221e+21 4.166009249825670300e+21 3.822768504120084529e+21 3.507538784600968397e+21 3.218195208893283434e+21 2.952601897072149398e+21 2.708931933835716198e+21 2.485405693748122747e+21 2.280402406533462491e+21 2.092392644422278578e+21 1.956160839219485082e+21 1.875581615738747093e+21
4.539736171291805221e+21 4.166009249825670300e+21 3.822768504120084529e+21 3.507538784600968397e+21 3.218195208893282910e+21 2.952601897072150446e+21 2.708931933835715674e+21 2.485405693748123271e+21 2.280402406533462229e+21 2.092392644422278054e+21 1.956160839219485344e+21 1.875581615738746831e+21
4.539736171291804697e+21 4.166009249825670824e+21 3.822768504120085053e+21 3.507538784600967348e+21 3.218195208893282386e+21 2.952601897072150446e+21 2.708931933835715674e+21 2.485405693748123271e+21 2.280402406533461705e+21 2.092392644422278054e+21 1.956160839219484819e+21 1.875581615738747093e+21
4.539736171291804172e+21 4.166009249825669775e+21 3.822768504120084529e+21 3.507538784600967873e+21 3.218195208893282386e+21 2.952601897072150446e+21 2.708931933835715674e+21 2.485405693748122747e+21 2.280402406533461705e+21 2.092392644422278316e+21 1.956160839219485082e+21 1.875581615738747355e+21
4.539736171291803648e+21 4.166009249825669775e+21 3.822768504120083481e+21 3.507538784600968397e+21 3.218195208893281337e+21 2.952601897072149398e+21 2.708931933835715674e+21 2.485405693748122747e+21 2.280402406533461967e+21 2.092392644422278840e+21 1.956160839219485344e+21 1.875581615738747355e+21
4.539736171291804172e+21 4.166009249825669775e+21 3.822768504120083481e+21 3.507538784600967873e+21 3.218195208893281337e+21 2.952601897072149398e+21 2.708931933835715674e+21 2.485405693748122223e+21 2.280402406533462229e+21 2.092392644422279102e+21 1.956160839219485344e+21 1.875581615738746307e+21
4.539736171291803648e+21 4.166009249825670824e+21 3.822768504120084529e+21 3.507538784600967873e+21 3.218195208893280813e+21 2.952601897072149922e+21 2.708931933835715150e+21 2.485405693748122747e+21 2.280402406533461705e+21 2.092392644422279627e+21 1.956160839219485082e+21 1.875581615738746307e+21
4.539736171291803648e+21 4.166009249825670824e+21 3.822768504120083481e+21 3.507538784600967873e+21 3.218195208893280813e+21 2.952601897072149398e+21 2.708931933835714101e+21 2.485405693748122223e+21 2.280402406533461443e+21 2.092392644422279627e+21 1.956160839219485344e+21 1.875581615738746569e+21
4.539736171291802075e+21 4.166009249825670824e+21 3.822768504120085053e+21 3.507538784600968921e+21 3.218195208893280813e+21 2.952601897072149398e+21 2.708931933835714626e+21 2.485405693748122747e+21 2.280402406533460918e+21 2.092392644422279365e+21 1.956160839219485606e+21 1.875581615738746569e+21
4.539736171291801551e+21 4.166009249825670300e+21 3.822768504120085578e+21 3.507538784600968921e+21 3.218195208893280813e+21 2.952601897072149922e+21 2.708931933835713577e+21 2.485405693748122223e+21 2.280402406533461180e+21 2.092392644422279102e+21 1.956160839219485082e+21 1.875581615738746569e+21
4.539736171291801027e+21 4.166009249825669775e+21 3.822768504120086626e+21 3.507538784600968921e+21 3.218195208893281862e+21 2.952601897072149398e+21 2.708931933835713053e+21 2.485405693748122747e+21 2.280402406533460918e+21 2.092392644422278840e+21 1.956160839219485606e+21 1.875581615738746307e+21
4.539736171291801551e+21 4.166009249825670300e+21 3.822768504120087151e+21 3.507538784600969445e+21 3.218195208893281337e+21 2.952601897072149398e+21 2.708931933835713053e+21 2.485405693748123271e+21 2.280402406533461180e+21 2.092392644422278578e+21 1.956160839219485606e+21 1.875581615738746307e+21
4.539736171291801551e+21 4.166009249825670824e+21 3.822768504120086626e+21 3.507538784600968921e+21 3.218195208893281337e+21 2.952601897072149398e+21 2.708931933835714101e+21 2.485405693748123271e+21 2.280402406533461443e+21 2.092392644422278840e+21 1.956160839219486130e+21 1.875581615738746044e+21
4.539736171291802075e+21 4.166009249825671348e+21 3.822768504120086102e+21 3.507538784600968921e+21 3.218195208893281337e+21 2.952601897072150446e+21 2.708931933835713577e+21 2.485405693748122223e+21 2.280402406533461180e+21 2.092392644422279102e+21 1.956160839219486917e+21 1.875581615738746569e+21
4.539736171291801027e+21 4.166009249825671348e+21 3.822768504120086626e+21 3.507538784600971018e+21 3.218195208893281337e+21 2.952601897072150446e+21 2.708931933835713577e+21 2.485405693748122747e+21 2.280402406533461443e+21 2.092392644422279627e+21 1.956160839219487703e+21 1.875581615738746831e+21
4.539736171291802075e+21 4.166009249825671873e+21 3.822768504120086626e+21 3.507538784600971543e+21 3.218195208893280813e+21 2.952601897072150970e+21 2.708931933835714101e+21 2.485405693748122747e+21 2.280402406533461705e+21 2.092392644422279627e+21 1.956160839219487703e+21 1.875581615738746569e+21
4.539736171291801551e+21 4.166009249825671348e+21 3.822768504120087675e+21 3.507538784600972067e+21 3.218195208893281337e+21 2.952601897072151495e+21 2.708931933835713577e+21 2.485405693748123271e+21 2.280402406533461705e+21 2.092392644422280413e+21 1.956160839219487179e+21 1.875581615738746831e+21
4.539736171291802075e+21 4.166009249825672397e+21 3.822768504120087151e+21 3.507538784600972591e+21 3.218195208893281337e+21 2.952601897072150970e+21 2.708931933835714626e+21 2.485405693748123795e+21 2.280402406533461443e+21 2.092392644422279889e+21 1.956160839219487179e+21 1.875581615738746831e+21
4.539736171291801551e+21 4.166009249825672921e+21 3.822768504120088199e+21 3.507538784600973640e+21 3.218195208893281337e+21 2.952601897072150970e+21 2.708931933835713577e+21 2.485405693748123271e+21 2.280402406533460656e+21 2.092392644422279889e+21 1.956160839219487179e+21 1.875581615738746831e+21
4.539736171291799978e+21 4.166009249825672921e+21 3.822768504120088199e+21 3.507538784600973640e+21 3.218195208893280813e+21 2.952601897072150446e+21 2.708931933835713053e+21 2.485405693748123795e+21 2.280402406533461180e+21 2.092392644422280413e+21 1.956160839219486917e+21 1.875581615738747093e+21
4.539736171291799978e+21 4.166009249825671873e+21 3.822768504120086626e+21 3.507538784600973115e+21 3.218195208893280813e+21 2.952601897072150446e+21 2.708931933835713577e+21 2.485405693748124320e+21 2.280402406533461705e+21 2.092392644422279889e+21 1.956160839219487179e+21 1.875581615738747093e+21
4.539736171291799978e+21 4.166009249825671348e+21 3.822768504120086626e+21 3.507538784600972591e+21 3.218195208893280813e+21 2.952601897072150970e+21 2.708931933835713577e+21 2.485405693748124320e+21 2.280402406533462491e+21 2.092392644422279889e+21 1.956160839219487179e+21 1.875581615738746569e+21
4.539736171291799978e+21 4.166009249825671348e+21 3.822768504120086102e+21 3.507538784600972591e+21 3.218195208893280813e+21 2.952601897072151495e+21 2.708931933835713577e+21 2.485405693748124320e+21 2.280402406533462753e+21 2.092392644422280151e+21 1.956160839219487441e+21 1.875581615738746569e+21
4.539736171291801027e+21 4.166009249825671348e+21 3.822768504120086626e+21 3.507538784600972067e+21 3.218195208893280813e+21 2.952601897072150970e+21 2.708931933835714101e+21 2.485405693748124320e+21 2.280402406533462491e+21 2.092392644422280413e+21 1.956160839219487703e+21 1.875581615738746569e+21
4.539736171291801027e+21 4.166009249825671348e+21 3.822768504120088723e+21 3.507538784600972591e+21 3.218195208893280813e+21 2.952601897072150446e+21 2.708931933835713577e+21 2.485405693748124320e+21 2.280402406533462229e+21 2.092392644422280151e+21 1.956160839219488227e+21 1.875581615738746569e+21
4.539736171291799978e+21 4.166009249825670300e+21 3.822768504120087675e+21 3.507538784600974164e+21 3.218195208893280813e+21 2.952601897072150446e+21 2.708931933835713577e+21 2.485405693748123795e+21 2.280402406533461705e+21 2.092392644422279627e+21 1.956160839219487703e+21 1.875581615738746569e+21
4.539736171291799978e+21 4.166009249825670300e+21 3.822768504120087675e+21 3.507538784600974164e+21 3.218195208893280813e+21 2.952601897072150446e+21 2.708931933835713577e+21 2.485405693748123795e+21 2.280402406533461180e+21 2.092392644422279365e+21 1.956160839219487965e+21 1.875581615738746307e+21
4.539736171291800502e+21 4.166009249825670824e+21 3.822768504120087675e+21 3.507538784600974164e+21 3.218195208893280813e+21 2.952601897072150970e+21 2.708931933835713053e+21 2.485405693748124320e+21 2.280402406533461443e+21 2.092392644422279627e+21 1.956160839219487703e+21 1.875581615738746569e+21
4.539736171291802075e+21 4.166009249825669775e+21 3.822768504120087675e+21 3.507538784600975213e+21 3.218195208893280813e+21 2.952601897072150446e+21 2.708931933835712528e+21 2.485405693748124320e+21 2.280402406533461443e+21 2.092392644422279102e+21 1.956160839219488489e+21 1.875581615738746831e+21
4.539736171291802075e+21 4.166009249825668727e+21 3.822768504120087675e+21 3.507538784600976261e+21 3.218195208893280813e+21 2.952601897072149922e+21 2.708931933835711480e+21 2.485405693748123795e+21 2.280402406533461443e+21 2.092392644422279102e+21 1.956160839219487965e+21 1.875581615738746831e+21
4.539736171291802075e+21 4.166009249825669251e+21 3.822768504120087151e+21 3.507538784600975737e+21 3.218195208893280813e+21 2.952601897072150446e+21 2.708931933835711480e+21 2.485405693748123795e+21 2.280402406533461180e+21 2.092392644422279365e+21 1.956160839219487965e+21 1.875581615738746307e+21
4.539736171291800502e+21 4.166009249825669251e+21 3.822768504120087151e+21 3.507538784600976261e+21 3.218195208893280813e+21 2.952601897072151495e+21 2.708931933835711480e+21 2.485405693748123795e+21 2.280402406533460656e+21 2.092392644422278316e+21 1.956160839219487703e+21 1.875581615738746044e+21
4.539736171291799454e+21 4.166009249825668727e+21 3.822768504120088199e+21 3.507538784600976785e+21 3.218195208893280813e+21 2.952601897072151495e+21 2.708931933835710956e+21 2.485405693748122747e+21 2.280402406533460918e+21 2.092392644422277792e+21 1.956160839219487965e+21 1.875581615738746831e+21
4.539736171291798405e+21 4.166009249825668202e+21 3.822768504120088199e+21 3.507538784600976785e+21 3.218195208893280813e+21 2.952601897072150970e+21 2.708931933835711480e+21 2.485405693748122223e+21 2.280402406533461180e+21 2.092392644422277267e+21 1.956160839219488227e+21 1.875581615738746831e+21
4.539736171291798405e+21 4.166009249825669251e+21 3.822768504120088199e+21 3.507538784600975737e+21 3.218195208893280813e+21 2.952601897072150970e+21 2.708931933835710956e+21 2.485405693748121698e+21 2.280402406533461443e+21 2.092392644422277530e+21 1.956160839219487703e+21 1.875581615738746569e+21
4.539736171291798929e+21 4.166009249825669775e+21 3.822768504120087675e+21 3.507538784600976785e+21 3.218195208893280813e+21 2.952601897072151495e+21 2.708931933835711480e+21 2.485405693748122223e+21 2.280402406533461180e+21 2.092392644422277792e+21 1.956160839219487441e+21 1.875581615738746831e+21
4.539736171291799454e+21 4.166009249825670300e+21 3.822768504120087151e+21 3.507538784600975737e+21 3.218195208893280813e+21 2.952601897072152019e+21 2.708931933835711480e+21 2.485405693748122223e+21 2.280402406533461705e+21 2.092392644422278054e+21 1.956160839219487703e+21 1.875581615738746569e+21
4.539736171291799454e+21 4.166009249825669775e+21 3.822768504120086626e+21 3.507538784600975213e+21 3.218195208893280813e+21 2.952601897072152019e+21 2.708931933835711480e+21 2.485405693748121698e+21 2.280402406533461967e+21 2.092392644422278578e+21 1.956160839219487703e+21 1.875581615738746307e+21
4.539736171291799978e+21 4.166009249825669251e+21 3.822768504120087151e+21 3.507538784600976261e+21 3.218195208893280813e+21 2.952601897072152019e+21 2.708931933835712004e+21 2.485405693748121698e+21 2.280402406533462491e+21 2.092392644422278578e+21 1.956160839219487441e+21 1.875581615738747093e+21
4.539736171291799978e+21 4.166009249825667154e+21 3.822768504120087151e+21 3.507538784600975213e+21 3.218195208893280813e+21 2.952601897072152019e+21 2.708931933835711480e+21 2.485405693748121174e+21 2.280402406533462753e+21 2.092392644422278578e+21 1.956160839219487179e+21 1.875581615738747093e+21
4.539736171291799978e+21 4.166009249825667678e+21 3.822768504120087151e+21 3.507538784600976261e+21 3.218195208893280813e+21 2.952601897072151495e+21 2.708931933835712528e+21 2.485405693748121174e+21 2.280402406533462753e+21 2.092392644422278840e+21 1.956160839219487441e+21 1.875581615738747355e+21
4.539736171291798405e+21 4.166009249825666630e+21 3.822768504120088199e+21 3.507538784600977310e+21 3.218195208893280813e+21 2.952601897072152543e+21 2.708931933835712528e+21 2.485405693748121174e+21 2.280402406533463015e+21 2.092392644422278578e+21 1.956160839219486917e+21 1.875581615738747355e+21
4.539736171291797881e+21 4.166009249825667154e+21 3.822768504120088199e+21 3.507538784600977310e+21 3.218195208893280813e+21 2.952601897072152019e+21 2.708931933835713053e+21 2.485405693748121174e+21 2.280402406533462229e+21 2.092392644422278578e+21 1.956160839219487179e+21 1.875581615738747617e+21
4.539736171291797881e+21 4.166009249825667154e+21 3.822768504120088199e+21 3.507538784600977310e+21 3.218195208893280813e+21 2.952601897072151495e+21 2.708931933835713577e+21 2.485405693748121174e+21 2.280402406533462491e+21 2.092392644422278316e+21 1.956160839219486917e+21 1.875581615738747617e+21
4.539736171291798929e+21 4.166009249825667678e+21 3.822768504120087675e+21 3.507538784600977834e+21 3.218195208893280813e+21 2.952601897072151495e+21 2.708931933835713053e+21 2.485405693748120650e+21 2.280402406533461443e+21 2.092392644422278578e+21 1.956160839219486654e+21 1.875581615738747879e+21
4.539736171291797881e+21 4.166009249825666630e+21 3.822768504120087151e+21 3.507538784600977834e+21 3.218195208893280813e+21 2.952601897072151495e+21 2.708931933835713053e+21 2.485405693748120650e+21 2.280402406533461705e+21 2.092392644422278316e+21 1.956160839219486392e+21 1.875581615738748404e+21
4.539736171291798929e+21 4.166009249825665581e+21 3.822768504120086626e+21 3.507538784600977834e+21 3.218195208893280813e+21 2.952601897072150970e+21 2.708931933835712528e+21 2.485405693748120650e+21 2.280402406533461705e+21 2.092392644422278840e+21 1.956160839219486654e+21 1.875581615738748142e+21
4.539736171291796832e+21 4.166009249825665057e+21 3.822768504120087151e+21 3.507538784600977834e+21 3.218195208893280813e+21 2.952601897072150970e+21 2.708931933835712528e+21 2.485405693748120650e+21 2.280402406533462229e+21 2.092392644422279102e+21 1.956160839219486392e+21 1.875581615738748666e+21
4.539736171291796832e+21 4.166009249825665581e+21 3.822768504120087675e+21 3.507538784600977834e+21 3.218195208893280813e+21 2.952601897072150970e+21 2.708931933835713053e+21 2.485405693748121174e+21 2.280402406533461967e+21 2.092392644422279365e+21 1.956160839219486392e+21 1.875581615738748142e+21
4.539736171291798405e+21 4.166009249825664532e+21 3.822768504120087675e+21 3.507538784600977834e+21 3.218195208893280813e+21 2.952601897072150970e+21 2.708931933835713053e+21 2.485405693748121174e+21 2.280402406533461705e+21 2.092392644422279889e+21 1.956160839219486130e+21 1.875581615738748142e+21
4.539736171291798405e+21 4.166009249825665581e+21 3.822768504120087151e+21 3.507538784600977310e+21 3.218195208893280813e+21 2.952601897072151495e+21 2.708931933835714101e+21 2.485405693748120650e+21 2.280402406533461180e+21 2.092392644422280151e+21 1.956160839219485868e+21 1.875581615738747617e+21
4.539736171291797357e+21 4.166009249825666105e+21 3.822768504120086626e+21 3.507538784600978358e+21 3.218195208893280813e+21 2.952601897072151495e+21 2.708931933835714626e+21 2.485405693748120650e+21 2.280402406533461180e+21 2.092392644422280151e+21 1.956160839219485868e+21 1.875581615738747617e+21
4.539736171291797881e+21 4.166009249825666630e+21 3.822768504120086102e+21 3.507538784600976785e+21 3.218195208893280813e+21 2.952601897072152019e+21 2.708931933835714626e+21 2.485405693748120650e+21 2.280402406533461967e+21 2.092392644422279889e+21 1.956160839219486130e+21 1.875581615738747355e+21
4.539736171291797357e+21 4.166009249825668727e+21 3.822768504120086626e+21 3.507538784600976261e+21 3.218195208893280813e+21 2.952601897072152019e+21 2.708931933835714626e+21 2.485405693748120650e+21 2.280402406533461443e+21 2.092392644422280413e+21 1.956160839219485868e+21 1.875581615738746569e+21
4.539736171291797881e+21 4.166009249825669251e+21 3.822768504120087675e+21 3.507538784600977310e+21 3.218195208893280813e+21 2.952601897072152019e+21 2.708931933835715150e+21 2.485405693748121698e+21 2.280402406533461705e+21 2.092392644422279889e+21 1.956160839219485606e+21 1.875581615738746831e+21
4.539736171291797881e+21 4.166009249825668727e+21 3.822768504120086626e+21 3.507538784600976261e+21 3.218195208893280813e+21 2.952601897072152019e+21 2.708931933835715674e+21 2.485405693748121698e+21 2.280402406533461705e+21 2.092392644422279102e+21 1.956160839219485344e+21 1.875581615738747093e+21
4.539736171291797881e+21 4.166009249825668727e+21 3.822768504120086102e+21 3.507538784600977310e+21 3.218195208893280813e+21 2.952601897072152019e+21 2.708931933835715674e+21 2.485405693748121698e+21 2.280402406533461705e+21 2.092392644422279627e+21 1.956160839219485868e+21 1.875581615738746569e+21
4.539736171291796832e+21 4.166009249825668727e+21 3.822768504120085578e+21 3.507538784600976261e+21 3.218195208893280813e+21 2.952601897072152019e+21 2.708931933835716198e+21 2.485405693748121174e+21 2.280402406533461705e+21 2.092392644422279365e+21 1.956160839219486130e+21 1.875581615738746831e+21
4.539736171291797357e+21 4.166009249825669251e+21 3.822768504120085578e+21 3.507538784600977310e+21 3.218195208893280813e+21 2.952601897072151495e+21 2.708931933835715150e+21 2.485405693748121698e+21 2.280402406533461705e+21 2.092392644422279627e+21 1.956160839219486392e+21 1.875581615738746831e+21
4.539736171291796832e+21 4.166009249825669775e+21 3.822768504120086102e+21 3.507538784600977310e+21 3.218195208893280813e+21 2.952601897072151495e+21 2.708931933835716198e+21 2.485405693748121698e+21 2.280402406533461705e+21 2.092392644422280151e+21 1.956160839219486392e+21 1.875581615738746044e+21
4.539736171291797881e+21 4.166009249825670300e+21 3.822768504120086626e+21 3.507538784600977834e+21 3.218195208893280813e+21 2.952601897072150970e+21 2.708931933835716198e+21 2.485405693748121698e+21 2.280402406533462229e+21 2.092392644422280675e+21 1.956160839219487179e+21 1.875581615738746307e+21
4.539736171291798405e+21 4.166009249825671348e+21 3.822768504120086626e+21 3.507538784600976785e+21 3.218195208893280813e+21 2.952601897072151495e+21 2.708931933835716198e+21 2.485405693748122223e+21 2.280402406533461705e+21 2.092392644422280413e+21 1.956160839219486917e+21 1.875581615738746831e+21
4.539736171291797357e+21 4.166009249825671873e+21 3.822768504120087151e+21 3.507538784600977310e+21 3.218195208893280813e+21 2.952601897072151495e+21 2.708931933835716723e+21 2.485405693748122223e+21 2.280402406533462229e+21 2.092392644422281200e+21 1.956160839219486654e+21 1.875581615738746831e+21
4.539736171291795784e+21 4.166009249825672397e+21 3.822768504120088723e+21 3.507538784600978358e+21 3.218195208893280813e+21 2.952601897072150970e+21 2.708931933835716198e+21 2.485405693748122223e+21 2.280402406533462753e+21 2.092392644422281462e+21 1.956160839219486917e+21 1.875581615738747093e+21
4.539736171291795784e+21 4.166009249825672921e+21 3.822768504120088199e+21 3.507538784600977834e+21 3.218195208893280813e+21 2.952601897072150446e+21 2.708931933835716198e+21 2.485405693748122223e+21 2.280402406533462491e+21 2.092392644422281200e+21 1.956160839219486392e+21 1.875581615738746831e+21
4.539736171291796308e+21 4.166009249825672397e+21 3.822768504120086102e+21 3.507538784600977834e+21 3.218195208893280813e+21 2.952601897072150446e+21 2.708931933835715674e+21 2.485405693748121698e+21 2.280402406533462491e+21 2.092392644422281724e+21 1.956160839219486654e+21 1.875581615738747093e+21
4.539736171291796832e+21 4.166009249825672397e+21 3.822768504120086102e+21 3.507538784600978358e+21 3.218195208893280813e+21 2.952601897072150446e+21 2.708931933835715150e+21 2.485405693748122223e+21 2.280402406533462491e+21 2.092392644422281986e+21 1.956160839219486654e+21 1.875581615738746831e+21
4.539736171291797357e+21 4.166009249825672397e+21 3.822768504120086102e+21 3.507538784600977834e+21 3.218195208893280813e+21 2.952601897072149398e+21 2.708931933835715674e+21 2.485405693748122223e+21 2.280402406533462753e+21 2.092392644422282248e+21 1.956160839219486917e+21 1.875581615738746831e+21
4.539736171291795784e+21 4.166009249825673445e+21 3.822768504120086626e+21 3.507538784600977310e+21 3.218195208893280813e+21 2.952601897072149398e+21 2.708931933835715674e+21 2.485405693748122223e+21 2.280402406533463015e+21 2.092392644422282510e+21 1.956160839219486654e+21 1.875581615738747093e+21
4.539736171291795259e+21 4.166009249825672921e+21 3.822768504120085578e+21 3.507538784600977310e+21 3.218195208893280813e+21 2.952601897072149398e+21 2.708931933835716723e+21 2.485405693748121698e+21 2.280402406533462753e+21 2.092392644422283035e+21 1.956160839219487179e+21 1.875581615738747093e+21
4.539736171291795259e+21 4.166009249825672921e+21 3.822768504120085053e+21 3.507538784600976785e+21 3.218195208893280813e+21 2.952601897072149398e+21 2.708931933835715674e+21 2.485405693748121698e+21 2.280402406533462491e+21 2.092392644422283035e+21 1.956160839219487179e+21 1.875581615738747355e+21
4.539736171291796832e+21 4.166009249825673445e+21 3.822768504120084529e+21 3.507538784600976261e+21 3.218195208893280813e+21 2.952601897072148349e+21 2.708931933835715674e+21 2.485405693748122223e+21 2.280402406533462491e+21 2.092392644422283035e+21 1.956160839219486917e+21 1.875581615738747617e+21
4.539736171291796308e+21 4.166009249825673445e+21 3.822768504120085053e+21 3.507538784600976785e+21 3.218195208893280813e+21 2.952601897072148349e+21 2.708931933835715674e+21 2.485405693748121698e+21 2.280402406533463015e+21 2.092392644422282772e+21 1.956160839219486392e+21 1.875581615738747093e+21
4.539736171291796308e+21 4.166009249825674494e+21 3.822768504120084529e+21 3.507538784600977310e+21 3.218195208893280813e+21 2.952601897072148349e+21 2.708931933835716198e+21 2.485405693748121698e+21 2.280402406533463015e+21 2.092392644422281986e+21 1.956160839219486392e+21 1.875581615738746831e+21
4.539736171291795784e+21 4.166009249825674494e+21 3.822768504120084529e+21 3.507538784600977834e+21 3.218195208893280813e+21 2.952601897072148349e+21 2.708931933835716723e+21 2.485405693748121698e+21 2.280402406533463015e+21 2.092392644422281724e+21 1.956160839219486392e+21 1.875581615738746831e+21
4.539736171291795784e+21 4.166009249825673970e+21 3.822768504120085053e+21 3.507538784600977834e+21 3.218195208893280813e+21 2.952601897072148349e+21 2.708931933835716198e+21 2.485405693748121698e+21 2.280402406533462753e+21 2.092392644422282772e+21 1.956160839219486392e+21 1.875581615738747355e+21
4.539736171291795784e+21 4.166009249825673970e+21 3.822768504120086102e+21 3.507538784600978358e+21 3.218195208893280813e+21 2.952601897072148349e+21 2.708931933835716198e+21 2.485405693748121174e+21 2.280402406533463015e+21 2.092392644422282510e+21 1.956160839219486392e+21 1.875581615738746831e+21
4.539736171291795259e+21 4.166009249825676067e+21 3.822768504120087151e+21 3.507538784600978358e+21 3.218195208893280813e+21 2.952601897072147825e+21 2.708931933835716198e+21 2.485405693748120650e+21 2.280402406533462753e+21 2.092392644422282510e+21 1.956160839219486654e+21 1.875581615738746831e+21
4.539736171291796308e+21 4.166009249825675543e+21 3.822768504120087675e+21 3.507538784600978883e+21 3.218195208893280813e+21 2.952601897072148349e+21 2.708931933835715674e+21 2.485405693748120650e+21 2.280402406533463015e+21 2.092392644422282510e+21 1.956160839219486654e+21 1.875581615738747093e+21
4.539736171291796308e+21 4.166009249825674494e+21 3.822768504120088199e+21 3.507538784600979407e+21 3.218195208893280813e+21 2.952601897072147825e+21 2.708931933835715674e+21 2.485405693748120125e+21 2.280402406533463540e+21 2.092392644422282772e+21 1.956160839219486917e+21 1.875581615738746831e+21
4.539736171291796832e+21 4.166009249825673970e+21 3.822768504120088723e+21 3.507538784600979931e+21 3.218195208893280813e+21 2.952601897072147825e+21 2.708931933835714626e+21 2.485405693748119601e+21 2.280402406533463802e+21 2.092392644422282248e+21 1.956160839219486917e+21 1.875581615738746307e+21
4.539736171291797357e+21 4.166009249825673970e+21 3.822768504120088723e+21 3.507538784600979931e+21 3.218195208893280813e+21 2.952601897072147300e+21 2.708931933835714101e+21 2.485405693748119601e+21 2.280402406533463802e+21 2.092392644422281986e+21 1.956160839219486917e+21 1.875581615738746569e+21
4.539736171291797357e+21 4.166009249825674494e+21 3.822768504120087675e+21 3.507538784600980980e+21 3.218195208893280813e+21 2.952601897072147300e+21 2.708931933835715150e+21 2.485405693748119601e+21 2.280402406533464326e+21 2.092392644422282510e+21 1.956160839219486392e+21 1.875581615738746307e+21
4.539736171291796832e+21 4.166009249825673970e+21 3.822768504120087151e+21 3.507538784600980455e+21 3.218195208893280813e+21 2.952601897072147825e+21 2.708931933835715674e+21 2.485405693748119077e+21 2.280402406533464850e+21 2.092392644422282772e+21 1.956160839219485868e+21 1.875581615738746569e+21
4.539736171291796308e+21 4.166009249825673445e+21 3.822768504120088199e+21 3.507538784600980455e+21 3.218195208893280813e+21 2.952601897072147825e+21 2.708931933835714626e+21 2.485405693748119077e+21 2.280402406533464850e+21 2.092392644422282510e+21 1.956160839219486130e+21 1.875581615738746569e+21
4.539736171291795784e+21 4.166009249825673445e+21 3.822768504120087675e+21 3.507538784600979407e+21 3.218195208893280813e+21 2.952601897072148349e+21 2.708931933835715150e+21 2.485405693748119601e+21 2.280402406533464588e+21 2.092392644422283035e+21 1.956160839219486654e+21 1.875581615738746307e+21
4.539736171291795784e+21 4.166009249825673970e+21 3.822768504120087151e+21 3.507538784600978883e+21 3.218195208893280813e+21 2.952601897072148349e+21 2.708931933835715150e+21 2.485405693748119077e+21 2.280402406533465375e+21 2.092392644422283297e+21 1.956160839219486654e+21 1.875581615738746044e+21
4.539736171291796308e+21 4.166009249825673445e+21 3.822768504120086102e+21 3.507538784600978883e+21 3.218195208893280813e+21 2.952601897072148349e+21 2.708931933835715150e+21 2.485405693748118553e+21 2.280402406533465637e+21 2.092392644422283297e+21 1.956160839219486917e+21 1.875581615738745782e+21
4.539736171291796832e+21 4.166009249825672921e+21 3.822768504120086626e+21 3.507538784600979407e+21 3.218195208893280813e+21 2.952601897072148349e+21 2.708931933835714626e+21 2.485405693748119077e+21 2.280402406533465899e+21 2.092392644422283035e+21 1.956160839219487179e+21 1.875581615738745782e+21
4.539736171291796308e+21 4.166009249825672921e+21 3.822768504120086626e+21 3.507538784600980980e+21 3.218195208893280813e+21 2.952601897072148873e+21 2.708931933835714626e+21 2.485405693748119077e+21 2.280402406533465899e+21 2.092392644422283297e+21 1.956160839219486654e+21 1.875581615738745782e+21
4.539736171291797357e+21 4.166009249825672921e+21 3.822768504120086626e+21 3.507538784600980980e+21 3.218195208893280813e+21 2.952601897072148349e+21 2.708931933835714626e+21 2.485405693748119077e+21 2.280402406533465637e+21 2.092392644422282772e+21 1.956160839219486392e+21 1.875581615738745520e+21
4.539736171291796308e+21 4.166009249825672921e+21 3.822768504120085053e+21 3.507538784600980455e+21 3.218195208893280813e+21 2.952601897072148873e+21 2.708931933835715150e+21 2.485405693748119601e+21 2.280402406533465899e+21 2.092392644422283035e+21 1.956160839219486130e+21 1.875581615738745520e+21
4.539736171291795784e+21 4.166009249825672921e+21 3.822768504120085053e+21 3.507538784600980980e+21 3.218195208893280813e+21 2.952601897072149398e+21 2.708931933835715150e+21 2.485405693748119601e+21 2.280402406533465899e+21 2.092392644422282772e+21 1.956160839219486130e+21 1.875581615738745782e+21
4.539736171291796308e+21 4.166009249825673445e+21 3.822768504120085053e+21 3.507538784600982028e+21 3.218195208893280813e+21 2.952601897072149398e+21 2.708931933835715150e+21 2.485405693748119601e+21 2.280402406533465637e+21 2.092392644422282248e+21 1.956160839219486654e+21 1.875581615738745782e+21
4.539736171291796308e+21 4.166009249825673445e+21 3.822768504120085053e+21 3.507538784600981504e+21 3.218195208893280813e+21 2.952601897072149398e+21 2.708931933835714626e+21 2.485405693748120125e+21 2.280402406533465375e+21 2.092392644422282248e+21 1.956160839219486392e+21 1.875581615738745258e+21
4.539736171291796308e+21 4.166009249825672921e+21 3.822768504120086102e+21 3.507538784600982553e+21 3.218195208893280813e+21 2.952601897072149398e+21 2.708931933835715150e+21 2.485405693748120125e+21 2.280402406533465113e+21 2.092392644422281724e+21 1.956160839219486917e+21 1.875581615738745258e+21
4.539736171291796308e+21 4.166009249825673970e+21 3.822768504120085578e+21 3.507538784600984125e+21 3.218195208893280813e+21 2.952601897072149398e+21 2.708931933835714626e+21 2.485405693748120125e+21 2.280402406533465637e+21 2.092392644422281986e+21 1.956160839219485868e+21 1.875581615738745520e+21
4.539736171291796308e+21 4.166009249825676067e+21 3.822768504120086102e+21 3.507538784600984125e+21 3.218195208893280813e+21 2.952601897072149398e+21 2.708931933835715674e+21 2.485405693748120125e+21 2.280402406533465375e+21 2.092392644422281200e+21 1.956160839219486130e+21 1.875581615738745258e+21
4.539736171291796832e+21 4.166009249825676067e+21 3.822768504120086102e+21 3.507538784600984650e+21 3.218195208893280813e+21 2.952601897072149398e+21 2.708931933835715674e+21 2.485405693748120125e+21 2.280402406533465637e+21 2.092392644422281462e+21 1.956160839219486130e+21 1.875581615738745258e+21
4.539736171291798405e+21 4.166009249825676591e+21 3.822768504120086626e+21 3.507538784600985174e+21 3.218195208893280813e+21 2.952601897072149922e+21 2.708931933835715674e+21 2.485405693748120125e+21 2.280402406533465637e+21 2.092392644422282248e+21 1.956160839219486130e+21 1.875581615738745782e+21
4.539736171291797881e+21 4.166009249825677115e+21 3.822768504120087151e+21 3.507538784600985698e+21 3.218195208893280813e+21 2.952601897072150446e+21 2.708931933835715150e+21 2.485405693748120650e+21 2.280402406533465899e+21 2.092392644422281986e+21 1.956160839219486917e+21 1.875581615738745782e+21
4.539736171291796832e+21 4.166009249825677640e+21 3.822768504120087151e+21 3.507538784600984650e+21 3.218195208893280813e+21 2.952601897072149922e+21 2.708931933835714626e+21 2.485405693748121174e+21 2.280402406533466423e+21 2.092392644422282248e+21 1.956160839219486392e+21 1.875581615738746044e+21
4.539736171291796832e+21 4.166009249825679213e+21 3.822768504120086626e+21 3.507538784600982553e+21 3.218195208893280813e+21 2.952601897072149398e+21 2.708931933835714626e+21 2.485405693748121174e+21 2.280402406533466948e+21 2.092392644422281986e+21 1.956160839219486130e+21 1.875581615738745782e+21
4.539736171291797357e+21 4.166009249825679213e+21 3.822768504120086626e+21 3.507538784600983601e+21 3.218195208893280813e+21 2.952601897072149398e+21 2.708931933835714626e+21 2.485405693748121174e+21 2.280402406533466948e+21 2.092392644422281986e+21 1.956160839219485868e+21 1.875581615738745782e+21
4.539736171291796308e+21 4.166009249825679213e+21 3.822768504120087151e+21 3.507538784600983077e+21 3.218195208893280813e+21 2.952601897072149398e+21 2.708931933835714626e+21 2.485405693748121174e+21 2.280402406533467210e+21 2.092392644422281986e+21 1.956160839219486392e+21 1.875581615738745520e+21
4.539736171291795784e+21 4.166009249825678164e+21 3.822768504120087675e+21 3.507538784600983077e+21 3.218195208893280813e+21 2.952601897072149398e+21 2.708931933835714626e+21 2.485405693748121174e+21 2.280402406533466685e+21 2.092392644422281200e+21 1.956160839219486654e+21 1.875581615738744996e+21
4.539736171291796832e+21 4.166009249825678164e+21 3.822768504120087675e+21 3.507538784600982553e+21 3.218195208893280813e+21 2.952601897072148873e+21 2.708931933835714101e+21 2.485405693748121174e+21 2.280402406533466423e+21 2.092392644422280937e+21 1.956160839219486917e+21 1.875581615738744996e+21
4.539736171291796832e+21 4.166009249825678164e+21 3.822768504120088723e+21 3.507538784600983601e+21 3.218195208893280813e+21 2.952601897072149398e+21 2.708931933835714626e+21 2.485405693748121698e+21 2.280402406533466161e+21 2.092392644422281986e+21 1.956160839219486654e+21 1.875581615738745520e+21
4.539736171291796832e+21 4.166009249825678688e+21 3.822768504120088723e+21 3.507538784600984125e+21 3.218195208893280813e+21 2.952601897072149922e+21 2.708931933835714626e+21 2.485405693748121174e+21 2.280402406533466423e+21 2.092392644422281986e+21 1.956160839219486392e+21 1.875581615738745782e+21
4.539736171291797357e+21 4.166009249825677640e+21 3.822768504120087675e+21 3.507538784600984125e+21 3.218195208893280813e+21 2.952601897072149398e+21 2.708931933835714626e+21 2.485405693748122223e+21 2.280402406533466948e+21 2.092392644422282510e+21 1.956160839219486392e+21 1.875581615738745520e+21
4.539736171291797881e+21 4.166009249825677640e+21 3.822768504120088199e+21 3.507538784600983601e+21 3.218195208893280813e+21 2.952601897072149922e+21 2.708931933835714626e+21 2.485405693748122223e+21 2.280402406533466685e+21 2.092392644422282248e+21 1.956160839219486130e+21 1.875581615738745258e+21
4.539736171291798929e+21 4.166009249825676067e+21 3.822768504120088199e+21 3.507538784600982553e+21 3.218195208893280813e+21 2.952601897072149398e+21 2.708931933835714626e+21 2.485405693748122747e+21 2.280402406533466685e+21 2.092392644422281986e+21 1.956160839219485868e+21 1.875581615738745520e+21
4.539736171291798929e+21 4.166009249825675543e+21 3.822768504120089248e+21 3.507538784600984125e+21 3.218195208893280813e+21 2.952601897072148873e+21 2.708931933835714626e+21 2.485405693748122223e+21 2.280402406533466685e+21 2.092392644422281462e+21 1.956160839219485606e+21 1.875581615738745258e+21
4.539736171291798929e+21 4.166009249825676067e+21 3.822768504120090296e+21 3.507538784600983077e+21 3.218195208893280813e+21 2.952601897072148349e+21 2.708931933835714626e+21 2.485405693748122223e+21 2.280402406533466685e+21 2.092392644422281462e+21 1.956160839219486130e+21 1.875581615738744996e+21
4.539736171291798929e+21 4.166009249825675543e+21 3.822768504120090296e+21 3.507538784600983077e+21 3.218195208893280813e+21 2.952601897072147300e+21 2.708931933835714626e+21 2.485405693748122223e+21 2.280402406533467472e+21 2.092392644422281462e+21 1.956160839219486392e+21 1.875581615738744996e+21
4.539736171291799454e+21 4.166009249825675543e+21 3.822768504120089772e+21 3.507538784600983601e+21 3.218195208893280813e+21 2.952601897072148349e+21 2.708931933835714626e+21 2.485405693748122223e+21 2.280402406533466948e+21 2.092392644422281724e+21 1.956160839219486654e+21 1.875581615738744996e+21
4.539736171291799978e+21 4.166009249825676067e+21 3.822768504120089772e+21 3.507538784600983077e+21 3.218195208893280813e+21 2.952601897072148349e+21 2.708931933835713577e+21 2.485405693748122223e+21 2.280402406533467210e+21 2.092392644422281462e+21 1.956160839219486654e+21 1.875581615738744996e+21
4.539736171291802075e+21 4.166009249825677115e+21 3.822768504120089772e+21 3.507538784600982553e+21 3.218195208893280813e+21 2.952601897072148349e+21 2.708931933835713053e+21 2.485405693748122747e+21 2.280402406533467472e+21 2.092392644422281724e+21 1.956160839219486392e+21 1.875581615738745520e+21
4.539736171291802599e+21 4.166009249825678164e+21 3.822768504120089772e+21 3.507538784600982028e+21 3.218195208893280813e+21 2.952601897072148349e+21 2.708931933835713053e+21 2.485405693748122223e+21 2.280402406533467210e+21 2.092392644422282248e+21 1.956160839219485344e+21 1.875581615738746307e+21
4.539736171291803648e+21 4.166009249825678688e+21 3.822768504120091345e+21 3.507538784600982028e+21 3.218195208893280813e+21 2.952601897072148349e+21 2.708931933835713577e+21 2.485405693748122223e+21 2.280402406533466685e+21 2.092392644422282248e+21 1.956160839219485606e+21 1.875581615738745782e+21
4.539736171291805221e+21 4.166009249825678688e+21 3.822768504120091345e+21 3.507538784600982553e+21 3.218195208893280813e+21 2.952601897072148873e+21 2.708931933835713577e+21 2.485405693748122747e+21 2.280402406533466423e+21 2.092392644422282510e+21 1.956160839219485344e+21 1.875581615738746044e+21
4.539736171291805221e+21 4.166009249825677640e+21 3.822768504120090821e+21 3.507538784600982553e+21 3.218195208893280813e+21 2.952601897072149398e+21 2.708931933835713577e+21 2.485405693748122747e+21 2.280402406533466685e+21 2.092392644422282248e+21 1.956160839219485344e+21 1.875581615738746831e+21
4.539736171291805221e+21 4.166009249825677640e+21 3.822768504120091869e+21 3.507538784600983077e+21 3.218195208893280813e+21 2.952601897072149398e+21 2.708931933835713577e+21 2.485405693748122747e+21 2.280402406533466685e+21 2.092392644422281986e+21 1.956160839219485344e+21 1.875581615738746831e+21
4.539736171291804172e+21 4.166009249825675543e+21 3.822768504120092393e+21 3.507538784600983077e+21 3.218195208893280813e+21 2.952601897072149398e+21 2.708931933835713577e+21 2.485405693748123271e+21 2.280402406533465899e+21 2.092392644422281724e+21 1.956160839219485344e+21 1.875581615738746569e+21
4.539736171291803124e+21 4.166009249825674494e+21 3.822768504120092918e+21 3.507538784600983601e+21 3.218195208893280813e+21 2.952601897072149398e+21 2.708931933835713577e+21 2.485405693748123271e+21 2.280402406533465375e+21 2.092392644422282248e+21 1.956160839219485344e+21 1.875581615738746307e+21
4.539736171291804697e+21 4.166009249825674494e+21 3.822768504120093442e+21 3.507538784600984125e+21 3.218195208893280813e+21 2.952601897072149398e+21 2.708931933835713577e+21 2.485405693748123795e+21 2.280402406533465113e+21 2.092392644422282510e+21 1.956160839219484819e+21 1.875581615738745782e+21
4.539736171291804697e+21 4.166009249825674494e+21 3.822768504120094491e+21 3.507538784600983601e+21 3.218195208893280813e+21 2.952601897072149398e+21 2.708931933835714626e+21 2.485405693748123271e+21 2.280402406533464850e+21 2.092392644422282772e+21 1.956160839219485082e+21 1.875581615738745520e+21
4.539736171291802599e+21 4.166009249825675018e+21 3.822768504120094491e+21 3.507538784600983077e+21 3.218195208893280813e+21 2.952601897072149922e+21 2.708931933835714626e+21 2.485405693748123271e+21 2.280402406533465113e+21 2.092392644422283035e+21 1.956160839219485082e+21 1.875581615738745258e+21
4.539736171291803648e+21 4.166009249825676067e+21 3.822768504120093966e+21 3.507538784600982028e+21 3.218195208893280813e+21 2.952601897072149922e+21 2.708931933835714101e+21 2.485405693748123271e+21 2.280402406533465113e+21 2.092392644422283035e+21 1.956160839219484819e+21 1.875581615738744996e+21
4.539736171291803648e+21 4.166009249825676067e+21 3.822768504120094491e+21 3.507538784600982028e+21 3.218195208893280813e+21 2.952601897072149922e+21 2.708931933835713577e+21 2.485405693748123271e+21 2.280402406533464850e+21 2.092392644422282510e+21 1.956160839219484819e+21 1.875581615738744996e+21
4.539736171291804172e+21 4.166009249825675543e+21 3.822768504120095015e+21 3.507538784600982028e+21 3.218195208893280813e+21 2.952601897072149398e+21 2.708931933835713577e+21 2.485405693748123795e+21 2.280402406533464326e+21 2.092392644422282772e+21 1.956160839219484819e+21 1.875581615738745520e+21
4.539736171291803124e+21 4.166009249825676591e+21 3.822768504120095539e+21 3.507538784600982028e+21 3.218195208893280813e+21 2.952601897072149922e+21 2.708931933835713053e+21 2.485405693748123271e+21 2.280402406533464326e+21 2.092392644422283035e+21 1.956160839219485344e+21 1.875581615738745782e+21
4.539736171291805221e+21 4.166009249825677115e+21 3.822768504120095015e+21 3.507538784600982553e+21 3.218195208893280813e+21 2.952601897072149398e+21 2.708931933835713053e+21 2.485405693748123271e+21 2.280402406533464850e+21 2.092392644422282772e+21 1.956160839219484819e+21 1.875581615738746307e+21
4.539736171291805221e+21 4.166009249825676591e+21 3.822768504120093966e+21 3.507538784600982028e+21 3.218195208893280813e+21 2.952601897072148873e+21 2.708931933835712528e+21 2.485405693748123795e+21 2.280402406533464588e+21 2.092392644422282772e+21 1.956160839219484557e+21 1.875581615738745782e+21
4.539736171291805745e+21 4.166009249825676067e+21 3.822768504120093442e+21 3.507538784600981504e+21 3.218195208893280813e+21 2.952601897072149922e+21 2.708931933835712528e+21 2.485405693748123795e+21 2.280402406533465113e+21 2.092392644422283559e+21 1.956160839219484819e+21 1.875581615738745782e+21
4.539736171291805745e+21 4.166009249825675543e+21 3.822768504120093966e+21 3.507538784600980980e+21 3.218195208893280813e+21 2.952601897072150446e+21 2.708931933835712004e+21 2.485405693748123795e+21 2.280402406533465113e+21 2.092392644422284083e+21 1.956160839219484557e+21 1.875581615738745782e+21
4.539736171291806794e+21 4.166009249825676067e+21 3.822768504120095015e+21 3.507538784600980455e+21 3.218195208893280813e+21 2.952601897072150446e+21 2.708931933835712004e+21 2.485405693748123271e+21 2.280402406533465113e+21 2.092392644422284083e+21 1.956160839219485344e+21 1.875581615738745782e+21
4.539736171291806269e+21 4.166009249825676067e+21 3.822768504120096588e+21 3.507538784600980980e+21 3.218195208893280813e+21 2.952601897072150446e+21 2.708931933835712528e+21 2.485405693748123271e+21 2.280402406533464588e+21 2.092392644422284345e+21 1.956160839219485082e+21 1.875581615738745258e+21
4.539736171291805221e+21 4.166009249825677115e+21 3.822768504120096063e+21 3.507538784600980455e+21 3.218195208893280813e+21 2.952601897072150446e+21 2.708931933835713577e+21 2.485405693748123271e+21 2.280402406533464850e+21 2.092392644422284083e+21 1.956160839219484819e+21 1.875581615738745782e+21
4.539736171291804172e+21 4.166009249825677115e+21 3.822768504120096063e+21 3.507538784600980980e+21 3.218195208893280813e+21 2.952601897072150970e+21 2.708931933835713053e+21 2.485405693748123795e+21 2.280402406533464588e+21 2.092392644422283821e+21 1.956160839219485344e+21 1.875581615738745782e+21
4.539736171291803648e+21 4.166009249825676067e+21 3.822768504120096063e+21 3.507538784600981504e+21 3.218195208893280813e+21 2.952601897072152019e+21 2.708931933835712528e+21 2.485405693748123795e+21 2.280402406533463540e+21 2.092392644422283559e+21 1.956160839219485868e+21 1.875581615738746044e+21
4.539736171291803124e+21 4.166009249825675543e+21 3.822768504120096063e+21 3.507538784600980980e+21 3.218195208893280813e+21 2.952601897072151495e+21 2.708931933835712528e+21 2.485405693748124320e+21 2.280402406533463278e+21 2.092392644422283559e+21 1.956160839219484819e+21 1.875581615738744996e+21
4.539736171291802075e+21 4.166009249825676591e+21 3.822768504120097112e+21 3.507538784600982028e+21 3.218195208893280813e+21 2.952601897072152543e+21 2.708931933835712528e+21 2.485405693748124320e+21 2.280402406533463278e+21 2.092392644422283559e+21 1.956160839219485082e+21 1.875581615738744996e+21
4.539736171291801027e+21 4.166009249825675018e+21 3.822768504120097112e+21 3.507538784600982553e+21 3.218195208893280813e+21 2.952601897072152019e+21 2.708931933835711480e+21 2.485405693748124320e+21 2.280402406533463278e+21 2.092392644422283559e+21 1.956160839219484557e+21 1.875581615738744996e+21
4.539736171291801551e+21 4.166009249825676067e+21 3.822768504120098685e+21 3.507538784600983077e+21 3.218195208893280813e+21 2.952601897072152543e+21 2.708931933835710956e+21 2.485405693748124320e+21 2.280402406533463015e+21 2.092392644422283559e+21 1.956160839219484295e+21 1.875581615738744996e+21
4.539736171291801027e+21 4.166009249825677115e+21 3.822768504120098161e+21 3.507538784600981504e+21 3.218195208893280813e+21 2.952601897072152019e+21 2.708931933835710956e+21 2.485405693748124844e+21 2.280402406533463015e+21 2.092392644422283821e+21 1.956160839219484033e+21 1.875581615738744734e+21
4.539736171291799454e+21 4.166009249825677640e+21 3.822768504120098161e+21 3.507538784600981504e+21 3.218195208893280813e+21 2.952601897072152019e+21 2.708931933835710956e+21 2.485405693748124320e+21 2.280402406533463278e+21 2.092392644422284083e+21 1.956160839219484295e+21 1.875581615738744734e+21
4.539736171291798929e+21 4.166009249825677640e+21 3.822768504120098161e+21 3.507538784600980980e+21 3.218195208893280813e+21 2.952601897072151495e+21 2.708931933835711480e+21 2.485405693748124320e+21 2.280402406533463278e+21 2.092392644422284607e+21 1.956160839219485082e+21 1.875581615738744996e+21
4.539736171291798405e+21 4.166009249825678164e+21 3.822768504120098685e+21 3.507538784600982028e+21 3.218195208893280813e+21 2.952601897072151495e+21 2.708931933835710956e+21 2.485405693748124844e+21 2.280402406533463278e+21 2.092392644422285132e+21 1.956160839219485344e+21 1.875581615738745258e+21
4.539736171291798929e+21 4.166009249825678688e+21 3.822768504120098685e+21 3.507538784600982028e+21 3.218195208893280813e+21 2.952601897072151495e+21 2.708931933835711480e+21 2.485405693748124320e+21 2.280402406533463015e+21 2.092392644422285394e+21 1.956160839219485344e+21 1.875581615738744996e+21
4.539736171291799454e+21 4.166009249825676591e+21 3.822768504120098161e+21 3.507538784600980980e+21 3.218195208893280813e+21 2.952601897072150970e+21 2.708931933835710956e+21 2.485405693748124320e+21 2.280402406533462491e+21 2.092392644422285918e+21 1.956160839219485344e+21 1.875581615738745520e+21
4.539736171291797881e+21 4.166009249825677640e+21 3.822768504120098685e+21 3.507538784600980980e+21 3.218195208893280813e+21 2.952601897072150970e+21 2.708931933835710431e+21 2.485405693748124844e+21 2.280402406533461967e+21 2.092392644422286705e+21 1.956160839219485606e+21 1.875581615738745520e+21
4.539736171291797881e+21 4.166009249825678164e+21 3.822768504120099209e+21 3.507538784600980455e+21 3.218195208893280813e+21 2.952601897072150970e+21 2.708931933835710956e+21 2.485405693748124844e+21 2.280402406533461443e+21 2.092392644422287229e+21 1.956160839219485344e+21 1.875581615738744734e+21
4.539736171291798929e+21 4.166009249825677640e+21 3.822768504120099734e+21 3.507538784600980455e+21 3.218195208893280813e+21 2.952601897072151495e+21 2.708931933835712528e+21 2.485405693748124844e+21 2.280402406533461443e+21 2.092392644422286705e+21 1.956160839219485344e+21 1.875581615738744209e+21
4.539736171291798405e+21 4.166009249825677115e+21 3.822768504120099734e+21 3.507538784600980980e+21 3.218195208893280813e+21 2.952601897072151495e+21 2.708931933835712004e+21 2.485405693748125368e+21 2.280402406533461705e+21 2.092392644422286442e+21 1.956160839219484819e+21 1.875581615738744472e+21
4.539736171291799454e+21 4.166009249825675018e+21 3.822768504120099734e+21 3.507538784600980980e+21 3.218195208893280813e+21 2.952601897072151495e+21 2.708931933835712528e+21 2.485405693748124320e+21 2.280402406533461967e+21 2.092392644422286705e+21 1.956160839219484557e+21 1.875581615738744209e+21
4.539736171291799978e+21 4.166009249825675018e+21 3.822768504120098685e+21 3.507538784600979931e+21 3.218195208893280813e+21 2.952601897072151495e+21 2.708931933835712528e+21 2.485405693748123795e+21 2.280402406533462229e+21 2.092392644422286442e+21 1.956160839219484557e+21 1.875581615738743947e+21
4.539736171291799978e+21 4.166009249825677115e+21 3.822768504120099209e+21 3.507538784600980455e+21 3.218195208893280813e+21 2.952601897072151495e+21 2.708931933835712004e+21 2.485405693748123271e+21 2.280402406533462491e+21 2.092392644422286442e+21 1.956160839219484819e+21 1.875581615738744209e+21
4.539736171291799978e+21 4.166009249825677115e+21 3.822768504120098685e+21 3.507538784600979931e+21 3.218195208893280813e+21 2.952601897072152019e+21 2.708931933835712004e+21 2.485405693748123271e+21 2.280402406533462229e+21 2.092392644422286180e+21 1.956160839219484819e+21 1.875581615738743423e+21
4.539736171291799978e+21 4.166009249825677640e+21 3.822768504120099734e+21 3.507538784600980980e+21 3.218195208893280813e+21 2.952601897072152543e+21 2.708931933835712528e+21 2.485405693748123271e+21 2.280402406533461705e+21 2.092392644422286442e+21 1.956160839219484819e+21 1.875581615738743947e+21
4.539736171291800502e+21 4.166009249825678164e+21 3.822768504120100258e+21 3.507538784600980980e+21 3.218195208893280813e+21 2.952601897072152543e+21 2.708931933835712528e+21 2.485405693748123271e+21 2.280402406533462491e+21 2.092392644422286967e+21 1.956160839219485082e+21 1.875581615738743947e+21
4.539736171291799978e+21 4.166009249825678164e+21 3.822768504120100258e+21 3.507538784600980980e+21 3.218195208893280813e+21 2.952601897072152543e+21 2.708931933835712004e+21 2.485405693748123795e+21 2.280402406533462753e+21 2.092392644422286967e+21 1.956160839219485082e+21 1.875581615738743685e+21
4.539736171291800502e+21 4.166009249825677640e+21 3.822768504120100258e+21 3.507538784600980455e+21 3.218195208893280813e+21 2.952601897072152543e+21 2.708931933835712528e+21 2.485405693748124320e+21 2.280402406533462491e+21 2.092392644422286705e+21 1.956160839219485344e+21 1.875581615738743161e+21
4.539736171291799454e+21 4.166009249825678164e+21 3.822768504120099734e+21 3.507538784600980455e+21 3.218195208893280813e+21 2.952601897072152543e+21 2.708931933835712004e+21 2.485405693748124320e+21 2.280402406533462753e+21 2.092392644422286705e+21 1.956160839219485082e+21 1.875581615738743423e+21
4.539736171291799454e+21 4.166009249825677115e+21 3.822768504120099209e+21 3.507538784600979407e+21 3.218195208893280813e+21 2.952601897072152543e+21 2.708931933835711480e+21 2.485405693748123795e+21 2.280402406533463015e+21 2.092392644422286442e+21 1.956160839219484819e+21 1.875581615738743161e+21
4.539736171291798929e+21 4.166009249825676591e+21 3.822768504120100258e+21 3.507538784600979407e+21 3.218195208893280813e+21 2.952601897072152543e+21 2.708931933835711480e+21 2.485405693748124320e+21 2.280402406533462753e+21 2.092392644422286705e+21 1.956160839219484819e+21 1.875581615738743423e+21
4.539736171291799454e+21 4.166009249825678164e+21 3.822768504120099734e+21 3.507538784600978358e+21 3.218195208893280813e+21 2.952601897072152543e+21 2.708931933835712004e+21 2.485405693748124320e+21 2.280402406533463015e+21 2.092392644422286967e+21 1.956160839219485082e+21 1.875581615738743685e+21
4.539736171291798929e+21 4.166009249825679213e+21 3.822768504120098161e+21 3.507538784600979931e+21 3.218195208893280813e+21 2.952601897072152543e+21 2.708931933835711480e+21 2.485405693748123795e+21 2.280402406533462491e+21 2.092392644422286705e+21 1.956160839219485082e+21 1.875581615738743161e+21
4.539736171291797881e+21 4.166009249825678688e+21 3.822768504120098161e+21 3.507538784600979407e+21 3.218195208893280813e+21 2.952601897072152543e+21 2.708931933835711480e+21 2.485405693748124320e+21 2.280402406533463015e+21 2.092392644422286705e+21 1.956160839219484819e+21 1.875581615738743947e+21
4.539736171291798929e+21 4.166009249825678164e+21 3.822768504120098161e+21 3.507538784600978883e+21 3.218195208893280813e+21 2.952601897072152543e+21 2.708931933835711480e+21 2.485405693748124844e+21 2.280402406533463278e+21 2.092392644422286442e+21 1.956160839219485082e+21 1.875581615738744209e+21
4.539736171291799454e+21 4.166009249825678164e+21 3.822768504120097636e+21 3.507538784600978883e+21 3.218195208893280813e+21 2.952601897072152543e+21 2.708931933835710956e+21 2.485405693748124844e+21 2.280402406533463278e+21 2.092392644422286705e+21 1.956160839219485606e+21 1.875581615738744734e+21
4.539736171291799978e+21 4.166009249825678164e+21 3.822768504120097636e+21 3.507538784600978358e+21 3.218195208893280813e+21 2.952601897072151495e+21 2.708931933835710956e+21 2.485405693748124844e+21 2.280402406533463278e+21 2.092392644422287229e+21 1.956160839219485344e+21 1.875581615738744996e+21
4.539736171291798929e+21 4.166009249825678688e+21 3.822768504120096588e+21 3.507538784600978883e+21 3.218195208893280813e+21 2.952601897072151495e+21 2.708931933835711480e+21 2.485405693748124320e+21 2.280402406533463540e+21 2.092392644422286705e+21 1.956160839219485344e+21 1.875581615738744996e+21
4.539736171291799978e+21 4.166009249825679213e+21 3.822768504120097112e+21 3.507538784600980455e+21 3.218195208893280813e+21 2.952601897072151495e+21 2.708931933835712004e+21 2.485405693748125368e+21 2.280402406533463540e+21 2.092392644422286705e+21 1.956160839219484819e+21 1.875581615738744996e+21
4.539736171291800502e+21 4.166009249825679213e+21 3.822768504120096588e+21 3.507538784600980455e+21 3.218195208893280813e+21 2.952601897072151495e+21 2.708931933835711480e+21 2.485405693748124844e+21 2.280402406533463540e+21 2.092392644422286967e+21 1.956160839219484819e+21 1.875581615738745782e+21
4.539736171291802075e+21 4.166009249825678688e+21 3.822768504120098161e+21 3.507538784600980455e+21 3.218195208893280813e+21 2.952601897072151495e+21 2.708931933835712004e+21 2.485405693748124320e+21 2.280402406533463802e+21 2.092392644422286442e+21 1.956160839219485082e+21 1.875581615738746044e+21
4.539736171291802599e+21 4.166009249825679213e+21 3.822768504120097112e+21 3.507538784600981504e+21 3.218195208893280813e+21 2.952601897072152019e+21 2.708931933835711480e+21 2.485405693748124844e+21 2.280402406533464064e+21 2.092392644422286180e+21 1.956160839219485606e+21 1.875581615738746307e+21
4.539736171291803648e+21 4.166009249825679213e+21 3.822768504120096588e+21 3.507538784600980980e+21 3.218195208893280813e+21 2.952601897072152019e+21 2.708931933835711480e+21 2.485405693748124844e+21 2.280402406533463540e+21 2.092392644422286180e+21 1.956160839219485082e+21 1.875581615738745782e+21
4.539736171291805221e+21 4.166009249825680261e+21 3.822768504120096588e+21 3.507538784600979407e+21 3.218195208893280813e+21 2.952601897072151495e+21 2.708931933835711480e+21 2.485405693748124844e+21 2.280402406533463278e+21 2.092392644422286180e+21 1.956160839219485344e+21 1.875581615738745520e+21
4.539736171291803648e+21 4.166009249825680261e+21 3.822768504120096063e+21 3.507538784600979407e+21 3.218195208893280813e+21 2.952601897072152543e+21 2.708931933835711480e+21 2.485405693748124320e+21 2.280402406533463278e+21 2.092392644422286180e+21 1.956160839219485344e+21 1.875581615738744996e+21
4.539736171291804172e+21 4.166009249825679737e+21 3.822768504120095015e+21 3.507538784600978883e+21 3.218195208893280813e+21 2.952601897072151495e+21 2.708931933835710956e+21 2.485405693748124844e+21 2.280402406533463540e+21 2.092392644422285656e+21 1.956160839219484819e+21 1.875581615738744734e+21
4.539736171291804172e+21 4.166009249825680785e+21 3.822768504120097112e+21 3.507538784600978883e+21 3.218195208893280813e+21 2.952601897072150970e+21 2.708931933835711480e+21 2.485405693748124844e+21 2.280402406533463802e+21 2.092392644422286180e+21 1.956160839219485344e+21 1.875581615738744734e+21
4.539736171291804172e+21 4.166009249825681834e+21 3.822768504120096063e+21 3.507538784600979407e+21 3.218195208893280813e+21 2.952601897072152019e+21 2.708931933835711480e+21 2.485405693748124844e+21 2.280402406533463540e+21 2.092392644422286442e+21 1.956160839219485082e+21 1.875581615738744996e+21
4.539736171291804697e+21 4.166009249825682883e+21 3.822768504120096588e+21 3.507538784600978883e+21 3.218195208893280813e+21 2.952601897072152543e+21 2.708931933835711480e+21 2.485405693748124320e+21 2.280402406533463802e+21 2.092392644422286442e+21 1.956160839219485082e+21 1.875581615738744996e+21
4.539736171291804697e+21 4.166009249825682883e+21 3.822768504120097112e+21 3.507538784600978883e+21 3.218195208893280813e+21 2.952601897072152543e+21 2.708931933835710956e+21 2.485405693748123795e+21 2.280402406533464326e+21 2.092392644422287229e+21 1.956160839219485606e+21 1.875581615738745258e+21
4.539736171291805221e+21 4.166009249825680785e+21 3.822768504120097636e+21 3.507538784600978883e+21 3.218195208893280813e+21 2.952601897072152019e+21 2.708931933835710956e+21 2.485405693748123795e+21 2.280402406533463540e+21 2.092392644422286442e+21 1.956160839219485606e+21 1.875581615738744996e+21
4.539736171291805221e+21 4.166009249825681834e+21 3.822768504120098161e+21 3.507538784600978358e+21 3.218195208893280813e+21 2.952601897072151495e+21 2.708931933835710956e+21 2.485405693748123795e+21 2.280402406533463540e+21 2.092392644422286180e+21 1.956160839219485082e+21 1.875581615738744996e+21
4.539736171291805221e+21 4.166009249825681834e+21 3.822768504120097636e+21 3.507538784600979407e+21 3.218195208893280813e+21 2.952601897072151495e+21 2.708931933835710431e+21 2.485405693748123271e+21 2.280402406533463278e+21 2.092392644422286705e+21 1.956160839219484819e+21 1.875581615738744734e+21
4.539736171291804697e+21 4.166009249825682358e+21 3.822768504120099209e+21 3.507538784600978358e+21 3.218195208893280813e+21 2.952601897072152019e+21 2.708931933835710431e+21 2.485405693748122747e+21 2.280402406533463278e+21 2.092392644422287229e+21 1.956160839219484819e+21 1.875581615738743161e+21
4.539736171291804172e+21 4.166009249825682358e+21 3.822768504120099209e+21 3.507538784600977834e+21 3.218195208893280813e+21 2.952601897072152543e+21 2.708931933835709907e+21 2.485405693748122747e+21 2.280402406533462753e+21 2.092392644422287491e+21 1.956160839219484819e+21 1.875581615738742899e+21
4.539736171291804172e+21 4.166009249825682358e+21 3.822768504120099209e+21 3.507538784600976785e+21 3.218195208893280813e+21 2.952601897072152543e+21 2.708931933835710431e+21 2.485405693748122223e+21 2.280402406533463278e+21 2.092392644422286967e+21 1.956160839219485868e+21 1.875581615738742112e+21
4.539736171291804172e+21 4.166009249825682358e+21 3.822768504120098161e+21 3.507538784600977834e+21 3.218195208893280813e+21 2.952601897072152543e+21 2.708931933835710956e+21 2.485405693748122747e+21 2.280402406533462491e+21 2.092392644422286442e+21 1.956160839219486392e+21 1.875581615738741850e+21
4.539736171291804697e+21 4.166009249825682883e+21 3.822768504120098685e+21 3.507538784600976785e+21 3.218195208893280813e+21 2.952601897072152543e+21 2.708931933835710956e+21 2.485405693748122747e+21 2.280402406533462491e+21 2.092392644422286705e+21 1.956160839219485606e+21 1.875581615738742374e+21
4.539736171291804172e+21 4.166009249825682358e+21 3.822768504120098161e+21 3.507538784600976261e+21 3.218195208893280813e+21 2.952601897072151495e+21 2.708931933835710431e+21 2.485405693748123271e+21 2.280402406533462491e+21 2.092392644422287229e+21 1.956160839219485606e+21 1.875581615738742374e+21
4.539736171291803124e+21 4.166009249825682883e+21 3.822768504120099209e+21 3.507538784600976785e+21 3.218195208893280813e+21 2.952601897072151495e+21 2.708931933835710956e+21 2.485405693748122223e+21 2.280402406533462229e+21 2.092392644422287491e+21 1.956160839219486130e+21 1.875581615738742112e+21
4.539736171291802599e+21 4.166009249825684455e+21 3.822768504120100258e+21 3.507538784600977310e+21 3.218195208893280813e+21 2.952601897072150970e+21 2.708931933835710431e+21 2.485405693748122223e+21 2.280402406533462753e+21 2.092392644422287753e+21 1.956160839219486130e+21 1.875581615738742899e+21
4.539736171291801551e+21 4.166009249825683407e+21 3.822768504120099734e+21 3.507538784600976785e+21 3.218195208893280813e+21 2.952601897072151495e+21 2.708931933835710956e+21 2.485405693748122223e+21 2.280402406533462753e+21 2.092392644422287753e+21 1.956160839219486392e+21 1.875581615738743161e+21
4.539736171291802075e+21 4.166009249825683407e+21 3.822768504120098685e+21 3.507538784600977310e+21 3.218195208893280813e+21 2.952601897072150446e+21 2.708931933835709907e+21 2.485405693748122223e+21 2.280402406533462753e+21 2.092392644422287753e+21 1.956160839219486654e+21 1.875581615738743161e+21
4.539736171291801551e+21 4.166009249825683931e+21 3.822768504120098161e+21 3.507538784600976785e+21 3.218195208893280813e+21 2.952601897072150446e+21 2.708931933835709383e+21 2.485405693748122223e+21 2.280402406533462491e+21 2.092392644422288015e+21 1.956160839219487441e+21 1.875581615738743161e+21
4.539736171291801551e+21 4.166009249825683407e+21 3.822768504120097636e+21 3.507538784600976785e+21 3.218195208893280813e+21 2.952601897072150446e+21 2.708931933835709383e+21 2.485405693748122223e+21 2.280402406533462491e+21 2.092392644422288278e+21 1.956160839219487441e+21 1.875581615738743161e+21
4.539736171291802599e+21 4.166009249825682883e+21 3.822768504120097112e+21 3.507538784600975737e+21 3.218195208893280813e+21 2.952601897072150446e+21 2.708931933835708858e+21 2.485405693748121698e+21 2.280402406533463278e+21 2.092392644422288278e+21 1.956160839219487441e+21 1.875581615738742637e+21
4.539736171291804172e+21 4.166009249825681834e+21 3.822768504120098161e+21 3.507538784600975213e+21 3.218195208893280813e+21 2.952601897072149922e+21 2.708931933835708334e+21 2.485405693748121698e+21 2.280402406533463540e+21 2.092392644422288540e+21 1.956160839219487441e+21 1.875581615738742637e+21
4.539736171291805745e+21 4.166009249825681310e+21 3.822768504120099209e+21 3.507538784600975737e+21 3.218195208893280813e+21 2.952601897072150970e+21 2.708931933835708334e+21 2.485405693748122223e+21 2.280402406533463802e+21 2.092392644422288802e+21 1.956160839219487703e+21 1.875581615738742637e+21
4.539736171291805221e+21 4.166009249825681834e+21 3.822768504120097636e+21 3.507538784600976785e+21 3.218195208893280813e+21 2.952601897072151495e+21 2.708931933835707810e+21 2.485405693748122223e+21 2.280402406533464064e+21 2.092392644422289588e+21 1.956160839219487965e+21 1.875581615738742637e+21
4.539736171291805745e+21 4.166009249825681834e+21 3.822768504120097112e+21 3.507538784600977834e+21 3.218195208893280813e+21 2.952601897072151495e+21 2.708931933835708334e+21 2.485405693748122223e+21 2.280402406533464326e+21 2.092392644422289064e+21 1.956160839219488227e+21 1.875581615738743423e+21
4.539736171291806794e+21 4.166009249825681310e+21 3.822768504120097112e+21 3.507538784600977834e+21 3.218195208893280813e+21 2.952601897072150970e+21 2.708931933835708334e+21 2.485405693748121698e+21 2.280402406533463540e+21 2.092392644422289064e+21 1.956160839219488227e+21 1.875581615738743685e+21
4.539736171291807318e+21 4.166009249825682358e+21 3.822768504120097112e+21 3.507538784600978883e+21 3.218195208893280813e+21 2.952601897072150446e+21 2.708931933835707286e+21 2.485405693748121174e+21 2.280402406533463802e+21 2.092392644422289588e+21 1.956160839219488489e+21 1.875581615738743685e+21
4.539736171291807318e+21 4.166009249825682358e+21 3.822768504120097636e+21 3.507538784600978883e+21 3.218195208893280813e+21 2.952601897072150446e+21 2.708931933835707286e+21 2.485405693748121174e+21 2.280402406533463278e+21 2.092392644422290375e+21 1.956160839219487965e+21 1.875581615738743423e+21
4.539736171291807318e+21 4.166009249825682883e+21 3.822768504120097636e+21 3.507538784600977834e+21 3.218195208893280813e+21 2.952601897072151495e+21 2.708931933835707286e+21 2.485405693748121174e+21 2.280402406533462753e+21 2.092392644422290637e+21 1.956160839219487965e+21 1.875581615738743685e+21
4.539736171291807318e+21 4.166009249825682358e+21 3.822768504120097636e+21 3.507538784600977834e+21 3.218195208893280813e+21 2.952601897072150970e+21 2.708931933835707286e+21 2.485405693748121174e+21 2.280402406533462753e+21 2.092392644422290375e+21 1.956160839219488227e+21 1.875581615738743685e+21
4.539736171291807318e+21 4.166009249825681834e+21 3.822768504120097636e+21 3.507538784600977310e+21 3.218195208893280813e+21 2.952601897072151495e+21 2.708931933835706761e+21 2.485405693748122223e+21 2.280402406533463278e+21 2.092392644422290375e+21 1.956160839219487703e+21 1.875581615738743685e+21
4.539736171291807842e+21 4.166009249825682358e+21 3.822768504120098161e+21 3.507538784600977834e+21 3.218195208893280813e+21 2.952601897072152019e+21 2.708931933835706237e+21 2.485405693748122747e+21 2.280402406533463015e+21 2.092392644422290375e+21 1.956160839219488227e+21 1.875581615738742899e+21
4.539736171291806794e+21 4.166009249825681310e+21 3.822768504120098161e+21 3.507538784600977834e+21 3.218195208893280813e+21 2.952601897072151495e+21 2.708931933835705713e+21 2.485405693748123795e+21 2.280402406533463540e+21 2.092392644422290375e+21 1.956160839219487965e+21 1.875581615738743423e+21
4.539736171291807318e+21 4.166009249825680785e+21 3.822768504120098161e+21 3.507538784600977834e+21 3.218195208893280813e+21 2.952601897072151495e+21 2.708931933835706237e+21 2.485405693748124320e+21 2.280402406533463278e+21 2.092392644422290375e+21 1.956160839219487965e+21 1.875581615738742899e+21
4.539736171291808891e+21 4.166009249825680261e+21 3.822768504120099734e+21 3.507538784600978883e+21 3.218195208893280813e+21 2.952601897072152543e+21 2.708931933835706761e+21 2.485405693748124320e+21 2.280402406533463278e+21 2.092392644422290637e+21 1.956160839219487441e+21 1.875581615738742899e+21
4.539736171291808367e+21 4.166009249825680785e+21 3.822768504120099209e+21 3.507538784600978883e+21 3.218195208893280813e+21 2.952601897072152019e+21 2.708931933835706761e+21 2.485405693748124844e+21 2.280402406533463015e+21 2.092392644422290375e+21 1.956160839219487703e+21 1.875581615738743685e+21
4.539736171291807842e+21 4.166009249825681310e+21 3.822768504120099209e+21 3.507538784600978358e+21 3.218195208893280813e+21 2.952601897072151495e+21 2.708931933835706761e+21 2.485405693748125368e+21 2.280402406533463278e+21 2.092392644422290899e+21 1.956160839219487441e+21 1.875581615738743685e+21
4.539736171291807318e+21 4.166009249825681310e+21 3.822768504120099209e+21 3.507538784600977834e+21 3.218195208893280813e+21 2.952601897072151495e+21 2.708931933835706761e+21 2.485405693748125368e+21 2.280402406533463278e+21 2.092392644422290637e+21 1.956160839219486917e+21 1.875581615738743947e+21
4.539736171291806794e+21 4.166009249825680261e+21 3.822768504120099209e+21 3.507538784600977310e+21 3.218195208893280813e+21 2.952601897072151495e+21 2.708931933835707286e+21 2.485405693748125893e+21 2.280402406533463278e+21 2.092392644422291161e+21 1.956160839219487965e+21 1.875581615738743947e+21
4.539736171291807318e+21 4.166009249825680261e+21 3.822768504120099209e+21 3.507538784600976785e+21 3.218195208893280813e+21 2.952601897072151495e+21 2.708931933835707286e+21 2.485405693748125893e+21 2.280402406533462491e+21 2.092392644422290899e+21 1.956160839219486917e+21 1.875581615738743685e+21
4.539736171291805221e+21 4.166009249825679737e+21 3.822768504120098161e+21 3.507538784600977834e+21 3.218195208893280813e+21 2.952601897072151495e+21 2.708931933835707286e+21 2.485405693748125368e+21 2.280402406533463015e+21 2.092392644422291685e+21 1.956160839219486654e+21 1.875581615738743423e+21
4.539736171291806269e+21 4.166009249825680261e+21 3.822768504120098161e+21 3.507538784600976785e+21 3.218195208893280813e+21 2.952601897072151495e+21 2.708931933835706761e+21 2.485405693748125368e+21 2.280402406533463015e+21 2.092392644422291948e+21 1.956160839219486654e+21 1.875581615738743161e+21
4.539736171291805745e+21 4.166009249825679737e+21 3.822768504120098161e+21 3.507538784600976785e+21 3.218195208893280813e+21 2.952601897072152543e+21 2.708931933835707286e+21 2.485405693748125368e+21 2.280402406533463015e+21 2.092392644422292210e+21 1.956160839219486392e+21 1.875581615738742899e+21
4.539736171291806794e+21 4.166009249825679213e+21 3.822768504120097636e+21 3.507538784600975737e+21 3.218195208893280813e+21 2.952601897072152543e+21 2.708931933835707286e+21 2.485405693748124844e+21 2.280402406533463278e+21 2.092392644422292472e+21 1.956160839219486392e+21 1.875581615738742374e+21
4.539736171291807842e+21 4.166009249825678164e+21 3.822768504120097112e+21 3.507538784600975737e+21 3.218195208893280813e+21 2.952601897072152543e+21 2.708931933835708334e+21 2.485405693748125368e+21 2.280402406533463278e+21 2.092392644422292472e+21 1.956160839219486392e+21 1.875581615738742112e+21
4.539736171291807318e+21 4.166009249825678688e+21 3.822768504120098685e+21 3.507538784600974688e+21 3.218195208893280813e+21 2.952601897072152543e+21 2.708931933835709383e+21 2.485405693748124844e+21 2.280402406533463802e+21 2.092392644422292996e+21 1.956160839219486654e+21 1.875581615738742637e+21
4.539736171291807318e+21 4.166009249825679737e+21 3.822768504120098685e+21 3.507538784600973640e+21 3.218195208893280813e+21 2.952601897072152543e+21 2.708931933835708858e+21 2.485405693748124844e+21 2.280402406533464326e+21 2.092392644422292996e+21 1.956160839219486392e+21 1.875581615738742112e+21
4.539736171291806794e+21 4.166009249825679737e+21 3.822768504120097636e+21 3.507538784600973640e+21 3.218195208893280813e+21 2.952601897072152543e+21 2.708931933835708858e+21 2.485405693748124844e+21 2.280402406533464064e+21 2.092392644422292472e+21 1.956160839219485868e+21 1.875581615738742374e+21
4.539736171291806794e+21 4.166009249825680261e+21 3.822768504120097636e+21 3.507538784600974688e+21 3.218195208893280813e+21 2.952601897072153068e+21 2.708931933835709907e+21 2.485405693748124844e+21 2.280402406533464064e+21 2.092392644422292210e+21 1.956160839219485344e+21 1.875581615738742112e+21
4.539736171291808367e+21 4.166009249825680785e+21 3.822768504120097112e+21 3.507538784600975213e+21 3.218195208893280813e+21 2.952601897072153068e+21 2.708931933835709383e+21 2.485405693748124320e+21 2.280402406533464326e+21 2.092392644422292472e+21 1.956160839219485082e+21 1.875581615738742112e+21
4.539736171291809415e+21 4.166009249825681310e+21 3.822768504120096588e+21 3.507538784600974688e+21 3.218195208893280813e+21 2.952601897072153592e+21 2.708931933835709383e+21 2.485405693748124320e+21 2.280402406533463802e+21 2.092392644422292472e+21 1.956160839219485344e+21 1.875581615738742374e+21
4.539736171291809415e+21 4.166009249825682883e+21 3.822768504120097636e+21 3.507538784600975737e+21 3.218195208893280813e+21 2.952601897072153592e+21 2.708931933835709383e+21 2.485405693748124320e+21 2.280402406533463802e+21 2.092392644422292472e+21 1.956160839219485344e+21 1.875581615738742637e+21
4.539736171291808891e+21 4.166009249825682358e+21 3.822768504120097112e+21 3.507538784600975737e+21 3.218195208893280813e+21 2.952601897072154116e+21 2.708931933835708858e+21 2.485405693748124844e+21 2.280402406533464326e+21 2.092392644422292734e+21 1.956160839219485606e+21 1.875581615738742374e+21
4.539736171291809415e+21 4.166009249825682883e+21 3.822768504120098685e+21 3.507538784600974688e+21 3.218195208893280813e+21 2.952601897072153068e+21 2.708931933835708334e+21 2.485405693748125368e+21 2.280402406533464588e+21 2.092392644422292472e+21 1.956160839219485344e+21 1.875581615738742374e+21
4.539736171291808891e+21 4.166009249825682358e+21 3.822768504120098685e+21 3.507538784600974688e+21 3.218195208893280813e+21 2.952601897072153592e+21 2.708931933835708334e+21 2.485405693748125368e+21 2.280402406533464326e+21 2.092392644422291423e+21 1.956160839219484819e+21 1.875581615738742112e+21
4.539736171291809415e+21 4.166009249825681310e+21 3.822768504120098685e+21 3.507538784600974164e+21 3.218195208893280813e+21 2.952601897072153592e+21 2.708931933835708334e+21 2.485405693748125368e+21 2.280402406533464588e+21 2.092392644422291423e+21 1.956160839219484557e+21 1.875581615738742112e+21
4.539736171291809939e+21 4.166009249825681310e+21 3.822768504120099209e+21 3.507538784600974164e+21 3.218195208893280813e+21 2.952601897072153592e+21 2.708931933835708858e+21 2.485405693748125368e+21 2.280402406533463802e+21 2.092392644422290899e+21 1.956160839219484295e+21 1.875581615738742374e+21
4.539736171291809415e+21 4.166009249825680785e+21 3.822768504120099209e+21 3.507538784600974164e+21 3.218195208893280813e+21 2.952601897072154640e+21 2.708931933835708858e+21 2.485405693748125893e+21 2.280402406533463540e+21 2.092392644422291685e+21 1.956160839219484295e+21 1.875581615738742374e+21
4.539736171291809939e+21 4.166009249825681834e+21 3.822768504120099734e+21 3.507538784600974688e+21 3.218195208893280813e+21 2.952601897072153592e+21 2.708931933835708858e+21 2.485405693748125893e+21 2.280402406533463278e+21 2.092392644422291685e+21 1.956160839219484557e+21 1.875581615738742374e+21
4.539736171291810988e+21 4.166009249825681834e+21 3.822768504120100782e+21 3.507538784600974688e+21 3.218195208893280813e+21 2.952601897072153592e+21 2.708931933835709383e+21 2.485405693748125368e+21 2.280402406533463015e+21 2.092392644422291685e+21 1.956160839219484295e+21 1.875581615738742112e+21
4.539736171291810464e+21 4.166009249825682358e+21 3.822768504120101306e+21 3.507538784600973640e+21 3.218195208893280813e+21 2.952601897072153592e+21 2.708931933835708334e+21 2.485405693748125368e+21 2.280402406533463015e+21 2.092392644422291948e+21 1.956160839219484033e+21 1.875581615738742374e+21
4.539736171291809939e+21 4.166009249825681834e+21 3.822768504120101306e+21 3.507538784600972591e+21 3.218195208893280813e+21 2.952601897072153592e+21 2.708931933835708858e+21 2.485405693748124844e+21 2.280402406533463802e+21 2.092392644422291948e+21 1.956160839219483771e+21 1.875581615738742374e+21
4.539736171291810464e+21 4.166009249825682883e+21 3.822768504120101831e+21 3.507538784600973640e+21 3.218195208893280813e+21 2.952601897072153592e+21 2.708931933835708334e+21 2.485405693748125368e+21 2.280402406533463015e+21 2.092392644422291948e+21 1.956160839219483771e+21 1.875581615738742112e+21
4.539736171291809415e+21 4.166009249825683407e+21 3.822768504120102355e+21 3.507538784600974164e+21 3.218195208893280813e+21 2.952601897072153592e+21 2.708931933835707286e+21 2.485405693748125368e+21 2.280402406533463278e+21 2.092392644422291423e+21 1.956160839219484033e+21 1.875581615738742637e+21
4.539736171291809939e+21 4.166009249825683407e+21 3.822768504120103404e+21 3.507538784600975213e+21 3.218195208893280813e+21 2.952601897072153592e+21 2.708931933835708334e+21 2.485405693748125368e+21 2.280402406533462753e+21 2.092392644422291423e+21 1.956160839219484033e+21 1.875581615738742637e+21
4.539736171291810464e+21 4.166009249825682883e+21 3.822768504120104452e+21 3.507538784600975213e+21 3.218195208893280813e+21 2.952601897072152543e+21 2.708931933835708334e+21 2.485405693748125893e+21 2.280402406533462491e+21 2.092392644422291685e+21 1.956160839219484295e+21 1.875581615738742374e+21
4.539736171291812561e+21 4.166009249825683931e+21 3.822768504120103928e+21 3.507538784600974688e+21 3.218195208893280813e+21 2.952601897072152543e+21 2.708931933835707810e+21 2.485405693748126417e+21 2.280402406533462753e+21 2.092392644422291948e+21 1.956160839219483771e+21 1.875581615738742899e+21
4.539736171291813085e+21 4.166009249825684455e+21 3.822768504120104452e+21 3.507538784600975737e+21 3.218195208893280813e+21 2.952601897072152543e+21 2.708931933835707286e+21 2.485405693748125893e+21 2.280402406533463015e+21 2.092392644422291423e+21 1.956160839219483509e+21 1.875581615738743161e+21
4.539736171291812561e+21 4.166009249825683931e+21 3.822768504120105501e+21 3.507538784600974688e+21 3.218195208893280813e+21 2.952601897072153068e+21 2.708931933835706761e+21 2.485405693748126417e+21 2.280402406533463802e+21 2.092392644422291161e+21 1.956160839219484033e+21 1.875581615738743161e+21
4.539736171291813609e+21 4.166009249825683407e+21 3.822768504120105501e+21 3.507538784600975737e+21 3.218195208893280813e+21 2.952601897072153592e+21 2.708931933835707286e+21 2.485405693748126417e+21 2.280402406533463802e+21 2.092392644422291161e+21 1.956160839219483771e+21 1.875581615738743685e+21
4.539736171291813609e+21 4.166009249825683931e+21 3.822768504120106549e+21 3.507538784600975213e+21 3.218195208893280813e+21 2.952601897072153592e+21 2.708931933835707286e+21 2.485405693748126417e+21 2.280402406533464326e+21 2.092392644422290899e+21 1.956160839219484033e+21 1.875581615738743423e+21
4.539736171291813085e+21 4.166009249825683407e+21 3.822768504120106025e+21 3.507538784600974688e+21 3.218195208893280813e+21 2.952601897072153592e+21 2.708931933835707286e+21 2.485405693748126941e+21 2.280402406533464588e+21 2.092392644422290637e+21 1.956160839219483247e+21 1.875581615738743423e+21
4.539736171291814134e+21 4.166009249825683407e+21 3.822768504120107598e+21 3.507538784600973640e+21 3.218195208893280813e+21 2.952601897072153592e+21 2.708931933835707286e+21 2.485405693748126941e+21 2.280402406533464850e+21 2.092392644422290899e+21 1.956160839219483509e+21 1.875581615738742899e+21
4.539736171291813085e+21 4.166009249825682883e+21 3.822768504120107074e+21 3.507538784600972067e+21 3.218195208893280813e+21 2.952601897072155165e+21 2.708931933835707286e+21 2.485405693748126417e+21 2.280402406533464326e+21 2.092392644422290899e+21 1.956160839219483509e+21 1.875581615738743161e+21
4.539736171291814658e+21 4.166009249825682358e+21 3.822768504120107598e+21 3.507538784600971018e+21 3.218195208893280813e+21 2.952601897072154640e+21 2.708931933835707286e+21 2.485405693748126417e+21 2.280402406533463802e+21 2.092392644422291423e+21 1.956160839219483247e+21 1.875581615738743685e+21
4.539736171291814658e+21 4.166009249825683931e+21 3.822768504120108122e+21 3.507538784600972067e+21 3.218195208893280813e+21 2.952601897072154640e+21 2.708931933835707286e+21 2.485405693748126417e+21 2.280402406533463802e+21 2.092392644422291948e+21 1.956160839219482722e+21 1.875581615738743423e+21
4.539736171291815707e+21 4.166009249825683407e+21 3.822768504120108646e+21 3.507538784600971543e+21 3.218195208893280813e+21 2.952601897072154640e+21 2.708931933835707810e+21 2.485405693748125893e+21 2.280402406533463802e+21 2.092392644422292210e+21 1.956160839219482722e+21 1.875581615738743161e+21
4.539736171291814658e+21 4.166009249825682883e+21 3.822768504120108646e+21 3.507538784600973115e+21 3.218195208893280813e+21 2.952601897072154640e+21 2.708931933835707286e+21 2.485405693748126417e+21 2.280402406533463802e+21 2.092392644422292210e+21 1.956160839219482984e+21 1.875581615738743161e+21
4.539736171291815707e+21 4.166009249825683407e+21 3.822768504120108646e+21 3.507538784600973640e+21 3.218195208893280813e+21 2.952601897072155165e+21 2.708931933835707810e+21 2.485405693748126941e+21 2.280402406533464326e+21 2.092392644422292734e+21 1.956160839219483509e+21 1.875581615738743685e+21
4.539736171291814658e+21 4.166009249825682883e+21 3.822768504120108122e+21 3.507538784600973640e+21 3.218195208893280813e+21 2.952601897072155165e+21 2.708931933835707810e+21 2.485405693748127465e+21 2.280402406533464326e+21 2.092392644422291948e+21 1.956160839219483509e+21 1.875581615738743947e+21
4.539736171291814658e+21 4.166009249825682883e+21 3.822768504120108646e+21 3.507538784600974688e+21 3.218195208893280813e+21 2.952601897072154116e+21 2.708931933835707810e+21 2.485405693748126941e+21 2.280402406533464064e+21 2.092392644422291685e+21 1.956160839219483509e+21 1.875581615738744472e+21
4.539736171291814134e+21 4.166009249825682358e+21 3.822768504120107598e+21 3.507538784600975213e+21 3.218195208893280813e+21 2.952601897072154640e+21 2.708931933835707810e+21 2.485405693748126941e+21 2.280402406533464064e+21 2.092392644422291685e+21 1.956160839219482984e+21 1.875581615738744472e+21
4.539736171291813609e+21 4.166009249825682358e+21 3.822768504120108122e+21 3.507538784600974688e+21 3.218195208893280813e+21 2.952601897072154640e+21 2.708931933835707286e+21 2.485405693748125893e+21 2.280402406533464326e+21 2.092392644422291685e+21 1.956160839219482984e+21 1.875581615738743947e+21
4.539736171291814658e+21 4.166009249825683407e+21 3.822768504120107074e+21 3.507538784600975213e+21 3.218195208893280813e+21 2.952601897072154116e+21 2.708931933835708334e+21 2.485405693748125893e+21 2.280402406533463802e+21 2.092392644422290899e+21 1.956160839219482722e+21 1.875581615738744209e+21
4.539736171291814658e+21 4.166009249825683407e+21 3.822768504120106549e+21 3.507538784600975737e+21 3.218195208893280813e+21 2.952601897072153592e+21 2.708931933835708334e+21 2.485405693748125893e+21 2.280402406533464064e+21 2.092392644422290637e+21 1.956160839219482722e+21 1.875581615738743423e+21
4.539736171291814134e+21 4.166009249825683407e+21 3.822768504120107074e+21 3.507538784600975737e+21 3.218195208893280813e+21 2.952601897072153068e+21 2.708931933835708334e+21 2.485405693748126417e+21 2.280402406533463802e+21 2.092392644422291161e+21 1.956160839219482460e+21 1.875581615738743423e+21
4.539736171291814134e+21 4.166009249825683931e+21 3.822768504120105501e+21 3.507538784600976785e+21 3.218195208893280813e+21 2.952601897072153592e+21 2.708931933835708334e+21 2.485405693748126941e+21 2.280402406533463540e+21 2.092392644422291161e+21 1.956160839219482198e+21 1.875581615738743947e+21
4.539736171291814658e+21 4.166009249825683931e+21 3.822768504120105501e+21 3.507538784600976785e+21 3.218195208893280813e+21 2.952601897072152543e+21 2.708931933835708334e+21 2.485405693748126417e+21 2.280402406533463015e+21 2.092392644422290375e+21 1.956160839219482198e+21 1.875581615738743947e+21
4.539736171291815182e+21 4.166009249825683931e+21 3.822768504120106549e+21 3.507538784600977310e+21 3.218195208893280813e+21 2.952601897072152543e+21 2.708931933835708858e+21 2.485405693748126417e+21 2.280402406533463278e+21 2.092392644422290899e+21 1.956160839219482722e+21 1.875581615738744209e+21
4.539736171291814134e+21 4.166009249825682883e+21 3.822768504120107598e+21 3.507538784600977310e+21 3.218195208893280813e+21 2.952601897072153592e+21 2.708931933835709383e+21 2.485405693748125893e+21 2.280402406533463015e+21 2.092392644422290637e+21 1.956160839219482722e+21 1.875581615738744209e+21
4.539736171291813609e+21 4.166009249825683931e+21 3.822768504120107074e+21 3.507538784600975737e+21 3.218195208893280813e+21 2.952601897072152543e+21 2.708931933835708858e+21 2.485405693748125893e+21 2.280402406533462753e+21 2.092392644422290375e+21 1.956160839219482722e+21 1.875581615738744996e+21
4.539736171291814134e+21 4.166009249825683407e+21 3.822768504120107598e+21 3.507538784600974688e+21 3.218195208893281337e+21 2.952601897072153068e+21 2.708931933835709383e+21 2.485405693748126417e+21 2.280402406533462753e+21 2.092392644422290375e+21 1.956160839219482984e+21 1.875581615738744734e+21
4.539736171291814658e+21 4.166009249825683407e+21 3.822768504120108122e+21 3.507538784600974688e+21 3.218195208893281862e+21 2.952601897072153592e+21 2.708931933835708858e+21 2.485405693748126417e+21 2.280402406533463802e+21 2.092392644422291423e+21 1.956160839219482460e+21 1.875581615738745258e+21
4.539736171291815182e+21 4.166009249825684455e+21 3.822768504120108122e+21 3.507538784600974164e+21 3.218195208893281337e+21 2.952601897072153068e+21 2.708931933835708334e+21 2.485405693748125893e+21 2.280402406533463802e+21 2.092392644422291161e+21 1.956160839219482460e+21 1.875581615738744996e+21
4.539736171291815707e+21 4.166009249825685504e+21 3.822768504120109171e+21 3.507538784600973640e+21 3.218195208893281337e+21 2.952601897072153592e+21 2.708931933835707810e+21 2.485405693748125893e+21 2.280402406533463802e+21 2.092392644422291685e+21 1.956160839219482198e+21 1.875581615738744996e+21
4.539736171291815182e+21 4.166009249825684455e+21 3.822768504120109695e+21 3.507538784600973115e+21 3.218195208893281337e+21 2.952601897072154116e+21 2.708931933835707810e+21 2.485405693748126417e+21 2.280402406533463802e+21 2.092392644422291685e+21 1.956160839219482198e+21 1.875581615738744996e+21
4.539736171291814134e+21 4.166009249825684455e+21 3.822768504120110219e+21 3.507538784600973115e+21 3.218195208893282386e+21 2.952601897072154116e+21 2.708931933835707810e+21 2.485405693748126417e+21 2.280402406533464326e+21 2.092392644422291423e+21 1.956160839219481674e+21 1.875581615738744209e+21
4.539736171291814658e+21 4.166009249825683407e+21 3.822768504120110744e+21 3.507538784600973640e+21 3.218195208893282386e+21 2.952601897072154116e+21 2.708931933835707286e+21 2.485405693748126417e+21 2.280402406533464064e+21 2.092392644422291423e+21 1.956160839219481674e+21 1.875581615738743423e+21
4.539736171291814658e+21 4.166009249825682883e+21 3.822768504120109695e+21 3.507538784600973115e+21 3.218195208893282386e+21 2.952601897072154116e+21 2.708931933835708334e+21 2.485405693748126417e+21 2.280402406533463540e+21 2.092392644422290637e+21 1.956160839219481936e+21 1.875581615738743423e+21
4.539736171291815182e+21 4.166009249825683407e+21 3.822768504120109695e+21 3.507538784600973115e+21 3.218195208893282386e+21 2.952601897072154640e+21 2.708931933835707810e+21 2.485405693748125368e+21 2.280402406533463540e+21 2.092392644422290113e+21 1.956160839219481674e+21 1.875581615738743423e+21
4.539736171291815707e+21 4.166009249825682883e+21 3.822768504120110219e+21 3.507538784600973115e+21 3.218195208893282386e+21 2.952601897072154116e+21 2.708931933835706761e+21 2.485405693748125368e+21 2.280402406533463802e+21 2.092392644422290899e+21 1.956160839219482198e+21 1.875581615738743685e+21
4.539736171291816755e+21 4.166009249825682883e+21 3.822768504120110219e+21 3.507538784600973115e+21 3.218195208893281862e+21 2.952601897072153592e+21 2.708931933835706237e+21 2.485405693748125893e+21 2.280402406533463802e+21 2.092392644422290375e+21 1.956160839219482198e+21 1.875581615738744472e+21
4.539736171291815707e+21 4.166009249825682883e+21 3.822768504120110744e+21 3.507538784600974164e+21 3.218195208893282386e+21 2.952601897072154116e+21 2.708931933835706237e+21 2.485405693748125893e+21 2.280402406533463278e+21 2.092392644422290637e+21 1.956160839219482460e+21 1.875581615738744472e+21
4.539736171291815707e+21 4.166009249825682358e+21 3.822768504120110219e+21 3.507538784600976261e+21 3.218195208893282386e+21 2.952601897072153592e+21 2.708931933835706237e+21 2.485405693748125893e+21 2.280402406533463015e+21 2.092392644422290637e+21 1.956160839219482722e+21 1.875581615738743947e+21
4.539736171291815182e+21 4.166009249825683407e+21 3.822768504120109695e+21 3.507538784600976261e+21 3.218195208893281862e+21 2.952601897072153592e+21 2.708931933835706761e+21 2.485405693748125893e+21 2.280402406533463015e+21 2.092392644422290375e+21 1.956160839219482722e+21 1.875581615738743685e+21
4.539736171291815707e+21 4.166009249825685504e+21 3.822768504120109695e+21 3.507538784600975737e+21 3.218195208893281862e+21 2.952601897072152543e+21 2.708931933835706237e+21 2.485405693748125893e+21 2.280402406533463278e+21 2.092392644422290637e+21 1.956160839219481674e+21 1.875581615738743685e+21
4.539736171291815707e+21 4.166009249825685504e+21 3.822768504120110744e+21 3.507538784600976261e+21 3.218195208893282386e+21 2.952601897072152543e+21 2.708931933835706761e+21 2.485405693748126417e+21 2.280402406533463278e+21 2.092392644422290637e+21 1.956160839219481412e+21 1.875581615738743423e+21
4.539736171291814658e+21 4.166009249825685504e+21 3.822768504120111792e+21 3.507538784600976785e+21 3.218195208893281862e+21 2.952601897072152543e+21 2.708931933835707810e+21 2.485405693748126941e+21 2.280402406533462753e+21 2.092392644422290375e+21 1.956160839219481936e+21 1.875581615738743161e+21
4.539736171291814658e+21 4.166009249825684980e+21 3.822768504120110744e+21 3.507538784600976785e+21 3.218195208893281862e+21 2.952601897072152543e+21 2.708931933835707286e+21 2.485405693748127465e+21 2.280402406533462753e+21 2.092392644422290899e+21 1.956160839219481674e+21 1.875581615738743161e+21
4.539736171291813609e+21 4.166009249825684455e+21 3.822768504120110219e+21 3.507538784600976785e+21 3.218195208893282386e+21 2.952601897072152543e+21 2.708931933835707286e+21 2.485405693748127465e+21 2.280402406533462491e+21 2.092392644422290637e+21 1.956160839219482460e+21 1.875581615738742637e+21
4.539736171291813609e+21 4.166009249825685504e+21 3.822768504120111792e+21 3.507538784600976785e+21 3.218195208893281337e+21 2.952601897072152543e+21 2.708931933835707286e+21 2.485405693748126941e+21 2.280402406533462753e+21 2.092392644422290375e+21 1.956160839219481936e+21 1.875581615738742637e+21
4.539736171291812561e+21 4.166009249825687077e+21 3.822768504120111792e+21 3.507538784600977310e+21 3.218195208893281862e+21 2.952601897072153068e+21 2.708931933835707286e+21 2.485405693748127465e+21 2.280402406533463278e+21 2.092392644422290375e+21 1.956160839219481936e+21 1.875581615738743161e+21
4.539736171291813609e+21 4.166009249825686553e+21 3.822768504120111268e+21 3.507538784600978358e+21 3.218195208893281862e+21 2.952601897072152543e+21 2.708931933835706237e+21 2.485405693748128514e+21 2.280402406533462491e+21 2.092392644422289850e+21 1.956160839219481674e+21 1.875581615738743685e+21
4.539736171291814134e+21 4.166009249825686553e+21 3.822768504120112316e+21 3.507538784600979931e+21 3.218195208893281337e+21 2.952601897072153068e+21 2.708931933835705713e+21 2.485405693748128514e+21 2.280402406533462229e+21 2.092392644422289326e+21 1.956160839219480887e+21 1.875581615738743947e+21
4.539736171291813609e+21 4.166009249825685504e+21 3.822768504120111792e+21 3.507538784600979407e+21 3.218195208893281337e+21 2.952601897072153592e+21 2.708931933835705713e+21 2.485405693748127990e+21 2.280402406533462229e+21 2.092392644422288540e+21 1.956160839219481149e+21 1.875581615738743423e+21
4.539736171291813085e+21 4.166009249825685504e+21 3.822768504120111792e+21 3.507538784600977834e+21 3.218195208893281337e+21 2.952601897072153068e+21 2.708931933835706237e+21 2.485405693748127990e+21 2.280402406533462491e+21 2.092392644422288278e+21 1.956160839219480887e+21 1.875581615738742899e+21
4.539736171291813085e+21 4.166009249825685504e+21 3.822768504120111268e+21 3.507538784600976261e+21 3.218195208893281337e+21 2.952601897072152543e+21 2.708931933835706237e+21 2.485405693748127990e+21 2.280402406533463015e+21 2.092392644422287753e+21 1.956160839219480887e+21 1.875581615738742899e+21
4.539736171291812037e+21 4.166009249825684980e+21 3.822768504120112316e+21 3.507538784600975737e+21 3.218195208893282386e+21 2.952601897072153068e+21 2.708931933835706237e+21 2.485405693748127465e+21 2.280402406533463278e+21 2.092392644422287753e+21 1.956160839219480625e+21 1.875581615738743685e+21
4.539736171291811512e+21 4.166009249825686028e+21 3.822768504120112316e+21 3.507538784600976785e+21 3.218195208893281337e+21 2.952601897072153068e+21 2.708931933835706761e+21 2.485405693748127990e+21 2.280402406533462753e+21 2.092392644422287753e+21 1.956160839219480625e+21 1.875581615738743947e+21
4.539736171291812037e+21 4.166009249825686028e+21 3.822768504120113365e+21 3.507538784600975737e+21 3.218195208893281337e+21 2.952601897072153592e+21 2.708931933835707286e+21 2.485405693748127990e+21 2.280402406533463278e+21 2.092392644422288540e+21 1.956160839219480625e+21 1.875581615738744472e+21
4.539736171291811512e+21 4.166009249825685504e+21 3.822768504120114938e+21 3.507538784600975213e+21 3.218195208893281337e+21 2.952601897072153592e+21 2.708931933835707810e+21 2.485405693748127990e+21 2.280402406533463278e+21 2.092392644422289064e+21 1.956160839219480625e+21 1.875581615738744209e+21
4.539736171291811512e+21 4.166009249825685504e+21 3.822768504120115462e+21 3.507538784600975737e+21 3.218195208893281337e+21 2.952601897072153592e+21 2.708931933835708334e+21 2.485405693748128514e+21 2.280402406533463278e+21 2.092392644422288278e+21 1.956160839219480625e+21 1.875581615738744472e+21
4.539736171291812561e+21 4.166009249825686028e+21 3.822768504120115986e+21 3.507538784600975213e+21 3.218195208893280289e+21 2.952601897072153592e+21 2.708931933835708334e+21 2.485405693748128514e+21 2.280402406533464064e+21 2.092392644422288278e+21 1.956160839219480887e+21 1.875581615738744209e+21
4.539736171291812561e+21 4.166009249825687077e+21 3.822768504120115986e+21 3.507538784600974688e+21 3.218195208893280289e+21 2.952601897072153068e+21 2.708931933835707810e+21 2.485405693748127990e+21 2.280402406533464850e+21 2.092392644422288015e+21 1.956160839219481412e+21 1.875581615738744472e+21
4.539736171291812561e+21 4.166009249825686553e+21 3.822768504120115462e+21 3.507538784600974164e+21 3.218195208893280289e+21 2.952601897072152543e+21 2.708931933835707810e+21 2.485405693748127990e+21 2.280402406533464588e+21 2.092392644422288015e+21 1.956160839219481412e+21 1.875581615738744996e+21
4.539736171291813085e+21 4.166009249825685504e+21 3.822768504120115986e+21 3.507538784600973640e+21 3.218195208893279764e+21 2.952601897072152019e+21 2.708931933835707286e+21 2.485405693748127465e+21 2.280402406533464850e+21 2.092392644422288278e+21 1.956160839219481674e+21 1.875581615738744472e+21
4.539736171291813085e+21 4.166009249825685504e+21 3.822768504120116511e+21 3.507538784600975213e+21 3.218195208893279240e+21 2.952601897072152019e+21 2.708931933835707810e+21 2.485405693748127465e+21 2.280402406533464326e+21 2.092392644422288802e+21 1.956160839219480887e+21 1.875581615738744209e+21
4.539736171291813609e+21 4.166009249825686028e+21 3.822768504120115986e+21 3.507538784600974164e+21 3.218195208893279240e+21 2.952601897072152019e+21 2.708931933835708334e+21 2.485405693748127465e+21 2.280402406533464588e+21 2.092392644422289326e+21 1.956160839219480625e+21 1.875581615738744734e+21
4.539736171291814134e+21 4.166009249825687077e+21 3.822768504120117035e+21 3.507538784600974688e+21 3.218195208893279240e+21 2.952601897072151495e+21 2.708931933835708334e+21 2.485405693748127465e+21 2.280402406533464850e+21 2.092392644422289064e+21 1.956160839219480887e+21 1.875581615738745782e+21
4.539736171291815182e+21 4.166009249825686028e+21 3.822768504120117559e+21 3.507538784600975213e+21 3.218195208893279240e+21 2.952601897072151495e+21 2.708931933835708334e+21 2.485405693748126941e+21 2.280402406533464850e+21 2.092392644422289326e+21 1.956160839219481936e+21 1.875581615738746044e+21
4.539736171291814134e+21 4.166009249825686553e+21 3.822768504120118608e+21 3.507538784600975737e+21 3.218195208893279240e+21 2.952601897072151495e+21 2.708931933835708334e+21 2.485405693748126941e+21 2.280402406533464326e+21 2.092392644422289588e+21 1.956160839219482198e+21 1.875581615738745782e+21
4.539736171291813609e+21 4.166009249825685504e+21 3.822768504120118608e+21 3.507538784600975737e+21 3.218195208893279764e+21 2.952601897072152543e+21 2.708931933835708334e+21 2.485405693748126941e+21 2.280402406533464588e+21 2.092392644422289588e+21 1.956160839219482460e+21 1.875581615738746307e+21
4.539736171291813609e+21 4.166009249825685504e+21 3.822768504120118608e+21 3.507538784600975213e+21 3.218195208893279240e+21 2.952601897072152019e+21 2.708931933835707810e+21 2.485405693748126941e+21 2.280402406533464326e+21 2.092392644422289064e+21 1.956160839219481674e+21 1.875581615738746569e+21
4.539736171291813609e+21 4.166009249825686553e+21 3.822768504120117559e+21 3.507538784600973115e+21 3.218195208893279240e+21 2.952601897072152543e+21 2.708931933835707286e+21 2.485405693748126417e+21 2.280402406533464326e+21 2.092392644422289326e+21 1.956160839219482198e+21 1.875581615738747093e+21
4.539736171291812561e+21 4.166009249825686553e+21 3.822768504120116511e+21 3.507538784600973640e+21 3.218195208893280289e+21 2.952601897072152543e+21 2.708931933835707286e+21 2.485405693748125893e+21 2.280402406533463802e+21 2.092392644422288802e+21 1.956160839219482460e+21 1.875581615738746569e+21
4.539736171291813085e+21 4.166009249825687077e+21 3.822768504120116511e+21 3.507538784600973115e+21 3.218195208893279240e+21 2.952601897072152019e+21 2.708931933835707286e+21 2.485405693748126417e+21 2.280402406533463278e+21 2.092392644422288802e+21 1.956160839219482460e+21 1.875581615738746831e+21
4.539736171291812561e+21 4.166009249825687601e+21 3.822768504120116511e+21 3.507538784600973115e+21 3.218195208893279240e+21 2.952601897072151495e+21 2.708931933835706761e+21 2.485405693748126941e+21 2.280402406533463015e+21 2.092392644422288802e+21 1.956160839219481936e+21 1.875581615738747355e+21
4.539736171291812037e+21 4.166009249825687601e+21 3.822768504120116511e+21 3.507538784600973115e+21 3.218195208893279240e+21 2.952601897072151495e+21 2.708931933835706237e+21 2.485405693748126417e+21 2.280402406533463278e+21 2.092392644422289588e+21 1.956160839219482460e+21 1.875581615738747617e+21
4.539736171291810464e+21 4.166009249825688125e+21 3.822768504120116511e+21 3.507538784600973115e+21 3.218195208893279240e+21 2.952601897072150446e+21 2.708931933835706237e+21 2.485405693748126417e+21 2.280402406533462753e+21 2.092392644422289588e+21 1.956160839219482722e+21 1.875581615738747355e+21
4.539736171291810464e+21 4.166009249825688650e+21 3.822768504120117559e+21 3.507538784600972591e+21 3.218195208893279240e+21 2.952601897072150446e+21 2.708931933835706237e+21 2.485405693748125893e+21 2.280402406533462753e+21 2.092392644422289588e+21 1.956160839219482984e+21 1.875581615738747617e+21
4.539736171291810464e+21 4.166009249825688125e+21 3.822768504120117559e+21 3.507538784600973640e+21 3.218195208893279240e+21 2.952601897072150446e+21 2.708931933835706761e+21 2.485405693748126417e+21 2.280402406533463278e+21 2.092392644422289326e+21 1.956160839219482984e+21 1.875581615738748142e+21
4.539736171291809415e+21 4.166009249825688125e+21 3.822768504120117559e+21 3.507538784600973640e+21 3.218195208893279240e+21 2.952601897072150446e+21 2.708931933835706761e+21 2.485405693748126417e+21 2.280402406533463278e+21 2.092392644422289588e+21 1.956160839219482984e+21 1.875581615738748142e+21
4.539736171291809415e+21 4.166009249825688125e+21 3.822768504120118608e+21 3.507538784600973115e+21 3.218195208893279240e+21 2.952601897072150446e+21 2.708931933835707286e+21 2.485405693748126941e+21 2.280402406533463278e+21 2.092392644422289850e+21 1.956160839219482722e+21 1.875581615738747879e+21
4.539736171291809939e+21 4.166009249825688650e+21 3.822768504120119132e+21 3.507538784600972591e+21 3.218195208893279240e+21 2.952601897072149922e+21 2.708931933835707286e+21 2.485405693748126941e+21 2.280402406533463278e+21 2.092392644422290113e+21 1.956160839219482984e+21 1.875581615738747617e+21
4.539736171291809939e+21 4.166009249825689698e+21 3.822768504120119656e+21 3.507538784600972067e+21 3.218195208893278192e+21 2.952601897072149398e+21 2.708931933835707286e+21 2.485405693748126417e+21 2.280402406533463278e+21 2.092392644422289850e+21 1.956160839219482722e+21 1.875581615738747355e+21
4.539736171291809939e+21 4.166009249825689174e+21 3.822768504120120181e+21 3.507538784600972067e+21 3.218195208893278192e+21 2.952601897072148873e+21 2.708931933835707286e+21 2.485405693748126417e+21 2.280402406533463015e+21 2.092392644422289326e+21 1.956160839219482460e+21 1.875581615738746831e+21
4.539736171291810464e+21 4.166009249825690223e+21 3.822768504120119656e+21 3.507538784600971543e+21 3.218195208893278192e+21 2.952601897072148349e+21 2.708931933835706761e+21 2.485405693748125893e+21 2.280402406533463015e+21 2.092392644422289850e+21 1.956160839219482460e+21 1.875581615738746569e+21
4.539736171291809939e+21 4.166009249825690223e+21 3.822768504120119656e+21 3.507538784600973115e+21 3.218195208893278192e+21 2.952601897072148349e+21 2.708931933835707286e+21 2.485405693748125893e+21 2.280402406533463015e+21 2.092392644422289588e+21 1.956160839219482460e+21 1.875581615738746831e+21
4.539736171291810464e+21 4.166009249825690223e+21 3.822768504120120181e+21 3.507538784600972591e+21 3.218195208893278192e+21 2.952601897072148349e+21 2.708931933835708334e+21 2.485405693748125893e+21 2.280402406533463278e+21 2.092392644422290375e+21 1.956160839219482722e+21 1.875581615738747355e+21
4.539736171291810464e+21 4.166009249825691271e+21 3.822768504120120181e+21 3.507538784600972067e+21 3.218195208893278192e+21 2.952601897072148873e+21 2.708931933835707286e+21 2.485405693748126417e+21 2.280402406533463540e+21 2.092392644422290375e+21 1.956160839219482984e+21 1.875581615738747093e+21
4.539736171291809415e+21 4.166009249825690747e+21 3.822768504120120705e+21 3.507538784600971018e+21 3.218195208893278192e+21 2.952601897072149398e+21 2.708931933835707286e+21 2.485405693748125893e+21 2.280402406533463540e+21 2.092392644422289850e+21 1.956160839219482984e+21 1.875581615738747093e+21
4.539736171291808891e+21 4.166009249825691271e+21 3.822768504120121754e+21 3.507538784600971018e+21 3.218195208893278192e+21 2.952601897072148873e+21 2.708931933835707286e+21 2.485405693748125893e+21 2.280402406533463540e+21 2.092392644422289850e+21 1.956160839219483509e+21 1.875581615738746831e+21
4.539736171291809939e+21 4.166009249825690223e+21 3.822768504120122278e+21 3.507538784600972067e+21 3.218195208893277667e+21 2.952601897072147825e+21 2.708931933835707286e+21 2.485405693748125368e+21 2.280402406533463802e+21 2.092392644422289850e+21 1.956160839219483247e+21 1.875581615738746569e+21
4.539736171291810464e+21 4.166009249825690223e+21 3.822768504120121754e+21 3.507538784600969970e+21 3.218195208893277667e+21 2.952601897072147825e+21 2.708931933835707286e+21 2.485405693748125368e+21 2.280402406533463540e+21 2.092392644422289850e+21 1.956160839219483509e+21 1.875581615738747093e+21
4.539736171291810464e+21 4.166009249825691271e+21 3.822768504120122278e+21 3.507538784600969445e+21 3.218195208893278192e+21 2.952601897072147300e+21 2.708931933835707286e+21 2.485405693748124844e+21 2.280402406533463278e+21 2.092392644422290113e+21 1.956160839219483771e+21 1.875581615738747617e+21
4.539736171291809939e+21 4.166009249825691795e+21 3.822768504120123326e+21 3.507538784600967873e+21 3.218195208893278716e+21 2.952601897072147300e+21 2.708931933835706237e+21 2.485405693748124320e+21 2.280402406533463278e+21 2.092392644422289588e+21 1.956160839219484295e+21 1.875581615738747093e+21
4.539736171291808891e+21 4.166009249825690747e+21 3.822768504120122278e+21 3.507538784600966824e+21 3.218195208893279764e+21 2.952601897072147300e+21 2.708931933835706237e+21 2.485405693748124844e+21 2.280402406533463540e+21 2.092392644422289326e+21 1.956160839219484295e+21 1.875581615738747093e+21
4.539736171291808891e+21 4.166009249825691795e+21 3.822768504120123851e+21 3.507538784600965775e+21 3.218195208893280289e+21 2.952601897072147300e+21 2.708931933835707286e+21 2.485405693748125368e+21 2.280402406533463802e+21 2.092392644422289326e+21 1.956160839219484557e+21 1.875581615738747093e+21
4.539736171291809415e+21 4.166009249825692844e+21 3.822768504120123851e+21 3.507538784600965251e+21 3.218195208893280289e+21 2.952601897072147300e+21 2.708931933835707286e+21 2.485405693748125368e+21 2.280402406533463802e+21 2.092392644422289588e+21 1.956160839219484819e+21 1.875581615738747617e+21
4.539736171291809939e+21 4.166009249825693893e+21 3.822768504120123851e+21 3.507538784600964202e+21 3.218195208893279764e+21 2.952601897072147300e+21 2.708931933835707286e+21 2.485405693748125893e+21 2.280402406533464588e+21 2.092392644422290113e+21 1.956160839219485082e+21 1.875581615738747093e+21
4.539736171291809939e+21 4.166009249825692844e+21 3.822768504120123851e+21 3.507538784600964727e+21 3.218195208893279764e+21 2.952601897072147300e+21 2.708931933835707286e+21 2.485405693748126417e+21 2.280402406533464326e+21 2.092392644422289850e+21 1.956160839219485082e+21 1.875581615738747093e+21
4.539736171291809939e+21 4.166009249825691795e+21 3.822768504120123851e+21 3.507538784600964202e+21 3.218195208893279764e+21 2.952601897072146776e+21 2.708931933835708334e+21 2.485405693748126417e+21 2.280402406533463802e+21 2.092392644422289850e+21 1.956160839219484819e+21 1.875581615738746307e+21
4.539736171291812037e+21 4.166009249825691795e+21 3.822768504120125424e+21 3.507538784600963678e+21 3.218195208893279764e+21 2.952601897072147300e+21 2.708931933835708334e+21 2.485405693748125893e+21 2.280402406533464064e+21 2.092392644422290637e+21 1.956160839219484557e+21 1.875581615738746569e+21
4.539736171291812037e+21 4.166009249825691795e+21 3.822768504120125424e+21 3.507538784600963678e+21 3.218195208893279240e+21 2.952601897072147825e+21 2.708931933835708334e+21 2.485405693748125368e+21 2.280402406533463802e+21 2.092392644422290375e+21 1.956160839219484295e+21 1.875581615738746569e+21
4.539736171291812561e+21 4.166009249825692844e+21 3.822768504120123851e+21 3.507538784600964202e+21 3.218195208893279764e+21 2.952601897072147825e+21 2.708931933835708334e+21 2.485405693748125893e+21 2.280402406533463802e+21 2.092392644422290637e+21 1.956160839219484557e+21 1.875581615738746307e+21
4.539736171291813085e+21 4.166009249825692320e+21 3.822768504120123326e+21 3.507538784600963154e+21 3.218195208893279240e+21 2.952601897072148349e+21 2.708931933835708334e+21 2.485405693748125893e+21 2.280402406533464064e+21 2.092392644422290637e+21 1.956160839219484557e+21 1.875581615738746044e+21
4.539736171291813609e+21 4.166009249825692844e+21 3.822768504120123851e+21 3.507538784600963678e+21 3.218195208893279764e+21 2.952601897072147825e+21 2.708931933835708334e+21 2.485405693748125893e+21 2.280402406533464064e+21 2.092392644422290899e+21 1.956160839219484295e+21 1.875581615738746044e+21
4.539736171291813085e+21 4.166009249825692844e+21 3.822768504120123326e+21 3.507538784600964202e+21 3.218195208893280289e+21 2.952601897072147825e+21 2.708931933835708334e+21 2.485405693748126417e+21 2.280402406533463802e+21 2.092392644422290899e+21 1.956160839219484295e+21 1.875581615738745782e+21
4.539736171291813609e+21 4.166009249825692320e+21 3.822768504120123326e+21 3.507538784600963678e+21 3.218195208893280289e+21 2.952601897072147825e+21 2.708931933835708334e+21 2.485405693748126417e+21 2.280402406533464064e+21 2.092392644422290637e+21 1.956160839219484295e+21 1.875581615738745520e+21
4.539736171291813085e+21 4.166009249825691795e+21 3.822768504120123326e+21 3.507538784600965251e+21 3.218195208893280289e+21 2.952601897072147825e+21 2.708931933835707810e+21 2.485405693748125893e+21 2.280402406533463278e+21 2.092392644422290899e+21 1.956160839219484557e+21 1.875581615738745520e+21
4.539736171291814134e+21 4.166009249825691795e+21 3.822768504120123851e+21 3.507538784600964727e+21 3.218195208893281337e+21 2.952601897072147825e+21 2.708931933835707810e+21 2.485405693748125893e+21 2.280402406533463015e+21 2.092392644422290899e+21 1.956160839219484295e+21 1.875581615738745520e+21
4.539736171291814134e+21 4.166009249825691795e+21 3.822768504120123326e+21 3.507538784600964202e+21 3.218195208893281337e+21 2.952601897072148349e+21 2.708931933835708334e+21 2.485405693748125893e+21 2.280402406533463802e+21 2.092392644422290637e+21 1.956160839219484295e+21 1.875581615738744996e+21
4.539736171291814658e+21 4.166009249825690747e+21 3.822768504120123851e+21 3.507538784600965251e+21 3.218195208893281337e+21 2.952601897072148349e+21 2.708931933835708334e+21 2.485405693748125368e+21 2.280402406533463540e+21 2.092392644422290899e+21 1.956160839219485082e+21 1.875581615738744734e+21
4.539736171291814658e+21 4.166009249825691271e+21 3.822768504120123326e+21 3.507538784600964727e+21 3.218195208893281862e+21 2.952601897072148349e+21 2.708931933835708334e+21 2.485405693748125368e+21 2.280402406533464064e+21 2.092392644422290899e+21 1.956160839219485082e+21 1.875581615738744472e+21
4.539736171291815707e+21 4.166009249825691795e+21 3.822768504120123326e+21 3.507538784600964202e+21 3.218195208893282386e+21 2.952601897072148349e+21 2.708931933835707810e+21 2.485405693748124320e+21 2.280402406533464064e+21 2.092392644422291161e+21 1.956160839219484557e+21 1.875581615738744472e+21
4.539736171291815182e+21 4.166009249825691795e+21 3.822768504120124375e+21 3.507538784600964202e+21 3.218195208893281862e+21 2.952601897072148349e+21 2.708931933835707810e+21 2.485405693748124320e+21 2.280402406533463540e+21 2.092392644422290375e+21 1.956160839219485082e+21 1.875581615738744734e+21
4.539736171291815182e+21 4.166009249825692320e+21 3.822768504120124375e+21 3.507538784600965775e+21 3.218195208893281862e+21 2.952601897072148873e+21 2.708931933835707810e+21 2.485405693748123795e+21 2.280402406533464326e+21 2.092392644422290899e+21 1.956160839219485606e+21 1.875581615738744734e+21
4.539736171291814658e+21 4.166009249825692844e+21 3.822768504120123851e+21 3.507538784600965775e+21 3.218195208893281862e+21 2.952601897072149398e+21 2.708931933835707810e+21 2.485405693748122747e+21 2.280402406533464326e+21 2.092392644422290899e+21 1.956160839219486130e+21 1.875581615738744996e+21
4.539736171291814134e+21 4.166009249825691795e+21 3.822768504120122802e+21 3.507538784600966300e+21 3.218195208893282386e+21 2.952601897072149398e+21 2.708931933835708858e+21 2.485405693748122223e+21 2.280402406533464326e+21 2.092392644422291423e+21 1.956160839219486392e+21 1.875581615738744996e+21
4.539736171291813609e+21 4.166009249825691795e+21 3.822768504120124375e+21 3.507538784600965775e+21 3.218195208893282386e+21 2.952601897072149398e+21 2.708931933835709383e+21 2.485405693748121698e+21 2.280402406533464588e+21 2.092392644422291161e+21 1.956160839219486392e+21 1.875581615738745258e+21
4.539736171291813609e+21 4.166009249825691271e+21 3.822768504120124899e+21 3.507538784600965775e+21 3.218195208893282386e+21 2.952601897072149398e+21 2.708931933835708858e+21 2.485405693748121698e+21 2.280402406533464326e+21 2.092392644422291161e+21 1.956160839219486392e+21 1.875581615738744996e+21
4.539736171291813609e+21 4.166009249825691271e+21 3.822768504120124899e+21 3.507538784600965251e+21 3.218195208893281862e+21 2.952601897072148349e+21 2.708931933835708334e+21 2.485405693748121698e+21 2.280402406533464588e+21 2.092392644422290637e+21 1.956160839219486130e+21 1.875581615738744734e+21
4.539736171291812561e+21 4.166009249825691271e+21 3.822768504120123326e+21 3.507538784600965775e+21 3.218195208893281862e+21 2.952601897072148349e+21 2.708931933835708858e+21 2.485405693748121174e+21 2.280402406533465113e+21 2.092392644422290899e+21 1.956160839219485868e+21 1.875581615738744996e+21
4.539736171291812561e+21 4.166009249825690747e+21 3.822768504120123851e+21 3.507538784600965251e+21 3.218195208893282386e+21 2.952601897072147300e+21 2.708931933835709383e+21 2.485405693748121174e+21 2.280402406533465375e+21 2.092392644422290899e+21 1.956160839219485868e+21 1.875581615738744734e+21
4.539736171291813085e+21 4.166009249825690747e+21 3.822768504120123851e+21 3.507538784600965251e+21 3.218195208893282386e+21 2.952601897072148349e+21 2.708931933835709907e+21 2.485405693748121174e+21 2.280402406533465899e+21 2.092392644422291161e+21 1.956160839219486654e+21 1.875581615738744472e+21
4.539736171291811512e+21 4.166009249825691271e+21 3.822768504120123326e+21 3.507538784600966300e+21 3.218195208893281862e+21 2.952601897072147825e+21 2.708931933835710431e+21 2.485405693748121174e+21 2.280402406533465637e+21 2.092392644422291161e+21 1.956160839219487179e+21 1.875581615738744734e+21
4.539736171291812037e+21 4.166009249825689698e+21 3.822768504120124899e+21 3.507538784600967348e+21 3.218195208893280813e+21 2.952601897072148349e+21 2.708931933835710431e+21 2.485405693748121698e+21 2.280402406533465899e+21 2.092392644422290637e+21 1.956160839219486917e+21 1.875581615738744996e+21
4.539736171291812037e+21 4.166009249825689174e+21 3.822768504120124375e+21 3.507538784600966824e+21 3.218195208893281337e+21 2.952601897072148873e+21 2.708931933835711480e+21 2.485405693748121174e+21 2.280402406533466161e+21 2.092392644422290637e+21 1.956160839219486917e+21 1.875581615738744996e+21
4.539736171291812037e+21 4.166009249825689174e+21 3.822768504120125424e+21 3.507538784600966300e+21 3.218195208893280813e+21 2.952601897072149398e+21 2.708931933835712528e+21 2.485405693748121698e+21 2.280402406533465899e+21 2.092392644422290899e+21 1.956160839219486130e+21 1.875581615738745258e+21
4.539736171291812561e+21 4.166009249825688650e+21 3.822768504120125424e+21 3.507538784600966300e+21 3.218195208893280813e+21 2.952601897072148873e+21 2.708931933835712528e+21 2.485405693748121174e+21 2.280402406533466423e+21 2.092392644422291948e+21 1.956160839219486392e+21 1.875581615738745520e+21
4.539736171291812561e+21 4.166009249825688125e+21 3.822768504120125424e+21 3.507538784600967873e+21 3.218195208893279764e+21 2.952601897072149398e+21 2.708931933835712004e+21 2.485405693748120650e+21 2.280402406533466685e+21 2.092392644422291948e+21 1.956160839219485868e+21 1.875581615738744996e+21
4.539736171291814134e+21 4.166009249825688650e+21 3.822768504120125948e+21 3.507538784600968397e+21 3.218195208893280289e+21 2.952601897072149922e+21 2.708931933835712528e+21 2.485405693748121174e+21 2.280402406533466161e+21 2.092392644422292472e+21 1.956160839219485606e+21 1.875581615738745258e+21
4.539736171291814658e+21 4.166009249825689698e+21 3.822768504120125948e+21 3.507538784600967873e+21 3.218195208893280289e+21 2.952601897072149922e+21 2.708931933835712004e+21 2.485405693748121174e+21 2.280402406533465899e+21 2.092392644422292210e+21 1.956160839219485082e+21 1.875581615738745520e+21
4.539736171291815182e+21 4.166009249825689174e+21 3.822768504120125948e+21 3.507538784600967348e+21 3.218195208893279764e+21 2.952601897072150446e+21 2.708931933835712004e+21 2.485405693748121174e+21 2.280402406533465637e+21 2.092392644422292210e+21 1.956160839219485344e+21 1.875581615738745520e+21
4.539736171291815707e+21 4.166009249825688125e+21 3.822768504120126996e+21 3.507538784600966824e+21 3.218195208893280289e+21 2.952601897072149398e+21 2.708931933835713577e+21 2.485405693748121174e+21 2.280402406533465899e+21 2.092392644422292210e+21 1.956160839219485606e+21 1.875581615738745258e+21
4.539736171291814658e+21 4.166009249825687077e+21 3.822768504120128569e+21 3.507538784600967348e+21 3.218195208893279764e+21 2.952601897072148873e+21 2.708931933835713577e+21 2.485405693748121174e+21 2.280402406533465637e+21 2.092392644422292472e+21 1.956160839219485344e+21 1.875581615738746044e+21
4.539736171291813609e+21 4.166009249825687077e+21 3.822768504120129618e+21 3.507538784600967348e+21 3.218195208893279240e+21 2.952601897072149398e+21 2.708931933835714101e+21 2.485405693748120650e+21 2.280402406533465899e+21 2.092392644422292996e+21 1.956160839219485868e+21 1.875581615738746307e+21
4.539736171291815182e+21 4.166009249825686553e+21 3.822768504120129618e+21 3.507538784600966300e+21 3.218195208893278716e+21 2.952601897072149922e+21 2.708931933835715150e+21 2.485405693748120650e+21 2.280402406533465899e+21 2.092392644422292734e+21 1.956160839219485606e+21 1.875581615738746307e+21
4.539736171291814658e+21 4.166009249825686028e+21 3.822768504120128569e+21 3.507538784600965775e+21 3.218195208893279240e+21 2.952601897072149922e+21 2.708931933835714101e+21 2.485405693748120650e+21 2.280402406533466423e+21 2.092392644422292996e+21 1.956160839219485606e+21 1.875581615738747355e+21
4.539736171291814134e+21 4.166009249825684455e+21 3.822768504120128045e+21 3.507538784600965251e+21 3.218195208893279764e+21 2.952601897072150970e+21 2.708931933835713577e+21 2.485405693748120650e+21 2.280402406533466423e+21 2.092392644422292472e+21 1.956160839219485606e+21 1.875581615738748142e+21
4.539736171291813609e+21 4.166009249825685504e+21 3.822768504120128569e+21 3.507538784600965775e+21 3.218195208893280289e+21 2.952601897072150446e+21 2.708931933835713577e+21 2.485405693748120650e+21 2.280402406533466948e+21 2.092392644422291948e+21 1.956160839219486130e+21 1.875581615738748142e+21
4.539736171291814658e+21 4.166009249825685504e+21 3.822768504120128569e+21 3.507538784600965775e+21 3.218195208893280813e+21 2.952601897072149922e+21 2.708931933835712528e+21 2.485405693748120650e+21 2.280402406533467734e+21 2.092392644422291685e+21 1.956160839219485868e+21 1.875581615738747879e+21
4.539736171291815182e+21 4.166009249825684980e+21 3.822768504120130142e+21 3.507538784600965775e+21 3.218195208893280813e+21 2.952601897072149398e+21 2.708931933835712528e+21 2.485405693748121174e+21 2.280402406533467734e+21 2.092392644422291423e+21 1.956160839219485868e+21 1.875581615738747879e+21
4.539736171291814658e+21 4.166009249825683931e+21 3.822768504120130142e+21 3.507538784600966300e+21 3.218195208893280289e+21 2.952601897072149922e+21 2.708931933835712528e+21 2.485405693748121174e+21 2.280402406533467734e+21 2.092392644422291948e+21 1.956160839219485868e+21 1.875581615738747617e+21
4.539736171291814658e+21 4.166009249825683407e+21 3.822768504120131191e+21 3.507538784600967873e+21 3.218195208893280813e+21 2.952601897072149398e+21 2.708931933835712528e+21 2.485405693748121174e+21 2.280402406533467210e+21 2.092392644422291685e+21 1.956160839219486392e+21 1.875581615738747617e+21
4.539736171291815707e+21 4.166009249825684455e+21 3.822768504120130142e+21 3.507538784600968397e+21 3.218195208893280289e+21 2.952601897072149922e+21 2.708931933835712528e+21 2.485405693748120650e+21 2.280402406533466685e+21 2.092392644422291948e+21 1.956160839219486654e+21 1.875581615738747093e+21
4.539736171291815707e+21 4.166009249825683931e+21 3.822768504120130666e+21 3.507538784600968921e+21 3.218195208893279240e+21 2.952601897072149922e+21 2.708931933835712004e+21 2.485405693748120650e+21 2.280402406533466948e+21 2.092392644422291948e+21 1.956160839219486392e+21 1.875581615738746831e+21
4.539736171291815707e+21 4.166009249825684980e+21 3.822768504120130142e+21 3.507538784600967873e+21 3.218195208893279240e+21 2.952601897072149922e+21 2.708931933835711480e+21 2.485405693748120125e+21 2.280402406533467210e+21 2.092392644422291948e+21 1.956160839219486392e+21 1.875581615738746831e+21
4.539736171291814658e+21 4.166009249825685504e+21 3.822768504120130666e+21 3.507538784600967873e+21 3.218195208893278192e+21 2.952601897072149922e+21 2.708931933835711480e+21 2.485405693748120125e+21 2.280402406533466948e+21 2.092392644422291685e+21 1.956160839219486654e+21 1.875581615738747355e+21
4.539736171291815182e+21 4.166009249825686028e+21 3.822768504120131191e+21 3.507538784600967348e+21 3.218195208893277667e+21 2.952601897072150446e+21 2.708931933835712004e+21 2.485405693748119601e+21 2.280402406533467210e+21 2.092392644422291423e+21 1.956160839219487179e+21 1.875581615738747355e+21
4.539736171291814658e+21 4.166009249825685504e+21 3.822768504120130666e+21 3.507538784600967873e+21 3.218195208893278192e+21 2.952601897072150446e+21 2.708931933835711480e+21 2.485405693748119601e+21 2.280402406533466948e+21 2.092392644422291423e+21 1.956160839219486654e+21 1.875581615738747093e+21
4.539736171291814658e+21 4.166009249825685504e+21 3.822768504120130666e+21 3.507538784600967348e+21 3.218195208893278716e+21 2.952601897072150446e+21 2.708931933835712004e+21 2.485405693748119601e+21 2.280402406533467210e+21 2.092392644422291685e+21 1.956160839219486654e+21 1.875581615738747355e+21
4.539736171291815707e+21 4.166009249825686553e+21 3.822768504120130666e+21 3.507538784600967348e+21 3.218195208893278192e+21 2.952601897072149922e+21 2.708931933835712004e+21 2.485405693748119077e+21 2.280402406533466685e+21 2.092392644422291685e+21 1.956160839219486654e+21 1.875581615738747617e+21
4.539736171291815707e+21 4.166009249825687077e+21 3.822768504120130666e+21 3.507538784600966824e+21 3.218195208893278192e+21 2.952601897072149922e+21 2.708931933835712528e+21 2.485405693748118553e+21 2.280402406533466685e+21 2.092392644422291161e+21 1.956160839219487179e+21 1.875581615738747617e+21
4.539736171291815707e+21 4.166009249825687077e+21 3.822768504120129094e+21 3.507538784600966300e+21 3.218195208893278192e+21 2.952601897072150446e+21 2.708931933835712528e+21 2.485405693748118553e+21 2.280402406533466161e+21 2.092392644422291161e+21 1.956160839219487179e+21 1.875581615738746831e+21
4.539736171291815707e+21 4.166009249825686028e+21 3.822768504120128569e+21 3.507538784600966824e+21 3.218195208893278192e+21 2.952601897072150446e+21 2.708931933835712004e+21 2.485405693748118553e+21 2.280402406533466423e+21 2.092392644422291948e+21 1.956160839219486917e+21 1.875581615738746831e+21
4.539736171291815182e+21 4.166009249825684455e+21 3.822768504120128045e+21 3.507538784600966824e+21 3.218195208893278192e+21 2.952601897072151495e+21 2.708931933835711480e+21 2.485405693748119077e+21 2.280402406533466161e+21 2.092392644422292472e+21 1.956160839219486654e+21 1.875581615738746569e+21
4.539736171291814134e+21 4.166009249825683407e+21 3.822768504120127521e+21 3.507538784600968921e+21 3.218195208893277667e+21 2.952601897072151495e+21 2.708931933835712004e+21 2.485405693748119077e+21 2.280402406533466161e+21 2.092392644422292210e+21 1.956160839219486654e+21 1.875581615738746307e+21
4.539736171291813609e+21 4.166009249825682883e+21 3.822768504120126996e+21 3.507538784600968921e+21 3.218195208893277667e+21 2.952601897072152019e+21 2.708931933835712004e+21 2.485405693748119077e+21 2.280402406533465899e+21 2.092392644422291948e+21 1.956160839219485868e+21 1.875581615738745520e+21
4.539736171291813609e+21 4.166009249825682358e+21 3.822768504120126996e+21 3.507538784600969445e+21 3.218195208893277667e+21 2.952601897072152019e+21 2.708931933835710956e+21 2.485405693748119077e+21 2.280402406533466161e+21 2.092392644422292734e+21 1.956160839219486392e+21 1.875581615738745258e+21
4.539736171291813609e+21 4.166009249825681310e+21 3.822768504120127521e+21 3.507538784600970494e+21 3.218195208893277143e+21 2.952601897072151495e+21 2.708931933835709907e+21 2.485405693748118028e+21 2.280402406533466423e+21 2.092392644422292734e+21 1.956160839219486654e+21 1.875581615738745520e+21
4.539736171291813609e+21 4.166009249825681834e+21 3.822768504120128045e+21 3.507538784600970494e+21 3.218195208893277143e+21 2.952601897072151495e+21 2.708931933835710431e+21 2.485405693748118028e+21 2.280402406533466685e+21 2.092392644422292734e+21 1.956160839219487179e+21 1.875581615738745520e+21
4.539736171291813609e+21 4.166009249825682358e+21 3.822768504120129094e+21 3.507538784600971018e+21 3.218195208893277143e+21 2.952601897072151495e+21 2.708931933835710956e+21 2.485405693748118553e+21 2.280402406533466423e+21 2.092392644422292996e+21 1.956160839219487441e+21 1.875581615738745782e+21
4.539736171291814658e+21 4.166009249825682358e+21 3.822768504120129094e+21 3.507538784600971018e+21 3.218195208893277143e+21 2.952601897072151495e+21 2.708931933835710956e+21 2.485405693748118028e+21 2.280402406533465899e+21 2.092392644422292996e+21 1.956160839219487441e+21 1.875581615738746569e+21
4.539736171291814658e+21 4.166009249825682358e+21 3.822768504120128569e+21 3.507538784600970494e+21 3.218195208893278192e+21 2.952601897072150970e+21 2.708931933835710956e+21 2.485405693748117504e+21 2.280402406533465899e+21 2.092392644422293520e+21 1.956160839219487179e+21 1.875581615738746044e+21
4.539736171291816231e+21 4.166009249825682358e+21 3.822768504120129094e+21 3.507538784600971543e+21 3.218195208893277667e+21 2.952601897072150970e+21 2.708931933835710431e+21 2.485405693748116980e+21 2.280402406533465637e+21 2.092392644422294045e+21 1.956160839219487703e+21 1.875581615738746044e+21
4.539736171291815707e+21 4.166009249825682883e+21 3.822768504120129094e+21 3.507538784600972067e+21 3.218195208893277143e+21 2.952601897072152019e+21 2.708931933835711480e+21 2.485405693748116980e+21 2.280402406533465375e+21 2.092392644422294045e+21 1.956160839219487965e+21 1.875581615738746307e+21
4.539736171291814658e+21 4.166009249825682358e+21 3.822768504120129094e+21 3.507538784600972591e+21 3.218195208893277143e+21 2.952601897072152543e+21 2.708931933835710956e+21 2.485405693748117504e+21 2.280402406533464850e+21 2.092392644422294307e+21 1.956160839219487965e+21 1.875581615738746044e+21
4.539736171291816755e+21 4.166009249825682883e+21 3.822768504120128569e+21 3.507538784600973115e+21 3.218195208893277143e+21 2.952601897072152543e+21 2.708931933835711480e+21 2.485405693748117504e+21 2.280402406533464588e+21 2.092392644422293783e+21 1.956160839219488227e+21 1.875581615738747093e+21
4.539736171291817279e+21 4.166009249825683407e+21 3.822768504120128045e+21 3.507538784600974164e+21 3.218195208893277667e+21 2.952601897072152543e+21 2.708931933835712004e+21 2.485405693748118028e+21 2.280402406533464588e+21 2.092392644422293520e+21 1.956160839219488489e+21 1.875581615738747093e+21
4.539736171291817279e+21 4.166009249825684455e+21 3.822768504120126996e+21 3.507538784600973115e+21 3.218195208893277667e+21 2.952601897072152543e+21 2.708931933835711480e+21 2.485405693748118028e+21 2.280402406533464064e+21 2.092392644422293258e+21 1.956160839219488489e+21 1.875581615738747093e+21
4.539736171291816231e+21 4.166009249825683407e+21 3.822768504120127521e+21 3.507538784600974164e+21 3.218195208893278192e+21 2.952601897072152019e+21 2.708931933835712004e+21 2.485405693748118028e+21 2.280402406533464326e+21 2.092392644422294045e+21 1.956160839219488489e+21 1.875581615738747355e+21
4.539736171291814658e+21 4.166009249825684455e+21 3.822768504120128045e+21 3.507538784600973115e+21 3.218195208893277667e+21 2.952601897072152543e+21 2.708931933835712528e+21 2.485405693748118028e+21 2.280402406533464064e+21 2.092392644422294045e+21 1.956160839219488489e+21 1.875581615738747617e+21
4.539736171291815707e+21 4.166009249825683931e+21 3.822768504120126996e+21 3.507538784600972591e+21 3.218195208893277143e+21 2.952601897072152543e+21 2.708931933835712528e+21 2.485405693748117504e+21 2.280402406533464064e+21 2.092392644422293783e+21 1.956160839219488489e+21 1.875581615738747879e+21
4.539736171291815707e+21 4.166009249825683931e+21 3.822768504120127521e+21 3.507538784600971018e+21 3.218195208893277143e+21 2.952601897072152543e+21 2.708931933835711480e+21 2.485405693748116980e+21 2.280402406533464850e+21 2.092392644422293783e+21 1.956160839219488227e+21 1.875581615738747879e+21
4.539736171291816231e+21 4.166009249825684980e+21 3.822768504120126472e+21 3.507538784600969970e+21 3.218195208893276094e+21 2.952601897072153068e+21 2.708931933835711480e+21 2.485405693748117504e+21 2.280402406533465113e+21 2.092392644422293783e+21 1.956160839219487965e+21 1.875581615738747879e+21
4.539736171291816755e+21 4.166009249825685504e+21 3.822768504120126472e+21 3.507538784600970494e+21 3.218195208893276094e+21 2.952601897072153068e+21 2.708931933835711480e+21 2.485405693748118028e+21 2.280402406533465113e+21 2.092392644422293783e+21 1.956160839219487965e+21 1.875581615738747879e+21
4.539736171291816755e+21 4.166009249825685504e+21 3.822768504120125424e+21 3.507538784600971018e+21 3.218195208893276094e+21 2.952601897072153068e+21 2.708931933835711480e+21 2.485405693748117504e+21 2.280402406533464850e+21 2.092392644422294045e+21 1.956160839219488752e+21 1.875581615738747879e+21
4.539736171291816755e+21 4.166009249825685504e+21 3.822768504120125948e+21 3.507538784600971018e+21 3.218195208893276619e+21 2.952601897072153068e+21 2.708931933835711480e+21 2.485405693748118028e+21 2.280402406533464850e+21 2.092392644422293258e+21 1.956160839219488227e+21 1.875581615738747617e+21
4.539736171291814658e+21 4.166009249825683931e+21 3.822768504120125424e+21 3.507538784600970494e+21 3.218195208893276619e+21 2.952601897072153068e+21 2.708931933835710431e+21 2.485405693748118553e+21 2.280402406533464850e+21 2.092392644422292996e+21 1.956160839219488227e+21 1.875581615738747093e+21
4.539736171291815707e+21 4.166009249825684455e+21 3.822768504120126472e+21 3.507538784600971018e+21 3.218195208893276094e+21 2.952601897072153592e+21 2.708931933835710956e+21 2.485405693748118028e+21 2.280402406533464850e+21 2.092392644422292734e+21 1.956160839219487703e+21 1.875581615738746831e+21
4.539736171291815182e+21 4.166009249825686028e+21 3.822768504120125948e+21 3.507538784600971018e+21 3.218195208893276094e+21 2.952601897072153592e+21 2.708931933835710431e+21 2.485405693748118028e+21 2.280402406533464850e+21 2.092392644422292472e+21 1.956160839219487965e+21 1.875581615738747355e+21
4.539736171291815182e+21 4.166009249825686028e+21 3.822768504120124899e+21 3.507538784600970494e+21 3.218195208893276094e+21 2.952601897072153592e+21 2.708931933835710431e+21 2.485405693748118028e+21 2.280402406533465375e+21 2.092392644422292472e+21 1.956160839219488227e+21 1.875581615738746831e+21
4.539736171291816755e+21 4.166009249825685504e+21 3.822768504120123851e+21 3.507538784600970494e+21 3.218195208893276094e+21 2.952601897072153592e+21 2.708931933835710431e+21 2.485405693748118553e+21 2.280402406533464850e+21 2.092392644422292472e+21 1.956160839219487703e+21 1.875581615738746569e+21
4.539736171291816231e+21 4.166009249825684980e+21 3.822768504120123326e+21 3.507538784600970494e+21 3.218195208893276094e+21 2.952601897072154116e+21 2.708931933835711480e+21 2.485405693748118553e+21 2.280402406533465113e+21 2.092392644422292472e+21 1.956160839219487965e+21 1.875581615738746569e+21
4.539736171291816231e+21 4.166009249825686553e+21 3.822768504120123326e+21 3.507538784600972067e+21 3.218195208893276094e+21 2.952601897072153592e+21 2.708931933835710431e+21 2.485405693748119077e+21 2.280402406533464850e+21 2.092392644422292996e+21 1.956160839219488489e+21 1.875581615738747093e+21
4.539736171291815707e+21 4.166009249825687077e+21 3.822768504120122802e+21 3.507538784600971018e+21 3.218195208893276094e+21 2.952601897072153068e+21 2.708931933835710956e+21 2.485405693748119601e+21 2.280402406533465113e+21 2.092392644422292996e+21 1.956160839219488489e+21 1.875581615738747093e+21
4.539736171291815707e+21 4.166009249825688650e+21 3.822768504120122802e+21 3.507538784600971543e+21 3.218195208893276094e+21 2.952601897072153068e+21 2.708931933835710956e+21 2.485405693748119077e+21 2.280402406533465375e+21 2.092392644422292734e+21 1.956160839219488489e+21 1.875581615738747355e+21
4.539736171291815182e+21 4.166009249825688125e+21 3.822768504120122802e+21 3.507538784600972067e+21 3.218195208893276094e+21 2.952601897072153068e+21 2.708931933835710431e+21 2.485405693748119601e+21 2.280402406533465375e+21 2.092392644422292734e+21 1.956160839219489014e+21 1.875581615738747093e+21
4.539736171291814658e+21 4.166009249825688125e+21 3.822768504120123851e+21 3.507538784600971543e+21 3.218195208893275046e+21 2.952601897072152543e+21 2.708931933835710431e+21 2.485405693748120125e+21 2.280402406533465375e+21 2.092392644422292472e+21 1.956160839219489538e+21 1.875581615738746569e+21
4.539736171291814134e+21 4.166009249825687077e+21 3.822768504120124375e+21 3.507538784600971018e+21 3.218195208893275570e+21 2.952601897072153592e+21 2.708931933835709907e+21 2.485405693748119077e+21 2.280402406533465637e+21 2.092392644422292472e+21 1.956160839219489538e+21 1.875581615738746569e+21
4.539736171291814658e+21 4.166009249825687077e+21 3.822768504120124899e+21 3.507538784600971018e+21 3.218195208893275570e+21 2.952601897072153592e+21 2.708931933835709383e+21 2.485405693748119077e+21 2.280402406533465637e+21 2.092392644422292996e+21 1.956160839219489276e+21 1.875581615738746044e+21
4.539736171291815707e+21 4.166009249825687077e+21 3.822768504120124375e+21 3.507538784600971543e+21 3.218195208893275570e+21 2.952601897072153592e+21 2.708931933835708858e+21 2.485405693748119077e+21 2.280402406533466423e+21 2.092392644422293258e+21 1.956160839219489014e+21 1.875581615738746307e+21
4.539736171291815182e+21 4.166009249825687601e+21 3.822768504120124375e+21 3.507538784600972067e+21 3.218195208893275570e+21 2.952601897072154116e+21 2.708931933835708334e+21 2.485405693748119601e+21 2.280402406533466685e+21 2.092392644422294045e+21 1.956160839219488489e+21 1.875581615738746307e+21
4.539736171291815182e+21 4.166009249825687601e+21 3.822768504120123851e+21 3.507538784600973640e+21 3.218195208893276094e+21 2.952601897072153592e+21 2.708931933835707286e+21 2.485405693748120125e+21 2.280402406533466423e+21 2.092392644422293783e+21 1.956160839219488489e+21 1.875581615738746044e+21
4.539736171291816231e+21 4.166009249825687601e+21 3.822768504120124375e+21 3.507538784600973640e+21 3.218195208893275046e+21 2.952601897072153592e+21 2.708931933835707810e+21 2.485405693748120650e+21 2.280402406533466423e+21 2.092392644422294045e+21 1.956160839219487965e+21 1.875581615738746307e+21
4.539736171291814658e+21 4.166009249825686553e+21 3.822768504120123851e+21 3.507538784600975213e+21 3.218195208893275046e+21 2.952601897072154116e+21 2.708931933835708334e+21 2.485405693748120650e+21 2.280402406533465899e+21 2.092392644422294045e+21 1.956160839219488227e+21 1.875581615738746044e+21
4.539736171291814134e+21 4.166009249825684980e+21 3.822768504120123326e+21 3.507538784600975213e+21 3.218195208893275046e+21 2.952601897072153592e+21 2.708931933835708334e+21 2.485405693748120650e+21 2.280402406533465899e+21 2.092392644422294307e+21 1.956160839219488752e+21 1.875581615738745782e+21
4.539736171291813085e+21 4.166009249825687077e+21 3.822768504120123326e+21 3.507538784600975737e+21 3.218195208893275046e+21 2.952601897072154116e+21 2.708931933835708858e+21 2.485405693748120125e+21 2.280402406533466423e+21 2.092392644422294831e+21 1.956160839219488489e+21 1.875581615738746569e+21
4.539736171291813085e+21 4.166009249825686553e+21 3.822768504120123326e+21 3.507538784600976785e+21 3.218195208893275046e+21 2.952601897072153592e+21 2.708931933835708334e+21 2.485405693748120125e+21 2.280402406533466423e+21 2.092392644422295093e+21 1.956160839219489014e+21 1.875581615738746569e+21
4.539736171291813085e+21 4.166009249825686553e+21 3.822768504120123326e+21 3.507538784600976785e+21 3.218195208893274522e+21 2.952601897072153592e+21 2.708931933835708334e+21 2.485405693748120125e+21 2.280402406533466161e+21 2.092392644422295093e+21 1.956160839219488752e+21 1.875581615738746569e+21
4.539736171291813085e+21 4.166009249825686553e+21 3.822768504120123851e+21 3.507538784600976785e+21 3.218195208893273997e+21 2.952601897072152543e+21 2.708931933835708334e+21 2.485405693748120125e+21 2.280402406533466161e+21 2.092392644422295093e+21 1.956160839219488227e+21 1.875581615738746569e+21
4.539736171291813609e+21 4.166009249825688650e+21 3.822768504120122802e+21 3.507538784600977834e+21 3.218195208893273997e+21 2.952601897072153068e+21 2.708931933835708334e+21 2.485405693748119601e+21 2.280402406533466685e+21 2.092392644422295355e+21 1.956160839219488489e+21 1.875581615738746307e+21
4.539736171291812561e+21 4.166009249825688125e+21 3.822768504120122278e+21 3.507538784600977310e+21 3.218195208893273473e+21 2.952601897072153592e+21 2.708931933835707286e+21 2.485405693748120125e+21 2.280402406533466161e+21 2.092392644422295880e+21 1.956160839219487965e+21 1.875581615738746044e+21
4.539736171291812561e+21 4.166009249825688125e+21 3.822768504120122802e+21 3.507538784600977310e+21 3.218195208893274522e+21 2.952601897072153068e+21 2.708931933835708334e+21 2.485405693748120125e+21 2.280402406533466423e+21 2.092392644422295880e+21 1.956160839219488489e+21 1.875581615738746307e+21
4.539736171291810988e+21 4.166009249825687601e+21 3.822768504120122278e+21 3.507538784600977834e+21 3.218195208893275046e+21 2.952601897072153068e+21 2.708931933835708334e+21 2.485405693748120125e+21 2.280402406533466161e+21 2.092392644422295618e+21 1.956160839219488489e+21 1.875581615738746307e+21
4.539736171291811512e+21 4.166009249825687601e+21 3.822768504120123851e+21 3.507538784600978358e+21 3.218195208893275046e+21 2.952601897072152543e+21 2.708931933835708334e+21 2.485405693748119601e+21 2.280402406533466423e+21 2.092392644422295880e+21 1.956160839219488752e+21 1.875581615738746307e+21
4.539736171291810464e+21 4.166009249825687601e+21 3.822768504120123851e+21 3.507538784600977834e+21 3.218195208893274522e+21 2.952601897072152543e+21 2.708931933835708858e+21 2.485405693748119077e+21 2.280402406533466161e+21 2.092392644422295880e+21 1.956160839219489014e+21 1.875581615738746569e+21
4.539736171291810464e+21 4.166009249825686553e+21 3.822768504120124375e+21 3.507538784600977310e+21 3.218195208893275046e+21 2.952601897072152543e+21 2.708931933835709383e+21 2.485405693748119077e+21 2.280402406533466161e+21 2.092392644422295355e+21 1.956160839219488752e+21 1.875581615738746569e+21
4.539736171291811512e+21 4.166009249825687077e+21 3.822768504120124899e+21 3.507538784600976261e+21 3.218195208893275046e+21 2.952601897072152543e+21 2.708931933835709383e+21 2.485405693748119077e+21 2.280402406533465899e+21 2.092392644422295618e+21 1.956160839219487965e+21 1.875581615738746307e+21
4.539736171291813085e+21 4.166009249825687077e+21 3.822768504120125424e+21 3.507538784600976785e+21 3.218195208893275046e+21 2.952601897072152543e+21 2.708931933835709907e+21 2.485405693748119077e+21 2.280402406533465375e+21 2.092392644422295355e+21 1.956160839219488227e+21 1.875581615738747355e+21
4.539736171291813085e+21 4.166009249825686553e+21 3.822768504120125948e+21 3.507538784600977310e+21 3.218195208893275046e+21 2.952601897072152543e+21 2.708931933835709907e+21 2.485405693748118553e+21 2.280402406533465113e+21 2.092392644422295618e+21 1.956160839219488489e+21 1.875581615738746831e+21
4.539736171291812561e+21 4.166009249825686028e+21 3.822768504120126472e+21 3.507538784600976785e+21 3.218195208893275046e+21 2.952601897072152543e+21 2.708931933835709383e+21 2.485405693748118553e+21 2.280402406533464850e+21 2.092392644422295880e+21 1.956160839219488489e+21 1.875581615738747093e+21
4.539736171291812561e+21 4.166009249825685504e+21 3.822768504120126472e+21 3.507538784600975737e+21 3.218195208893275046e+21 2.952601897072152543e+21 2.708931933835709383e+21 2.485405693748118553e+21 2.280402406533465113e+21 2.092392644422295880e+21 1.956160839219488489e+21 1.875581615738747617e+21
4.539736171291812561e+21 4.166009249825686028e+21 3.822768504120126472e+21 3.507538784600975737e+21 3.218195208893275046e+21 2.952601897072152019e+21 2.708931933835708858e+21 2.485405693748118553e+21 2.280402406533464850e+21 2.092392644422295880e+21 1.956160839219489014e+21 1.875581615738747355e+21
4.539736171291813085e+21 4.166009249825683931e+21 3.822768504120126472e+21 3.507538784600976261e+21 3.218195208893275046e+21 2.952601897072151495e+21 2.708931933835709383e+21 2.485405693748119077e+21 2.280402406533464850e+21 2.092392644422296142e+21 1.956160839219489014e+21 1.875581615738746831e+21
4.539736171291811512e+21 4.166009249825683407e+21 3.822768504120128569e+21 3.507538784600976261e+21 3.218195208893273997e+21 2.952601897072151495e+21 2.708931933835709383e+21 2.485405693748118553e+21 2.280402406533464326e+21 2.092392644422295880e+21 1.956160839219488489e+21 1.875581615738747617e+21
4.539736171291810464e+21 4.166009249825683407e+21 3.822768504120128045e+21 3.507538784600976261e+21 3.218195208893275046e+21 2.952601897072152019e+21 2.708931933835709383e+21 2.485405693748118553e+21 2.280402406533464588e+21 2.092392644422295880e+21 1.956160839219489800e+21 1.875581615738747879e+21
4.539736171291810464e+21 4.166009249825682883e+21 3.822768504120128045e+21 3.507538784600976785e+21 3.218195208893273997e+21 2.952601897072153068e+21 2.708931933835709383e+21 2.485405693748118553e+21 2.280402406533464326e+21 2.092392644422295618e+21 1.956160839219489538e+21 1.875581615738747879e+21
4.539736171291809415e+21 4.166009249825682883e+21 3.822768504120126472e+21 3.507538784600976785e+21 3.218195208893273997e+21 2.952601897072153068e+21 2.708931933835709907e+21 2.485405693748119077e+21 2.280402406533464326e+21 2.092392644422295618e+21 1.956160839219489800e+21 1.875581615738747879e+21
4.539736171291809939e+21 4.166009249825682358e+21 3.822768504120126472e+21 3.507538784600977310e+21 3.218195208893273997e+21 2.952601897072153068e+21 2.708931933835709907e+21 2.485405693748118553e+21 2.280402406533464326e+21 2.092392644422295880e+21 1.956160839219490062e+21 1.875581615738747617e+21
4.539736171291809415e+21 4.166009249825681834e+21 3.822768504120126472e+21 3.507538784600977310e+21 3.218195208893274522e+21 2.952601897072153068e+21 2.708931933835709907e+21 2.485405693748119077e+21 2.280402406533465375e+21 2.092392644422295618e+21 1.956160839219489800e+21 1.875581615738747617e+21
4.539736171291809415e+21 4.166009249825682883e+21 3.822768504120127521e+21 3.507538784600977834e+21 3.218195208893275046e+21 2.952601897072152543e+21 2.708931933835709383e+21 2.485405693748119077e+21 2.280402406533465113e+21 2.092392644422295355e+21 1.956160839219489800e+21 1.875581615738747879e+21
4.539736171291809939e+21 4.166009249825682883e+21 3.822768504120128045e+21 3.507538784600977834e+21 3.218195208893275046e+21 2.952601897072153068e+21 2.708931933835708858e+21 2.485405693748119077e+21 2.280402406533464850e+21 2.092392644422296142e+21 1.956160839219489800e+21 1.875581615738748142e+21
4.539736171291809939e+21 4.166009249825682883e+21 3.822768504120126996e+21 3.507538784600976261e+21 3.218195208893275046e+21 2.952601897072152543e+21 2.708931933835709383e+21 2.485405693748119077e+21 2.280402406533464326e+21 2.092392644422296142e+21 1.956160839219489538e+21 1.875581615738748142e+21
4.539736171291810464e+21 4.166009249825682883e+21 3.822768504120126472e+21 3.507538784600975737e+21 3.218195208893275570e+21 2.952601897072153592e+21 2.708931933835709907e+21 2.485405693748118553e+21 2.280402406533464588e+21 2.092392644422296666e+21 1.956160839219489800e+21 1.875581615738747879e+21
4.539736171291810464e+21 4.166009249825682358e+21 3.822768504120125948e+21 3.507538784600976785e+21 3.218195208893276094e+21 2.952601897072153592e+21 2.708931933835709383e+21 2.485405693748119077e+21 2.280402406533464326e+21 2.092392644422297190e+21 1.956160839219489800e+21 1.875581615738747617e+21
4.539736171291809415e+21 4.166009249825682358e+21 3.822768504120125948e+21 3.507538784600976261e+21 3.218195208893275570e+21 2.952601897072152543e+21 2.708931933835709383e+21 2.485405693748119601e+21 2.280402406533464326e+21 2.092392644422297190e+21 1.956160839219489276e+21 1.875581615738747355e+21
4.539736171291809415e+21 4.166009249825683407e+21 3.822768504120125424e+21 3.507538784600976785e+21 3.218195208893275570e+21 2.952601897072152543e+21 2.708931933835709383e+21 2.485405693748119077e+21 2.280402406533463802e+21 2.092392644422296928e+21 1.956160839219489800e+21 1.875581615738747355e+21
4.539736171291809939e+21 4.166009249825682883e+21 3.822768504120125948e+21 3.507538784600976261e+21 3.218195208893275570e+21 2.952601897072152543e+21 2.708931933835709383e+21 2.485405693748119077e+21 2.280402406533464326e+21 2.092392644422297190e+21 1.956160839219490062e+21 1.875581615738747617e+21
4.539736171291810464e+21 4.166009249825682358e+21 3.822768504120126996e+21 3.507538784600977310e+21 3.218195208893276094e+21 2.952601897072152543e+21 2.708931933835709907e+21 2.485405693748119077e+21 2.280402406533464064e+21 2.092392644422296928e+21 1.956160839219490062e+21 1.875581615738748142e+21
4.539736171291809939e+21 4.166009249825681834e+21 3.822768504120127521e+21 3.507538784600975737e+21 3.218195208893276094e+21 2.952601897072152543e+21 2.708931933835709907e+21 2.485405693748119601e+21 2.280402406533463802e+21 2.092392644422296928e+21 1.956160839219490062e+21 1.875581615738747879e+21
4.539736171291810464e+21 4.166009249825681310e+21 3.822768504120127521e+21 3.507538784600976261e+21 3.218195208893276619e+21 2.952601897072153592e+21 2.708931933835709907e+21 2.485405693748119601e+21 2.280402406533463015e+21 2.092392644422296404e+21 1.956160839219490587e+21 1.875581615738747617e+21
4.539736171291810464e+21 4.166009249825681834e+21 3.822768504120128045e+21 3.507538784600977310e+21 3.218195208893277143e+21 2.952601897072152543e+21 2.708931933835709907e+21 2.485405693748119601e+21 2.280402406533463015e+21 2.092392644422296404e+21 1.956160839219490849e+21 1.875581615738748666e+21
4.539736171291810464e+21 4.166009249825681834e+21 3.822768504120130142e+21 3.507538784600977310e+21 3.218195208893277667e+21 2.952601897072152543e+21 2.708931933835709907e+21 2.485405693748119601e+21 2.280402406533462753e+21 2.092392644422296142e+21 1.956160839219490849e+21 1.875581615738749190e+21
4.539736171291810464e+21 4.166009249825681310e+21 3.822768504120130666e+21 3.507538784600977310e+21 3.218195208893277667e+21 2.952601897072152543e+21 2.708931933835709383e+21 2.485405693748119077e+21 2.280402406533462491e+21 2.092392644422296142e+21 1.956160839219491373e+21 1.875581615738749190e+21
4.539736171291810464e+21 4.166009249825681310e+21 3.822768504120130666e+21 3.507538784600976261e+21 3.218195208893277143e+21 2.952601897072152543e+21 2.708931933835708858e+21 2.485405693748119601e+21 2.280402406533463015e+21 2.092392644422296404e+21 1.956160839219491897e+21 1.875581615738748928e+21
4.539736171291810464e+21 4.166009249825680785e+21 3.822768504120131191e+21 3.507538784600976261e+21 3.218195208893277667e+21 2.952601897072152543e+21 2.708931933835708858e+21 2.485405693748119601e+21 2.280402406533463015e+21 2.092392644422296928e+21 1.956160839219492159e+21 1.875581615738748928e+21
4.539736171291810464e+21 4.166009249825679213e+21 3.822768504120129618e+21 3.507538784600976261e+21 3.218195208893277143e+21 2.952601897072153068e+21 2.708931933835709383e+21 2.485405693748119601e+21 2.280402406533463278e+21 2.092392644422296928e+21 1.956160839219491897e+21 1.875581615738749452e+21
4.539736171291810988e+21 4.166009249825678688e+21 3.822768504120129618e+21 3.507538784600975213e+21 3.218195208893276094e+21 2.952601897072153068e+21 2.708931933835710431e+21 2.485405693748119077e+21 2.280402406533462753e+21 2.092392644422296404e+21 1.956160839219492159e+21 1.875581615738749977e+21
4.539736171291810464e+21 4.166009249825679213e+21 3.822768504120129094e+21 3.507538784600975213e+21 3.218195208893276094e+21 2.952601897072152543e+21 2.708931933835710431e+21 2.485405693748119077e+21 2.280402406533463540e+21 2.092392644422296928e+21 1.956160839219492159e+21 1.875581615738750239e+21
4.539736171291811512e+21 4.166009249825679213e+21 3.822768504120130666e+21 3.507538784600975737e+21 3.218195208893276094e+21 2.952601897072153068e+21 2.708931933835710956e+21 2.485405693748119077e+21 2.280402406533463540e+21 2.092392644422297190e+21 1.956160839219492159e+21 1.875581615738749714e+21
4.539736171291810464e+21 4.166009249825679213e+21 3.822768504120131191e+21 3.507538784600976261e+21 3.218195208893276094e+21 2.952601897072153068e+21 2.708931933835710431e+21 2.485405693748118553e+21 2.280402406533463540e+21 2.092392644422297453e+21 1.956160839219492684e+21 1.875581615738749977e+21
4.539736171291810988e+21 4.166009249825678164e+21 3.822768504120131191e+21 3.507538784600976785e+21 3.218195208893276094e+21 2.952601897072153068e+21 2.708931933835709907e+21 2.485405693748118553e+21 2.280402406533463278e+21 2.092392644422297453e+21 1.956160839219492946e+21 1.875581615738749452e+21
4.539736171291810464e+21 4.166009249825678164e+21 3.822768504120131191e+21 3.507538784600977834e+21 3.218195208893275046e+21 2.952601897072153068e+21 2.708931933835709907e+21 2.485405693748118028e+21 2.280402406533463802e+21 2.092392644422297453e+21 1.956160839219493470e+21 1.875581615738749977e+21
4.539736171291810464e+21 4.166009249825677640e+21 3.822768504120131715e+21 3.507538784600977310e+21 3.218195208893274522e+21 2.952601897072152543e+21 2.708931933835709383e+21 2.485405693748118028e+21 2.280402406533463540e+21 2.092392644422298239e+21 1.956160839219493732e+21 1.875581615738749190e+21
4.539736171291811512e+21 4.166009249825678164e+21 3.822768504120131191e+21 3.507538784600978883e+21 3.218195208893275046e+21 2.952601897072152019e+21 2.708931933835708858e+21 2.485405693748118553e+21 2.280402406533463802e+21 2.092392644422299025e+21 1.956160839219493994e+21 1.875581615738748666e+21
4.539736171291810464e+21 4.166009249825677115e+21 3.822768504120130666e+21 3.507538784600980455e+21 3.218195208893274522e+21 2.952601897072152019e+21 2.708931933835708858e+21 2.485405693748119077e+21 2.280402406533463802e+21 2.092392644422299288e+21 1.956160839219494257e+21 1.875581615738748666e+21
4.539736171291810988e+21 4.166009249825676591e+21 3.822768504120131191e+21 3.507538784600980455e+21 3.218195208893275046e+21 2.952601897072152543e+21 2.708931933835709383e+21 2.485405693748119077e+21 2.280402406533462753e+21 2.092392644422299025e+21 1.956160839219494257e+21 1.875581615738748928e+21
4.539736171291812037e+21 4.166009249825675543e+21 3.822768504120131715e+21 3.507538784600980455e+21 3.218195208893276094e+21 2.952601897072152019e+21 2.708931933835709383e+21 2.485405693748119077e+21 2.280402406533462753e+21 2.092392644422298763e+21 1.956160839219493994e+21 1.875581615738747617e+21
4.539736171291812037e+21 4.166009249825675543e+21 3.822768504120132239e+21 3.507538784600979931e+21 3.218195208893276094e+21 2.952601897072151495e+21 2.708931933835709383e+21 2.485405693748119601e+21 2.280402406533462491e+21 2.092392644422298501e+21 1.956160839219493994e+21 1.875581615738747617e+21
4.539736171291812037e+21 4.166009249825675018e+21 3.822768504120132239e+21 3.507538784600979407e+21 3.218195208893275570e+21 2.952601897072151495e+21 2.708931933835709383e+21 2.485405693748118553e+21 2.280402406533462491e+21 2.092392644422298763e+21 1.956160839219493732e+21 1.875581615738747617e+21
4.539736171291812561e+21 4.166009249825674494e+21 3.822768504120133288e+21 3.507538784600979931e+21 3.218195208893275046e+21 2.952601897072150970e+21 2.708931933835708858e+21 2.485405693748119077e+21 2.280402406533463015e+21 2.092392644422300074e+21 1.956160839219493470e+21 1.875581615738747879e+21
4.539736171291812561e+21 4.166009249825674494e+21 3.822768504120133288e+21 3.507538784600979931e+21 3.218195208893274522e+21 2.952601897072150446e+21 2.708931933835708858e+21 2.485405693748118553e+21 2.280402406533463015e+21 2.092392644422299550e+21 1.956160839219493208e+21 1.875581615738747355e+21
4.539736171291812561e+21 4.166009249825673445e+21 3.822768504120132764e+21 3.507538784600980980e+21 3.218195208893275046e+21 2.952601897072150446e+21 2.708931933835709383e+21 2.485405693748118028e+21 2.280402406533463015e+21 2.092392644422298763e+21 1.956160839219493732e+21 1.875581615738747617e+21
4.539736171291813609e+21 4.166009249825672921e+21 3.822768504120132239e+21 3.507538784600980455e+21 3.218195208893275046e+21 2.952601897072150446e+21 2.708931933835710431e+21 2.485405693748118028e+21 2.280402406533462491e+21 2.092392644422298501e+21 1.956160839219494257e+21 1.875581615738747617e+21
4.539736171291813085e+21 4.166009249825673445e+21 3.822768504120132764e+21 3.507538784600980455e+21 3.218195208893275046e+21 2.952601897072150446e+21 2.708931933835709907e+21 2.485405693748118028e+21 2.280402406533462753e+21 2.092392644422299025e+21 1.956160839219494257e+21 1.875581615738747617e+21
4.539736171291813609e+21 4.166009249825673970e+21 3.822768504120132239e+21 3.507538784600980455e+21 3.218195208893275046e+21 2.952601897072150446e+21 2.708931933835710431e+21 2.485405693748118028e+21 2.280402406533462491e+21 2.092392644422299025e+21 1.956160839219493994e+21 1.875581615738747617e+21
4.539736171291812561e+21 4.166009249825673970e+21 3.822768504120132239e+21 3.507538784600979931e+21 3.218195208893275046e+21 2.952601897072149922e+21 2.708931933835709383e+21 2.485405693748117504e+21 2.280402406533462229e+21 2.092392644422298763e+21 1.956160839219493994e+21 1.875581615738747617e+21
4.539736171291812561e+21 4.166009249825673445e+21 3.822768504120132239e+21 3.507538784600979931e+21 3.218195208893273997e+21 2.952601897072150970e+21 2.708931933835709907e+21 2.485405693748117504e+21 2.280402406533461705e+21 2.092392644422298239e+21 1.956160839219493994e+21 1.875581615738747617e+21
4.539736171291815707e+21 4.166009249825672397e+21 3.822768504120132764e+21 3.507538784600980455e+21 3.218195208893275046e+21 2.952601897072151495e+21 2.708931933835709383e+21 2.485405693748118028e+21 2.280402406533461705e+21 2.092392644422298239e+21 1.956160839219493732e+21 1.875581615738748142e+21
4.539736171291813609e+21 4.166009249825672921e+21 3.822768504120132239e+21 3.507538784600981504e+21 3.218195208893275046e+21 2.952601897072151495e+21 2.708931933835709383e+21 2.485405693748118028e+21 2.280402406533461443e+21 2.092392644422299025e+21 1.956160839219494257e+21 1.875581615738748404e+21
4.539736171291813085e+21 4.166009249825672397e+21 3.822768504120132764e+21 3.507538784600982028e+21 3.218195208893275046e+21 2.952601897072152019e+21 2.708931933835709383e+21 2.485405693748117504e+21 2.280402406533461705e+21 2.092392644422299550e+21 1.956160839219494257e+21 1.875581615738748666e+21
4.539736171291812561e+21 4.166009249825673445e+21 3.822768504120133812e+21 3.507538784600981504e+21 3.218195208893273997e+21 2.952601897072151495e+21 2.708931933835709383e+21 2.485405693748118028e+21 2.280402406533461705e+21 2.092392644422299025e+21 1.956160839219494519e+21 1.875581615738748928e+21
4.539736171291813609e+21 4.166009249825672921e+21 3.822768504120133288e+21 3.507538784600982028e+21 3.218195208893273997e+21 2.952601897072151495e+21 2.708931933835708858e+21 2.485405693748118553e+21 2.280402406533462491e+21 2.092392644422299025e+21 1.956160839219495305e+21 1.875581615738749452e+21
4.539736171291812561e+21 4.166009249825672921e+21 3.822768504120133812e+21 3.507538784600982028e+21 3.218195208893273473e+21 2.952601897072151495e+21 2.708931933835709383e+21 2.485405693748117504e+21 2.280402406533461967e+21 2.092392644422298239e+21 1.956160839219495830e+21 1.875581615738749190e+21
4.539736171291811512e+21 4.166009249825672397e+21 3.822768504120132764e+21 3.507538784600980980e+21 3.218195208893273473e+21 2.952601897072152019e+21 2.708931933835709383e+21 2.485405693748118028e+21 2.280402406533462491e+21 2.092392644422297715e+21 1.956160839219496092e+21 1.875581615738749190e+21
4.539736171291811512e+21 4.166009249825671873e+21 3.822768504120132764e+21 3.507538784600983077e+21 3.218195208893273473e+21 2.952601897072152543e+21 2.708931933835709383e+21 2.485405693748118028e+21 2.280402406533462491e+21 2.092392644422297453e+21 1.956160839219496092e+21 1.875581615738748666e+21
4.539736171291812561e+21 4.166009249825672397e+21 3.822768504120133288e+21 3.507538784600983077e+21 3.218195208893272949e+21 2.952601897072152543e+21 2.708931933835709383e+21 2.485405693748118028e+21 2.280402406533462229e+21 2.092392644422296928e+21 1.956160839219495830e+21 1.875581615738748142e+21
4.539736171291812561e+21 4.166009249825672921e+21 3.822768504120133812e+21 3.507538784600983601e+21 3.218195208893272949e+21 2.952601897072153068e+21 2.708931933835709383e+21 2.485405693748117504e+21 2.280402406533462753e+21 2.092392644422296928e+21 1.956160839219495305e+21 1.875581615738748666e+21
4.539736171291813609e+21 4.166009249825672921e+21 3.822768504120132764e+21 3.507538784600983601e+21 3.218195208893271900e+21 2.952601897072153592e+21 2.708931933835709907e+21 2.485405693748116980e+21 2.280402406533462491e+21 2.092392644422296142e+21 1.956160839219494257e+21 1.875581615738749190e+21
4.539736171291812561e+21 4.166009249825672921e+21 3.822768504120132239e+21 3.507538784600982553e+21 3.218195208893272424e+21 2.952601897072153592e+21 2.708931933835709907e+21 2.485405693748116980e+21 2.280402406533462491e+21 2.092392644422296142e+21 1.956160839219494781e+21 1.875581615738749190e+21
4.539736171291811512e+21 4.166009249825671873e+21 3.822768504120133288e+21 3.507538784600983077e+21 3.218195208893271900e+21 2.952601897072153068e+21 2.708931933835709383e+21 2.485405693748116980e+21 2.280402406533462491e+21 2.092392644422296404e+21 1.956160839219495043e+21 1.875581615738748928e+21
