3.088255669899987763e+19 2.834019785182028186e+19 2.600522808660125696e+19 2.386080887558507725e+19 2.189248537361884365e+19 2.008572804430400307e+19 1.842810898138703872e+19 1.690752190761375539e+19 1.551294140521429606e+19 1.423396325318023168e+19 1.330721620104119910e+19 1.275905797442007245e+19
3.088255669899988582e+19 2.834019785182028186e+19 2.600522808660126925e+19 2.386080887558508134e+19 2.189248537361884774e+19 2.008572804430401946e+19 1.842810898138703872e+19 1.690752190761375949e+19 1.551294140521429402e+19 1.423396325318023373e+19 1.330721620104119910e+19 1.275905797442007245e+19
3.088255669899988992e+19 2.834019785182028595e+19 2.600522808660126515e+19 2.386080887558509363e+19 2.189248537361885184e+19 2.008572804430401536e+19 1.842810898138703872e+19 1.690752190761375949e+19 1.551294140521428992e+19 1.423396325318023578e+19 1.330721620104120115e+19 1.275905797442007450e+19
3.088255669899988582e+19 2.834019785182028186e+19 2.600522808660126106e+19 2.386080887558509363e+19 2.189248537361883955e+19 2.008572804430401946e+19 1.842810898138703462e+19 1.690752190761376358e+19 1.551294140521429197e+19 1.423396325318023782e+19 1.330721620104120115e+19 1.275905797442007654e+19
3.088255669899988582e+19 2.834019785182028595e+19 2.600522808660126925e+19 2.386080887558509363e+19 2.189248537361883546e+19 2.008572804430401946e+19 1.842810898138703462e+19 1.690752190761376154e+19 1.551294140521428992e+19 1.423396325318023782e+19 1.330721620104120320e+19 1.275905797442007450e+19
3.088255669899988173e+19 2.834019785182027776e+19 2.600522808660126925e+19 2.386080887558509363e+19 2.189248537361883136e+19 2.008572804430401536e+19 1.842810898138703667e+19 1.690752190761375949e+19 1.551294140521428582e+19 1.423396325318024602e+19 1.330721620104120320e+19 1.275905797442007245e+19
3.088255669899987763e+19 2.834019785182026547e+19 2.600522808660126106e+19 2.386080887558509363e+19 2.189248537361883546e+19 2.008572804430401126e+19 1.842810898138703258e+19 1.690752190761376358e+19 1.551294140521428992e+19 1.423396325318024602e+19 1.330721620104120525e+19 1.275905797442007450e+19
3.088255669899988582e+19 2.834019785182026957e+19 2.600522808660126925e+19 2.386080887558509773e+19 2.189248537361883955e+19 2.008572804430401126e+19 1.842810898138702848e+19 1.690752190761375949e+19 1.551294140521429402e+19 1.423396325318025011e+19 1.330721620104120320e+19 1.275905797442007245e+19
3.088255669899989402e+19 2.834019785182027366e+19 2.600522808660127334e+19 2.386080887558508954e+19 2.189248537361885184e+19 2.008572804430400717e+19 1.842810898138703053e+19 1.690752190761376154e+19 1.551294140521429811e+19 1.423396325318025216e+19 1.330721620104120115e+19 1.275905797442007245e+19
3.088255669899989811e+19 2.834019785182026138e+19 2.600522808660127744e+19 2.386080887558510182e+19 2.189248537361885594e+19 2.008572804430400717e+19 1.842810898138703667e+19 1.690752190761376358e+19 1.551294140521429811e+19 1.423396325318025421e+19 1.330721620104120320e+19 1.275905797442007450e+19
3.088255669899989811e+19 2.834019785182026138e+19 2.600522808660127334e+19 2.386080887558510182e+19 2.189248537361886413e+19 2.008572804430402355e+19 1.842810898138703462e+19 1.690752190761376358e+19 1.551294140521429197e+19 1.423396325318025421e+19 1.330721620104119910e+19 1.275905797442007040e+19
3.088255669899989811e+19 2.834019785182026138e+19 2.600522808660127744e+19 2.386080887558510182e+19 2.189248537361887642e+19 2.008572804430402765e+19 1.842810898138703258e+19 1.690752190761376563e+19 1.551294140521429606e+19 1.423396325318025626e+19 1.330721620104119706e+19 1.275905797442006630e+19
3.088255669899988582e+19 2.834019785182024909e+19 2.600522808660128154e+19 2.386080887558509773e+19 2.189248537361888051e+19 2.008572804430402355e+19 1.842810898138703053e+19 1.690752190761376358e+19 1.551294140521430016e+19 1.423396325318025830e+19 1.330721620104119910e+19 1.275905797442006426e+19
3.088255669899988582e+19 2.834019785182024909e+19 2.600522808660127744e+19 2.386080887558509773e+19 2.189248537361889690e+19 2.008572804430401536e+19 1.842810898138702848e+19 1.690752190761376563e+19 1.551294140521430221e+19 1.423396325318025830e+19 1.330721620104119706e+19 1.275905797442005402e+19
3.088255669899988173e+19 2.834019785182025728e+19 2.600522808660127744e+19 2.386080887558510592e+19 2.189248537361889690e+19 2.008572804430401536e+19 1.842810898138702438e+19 1.690752190761376563e+19 1.551294140521430016e+19 1.423396325318025626e+19 1.330721620104119706e+19 1.275905797442005197e+19
3.088255669899988582e+19 2.834019785182024909e+19 2.600522808660128563e+19 2.386080887558511821e+19 2.189248537361889280e+19 2.008572804430401946e+19 1.842810898138702438e+19 1.690752190761376768e+19 1.551294140521430221e+19 1.423396325318026035e+19 1.330721620104120115e+19 1.275905797442004787e+19
3.088255669899988992e+19 2.834019785182025318e+19 2.600522808660129382e+19 2.386080887558513050e+19 2.189248537361888461e+19 2.008572804430402765e+19 1.842810898138702234e+19 1.690752190761376768e+19 1.551294140521430016e+19 1.423396325318026240e+19 1.330721620104119706e+19 1.275905797442005197e+19
3.088255669899988992e+19 2.834019785182026138e+19 2.600522808660128973e+19 2.386080887558514688e+19 2.189248537361888870e+19 2.008572804430401126e+19 1.842810898138702438e+19 1.690752190761376563e+19 1.551294140521430221e+19 1.423396325318026240e+19 1.330721620104119706e+19 1.275905797442004992e+19
3.088255669899987763e+19 2.834019785182026547e+19 2.600522808660129382e+19 2.386080887558515098e+19 2.189248537361888051e+19 2.008572804430400717e+19 1.842810898138702643e+19 1.690752190761376563e+19 1.551294140521430016e+19 1.423396325318026650e+19 1.330721620104119910e+19 1.275905797442004992e+19
3.088255669899987763e+19 2.834019785182026547e+19 2.600522808660128973e+19 2.386080887558514688e+19 2.189248537361888051e+19 2.008572804430400717e+19 1.842810898138702438e+19 1.690752190761377178e+19 1.551294140521429606e+19 1.423396325318026650e+19 1.330721620104120115e+19 1.275905797442005197e+19
3.088255669899988173e+19 2.834019785182026547e+19 2.600522808660129382e+19 2.386080887558514688e+19 2.189248537361888870e+19 2.008572804430400717e+19 1.842810898138702643e+19 1.690752190761377178e+19 1.551294140521430016e+19 1.423396325318026854e+19 1.330721620104119706e+19 1.275905797442005197e+19
3.088255669899987354e+19 2.834019785182026547e+19 2.600522808660130611e+19 2.386080887558513869e+19 2.189248537361888870e+19 2.008572804430400307e+19 1.842810898138702438e+19 1.690752190761377382e+19 1.551294140521429811e+19 1.423396325318026650e+19 1.330721620104119910e+19 1.275905797442004787e+19
3.088255669899986534e+19 2.834019785182027366e+19 2.600522808660131430e+19 2.386080887558514688e+19 2.189248537361887642e+19 2.008572804430399078e+19 1.842810898138702234e+19 1.690752190761377382e+19 1.551294140521429402e+19 1.423396325318026445e+19 1.330721620104119910e+19 1.275905797442004787e+19
3.088255669899986125e+19 2.834019785182028186e+19 2.600522808660131021e+19 2.386080887558513869e+19 2.189248537361887642e+19 2.008572804430399078e+19 1.842810898138702438e+19 1.690752190761377382e+19 1.551294140521428992e+19 1.423396325318026035e+19 1.330721620104119706e+19 1.275905797442004787e+19
3.088255669899986125e+19 2.834019785182028186e+19 2.600522808660131021e+19 2.386080887558514278e+19 2.189248537361888461e+19 2.008572804430398259e+19 1.842810898138702643e+19 1.690752190761377382e+19 1.551294140521428787e+19 1.423396325318026240e+19 1.330721620104119501e+19 1.275905797442005197e+19
3.088255669899986534e+19 2.834019785182027776e+19 2.600522808660131430e+19 2.386080887558513869e+19 2.189248537361888051e+19 2.008572804430397030e+19 1.842810898138703053e+19 1.690752190761377587e+19 1.551294140521428992e+19 1.423396325318026035e+19 1.330721620104119501e+19 1.275905797442004787e+19
3.088255669899986534e+19 2.834019785182027366e+19 2.600522808660132250e+19 2.386080887558514688e+19 2.189248537361889280e+19 2.008572804430397030e+19 1.842810898138703053e+19 1.690752190761377178e+19 1.551294140521428992e+19 1.423396325318026445e+19 1.330721620104119296e+19 1.275905797442004582e+19
3.088255669899986534e+19 2.834019785182027776e+19 2.600522808660132250e+19 2.386080887558515098e+19 2.189248537361889690e+19 2.008572804430397030e+19 1.842810898138703053e+19 1.690752190761376973e+19 1.551294140521428992e+19 1.423396325318026650e+19 1.330721620104120115e+19 1.275905797442004173e+19
3.088255669899987354e+19 2.834019785182028595e+19 2.600522808660132659e+19 2.386080887558515507e+19 2.189248537361889690e+19 2.008572804430397030e+19 1.842810898138702848e+19 1.690752190761377792e+19 1.551294140521428582e+19 1.423396325318026650e+19 1.330721620104120730e+19 1.275905797442004378e+19
3.088255669899987763e+19 2.834019785182029005e+19 2.600522808660132659e+19 2.386080887558515507e+19 2.189248537361889280e+19 2.008572804430396621e+19 1.842810898138702848e+19 1.690752190761377178e+19 1.551294140521428992e+19 1.423396325318026240e+19 1.330721620104120934e+19 1.275905797442003968e+19
3.088255669899987354e+19 2.834019785182030234e+19 2.600522808660133478e+19 2.386080887558515098e+19 2.189248537361888051e+19 2.008572804430397030e+19 1.842810898138702848e+19 1.690752190761377587e+19 1.551294140521429197e+19 1.423396325318025830e+19 1.330721620104120730e+19 1.275905797442004378e+19
3.088255669899987763e+19 2.834019785182030234e+19 2.600522808660133478e+19 2.386080887558513869e+19 2.189248537361888051e+19 2.008572804430397850e+19 1.842810898138703053e+19 1.690752190761377382e+19 1.551294140521429606e+19 1.423396325318025421e+19 1.330721620104120525e+19 1.275905797442005197e+19
3.088255669899987354e+19 2.834019785182028595e+19 2.600522808660134298e+19 2.386080887558514278e+19 2.189248537361887232e+19 2.008572804430397030e+19 1.842810898138703053e+19 1.690752190761376768e+19 1.551294140521429402e+19 1.423396325318025421e+19 1.330721620104120730e+19 1.275905797442004992e+19
3.088255669899986534e+19 2.834019785182028595e+19 2.600522808660133888e+19 2.386080887558514688e+19 2.189248537361888461e+19 2.008572804430397030e+19 1.842810898138703462e+19 1.690752190761376154e+19 1.551294140521429606e+19 1.423396325318025421e+19 1.330721620104120934e+19 1.275905797442005606e+19
3.088255669899985715e+19 2.834019785182028595e+19 2.600522808660134298e+19 2.386080887558514688e+19 2.189248537361887232e+19 2.008572804430397440e+19 1.842810898138703667e+19 1.690752190761375949e+19 1.551294140521429811e+19 1.423396325318025421e+19 1.330721620104120934e+19 1.275905797442005811e+19
3.088255669899985306e+19 2.834019785182028595e+19 2.600522808660135117e+19 2.386080887558514278e+19 2.189248537361886822e+19 2.008572804430397030e+19 1.842810898138703462e+19 1.690752190761375744e+19 1.551294140521429811e+19 1.423396325318025626e+19 1.330721620104120934e+19 1.275905797442005402e+19
3.088255669899985715e+19 2.834019785182028186e+19 2.600522808660134298e+19 2.386080887558513869e+19 2.189248537361886822e+19 2.008572804430397030e+19 1.842810898138703667e+19 1.690752190761375130e+19 1.551294140521429811e+19 1.423396325318025830e+19 1.330721620104121139e+19 1.275905797442005811e+19
3.088255669899984896e+19 2.834019785182029005e+19 2.600522808660133888e+19 2.386080887558514278e+19 2.189248537361886003e+19 2.008572804430397440e+19 1.842810898138704077e+19 1.690752190761375130e+19 1.551294140521430221e+19 1.423396325318025421e+19 1.330721620104120320e+19 1.275905797442006221e+19
3.088255669899984077e+19 2.834019785182029824e+19 2.600522808660133888e+19 2.386080887558515098e+19 2.189248537361885594e+19 2.008572804430396621e+19 1.842810898138703667e+19 1.690752190761375130e+19 1.551294140521430426e+19 1.423396325318026445e+19 1.330721620104120320e+19 1.275905797442006221e+19
3.088255669899985306e+19 2.834019785182029005e+19 2.600522808660133478e+19 2.386080887558515098e+19 2.189248537361885184e+19 2.008572804430397030e+19 1.842810898138704282e+19 1.690752190761375130e+19 1.551294140521430426e+19 1.423396325318026445e+19 1.330721620104120934e+19 1.275905797442005811e+19
3.088255669899984896e+19 2.834019785182028595e+19 2.600522808660133069e+19 2.386080887558515917e+19 2.189248537361885184e+19 2.008572804430396621e+19 1.842810898138704896e+19 1.690752190761375334e+19 1.551294140521430426e+19 1.423396325318026445e+19 1.330721620104120730e+19 1.275905797442006016e+19
3.088255669899984896e+19 2.834019785182028595e+19 2.600522808660132250e+19 2.386080887558515507e+19 2.189248537361885184e+19 2.008572804430396211e+19 1.842810898138704896e+19 1.690752190761375539e+19 1.551294140521430630e+19 1.423396325318026650e+19 1.330721620104120730e+19 1.275905797442006016e+19
3.088255669899984896e+19 2.834019785182029005e+19 2.600522808660132250e+19 2.386080887558514688e+19 2.189248537361885594e+19 2.008572804430397030e+19 1.842810898138705101e+19 1.690752190761375334e+19 1.551294140521430426e+19 1.423396325318026445e+19 1.330721620104120730e+19 1.275905797442005811e+19
3.088255669899984486e+19 2.834019785182028186e+19 2.600522808660133069e+19 2.386080887558515098e+19 2.189248537361883955e+19 2.008572804430396621e+19 1.842810898138705715e+19 1.690752190761375334e+19 1.551294140521429606e+19 1.423396325318026650e+19 1.330721620104120730e+19 1.275905797442006016e+19
3.088255669899983667e+19 2.834019785182028595e+19 2.600522808660131840e+19 2.386080887558515507e+19 2.189248537361883546e+19 2.008572804430396211e+19 1.842810898138706330e+19 1.690752190761375539e+19 1.551294140521430016e+19 1.423396325318026650e+19 1.330721620104121139e+19 1.275905797442005811e+19
3.088255669899983258e+19 2.834019785182029414e+19 2.600522808660133478e+19 2.386080887558515507e+19 2.189248537361884365e+19 2.008572804430396211e+19 1.842810898138706125e+19 1.690752190761375334e+19 1.551294140521429606e+19 1.423396325318026650e+19 1.330721620104120525e+19 1.275905797442005606e+19
3.088255669899983667e+19 2.834019785182028595e+19 2.600522808660134298e+19 2.386080887558515098e+19 2.189248537361883955e+19 2.008572804430395392e+19 1.842810898138706330e+19 1.690752190761374925e+19 1.551294140521430016e+19 1.423396325318026650e+19 1.330721620104120525e+19 1.275905797442004787e+19
3.088255669899982848e+19 2.834019785182028186e+19 2.600522808660133888e+19 2.386080887558515507e+19 2.189248537361884365e+19 2.008572804430395802e+19 1.842810898138706534e+19 1.690752190761374925e+19 1.551294140521430221e+19 1.423396325318026035e+19 1.330721620104120525e+19 1.275905797442005606e+19
3.088255669899982029e+19 2.834019785182028186e+19 2.600522808660134707e+19 2.386080887558514688e+19 2.189248537361885184e+19 2.008572804430397030e+19 1.842810898138706534e+19 1.690752190761374720e+19 1.551294140521430630e+19 1.423396325318025830e+19 1.330721620104120320e+19 1.275905797442005402e+19
3.088255669899982848e+19 2.834019785182027776e+19 2.600522808660133478e+19 2.386080887558514688e+19 2.189248537361884774e+19 2.008572804430397030e+19 1.842810898138706944e+19 1.690752190761374925e+19 1.551294140521430630e+19 1.423396325318025216e+19 1.330721620104120730e+19 1.275905797442005606e+19
3.088255669899982848e+19 2.834019785182027366e+19 2.600522808660133888e+19 2.386080887558515507e+19 2.189248537361884365e+19 2.008572804430395802e+19 1.842810898138706330e+19 1.690752190761374310e+19 1.551294140521430016e+19 1.423396325318025421e+19 1.330721620104120730e+19 1.275905797442005197e+19
3.088255669899983258e+19 2.834019785182026957e+19 2.600522808660133888e+19 2.386080887558514278e+19 2.189248537361885184e+19 2.008572804430396621e+19 1.842810898138706125e+19 1.690752190761374720e+19 1.551294140521429811e+19 1.423396325318025421e+19 1.330721620104120525e+19 1.275905797442006016e+19
3.088255669899983667e+19 2.834019785182027366e+19 2.600522808660134298e+19 2.386080887558513459e+19 2.189248537361885594e+19 2.008572804430397440e+19 1.842810898138706125e+19 1.690752190761374106e+19 1.551294140521430426e+19 1.423396325318025011e+19 1.330721620104120525e+19 1.275905797442006016e+19
3.088255669899983667e+19 2.834019785182027776e+19 2.600522808660133478e+19 2.386080887558513050e+19 2.189248537361885184e+19 2.008572804430397850e+19 1.842810898138706330e+19 1.690752190761373491e+19 1.551294140521430630e+19 1.423396325318025216e+19 1.330721620104120115e+19 1.275905797442006221e+19
3.088255669899983258e+19 2.834019785182028186e+19 2.600522808660133478e+19 2.386080887558512230e+19 2.189248537361885594e+19 2.008572804430398259e+19 1.842810898138706330e+19 1.690752190761373286e+19 1.551294140521430630e+19 1.423396325318025626e+19 1.330721620104119706e+19 1.275905797442006221e+19
3.088255669899982848e+19 2.834019785182028186e+19 2.600522808660134298e+19 2.386080887558512640e+19 2.189248537361885184e+19 2.008572804430398259e+19 1.842810898138706330e+19 1.690752190761373901e+19 1.551294140521430835e+19 1.423396325318025626e+19 1.330721620104119910e+19 1.275905797442006426e+19
3.088255669899982848e+19 2.834019785182029005e+19 2.600522808660134707e+19 2.386080887558513050e+19 2.189248537361885184e+19 2.008572804430397850e+19 1.842810898138705920e+19 1.690752190761373901e+19 1.551294140521431654e+19 1.423396325318025626e+19 1.330721620104119501e+19 1.275905797442006221e+19
3.088255669899982848e+19 2.834019785182029005e+19 2.600522808660134707e+19 2.386080887558513050e+19 2.189248537361885184e+19 2.008572804430397850e+19 1.842810898138706330e+19 1.690752190761373696e+19 1.551294140521432064e+19 1.423396325318026035e+19 1.330721620104119091e+19 1.275905797442006221e+19
3.088255669899983258e+19 2.834019785182028595e+19 2.600522808660133888e+19 2.386080887558513050e+19 2.189248537361885184e+19 2.008572804430397440e+19 1.842810898138706330e+19 1.690752190761373696e+19 1.551294140521431859e+19 1.423396325318026035e+19 1.330721620104118682e+19 1.275905797442005811e+19
3.088255669899984077e+19 2.834019785182028186e+19 2.600522808660133888e+19 2.386080887558513869e+19 2.189248537361885594e+19 2.008572804430397030e+19 1.842810898138705920e+19 1.690752190761373901e+19 1.551294140521431654e+19 1.423396325318025830e+19 1.330721620104118886e+19 1.275905797442005402e+19
3.088255669899984486e+19 2.834019785182028186e+19 2.600522808660133478e+19 2.386080887558513459e+19 2.189248537361885594e+19 2.008572804430397030e+19 1.842810898138706125e+19 1.690752190761374106e+19 1.551294140521432064e+19 1.423396325318026035e+19 1.330721620104118682e+19 1.275905797442005197e+19
3.088255669899984896e+19 2.834019785182029005e+19 2.600522808660133069e+19 2.386080887558513869e+19 2.189248537361885594e+19 2.008572804430397440e+19 1.842810898138706534e+19 1.690752190761374515e+19 1.551294140521432474e+19 1.423396325318026035e+19 1.330721620104118682e+19 1.275905797442004992e+19
3.088255669899984896e+19 2.834019785182028595e+19 2.600522808660133888e+19 2.386080887558513459e+19 2.189248537361884774e+19 2.008572804430398259e+19 1.842810898138705920e+19 1.690752190761374515e+19 1.551294140521432269e+19 1.423396325318026445e+19 1.330721620104118682e+19 1.275905797442005402e+19
3.088255669899985306e+19 2.834019785182029005e+19 2.600522808660133478e+19 2.386080887558513459e+19 2.189248537361885184e+19 2.008572804430397440e+19 1.842810898138705715e+19 1.690752190761375130e+19 1.551294140521432474e+19 1.423396325318026035e+19 1.330721620104118682e+19 1.275905797442005811e+19
3.088255669899984896e+19 2.834019785182029824e+19 2.600522808660133478e+19 2.386080887558513869e+19 2.189248537361884774e+19 2.008572804430397440e+19 1.842810898138706125e+19 1.690752190761375539e+19 1.551294140521432678e+19 1.423396325318026445e+19 1.330721620104118477e+19 1.275905797442005402e+19
3.088255669899984486e+19 2.834019785182030234e+19 2.600522808660133069e+19 2.386080887558514278e+19 2.189248537361884774e+19 2.008572804430397850e+19 1.842810898138706125e+19 1.690752190761375334e+19 1.551294140521432474e+19 1.423396325318026240e+19 1.330721620104118477e+19 1.275905797442005402e+19
3.088255669899983667e+19 2.834019785182030234e+19 2.600522808660134298e+19 2.386080887558513869e+19 2.189248537361884774e+19 2.008572804430397440e+19 1.842810898138706330e+19 1.690752190761375334e+19 1.551294140521432678e+19 1.423396325318025830e+19 1.330721620104118067e+19 1.275905797442004992e+19
3.088255669899982848e+19 2.834019785182030643e+19 2.600522808660134707e+19 2.386080887558514278e+19 2.189248537361884774e+19 2.008572804430397440e+19 1.842810898138706330e+19 1.690752190761374720e+19 1.551294140521432883e+19 1.423396325318025421e+19 1.330721620104118067e+19 1.275905797442004582e+19
3.088255669899982438e+19 2.834019785182030643e+19 2.600522808660133888e+19 2.386080887558514278e+19 2.189248537361884774e+19 2.008572804430397850e+19 1.842810898138705715e+19 1.690752190761374720e+19 1.551294140521433088e+19 1.423396325318025830e+19 1.330721620104118067e+19 1.275905797442004173e+19
3.088255669899982029e+19 2.834019785182030643e+19 2.600522808660133888e+19 2.386080887558513459e+19 2.189248537361884365e+19 2.008572804430397850e+19 1.842810898138705101e+19 1.690752190761374515e+19 1.551294140521433088e+19 1.423396325318025830e+19 1.330721620104117658e+19 1.275905797442004173e+19
3.088255669899982029e+19 2.834019785182030643e+19 2.600522808660133888e+19 2.386080887558513869e+19 2.189248537361884365e+19 2.008572804430397440e+19 1.842810898138705101e+19 1.690752190761374720e+19 1.551294140521433293e+19 1.423396325318026035e+19 1.330721620104118272e+19 1.275905797442004173e+19
3.088255669899981619e+19 2.834019785182031053e+19 2.600522808660133478e+19 2.386080887558514278e+19 2.189248537361883136e+19 2.008572804430397850e+19 1.842810898138704896e+19 1.690752190761374515e+19 1.551294140521432883e+19 1.423396325318025830e+19 1.330721620104117658e+19 1.275905797442003968e+19
3.088255669899981619e+19 2.834019785182030643e+19 2.600522808660133478e+19 2.386080887558513459e+19 2.189248537361882726e+19 2.008572804430398259e+19 1.842810898138705510e+19 1.690752190761374106e+19 1.551294140521433088e+19 1.423396325318025626e+19 1.330721620104117453e+19 1.275905797442004582e+19
3.088255669899981619e+19 2.834019785182031872e+19 2.600522808660133888e+19 2.386080887558513459e+19 2.189248537361883546e+19 2.008572804430397850e+19 1.842810898138705510e+19 1.690752190761373491e+19 1.551294140521433088e+19 1.423396325318025421e+19 1.330721620104117248e+19 1.275905797442004582e+19
3.088255669899981210e+19 2.834019785182031872e+19 2.600522808660133478e+19 2.386080887558513459e+19 2.189248537361883136e+19 2.008572804430398259e+19 1.842810898138705101e+19 1.690752190761373696e+19 1.551294140521433293e+19 1.423396325318025421e+19 1.330721620104117043e+19 1.275905797442004582e+19
3.088255669899981619e+19 2.834019785182031872e+19 2.600522808660134298e+19 2.386080887558513869e+19 2.189248537361883546e+19 2.008572804430397850e+19 1.842810898138704896e+19 1.690752190761373901e+19 1.551294140521433293e+19 1.423396325318025626e+19 1.330721620104117248e+19 1.275905797442004582e+19
3.088255669899981210e+19 2.834019785182031053e+19 2.600522808660134707e+19 2.386080887558513869e+19 2.189248537361883546e+19 2.008572804430397440e+19 1.842810898138704896e+19 1.690752190761373491e+19 1.551294140521433293e+19 1.423396325318025421e+19 1.330721620104117453e+19 1.275905797442004787e+19
3.088255669899981210e+19 2.834019785182031462e+19 2.600522808660134707e+19 2.386080887558513869e+19 2.189248537361883136e+19 2.008572804430397440e+19 1.842810898138704896e+19 1.690752190761373491e+19 1.551294140521432883e+19 1.423396325318025216e+19 1.330721620104117043e+19 1.275905797442004582e+19
3.088255669899981210e+19 2.834019785182032282e+19 2.600522808660134707e+19 2.386080887558514278e+19 2.189248537361883546e+19 2.008572804430397440e+19 1.842810898138705101e+19 1.690752190761373082e+19 1.551294140521432678e+19 1.423396325318025626e+19 1.330721620104117248e+19 1.275905797442004582e+19
3.088255669899981619e+19 2.834019785182032691e+19 2.600522808660135117e+19 2.386080887558514688e+19 2.189248537361883136e+19 2.008572804430397030e+19 1.842810898138705510e+19 1.690752190761373491e+19 1.551294140521431859e+19 1.423396325318025011e+19 1.330721620104117453e+19 1.275905797442004378e+19
3.088255669899980800e+19 2.834019785182032282e+19 2.600522808660135526e+19 2.386080887558514278e+19 2.189248537361883136e+19 2.008572804430397440e+19 1.842810898138705306e+19 1.690752190761373286e+19 1.551294140521431654e+19 1.423396325318024806e+19 1.330721620104117248e+19 1.275905797442004582e+19
3.088255669899980800e+19 2.834019785182031053e+19 2.600522808660135936e+19 2.386080887558514278e+19 2.189248537361883546e+19 2.008572804430398259e+19 1.842810898138705715e+19 1.690752190761373286e+19 1.551294140521431450e+19 1.423396325318025011e+19 1.330721620104117248e+19 1.275905797442004378e+19
3.088255669899979571e+19 2.834019785182031462e+19 2.600522808660135936e+19 2.386080887558514278e+19 2.189248537361883546e+19 2.008572804430397850e+19 1.842810898138705306e+19 1.690752190761373286e+19 1.551294140521431245e+19 1.423396325318025216e+19 1.330721620104117453e+19 1.275905797442004787e+19
3.088255669899979571e+19 2.834019785182031872e+19 2.600522808660136755e+19 2.386080887558514278e+19 2.189248537361883546e+19 2.008572804430397850e+19 1.842810898138705306e+19 1.690752190761373286e+19 1.551294140521431450e+19 1.423396325318025216e+19 1.330721620104117248e+19 1.275905797442003968e+19
3.088255669899979981e+19 2.834019785182031053e+19 2.600522808660137165e+19 2.386080887558513869e+19 2.189248537361883955e+19 2.008572804430397850e+19 1.842810898138705920e+19 1.690752190761373082e+19 1.551294140521431654e+19 1.423396325318025626e+19 1.330721620104117453e+19 1.275905797442004173e+19
3.088255669899978752e+19 2.834019785182031053e+19 2.600522808660136346e+19 2.386080887558513869e+19 2.189248537361883955e+19 2.008572804430397850e+19 1.842810898138705510e+19 1.690752190761372877e+19 1.551294140521431654e+19 1.423396325318025626e+19 1.330721620104117453e+19 1.275905797442004582e+19
3.088255669899979162e+19 2.834019785182030643e+19 2.600522808660136755e+19 2.386080887558513869e+19 2.189248537361883546e+19 2.008572804430397850e+19 1.842810898138705306e+19 1.690752190761373082e+19 1.551294140521431654e+19 1.423396325318025011e+19 1.330721620104116838e+19 1.275905797442004582e+19
3.088255669899978752e+19 2.834019785182029414e+19 2.600522808660136346e+19 2.386080887558514278e+19 2.189248537361883546e+19 2.008572804430398259e+19 1.842810898138705510e+19 1.690752190761373082e+19 1.551294140521431654e+19 1.423396325318025830e+19 1.330721620104117043e+19 1.275905797442004582e+19
3.088255669899978342e+19 2.834019785182030643e+19 2.600522808660136755e+19 2.386080887558514278e+19 2.189248537361883136e+19 2.008572804430397850e+19 1.842810898138705101e+19 1.690752190761372877e+19 1.551294140521431654e+19 1.423396325318026035e+19 1.330721620104117248e+19 1.275905797442004582e+19
3.088255669899979571e+19 2.834019785182030234e+19 2.600522808660135936e+19 2.386080887558514278e+19 2.189248537361883546e+19 2.008572804430397850e+19 1.842810898138705101e+19 1.690752190761372672e+19 1.551294140521431859e+19 1.423396325318026035e+19 1.330721620104116838e+19 1.275905797442004582e+19
3.088255669899979571e+19 2.834019785182030234e+19 2.600522808660135526e+19 2.386080887558513869e+19 2.189248537361883546e+19 2.008572804430397850e+19 1.842810898138705510e+19 1.690752190761373286e+19 1.551294140521431859e+19 1.423396325318025626e+19 1.330721620104116634e+19 1.275905797442004173e+19
3.088255669899979162e+19 2.834019785182030643e+19 2.600522808660135117e+19 2.386080887558513050e+19 2.189248537361882726e+19 2.008572804430397850e+19 1.842810898138705510e+19 1.690752190761373696e+19 1.551294140521432269e+19 1.423396325318025626e+19 1.330721620104116838e+19 1.275905797442004378e+19
3.088255669899979162e+19 2.834019785182031053e+19 2.600522808660135117e+19 2.386080887558512640e+19 2.189248537361882726e+19 2.008572804430398259e+19 1.842810898138705715e+19 1.690752190761373901e+19 1.551294140521432064e+19 1.423396325318025216e+19 1.330721620104116429e+19 1.275905797442004378e+19
3.088255669899978752e+19 2.834019785182031462e+19 2.600522808660135117e+19 2.386080887558513050e+19 2.189248537361883136e+19 2.008572804430397440e+19 1.842810898138705715e+19 1.690752190761373901e+19 1.551294140521432064e+19 1.423396325318025830e+19 1.330721620104116634e+19 1.275905797442004378e+19
3.088255669899977933e+19 2.834019785182030234e+19 2.600522808660135117e+19 2.386080887558512640e+19 2.189248537361882726e+19 2.008572804430397030e+19 1.842810898138705306e+19 1.690752190761373491e+19 1.551294140521432269e+19 1.423396325318024806e+19 1.330721620104116838e+19 1.275905797442004173e+19
3.088255669899978752e+19 2.834019785182029414e+19 2.600522808660135526e+19 2.386080887558512640e+19 2.189248537361883136e+19 2.008572804430397440e+19 1.842810898138704896e+19 1.690752190761374106e+19 1.551294140521431654e+19 1.423396325318025011e+19 1.330721620104116224e+19 1.275905797442004582e+19
3.088255669899979162e+19 2.834019785182030234e+19 2.600522808660135526e+19 2.386080887558512640e+19 2.189248537361883136e+19 2.008572804430397030e+19 1.842810898138704486e+19 1.690752190761374515e+19 1.551294140521431654e+19 1.423396325318025011e+19 1.330721620104116224e+19 1.275905797442004787e+19
3.088255669899977523e+19 2.834019785182030643e+19 2.600522808660135936e+19 2.386080887558513050e+19 2.189248537361882726e+19 2.008572804430397440e+19 1.842810898138704486e+19 1.690752190761374515e+19 1.551294140521432064e+19 1.423396325318025421e+19 1.330721620104115405e+19 1.275905797442004582e+19
3.088255669899977523e+19 2.834019785182030234e+19 2.600522808660135526e+19 2.386080887558512640e+19 2.189248537361883136e+19 2.008572804430397440e+19 1.842810898138704691e+19 1.690752190761374720e+19 1.551294140521432269e+19 1.423396325318025626e+19 1.330721620104116224e+19 1.275905797442004173e+19
3.088255669899977114e+19 2.834019785182029414e+19 2.600522808660135526e+19 2.386080887558512230e+19 2.189248537361883136e+19 2.008572804430397850e+19 1.842810898138704282e+19 1.690752190761375130e+19 1.551294140521432269e+19 1.423396325318026035e+19 1.330721620104116429e+19 1.275905797442003763e+19
3.088255669899977933e+19 2.834019785182029005e+19 2.600522808660135936e+19 2.386080887558511821e+19 2.189248537361883546e+19 2.008572804430397850e+19 1.842810898138704691e+19 1.690752190761375130e+19 1.551294140521432269e+19 1.423396325318025626e+19 1.330721620104116429e+19 1.275905797442003763e+19
3.088255669899977114e+19 2.834019785182029414e+19 2.600522808660135526e+19 2.386080887558511821e+19 2.189248537361883546e+19 2.008572804430398259e+19 1.842810898138704282e+19 1.690752190761375334e+19 1.551294140521431859e+19 1.423396325318025216e+19 1.330721620104116634e+19 1.275905797442003968e+19
3.088255669899976704e+19 2.834019785182029005e+19 2.600522808660135526e+19 2.386080887558511411e+19 2.189248537361883955e+19 2.008572804430398259e+19 1.842810898138704486e+19 1.690752190761375130e+19 1.551294140521432269e+19 1.423396325318025216e+19 1.330721620104116838e+19 1.275905797442003558e+19
3.088255669899977114e+19 2.834019785182028595e+19 2.600522808660135526e+19 2.386080887558511002e+19 2.189248537361883546e+19 2.008572804430397440e+19 1.842810898138704896e+19 1.690752190761374925e+19 1.551294140521432269e+19 1.423396325318025216e+19 1.330721620104116429e+19 1.275905797442003149e+19
3.088255669899975885e+19 2.834019785182028595e+19 2.600522808660135117e+19 2.386080887558511002e+19 2.189248537361883955e+19 2.008572804430397440e+19 1.842810898138704486e+19 1.690752190761374720e+19 1.551294140521431859e+19 1.423396325318025421e+19 1.330721620104116634e+19 1.275905797442003763e+19
3.088255669899975475e+19 2.834019785182029005e+19 2.600522808660135526e+19 2.386080887558511411e+19 2.189248537361883546e+19 2.008572804430397030e+19 1.842810898138704282e+19 1.690752190761374515e+19 1.551294140521432474e+19 1.423396325318024806e+19 1.330721620104116634e+19 1.275905797442003968e+19
3.088255669899975885e+19 2.834019785182029005e+19 2.600522808660135526e+19 2.386080887558511821e+19 2.189248537361883546e+19 2.008572804430396621e+19 1.842810898138703872e+19 1.690752190761374515e+19 1.551294140521432883e+19 1.423396325318025011e+19 1.330721620104116224e+19 1.275905797442003968e+19
3.088255669899976704e+19 2.834019785182028595e+19 2.600522808660135117e+19 2.386080887558511821e+19 2.189248537361883136e+19 2.008572804430397030e+19 1.842810898138704282e+19 1.690752190761374925e+19 1.551294140521432678e+19 1.423396325318024397e+19 1.330721620104116838e+19 1.275905797442004173e+19
3.088255669899977114e+19 2.834019785182028186e+19 2.600522808660135526e+19 2.386080887558511821e+19 2.189248537361883136e+19 2.008572804430396621e+19 1.842810898138703667e+19 1.690752190761375334e+19 1.551294140521432883e+19 1.423396325318024397e+19 1.330721620104117043e+19 1.275905797442003968e+19
3.088255669899976704e+19 2.834019785182028186e+19 2.600522808660135117e+19 2.386080887558512230e+19 2.189248537361883546e+19 2.008572804430397030e+19 1.842810898138703667e+19 1.690752190761374925e+19 1.551294140521432678e+19 1.423396325318024397e+19 1.330721620104116838e+19 1.275905797442003968e+19
3.088255669899976704e+19 2.834019785182027366e+19 2.600522808660134707e+19 2.386080887558511821e+19 2.189248537361883955e+19 2.008572804430397030e+19 1.842810898138703462e+19 1.690752190761374720e+19 1.551294140521432678e+19 1.423396325318024602e+19 1.330721620104116634e+19 1.275905797442003968e+19
3.088255669899976294e+19 2.834019785182026957e+19 2.600522808660134707e+19 2.386080887558512230e+19 2.189248537361883955e+19 2.008572804430397030e+19 1.842810898138703258e+19 1.690752190761374720e+19 1.551294140521433088e+19 1.423396325318024397e+19 1.330721620104117043e+19 1.275905797442003558e+19
3.088255669899977114e+19 2.834019785182027366e+19 2.600522808660133888e+19 2.386080887558511411e+19 2.189248537361883546e+19 2.008572804430397440e+19 1.842810898138703667e+19 1.690752190761375130e+19 1.551294140521433088e+19 1.423396325318023987e+19 1.330721620104116838e+19 1.275905797442003558e+19
3.088255669899977114e+19 2.834019785182028186e+19 2.600522808660133888e+19 2.386080887558511411e+19 2.189248537361883955e+19 2.008572804430397440e+19 1.842810898138703258e+19 1.690752190761375130e+19 1.551294140521433293e+19 1.423396325318024397e+19 1.330721620104117248e+19 1.275905797442003763e+19
3.088255669899978342e+19 2.834019785182027776e+19 2.600522808660134298e+19 2.386080887558511411e+19 2.189248537361884774e+19 2.008572804430397030e+19 1.842810898138703872e+19 1.690752190761374720e+19 1.551294140521433088e+19 1.423396325318023782e+19 1.330721620104117043e+19 1.275905797442003763e+19
3.088255669899977933e+19 2.834019785182029005e+19 2.600522808660134298e+19 2.386080887558511002e+19 2.189248537361883955e+19 2.008572804430397030e+19 1.842810898138703872e+19 1.690752190761374720e+19 1.551294140521432883e+19 1.423396325318023987e+19 1.330721620104116429e+19 1.275905797442003968e+19
3.088255669899977523e+19 2.834019785182030234e+19 2.600522808660134707e+19 2.386080887558510592e+19 2.189248537361883955e+19 2.008572804430397440e+19 1.842810898138704077e+19 1.690752190761374925e+19 1.551294140521432474e+19 1.423396325318024192e+19 1.330721620104116224e+19 1.275905797442003968e+19
3.088255669899979162e+19 2.834019785182030234e+19 2.600522808660134298e+19 2.386080887558511411e+19 2.189248537361883955e+19 2.008572804430397440e+19 1.842810898138703872e+19 1.690752190761375130e+19 1.551294140521432474e+19 1.423396325318023987e+19 1.330721620104116224e+19 1.275905797442003763e+19
3.088255669899978752e+19 2.834019785182031053e+19 2.600522808660133478e+19 2.386080887558510592e+19 2.189248537361883546e+19 2.008572804430397030e+19 1.842810898138703462e+19 1.690752190761375334e+19 1.551294140521432678e+19 1.423396325318024192e+19 1.330721620104115814e+19 1.275905797442003558e+19
3.088255669899979571e+19 2.834019785182029824e+19 2.600522808660133069e+19 2.386080887558511002e+19 2.189248537361883955e+19 2.008572804430397440e+19 1.842810898138703053e+19 1.690752190761375334e+19 1.551294140521432678e+19 1.423396325318024192e+19 1.330721620104115405e+19 1.275905797442003763e+19
3.088255669899979571e+19 2.834019785182029414e+19 2.600522808660133069e+19 2.386080887558511411e+19 2.189248537361883955e+19 2.008572804430397030e+19 1.842810898138703462e+19 1.690752190761375334e+19 1.551294140521432883e+19 1.423396325318024192e+19 1.330721620104115200e+19 1.275905797442003968e+19
3.088255669899979162e+19 2.834019785182030234e+19 2.600522808660133478e+19 2.386080887558511411e+19 2.189248537361883955e+19 2.008572804430397030e+19 1.842810898138703053e+19 1.690752190761375334e+19 1.551294140521433498e+19 1.423396325318024192e+19 1.330721620104115405e+19 1.275905797442003763e+19
3.088255669899980800e+19 2.834019785182030643e+19 2.600522808660133478e+19 2.386080887558511411e+19 2.189248537361883546e+19 2.008572804430396621e+19 1.842810898138702848e+19 1.690752190761375539e+19 1.551294140521433293e+19 1.423396325318024192e+19 1.330721620104115610e+19 1.275905797442003763e+19
3.088255669899980800e+19 2.834019785182031462e+19 2.600522808660133888e+19 2.386080887558511002e+19 2.189248537361884365e+19 2.008572804430397440e+19 1.842810898138702234e+19 1.690752190761375130e+19 1.551294140521433498e+19 1.423396325318024192e+19 1.330721620104115610e+19 1.275905797442003558e+19
3.088255669899981210e+19 2.834019785182032282e+19 2.600522808660133069e+19 2.386080887558510592e+19 2.189248537361884365e+19 2.008572804430397440e+19 1.842810898138702643e+19 1.690752190761375334e+19 1.551294140521433702e+19 1.423396325318024192e+19 1.330721620104115610e+19 1.275905797442003354e+19
3.088255669899980390e+19 2.834019785182033510e+19 2.600522808660133069e+19 2.386080887558510182e+19 2.189248537361883546e+19 2.008572804430397030e+19 1.842810898138702438e+19 1.690752190761375334e+19 1.551294140521433498e+19 1.423396325318024397e+19 1.330721620104115610e+19 1.275905797442003149e+19
3.088255669899979981e+19 2.834019785182033510e+19 2.600522808660133069e+19 2.386080887558509773e+19 2.189248537361883955e+19 2.008572804430397030e+19 1.842810898138702438e+19 1.690752190761375334e+19 1.551294140521433702e+19 1.423396325318024397e+19 1.330721620104115405e+19 1.275905797442003149e+19
3.088255669899980390e+19 2.834019785182032691e+19 2.600522808660133069e+19 2.386080887558510182e+19 2.189248537361883955e+19 2.008572804430396621e+19 1.842810898138702438e+19 1.690752190761375130e+19 1.551294140521433907e+19 1.423396325318024397e+19 1.330721620104115814e+19 1.275905797442003354e+19
3.088255669899980390e+19 2.834019785182031053e+19 2.600522808660132659e+19 2.386080887558510182e+19 2.189248537361884365e+19 2.008572804430396621e+19 1.842810898138702438e+19 1.690752190761374515e+19 1.551294140521433702e+19 1.423396325318024397e+19 1.330721620104115610e+19 1.275905797442003354e+19
3.088255669899980800e+19 2.834019785182031462e+19 2.600522808660132659e+19 2.386080887558510182e+19 2.189248537361884365e+19 2.008572804430396621e+19 1.842810898138702643e+19 1.690752190761374515e+19 1.551294140521433907e+19 1.423396325318023987e+19 1.330721620104115610e+19 1.275905797442003354e+19
3.088255669899981210e+19 2.834019785182031462e+19 2.600522808660132659e+19 2.386080887558510592e+19 2.189248537361884365e+19 2.008572804430396211e+19 1.842810898138702438e+19 1.690752190761374925e+19 1.551294140521433498e+19 1.423396325318024397e+19 1.330721620104115610e+19 1.275905797442003558e+19
3.088255669899981619e+19 2.834019785182031462e+19 2.600522808660132250e+19 2.386080887558510182e+19 2.189248537361884774e+19 2.008572804430396211e+19 1.842810898138702234e+19 1.690752190761375334e+19 1.551294140521434112e+19 1.423396325318024602e+19 1.330721620104115405e+19 1.275905797442003558e+19
3.088255669899982029e+19 2.834019785182030643e+19 2.600522808660132250e+19 2.386080887558510182e+19 2.189248537361884774e+19 2.008572804430395802e+19 1.842810898138702234e+19 1.690752190761375334e+19 1.551294140521433498e+19 1.423396325318024397e+19 1.330721620104115405e+19 1.275905797442003763e+19
3.088255669899982848e+19 2.834019785182030234e+19 2.600522808660132659e+19 2.386080887558509773e+19 2.189248537361884774e+19 2.008572804430396211e+19 1.842810898138702234e+19 1.690752190761375744e+19 1.551294140521433907e+19 1.423396325318024806e+19 1.330721620104115405e+19 1.275905797442003354e+19
3.088255669899983667e+19 2.834019785182030643e+19 2.600522808660132659e+19 2.386080887558510182e+19 2.189248537361884774e+19 2.008572804430397030e+19 1.842810898138702234e+19 1.690752190761375744e+19 1.551294140521434317e+19 1.423396325318025011e+19 1.330721620104114995e+19 1.275905797442003354e+19
3.088255669899983258e+19 2.834019785182030234e+19 2.600522808660133069e+19 2.386080887558511002e+19 2.189248537361885184e+19 2.008572804430397030e+19 1.842810898138702438e+19 1.690752190761375744e+19 1.551294140521434522e+19 1.423396325318024602e+19 1.330721620104114995e+19 1.275905797442003149e+19
3.088255669899982848e+19 2.834019785182029414e+19 2.600522808660133888e+19 2.386080887558510592e+19 2.189248537361885184e+19 2.008572804430397440e+19 1.842810898138702029e+19 1.690752190761376154e+19 1.551294140521434726e+19 1.423396325318024806e+19 1.330721620104114995e+19 1.275905797442003354e+19
3.088255669899984077e+19 2.834019785182030643e+19 2.600522808660133478e+19 2.386080887558511411e+19 2.189248537361885184e+19 2.008572804430396621e+19 1.842810898138701414e+19 1.690752190761375744e+19 1.551294140521435136e+19 1.423396325318024602e+19 1.330721620104114995e+19 1.275905797442002944e+19
3.088255669899984486e+19 2.834019785182030643e+19 2.600522808660133069e+19 2.386080887558511411e+19 2.189248537361885184e+19 2.008572804430396211e+19 1.842810898138701619e+19 1.690752190761374925e+19 1.551294140521435136e+19 1.423396325318024806e+19 1.330721620104114995e+19 1.275905797442002944e+19
3.088255669899984077e+19 2.834019785182031872e+19 2.600522808660132659e+19 2.386080887558510592e+19 2.189248537361885184e+19 2.008572804430396621e+19 1.842810898138701210e+19 1.690752190761374925e+19 1.551294140521435341e+19 1.423396325318024602e+19 1.330721620104115200e+19 1.275905797442002944e+19
3.088255669899983667e+19 2.834019785182031462e+19 2.600522808660132659e+19 2.386080887558510592e+19 2.189248537361884774e+19 2.008572804430395802e+19 1.842810898138700800e+19 1.690752190761374925e+19 1.551294140521435341e+19 1.423396325318023987e+19 1.330721620104114790e+19 1.275905797442002944e+19
3.088255669899984077e+19 2.834019785182032282e+19 2.600522808660133069e+19 2.386080887558510182e+19 2.189248537361884365e+19 2.008572804430395392e+19 1.842810898138701210e+19 1.690752190761375130e+19 1.551294140521435136e+19 1.423396325318023987e+19 1.330721620104114790e+19 1.275905797442003149e+19
3.088255669899986125e+19 2.834019785182032691e+19 2.600522808660132659e+19 2.386080887558511002e+19 2.189248537361884774e+19 2.008572804430395392e+19 1.842810898138701414e+19 1.690752190761375130e+19 1.551294140521435136e+19 1.423396325318023987e+19 1.330721620104115200e+19 1.275905797442003354e+19
3.088255669899986125e+19 2.834019785182032691e+19 2.600522808660132659e+19 2.386080887558511002e+19 2.189248537361884774e+19 2.008572804430395802e+19 1.842810898138701414e+19 1.690752190761374925e+19 1.551294140521435136e+19 1.423396325318022963e+19 1.330721620104114790e+19 1.275905797442003354e+19
3.088255669899986125e+19 2.834019785182033101e+19 2.600522808660132659e+19 2.386080887558510592e+19 2.189248537361884365e+19 2.008572804430395392e+19 1.842810898138701824e+19 1.690752190761374720e+19 1.551294140521434931e+19 1.423396325318023373e+19 1.330721620104114995e+19 1.275905797442003558e+19
3.088255669899986125e+19 2.834019785182033920e+19 2.600522808660132250e+19 2.386080887558511002e+19 2.189248537361884774e+19 2.008572804430395392e+19 1.842810898138701619e+19 1.690752190761374925e+19 1.551294140521435136e+19 1.423396325318023578e+19 1.330721620104114586e+19 1.275905797442002944e+19
3.088255669899986944e+19 2.834019785182033101e+19 2.600522808660133069e+19 2.386080887558511411e+19 2.189248537361885184e+19 2.008572804430394982e+19 1.842810898138701824e+19 1.690752190761374925e+19 1.551294140521435546e+19 1.423396325318022963e+19 1.330721620104114176e+19 1.275905797442002944e+19
3.088255669899986944e+19 2.834019785182032691e+19 2.600522808660132659e+19 2.386080887558510592e+19 2.189248537361885594e+19 2.008572804430395802e+19 1.842810898138702029e+19 1.690752190761375130e+19 1.551294140521435546e+19 1.423396325318022554e+19 1.330721620104114381e+19 1.275905797442002330e+19
3.088255669899985715e+19 2.834019785182032691e+19 2.600522808660132250e+19 2.386080887558511002e+19 2.189248537361885594e+19 2.008572804430395802e+19 1.842810898138702438e+19 1.690752190761374925e+19 1.551294140521435546e+19 1.423396325318022554e+19 1.330721620104114176e+19 1.275905797442002534e+19
3.088255669899985715e+19 2.834019785182032691e+19 2.600522808660132659e+19 2.386080887558510592e+19 2.189248537361885594e+19 2.008572804430396211e+19 1.842810898138702643e+19 1.690752190761375130e+19 1.551294140521435546e+19 1.423396325318023168e+19 1.330721620104114586e+19 1.275905797442002739e+19
3.088255669899984486e+19 2.834019785182034330e+19 2.600522808660133069e+19 2.386080887558510182e+19 2.189248537361884365e+19 2.008572804430395802e+19 1.842810898138702643e+19 1.690752190761374925e+19 1.551294140521435750e+19 1.423396325318022963e+19 1.330721620104114586e+19 1.275905797442002534e+19
3.088255669899984896e+19 2.834019785182033510e+19 2.600522808660132659e+19 2.386080887558510592e+19 2.189248537361885184e+19 2.008572804430396211e+19 1.842810898138703053e+19 1.690752190761375130e+19 1.551294140521435955e+19 1.423396325318022758e+19 1.330721620104114381e+19 1.275905797442003354e+19
3.088255669899984486e+19 2.834019785182033920e+19 2.600522808660132659e+19 2.386080887558509773e+19 2.189248537361885184e+19 2.008572804430395802e+19 1.842810898138703053e+19 1.690752190761375334e+19 1.551294140521435955e+19 1.423396325318022963e+19 1.330721620104114381e+19 1.275905797442003149e+19
3.088255669899984486e+19 2.834019785182034330e+19 2.600522808660132659e+19 2.386080887558509773e+19 2.189248537361885184e+19 2.008572804430395802e+19 1.842810898138702643e+19 1.690752190761375334e+19 1.551294140521435955e+19 1.423396325318022758e+19 1.330721620104114586e+19 1.275905797442003763e+19
3.088255669899984896e+19 2.834019785182033101e+19 2.600522808660132250e+19 2.386080887558509773e+19 2.189248537361885184e+19 2.008572804430396621e+19 1.842810898138702643e+19 1.690752190761375539e+19 1.551294140521436160e+19 1.423396325318022963e+19 1.330721620104114381e+19 1.275905797442003763e+19
3.088255669899984896e+19 2.834019785182032282e+19 2.600522808660132659e+19 2.386080887558509363e+19 2.189248537361885184e+19 2.008572804430396211e+19 1.842810898138702848e+19 1.690752190761375744e+19 1.551294140521436160e+19 1.423396325318022758e+19 1.330721620104114995e+19 1.275905797442003558e+19
3.088255669899984896e+19 2.834019785182033510e+19 2.600522808660132250e+19 2.386080887558509773e+19 2.189248537361885594e+19 2.008572804430395802e+19 1.842810898138702438e+19 1.690752190761376154e+19 1.551294140521436365e+19 1.423396325318022554e+19 1.330721620104114790e+19 1.275905797442003763e+19
3.088255669899986534e+19 2.834019785182033101e+19 2.600522808660132250e+19 2.386080887558509773e+19 2.189248537361886003e+19 2.008572804430397030e+19 1.842810898138702848e+19 1.690752190761376358e+19 1.551294140521436774e+19 1.423396325318022349e+19 1.330721620104114586e+19 1.275905797442003763e+19
3.088255669899987354e+19 2.834019785182033510e+19 2.600522808660132250e+19 2.386080887558508954e+19 2.189248537361885594e+19 2.008572804430397030e+19 1.842810898138702848e+19 1.690752190761376563e+19 1.551294140521436774e+19 1.423396325318022349e+19 1.330721620104114790e+19 1.275905797442003558e+19
3.088255669899987354e+19 2.834019785182035149e+19 2.600522808660131840e+19 2.386080887558509363e+19 2.189248537361885184e+19 2.008572804430397030e+19 1.842810898138702848e+19 1.690752190761377178e+19 1.551294140521436570e+19 1.423396325318022144e+19 1.330721620104114586e+19 1.275905797442003149e+19
3.088255669899987354e+19 2.834019785182035558e+19 2.600522808660132250e+19 2.386080887558509773e+19 2.189248537361885184e+19 2.008572804430396621e+19 1.842810898138702029e+19 1.690752190761376973e+19 1.551294140521436160e+19 1.423396325318022349e+19 1.330721620104114586e+19 1.275905797442002944e+19
3.088255669899987354e+19 2.834019785182036787e+19 2.600522808660131430e+19 2.386080887558508954e+19 2.189248537361885594e+19 2.008572804430396621e+19 1.842810898138702029e+19 1.690752190761377587e+19 1.551294140521435750e+19 1.423396325318022349e+19 1.330721620104114176e+19 1.275905797442003149e+19
3.088255669899988582e+19 2.834019785182036787e+19 2.600522808660131021e+19 2.386080887558508954e+19 2.189248537361885594e+19 2.008572804430397030e+19 1.842810898138701824e+19 1.690752190761377382e+19 1.551294140521435750e+19 1.423396325318022349e+19 1.330721620104113766e+19 1.275905797442002944e+19
3.088255669899987354e+19 2.834019785182037197e+19 2.600522808660131430e+19 2.386080887558509363e+19 2.189248537361885184e+19 2.008572804430395802e+19 1.842810898138702234e+19 1.690752190761377997e+19 1.551294140521435546e+19 1.423396325318022144e+19 1.330721620104113766e+19 1.275905797442002944e+19
3.088255669899986944e+19 2.834019785182035968e+19 2.600522808660131021e+19 2.386080887558509363e+19 2.189248537361884774e+19 2.008572804430395802e+19 1.842810898138702438e+19 1.690752190761378406e+19 1.551294140521435750e+19 1.423396325318022349e+19 1.330721620104113766e+19 1.275905797442003149e+19
3.088255669899987354e+19 2.834019785182035558e+19 2.600522808660131021e+19 2.386080887558508954e+19 2.189248537361884774e+19 2.008572804430396211e+19 1.842810898138702234e+19 1.690752190761378611e+19 1.551294140521435955e+19 1.423396325318022144e+19 1.330721620104113562e+19 1.275905797442003149e+19
3.088255669899987354e+19 2.834019785182035558e+19 2.600522808660131021e+19 2.386080887558508954e+19 2.189248537361883955e+19 2.008572804430394982e+19 1.842810898138702438e+19 1.690752190761378611e+19 1.551294140521435955e+19 1.423396325318022144e+19 1.330721620104113357e+19 1.275905797442002739e+19
3.088255669899987354e+19 2.834019785182035968e+19 2.600522808660130611e+19 2.386080887558508954e+19 2.189248537361883955e+19 2.008572804430395802e+19 1.842810898138702438e+19 1.690752190761378406e+19 1.551294140521435955e+19 1.423396325318022144e+19 1.330721620104113152e+19 1.275905797442002944e+19
3.088255669899986534e+19 2.834019785182035968e+19 2.600522808660131430e+19 2.386080887558508954e+19 2.189248537361883955e+19 2.008572804430395802e+19 1.842810898138702848e+19 1.690752190761378202e+19 1.551294140521436365e+19 1.423396325318022758e+19 1.330721620104113152e+19 1.275905797442002944e+19
3.088255669899986125e+19 2.834019785182036378e+19 2.600522808660131021e+19 2.386080887558509363e+19 2.189248537361884365e+19 2.008572804430397030e+19 1.842810898138703053e+19 1.690752190761378202e+19 1.551294140521436160e+19 1.423396325318022758e+19 1.330721620104113562e+19 1.275905797442002944e+19
3.088255669899986534e+19 2.834019785182035968e+19 2.600522808660131430e+19 2.386080887558509363e+19 2.189248537361884365e+19 2.008572804430397030e+19 1.842810898138703258e+19 1.690752190761377997e+19 1.551294140521435955e+19 1.423396325318022554e+19 1.330721620104113152e+19 1.275905797442002739e+19
3.088255669899987763e+19 2.834019785182035558e+19 2.600522808660131430e+19 2.386080887558509363e+19 2.189248537361884365e+19 2.008572804430397440e+19 1.842810898138703872e+19 1.690752190761377792e+19 1.551294140521435955e+19 1.423396325318022963e+19 1.330721620104113152e+19 1.275905797442002534e+19
3.088255669899987763e+19 2.834019785182036787e+19 2.600522808660131021e+19 2.386080887558508954e+19 2.189248537361884365e+19 2.008572804430396621e+19 1.842810898138703462e+19 1.690752190761377997e+19 1.551294140521436160e+19 1.423396325318022554e+19 1.330721620104113562e+19 1.275905797442002944e+19
3.088255669899988173e+19 2.834019785182035149e+19 2.600522808660131021e+19 2.386080887558508544e+19 2.189248537361883546e+19 2.008572804430396621e+19 1.842810898138703258e+19 1.690752190761377997e+19 1.551294140521435955e+19 1.423396325318022349e+19 1.330721620104113766e+19 1.275905797442002944e+19
3.088255669899987763e+19 2.834019785182034330e+19 2.600522808660131021e+19 2.386080887558508544e+19 2.189248537361883955e+19 2.008572804430396621e+19 1.842810898138703053e+19 1.690752190761377382e+19 1.551294140521435955e+19 1.423396325318022554e+19 1.330721620104113357e+19 1.275905797442002534e+19
3.088255669899987354e+19 2.834019785182033510e+19 2.600522808660131430e+19 2.386080887558508544e+19 2.189248537361883955e+19 2.008572804430396211e+19 1.842810898138702643e+19 1.690752190761377382e+19 1.551294140521435955e+19 1.423396325318022758e+19 1.330721620104113562e+19 1.275905797442002739e+19
3.088255669899988173e+19 2.834019785182033101e+19 2.600522808660131430e+19 2.386080887558507725e+19 2.189248537361883955e+19 2.008572804430396621e+19 1.842810898138702848e+19 1.690752190761376973e+19 1.551294140521435955e+19 1.423396325318022758e+19 1.330721620104113766e+19 1.275905797442002739e+19
3.088255669899987763e+19 2.834019785182033101e+19 2.600522808660131430e+19 2.386080887558507315e+19 2.189248537361883136e+19 2.008572804430396621e+19 1.842810898138702848e+19 1.690752190761376973e+19 1.551294140521435750e+19 1.423396325318023168e+19 1.330721620104113562e+19 1.275905797442002944e+19
3.088255669899987763e+19 2.834019785182032691e+19 2.600522808660131430e+19 2.386080887558507315e+19 2.189248537361883546e+19 2.008572804430397030e+19 1.842810898138702848e+19 1.690752190761377178e+19 1.551294140521435750e+19 1.423396325318022758e+19 1.330721620104113357e+19 1.275905797442002534e+19
3.088255669899989402e+19 2.834019785182033510e+19 2.600522808660131430e+19 2.386080887558507725e+19 2.189248537361883546e+19 2.008572804430397030e+19 1.842810898138702643e+19 1.690752190761377178e+19 1.551294140521435955e+19 1.423396325318022758e+19 1.330721620104113357e+19 1.275905797442002534e+19
3.088255669899989402e+19 2.834019785182033510e+19 2.600522808660131840e+19 2.386080887558508134e+19 2.189248537361883136e+19 2.008572804430398259e+19 1.842810898138702848e+19 1.690752190761376973e+19 1.551294140521435750e+19 1.423396325318023168e+19 1.330721620104113562e+19 1.275905797442002739e+19
3.088255669899990221e+19 2.834019785182033510e+19 2.600522808660131430e+19 2.386080887558508544e+19 2.189248537361883546e+19 2.008572804430398669e+19 1.842810898138702848e+19 1.690752190761376973e+19 1.551294140521435546e+19 1.423396325318023168e+19 1.330721620104113357e+19 1.275905797442002944e+19
3.088255669899990630e+19 2.834019785182033510e+19 2.600522808660131840e+19 2.386080887558508134e+19 2.189248537361883136e+19 2.008572804430398259e+19 1.842810898138702438e+19 1.690752190761377382e+19 1.551294140521436160e+19 1.423396325318023168e+19 1.330721620104112947e+19 1.275905797442003149e+19
3.088255669899990221e+19 2.834019785182033920e+19 2.600522808660132250e+19 2.386080887558508134e+19 2.189248537361882726e+19 2.008572804430399488e+19 1.842810898138702643e+19 1.690752190761376973e+19 1.551294140521435955e+19 1.423396325318023168e+19 1.330721620104113357e+19 1.275905797442003763e+19
3.088255669899989402e+19 2.834019785182034330e+19 2.600522808660131840e+19 2.386080887558508544e+19 2.189248537361882317e+19 2.008572804430399488e+19 1.842810898138702643e+19 1.690752190761376973e+19 1.551294140521435955e+19 1.423396325318022758e+19 1.330721620104113562e+19 1.275905797442003763e+19
3.088255669899988992e+19 2.834019785182033101e+19 2.600522808660131840e+19 2.386080887558508134e+19 2.189248537361882317e+19 2.008572804430399078e+19 1.842810898138702234e+19 1.690752190761376768e+19 1.551294140521435750e+19 1.423396325318022963e+19 1.330721620104113357e+19 1.275905797442003968e+19
3.088255669899988992e+19 2.834019785182033510e+19 2.600522808660131840e+19 2.386080887558508544e+19 2.189248537361882317e+19 2.008572804430399078e+19 1.842810898138702234e+19 1.690752190761376973e+19 1.551294140521435546e+19 1.423396325318023168e+19 1.330721620104113357e+19 1.275905797442004378e+19
3.088255669899988173e+19 2.834019785182033510e+19 2.600522808660131840e+19 2.386080887558509363e+19 2.189248537361883136e+19 2.008572804430399078e+19 1.842810898138702029e+19 1.690752190761377178e+19 1.551294140521434931e+19 1.423396325318023168e+19 1.330721620104113152e+19 1.275905797442004378e+19
3.088255669899988582e+19 2.834019785182033101e+19 2.600522808660132250e+19 2.386080887558508954e+19 2.189248537361883546e+19 2.008572804430398259e+19 1.842810898138701619e+19 1.690752190761376768e+19 1.551294140521435546e+19 1.423396325318022963e+19 1.330721620104113357e+19 1.275905797442004582e+19
3.088255669899988992e+19 2.834019785182032691e+19 2.600522808660131430e+19 2.386080887558509363e+19 2.189248537361883955e+19 2.008572804430398259e+19 1.842810898138702234e+19 1.690752190761376973e+19 1.551294140521434726e+19 1.423396325318023168e+19 1.330721620104112947e+19 1.275905797442004173e+19
3.088255669899988992e+19 2.834019785182032691e+19 2.600522808660131430e+19 2.386080887558509773e+19 2.189248537361883546e+19 2.008572804430398669e+19 1.842810898138701824e+19 1.690752190761377587e+19 1.551294140521434317e+19 1.423396325318022554e+19 1.330721620104112947e+19 1.275905797442004378e+19
3.088255669899988992e+19 2.834019785182032691e+19 2.600522808660131430e+19 2.386080887558510182e+19 2.189248537361883955e+19 2.008572804430398669e+19 1.842810898138701824e+19 1.690752190761377792e+19 1.551294140521434112e+19 1.423396325318022554e+19 1.330721620104112538e+19 1.275905797442004582e+19
3.088255669899989811e+19 2.834019785182031053e+19 2.600522808660131021e+19 2.386080887558510182e+19 2.189248537361883136e+19 2.008572804430399488e+19 1.842810898138701824e+19 1.690752190761377792e+19 1.551294140521433907e+19 1.423396325318023168e+19 1.330721620104112538e+19 1.275905797442004582e+19
3.088255669899990221e+19 2.834019785182031462e+19 2.600522808660131430e+19 2.386080887558510182e+19 2.189248537361883136e+19 2.008572804430399898e+19 1.842810898138701824e+19 1.690752190761377792e+19 1.551294140521433907e+19 1.423396325318022963e+19 1.330721620104112128e+19 1.275905797442004992e+19
3.088255669899990221e+19 2.834019785182031462e+19 2.600522808660131430e+19 2.386080887558509773e+19 2.189248537361883136e+19 2.008572804430399898e+19 1.842810898138702029e+19 1.690752190761377997e+19 1.551294140521434317e+19 1.423396325318023168e+19 1.330721620104111718e+19 1.275905797442005197e+19
3.088255669899989811e+19 2.834019785182031872e+19 2.600522808660131021e+19 2.386080887558509363e+19 2.189248537361882726e+19 2.008572804430401126e+19 1.842810898138702234e+19 1.690752190761377997e+19 1.551294140521433907e+19 1.423396325318023168e+19 1.330721620104111309e+19 1.275905797442004582e+19
3.088255669899989811e+19 2.834019785182031872e+19 2.600522808660131021e+19 2.386080887558509773e+19 2.189248537361882726e+19 2.008572804430401536e+19 1.842810898138702029e+19 1.690752190761377587e+19 1.551294140521433907e+19 1.423396325318023578e+19 1.330721620104111514e+19 1.275905797442004378e+19
3.088255669899989402e+19 2.834019785182032282e+19 2.600522808660130202e+19 2.386080887558510182e+19 2.189248537361883136e+19 2.008572804430401126e+19 1.842810898138701824e+19 1.690752190761377792e+19 1.551294140521433702e+19 1.423396325318023373e+19 1.330721620104110899e+19 1.275905797442004992e+19
3.088255669899989811e+19 2.834019785182031872e+19 2.600522808660129792e+19 2.386080887558510182e+19 2.189248537361882726e+19 2.008572804430401536e+19 1.842810898138701414e+19 1.690752190761378202e+19 1.551294140521433293e+19 1.423396325318023578e+19 1.330721620104111309e+19 1.275905797442004582e+19
3.088255669899989811e+19 2.834019785182031872e+19 2.600522808660129382e+19 2.386080887558509363e+19 2.189248537361882726e+19 2.008572804430400717e+19 1.842810898138701210e+19 1.690752190761378611e+19 1.551294140521433498e+19 1.423396325318023987e+19 1.330721620104111309e+19 1.275905797442004787e+19
3.088255669899989402e+19 2.834019785182032282e+19 2.600522808660129792e+19 2.386080887558509363e+19 2.189248537361882317e+19 2.008572804430401536e+19 1.842810898138701824e+19 1.690752190761379226e+19 1.551294140521433293e+19 1.423396325318023987e+19 1.330721620104111309e+19 1.275905797442004378e+19
3.088255669899988582e+19 2.834019785182031872e+19 2.600522808660129792e+19 2.386080887558509363e+19 2.189248537361881907e+19 2.008572804430400717e+19 1.842810898138702234e+19 1.690752190761379430e+19 1.551294140521433293e+19 1.423396325318024397e+19 1.330721620104111104e+19 1.275905797442004582e+19
3.088255669899988582e+19 2.834019785182031053e+19 2.600522808660129792e+19 2.386080887558509363e+19 2.189248537361881498e+19 2.008572804430400717e+19 1.842810898138702234e+19 1.690752190761379430e+19 1.551294140521433498e+19 1.423396325318024397e+19 1.330721620104110694e+19 1.275905797442004173e+19
3.088255669899987763e+19 2.834019785182031462e+19 2.600522808660129792e+19 2.386080887558509773e+19 2.189248537361881498e+19 2.008572804430400717e+19 1.842810898138702234e+19 1.690752190761379635e+19 1.551294140521433293e+19 1.423396325318024397e+19 1.330721620104110285e+19 1.275905797442004173e+19
3.088255669899987763e+19 2.834019785182032282e+19 2.600522808660130202e+19 2.386080887558509773e+19 2.189248537361881498e+19 2.008572804430400307e+19 1.842810898138702643e+19 1.690752190761379840e+19 1.551294140521433088e+19 1.423396325318024602e+19 1.330721620104110694e+19 1.275905797442003968e+19
3.088255669899988582e+19 2.834019785182031872e+19 2.600522808660129792e+19 2.386080887558509773e+19 2.189248537361881088e+19 2.008572804430399898e+19 1.842810898138702848e+19 1.690752190761379840e+19 1.551294140521432678e+19 1.423396325318025011e+19 1.330721620104110490e+19 1.275905797442003968e+19
3.088255669899986944e+19 2.834019785182032691e+19 2.600522808660129382e+19 2.386080887558510182e+19 2.189248537361881088e+19 2.008572804430398669e+19 1.842810898138702643e+19 1.690752190761380045e+19 1.551294140521432678e+19 1.423396325318025011e+19 1.330721620104110694e+19 1.275905797442003558e+19
3.088255669899988173e+19 2.834019785182032282e+19 2.600522808660129792e+19 2.386080887558509363e+19 2.189248537361881498e+19 2.008572804430399078e+19 1.842810898138703258e+19 1.690752190761380045e+19 1.551294140521432474e+19 1.423396325318024806e+19 1.330721620104110490e+19 1.275905797442004173e+19
3.088255669899988992e+19 2.834019785182031872e+19 2.600522808660129382e+19 2.386080887558509773e+19 2.189248537361881088e+19 2.008572804430398669e+19 1.842810898138702848e+19 1.690752190761380454e+19 1.551294140521432883e+19 1.423396325318024806e+19 1.330721620104110285e+19 1.275905797442003763e+19
3.088255669899989402e+19 2.834019785182031462e+19 2.600522808660128973e+19 2.386080887558509773e+19 2.189248537361880678e+19 2.008572804430399488e+19 1.842810898138703053e+19 1.690752190761380864e+19 1.551294140521433088e+19 1.423396325318025216e+19 1.330721620104110285e+19 1.275905797442003558e+19
3.088255669899989402e+19 2.834019785182031053e+19 2.600522808660128973e+19 2.386080887558509363e+19 2.189248537361880678e+19 2.008572804430399078e+19 1.842810898138703258e+19 1.690752190761380864e+19 1.551294140521432678e+19 1.423396325318025421e+19 1.330721620104110285e+19 1.275905797442003354e+19
3.088255669899989811e+19 2.834019785182030643e+19 2.600522808660129792e+19 2.386080887558509363e+19 2.189248537361881088e+19 2.008572804430399488e+19 1.842810898138703258e+19 1.690752190761380250e+19 1.551294140521432883e+19 1.423396325318025421e+19 1.330721620104110080e+19 1.275905797442002944e+19
3.088255669899990221e+19 2.834019785182031462e+19 2.600522808660129792e+19 2.386080887558509773e+19 2.189248537361881088e+19 2.008572804430399488e+19 1.842810898138702643e+19 1.690752190761380454e+19 1.551294140521432678e+19 1.423396325318025421e+19 1.330721620104110080e+19 1.275905797442003149e+19
3.088255669899988992e+19 2.834019785182031462e+19 2.600522808660129792e+19 2.386080887558508544e+19 2.189248537361880678e+19 2.008572804430398669e+19 1.842810898138702029e+19 1.690752190761380659e+19 1.551294140521432678e+19 1.423396325318025421e+19 1.330721620104110285e+19 1.275905797442003149e+19
3.088255669899988173e+19 2.834019785182031872e+19 2.600522808660129382e+19 2.386080887558507725e+19 2.189248537361881088e+19 2.008572804430398669e+19 1.842810898138701824e+19 1.690752190761380454e+19 1.551294140521432474e+19 1.423396325318025216e+19 1.330721620104110080e+19 1.275905797442002944e+19
3.088255669899988992e+19 2.834019785182031462e+19 2.600522808660129382e+19 2.386080887558507725e+19 2.189248537361881088e+19 2.008572804430399488e+19 1.842810898138701824e+19 1.690752190761380659e+19 1.551294140521432269e+19 1.423396325318025011e+19 1.330721620104110080e+19 1.275905797442002944e+19
3.088255669899988582e+19 2.834019785182029824e+19 2.600522808660129792e+19 2.386080887558508544e+19 2.189248537361881088e+19 2.008572804430398669e+19 1.842810898138701824e+19 1.690752190761380864e+19 1.551294140521432883e+19 1.423396325318024806e+19 1.330721620104110080e+19 1.275905797442003149e+19
3.088255669899988173e+19 2.834019785182029414e+19 2.600522808660130202e+19 2.386080887558508134e+19 2.189248537361881088e+19 2.008572804430398259e+19 1.842810898138701619e+19 1.690752190761381069e+19 1.551294140521432474e+19 1.423396325318024602e+19 1.330721620104109466e+19 1.275905797442003354e+19
3.088255669899988173e+19 2.834019785182030643e+19 2.600522808660129792e+19 2.386080887558508954e+19 2.189248537361880678e+19 2.008572804430397850e+19 1.842810898138701210e+19 1.690752190761381274e+19 1.551294140521432474e+19 1.423396325318024602e+19 1.330721620104109056e+19 1.275905797442003558e+19
3.088255669899986944e+19 2.834019785182030643e+19 2.600522808660129792e+19 2.386080887558508134e+19 2.189248537361881088e+19 2.008572804430397440e+19 1.842810898138701210e+19 1.690752190761381478e+19 1.551294140521432678e+19 1.423396325318025011e+19 1.330721620104109261e+19 1.275905797442003558e+19
3.088255669899987763e+19 2.834019785182030643e+19 2.600522808660129792e+19 2.386080887558507725e+19 2.189248537361881088e+19 2.008572804430398259e+19 1.842810898138701414e+19 1.690752190761380864e+19 1.551294140521432883e+19 1.423396325318024806e+19 1.330721620104109056e+19 1.275905797442003354e+19
3.088255669899988173e+19 2.834019785182031462e+19 2.600522808660130611e+19 2.386080887558507725e+19 2.189248537361881907e+19 2.008572804430397030e+19 1.842810898138701210e+19 1.690752190761380659e+19 1.551294140521432678e+19 1.423396325318024806e+19 1.330721620104108646e+19 1.275905797442003354e+19
3.088255669899986944e+19 2.834019785182032282e+19 2.600522808660129792e+19 2.386080887558508134e+19 2.189248537361881498e+19 2.008572804430396621e+19 1.842810898138701005e+19 1.690752190761380864e+19 1.551294140521432064e+19 1.423396325318025011e+19 1.330721620104108646e+19 1.275905797442003354e+19
3.088255669899987763e+19 2.834019785182031462e+19 2.600522808660130611e+19 2.386080887558507725e+19 2.189248537361880678e+19 2.008572804430396211e+19 1.842810898138701005e+19 1.690752190761380659e+19 1.551294140521432474e+19 1.423396325318025011e+19 1.330721620104108851e+19 1.275905797442002944e+19
3.088255669899987763e+19 2.834019785182031872e+19 2.600522808660131021e+19 2.386080887558508134e+19 2.189248537361880678e+19 2.008572804430395802e+19 1.842810898138701005e+19 1.690752190761380659e+19 1.551294140521432269e+19 1.423396325318025011e+19 1.330721620104108851e+19 1.275905797442002944e+19
3.088255669899987763e+19 2.834019785182031872e+19 2.600522808660130202e+19 2.386080887558508134e+19 2.189248537361881088e+19 2.008572804430395802e+19 1.842810898138701210e+19 1.690752190761380659e+19 1.551294140521432269e+19 1.423396325318024602e+19 1.330721620104108851e+19 1.275905797442002330e+19
3.088255669899986944e+19 2.834019785182032282e+19 2.600522808660130202e+19 2.386080887558507725e+19 2.189248537361881498e+19 2.008572804430395802e+19 1.842810898138701005e+19 1.690752190761380454e+19 1.551294140521432269e+19 1.423396325318024397e+19 1.330721620104108442e+19 1.275905797442002330e+19
3.088255669899986944e+19 2.834019785182032691e+19 2.600522808660130202e+19 2.386080887558507725e+19 2.189248537361881498e+19 2.008572804430396211e+19 1.842810898138700595e+19 1.690752190761380250e+19 1.551294140521431859e+19 1.423396325318024192e+19 1.330721620104108442e+19 1.275905797442002330e+19
3.088255669899987354e+19 2.834019785182031872e+19 2.600522808660130202e+19 2.386080887558507315e+19 2.189248537361881088e+19 2.008572804430396211e+19 1.842810898138701005e+19 1.690752190761380045e+19 1.551294140521432678e+19 1.423396325318024397e+19 1.330721620104107827e+19 1.275905797442002125e+19
3.088255669899986534e+19 2.834019785182032691e+19 2.600522808660130202e+19 2.386080887558507725e+19 2.189248537361881498e+19 2.008572804430396211e+19 1.842810898138700800e+19 1.690752190761380454e+19 1.551294140521432678e+19 1.423396325318024192e+19 1.330721620104108032e+19 1.275905797442001920e+19
3.088255669899987354e+19 2.834019785182032691e+19 2.600522808660130202e+19 2.386080887558508134e+19 2.189248537361881088e+19 2.008572804430396621e+19 1.842810898138701619e+19 1.690752190761380454e+19 1.551294140521432474e+19 1.423396325318024397e+19 1.330721620104108237e+19 1.275905797442002534e+19
3.088255669899986944e+19 2.834019785182032691e+19 2.600522808660130202e+19 2.386080887558508134e+19 2.189248537361881498e+19 2.008572804430397030e+19 1.842810898138701005e+19 1.690752190761380454e+19 1.551294140521432474e+19 1.423396325318024192e+19 1.330721620104108442e+19 1.275905797442002739e+19
3.088255669899986944e+19 2.834019785182032282e+19 2.600522808660129792e+19 2.386080887558507725e+19 2.189248537361881498e+19 2.008572804430396211e+19 1.842810898138701005e+19 1.690752190761380045e+19 1.551294140521432474e+19 1.423396325318024192e+19 1.330721620104108646e+19 1.275905797442003354e+19
3.088255669899986944e+19 2.834019785182033510e+19 2.600522808660129792e+19 2.386080887558508134e+19 2.189248537361881907e+19 2.008572804430394982e+19 1.842810898138700595e+19 1.690752190761379635e+19 1.551294140521432678e+19 1.423396325318023782e+19 1.330721620104108237e+19 1.275905797442002944e+19
3.088255669899987354e+19 2.834019785182033510e+19 2.600522808660128973e+19 2.386080887558507315e+19 2.189248537361882317e+19 2.008572804430394982e+19 1.842810898138700800e+19 1.690752190761379635e+19 1.551294140521432883e+19 1.423396325318024192e+19 1.330721620104108237e+19 1.275905797442003149e+19
3.088255669899987354e+19 2.834019785182032691e+19 2.600522808660128563e+19 2.386080887558507315e+19 2.189248537361882317e+19 2.008572804430394982e+19 1.842810898138701210e+19 1.690752190761379635e+19 1.551294140521432678e+19 1.423396325318023987e+19 1.330721620104108237e+19 1.275905797442003149e+19
3.088255669899987763e+19 2.834019785182032282e+19 2.600522808660128973e+19 2.386080887558507315e+19 2.189248537361882317e+19 2.008572804430395802e+19 1.842810898138701005e+19 1.690752190761379430e+19 1.551294140521433293e+19 1.423396325318023373e+19 1.330721620104108032e+19 1.275905797442003149e+19
3.088255669899987354e+19 2.834019785182031462e+19 2.600522808660129382e+19 2.386080887558507725e+19 2.189248537361882317e+19 2.008572804430396211e+19 1.842810898138700800e+19 1.690752190761379430e+19 1.551294140521433088e+19 1.423396325318023168e+19 1.330721620104108442e+19 1.275905797442002944e+19
3.088255669899986944e+19 2.834019785182032282e+19 2.600522808660129792e+19 2.386080887558507725e+19 2.189248537361882317e+19 2.008572804430394982e+19 1.842810898138700595e+19 1.690752190761380045e+19 1.551294140521432474e+19 1.423396325318023168e+19 1.330721620104108646e+19 1.275905797442003558e+19
3.088255669899987354e+19 2.834019785182032282e+19 2.600522808660129382e+19 2.386080887558506906e+19 2.189248537361882726e+19 2.008572804430394982e+19 1.842810898138700800e+19 1.690752190761379635e+19 1.551294140521433293e+19 1.423396325318023168e+19 1.330721620104108646e+19 1.275905797442003763e+19
3.088255669899986534e+19 2.834019785182032691e+19 2.600522808660129792e+19 2.386080887558507315e+19 2.189248537361882726e+19 2.008572804430394573e+19 1.842810898138701414e+19 1.690752190761379840e+19 1.551294140521432678e+19 1.423396325318023987e+19 1.330721620104108646e+19 1.275905797442003968e+19
3.088255669899986534e+19 2.834019785182032282e+19 2.600522808660129382e+19 2.386080887558507315e+19 2.189248537361883136e+19 2.008572804430394573e+19 1.842810898138701005e+19 1.690752190761380045e+19 1.551294140521432678e+19 1.423396325318023987e+19 1.330721620104109056e+19 1.275905797442003558e+19
3.088255669899986944e+19 2.834019785182032691e+19 2.600522808660129382e+19 2.386080887558507315e+19 2.189248537361883546e+19 2.008572804430394163e+19 1.842810898138700800e+19 1.690752190761380045e+19 1.551294140521432474e+19 1.423396325318023987e+19 1.330721620104108851e+19 1.275905797442003763e+19
3.088255669899986534e+19 2.834019785182032282e+19 2.600522808660128973e+19 2.386080887558507315e+19 2.189248537361884365e+19 2.008572804430393754e+19 1.842810898138701619e+19 1.690752190761380250e+19 1.551294140521432678e+19 1.423396325318024192e+19 1.330721620104109056e+19 1.275905797442004173e+19
3.088255669899986944e+19 2.834019785182033510e+19 2.600522808660128563e+19 2.386080887558507315e+19 2.189248537361883955e+19 2.008572804430392525e+19 1.842810898138701824e+19 1.690752190761380045e+19 1.551294140521432474e+19 1.423396325318024192e+19 1.330721620104109056e+19 1.275905797442004378e+19
3.088255669899986944e+19 2.834019785182032691e+19 2.600522808660128154e+19 2.386080887558507315e+19 2.189248537361884774e+19 2.008572804430392115e+19 1.842810898138701619e+19 1.690752190761380250e+19 1.551294140521432474e+19 1.423396325318024397e+19 1.330721620104109261e+19 1.275905797442004173e+19
3.088255669899986944e+19 2.834019785182032691e+19 2.600522808660128563e+19 2.386080887558507315e+19 2.189248537361883955e+19 2.008572804430391706e+19 1.842810898138701824e+19 1.690752190761380045e+19 1.551294140521432269e+19 1.423396325318024806e+19 1.330721620104109466e+19 1.275905797442004378e+19
3.088255669899986534e+19 2.834019785182032691e+19 2.600522808660128154e+19 2.386080887558507315e+19 2.189248537361883955e+19 2.008572804430390886e+19 1.842810898138701824e+19 1.690752190761380045e+19 1.551294140521432474e+19 1.423396325318025011e+19 1.330721620104109056e+19 1.275905797442004378e+19
3.088255669899987354e+19 2.834019785182033101e+19 2.600522808660128973e+19 2.386080887558507725e+19 2.189248537361884774e+19 2.008572804430390477e+19 1.842810898138702234e+19 1.690752190761379840e+19 1.551294140521432269e+19 1.423396325318025216e+19 1.330721620104109056e+19 1.275905797442004582e+19
3.088255669899988173e+19 2.834019785182033510e+19 2.600522808660128973e+19 2.386080887558507725e+19 2.189248537361884365e+19 2.008572804430390477e+19 1.842810898138702438e+19 1.690752190761380045e+19 1.551294140521432474e+19 1.423396325318025011e+19 1.330721620104109056e+19 1.275905797442004582e+19
3.088255669899988582e+19 2.834019785182033920e+19 2.600522808660129382e+19 2.386080887558507725e+19 2.189248537361884774e+19 2.008572804430390067e+19 1.842810898138702438e+19 1.690752190761380250e+19 1.551294140521432269e+19 1.423396325318024806e+19 1.330721620104108851e+19 1.275905797442004582e+19
3.088255669899988582e+19 2.834019785182033510e+19 2.600522808660129382e+19 2.386080887558507315e+19 2.189248537361884774e+19 2.008572804430390477e+19 1.842810898138702234e+19 1.690752190761380045e+19 1.551294140521431859e+19 1.423396325318024397e+19 1.330721620104108851e+19 1.275905797442004992e+19
3.088255669899989402e+19 2.834019785182032691e+19 2.600522808660128973e+19 2.386080887558507315e+19 2.189248537361884774e+19 2.008572804430390477e+19 1.842810898138702643e+19 1.690752190761380045e+19 1.551294140521431450e+19 1.423396325318024602e+19 1.330721620104109261e+19 1.275905797442004992e+19
3.088255669899989811e+19 2.834019785182033510e+19 2.600522808660129382e+19 2.386080887558507315e+19 2.189248537361884774e+19 2.008572804430390477e+19 1.842810898138702438e+19 1.690752190761380045e+19 1.551294140521431450e+19 1.423396325318024806e+19 1.330721620104109670e+19 1.275905797442005197e+19
3.088255669899990221e+19 2.834019785182031872e+19 2.600522808660129382e+19 2.386080887558506906e+19 2.189248537361883955e+19 2.008572804430390067e+19 1.842810898138702234e+19 1.690752190761380250e+19 1.551294140521431450e+19 1.423396325318025011e+19 1.330721620104109261e+19 1.275905797442005402e+19
3.088255669899990221e+19 2.834019785182032282e+19 2.600522808660129792e+19 2.386080887558507315e+19 2.189248537361883546e+19 2.008572804430390067e+19 1.842810898138702438e+19 1.690752190761380454e+19 1.551294140521430835e+19 1.423396325318025011e+19 1.330721620104109670e+19 1.275905797442005197e+19
3.088255669899989811e+19 2.834019785182032282e+19 2.600522808660129382e+19 2.386080887558506906e+19 2.189248537361883955e+19 2.008572804430390477e+19 1.842810898138702848e+19 1.690752190761380454e+19 1.551294140521430835e+19 1.423396325318024602e+19 1.330721620104110285e+19 1.275905797442004992e+19
3.088255669899991040e+19 2.834019785182032691e+19 2.600522808660129792e+19 2.386080887558506906e+19 2.189248537361883955e+19 2.008572804430390886e+19 1.842810898138702438e+19 1.690752190761380250e+19 1.551294140521431040e+19 1.423396325318024397e+19 1.330721620104110490e+19 1.275905797442005197e+19
3.088255669899991450e+19 2.834019785182031872e+19 2.600522808660130202e+19 2.386080887558507315e+19 2.189248537361884365e+19 2.008572804430390477e+19 1.842810898138702029e+19 1.690752190761380659e+19 1.551294140521431245e+19 1.423396325318024397e+19 1.330721620104110490e+19 1.275905797442004787e+19
3.088255669899991040e+19 2.834019785182031462e+19 2.600522808660129382e+19 2.386080887558507315e+19 2.189248537361884365e+19 2.008572804430390477e+19 1.842810898138701619e+19 1.690752190761380454e+19 1.551294140521431450e+19 1.423396325318024397e+19 1.330721620104110285e+19 1.275905797442004787e+19
3.088255669899991450e+19 2.834019785182031462e+19 2.600522808660129792e+19 2.386080887558507725e+19 2.189248537361884774e+19 2.008572804430390477e+19 1.842810898138701210e+19 1.690752190761380659e+19 1.551294140521431245e+19 1.423396325318024602e+19 1.330721620104110490e+19 1.275905797442004992e+19
3.088255669899991040e+19 2.834019785182031872e+19 2.600522808660129792e+19 2.386080887558507725e+19 2.189248537361885184e+19 2.008572804430391706e+19 1.842810898138701210e+19 1.690752190761380250e+19 1.551294140521431040e+19 1.423396325318024397e+19 1.330721620104110285e+19 1.275905797442005606e+19
3.088255669899991040e+19 2.834019785182030643e+19 2.600522808660129382e+19 2.386080887558507725e+19 2.189248537361884365e+19 2.008572804430391296e+19 1.842810898138701005e+19 1.690752190761380659e+19 1.551294140521431040e+19 1.423396325318025216e+19 1.330721620104110285e+19 1.275905797442006016e+19
3.088255669899991450e+19 2.834019785182030643e+19 2.600522808660128973e+19 2.386080887558507315e+19 2.189248537361884774e+19 2.008572804430390886e+19 1.842810898138701619e+19 1.690752190761380659e+19 1.551294140521430835e+19 1.423396325318025011e+19 1.330721620104109875e+19 1.275905797442005811e+19
3.088255669899991450e+19 2.834019785182030643e+19 2.600522808660129382e+19 2.386080887558507725e+19 2.189248537361884365e+19 2.008572804430391706e+19 1.842810898138701414e+19 1.690752190761381069e+19 1.551294140521430835e+19 1.423396325318025011e+19 1.330721620104109670e+19 1.275905797442005811e+19
3.088255669899991040e+19 2.834019785182031053e+19 2.600522808660129792e+19 2.386080887558507725e+19 2.189248537361884365e+19 2.008572804430392525e+19 1.842810898138701414e+19 1.690752190761380864e+19 1.551294140521431040e+19 1.423396325318025216e+19 1.330721620104109875e+19 1.275905797442005606e+19
3.088255669899991859e+19 2.834019785182030643e+19 2.600522808660129792e+19 2.386080887558507725e+19 2.189248537361885184e+19 2.008572804430392525e+19 1.842810898138701210e+19 1.690752190761381069e+19 1.551294140521431654e+19 1.423396325318025216e+19 1.330721620104109875e+19 1.275905797442005811e+19
3.088255669899991859e+19 2.834019785182031872e+19 2.600522808660129792e+19 2.386080887558507315e+19 2.189248537361885594e+19 2.008572804430392525e+19 1.842810898138701005e+19 1.690752190761381069e+19 1.551294140521431450e+19 1.423396325318025626e+19 1.330721620104109875e+19 1.275905797442006426e+19
3.088255669899992678e+19 2.834019785182033101e+19 2.600522808660130202e+19 2.386080887558507725e+19 2.189248537361885594e+19 2.008572804430392525e+19 1.842810898138700800e+19 1.690752190761381069e+19 1.551294140521431654e+19 1.423396325318025421e+19 1.330721620104109466e+19 1.275905797442007040e+19
3.088255669899992678e+19 2.834019785182032282e+19 2.600522808660130202e+19 2.386080887558507315e+19 2.189248537361885594e+19 2.008572804430392115e+19 1.842810898138700595e+19 1.690752190761381478e+19 1.551294140521431859e+19 1.423396325318025421e+19 1.330721620104109670e+19 1.275905797442007245e+19
3.088255669899992269e+19 2.834019785182031872e+19 2.600522808660129792e+19 2.386080887558508134e+19 2.189248537361885594e+19 2.008572804430391706e+19 1.842810898138700390e+19 1.690752190761381274e+19 1.551294140521431450e+19 1.423396325318025011e+19 1.330721620104109466e+19 1.275905797442007654e+19
3.088255669899992269e+19 2.834019785182032282e+19 2.600522808660130202e+19 2.386080887558507315e+19 2.189248537361886003e+19 2.008572804430390886e+19 1.842810898138700186e+19 1.690752190761381274e+19 1.551294140521431654e+19 1.423396325318025626e+19 1.330721620104109261e+19 1.275905797442007450e+19
3.088255669899991859e+19 2.834019785182032691e+19 2.600522808660130202e+19 2.386080887558506906e+19 2.189248537361885594e+19 2.008572804430390477e+19 1.842810898138700390e+19 1.690752190761381069e+19 1.551294140521431450e+19 1.423396325318025421e+19 1.330721620104109056e+19 1.275905797442008064e+19
3.088255669899991040e+19 2.834019785182031462e+19 2.600522808660129382e+19 2.386080887558506496e+19 2.189248537361885594e+19 2.008572804430390477e+19 1.842810898138700800e+19 1.690752190761381069e+19 1.551294140521431859e+19 1.423396325318026035e+19 1.330721620104109261e+19 1.275905797442007859e+19
3.088255669899991450e+19 2.834019785182031462e+19 2.600522808660129792e+19 2.386080887558506086e+19 2.189248537361885184e+19 2.008572804430390886e+19 1.842810898138701210e+19 1.690752190761381069e+19 1.551294140521431450e+19 1.423396325318025830e+19 1.330721620104109056e+19 1.275905797442007654e+19
3.088255669899991859e+19 2.834019785182031462e+19 2.600522808660128973e+19 2.386080887558506086e+19 2.189248537361885184e+19 2.008572804430389248e+19 1.842810898138700800e+19 1.690752190761381069e+19 1.551294140521431654e+19 1.423396325318026240e+19 1.330721620104109056e+19 1.275905797442008269e+19
3.088255669899991040e+19 2.834019785182031872e+19 2.600522808660129382e+19 2.386080887558506086e+19 2.189248537361884774e+19 2.008572804430390067e+19 1.842810898138700186e+19 1.690752190761380659e+19 1.551294140521432064e+19 1.423396325318026240e+19 1.330721620104109261e+19 1.275905797442008474e+19
3.088255669899991450e+19 2.834019785182032282e+19 2.600522808660129382e+19 2.386080887558506086e+19 2.189248537361884365e+19 2.008572804430390067e+19 1.842810898138699981e+19 1.690752190761380659e+19 1.551294140521432269e+19 1.423396325318026240e+19 1.330721620104109670e+19 1.275905797442008064e+19
3.088255669899991450e+19 2.834019785182033510e+19 2.600522808660129382e+19 2.386080887558505677e+19 2.189248537361883955e+19 2.008572804430391296e+19 1.842810898138699981e+19 1.690752190761381069e+19 1.551294140521432269e+19 1.423396325318026240e+19 1.330721620104109875e+19 1.275905797442008269e+19
3.088255669899992269e+19 2.834019785182033101e+19 2.600522808660128973e+19 2.386080887558506086e+19 2.189248537361884365e+19 2.008572804430392115e+19 1.842810898138699981e+19 1.690752190761381274e+19 1.551294140521432269e+19 1.423396325318026445e+19 1.330721620104110080e+19 1.275905797442008269e+19
3.088255669899991859e+19 2.834019785182032691e+19 2.600522808660129382e+19 2.386080887558506086e+19 2.189248537361884365e+19 2.008572804430392115e+19 1.842810898138699571e+19 1.690752190761381274e+19 1.551294140521432269e+19 1.423396325318025830e+19 1.330721620104109466e+19 1.275905797442008269e+19
3.088255669899992678e+19 2.834019785182033920e+19 2.600522808660129382e+19 2.386080887558506086e+19 2.189248537361883955e+19 2.008572804430392115e+19 1.842810898138699366e+19 1.690752190761381274e+19 1.551294140521432269e+19 1.423396325318026240e+19 1.330721620104109261e+19 1.275905797442008474e+19
3.088255669899993907e+19 2.834019785182034739e+19 2.600522808660128973e+19 2.386080887558506086e+19 2.189248537361884774e+19 2.008572804430392525e+19 1.842810898138699162e+19 1.690752190761381683e+19 1.551294140521432678e+19 1.423396325318026445e+19 1.330721620104108646e+19 1.275905797442008474e+19
3.088255669899994317e+19 2.834019785182033920e+19 2.600522808660128563e+19 2.386080887558506496e+19 2.189248537361885184e+19 2.008572804430393754e+19 1.842810898138698957e+19 1.690752190761382093e+19 1.551294140521432678e+19 1.423396325318026240e+19 1.330721620104108851e+19 1.275905797442008678e+19
3.088255669899994726e+19 2.834019785182033101e+19 2.600522808660128563e+19 2.386080887558506086e+19 2.189248537361885594e+19 2.008572804430393754e+19 1.842810898138699162e+19 1.690752190761382298e+19 1.551294140521432678e+19 1.423396325318026035e+19 1.330721620104108442e+19 1.275905797442008678e+19
3.088255669899995546e+19 2.834019785182033510e+19 2.600522808660128563e+19 2.386080887558506086e+19 2.189248537361884774e+19 2.008572804430394573e+19 1.842810898138698752e+19 1.690752190761382093e+19 1.551294140521432883e+19 1.423396325318025421e+19 1.330721620104108442e+19 1.275905797442008474e+19
3.088255669899994317e+19 2.834019785182033510e+19 2.600522808660128563e+19 2.386080887558506496e+19 2.189248537361885184e+19 2.008572804430393344e+19 1.842810898138698752e+19 1.690752190761382093e+19 1.551294140521432883e+19 1.423396325318025421e+19 1.330721620104108237e+19 1.275905797442008474e+19
3.088255669899994317e+19 2.834019785182033101e+19 2.600522808660128973e+19 2.386080887558506086e+19 2.189248537361885184e+19 2.008572804430394163e+19 1.842810898138698547e+19 1.690752190761382093e+19 1.551294140521432474e+19 1.423396325318025216e+19 1.330721620104108032e+19 1.275905797442008064e+19
3.088255669899995546e+19 2.834019785182032282e+19 2.600522808660128973e+19 2.386080887558506086e+19 2.189248537361884774e+19 2.008572804430394573e+19 1.842810898138698752e+19 1.690752190761382093e+19 1.551294140521433293e+19 1.423396325318025421e+19 1.330721620104108442e+19 1.275905797442007859e+19
3.088255669899996365e+19 2.834019785182031872e+19 2.600522808660128973e+19 2.386080887558506496e+19 2.189248537361885594e+19 2.008572804430394573e+19 1.842810898138698342e+19 1.690752190761382502e+19 1.551294140521433088e+19 1.423396325318025626e+19 1.330721620104108237e+19 1.275905797442008064e+19
3.088255669899995546e+19 2.834019785182031462e+19 2.600522808660128973e+19 2.386080887558506906e+19 2.189248537361885184e+19 2.008572804430394982e+19 1.842810898138698342e+19 1.690752190761383117e+19 1.551294140521433293e+19 1.423396325318025216e+19 1.330721620104108032e+19 1.275905797442008064e+19
3.088255669899995955e+19 2.834019785182031872e+19 2.600522808660128563e+19 2.386080887558506086e+19 2.189248537361885594e+19 2.008572804430394573e+19 1.842810898138698547e+19 1.690752190761382707e+19 1.551294140521433088e+19 1.423396325318025421e+19 1.330721620104108442e+19 1.275905797442008474e+19
3.088255669899995955e+19 2.834019785182031872e+19 2.600522808660128563e+19 2.386080887558505677e+19 2.189248537361885594e+19 2.008572804430394982e+19 1.842810898138698752e+19 1.690752190761382502e+19 1.551294140521433293e+19 1.423396325318025216e+19 1.330721620104108646e+19 1.275905797442008474e+19
3.088255669899994726e+19 2.834019785182031872e+19 2.600522808660128563e+19 2.386080887558506906e+19 2.189248537361886003e+19 2.008572804430394163e+19 1.842810898138698752e+19 1.690752190761382502e+19 1.551294140521433088e+19 1.423396325318025830e+19 1.330721620104108646e+19 1.275905797442008883e+19
3.088255669899994726e+19 2.834019785182031462e+19 2.600522808660128563e+19 2.386080887558507725e+19 2.189248537361886822e+19 2.008572804430395392e+19 1.842810898138698547e+19 1.690752190761382298e+19 1.551294140521432678e+19 1.423396325318026035e+19 1.330721620104108851e+19 1.275905797442008883e+19
3.088255669899994317e+19 2.834019785182031872e+19 2.600522808660128563e+19 2.386080887558507725e+19 2.189248537361886413e+19 2.008572804430394982e+19 1.842810898138698342e+19 1.690752190761382298e+19 1.551294140521432883e+19 1.423396325318025830e+19 1.330721620104108851e+19 1.275905797442008883e+19
3.088255669899993907e+19 2.834019785182031462e+19 2.600522808660128154e+19 2.386080887558507315e+19 2.189248537361886413e+19 2.008572804430395802e+19 1.842810898138697728e+19 1.690752190761382912e+19 1.551294140521432883e+19 1.423396325318025830e+19 1.330721620104108442e+19 1.275905797442008064e+19
3.088255669899993907e+19 2.834019785182031462e+19 2.600522808660126925e+19 2.386080887558507725e+19 2.189248537361886822e+19 2.008572804430395802e+19 1.842810898138697318e+19 1.690752190761382912e+19 1.551294140521431859e+19 1.423396325318026240e+19 1.330721620104108646e+19 1.275905797442008269e+19
3.088255669899994317e+19 2.834019785182031462e+19 2.600522808660126925e+19 2.386080887558507315e+19 2.189248537361886413e+19 2.008572804430396211e+19 1.842810898138697728e+19 1.690752190761382502e+19 1.551294140521431859e+19 1.423396325318026035e+19 1.330721620104108851e+19 1.275905797442008269e+19
3.088255669899994317e+19 2.834019785182030234e+19 2.600522808660126515e+19 2.386080887558506906e+19 2.189248537361886413e+19 2.008572804430395392e+19 1.842810898138697933e+19 1.690752190761382093e+19 1.551294140521431654e+19 1.423396325318026035e+19 1.330721620104109056e+19 1.275905797442008269e+19
3.088255669899995136e+19 2.834019785182030234e+19 2.600522808660125286e+19 2.386080887558507315e+19 2.189248537361886822e+19 2.008572804430395802e+19 1.842810898138698138e+19 1.690752190761381888e+19 1.551294140521431859e+19 1.423396325318025626e+19 1.330721620104109261e+19 1.275905797442008064e+19
3.088255669899995546e+19 2.834019785182029824e+19 2.600522808660124467e+19 2.386080887558506906e+19 2.189248537361886413e+19 2.008572804430394982e+19 1.842810898138697933e+19 1.690752190761381683e+19 1.551294140521432064e+19 1.423396325318025830e+19 1.330721620104109466e+19 1.275905797442008064e+19
3.088255669899994726e+19 2.834019785182029824e+19 2.600522808660124467e+19 2.386080887558506906e+19 2.189248537361887232e+19 2.008572804430395392e+19 1.842810898138698138e+19 1.690752190761381274e+19 1.551294140521432064e+19 1.423396325318026240e+19 1.330721620104109875e+19 1.275905797442008064e+19
3.088255669899993498e+19 2.834019785182029414e+19 2.600522808660124467e+19 2.386080887558506906e+19 2.189248537361887642e+19 2.008572804430395392e+19 1.842810898138698138e+19 1.690752190761381478e+19 1.551294140521432064e+19 1.423396325318026240e+19 1.330721620104109466e+19 1.275905797442008064e+19
3.088255669899993498e+19 2.834019785182028595e+19 2.600522808660124877e+19 2.386080887558506906e+19 2.189248537361887642e+19 2.008572804430395392e+19 1.842810898138698547e+19 1.690752190761381888e+19 1.551294140521432269e+19 1.423396325318026445e+19 1.330721620104109466e+19 1.275905797442008064e+19
3.088255669899993088e+19 2.834019785182028186e+19 2.600522808660125286e+19 2.386080887558506086e+19 2.189248537361887642e+19 2.008572804430394982e+19 1.842810898138698547e+19 1.690752190761381888e+19 1.551294140521432678e+19 1.423396325318026650e+19 1.330721620104109261e+19 1.275905797442008269e+19
3.088255669899994317e+19 2.834019785182027366e+19 2.600522808660125696e+19 2.386080887558506086e+19 2.189248537361887232e+19 2.008572804430394982e+19 1.842810898138698138e+19 1.690752190761381274e+19 1.551294140521433293e+19 1.423396325318026854e+19 1.330721620104109261e+19 1.275905797442008269e+19
3.088255669899993498e+19 2.834019785182028186e+19 2.600522808660125286e+19 2.386080887558505677e+19 2.189248537361886822e+19 2.008572804430394573e+19 1.842810898138698138e+19 1.690752190761381683e+19 1.551294140521433702e+19 1.423396325318026445e+19 1.330721620104109056e+19 1.275905797442008474e+19
3.088255669899992678e+19 2.834019785182027776e+19 2.600522808660125696e+19 2.386080887558506086e+19 2.189248537361886822e+19 2.008572804430395392e+19 1.842810898138698138e+19 1.690752190761381888e+19 1.551294140521433498e+19 1.423396325318026445e+19 1.330721620104109056e+19 1.275905797442007859e+19
3.088255669899992678e+19 2.834019785182028186e+19 2.600522808660125696e+19 2.386080887558505677e+19 2.189248537361886822e+19 2.008572804430395392e+19 1.842810898138698138e+19 1.690752190761381683e+19 1.551294140521433293e+19 1.423396325318026445e+19 1.330721620104108851e+19 1.275905797442007859e+19
3.088255669899993088e+19 2.834019785182028186e+19 2.600522808660126106e+19 2.386080887558506496e+19 2.189248537361887232e+19 2.008572804430395392e+19 1.842810898138698342e+19 1.690752190761381478e+19 1.551294140521433088e+19 1.423396325318026035e+19 1.330721620104108442e+19 1.275905797442007859e+19
3.088255669899992678e+19 2.834019785182026547e+19 2.600522808660126106e+19 2.386080887558506906e+19 2.189248537361886822e+19 2.008572804430395392e+19 1.842810898138698547e+19 1.690752190761381478e+19 1.551294140521433293e+19 1.423396325318026035e+19 1.330721620104108442e+19 1.275905797442007654e+19
3.088255669899992678e+19 2.834019785182026547e+19 2.600522808660126515e+19 2.386080887558506496e+19 2.189248537361886413e+19 2.008572804430394163e+19 1.842810898138698138e+19 1.690752190761381683e+19 1.551294140521433088e+19 1.423396325318025421e+19 1.330721620104108237e+19 1.275905797442007654e+19
3.088255669899992678e+19 2.834019785182027366e+19 2.600522808660126515e+19 2.386080887558507315e+19 2.189248537361886413e+19 2.008572804430394573e+19 1.842810898138697933e+19 1.690752190761381683e+19 1.551294140521432678e+19 1.423396325318025421e+19 1.330721620104108442e+19 1.275905797442007040e+19
3.088255669899992269e+19 2.834019785182027366e+19 2.600522808660126515e+19 2.386080887558507725e+19 2.189248537361886413e+19 2.008572804430394163e+19 1.842810898138698138e+19 1.690752190761381888e+19 1.551294140521432883e+19 1.423396325318025830e+19 1.330721620104107827e+19 1.275905797442007450e+19
3.088255669899991859e+19 2.834019785182028186e+19 2.600522808660126515e+19 2.386080887558507725e+19 2.189248537361886003e+19 2.008572804430393754e+19 1.842810898138697933e+19 1.690752190761382298e+19 1.551294140521432883e+19 1.423396325318025421e+19 1.330721620104108032e+19 1.275905797442007040e+19
3.088255669899991859e+19 2.834019785182027776e+19 2.600522808660126515e+19 2.386080887558507315e+19 2.189248537361885594e+19 2.008572804430394163e+19 1.842810898138698342e+19 1.690752190761382093e+19 1.551294140521432678e+19 1.423396325318025830e+19 1.330721620104107827e+19 1.275905797442007040e+19
3.088255669899992678e+19 2.834019785182027776e+19 2.600522808660126925e+19 2.386080887558507315e+19 2.189248537361886003e+19 2.008572804430393754e+19 1.842810898138698547e+19 1.690752190761382093e+19 1.551294140521432269e+19 1.423396325318026240e+19 1.330721620104108237e+19 1.275905797442007040e+19
3.088255669899992678e+19 2.834019785182027366e+19 2.600522808660126515e+19 2.386080887558508134e+19 2.189248537361886003e+19 2.008572804430392115e+19 1.842810898138698342e+19 1.690752190761382093e+19 1.551294140521432474e+19 1.423396325318025830e+19 1.330721620104107827e+19 1.275905797442007040e+19
3.088255669899992678e+19 2.834019785182026138e+19 2.600522808660125286e+19 2.386080887558508134e+19 2.189248537361885594e+19 2.008572804430392115e+19 1.842810898138698342e+19 1.690752190761381888e+19 1.551294140521432064e+19 1.423396325318026240e+19 1.330721620104107827e+19 1.275905797442007450e+19
3.088255669899993498e+19 2.834019785182025318e+19 2.600522808660125696e+19 2.386080887558508544e+19 2.189248537361885594e+19 2.008572804430392115e+19 1.842810898138697933e+19 1.690752190761381478e+19 1.551294140521431450e+19 1.423396325318026240e+19 1.330721620104107418e+19 1.275905797442007654e+19
3.088255669899992678e+19 2.834019785182025318e+19 2.600522808660125696e+19 2.386080887558508544e+19 2.189248537361886003e+19 2.008572804430391296e+19 1.842810898138697728e+19 1.690752190761381683e+19 1.551294140521431450e+19 1.423396325318026035e+19 1.330721620104107827e+19 1.275905797442007859e+19
3.088255669899992269e+19 2.834019785182025318e+19 2.600522808660125696e+19 2.386080887558507725e+19 2.189248537361886413e+19 2.008572804430391296e+19 1.842810898138697933e+19 1.690752190761381888e+19 1.551294140521431040e+19 1.423396325318026035e+19 1.330721620104107827e+19 1.275905797442007654e+19
3.088255669899991859e+19 2.834019785182024909e+19 2.600522808660125696e+19 2.386080887558507315e+19 2.189248537361886413e+19 2.008572804430392115e+19 1.842810898138698138e+19 1.690752190761381478e+19 1.551294140521431450e+19 1.423396325318026445e+19 1.330721620104107213e+19 1.275905797442007654e+19
3.088255669899991859e+19 2.834019785182025728e+19 2.600522808660125696e+19 2.386080887558507725e+19 2.189248537361886822e+19 2.008572804430390886e+19 1.842810898138698138e+19 1.690752190761382093e+19 1.551294140521431040e+19 1.423396325318026240e+19 1.330721620104107008e+19 1.275905797442007654e+19
3.088255669899992269e+19 2.834019785182025318e+19 2.600522808660125696e+19 2.386080887558507725e+19 2.189248537361886822e+19 2.008572804430391706e+19 1.842810898138698138e+19 1.690752190761381888e+19 1.551294140521431245e+19 1.423396325318026445e+19 1.330721620104106803e+19 1.275905797442006835e+19
3.088255669899991859e+19 2.834019785182026138e+19 2.600522808660126106e+19 2.386080887558508134e+19 2.189248537361887232e+19 2.008572804430392115e+19 1.842810898138698138e+19 1.690752190761382093e+19 1.551294140521431245e+19 1.423396325318026650e+19 1.330721620104106598e+19 1.275905797442006630e+19
3.088255669899992269e+19 2.834019785182025728e+19 2.600522808660126515e+19 2.386080887558508134e+19 2.189248537361886822e+19 2.008572804430392525e+19 1.842810898138697933e+19 1.690752190761382502e+19 1.551294140521430630e+19 1.423396325318026650e+19 1.330721620104106598e+19 1.275905797442006426e+19
3.088255669899992269e+19 2.834019785182026138e+19 2.600522808660126106e+19 2.386080887558508544e+19 2.189248537361886413e+19 2.008572804430391706e+19 1.842810898138698138e+19 1.690752190761382502e+19 1.551294140521430630e+19 1.423396325318026854e+19 1.330721620104106394e+19 1.275905797442006016e+19
3.088255669899993498e+19 2.834019785182026138e+19 2.600522808660126515e+19 2.386080887558508134e+19 2.189248537361886413e+19 2.008572804430391706e+19 1.842810898138698547e+19 1.690752190761382298e+19 1.551294140521430630e+19 1.423396325318027264e+19 1.330721620104106394e+19 1.275905797442006016e+19
3.088255669899993498e+19 2.834019785182026138e+19 2.600522808660126106e+19 2.386080887558508954e+19 2.189248537361886413e+19 2.008572804430391296e+19 1.842810898138698752e+19 1.690752190761382093e+19 1.551294140521430221e+19 1.423396325318027469e+19 1.330721620104106189e+19 1.275905797442006221e+19
3.088255669899993498e+19 2.834019785182025318e+19 2.600522808660126106e+19 2.386080887558508954e+19 2.189248537361886822e+19 2.008572804430390886e+19 1.842810898138699162e+19 1.690752190761382093e+19 1.551294140521430016e+19 1.423396325318027674e+19 1.330721620104106394e+19 1.275905797442006016e+19
3.088255669899993498e+19 2.834019785182025318e+19 2.600522808660125696e+19 2.386080887558508954e+19 2.189248537361886413e+19 2.008572804430390886e+19 1.842810898138698957e+19 1.690752190761381888e+19 1.551294140521429606e+19 1.423396325318027674e+19 1.330721620104106598e+19 1.275905797442006221e+19
3.088255669899993498e+19 2.834019785182024499e+19 2.600522808660125696e+19 2.386080887558508134e+19 2.189248537361887232e+19 2.008572804430390477e+19 1.842810898138699162e+19 1.690752190761381683e+19 1.551294140521430426e+19 1.423396325318027674e+19 1.330721620104106394e+19 1.275905797442006426e+19
3.088255669899994317e+19 2.834019785182025318e+19 2.600522808660125696e+19 2.386080887558508134e+19 2.189248537361887232e+19 2.008572804430390477e+19 1.842810898138699162e+19 1.690752190761382093e+19 1.551294140521430016e+19 1.423396325318027674e+19 1.330721620104106598e+19 1.275905797442006426e+19
3.088255669899994726e+19 2.834019785182025318e+19 2.600522808660126106e+19 2.386080887558508134e+19 2.189248537361887232e+19 2.008572804430390067e+19 1.842810898138699571e+19 1.690752190761381478e+19 1.551294140521430016e+19 1.423396325318027878e+19 1.330721620104106598e+19 1.275905797442006630e+19
3.088255669899993907e+19 2.834019785182025728e+19 2.600522808660125286e+19 2.386080887558507725e+19 2.189248537361887232e+19 2.008572804430390477e+19 1.842810898138700186e+19 1.690752190761381274e+19 1.551294140521430221e+19 1.423396325318028083e+19 1.330721620104106189e+19 1.275905797442006221e+19
3.088255669899994726e+19 2.834019785182026138e+19 2.600522808660125286e+19 2.386080887558507725e+19 2.189248537361887232e+19 2.008572804430389248e+19 1.842810898138699776e+19 1.690752190761381478e+19 1.551294140521429811e+19 1.423396325318028288e+19 1.330721620104107008e+19 1.275905797442006221e+19
3.088255669899995136e+19 2.834019785182025728e+19 2.600522808660124877e+19 2.386080887558507315e+19 2.189248537361886822e+19 2.008572804430389658e+19 1.842810898138699162e+19 1.690752190761381274e+19 1.551294140521429402e+19 1.423396325318028083e+19 1.330721620104106803e+19 1.275905797442006221e+19
3.088255669899994317e+19 2.834019785182025318e+19 2.600522808660124467e+19 2.386080887558507315e+19 2.189248537361886413e+19 2.008572804430390067e+19 1.842810898138699571e+19 1.690752190761381683e+19 1.551294140521429606e+19 1.423396325318027674e+19 1.330721620104106803e+19 1.275905797442006221e+19
3.088255669899995136e+19 2.834019785182026138e+19 2.600522808660124877e+19 2.386080887558507725e+19 2.189248537361885594e+19 2.008572804430390477e+19 1.842810898138699776e+19 1.690752190761381888e+19 1.551294140521430016e+19 1.423396325318027674e+19 1.330721620104107008e+19 1.275905797442006016e+19
3.088255669899995546e+19 2.834019785182026138e+19 2.600522808660124877e+19 2.386080887558507725e+19 2.189248537361885184e+19 2.008572804430390067e+19 1.842810898138699981e+19 1.690752190761382298e+19 1.551294140521430221e+19 1.423396325318027674e+19 1.330721620104106803e+19 1.275905797442006426e+19
3.088255669899995546e+19 2.834019785182027366e+19 2.600522808660124467e+19 2.386080887558507725e+19 2.189248537361885184e+19 2.008572804430390886e+19 1.842810898138699776e+19 1.690752190761382707e+19 1.551294140521430426e+19 1.423396325318027469e+19 1.330721620104107008e+19 1.275905797442005811e+19
3.088255669899995136e+19 2.834019785182027366e+19 2.600522808660123648e+19 2.386080887558508134e+19 2.189248537361885184e+19 2.008572804430391296e+19 1.842810898138699776e+19 1.690752190761382093e+19 1.551294140521430221e+19 1.423396325318027469e+19 1.330721620104107418e+19 1.275905797442005811e+19
3.088255669899995136e+19 2.834019785182026957e+19 2.600522808660124058e+19 2.386080887558508544e+19 2.189248537361884774e+19 2.008572804430392115e+19 1.842810898138699776e+19 1.690752190761381683e+19 1.551294140521430426e+19 1.423396325318027469e+19 1.330721620104107418e+19 1.275905797442005606e+19
3.088255669899995955e+19 2.834019785182027366e+19 2.600522808660124467e+19 2.386080887558508544e+19 2.189248537361884774e+19 2.008572804430392115e+19 1.842810898138699571e+19 1.690752190761381888e+19 1.551294140521430221e+19 1.423396325318027469e+19 1.330721620104107213e+19 1.275905797442005811e+19
3.088255669899995546e+19 2.834019785182027366e+19 2.600522808660124058e+19 2.386080887558507725e+19 2.189248537361885184e+19 2.008572804430392115e+19 1.842810898138699571e+19 1.690752190761381683e+19 1.551294140521430630e+19 1.423396325318026854e+19 1.330721620104107418e+19 1.275905797442005811e+19
3.088255669899995546e+19 2.834019785182027366e+19 2.600522808660124467e+19 2.386080887558507725e+19 2.189248537361884365e+19 2.008572804430392115e+19 1.842810898138700186e+19 1.690752190761381478e+19 1.551294140521430835e+19 1.423396325318026650e+19 1.330721620104107213e+19 1.275905797442005402e+19
3.088255669899995955e+19 2.834019785182027776e+19 2.600522808660124877e+19 2.386080887558508134e+19 2.189248537361884774e+19 2.008572804430392115e+19 1.842810898138700800e+19 1.690752190761381888e+19 1.551294140521430630e+19 1.423396325318026035e+19 1.330721620104107008e+19 1.275905797442006016e+19
3.088255669899995955e+19 2.834019785182026957e+19 2.600522808660124877e+19 2.386080887558508134e+19 2.189248537361885184e+19 2.008572804430392934e+19 1.842810898138701210e+19 1.690752190761381683e+19 1.551294140521431040e+19 1.423396325318025626e+19 1.330721620104107213e+19 1.275905797442006016e+19
3.088255669899995955e+19 2.834019785182027366e+19 2.600522808660124467e+19 2.386080887558508544e+19 2.189248537361885184e+19 2.008572804430393344e+19 1.842810898138701210e+19 1.690752190761381888e+19 1.551294140521431245e+19 1.423396325318025011e+19 1.330721620104107213e+19 1.275905797442006221e+19
3.088255669899995136e+19 2.834019785182027366e+19 2.600522808660124058e+19 2.386080887558508134e+19 2.189248537361885184e+19 2.008572804430393344e+19 1.842810898138701619e+19 1.690752190761382093e+19 1.551294140521431450e+19 1.423396325318025421e+19 1.330721620104107418e+19 1.275905797442006630e+19
3.088255669899995546e+19 2.834019785182026547e+19 2.600522808660124467e+19 2.386080887558508134e+19 2.189248537361885594e+19 2.008572804430393754e+19 1.842810898138702234e+19 1.690752190761381888e+19 1.551294140521431859e+19 1.423396325318025830e+19 1.330721620104107418e+19 1.275905797442007040e+19
3.088255669899994726e+19 2.834019785182027366e+19 2.600522808660124058e+19 2.386080887558508544e+19 2.189248537361885184e+19 2.008572804430393344e+19 1.842810898138702438e+19 1.690752190761382093e+19 1.551294140521432269e+19 1.423396325318025830e+19 1.330721620104107213e+19 1.275905797442006835e+19
3.088255669899993907e+19 2.834019785182026957e+19 2.600522808660124058e+19 2.386080887558508954e+19 2.189248537361884365e+19 2.008572804430392525e+19 1.842810898138702234e+19 1.690752190761382093e+19 1.551294140521432064e+19 1.423396325318025830e+19 1.330721620104107418e+19 1.275905797442006835e+19
3.088255669899993498e+19 2.834019785182027366e+19 2.600522808660123648e+19 2.386080887558508544e+19 2.189248537361884365e+19 2.008572804430392525e+19 1.842810898138702438e+19 1.690752190761381888e+19 1.551294140521431859e+19 1.423396325318025830e+19 1.330721620104107622e+19 1.275905797442006835e+19
3.088255669899993907e+19 2.834019785182026957e+19 2.600522808660123648e+19 2.386080887558508544e+19 2.189248537361883955e+19 2.008572804430391296e+19 1.842810898138702234e+19 1.690752190761382093e+19 1.551294140521431859e+19 1.423396325318025830e+19 1.330721620104107827e+19 1.275905797442007245e+19
3.088255669899995136e+19 2.834019785182026547e+19 2.600522808660122829e+19 2.386080887558508544e+19 2.189248537361883546e+19 2.008572804430391706e+19 1.842810898138702234e+19 1.690752190761382093e+19 1.551294140521431654e+19 1.423396325318025626e+19 1.330721620104107827e+19 1.275905797442007654e+19
3.088255669899994317e+19 2.834019785182026138e+19 2.600522808660123238e+19 2.386080887558508544e+19 2.189248537361883136e+19 2.008572804430391296e+19 1.842810898138702234e+19 1.690752190761382502e+19 1.551294140521431654e+19 1.423396325318025626e+19 1.330721620104107827e+19 1.275905797442007450e+19
3.088255669899994726e+19 2.834019785182026547e+19 2.600522808660123238e+19 2.386080887558507725e+19 2.189248537361883136e+19 2.008572804430390477e+19 1.842810898138702643e+19 1.690752190761382707e+19 1.551294140521431859e+19 1.423396325318025626e+19 1.330721620104108032e+19 1.275905797442007245e+19
3.088255669899995546e+19 2.834019785182025728e+19 2.600522808660123648e+19 2.386080887558507725e+19 2.189248537361883136e+19 2.008572804430390477e+19 1.842810898138702438e+19 1.690752190761382707e+19 1.551294140521432269e+19 1.423396325318026035e+19 1.330721620104108442e+19 1.275905797442007245e+19
3.088255669899995955e+19 2.834019785182025728e+19 2.600522808660123238e+19 2.386080887558507315e+19 2.189248537361883136e+19 2.008572804430390886e+19 1.842810898138702438e+19 1.690752190761382502e+19 1.551294140521432474e+19 1.423396325318026240e+19 1.330721620104108442e+19 1.275905797442007450e+19
3.088255669899996365e+19 2.834019785182026138e+19 2.600522808660123238e+19 2.386080887558507725e+19 2.189248537361883546e+19 2.008572804430389658e+19 1.842810898138702438e+19 1.690752190761382093e+19 1.551294140521432269e+19 1.423396325318025830e+19 1.330721620104108646e+19 1.275905797442007450e+19
3.088255669899995546e+19 2.834019785182026138e+19 2.600522808660123238e+19 2.386080887558507725e+19 2.189248537361882726e+19 2.008572804430389658e+19 1.842810898138702438e+19 1.690752190761382093e+19 1.551294140521431859e+19 1.423396325318025830e+19 1.330721620104109466e+19 1.275905797442007450e+19
3.088255669899995955e+19 2.834019785182027366e+19 2.600522808660122829e+19 2.386080887558507725e+19 2.189248537361882726e+19 2.008572804430390067e+19 1.842810898138702438e+19 1.690752190761382298e+19 1.551294140521431654e+19 1.423396325318025830e+19 1.330721620104109261e+19 1.275905797442007654e+19
3.088255669899996365e+19 2.834019785182027776e+19 2.600522808660123238e+19 2.386080887558507725e+19 2.189248537361882726e+19 2.008572804430390886e+19 1.842810898138701824e+19 1.690752190761382298e+19 1.551294140521431859e+19 1.423396325318026035e+19 1.330721620104109261e+19 1.275905797442008269e+19
3.088255669899996365e+19 2.834019785182026957e+19 2.600522808660122829e+19 2.386080887558507315e+19 2.189248537361882317e+19 2.008572804430390886e+19 1.842810898138702029e+19 1.690752190761382298e+19 1.551294140521431859e+19 1.423396325318026240e+19 1.330721620104109261e+19 1.275905797442008678e+19
3.088255669899997594e+19 2.834019785182027776e+19 2.600522808660123238e+19 2.386080887558507315e+19 2.189248537361882317e+19 2.008572804430391296e+19 1.842810898138702438e+19 1.690752190761381683e+19 1.551294140521431859e+19 1.423396325318026035e+19 1.330721620104109056e+19 1.275905797442008064e+19
3.088255669899998003e+19 2.834019785182028595e+19 2.600522808660123238e+19 2.386080887558506906e+19 2.189248537361883136e+19 2.008572804430390886e+19 1.842810898138701824e+19 1.690752190761381683e+19 1.551294140521431654e+19 1.423396325318026035e+19 1.330721620104109056e+19 1.275905797442008269e+19
3.088255669899998003e+19 2.834019785182028186e+19 2.600522808660124058e+19 2.386080887558507725e+19 2.189248537361882726e+19 2.008572804430390886e+19 1.842810898138701824e+19 1.690752190761381683e+19 1.551294140521432064e+19 1.423396325318025626e+19 1.330721620104108851e+19 1.275905797442008064e+19
3.088255669899997184e+19 2.834019785182029005e+19 2.600522808660124058e+19 2.386080887558507725e+19 2.189248537361883136e+19 2.008572804430390477e+19 1.842810898138701619e+19 1.690752190761381683e+19 1.551294140521431654e+19 1.423396325318025830e+19 1.330721620104108646e+19 1.275905797442007859e+19
3.088255669899996774e+19 2.834019785182028595e+19 2.600522808660124467e+19 2.386080887558507725e+19 2.189248537361883546e+19 2.008572804430390067e+19 1.842810898138701619e+19 1.690752190761382093e+19 1.551294140521431450e+19 1.423396325318026035e+19 1.330721620104108851e+19 1.275905797442007654e+19
3.088255669899997184e+19 2.834019785182028595e+19 2.600522808660124467e+19 2.386080887558508134e+19 2.189248537361882726e+19 2.008572804430390886e+19 1.842810898138701414e+19 1.690752190761381888e+19 1.551294140521431245e+19 1.423396325318026240e+19 1.330721620104108442e+19 1.275905797442007245e+19
3.088255669899997184e+19 2.834019785182029414e+19 2.600522808660124877e+19 2.386080887558507725e+19 2.189248537361882317e+19 2.008572804430390067e+19 1.842810898138701414e+19 1.690752190761381888e+19 1.551294140521431245e+19 1.423396325318026240e+19 1.330721620104108442e+19 1.275905797442007040e+19
3.088255669899997184e+19 2.834019785182030234e+19 2.600522808660125286e+19 2.386080887558507725e+19 2.189248537361881498e+19 2.008572804430389658e+19 1.842810898138701005e+19 1.690752190761381683e+19 1.551294140521431245e+19 1.423396325318025830e+19 1.330721620104108646e+19 1.275905797442006835e+19
3.088255669899997184e+19 2.834019785182031053e+19 2.600522808660125286e+19 2.386080887558507315e+19 2.189248537361881907e+19 2.008572804430390886e+19 1.842810898138701210e+19 1.690752190761382298e+19 1.551294140521431859e+19 1.423396325318026035e+19 1.330721620104108646e+19 1.275905797442007040e+19
3.088255669899997594e+19 2.834019785182030234e+19 2.600522808660126106e+19 2.386080887558506906e+19 2.189248537361882317e+19 2.008572804430390477e+19 1.842810898138701210e+19 1.690752190761381888e+19 1.551294140521431654e+19 1.423396325318026035e+19 1.330721620104108646e+19 1.275905797442007040e+19
3.088255669899997184e+19 2.834019785182030234e+19 2.600522808660126106e+19 2.386080887558506906e+19 2.189248537361881907e+19 2.008572804430390477e+19 1.842810898138701414e+19 1.690752190761381888e+19 1.551294140521431450e+19 1.423396325318025830e+19 1.330721620104108646e+19 1.275905797442007040e+19
3.088255669899996365e+19 2.834019785182029824e+19 2.600522808660125696e+19 2.386080887558506496e+19 2.189248537361881907e+19 2.008572804430391296e+19 1.842810898138701005e+19 1.690752190761381683e+19 1.551294140521431450e+19 1.423396325318026035e+19 1.330721620104108851e+19 1.275905797442006835e+19
3.088255669899995136e+19 2.834019785182029414e+19 2.600522808660125696e+19 2.386080887558506906e+19 2.189248537361881907e+19 2.008572804430390886e+19 1.842810898138701414e+19 1.690752190761381478e+19 1.551294140521431654e+19 1.423396325318026240e+19 1.330721620104108646e+19 1.275905797442007040e+19
3.088255669899996365e+19 2.834019785182029824e+19 2.600522808660125696e+19 2.386080887558506906e+19 2.189248537361882317e+19 2.008572804430390477e+19 1.842810898138702029e+19 1.690752190761381069e+19 1.551294140521431859e+19 1.423396325318026240e+19 1.330721620104108646e+19 1.275905797442007040e+19
3.088255669899996774e+19 2.834019785182029414e+19 2.600522808660125286e+19 2.386080887558507315e+19 2.189248537361881907e+19 2.008572804430390886e+19 1.842810898138701619e+19 1.690752190761380659e+19 1.551294140521432269e+19 1.423396325318026445e+19 1.330721620104109056e+19 1.275905797442007040e+19
3.088255669899998003e+19 2.834019785182029414e+19 2.600522808660125286e+19 2.386080887558506906e+19 2.189248537361881907e+19 2.008572804430390886e+19 1.842810898138701824e+19 1.690752190761380659e+19 1.551294140521432064e+19 1.423396325318026650e+19 1.330721620104109056e+19 1.275905797442007450e+19
3.088255669899998413e+19 2.834019785182029005e+19 2.600522808660124877e+19 2.386080887558506906e+19 2.189248537361882317e+19 2.008572804430390477e+19 1.842810898138701619e+19 1.690752190761380864e+19 1.551294140521431859e+19 1.423396325318026445e+19 1.330721620104108851e+19 1.275905797442007450e+19
3.088255669899999232e+19 2.834019785182027366e+19 2.600522808660124877e+19 2.386080887558506496e+19 2.189248537361881907e+19 2.008572804430390477e+19 1.842810898138701824e+19 1.690752190761380659e+19 1.551294140521431859e+19 1.423396325318026240e+19 1.330721620104109056e+19 1.275905797442007450e+19
3.088255669899998413e+19 2.834019785182027366e+19 2.600522808660125286e+19 2.386080887558506086e+19 2.189248537361881498e+19 2.008572804430390067e+19 1.842810898138701824e+19 1.690752190761380864e+19 1.551294140521432064e+19 1.423396325318026650e+19 1.330721620104108851e+19 1.275905797442007450e+19
3.088255669899997594e+19 2.834019785182027776e+19 2.600522808660124877e+19 2.386080887558506496e+19 2.189248537361881498e+19 2.008572804430390886e+19 1.842810898138702029e+19 1.690752190761380659e+19 1.551294140521431859e+19 1.423396325318026240e+19 1.330721620104108237e+19 1.275905797442008269e+19
3.088255669899998003e+19 2.834019785182027776e+19 2.600522808660125696e+19 2.386080887558505677e+19 2.189248537361881088e+19 2.008572804430391296e+19 1.842810898138701210e+19 1.690752190761380864e+19 1.551294140521431450e+19 1.423396325318027059e+19 1.330721620104107827e+19 1.275905797442008269e+19
3.088255669899998413e+19 2.834019785182028186e+19 2.600522808660125696e+19 2.386080887558506496e+19 2.189248537361881498e+19 2.008572804430391296e+19 1.842810898138700800e+19 1.690752190761380864e+19 1.551294140521431245e+19 1.423396325318026854e+19 1.330721620104108032e+19 1.275905797442008474e+19
3.088255669899998822e+19 2.834019785182027776e+19 2.600522808660125696e+19 2.386080887558506906e+19 2.189248537361881498e+19 2.008572804430390886e+19 1.842810898138701005e+19 1.690752190761380864e+19 1.551294140521430835e+19 1.423396325318027059e+19 1.330721620104107827e+19 1.275905797442008474e+19
3.088255669899998822e+19 2.834019785182027776e+19 2.600522808660125696e+19 2.386080887558506906e+19 2.189248537361882317e+19 2.008572804430390886e+19 1.842810898138701210e+19 1.690752190761381069e+19 1.551294140521430630e+19 1.423396325318027264e+19 1.330721620104107827e+19 1.275905797442008474e+19
3.088255669899997594e+19 2.834019785182028186e+19 2.600522808660125696e+19 2.386080887558507315e+19 2.189248537361881907e+19 2.008572804430391706e+19 1.842810898138701210e+19 1.690752190761381274e+19 1.551294140521430630e+19 1.423396325318026854e+19 1.330721620104107827e+19 1.275905797442008678e+19
3.088255669899997184e+19 2.834019785182029414e+19 2.600522808660126515e+19 2.386080887558507725e+19 2.189248537361881907e+19 2.008572804430390886e+19 1.842810898138701210e+19 1.690752190761381478e+19 1.551294140521430630e+19 1.423396325318026854e+19 1.330721620104107418e+19 1.275905797442009088e+19
3.088255669899998003e+19 2.834019785182029005e+19 2.600522808660126515e+19 2.386080887558507725e+19 2.189248537361881498e+19 2.008572804430391706e+19 1.842810898138701619e+19 1.690752190761381683e+19 1.551294140521430835e+19 1.423396325318026854e+19 1.330721620104107622e+19 1.275905797442008883e+19
3.088255669899998413e+19 2.834019785182027776e+19 2.600522808660126515e+19 2.386080887558507315e+19 2.189248537361881498e+19 2.008572804430390886e+19 1.842810898138701619e+19 1.690752190761381683e+19 1.551294140521430630e+19 1.423396325318026854e+19 1.330721620104107622e+19 1.275905797442008883e+19
3.088255669899998413e+19 2.834019785182028595e+19 2.600522808660126515e+19 2.386080887558507725e+19 2.189248537361881088e+19 2.008572804430390886e+19 1.842810898138701414e+19 1.690752190761381478e+19 1.551294140521431040e+19 1.423396325318026445e+19 1.330721620104107213e+19 1.275905797442008883e+19
3.088255669899998003e+19 2.834019785182028186e+19 2.600522808660127334e+19 2.386080887558507725e+19 2.189248537361881498e+19 2.008572804430391296e+19 1.842810898138701210e+19 1.690752190761381683e+19 1.551294140521431450e+19 1.423396325318026650e+19 1.330721620104107418e+19 1.275905797442008678e+19
3.088255669899999232e+19 2.834019785182029414e+19 2.600522808660126515e+19 2.386080887558506906e+19 2.189248537361881907e+19 2.008572804430391706e+19 1.842810898138701414e+19 1.690752190761382502e+19 1.551294140521431654e+19 1.423396325318026445e+19 1.330721620104107418e+19 1.275905797442009088e+19
3.088255669899999232e+19 2.834019785182028595e+19 2.600522808660126925e+19 2.386080887558506906e+19 2.189248537361881907e+19 2.008572804430391296e+19 1.842810898138701414e+19 1.690752190761382502e+19 1.551294140521431450e+19 1.423396325318026445e+19 1.330721620104107622e+19 1.275905797442008883e+19
3.088255669900000051e+19 2.834019785182029005e+19 2.600522808660127744e+19 2.386080887558507315e+19 2.189248537361881498e+19 2.008572804430391706e+19 1.842810898138701210e+19 1.690752190761382912e+19 1.551294140521431040e+19 1.423396325318026650e+19 1.330721620104107827e+19 1.275905797442008883e+19
3.088255669899999642e+19 2.834019785182028595e+19 2.600522808660127744e+19 2.386080887558506906e+19 2.189248537361881088e+19 2.008572804430392115e+19 1.842810898138701210e+19 1.690752190761383117e+19 1.551294140521431040e+19 1.423396325318026445e+19 1.330721620104107418e+19 1.275905797442009088e+19
3.088255669899999232e+19 2.834019785182029005e+19 2.600522808660127744e+19 2.386080887558507315e+19 2.189248537361881088e+19 2.008572804430392525e+19 1.842810898138701414e+19 1.690752190761382912e+19 1.551294140521431040e+19 1.423396325318026650e+19 1.330721620104107008e+19 1.275905797442008883e+19
3.088255669899998822e+19 2.834019785182029414e+19 2.600522808660127744e+19 2.386080887558506906e+19 2.189248537361881498e+19 2.008572804430392525e+19 1.842810898138701414e+19 1.690752190761382707e+19 1.551294140521431245e+19 1.423396325318026650e+19 1.330721620104106803e+19 1.275905797442008883e+19
3.088255669899997184e+19 2.834019785182029824e+19 2.600522808660127334e+19 2.386080887558506906e+19 2.189248537361880678e+19 2.008572804430392525e+19 1.842810898138701210e+19 1.690752190761382707e+19 1.551294140521430835e+19 1.423396325318026650e+19 1.330721620104107008e+19 1.275905797442008883e+19
3.088255669899997594e+19 2.834019785182029414e+19 2.600522808660127334e+19 2.386080887558507315e+19 2.189248537361880269e+19 2.008572804430392115e+19 1.842810898138701210e+19 1.690752190761382912e+19 1.551294140521430835e+19 1.423396325318026445e+19 1.330721620104107213e+19 1.275905797442009293e+19
3.088255669899998003e+19 2.834019785182029005e+19 2.600522808660127334e+19 2.386080887558508134e+19 2.189248537361880678e+19 2.008572804430391706e+19 1.842810898138701619e+19 1.690752190761382912e+19 1.551294140521430221e+19 1.423396325318026650e+19 1.330721620104107008e+19 1.275905797442009088e+19
3.088255669899998413e+19 2.834019785182028595e+19 2.600522808660126925e+19 2.386080887558508134e+19 2.189248537361880269e+19 2.008572804430391296e+19 1.842810898138701414e+19 1.690752190761382707e+19 1.551294140521429606e+19 1.423396325318026854e+19 1.330721620104106598e+19 1.275905797442009293e+19
3.088255669899999642e+19 2.834019785182028595e+19 2.600522808660126925e+19 2.386080887558508134e+19 2.189248537361880269e+19 2.008572804430391296e+19 1.842810898138701005e+19 1.690752190761382707e+19 1.551294140521429402e+19 1.423396325318026854e+19 1.330721620104106803e+19 1.275905797442009702e+19
3.088255669899999642e+19 2.834019785182028595e+19 2.600522808660127334e+19 2.386080887558508954e+19 2.189248537361880678e+19 2.008572804430391296e+19 1.842810898138701005e+19 1.690752190761383117e+19 1.551294140521429197e+19 1.423396325318026854e+19 1.330721620104106394e+19 1.275905797442010112e+19
3.088255669900000461e+19 2.834019785182026547e+19 2.600522808660127334e+19 2.386080887558508954e+19 2.189248537361880269e+19 2.008572804430390886e+19 1.842810898138701210e+19 1.690752190761382093e+19 1.551294140521429402e+19 1.423396325318027059e+19 1.330721620104106803e+19 1.275905797442009702e+19
3.088255669899999642e+19 2.834019785182026957e+19 2.600522808660127334e+19 2.386080887558509363e+19 2.189248537361880269e+19 2.008572804430391296e+19 1.842810898138701210e+19 1.690752190761382298e+19 1.551294140521429606e+19 1.423396325318026854e+19 1.330721620104106394e+19 1.275905797442009498e+19
3.088255669899999642e+19 2.834019785182025728e+19 2.600522808660126925e+19 2.386080887558508954e+19 2.189248537361880269e+19 2.008572804430391706e+19 1.842810898138701210e+19 1.690752190761381683e+19 1.551294140521429811e+19 1.423396325318027059e+19 1.330721620104106598e+19 1.275905797442009907e+19
3.088255669900000870e+19 2.834019785182026138e+19 2.600522808660127334e+19 2.386080887558508544e+19 2.189248537361880269e+19 2.008572804430391296e+19 1.842810898138700390e+19 1.690752190761382093e+19 1.551294140521429606e+19 1.423396325318027059e+19 1.330721620104106598e+19 1.275905797442010112e+19
3.088255669900000461e+19 2.834019785182026138e+19 2.600522808660127744e+19 2.386080887558508954e+19 2.189248537361880678e+19 2.008572804430391296e+19 1.842810898138700390e+19 1.690752190761382298e+19 1.551294140521429811e+19 1.423396325318027059e+19 1.330721620104106394e+19 1.275905797442009498e+19
3.088255669899999232e+19 2.834019785182026547e+19 2.600522808660127334e+19 2.386080887558508134e+19 2.189248537361881088e+19 2.008572804430391296e+19 1.842810898138700390e+19 1.690752190761381888e+19 1.551294140521430221e+19 1.423396325318027059e+19 1.330721620104106394e+19 1.275905797442009293e+19
3.088255669899999232e+19 2.834019785182026957e+19 2.600522808660127744e+19 2.386080887558507725e+19 2.189248537361880678e+19 2.008572804430391706e+19 1.842810898138700186e+19 1.690752190761381478e+19 1.551294140521430016e+19 1.423396325318026650e+19 1.330721620104106394e+19 1.275905797442009293e+19
3.088255669899999232e+19 2.834019785182026138e+19 2.600522808660127744e+19 2.386080887558507725e+19 2.189248537361881088e+19 2.008572804430390886e+19 1.842810898138699981e+19 1.690752190761381888e+19 1.551294140521430016e+19 1.423396325318026240e+19 1.330721620104106189e+19 1.275905797442009498e+19
3.088255669899999642e+19 2.834019785182026547e+19 2.600522808660127744e+19 2.386080887558507315e+19 2.189248537361881088e+19 2.008572804430390477e+19 1.842810898138700390e+19 1.690752190761382502e+19 1.551294140521429811e+19 1.423396325318026035e+19 1.330721620104105984e+19 1.275905797442009293e+19
3.088255669899999232e+19 2.834019785182027776e+19 2.600522808660128563e+19 2.386080887558507315e+19 2.189248537361879859e+19 2.008572804430390477e+19 1.842810898138700186e+19 1.690752190761382707e+19 1.551294140521430016e+19 1.423396325318025830e+19 1.330721620104105574e+19 1.275905797442009498e+19
3.088255669899999642e+19 2.834019785182027776e+19 2.600522808660128563e+19 2.386080887558506906e+19 2.189248537361879859e+19 2.008572804430390886e+19 1.842810898138700595e+19 1.690752190761382093e+19 1.551294140521430016e+19 1.423396325318025626e+19 1.330721620104105574e+19 1.275905797442009702e+19
3.088255669900000051e+19 2.834019785182027366e+19 2.600522808660129382e+19 2.386080887558507315e+19 2.189248537361879450e+19 2.008572804430389658e+19 1.842810898138700800e+19 1.690752190761382502e+19 1.551294140521429811e+19 1.423396325318025830e+19 1.330721620104105574e+19 1.275905797442009702e+19
3.088255669900000461e+19 2.834019785182027776e+19 2.600522808660129382e+19 2.386080887558507315e+19 2.189248537361879450e+19 2.008572804430389658e+19 1.842810898138700800e+19 1.690752190761382298e+19 1.551294140521430221e+19 1.423396325318026035e+19 1.330721620104105165e+19 1.275905797442009293e+19
3.088255669900000051e+19 2.834019785182027776e+19 2.600522808660129382e+19 2.386080887558507315e+19 2.189248537361879450e+19 2.008572804430390477e+19 1.842810898138700595e+19 1.690752190761382502e+19 1.551294140521430221e+19 1.423396325318026240e+19 1.330721620104104960e+19 1.275905797442008883e+19
3.088255669899999642e+19 2.834019785182028595e+19 2.600522808660129382e+19 2.386080887558506086e+19 2.189248537361879859e+19 2.008572804430389658e+19 1.842810898138700186e+19 1.690752190761382707e+19 1.551294140521430630e+19 1.423396325318026240e+19 1.330721620104104755e+19 1.275905797442009088e+19
3.088255669899999642e+19 2.834019785182029005e+19 2.600522808660129792e+19 2.386080887558505677e+19 2.189248537361879450e+19 2.008572804430390477e+19 1.842810898138700390e+19 1.690752190761383117e+19 1.551294140521430221e+19 1.423396325318026240e+19 1.330721620104104960e+19 1.275905797442009702e+19
3.088255669899998822e+19 2.834019785182027776e+19 2.600522808660129792e+19 2.386080887558506086e+19 2.189248537361879450e+19 2.008572804430390477e+19 1.842810898138700186e+19 1.690752190761382502e+19 1.551294140521431040e+19 1.423396325318026240e+19 1.330721620104104960e+19 1.275905797442009907e+19
3.088255669899997594e+19 2.834019785182027366e+19 2.600522808660129382e+19 2.386080887558506086e+19 2.189248537361879450e+19 2.008572804430391296e+19 1.842810898138699981e+19 1.690752190761382502e+19 1.551294140521430835e+19 1.423396325318025830e+19 1.330721620104105165e+19 1.275905797442009702e+19
3.088255669899997594e+19 2.834019785182026957e+19 2.600522808660128973e+19 2.386080887558506496e+19 2.189248537361879859e+19 2.008572804430390477e+19 1.842810898138699776e+19 1.690752190761382502e+19 1.551294140521431040e+19 1.423396325318025830e+19 1.330721620104105370e+19 1.275905797442009907e+19
3.088255669899997184e+19 2.834019785182026957e+19 2.600522808660129382e+19 2.386080887558506086e+19 2.189248537361879450e+19 2.008572804430390477e+19 1.842810898138699776e+19 1.690752190761382298e+19 1.551294140521431040e+19 1.423396325318025830e+19 1.330721620104105370e+19 1.275905797442009907e+19
3.088255669899995546e+19 2.834019785182026138e+19 2.600522808660129792e+19 2.386080887558505677e+19 2.189248537361879450e+19 2.008572804430389658e+19 1.842810898138699776e+19 1.690752190761382502e+19 1.551294140521431450e+19 1.423396325318025421e+19 1.330721620104105370e+19 1.275905797442009907e+19
3.088255669899995546e+19 2.834019785182026138e+19 2.600522808660129382e+19 2.386080887558505677e+19 2.189248537361878630e+19 2.008572804430389658e+19 1.842810898138700186e+19 1.690752190761382707e+19 1.551294140521431245e+19 1.423396325318025626e+19 1.330721620104105370e+19 1.275905797442010112e+19
3.088255669899995546e+19 2.834019785182025318e+19 2.600522808660128973e+19 2.386080887558506086e+19 2.189248537361878221e+19 2.008572804430389658e+19 1.842810898138699981e+19 1.690752190761382298e+19 1.551294140521431654e+19 1.423396325318025421e+19 1.330721620104105165e+19 1.275905797442010112e+19
3.088255669899995546e+19 2.834019785182025318e+19 2.600522808660129382e+19 2.386080887558506906e+19 2.189248537361878221e+19 2.008572804430389658e+19 1.842810898138699571e+19 1.690752190761382298e+19 1.551294140521431450e+19 1.423396325318025626e+19 1.330721620104105574e+19 1.275905797442010112e+19
3.088255669899995546e+19 2.834019785182024499e+19 2.600522808660129792e+19 2.386080887558506906e+19 2.189248537361878221e+19 2.008572804430391296e+19 1.842810898138699366e+19 1.690752190761382093e+19 1.551294140521431450e+19 1.423396325318025830e+19 1.330721620104105370e+19 1.275905797442010112e+19
3.088255669899995546e+19 2.834019785182024090e+19 2.600522808660129382e+19 2.386080887558507315e+19 2.189248537361877811e+19 2.008572804430390477e+19 1.842810898138699571e+19 1.690752190761381888e+19 1.551294140521431245e+19 1.423396325318026035e+19 1.330721620104104960e+19 1.275905797442010317e+19
3.088255669899995546e+19 2.834019785182022861e+19 2.600522808660130202e+19 2.386080887558507315e+19 2.189248537361877402e+19 2.008572804430390067e+19 1.842810898138699571e+19 1.690752190761382093e+19 1.551294140521431040e+19 1.423396325318025626e+19 1.330721620104104346e+19 1.275905797442010112e+19
3.088255669899994317e+19 2.834019785182023680e+19 2.600522808660129382e+19 2.386080887558507315e+19 2.189248537361877402e+19 2.008572804430389248e+19 1.842810898138699366e+19 1.690752190761382093e+19 1.551294140521431040e+19 1.423396325318026240e+19 1.330721620104103936e+19 1.275905797442010317e+19
3.088255669899993907e+19 2.834019785182024909e+19 2.600522808660129792e+19 2.386080887558507315e+19 2.189248537361877402e+19 2.008572804430389658e+19 1.842810898138699571e+19 1.690752190761382093e+19 1.551294140521431654e+19 1.423396325318026445e+19 1.330721620104104141e+19 1.275905797442010112e+19
3.088255669899994317e+19 2.834019785182025318e+19 2.600522808660128973e+19 2.386080887558507315e+19 2.189248537361876582e+19 2.008572804430389658e+19 1.842810898138699776e+19 1.690752190761382093e+19 1.551294140521431450e+19 1.423396325318026854e+19 1.330721620104104346e+19 1.275905797442010317e+19
3.088255669899993907e+19 2.834019785182024909e+19 2.600522808660129792e+19 2.386080887558508134e+19 2.189248537361876992e+19 2.008572804430389658e+19 1.842810898138699162e+19 1.690752190761382298e+19 1.551294140521432269e+19 1.423396325318027059e+19 1.330721620104104346e+19 1.275905797442010112e+19
3.088255669899993907e+19 2.834019785182025728e+19 2.600522808660129792e+19 2.386080887558508134e+19 2.189248537361877402e+19 2.008572804430390886e+19 1.842810898138698957e+19 1.690752190761381888e+19 1.551294140521432678e+19 1.423396325318027059e+19 1.330721620104104346e+19 1.275905797442010112e+19
3.088255669899993088e+19 2.834019785182024909e+19 2.600522808660130202e+19 2.386080887558507725e+19 2.189248537361876992e+19 2.008572804430390477e+19 1.842810898138699162e+19 1.690752190761382093e+19 1.551294140521433088e+19 1.423396325318027264e+19 1.330721620104104346e+19 1.275905797442009907e+19
3.088255669899993907e+19 2.834019785182025318e+19 2.600522808660129792e+19 2.386080887558507315e+19 2.189248537361877402e+19 2.008572804430391296e+19 1.842810898138698752e+19 1.690752190761382093e+19 1.551294140521433293e+19 1.423396325318027469e+19 1.330721620104104346e+19 1.275905797442009907e+19
3.088255669899993907e+19 2.834019785182024909e+19 2.600522808660129792e+19 2.386080887558507315e+19 2.189248537361877402e+19 2.008572804430390477e+19 1.842810898138699162e+19 1.690752190761382707e+19 1.551294140521433293e+19 1.423396325318027674e+19 1.330721620104104755e+19 1.275905797442009702e+19
3.088255669899993907e+19 2.834019785182024909e+19 2.600522808660129792e+19 2.386080887558507315e+19 2.189248537361877811e+19 2.008572804430390477e+19 1.842810898138699366e+19 1.690752190761382707e+19 1.551294140521433088e+19 1.423396325318027264e+19 1.330721620104104960e+19 1.275905797442009293e+19
3.088255669899993088e+19 2.834019785182024499e+19 2.600522808660129382e+19 2.386080887558508134e+19 2.189248537361878630e+19 2.008572804430390067e+19 1.842810898138699776e+19 1.690752190761382912e+19 1.551294140521433293e+19 1.423396325318027674e+19 1.330721620104104755e+19 1.275905797442009702e+19
3.088255669899991859e+19 2.834019785182024499e+19 2.600522808660128973e+19 2.386080887558507725e+19 2.189248537361878221e+19 2.008572804430390477e+19 1.842810898138699776e+19 1.690752190761383117e+19 1.551294140521433293e+19 1.423396325318027674e+19 1.330721620104105165e+19 1.275905797442010112e+19
3.088255669899992269e+19 2.834019785182024909e+19 2.600522808660128563e+19 2.386080887558506906e+19 2.189248537361877811e+19 2.008572804430391296e+19 1.842810898138699981e+19 1.690752190761383322e+19 1.551294140521433498e+19 1.423396325318027674e+19 1.330721620104104960e+19 1.275905797442010522e+19
3.088255669899992269e+19 2.834019785182024090e+19 2.600522808660128973e+19 2.386080887558506906e+19 2.189248537361877811e+19 2.008572804430390477e+19 1.842810898138699776e+19 1.690752190761383526e+19 1.551294140521433498e+19 1.423396325318028288e+19 1.330721620104105165e+19 1.275905797442010112e+19
3.088255669899992678e+19 2.834019785182024090e+19 2.600522808660128563e+19 2.386080887558506906e+19 2.189248537361878630e+19 2.008572804430390886e+19 1.842810898138699981e+19 1.690752190761383117e+19 1.551294140521433293e+19 1.423396325318027674e+19 1.330721620104104755e+19 1.275905797442010112e+19
3.088255669899993088e+19 2.834019785182024499e+19 2.600522808660128973e+19 2.386080887558506906e+19 2.189248537361878221e+19 2.008572804430390477e+19 1.842810898138700186e+19 1.690752190761382912e+19 1.551294140521433293e+19 1.423396325318027469e+19 1.330721620104104550e+19 1.275905797442009498e+19
3.088255669899993088e+19 2.834019785182024909e+19 2.600522808660129382e+19 2.386080887558506906e+19 2.189248537361878630e+19 2.008572804430391706e+19 1.842810898138699776e+19 1.690752190761382912e+19 1.551294140521433702e+19 1.423396325318027469e+19 1.330721620104104550e+19 1.275905797442009498e+19
3.088255669899993088e+19 2.834019785182024499e+19 2.600522808660128973e+19 2.386080887558506496e+19 2.189248537361878221e+19 2.008572804430391706e+19 1.842810898138699571e+19 1.690752190761382707e+19 1.551294140521434112e+19 1.423396325318027469e+19 1.330721620104104346e+19 1.275905797442009293e+19
3.088255669899993498e+19 2.834019785182024090e+19 2.600522808660128973e+19 2.386080887558506086e+19 2.189248537361878630e+19 2.008572804430392115e+19 1.842810898138699571e+19 1.690752190761382912e+19 1.551294140521433498e+19 1.423396325318027674e+19 1.330721620104104141e+19 1.275905797442009498e+19
3.088255669899993907e+19 2.834019785182024499e+19 2.600522808660128973e+19 2.386080887558505267e+19 2.189248537361878221e+19 2.008572804430392525e+19 1.842810898138699776e+19 1.690752190761382912e+19 1.551294140521433907e+19 1.423396325318028288e+19 1.330721620104104346e+19 1.275905797442009498e+19
3.088255669899994317e+19 2.834019785182025318e+19 2.600522808660128563e+19 2.386080887558505677e+19 2.189248537361878221e+19 2.008572804430392525e+19 1.842810898138699776e+19 1.690752190761382912e+19 1.551294140521433498e+19 1.423396325318028288e+19 1.330721620104104141e+19 1.275905797442009293e+19
3.088255669899994726e+19 2.834019785182025728e+19 2.600522808660128563e+19 2.386080887558506086e+19 2.189248537361878221e+19 2.008572804430392934e+19 1.842810898138699776e+19 1.690752190761382707e+19 1.551294140521433088e+19 1.423396325318028698e+19 1.330721620104104550e+19 1.275905797442009088e+19
3.088255669899995136e+19 2.834019785182024090e+19 2.600522808660128154e+19 2.386080887558505677e+19 2.189248537361877811e+19 2.008572804430392115e+19 1.842810898138699571e+19 1.690752190761382707e+19 1.551294140521433293e+19 1.423396325318028288e+19 1.330721620104104755e+19 1.275905797442008474e+19
3.088255669899995136e+19 2.834019785182023680e+19 2.600522808660128154e+19 2.386080887558505677e+19 2.189248537361877811e+19 2.008572804430392115e+19 1.842810898138698957e+19 1.690752190761382912e+19 1.551294140521432883e+19 1.423396325318028493e+19 1.330721620104104550e+19 1.275905797442008269e+19
3.088255669899996774e+19 2.834019785182024499e+19 2.600522808660127744e+19 2.386080887558506496e+19 2.189248537361877811e+19 2.008572804430391296e+19 1.842810898138698547e+19 1.690752190761382707e+19 1.551294140521433088e+19 1.423396325318028698e+19 1.330721620104104755e+19 1.275905797442008678e+19
3.088255669899995546e+19 2.834019785182024090e+19 2.600522808660128563e+19 2.386080887558506496e+19 2.189248537361877811e+19 2.008572804430391706e+19 1.842810898138698342e+19 1.690752190761382912e+19 1.551294140521433088e+19 1.423396325318028288e+19 1.330721620104104346e+19 1.275905797442008269e+19
3.088255669899995955e+19 2.834019785182024090e+19 2.600522808660128563e+19 2.386080887558506496e+19 2.189248537361878221e+19 2.008572804430391296e+19 1.842810898138698752e+19 1.690752190761382912e+19 1.551294140521433088e+19 1.423396325318028493e+19 1.330721620104104346e+19 1.275905797442008269e+19
3.088255669899995136e+19 2.834019785182022861e+19 2.600522808660128563e+19 2.386080887558507315e+19 2.189248537361877811e+19 2.008572804430391706e+19 1.842810898138698957e+19 1.690752190761382707e+19 1.551294140521433498e+19 1.423396325318028698e+19 1.330721620104104550e+19 1.275905797442008474e+19
3.088255669899994726e+19 2.834019785182022861e+19 2.600522808660128563e+19 2.386080887558507315e+19 2.189248537361878221e+19 2.008572804430391706e+19 1.842810898138699162e+19 1.690752190761382707e+19 1.551294140521433498e+19 1.423396325318028698e+19 1.330721620104104346e+19 1.275905797442008474e+19
3.088255669899994726e+19 2.834019785182022861e+19 2.600522808660129382e+19 2.386080887558507315e+19 2.189248537361878221e+19 2.008572804430391706e+19 1.842810898138699366e+19 1.690752190761382912e+19 1.551294140521433907e+19 1.423396325318028493e+19 1.330721620104103731e+19 1.275905797442008064e+19
3.088255669899994726e+19 2.834019785182022451e+19 2.600522808660128973e+19 2.386080887558507725e+19 2.189248537361878221e+19 2.008572804430391706e+19 1.842810898138699366e+19 1.690752190761382502e+19 1.551294140521433702e+19 1.423396325318029107e+19 1.330721620104104141e+19 1.275905797442007654e+19
3.088255669899994726e+19 2.834019785182023270e+19 2.600522808660129382e+19 2.386080887558508134e+19 2.189248537361878630e+19 2.008572804430391706e+19 1.842810898138699571e+19 1.690752190761382093e+19 1.551294140521433907e+19 1.423396325318028902e+19 1.330721620104104141e+19 1.275905797442007859e+19
3.088255669899993907e+19 2.834019785182024090e+19 2.600522808660129382e+19 2.386080887558508544e+19 2.189248537361879040e+19 2.008572804430391706e+19 1.842810898138699776e+19 1.690752190761382093e+19 1.551294140521433498e+19 1.423396325318029107e+19 1.330721620104104550e+19 1.275905797442007450e+19
3.088255669899993907e+19 2.834019785182024090e+19 2.600522808660128973e+19 2.386080887558508544e+19 2.189248537361878630e+19 2.008572804430391296e+19 1.842810898138699776e+19 1.690752190761382093e+19 1.551294140521433088e+19 1.423396325318029107e+19 1.330721620104104755e+19 1.275905797442007245e+19
3.088255669899993088e+19 2.834019785182023270e+19 2.600522808660129382e+19 2.386080887558508544e+19 2.189248537361879040e+19 2.008572804430392525e+19 1.842810898138699571e+19 1.690752190761381683e+19 1.551294140521433702e+19 1.423396325318028493e+19 1.330721620104104550e+19 1.275905797442007450e+19
3.088255669899993088e+19 2.834019785182022861e+19 2.600522808660128973e+19 2.386080887558508134e+19 2.189248537361879040e+19 2.008572804430392115e+19 1.842810898138699366e+19 1.690752190761381478e+19 1.551294140521433498e+19 1.423396325318028493e+19 1.330721620104104346e+19 1.275905797442007654e+19
3.088255669899993088e+19 2.834019785182022861e+19 2.600522808660128563e+19 2.386080887558507725e+19 2.189248537361879040e+19 2.008572804430392934e+19 1.842810898138699366e+19 1.690752190761381478e+19 1.551294140521433702e+19 1.423396325318028493e+19 1.330721620104104346e+19 1.275905797442007654e+19
3.088255669899992678e+19 2.834019785182023680e+19 2.600522808660128563e+19 2.386080887558507725e+19 2.189248537361878221e+19 2.008572804430392934e+19 1.842810898138699366e+19 1.690752190761381478e+19 1.551294140521433702e+19 1.423396325318028288e+19 1.330721620104103936e+19 1.275905797442007245e+19
3.088255669899992678e+19 2.834019785182022042e+19 2.600522808660128563e+19 2.386080887558507725e+19 2.189248537361878630e+19 2.008572804430393344e+19 1.842810898138699776e+19 1.690752190761381274e+19 1.551294140521433702e+19 1.423396325318028288e+19 1.330721620104103526e+19 1.275905797442007040e+19
3.088255669899993907e+19 2.834019785182022861e+19 2.600522808660128154e+19 2.386080887558507725e+19 2.189248537361878630e+19 2.008572804430393754e+19 1.842810898138699981e+19 1.690752190761381274e+19 1.551294140521433702e+19 1.423396325318028083e+19 1.330721620104103731e+19 1.275905797442007040e+19
3.088255669899994317e+19 2.834019785182022042e+19 2.600522808660128563e+19 2.386080887558507725e+19 2.189248537361878630e+19 2.008572804430393754e+19 1.842810898138699981e+19 1.690752190761381478e+19 1.551294140521433498e+19 1.423396325318027469e+19 1.330721620104103936e+19 1.275905797442007040e+19
3.088255669899994317e+19 2.834019785182021222e+19 2.600522808660128973e+19 2.386080887558507315e+19 2.189248537361878630e+19 2.008572804430394573e+19 1.842810898138699776e+19 1.690752190761381274e+19 1.551294140521433498e+19 1.423396325318027469e+19 1.330721620104103936e+19 1.275905797442006630e+19
3.088255669899995136e+19 2.834019785182021632e+19 2.600522808660128563e+19 2.386080887558507725e+19 2.189248537361878221e+19 2.008572804430394163e+19 1.842810898138699571e+19 1.690752190761381274e+19 1.551294140521434112e+19 1.423396325318027469e+19 1.330721620104103731e+19 1.275905797442007040e+19
3.088255669899994726e+19 2.834019785182022042e+19 2.600522808660128973e+19 2.386080887558507725e+19 2.189248537361877811e+19 2.008572804430393754e+19 1.842810898138699981e+19 1.690752190761381683e+19 1.551294140521434112e+19 1.423396325318027674e+19 1.330721620104103731e+19 1.275905797442007040e+19
3.088255669899994726e+19 2.834019785182022861e+19 2.600522808660129382e+19 2.386080887558507315e+19 2.189248537361879040e+19 2.008572804430393754e+19 1.842810898138700186e+19 1.690752190761381888e+19 1.551294140521434112e+19 1.423396325318027878e+19 1.330721620104103936e+19 1.275905797442007450e+19
3.088255669899995546e+19 2.834019785182023680e+19 2.600522808660129382e+19 2.386080887558506906e+19 2.189248537361879450e+19 2.008572804430394163e+19 1.842810898138700186e+19 1.690752190761382093e+19 1.551294140521433907e+19 1.423396325318028083e+19 1.330721620104103936e+19 1.275905797442007654e+19
3.088255669899996774e+19 2.834019785182024909e+19 2.600522808660130202e+19 2.386080887558507315e+19 2.189248537361879450e+19 2.008572804430394163e+19 1.842810898138699981e+19 1.690752190761381274e+19 1.551294140521433498e+19 1.423396325318028083e+19 1.330721620104103731e+19 1.275905797442008064e+19
3.088255669899997184e+19 2.834019785182025318e+19 2.600522808660130202e+19 2.386080887558507315e+19 2.189248537361879859e+19 2.008572804430394163e+19 1.842810898138699981e+19 1.690752190761380864e+19 1.551294140521433907e+19 1.423396325318027878e+19 1.330721620104103117e+19 1.275905797442007859e+19
3.088255669899997184e+19 2.834019785182024909e+19 2.600522808660129792e+19 2.386080887558507315e+19 2.189248537361879859e+19 2.008572804430393344e+19 1.842810898138699981e+19 1.690752190761380864e+19 1.551294140521433907e+19 1.423396325318027878e+19 1.330721620104103117e+19 1.275905797442007859e+19
3.088255669899996774e+19 2.834019785182026138e+19 2.600522808660129792e+19 2.386080887558507315e+19 2.189248537361879859e+19 2.008572804430392934e+19 1.842810898138699981e+19 1.690752190761380659e+19 1.551294140521434112e+19 1.423396325318028083e+19 1.330721620104103117e+19 1.275905797442007859e+19
3.088255669899998003e+19 2.834019785182025728e+19 2.600522808660129382e+19 2.386080887558507315e+19 2.189248537361879450e+19 2.008572804430393344e+19 1.842810898138699366e+19 1.690752190761380659e+19 1.551294140521433907e+19 1.423396325318028083e+19 1.330721620104102707e+19 1.275905797442007859e+19
3.088255669899998003e+19 2.834019785182025728e+19 2.600522808660130611e+19 2.386080887558507725e+19 2.189248537361879859e+19 2.008572804430393344e+19 1.842810898138699776e+19 1.690752190761380454e+19 1.551294140521433702e+19 1.423396325318028288e+19 1.330721620104102502e+19 1.275905797442008474e+19
3.088255669899997184e+19 2.834019785182025318e+19 2.600522808660131021e+19 2.386080887558508134e+19 2.189248537361879450e+19 2.008572804430393344e+19 1.842810898138700186e+19 1.690752190761381274e+19 1.551294140521433293e+19 1.423396325318028288e+19 1.330721620104102298e+19 1.275905797442008269e+19
3.088255669899997184e+19 2.834019785182025728e+19 2.600522808660130202e+19 2.386080887558507725e+19 2.189248537361879450e+19 2.008572804430392934e+19 1.842810898138700390e+19 1.690752190761381069e+19 1.551294140521433498e+19 1.423396325318028083e+19 1.330721620104102093e+19 1.275905797442008269e+19
3.088255669899997184e+19 2.834019785182025728e+19 2.600522808660130202e+19 2.386080887558507315e+19 2.189248537361879450e+19 2.008572804430392115e+19 1.842810898138700390e+19 1.690752190761380864e+19 1.551294140521433293e+19 1.423396325318028083e+19 1.330721620104101888e+19 1.275905797442008064e+19
3.088255669899997184e+19 2.834019785182024499e+19 2.600522808660131021e+19 2.386080887558506906e+19 2.189248537361879040e+19 2.008572804430391296e+19 1.842810898138700390e+19 1.690752190761380864e+19 1.551294140521433498e+19 1.423396325318028493e+19 1.330721620104101274e+19 1.275905797442008064e+19
3.088255669899997594e+19 2.834019785182025728e+19 2.600522808660131430e+19 2.386080887558507315e+19 2.189248537361879450e+19 2.008572804430392115e+19 1.842810898138700595e+19 1.690752190761380864e+19 1.551294140521433498e+19 1.423396325318028902e+19 1.330721620104101274e+19 1.275905797442008269e+19
3.088255669899998413e+19 2.834019785182024090e+19 2.600522808660131430e+19 2.386080887558507315e+19 2.189248537361879040e+19 2.008572804430391706e+19 1.842810898138700390e+19 1.690752190761381069e+19 1.551294140521433498e+19 1.423396325318028698e+19 1.330721620104101274e+19 1.275905797442007859e+19
3.088255669899998822e+19 2.834019785182023270e+19 2.600522808660131430e+19 2.386080887558507315e+19 2.189248537361879040e+19 2.008572804430392115e+19 1.842810898138700800e+19 1.690752190761381478e+19 1.551294140521433088e+19 1.423396325318028493e+19 1.330721620104101478e+19 1.275905797442008064e+19
3.088255669899998413e+19 2.834019785182022451e+19 2.600522808660131430e+19 2.386080887558507725e+19 2.189248537361878630e+19 2.008572804430392115e+19 1.842810898138701005e+19 1.690752190761381683e+19 1.551294140521432883e+19 1.423396325318028288e+19 1.330721620104101683e+19 1.275905797442008064e+19
3.088255669899998822e+19 2.834019785182021222e+19 2.600522808660131840e+19 2.386080887558507725e+19 2.189248537361878630e+19 2.008572804430392115e+19 1.842810898138701005e+19 1.690752190761381478e+19 1.551294140521432883e+19 1.423396325318028698e+19 1.330721620104101478e+19 1.275905797442008064e+19
3.088255669899998413e+19 2.834019785182020813e+19 2.600522808660131430e+19 2.386080887558508544e+19 2.189248537361878221e+19 2.008572804430392934e+19 1.842810898138700800e+19 1.690752190761381478e+19 1.551294140521432883e+19 1.423396325318028698e+19 1.330721620104101478e+19 1.275905797442008474e+19
3.088255669899998413e+19 2.834019785182021222e+19 2.600522808660131840e+19 2.386080887558508134e+19 2.189248537361878221e+19 2.008572804430393344e+19 1.842810898138700595e+19 1.690752190761381069e+19 1.551294140521432883e+19 1.423396325318028493e+19 1.330721620104101274e+19 1.275905797442008474e+19
3.088255669899998822e+19 2.834019785182021222e+19 2.600522808660131021e+19 2.386080887558508134e+19 2.189248537361878221e+19 2.008572804430392934e+19 1.842810898138701210e+19 1.690752190761381274e+19 1.551294140521432678e+19 1.423396325318028698e+19 1.330721620104100864e+19 1.275905797442008269e+19
3.088255669899998822e+19 2.834019785182020403e+19 2.600522808660131430e+19 2.386080887558508134e+19 2.189248537361878630e+19 2.008572804430393754e+19 1.842810898138701414e+19 1.690752190761380454e+19 1.551294140521432678e+19 1.423396325318028493e+19 1.330721620104100659e+19 1.275905797442008269e+19
3.088255669899998413e+19 2.834019785182019994e+19 2.600522808660131021e+19 2.386080887558508544e+19 2.189248537361878630e+19 2.008572804430393754e+19 1.842810898138701414e+19 1.690752190761380659e+19 1.551294140521432678e+19 1.423396325318028083e+19 1.330721620104100454e+19 1.275905797442008474e+19
3.088255669899998822e+19 2.834019785182020403e+19 2.600522808660130611e+19 2.386080887558508544e+19 2.189248537361879040e+19 2.008572804430394163e+19 1.842810898138702029e+19 1.690752190761380659e+19 1.551294140521432883e+19 1.423396325318028083e+19 1.330721620104100454e+19 1.275905797442008678e+19
3.088255669899998822e+19 2.834019785182020403e+19 2.600522808660130611e+19 2.386080887558508134e+19 2.189248537361879040e+19 2.008572804430393344e+19 1.842810898138702029e+19 1.690752190761380659e+19 1.551294140521432678e+19 1.423396325318027878e+19 1.330721620104100045e+19 1.275905797442008678e+19
3.088255669899997594e+19 2.834019785182020813e+19 2.600522808660131021e+19 2.386080887558507725e+19 2.189248537361879040e+19 2.008572804430392934e+19 1.842810898138701824e+19 1.690752190761380864e+19 1.551294140521432064e+19 1.423396325318028083e+19 1.330721620104100250e+19 1.275905797442008474e+19
3.088255669899996774e+19 2.834019785182019994e+19 2.600522808660131430e+19 2.386080887558508544e+19 2.189248537361879450e+19 2.008572804430392525e+19 1.842810898138701414e+19 1.690752190761381274e+19 1.551294140521432064e+19 1.423396325318028288e+19 1.330721620104100045e+19 1.275905797442008474e+19
3.088255669899997184e+19 2.834019785182020403e+19 2.600522808660131430e+19 2.386080887558508134e+19 2.189248537361879040e+19 2.008572804430393754e+19 1.842810898138701005e+19 1.690752190761381478e+19 1.551294140521431859e+19 1.423396325318028493e+19 1.330721620104100045e+19 1.275905797442008474e+19
3.088255669899995955e+19 2.834019785182020403e+19 2.600522808660131021e+19 2.386080887558507725e+19 2.189248537361879040e+19 2.008572804430392525e+19 1.842810898138701210e+19 1.690752190761381478e+19 1.551294140521431859e+19 1.423396325318028493e+19 1.330721620104100045e+19 1.275905797442008678e+19
3.088255669899995955e+19 2.834019785182020403e+19 2.600522808660130611e+19 2.386080887558507315e+19 2.189248537361878630e+19 2.008572804430392525e+19 1.842810898138701414e+19 1.690752190761381888e+19 1.551294140521431859e+19 1.423396325318028493e+19 1.330721620104100045e+19 1.275905797442008474e+19
3.088255669899996774e+19 2.834019785182020403e+19 2.600522808660130611e+19 2.386080887558507315e+19 2.189248537361878221e+19 2.008572804430392525e+19 1.842810898138701210e+19 1.690752190761381478e+19 1.551294140521432269e+19 1.423396325318028698e+19 1.330721620104099840e+19 1.275905797442008678e+19
3.088255669899996774e+19 2.834019785182019994e+19 2.600522808660130611e+19 2.386080887558507315e+19 2.189248537361878221e+19 2.008572804430392525e+19 1.842810898138701210e+19 1.690752190761381683e+19 1.551294140521432474e+19 1.423396325318028288e+19 1.330721620104100045e+19 1.275905797442008474e+19
3.088255669899997184e+19 2.834019785182020813e+19 2.600522808660130202e+19 2.386080887558507315e+19 2.189248537361877811e+19 2.008572804430392934e+19 1.842810898138701210e+19 1.690752190761381683e+19 1.551294140521433088e+19 1.423396325318028083e+19 1.330721620104100045e+19 1.275905797442008883e+19
3.088255669899997184e+19 2.834019785182019584e+19 2.600522808660130202e+19 2.386080887558507315e+19 2.189248537361878221e+19 2.008572804430392934e+19 1.842810898138701210e+19 1.690752190761381683e+19 1.551294140521433498e+19 1.423396325318028083e+19 1.330721620104100045e+19 1.275905797442008678e+19
3.088255669899998003e+19 2.834019785182018765e+19 2.600522808660130611e+19 2.386080887558507725e+19 2.189248537361877811e+19 2.008572804430392934e+19 1.842810898138701824e+19 1.690752190761382093e+19 1.551294140521433293e+19 1.423396325318028083e+19 1.330721620104099635e+19 1.275905797442008678e+19
3.088255669899997594e+19 2.834019785182017946e+19 2.600522808660130611e+19 2.386080887558507315e+19 2.189248537361878221e+19 2.008572804430392525e+19 1.842810898138701619e+19 1.690752190761382298e+19 1.551294140521433293e+19 1.423396325318027674e+19 1.330721620104099226e+19 1.275905797442009293e+19
3.088255669899998413e+19 2.834019785182016717e+19 2.600522808660130202e+19 2.386080887558507725e+19 2.189248537361877402e+19 2.008572804430393344e+19 1.842810898138701005e+19 1.690752190761382912e+19 1.551294140521433088e+19 1.423396325318028083e+19 1.330721620104099635e+19 1.275905797442009088e+19
3.088255669899998413e+19 2.834019785182016307e+19 2.600522808660129792e+19 2.386080887558508134e+19 2.189248537361877402e+19 2.008572804430393344e+19 1.842810898138701005e+19 1.690752190761383117e+19 1.551294140521432678e+19 1.423396325318028083e+19 1.330721620104099840e+19 1.275905797442009088e+19
3.088255669899998413e+19 2.834019785182016717e+19 2.600522808660129382e+19 2.386080887558508134e+19 2.189248537361877402e+19 2.008572804430394163e+19 1.842810898138701005e+19 1.690752190761383117e+19 1.551294140521432883e+19 1.423396325318028288e+19 1.330721620104099840e+19 1.275905797442008678e+19
3.088255669899998413e+19 2.834019785182016717e+19 2.600522808660128973e+19 2.386080887558507315e+19 2.189248537361877811e+19 2.008572804430394163e+19 1.842810898138700595e+19 1.690752190761382707e+19 1.551294140521432883e+19 1.423396325318028288e+19 1.330721620104100045e+19 1.275905797442008269e+19
3.088255669899998822e+19 2.834019785182015078e+19 2.600522808660128973e+19 2.386080887558507725e+19 2.189248537361876992e+19 2.008572804430393344e+19 1.842810898138700186e+19 1.690752190761382298e+19 1.551294140521432678e+19 1.423396325318028288e+19 1.330721620104100045e+19 1.275905797442007859e+19
3.088255669899997594e+19 2.834019785182014669e+19 2.600522808660128973e+19 2.386080887558507315e+19 2.189248537361876582e+19 2.008572804430392934e+19 1.842810898138699776e+19 1.690752190761382298e+19 1.551294140521433088e+19 1.423396325318027878e+19 1.330721620104100045e+19 1.275905797442007859e+19
3.088255669899997184e+19 2.834019785182015078e+19 2.600522808660128973e+19 2.386080887558507315e+19 2.189248537361876582e+19 2.008572804430393344e+19 1.842810898138700390e+19 1.690752190761382502e+19 1.551294140521432678e+19 1.423396325318028083e+19 1.330721620104100045e+19 1.275905797442007859e+19
3.088255669899998413e+19 2.834019785182014669e+19 2.600522808660128563e+19 2.386080887558506906e+19 2.189248537361876582e+19 2.008572804430394163e+19 1.842810898138700595e+19 1.690752190761381888e+19 1.551294140521432474e+19 1.423396325318028493e+19 1.330721620104100250e+19 1.275905797442007450e+19
3.088255669899998003e+19 2.834019785182015488e+19 2.600522808660128563e+19 2.386080887558506086e+19 2.189248537361876992e+19 2.008572804430394573e+19 1.842810898138701005e+19 1.690752190761381888e+19 1.551294140521432678e+19 1.423396325318028493e+19 1.330721620104099635e+19 1.275905797442008064e+19
3.088255669899998003e+19 2.834019785182015078e+19 2.600522808660129382e+19 2.386080887558506086e+19 2.189248537361876582e+19 2.008572804430394163e+19 1.842810898138700800e+19 1.690752190761381478e+19 1.551294140521432474e+19 1.423396325318028493e+19 1.330721620104100454e+19 1.275905797442007859e+19
3.088255669899998003e+19 2.834019785182015488e+19 2.600522808660129792e+19 2.386080887558506496e+19 2.189248537361876582e+19 2.008572804430393344e+19 1.842810898138701005e+19 1.690752190761381069e+19 1.551294140521432474e+19 1.423396325318028698e+19 1.330721620104100250e+19 1.275905797442008269e+19
3.088255669899998003e+19 2.834019785182014669e+19 2.600522808660129792e+19 2.386080887558506906e+19 2.189248537361876992e+19 2.008572804430392934e+19 1.842810898138701005e+19 1.690752190761381069e+19 1.551294140521432474e+19 1.423396325318028288e+19 1.330721620104100454e+19 1.275905797442008064e+19
3.088255669899998003e+19 2.834019785182013850e+19 2.600522808660130202e+19 2.386080887558506906e+19 2.189248537361876582e+19 2.008572804430393754e+19 1.842810898138700800e+19 1.690752190761380454e+19 1.551294140521432064e+19 1.423396325318028493e+19 1.330721620104100864e+19 1.275905797442008269e+19
3.088255669899997594e+19 2.834019785182014669e+19 2.600522808660131021e+19 2.386080887558506906e+19 2.189248537361876992e+19 2.008572804430393344e+19 1.842810898138700800e+19 1.690752190761380659e+19 1.551294140521432269e+19 1.423396325318028288e+19 1.330721620104100659e+19 1.275905797442008064e+19
3.088255669899998003e+19 2.834019785182015078e+19 2.600522808660130611e+19 2.386080887558507315e+19 2.189248537361876992e+19 2.008572804430392115e+19 1.842810898138701414e+19 1.690752190761380864e+19 1.551294140521432269e+19 1.423396325318028083e+19 1.330721620104100454e+19 1.275905797442007654e+19
3.088255669899998003e+19 2.834019785182015488e+19 2.600522808660131430e+19 2.386080887558506906e+19 2.189248537361876582e+19 2.008572804430391706e+19 1.842810898138701619e+19 1.690752190761380659e+19 1.551294140521432678e+19 1.423396325318027674e+19 1.330721620104100250e+19 1.275905797442007654e+19
3.088255669899998413e+19 2.834019785182014259e+19 2.600522808660131430e+19 2.386080887558507315e+19 2.189248537361876582e+19 2.008572804430392525e+19 1.842810898138701414e+19 1.690752190761380659e+19 1.551294140521432474e+19 1.423396325318027878e+19 1.330721620104100250e+19 1.275905797442008474e+19
3.088255669899996774e+19 2.834019785182014259e+19 2.600522808660131430e+19 2.386080887558507725e+19 2.189248537361876173e+19 2.008572804430392934e+19 1.842810898138701005e+19 1.690752190761380659e+19 1.551294140521432474e+19 1.423396325318028288e+19 1.330721620104100045e+19 1.275905797442008269e+19
3.088255669899995136e+19 2.834019785182013440e+19 2.600522808660131840e+19 2.386080887558508134e+19 2.189248537361876582e+19 2.008572804430392525e+19 1.842810898138701005e+19 1.690752190761380250e+19 1.551294140521433088e+19 1.423396325318028083e+19 1.330721620104100045e+19 1.275905797442008678e+19
3.088255669899995136e+19 2.834019785182012621e+19 2.600522808660131021e+19 2.386080887558508134e+19 2.189248537361876173e+19 2.008572804430392525e+19 1.842810898138700800e+19 1.690752190761380045e+19 1.551294140521432883e+19 1.423396325318028083e+19 1.330721620104100454e+19 1.275905797442009088e+19
3.088255669899994726e+19 2.834019785182013440e+19 2.600522808660130611e+19 2.386080887558508134e+19 2.189248537361876173e+19 2.008572804430392525e+19 1.842810898138701824e+19 1.690752190761379635e+19 1.551294140521432883e+19 1.423396325318028288e+19 1.330721620104100250e+19 1.275905797442009088e+19
3.088255669899994317e+19 2.834019785182013850e+19 2.600522808660130202e+19 2.386080887558508954e+19 2.189248537361876173e+19 2.008572804430391706e+19 1.842810898138701619e+19 1.690752190761379635e+19 1.551294140521433498e+19 1.423396325318028083e+19 1.330721620104100864e+19 1.275905797442008883e+19
3.088255669899993498e+19 2.834019785182013440e+19 2.600522808660130202e+19 2.386080887558509363e+19 2.189248537361876992e+19 2.008572804430392525e+19 1.842810898138701414e+19 1.690752190761379840e+19 1.551294140521434112e+19 1.423396325318028288e+19 1.330721620104100864e+19 1.275905797442009088e+19
3.088255669899993907e+19 2.834019785182013850e+19 2.600522808660130611e+19 2.386080887558509363e+19 2.189248537361876582e+19 2.008572804430392525e+19 1.842810898138701210e+19 1.690752190761380250e+19 1.551294140521433702e+19 1.423396325318028288e+19 1.330721620104101069e+19 1.275905797442008474e+19
3.088255669899994726e+19 2.834019785182014259e+19 2.600522808660130611e+19 2.386080887558509363e+19 2.189248537361876582e+19 2.008572804430392525e+19 1.842810898138701210e+19 1.690752190761380454e+19 1.551294140521433498e+19 1.423396325318027878e+19 1.330721620104101069e+19 1.275905797442008474e+19
3.088255669899995546e+19 2.834019785182013850e+19 2.600522808660130202e+19 2.386080887558508954e+19 2.189248537361876173e+19 2.008572804430392525e+19 1.842810898138701210e+19 1.690752190761380045e+19 1.551294140521433498e+19 1.423396325318027674e+19 1.330721620104100659e+19 1.275905797442008064e+19
3.088255669899995546e+19 2.834019785182012621e+19 2.600522808660130202e+19 2.386080887558508134e+19 2.189248537361876582e+19 2.008572804430392934e+19 1.842810898138701619e+19 1.690752190761380045e+19 1.551294140521433088e+19 1.423396325318027469e+19 1.330721620104100864e+19 1.275905797442008474e+19
3.088255669899995136e+19 2.834019785182011802e+19 2.600522808660129382e+19 2.386080887558508544e+19 2.189248537361876582e+19 2.008572804430393344e+19 1.842810898138701619e+19 1.690752190761380045e+19 1.551294140521433088e+19 1.423396325318027469e+19 1.330721620104100659e+19 1.275905797442008064e+19
3.088255669899995136e+19 2.834019785182011392e+19 2.600522808660129382e+19 2.386080887558508954e+19 2.189248537361876173e+19 2.008572804430393754e+19 1.842810898138701619e+19 1.690752190761379635e+19 1.551294140521433293e+19 1.423396325318027059e+19 1.330721620104100250e+19 1.275905797442007859e+19
3.088255669899995546e+19 2.834019785182011392e+19 2.600522808660128563e+19 2.386080887558508954e+19 2.189248537361876173e+19 2.008572804430394163e+19 1.842810898138701619e+19 1.690752190761379635e+19 1.551294140521433498e+19 1.423396325318027674e+19 1.330721620104100045e+19 1.275905797442007654e+19
3.088255669899995955e+19 2.834019785182012211e+19 2.600522808660128973e+19 2.386080887558508954e+19 2.189248537361876173e+19 2.008572804430394163e+19 1.842810898138701619e+19 1.690752190761380045e+19 1.551294140521433088e+19 1.423396325318027878e+19 1.330721620104100659e+19 1.275905797442007245e+19
3.088255669899997184e+19 2.834019785182010982e+19 2.600522808660128973e+19 2.386080887558508544e+19 2.189248537361876173e+19 2.008572804430393754e+19 1.842810898138701414e+19 1.690752190761380250e+19 1.551294140521433293e+19 1.423396325318027878e+19 1.330721620104100454e+19 1.275905797442007245e+19
3.088255669899997184e+19 2.834019785182010573e+19 2.600522808660128154e+19 2.386080887558508544e+19 2.189248537361876173e+19 2.008572804430393754e+19 1.842810898138701414e+19 1.690752190761380250e+19 1.551294140521433702e+19 1.423396325318028083e+19 1.330721620104100045e+19 1.275905797442007040e+19
3.088255669899996365e+19 2.834019785182010163e+19 2.600522808660128973e+19 2.386080887558508134e+19 2.189248537361876173e+19 2.008572804430394573e+19 1.842810898138701619e+19 1.690752190761380864e+19 1.551294140521433293e+19 1.423396325318028083e+19 1.330721620104100045e+19 1.275905797442006835e+19
3.088255669899996365e+19 2.834019785182009754e+19 2.600522808660128563e+19 2.386080887558508134e+19 2.189248537361876582e+19 2.008572804430393754e+19 1.842810898138701619e+19 1.690752190761381274e+19 1.551294140521433293e+19 1.423396325318028083e+19 1.330721620104099840e+19 1.275905797442006630e+19
3.088255669899996774e+19 2.834019785182009344e+19 2.600522808660128563e+19 2.386080887558508134e+19 2.189248537361876992e+19 2.008572804430393754e+19 1.842810898138702029e+19 1.690752190761381683e+19 1.551294140521433702e+19 1.423396325318028288e+19 1.330721620104100045e+19 1.275905797442006426e+19
3.088255669899997184e+19 2.834019785182008934e+19 2.600522808660128154e+19 2.386080887558508954e+19 2.189248537361877402e+19 2.008572804430394163e+19 1.842810898138701824e+19 1.690752190761381683e+19 1.551294140521433907e+19 1.423396325318028083e+19 1.330721620104099635e+19 1.275905797442006426e+19
3.088255669899997184e+19 2.834019785182009754e+19 2.600522808660128154e+19 2.386080887558508954e+19 2.189248537361876582e+19 2.008572804430393754e+19 1.842810898138702234e+19 1.690752190761382298e+19 1.551294140521433907e+19 1.423396325318027674e+19 1.330721620104099840e+19 1.275905797442006426e+19
3.088255669899996774e+19 2.834019785182010573e+19 2.600522808660127744e+19 2.386080887558508954e+19 2.189248537361876582e+19 2.008572804430394163e+19 1.842810898138702438e+19 1.690752190761382502e+19 1.551294140521433702e+19 1.423396325318027878e+19 1.330721620104099430e+19 1.275905797442006630e+19
3.088255669899996365e+19 2.834019785182010982e+19 2.600522808660127744e+19 2.386080887558508134e+19 2.189248537361876992e+19 2.008572804430394163e+19 1.842810898138702438e+19 1.690752190761382912e+19 1.551294140521434317e+19 1.423396325318027878e+19 1.330721620104099635e+19 1.275905797442006221e+19
3.088255669899995955e+19 2.834019785182010982e+19 2.600522808660127334e+19 2.386080887558508134e+19 2.189248537361876992e+19 2.008572804430394982e+19 1.842810898138702234e+19 1.690752190761382707e+19 1.551294140521434112e+19 1.423396325318027878e+19 1.330721620104099226e+19 1.275905797442006426e+19
3.088255669899995955e+19 2.834019785182010573e+19 2.600522808660127334e+19 2.386080887558508544e+19 2.189248537361877402e+19 2.008572804430394573e+19 1.842810898138702029e+19 1.690752190761383117e+19 1.551294140521433702e+19 1.423396325318027878e+19 1.330721620104099021e+19 1.275905797442005811e+19
3.088255669899996365e+19 2.834019785182010573e+19 2.600522808660126925e+19 2.386080887558508134e+19 2.189248537361877402e+19 2.008572804430394982e+19 1.842810898138701824e+19 1.690752190761383526e+19 1.551294140521433907e+19 1.423396325318027878e+19 1.330721620104098816e+19 1.275905797442005402e+19
3.088255669899995136e+19 2.834019785182010982e+19 2.600522808660126925e+19 2.386080887558508954e+19 2.189248537361877811e+19 2.008572804430393754e+19 1.842810898138701619e+19 1.690752190761383526e+19 1.551294140521433907e+19 1.423396325318028493e+19 1.330721620104098816e+19 1.275905797442005197e+19
3.088255669899994726e+19 2.834019785182010573e+19 2.600522808660127744e+19 2.386080887558508954e+19 2.189248537361878221e+19 2.008572804430394163e+19 1.842810898138701619e+19 1.690752190761383936e+19 1.551294140521433907e+19 1.423396325318028493e+19 1.330721620104099021e+19 1.275905797442005402e+19
3.088255669899995546e+19 2.834019785182010573e+19 2.600522808660128154e+19 2.386080887558508544e+19 2.189248537361879040e+19 2.008572804430393754e+19 1.842810898138701824e+19 1.690752190761384346e+19 1.551294140521433907e+19 1.423396325318028288e+19 1.330721620104098611e+19 1.275905797442005402e+19
3.088255669899995546e+19 2.834019785182012211e+19 2.600522808660128154e+19 2.386080887558509363e+19 2.189248537361879040e+19 2.008572804430393754e+19 1.842810898138702029e+19 1.690752190761384346e+19 1.551294140521434317e+19 1.423396325318028083e+19 1.330721620104097997e+19 1.275905797442004992e+19
3.088255669899994726e+19 2.834019785182011802e+19 2.600522808660127744e+19 2.386080887558508134e+19 2.189248537361878221e+19 2.008572804430394163e+19 1.842810898138702029e+19 1.690752190761384550e+19 1.551294140521434112e+19 1.423396325318028083e+19 1.330721620104097997e+19 1.275905797442004787e+19
3.088255669899995136e+19 2.834019785182011392e+19 2.600522808660128154e+19 2.386080887558508544e+19 2.189248537361877811e+19 2.008572804430394573e+19 1.842810898138701824e+19 1.690752190761384346e+19 1.551294140521434317e+19 1.423396325318027878e+19 1.330721620104097997e+19 1.275905797442004787e+19
3.088255669899995136e+19 2.834019785182010982e+19 2.600522808660128154e+19 2.386080887558508544e+19 2.189248537361877402e+19 2.008572804430394982e+19 1.842810898138702029e+19 1.690752190761384550e+19 1.551294140521434317e+19 1.423396325318027878e+19 1.330721620104097792e+19 1.275905797442004378e+19
3.088255669899995955e+19 2.834019785182011802e+19 2.600522808660127744e+19 2.386080887558508544e+19 2.189248537361877811e+19 2.008572804430395392e+19 1.842810898138701824e+19 1.690752190761384550e+19 1.551294140521434317e+19 1.423396325318027674e+19 1.330721620104098202e+19 1.275905797442004173e+19
3.088255669899994726e+19 2.834019785182011802e+19 2.600522808660127334e+19 2.386080887558508134e+19 2.189248537361877402e+19 2.008572804430394163e+19 1.842810898138702234e+19 1.690752190761384346e+19 1.551294140521434317e+19 1.423396325318028083e+19 1.330721620104098406e+19 1.275905797442003968e+19
3.088255669899995136e+19 2.834019785182011392e+19 2.600522808660127334e+19 2.386080887558508134e+19 2.189248537361877402e+19 2.008572804430394163e+19 1.842810898138702234e+19 1.690752190761384346e+19 1.551294140521434112e+19 1.423396325318027878e+19 1.330721620104098816e+19 1.275905797442003763e+19
3.088255669899995136e+19 2.834019785182010982e+19 2.600522808660127334e+19 2.386080887558508134e+19 2.189248537361876992e+19 2.008572804430394163e+19 1.842810898138701824e+19 1.690752190761384346e+19 1.551294140521433907e+19 1.423396325318027878e+19 1.330721620104099021e+19 1.275905797442003763e+19
3.088255669899993498e+19 2.834019785182009754e+19 2.600522808660126925e+19 2.386080887558508134e+19 2.189248537361875763e+19 2.008572804430393344e+19 1.842810898138701824e+19 1.690752190761384141e+19 1.551294140521434112e+19 1.423396325318027674e+19 1.330721620104099226e+19 1.275905797442003558e+19
3.088255669899993907e+19 2.834019785182009344e+19 2.600522808660126925e+19 2.386080887558508134e+19 2.189248537361875763e+19 2.008572804430394163e+19 1.842810898138702029e+19 1.690752190761383936e+19 1.551294140521434522e+19 1.423396325318027674e+19 1.330721620104099430e+19 1.275905797442003763e+19
3.088255669899993498e+19 2.834019785182010163e+19 2.600522808660126925e+19 2.386080887558507315e+19 2.189248537361876173e+19 2.008572804430392934e+19 1.842810898138702029e+19 1.690752190761383936e+19 1.551294140521434726e+19 1.423396325318027469e+19 1.330721620104099021e+19 1.275905797442003558e+19
3.088255669899992678e+19 2.834019785182008934e+19 2.600522808660126925e+19 2.386080887558507315e+19 2.189248537361874944e+19 2.008572804430392934e+19 1.842810898138702029e+19 1.690752190761383731e+19 1.551294140521434522e+19 1.423396325318027264e+19 1.330721620104098816e+19 1.275905797442003354e+19
3.088255669899991450e+19 2.834019785182009344e+19 2.600522808660127334e+19 2.386080887558506906e+19 2.189248537361874125e+19 2.008572804430393344e+19 1.842810898138702029e+19 1.690752190761383731e+19 1.551294140521434317e+19 1.423396325318027264e+19 1.330721620104098611e+19 1.275905797442003558e+19
3.088255669899991450e+19 2.834019785182009344e+19 2.600522808660127744e+19 2.386080887558506906e+19 2.189248537361873715e+19 2.008572804430393344e+19 1.842810898138701619e+19 1.690752190761383526e+19 1.551294140521434112e+19 1.423396325318027878e+19 1.330721620104099226e+19 1.275905797442003968e+19
3.088255669899992269e+19 2.834019785182010163e+19 2.600522808660127334e+19 2.386080887558506906e+19 2.189248537361874125e+19 2.008572804430392934e+19 1.842810898138702029e+19 1.690752190761383322e+19 1.551294140521434112e+19 1.423396325318028288e+19 1.330721620104099430e+19 1.275905797442004378e+19
3.088255669899992678e+19 2.834019785182009754e+19 2.600522808660127744e+19 2.386080887558506086e+19 2.189248537361874534e+19 2.008572804430392525e+19 1.842810898138702234e+19 1.690752190761383731e+19 1.551294140521433907e+19 1.423396325318028083e+19 1.330721620104099430e+19 1.275905797442004378e+19
3.088255669899992678e+19 2.834019785182009754e+19 2.600522808660128154e+19 2.386080887558506086e+19 2.189248537361874534e+19 2.008572804430392115e+19 1.842810898138702234e+19 1.690752190761383936e+19 1.551294140521434522e+19 1.423396325318027674e+19 1.330721620104099430e+19 1.275905797442004173e+19
3.088255669899993088e+19 2.834019785182009754e+19 2.600522808660128154e+19 2.386080887558506496e+19 2.189248537361874534e+19 2.008572804430391706e+19 1.842810898138702438e+19 1.690752190761384141e+19 1.551294140521434522e+19 1.423396325318027469e+19 1.330721620104098816e+19 1.275905797442004378e+19
3.088255669899992678e+19 2.834019785182010163e+19 2.600522808660128154e+19 2.386080887558506086e+19 2.189248537361873715e+19 2.008572804430391296e+19 1.842810898138702234e+19 1.690752190761383731e+19 1.551294140521434317e+19 1.423396325318027059e+19 1.330721620104099021e+19 1.275905797442003968e+19
3.088255669899992678e+19 2.834019785182010573e+19 2.600522808660128154e+19 2.386080887558505267e+19 2.189248537361873306e+19 2.008572804430391706e+19 1.842810898138702029e+19 1.690752190761383526e+19 1.551294140521434726e+19 1.423396325318026650e+19 1.330721620104098816e+19 1.275905797442003968e+19
3.088255669899992678e+19 2.834019785182010982e+19 2.600522808660127744e+19 2.386080887558505677e+19 2.189248537361873306e+19 2.008572804430391296e+19 1.842810898138702029e+19 1.690752190761383117e+19 1.551294140521434931e+19 1.423396325318027059e+19 1.330721620104098816e+19 1.275905797442003763e+19
3.088255669899993088e+19 2.834019785182009344e+19 2.600522808660127334e+19 2.386080887558505677e+19 2.189248537361872896e+19 2.008572804430390886e+19 1.842810898138702234e+19 1.690752190761383322e+19 1.551294140521434317e+19 1.423396325318027059e+19 1.330721620104098611e+19 1.275905797442003763e+19
3.088255669899993088e+19 2.834019785182010982e+19 2.600522808660127744e+19 2.386080887558506086e+19 2.189248537361872896e+19 2.008572804430390067e+19 1.842810898138702234e+19 1.690752190761383731e+19 1.551294140521434522e+19 1.423396325318026854e+19 1.330721620104098202e+19 1.275905797442003354e+19
3.088255669899993088e+19 2.834019785182010982e+19 2.600522808660127334e+19 2.386080887558505677e+19 2.189248537361874125e+19 2.008572804430390477e+19 1.842810898138702029e+19 1.690752190761383936e+19 1.551294140521434112e+19 1.423396325318026650e+19 1.330721620104098202e+19 1.275905797442003149e+19
3.088255669899992269e+19 2.834019785182010573e+19 2.600522808660126925e+19 2.386080887558505677e+19 2.189248537361872896e+19 2.008572804430390477e+19 1.842810898138702643e+19 1.690752190761383731e+19 1.551294140521434522e+19 1.423396325318026445e+19 1.330721620104097792e+19 1.275905797442003149e+19
3.088255669899992678e+19 2.834019785182010163e+19 2.600522808660127334e+19 2.386080887558505677e+19 2.189248537361872896e+19 2.008572804430390886e+19 1.842810898138702438e+19 1.690752190761383731e+19 1.551294140521434317e+19 1.423396325318026240e+19 1.330721620104098202e+19 1.275905797442002944e+19
3.088255669899992678e+19 2.834019785182010573e+19 2.600522808660127334e+19 2.386080887558505677e+19 2.189248537361872077e+19 2.008572804430390886e+19 1.842810898138702643e+19 1.690752190761383936e+19 1.551294140521434112e+19 1.423396325318026240e+19 1.330721620104097792e+19 1.275905797442002739e+19
3.088255669899993088e+19 2.834019785182010573e+19 2.600522808660127334e+19 2.386080887558505677e+19 2.189248537361872896e+19 2.008572804430390067e+19 1.842810898138702643e+19 1.690752190761384141e+19 1.551294140521433907e+19 1.423396325318026240e+19 1.330721620104097997e+19 1.275905797442003354e+19
3.088255669899993907e+19 2.834019785182010573e+19 2.600522808660126925e+19 2.386080887558505267e+19 2.189248537361872486e+19 2.008572804430390067e+19 1.842810898138702848e+19 1.690752190761383936e+19 1.551294140521434112e+19 1.423396325318026445e+19 1.330721620104097997e+19 1.275905797442002944e+19
3.088255669899993907e+19 2.834019785182011802e+19 2.600522808660127744e+19 2.386080887558504858e+19 2.189248537361872486e+19 2.008572804430390067e+19 1.842810898138702848e+19 1.690752190761383936e+19 1.551294140521433907e+19 1.423396325318026240e+19 1.330721620104098202e+19 1.275905797442002739e+19
3.088255669899993498e+19 2.834019785182012211e+19 2.600522808660127334e+19 2.386080887558505677e+19 2.189248537361872896e+19 2.008572804430389658e+19 1.842810898138702848e+19 1.690752190761383936e+19 1.551294140521433907e+19 1.423396325318026240e+19 1.330721620104097792e+19 1.275905797442003558e+19
3.088255669899993907e+19 2.834019785182012211e+19 2.600522808660127334e+19 2.386080887558505267e+19 2.189248537361872486e+19 2.008572804430390477e+19 1.842810898138702848e+19 1.690752190761383731e+19 1.551294140521434112e+19 1.423396325318026035e+19 1.330721620104097997e+19 1.275905797442003558e+19
3.088255669899995136e+19 2.834019785182013850e+19 2.600522808660127744e+19 2.386080887558505267e+19 2.189248537361872486e+19 2.008572804430390477e+19 1.842810898138703053e+19 1.690752190761383526e+19 1.551294140521433907e+19 1.423396325318025830e+19 1.330721620104097792e+19 1.275905797442003354e+19
3.088255669899994726e+19 2.834019785182012621e+19 2.600522808660127744e+19 2.386080887558506086e+19 2.189248537361872896e+19 2.008572804430390067e+19 1.842810898138703053e+19 1.690752190761383731e+19 1.551294140521433702e+19 1.423396325318025830e+19 1.330721620104097792e+19 1.275905797442003149e+19
3.088255669899995546e+19 2.834019785182013440e+19 2.600522808660127744e+19 2.386080887558506086e+19 2.189248537361873306e+19 2.008572804430388429e+19 1.842810898138703053e+19 1.690752190761383731e+19 1.551294140521434112e+19 1.423396325318025626e+19 1.330721620104097587e+19 1.275905797442002944e+19
3.088255669899995955e+19 2.834019785182013850e+19 2.600522808660127744e+19 2.386080887558506086e+19 2.189248537361872486e+19 2.008572804430388019e+19 1.842810898138702848e+19 1.690752190761383731e+19 1.551294140521433702e+19 1.423396325318025626e+19 1.330721620104097382e+19 1.275905797442002944e+19
3.088255669899995955e+19 2.834019785182013850e+19 2.600522808660127744e+19 2.386080887558506496e+19 2.189248537361872077e+19 2.008572804430387610e+19 1.842810898138703053e+19 1.690752190761383731e+19 1.551294140521434112e+19 1.423396325318026035e+19 1.330721620104098202e+19 1.275905797442002739e+19
3.088255669899995546e+19 2.834019785182014669e+19 2.600522808660127744e+19 2.386080887558506906e+19 2.189248537361872077e+19 2.008572804430388019e+19 1.842810898138703258e+19 1.690752190761383526e+19 1.551294140521434112e+19 1.423396325318026035e+19 1.330721620104098406e+19 1.275905797442002739e+19
3.088255669899995955e+19 2.834019785182013440e+19 2.600522808660128154e+19 2.386080887558506906e+19 2.189248537361872077e+19 2.008572804430387200e+19 1.842810898138703258e+19 1.690752190761383936e+19 1.551294140521434522e+19 1.423396325318026035e+19 1.330721620104098816e+19 1.275905797442002330e+19
3.088255669899995955e+19 2.834019785182012621e+19 2.600522808660127744e+19 2.386080887558507725e+19 2.189248537361871258e+19 2.008572804430387200e+19 1.842810898138703053e+19 1.690752190761383731e+19 1.551294140521434112e+19 1.423396325318026035e+19 1.330721620104098816e+19 1.275905797442002330e+19
3.088255669899994726e+19 2.834019785182011802e+19 2.600522808660127334e+19 2.386080887558507315e+19 2.189248537361870438e+19 2.008572804430385971e+19 1.842810898138702848e+19 1.690752190761383731e+19 1.551294140521434931e+19 1.423396325318026035e+19 1.330721620104098816e+19 1.275905797442002125e+19
3.088255669899995955e+19 2.834019785182013030e+19 2.600522808660126925e+19 2.386080887558506906e+19 2.189248537361870848e+19 2.008572804430385562e+19 1.842810898138703258e+19 1.690752190761383731e+19 1.551294140521434726e+19 1.423396325318025830e+19 1.330721620104098611e+19 1.275905797442002330e+19
3.088255669899995546e+19 2.834019785182013850e+19 2.600522808660127744e+19 2.386080887558506086e+19 2.189248537361871667e+19 2.008572804430385971e+19 1.842810898138703053e+19 1.690752190761383322e+19 1.551294140521434726e+19 1.423396325318025626e+19 1.330721620104098406e+19 1.275905797442002739e+19
3.088255669899995546e+19 2.834019785182013850e+19 2.600522808660126925e+19 2.386080887558506086e+19 2.189248537361871667e+19 2.008572804430386381e+19 1.842810898138703258e+19 1.690752190761383322e+19 1.551294140521434317e+19 1.423396325318025626e+19 1.330721620104098611e+19 1.275905797442002739e+19
3.088255669899996365e+19 2.834019785182014259e+19 2.600522808660126925e+19 2.386080887558505677e+19 2.189248537361871258e+19 2.008572804430385971e+19 1.842810898138702848e+19 1.690752190761383117e+19 1.551294140521434112e+19 1.423396325318025626e+19 1.330721620104098406e+19 1.275905797442002944e+19
3.088255669899995955e+19 2.834019785182014259e+19 2.600522808660125696e+19 2.386080887558505677e+19 2.189248537361871258e+19 2.008572804430385971e+19 1.842810898138702848e+19 1.690752190761383117e+19 1.551294140521434317e+19 1.423396325318025626e+19 1.330721620104098406e+19 1.275905797442002739e+19
3.088255669899995546e+19 2.834019785182014669e+19 2.600522808660125286e+19 2.386080887558505267e+19 2.189248537361870438e+19 2.008572804430386381e+19 1.842810898138702438e+19 1.690752190761383322e+19 1.551294140521434112e+19 1.423396325318025011e+19 1.330721620104098202e+19 1.275905797442002330e+19
3.088255669899995955e+19 2.834019785182013850e+19 2.600522808660124467e+19 2.386080887558504858e+19 2.189248537361869619e+19 2.008572804430387200e+19 1.842810898138702234e+19 1.690752190761383322e+19 1.551294140521433907e+19 1.423396325318025216e+19 1.330721620104097997e+19 1.275905797442002330e+19
3.088255669899995955e+19 2.834019785182014259e+19 2.600522808660125286e+19 2.386080887558504858e+19 2.189248537361869210e+19 2.008572804430386381e+19 1.842810898138702234e+19 1.690752190761383117e+19 1.551294140521433907e+19 1.423396325318025216e+19 1.330721620104097997e+19 1.275905797442002125e+19
3.088255669899996365e+19 2.834019785182014669e+19 2.600522808660124877e+19 2.386080887558504858e+19 2.189248537361867571e+19 2.008572804430387200e+19 1.842810898138702029e+19 1.690752190761383117e+19 1.551294140521433702e+19 1.423396325318025011e+19 1.330721620104097997e+19 1.275905797442002125e+19
3.088255669899996365e+19 2.834019785182015488e+19 2.600522808660125286e+19 2.386080887558504858e+19 2.189248537361867162e+19 2.008572804430385562e+19 1.842810898138701619e+19 1.690752190761383117e+19 1.551294140521433293e+19 1.423396325318024806e+19 1.330721620104097587e+19 1.275905797442002125e+19
3.088255669899996774e+19 2.834019785182015488e+19 2.600522808660125286e+19 2.386080887558506086e+19 2.189248537361867162e+19 2.008572804430386381e+19 1.842810898138702234e+19 1.690752190761383526e+19 1.551294140521433293e+19 1.423396325318025011e+19 1.330721620104097587e+19 1.275905797442002534e+19
3.088255669899997594e+19 2.834019785182015898e+19 2.600522808660126106e+19 2.386080887558505677e+19 2.189248537361867162e+19 2.008572804430386790e+19 1.842810898138702234e+19 1.690752190761383322e+19 1.551294140521432883e+19 1.423396325318025421e+19 1.330721620104097587e+19 1.275905797442002534e+19
3.088255669899996774e+19 2.834019785182015488e+19 2.600522808660127744e+19 2.386080887558505677e+19 2.189248537361866752e+19 2.008572804430386790e+19 1.842810898138702234e+19 1.690752190761383322e+19 1.551294140521432883e+19 1.423396325318025216e+19 1.330721620104097587e+19 1.275905797442002534e+19
3.088255669899998003e+19 2.834019785182015078e+19 2.600522808660128154e+19 2.386080887558506086e+19 2.189248537361865933e+19 2.008572804430387200e+19 1.842810898138702234e+19 1.690752190761383117e+19 1.551294140521433498e+19 1.423396325318025216e+19 1.330721620104097587e+19 1.275905797442002330e+19
3.088255669899998822e+19 2.834019785182015898e+19 2.600522808660128973e+19 2.386080887558506086e+19 2.189248537361865933e+19 2.008572804430386381e+19 1.842810898138702234e+19 1.690752190761383322e+19 1.551294140521433702e+19 1.423396325318025011e+19 1.330721620104098202e+19 1.275905797442002534e+19
3.088255669899999642e+19 2.834019785182016307e+19 2.600522808660128563e+19 2.386080887558506906e+19 2.189248537361865523e+19 2.008572804430386381e+19 1.842810898138702438e+19 1.690752190761383526e+19 1.551294140521433702e+19 1.423396325318024806e+19 1.330721620104097792e+19 1.275905797442002739e+19
3.088255669899999232e+19 2.834019785182016717e+19 2.600522808660128154e+19 2.386080887558506496e+19 2.189248537361865523e+19 2.008572804430385971e+19 1.842810898138702234e+19 1.690752190761383526e+19 1.551294140521433293e+19 1.423396325318024397e+19 1.330721620104098202e+19 1.275905797442002534e+19
3.088255669899999642e+19 2.834019785182016307e+19 2.600522808660128154e+19 2.386080887558506906e+19 2.189248537361864704e+19 2.008572804430386790e+19 1.842810898138702234e+19 1.690752190761383526e+19 1.551294140521433498e+19 1.423396325318024397e+19 1.330721620104098406e+19 1.275905797442003149e+19
3.088255669900000461e+19 2.834019785182016717e+19 2.600522808660128973e+19 2.386080887558506906e+19 2.189248537361863885e+19 2.008572804430387200e+19 1.842810898138702029e+19 1.690752190761383117e+19 1.551294140521433498e+19 1.423396325318024397e+19 1.330721620104098202e+19 1.275905797442003149e+19
3.088255669899999642e+19 2.834019785182017126e+19 2.600522808660127744e+19 2.386080887558506496e+19 2.189248537361863885e+19 2.008572804430388429e+19 1.842810898138702029e+19 1.690752190761383117e+19 1.551294140521433702e+19 1.423396325318023987e+19 1.330721620104098406e+19 1.275905797442003354e+19
3.088255669899999642e+19 2.834019785182015898e+19 2.600522808660127744e+19 2.386080887558506086e+19 2.189248537361863475e+19 2.008572804430389248e+19 1.842810898138702848e+19 1.690752190761382912e+19 1.551294140521433293e+19 1.423396325318024192e+19 1.330721620104098202e+19 1.275905797442002944e+19
3.088255669900000461e+19 2.834019785182016717e+19 2.600522808660128563e+19 2.386080887558506496e+19 2.189248537361864704e+19 2.008572804430390067e+19 1.842810898138702848e+19 1.690752190761382912e+19 1.551294140521433293e+19 1.423396325318024602e+19 1.330721620104098406e+19 1.275905797442002534e+19
3.088255669900000870e+19 2.834019785182017126e+19 2.600522808660128563e+19 2.386080887558506496e+19 2.189248537361863885e+19 2.008572804430390477e+19 1.842810898138702643e+19 1.690752190761383322e+19 1.551294140521433293e+19 1.423396325318024192e+19 1.330721620104097997e+19 1.275905797442002330e+19
3.088255669900000461e+19 2.834019785182017946e+19 2.600522808660128563e+19 2.386080887558506906e+19 2.189248537361864704e+19 2.008572804430390886e+19 1.842810898138702643e+19 1.690752190761383322e+19 1.551294140521433498e+19 1.423396325318024397e+19 1.330721620104097997e+19 1.275905797442002125e+19
3.088255669900000461e+19 2.834019785182017946e+19 2.600522808660128563e+19 2.386080887558506906e+19 2.189248537361863885e+19 2.008572804430391706e+19 1.842810898138702643e+19 1.690752190761383322e+19 1.551294140521433907e+19 1.423396325318024192e+19 1.330721620104097997e+19 1.275905797442001920e+19
3.088255669900000461e+19 2.834019785182018355e+19 2.600522808660127744e+19 2.386080887558506496e+19 2.189248537361863066e+19 2.008572804430391296e+19 1.842810898138702643e+19 1.690752190761383322e+19 1.551294140521433907e+19 1.423396325318024806e+19 1.330721620104098816e+19 1.275905797442001715e+19
3.088255669900000461e+19 2.834019785182017946e+19 2.600522808660127334e+19 2.386080887558506086e+19 2.189248537361863066e+19 2.008572804430390886e+19 1.842810898138702438e+19 1.690752190761383526e+19 1.551294140521434112e+19 1.423396325318024602e+19 1.330721620104099021e+19 1.275905797442001715e+19
3.088255669900000870e+19 2.834019785182016717e+19 2.600522808660127334e+19 2.386080887558506086e+19 2.189248537361863066e+19 2.008572804430391296e+19 1.842810898138702438e+19 1.690752190761383526e+19 1.551294140521434317e+19 1.423396325318024806e+19 1.330721620104099021e+19 1.275905797442001510e+19
3.088255669900000461e+19 2.834019785182017126e+19 2.600522808660126925e+19 2.386080887558506496e+19 2.189248537361863475e+19 2.008572804430391706e+19 1.842810898138702438e+19 1.690752190761383322e+19 1.551294140521434522e+19 1.423396325318025011e+19 1.330721620104099840e+19 1.275905797442002125e+19
3.088255669899999642e+19 2.834019785182017126e+19 2.600522808660126515e+19 2.386080887558506906e+19 2.189248537361863475e+19 2.008572804430392115e+19 1.842810898138702848e+19 1.690752190761383117e+19 1.551294140521434726e+19 1.423396325318025216e+19 1.330721620104100045e+19 1.275905797442002125e+19
3.088255669899999642e+19 2.834019785182017126e+19 2.600522808660125696e+19 2.386080887558506906e+19 2.189248537361862656e+19 2.008572804430392934e+19 1.842810898138702848e+19 1.690752190761383117e+19 1.551294140521434726e+19 1.423396325318025011e+19 1.330721620104100250e+19 1.275905797442002125e+19
3.088255669899999642e+19 2.834019785182018355e+19 2.600522808660125696e+19 2.386080887558507315e+19 2.189248537361862656e+19 2.008572804430393754e+19 1.842810898138702848e+19 1.690752190761383322e+19 1.551294140521434726e+19 1.423396325318024602e+19 1.330721620104100454e+19 1.275905797442001715e+19
3.088255669900000051e+19 2.834019785182017946e+19 2.600522808660124877e+19 2.386080887558507315e+19 2.189248537361862656e+19 2.008572804430392934e+19 1.842810898138702643e+19 1.690752190761382912e+19 1.551294140521434931e+19 1.423396325318024397e+19 1.330721620104100250e+19 1.275905797442001920e+19
3.088255669900001280e+19 2.834019785182017536e+19 2.600522808660125286e+19 2.386080887558506906e+19 2.189248537361862246e+19 2.008572804430392525e+19 1.842810898138702234e+19 1.690752190761382707e+19 1.551294140521435136e+19 1.423396325318024602e+19 1.330721620104100045e+19 1.275905797442001920e+19
3.088255669900000870e+19 2.834019785182017126e+19 2.600522808660125286e+19 2.386080887558507315e+19 2.189248537361862656e+19 2.008572804430392115e+19 1.842810898138702029e+19 1.690752190761382502e+19 1.551294140521434931e+19 1.423396325318024806e+19 1.330721620104099635e+19 1.275905797442001715e+19
3.088255669900000051e+19 2.834019785182017126e+19 2.600522808660126925e+19 2.386080887558507315e+19 2.189248537361863066e+19 2.008572804430392115e+19 1.842810898138702029e+19 1.690752190761382298e+19 1.551294140521435136e+19 1.423396325318025011e+19 1.330721620104099226e+19 1.275905797442001306e+19
3.088255669900000870e+19 2.834019785182017126e+19 2.600522808660125286e+19 2.386080887558507725e+19 2.189248537361863066e+19 2.008572804430392934e+19 1.842810898138702029e+19 1.690752190761382093e+19 1.551294140521435136e+19 1.423396325318024397e+19 1.330721620104099430e+19 1.275905797442001306e+19
3.088255669900001280e+19 2.834019785182016717e+19 2.600522808660125696e+19 2.386080887558507315e+19 2.189248537361861837e+19 2.008572804430392934e+19 1.842810898138701414e+19 1.690752190761382502e+19 1.551294140521434522e+19 1.423396325318024602e+19 1.330721620104099021e+19 1.275905797442001306e+19
3.088255669900002509e+19 2.834019785182017126e+19 2.600522808660124877e+19 2.386080887558507725e+19 2.189248537361862656e+19 2.008572804430393344e+19 1.842810898138701414e+19 1.690752190761382912e+19 1.551294140521434726e+19 1.423396325318024806e+19 1.330721620104099021e+19 1.275905797442000896e+19
3.088255669900001690e+19 2.834019785182016717e+19 2.600522808660125286e+19 2.386080887558507725e+19 2.189248537361862656e+19 2.008572804430393344e+19 1.842810898138701210e+19 1.690752190761383322e+19 1.551294140521434522e+19 1.423396325318024806e+19 1.330721620104098611e+19 1.275905797442000896e+19
3.088255669900002099e+19 2.834019785182015898e+19 2.600522808660125696e+19 2.386080887558507725e+19 2.189248537361862656e+19 2.008572804430393754e+19 1.842810898138700800e+19 1.690752190761383526e+19 1.551294140521434726e+19 1.423396325318024397e+19 1.330721620104098406e+19 1.275905797442000896e+19
3.088255669900002509e+19 2.834019785182015898e+19 2.600522808660125696e+19 2.386080887558507315e+19 2.189248537361863475e+19 2.008572804430393754e+19 1.842810898138701210e+19 1.690752190761383322e+19 1.551294140521435546e+19 1.423396325318024192e+19 1.330721620104098202e+19 1.275905797442001306e+19
3.088255669900002509e+19 2.834019785182015078e+19 2.600522808660126106e+19 2.386080887558507315e+19 2.189248537361862656e+19 2.008572804430394573e+19 1.842810898138701005e+19 1.690752190761382912e+19 1.551294140521435341e+19 1.423396325318024192e+19 1.330721620104098202e+19 1.275905797442001306e+19
3.088255669900002918e+19 2.834019785182014669e+19 2.600522808660126925e+19 2.386080887558507725e+19 2.189248537361861427e+19 2.008572804430394982e+19 1.842810898138701005e+19 1.690752190761382502e+19 1.551294140521435546e+19 1.423396325318024397e+19 1.330721620104098202e+19 1.275905797442001306e+19
3.088255669900002918e+19 2.834019785182015488e+19 2.600522808660126106e+19 2.386080887558507725e+19 2.189248537361861018e+19 2.008572804430394163e+19 1.842810898138701210e+19 1.690752190761382912e+19 1.551294140521435341e+19 1.423396325318023782e+19 1.330721620104097997e+19 1.275905797442001510e+19
3.088255669900002918e+19 2.834019785182014259e+19 2.600522808660127334e+19 2.386080887558507725e+19 2.189248537361859379e+19 2.008572804430394163e+19 1.842810898138701824e+19 1.690752190761383322e+19 1.551294140521434931e+19 1.423396325318023578e+19 1.330721620104098202e+19 1.275905797442001715e+19
3.088255669900003738e+19 2.834019785182014669e+19 2.600522808660126925e+19 2.386080887558508544e+19 2.189248537361860198e+19 2.008572804430394163e+19 1.842810898138701414e+19 1.690752190761383117e+19 1.551294140521434931e+19 1.423396325318023578e+19 1.330721620104098406e+19 1.275905797442001306e+19
3.088255669900004147e+19 2.834019785182014259e+19 2.600522808660127744e+19 2.386080887558508954e+19 2.189248537361860198e+19 2.008572804430394573e+19 1.842810898138701414e+19 1.690752190761382912e+19 1.551294140521435136e+19 1.423396325318023578e+19 1.330721620104098406e+19 1.275905797442001306e+19
3.088255669900004966e+19 2.834019785182014669e+19 2.600522808660126925e+19 2.386080887558508134e+19 2.189248537361859789e+19 2.008572804430394573e+19 1.842810898138701005e+19 1.690752190761382912e+19 1.551294140521434726e+19 1.423396325318023373e+19 1.330721620104098611e+19 1.275905797442001306e+19
3.088255669900004966e+19 2.834019785182014669e+19 2.600522808660127334e+19 2.386080887558508134e+19 2.189248537361859789e+19 2.008572804430394163e+19 1.842810898138701210e+19 1.690752190761382707e+19 1.551294140521434522e+19 1.423396325318023578e+19 1.330721620104098611e+19 1.275905797442001101e+19
3.088255669900004557e+19 2.834019785182014259e+19 2.600522808660128154e+19 2.386080887558507725e+19 2.189248537361859379e+19 2.008572804430393344e+19 1.842810898138701005e+19 1.690752190761382502e+19 1.551294140521434522e+19 1.423396325318023168e+19 1.330721620104098816e+19 1.275905797442001306e+19
3.088255669900005376e+19 2.834019785182014259e+19 2.600522808660128563e+19 2.386080887558507315e+19 2.189248537361859379e+19 2.008572804430393754e+19 1.842810898138701414e+19 1.690752190761382502e+19 1.551294140521434522e+19 1.423396325318023168e+19 1.330721620104098406e+19 1.275905797442001510e+19
3.088255669900006195e+19 2.834019785182014259e+19 2.600522808660127744e+19 2.386080887558507725e+19 2.189248537361859379e+19 2.008572804430394163e+19 1.842810898138701824e+19 1.690752190761382093e+19 1.551294140521434522e+19 1.423396325318023578e+19 1.330721620104098406e+19 1.275905797442001306e+19
3.088255669900005786e+19 2.834019785182014259e+19 2.600522808660126925e+19 2.386080887558507725e+19 2.189248537361858970e+19 2.008572804430394573e+19 1.842810898138701414e+19 1.690752190761381888e+19 1.551294140521434112e+19 1.423396325318022963e+19 1.330721620104098406e+19 1.275905797442002125e+19
3.088255669900005376e+19 2.834019785182013850e+19 2.600522808660127744e+19 2.386080887558507725e+19 2.189248537361859379e+19 2.008572804430394982e+19 1.842810898138701414e+19 1.690752190761381683e+19 1.551294140521434317e+19 1.423396325318022963e+19 1.330721620104098202e+19 1.275905797442001920e+19
3.088255669900005786e+19 2.834019785182013850e+19 2.600522808660128154e+19 2.386080887558507315e+19 2.189248537361859379e+19 2.008572804430394982e+19 1.842810898138701414e+19 1.690752190761381274e+19 1.551294140521434522e+19 1.423396325318022963e+19 1.330721620104098202e+19 1.275905797442002125e+19
3.088255669900005786e+19 2.834019785182015898e+19 2.600522808660128563e+19 2.386080887558507315e+19 2.189248537361859789e+19 2.008572804430395392e+19 1.842810898138700800e+19 1.690752190761381274e+19 1.551294140521434726e+19 1.423396325318022963e+19 1.330721620104098406e+19 1.275905797442001920e+19
3.088255669900006195e+19 2.834019785182015488e+19 2.600522808660128563e+19 2.386080887558506906e+19 2.189248537361859789e+19 2.008572804430395802e+19 1.842810898138701005e+19 1.690752190761381274e+19 1.551294140521434522e+19 1.423396325318023168e+19 1.330721620104098406e+19 1.275905797442002534e+19
3.088255669900006605e+19 2.834019785182015488e+19 2.600522808660128154e+19 2.386080887558506906e+19 2.189248537361858970e+19 2.008572804430395392e+19 1.842810898138700800e+19 1.690752190761381274e+19 1.551294140521434317e+19 1.423396325318022144e+19 1.330721620104098406e+19 1.275905797442002739e+19
3.088255669900005786e+19 2.834019785182015898e+19 2.600522808660128563e+19 2.386080887558507315e+19 2.189248537361858560e+19 2.008572804430395392e+19 1.842810898138701210e+19 1.690752190761381274e+19 1.551294140521434317e+19 1.423396325318022144e+19 1.330721620104098406e+19 1.275905797442002534e+19
3.088255669900005376e+19 2.834019785182017946e+19 2.600522808660128563e+19 2.386080887558507315e+19 2.189248537361858560e+19 2.008572804430395392e+19 1.842810898138701210e+19 1.690752190761381274e+19 1.551294140521434522e+19 1.423396325318022144e+19 1.330721620104097997e+19 1.275905797442002739e+19
3.088255669900006195e+19 2.834019785182017126e+19 2.600522808660128973e+19 2.386080887558507315e+19 2.189248537361857741e+19 2.008572804430395392e+19 1.842810898138702234e+19 1.690752190761381478e+19 1.551294140521433907e+19 1.423396325318021939e+19 1.330721620104098202e+19 1.275905797442002944e+19
3.088255669900007424e+19 2.834019785182017126e+19 2.600522808660129792e+19 2.386080887558507315e+19 2.189248537361857741e+19 2.008572804430396621e+19 1.842810898138702438e+19 1.690752190761381274e+19 1.551294140521434112e+19 1.423396325318022144e+19 1.330721620104098406e+19 1.275905797442002944e+19
3.088255669900007424e+19 2.834019785182016307e+19 2.600522808660128973e+19 2.386080887558506906e+19 2.189248537361857741e+19 2.008572804430396211e+19 1.842810898138702848e+19 1.690752190761381888e+19 1.551294140521434112e+19 1.423396325318021530e+19 1.330721620104098202e+19 1.275905797442002739e+19
3.088255669900008243e+19 2.834019785182016307e+19 2.600522808660127334e+19 2.386080887558506086e+19 2.189248537361857741e+19 2.008572804430395802e+19 1.842810898138702643e+19 1.690752190761381478e+19 1.551294140521434112e+19 1.423396325318021530e+19 1.330721620104098202e+19 1.275905797442002944e+19
3.088255669900007834e+19 2.834019785182015898e+19 2.600522808660127334e+19 2.386080887558506496e+19 2.189248537361857331e+19 2.008572804430396621e+19 1.842810898138702438e+19 1.690752190761381478e+19 1.551294140521434317e+19 1.423396325318021530e+19 1.330721620104098816e+19 1.275905797442003149e+19
3.088255669900007834e+19 2.834019785182015898e+19 2.600522808660127744e+19 2.386080887558506086e+19 2.189248537361857331e+19 2.008572804430396621e+19 1.842810898138702438e+19 1.690752190761381069e+19 1.551294140521434317e+19 1.423396325318021734e+19 1.330721620104098611e+19 1.275905797442003558e+19
3.088255669900006605e+19 2.834019785182014669e+19 2.600522808660127744e+19 2.386080887558506086e+19 2.189248537361856922e+19 2.008572804430397440e+19 1.842810898138702848e+19 1.690752190761381478e+19 1.551294140521434522e+19 1.423396325318022144e+19 1.330721620104098406e+19 1.275905797442003558e+19
3.088255669900007014e+19 2.834019785182015078e+19 2.600522808660126925e+19 2.386080887558505267e+19 2.189248537361857331e+19 2.008572804430397440e+19 1.842810898138702643e+19 1.690752190761381478e+19 1.551294140521434522e+19 1.423396325318022349e+19 1.330721620104098406e+19 1.275905797442003354e+19
3.088255669900008653e+19 2.834019785182013850e+19 2.600522808660127334e+19 2.386080887558505677e+19 2.189248537361857741e+19 2.008572804430397850e+19 1.842810898138702848e+19 1.690752190761381478e+19 1.551294140521434317e+19 1.423396325318021734e+19 1.330721620104098611e+19 1.275905797442003354e+19
3.088255669900009472e+19 2.834019785182015078e+19 2.600522808660126515e+19 2.386080887558506086e+19 2.189248537361858150e+19 2.008572804430397440e+19 1.842810898138702438e+19 1.690752190761382093e+19 1.551294140521434112e+19 1.423396325318021734e+19 1.330721620104098406e+19 1.275905797442003354e+19
3.088255669900008653e+19 2.834019785182015488e+19 2.600522808660126515e+19 2.386080887558505677e+19 2.189248537361857741e+19 2.008572804430397030e+19 1.842810898138702234e+19 1.690752190761382298e+19 1.551294140521433907e+19 1.423396325318021734e+19 1.330721620104098406e+19 1.275905797442004173e+19
3.088255669900009062e+19 2.834019785182016307e+19 2.600522808660127334e+19 2.386080887558505677e+19 2.189248537361857331e+19 2.008572804430397030e+19 1.842810898138702438e+19 1.690752190761382502e+19 1.551294140521433907e+19 1.423396325318021530e+19 1.330721620104098202e+19 1.275905797442004582e+19
3.088255669900009472e+19 2.834019785182017126e+19 2.600522808660128563e+19 2.386080887558505677e+19 2.189248537361858150e+19 2.008572804430396621e+19 1.842810898138703053e+19 1.690752190761382912e+19 1.551294140521434112e+19 1.423396325318021734e+19 1.330721620104098202e+19 1.275905797442004582e+19
3.088255669900008653e+19 2.834019785182017536e+19 2.600522808660129382e+19 2.386080887558505677e+19 2.189248537361858150e+19 2.008572804430396621e+19 1.842810898138702848e+19 1.690752190761383117e+19 1.551294140521433907e+19 1.423396325318021530e+19 1.330721620104098202e+19 1.275905797442004582e+19
3.088255669900009472e+19 2.834019785182017536e+19 2.600522808660127334e+19 2.386080887558506086e+19 2.189248537361858150e+19 2.008572804430397030e+19 1.842810898138702438e+19 1.690752190761383322e+19 1.551294140521433907e+19 1.423396325318022144e+19 1.330721620104098202e+19 1.275905797442004582e+19
3.088255669900009472e+19 2.834019785182017536e+19 2.600522808660128154e+19 2.386080887558506086e+19 2.189248537361858150e+19 2.008572804430398259e+19 1.842810898138702438e+19 1.690752190761383322e+19 1.551294140521434726e+19 1.423396325318021939e+19 1.330721620104097587e+19 1.275905797442004378e+19
3.088255669900009472e+19 2.834019785182017946e+19 2.600522808660127744e+19 2.386080887558505677e+19 2.189248537361858150e+19 2.008572804430397850e+19 1.842810898138702234e+19 1.690752190761383526e+19 1.551294140521434931e+19 1.423396325318021734e+19 1.330721620104097792e+19 1.275905797442003968e+19
3.088255669900009062e+19 2.834019785182016717e+19 2.600522808660128563e+19 2.386080887558506086e+19 2.189248537361856922e+19 2.008572804430396211e+19 1.842810898138702848e+19 1.690752190761383526e+19 1.551294140521434522e+19 1.423396325318021734e+19 1.330721620104097587e+19 1.275905797442003968e+19
3.088255669900009882e+19 2.834019785182017536e+19 2.600522808660128563e+19 2.386080887558506496e+19 2.189248537361856922e+19 2.008572804430395802e+19 1.842810898138702438e+19 1.690752190761383731e+19 1.551294140521434317e+19 1.423396325318021734e+19 1.330721620104097997e+19 1.275905797442004378e+19
3.088255669900009882e+19 2.834019785182017946e+19 2.600522808660128154e+19 2.386080887558506496e+19 2.189248537361856102e+19 2.008572804430394982e+19 1.842810898138702234e+19 1.690752190761383526e+19 1.551294140521434726e+19 1.423396325318021734e+19 1.330721620104097997e+19 1.275905797442004582e+19
3.088255669900009882e+19 2.834019785182018355e+19 2.600522808660129382e+19 2.386080887558506496e+19 2.189248537361855283e+19 2.008572804430395392e+19 1.842810898138701824e+19 1.690752190761383526e+19 1.551294140521434726e+19 1.423396325318021530e+19 1.330721620104097792e+19 1.275905797442004582e+19
3.088255669900010291e+19 2.834019785182017946e+19 2.600522808660129382e+19 2.386080887558505677e+19 2.189248537361854464e+19 2.008572804430395392e+19 1.842810898138702029e+19 1.690752190761383322e+19 1.551294140521434317e+19 1.423396325318021325e+19 1.330721620104097178e+19 1.275905797442004173e+19
3.088255669900010701e+19 2.834019785182017946e+19 2.600522808660128563e+19 2.386080887558505677e+19 2.189248537361853645e+19 2.008572804430396621e+19 1.842810898138702029e+19 1.690752190761383322e+19 1.551294140521434317e+19 1.423396325318021325e+19 1.330721620104097178e+19 1.275905797442003968e+19
3.088255669900011520e+19 2.834019785182017536e+19 2.600522808660128563e+19 2.386080887558506086e+19 2.189248537361854874e+19 2.008572804430397440e+19 1.842810898138702029e+19 1.690752190761383731e+19 1.551294140521434317e+19 1.423396325318021530e+19 1.330721620104097178e+19 1.275905797442003968e+19
3.088255669900011930e+19 2.834019785182017536e+19 2.600522808660128154e+19 2.386080887558506906e+19 2.189248537361855283e+19 2.008572804430396621e+19 1.842810898138701824e+19 1.690752190761384141e+19 1.551294140521434522e+19 1.423396325318021530e+19 1.330721620104097178e+19 1.275905797442004173e+19
3.088255669900013158e+19 2.834019785182017126e+19 2.600522808660128973e+19 2.386080887558506086e+19 2.189248537361855283e+19 2.008572804430396621e+19 1.842810898138701414e+19 1.690752190761383731e+19 1.551294140521434522e+19 1.423396325318021530e+19 1.330721620104097178e+19 1.275905797442004582e+19
3.088255669900012339e+19 2.834019785182016717e+19 2.600522808660127744e+19 2.386080887558506086e+19 2.189248537361855693e+19 2.008572804430396621e+19 1.842810898138701824e+19 1.690752190761383526e+19 1.551294140521434112e+19 1.423396325318021530e+19 1.330721620104096973e+19 1.275905797442004378e+19
3.088255669900011110e+19 2.834019785182017536e+19 2.600522808660127744e+19 2.386080887558506906e+19 2.189248537361855693e+19 2.008572804430396621e+19 1.842810898138701824e+19 1.690752190761383117e+19 1.551294140521433907e+19 1.423396325318022144e+19 1.330721620104096768e+19 1.275905797442004378e+19
3.088255669900011520e+19 2.834019785182017536e+19 2.600522808660127744e+19 2.386080887558506496e+19 2.189248537361854874e+19 2.008572804430397030e+19 1.842810898138702234e+19 1.690752190761383322e+19 1.551294140521434112e+19 1.423396325318022144e+19 1.330721620104096358e+19 1.275905797442003968e+19
3.088255669900010291e+19 2.834019785182017946e+19 2.600522808660127744e+19 2.386080887558506906e+19 2.189248537361854874e+19 2.008572804430397440e+19 1.842810898138701619e+19 1.690752190761383526e+19 1.551294140521433702e+19 1.423396325318022349e+19 1.330721620104096358e+19 1.275905797442003968e+19
3.088255669900011110e+19 2.834019785182017946e+19 2.600522808660126925e+19 2.386080887558506906e+19 2.189248537361854874e+19 2.008572804430398259e+19 1.842810898138701619e+19 1.690752190761383731e+19 1.551294140521433907e+19 1.423396325318022554e+19 1.330721620104096358e+19 1.275905797442003968e+19
3.088255669900011110e+19 2.834019785182018355e+19 2.600522808660126925e+19 2.386080887558506496e+19 2.189248537361854464e+19 2.008572804430397850e+19 1.842810898138701619e+19 1.690752190761383526e+19 1.551294140521433907e+19 1.423396325318022144e+19 1.330721620104096154e+19 1.275905797442003968e+19
3.088255669900011930e+19 2.834019785182017946e+19 2.600522808660126515e+19 2.386080887558506906e+19 2.189248537361854464e+19 2.008572804430398259e+19 1.842810898138701824e+19 1.690752190761383936e+19 1.551294140521433702e+19 1.423396325318022144e+19 1.330721620104095949e+19 1.275905797442003968e+19
3.088255669900011930e+19 2.834019785182017536e+19 2.600522808660126925e+19 2.386080887558506906e+19 2.189248537361855283e+19 2.008572804430397850e+19 1.842810898138701824e+19 1.690752190761384141e+19 1.551294140521434317e+19 1.423396325318022144e+19 1.330721620104095949e+19 1.275905797442004378e+19
3.088255669900011520e+19 2.834019785182016717e+19 2.600522808660126515e+19 2.386080887558506906e+19 2.189248537361854874e+19 2.008572804430398259e+19 1.842810898138702029e+19 1.690752190761383731e+19 1.551294140521434317e+19 1.423396325318021939e+19 1.330721620104096563e+19 1.275905797442004582e+19
3.088255669900012339e+19 2.834019785182017536e+19 2.600522808660126106e+19 2.386080887558506906e+19 2.189248537361854464e+19 2.008572804430397850e+19 1.842810898138702438e+19 1.690752190761383936e+19 1.551294140521434726e+19 1.423396325318022144e+19 1.330721620104097178e+19 1.275905797442004378e+19
3.088255669900012749e+19 2.834019785182017946e+19 2.600522808660127334e+19 2.386080887558506906e+19 2.189248537361854054e+19 2.008572804430397850e+19 1.842810898138702234e+19 1.690752190761384141e+19 1.551294140521434522e+19 1.423396325318021734e+19 1.330721620104097382e+19 1.275905797442004378e+19
3.088255669900013568e+19 2.834019785182018355e+19 2.600522808660127334e+19 2.386080887558506496e+19 2.189248537361853645e+19 2.008572804430398259e+19 1.842810898138702643e+19 1.690752190761383936e+19 1.551294140521434317e+19 1.423396325318021939e+19 1.330721620104097587e+19 1.275905797442004378e+19
3.088255669900012339e+19 2.834019785182017946e+19 2.600522808660127744e+19 2.386080887558506906e+19 2.189248537361853645e+19 2.008572804430398669e+19 1.842810898138702438e+19 1.690752190761383936e+19 1.551294140521434317e+19 1.423396325318021939e+19 1.330721620104097178e+19 1.275905797442004378e+19
3.088255669900011930e+19 2.834019785182017126e+19 2.600522808660126925e+19 2.386080887558506496e+19 2.189248537361854054e+19 2.008572804430398259e+19 1.842810898138702438e+19 1.690752190761383936e+19 1.551294140521434317e+19 1.423396325318022144e+19 1.330721620104097178e+19 1.275905797442004173e+19
3.088255669900013978e+19 2.834019785182015898e+19 2.600522808660126925e+19 2.386080887558506906e+19 2.189248537361853645e+19 2.008572804430397850e+19 1.842810898138703053e+19 1.690752190761383731e+19 1.551294140521434112e+19 1.423396325318021939e+19 1.330721620104097178e+19 1.275905797442004582e+19
3.088255669900015206e+19 2.834019785182016717e+19 2.600522808660127334e+19 2.386080887558506906e+19 2.189248537361853645e+19 2.008572804430397850e+19 1.842810898138703258e+19 1.690752190761383526e+19 1.551294140521434112e+19 1.423396325318022349e+19 1.330721620104097178e+19 1.275905797442005402e+19
3.088255669900013568e+19 2.834019785182016717e+19 2.600522808660126925e+19 2.386080887558507315e+19 2.189248537361854054e+19 2.008572804430398669e+19 1.842810898138703258e+19 1.690752190761383322e+19 1.551294140521433907e+19 1.423396325318022349e+19 1.330721620104098202e+19 1.275905797442005606e+19
3.088255669900013568e+19 2.834019785182017126e+19 2.600522808660125286e+19 2.386080887558507315e+19 2.189248537361854054e+19 2.008572804430398669e+19 1.842810898138703258e+19 1.690752190761383322e+19 1.551294140521434112e+19 1.423396325318022144e+19 1.330721620104098406e+19 1.275905797442005606e+19
3.088255669900013978e+19 2.834019785182016307e+19 2.600522808660126106e+19 2.386080887558507315e+19 2.189248537361855283e+19 2.008572804430398259e+19 1.842810898138703053e+19 1.690752190761383117e+19 1.551294140521433702e+19 1.423396325318021734e+19 1.330721620104098611e+19 1.275905797442005402e+19
3.088255669900013978e+19 2.834019785182015898e+19 2.600522808660126515e+19 2.386080887558507725e+19 2.189248537361854874e+19 2.008572804430397850e+19 1.842810898138702643e+19 1.690752190761383117e+19 1.551294140521433498e+19 1.423396325318021734e+19 1.330721620104098406e+19 1.275905797442005402e+19
3.088255669900014797e+19 2.834019785182015898e+19 2.600522808660126515e+19 2.386080887558507725e+19 2.189248537361853645e+19 2.008572804430397850e+19 1.842810898138702438e+19 1.690752190761383117e+19 1.551294140521433498e+19 1.423396325318021530e+19 1.330721620104098406e+19 1.275905797442005402e+19
3.088255669900013568e+19 2.834019785182015898e+19 2.600522808660127334e+19 2.386080887558507725e+19 2.189248537361853235e+19 2.008572804430397440e+19 1.842810898138702643e+19 1.690752190761383322e+19 1.551294140521433907e+19 1.423396325318021530e+19 1.330721620104098611e+19 1.275905797442005197e+19
3.088255669900014387e+19 2.834019785182016717e+19 2.600522808660126925e+19 2.386080887558507315e+19 2.189248537361854054e+19 2.008572804430397850e+19 1.842810898138702848e+19 1.690752190761383117e+19 1.551294140521433907e+19 1.423396325318021325e+19 1.330721620104098406e+19 1.275905797442005197e+19
3.088255669900013978e+19 2.834019785182017536e+19 2.600522808660126925e+19 2.386080887558507315e+19 2.189248537361854874e+19 2.008572804430397440e+19 1.842810898138702848e+19 1.690752190761383117e+19 1.551294140521434317e+19 1.423396325318021530e+19 1.330721620104098202e+19 1.275905797442004173e+19
3.088255669900015206e+19 2.834019785182017536e+19 2.600522808660126106e+19 2.386080887558506906e+19 2.189248537361855693e+19 2.008572804430397030e+19 1.842810898138703053e+19 1.690752190761382502e+19 1.551294140521434317e+19 1.423396325318021325e+19 1.330721620104098202e+19 1.275905797442004582e+19
3.088255669900015206e+19 2.834019785182017536e+19 2.600522808660125696e+19 2.386080887558507315e+19 2.189248537361855283e+19 2.008572804430397030e+19 1.842810898138703053e+19 1.690752190761382298e+19 1.551294140521434112e+19 1.423396325318021530e+19 1.330721620104097587e+19 1.275905797442004582e+19
3.088255669900013978e+19 2.834019785182017946e+19 2.600522808660126515e+19 2.386080887558506906e+19 2.189248537361856102e+19 2.008572804430397030e+19 1.842810898138702848e+19 1.690752190761382707e+19 1.551294140521434112e+19 1.423396325318021325e+19 1.330721620104097792e+19 1.275905797442004582e+19
3.088255669900013568e+19 2.834019785182017536e+19 2.600522808660126515e+19 2.386080887558506906e+19 2.189248537361855693e+19 2.008572804430397030e+19 1.842810898138702848e+19 1.690752190761382707e+19 1.551294140521433907e+19 1.423396325318020915e+19 1.330721620104097792e+19 1.275905797442004173e+19
3.088255669900013568e+19 2.834019785182017536e+19 2.600522808660126925e+19 2.386080887558506906e+19 2.189248537361856102e+19 2.008572804430397440e+19 1.842810898138703053e+19 1.690752190761382298e+19 1.551294140521434112e+19 1.423396325318020710e+19 1.330721620104097997e+19 1.275905797442004378e+19
3.088255669900012749e+19 2.834019785182017536e+19 2.600522808660126925e+19 2.386080887558506906e+19 2.189248537361855693e+19 2.008572804430396621e+19 1.842810898138703053e+19 1.690752190761382093e+19 1.551294140521435546e+19 1.423396325318020710e+19 1.330721620104097792e+19 1.275905797442004173e+19
3.088255669900012339e+19 2.834019785182017946e+19 2.600522808660126106e+19 2.386080887558506496e+19 2.189248537361855693e+19 2.008572804430396621e+19 1.842810898138702848e+19 1.690752190761382093e+19 1.551294140521435341e+19 1.423396325318020506e+19 1.330721620104097997e+19 1.275905797442004582e+19
3.088255669900011930e+19 2.834019785182017126e+19 2.600522808660125286e+19 2.386080887558506496e+19 2.189248537361855283e+19 2.008572804430396621e+19 1.842810898138702234e+19 1.690752190761382093e+19 1.551294140521435341e+19 1.423396325318020506e+19 1.330721620104097792e+19 1.275905797442004787e+19
3.088255669900011520e+19 2.834019785182016717e+19 2.600522808660125286e+19 2.386080887558506496e+19 2.189248537361856102e+19 2.008572804430397030e+19 1.842810898138702029e+19 1.690752190761382093e+19 1.551294140521435750e+19 1.423396325318020506e+19 1.330721620104097792e+19 1.275905797442004582e+19
3.088255669900012749e+19 2.834019785182017126e+19 2.600522808660124467e+19 2.386080887558506496e+19 2.189248537361856512e+19 2.008572804430396211e+19 1.842810898138702029e+19 1.690752190761382502e+19 1.551294140521435955e+19 1.423396325318020506e+19 1.330721620104097587e+19 1.275905797442004378e+19
3.088255669900012749e+19 2.834019785182016307e+19 2.600522808660124058e+19 2.386080887558505677e+19 2.189248537361855693e+19 2.008572804430395802e+19 1.842810898138702029e+19 1.690752190761382298e+19 1.551294140521436160e+19 1.423396325318020506e+19 1.330721620104097792e+19 1.275905797442004378e+19
3.088255669900012339e+19 2.834019785182015898e+19 2.600522808660125286e+19 2.386080887558505677e+19 2.189248537361855693e+19 2.008572804430395392e+19 1.842810898138702234e+19 1.690752190761382298e+19 1.551294140521435955e+19 1.423396325318020710e+19 1.330721620104097792e+19 1.275905797442004378e+19
3.088255669900012339e+19 2.834019785182015898e+19 2.600522808660124467e+19 2.386080887558506086e+19 2.189248537361855693e+19 2.008572804430394573e+19 1.842810898138701824e+19 1.690752190761381888e+19 1.551294140521436160e+19 1.423396325318020710e+19 1.330721620104097997e+19 1.275905797442004582e+19
3.088255669900012749e+19 2.834019785182015898e+19 2.600522808660124467e+19 2.386080887558506086e+19 2.189248537361856512e+19 2.008572804430394982e+19 1.842810898138701619e+19 1.690752190761381683e+19 1.551294140521436160e+19 1.423396325318020096e+19 1.330721620104097997e+19 1.275905797442004787e+19
3.088255669900011930e+19 2.834019785182016307e+19 2.600522808660124467e+19 2.386080887558506496e+19 2.189248537361855693e+19 2.008572804430394573e+19 1.842810898138701619e+19 1.690752190761382093e+19 1.551294140521435750e+19 1.423396325318020096e+19 1.330721620104098202e+19 1.275905797442004992e+19
3.088255669900011930e+19 2.834019785182015488e+19 2.600522808660124058e+19 2.386080887558506496e+19 2.189248537361855283e+19 2.008572804430394163e+19 1.842810898138701414e+19 1.690752190761382502e+19 1.551294140521435955e+19 1.423396325318020096e+19 1.330721620104097997e+19 1.275905797442004787e+19
3.088255669900011930e+19 2.834019785182016307e+19 2.600522808660123238e+19 2.386080887558506086e+19 2.189248537361854874e+19 2.008572804430394163e+19 1.842810898138701824e+19 1.690752190761382298e+19 1.551294140521436365e+19 1.423396325318019891e+19 1.330721620104098202e+19 1.275905797442004787e+19
3.088255669900011520e+19 2.834019785182016307e+19 2.600522808660124467e+19 2.386080887558505677e+19 2.189248537361855283e+19 2.008572804430394573e+19 1.842810898138701619e+19 1.690752190761382093e+19 1.551294140521436160e+19 1.423396325318019891e+19 1.330721620104097997e+19 1.275905797442004992e+19
3.088255669900012749e+19 2.834019785182016717e+19 2.600522808660124877e+19 2.386080887558506086e+19 2.189248537361854874e+19 2.008572804430394573e+19 1.842810898138701414e+19 1.690752190761381274e+19 1.551294140521436160e+19 1.423396325318019891e+19 1.330721620104097997e+19 1.275905797442004582e+19
3.088255669900012339e+19 2.834019785182016717e+19 2.600522808660126515e+19 2.386080887558506496e+19 2.189248537361854054e+19 2.008572804430394982e+19 1.842810898138701210e+19 1.690752190761381683e+19 1.551294140521436365e+19 1.423396325318019891e+19 1.330721620104098202e+19 1.275905797442004582e+19
3.088255669900012749e+19 2.834019785182017126e+19 2.600522808660127334e+19 2.386080887558506086e+19 2.189248537361854464e+19 2.008572804430394982e+19 1.842810898138701005e+19 1.690752190761381683e+19 1.551294140521436365e+19 1.423396325318019686e+19 1.330721620104097792e+19 1.275905797442004378e+19
3.088255669900011930e+19 2.834019785182017536e+19 2.600522808660126515e+19 2.386080887558506496e+19 2.189248537361854054e+19 2.008572804430395392e+19 1.842810898138700800e+19 1.690752190761381683e+19 1.551294140521435955e+19 1.423396325318019891e+19 1.330721620104097178e+19 1.275905797442004582e+19
3.088255669900012749e+19 2.834019785182017536e+19 2.600522808660125696e+19 2.386080887558506906e+19 2.189248537361854874e+19 2.008572804430394982e+19 1.842810898138701005e+19 1.690752190761382093e+19 1.551294140521435955e+19 1.423396325318020301e+19 1.330721620104097178e+19 1.275905797442004378e+19
3.088255669900012339e+19 2.834019785182016307e+19 2.600522808660126925e+19 2.386080887558506906e+19 2.189248537361854874e+19 2.008572804430394982e+19 1.842810898138700800e+19 1.690752190761381888e+19 1.551294140521436365e+19 1.423396325318020096e+19 1.330721620104096768e+19 1.275905797442004173e+19
3.088255669900011520e+19 2.834019785182017536e+19 2.600522808660126925e+19 2.386080887558506906e+19 2.189248537361854874e+19 2.008572804430395392e+19 1.842810898138700800e+19 1.690752190761381683e+19 1.551294140521436570e+19 1.423396325318020096e+19 1.330721620104096973e+19 1.275905797442004173e+19
3.088255669900011110e+19 2.834019785182017126e+19 2.600522808660127334e+19 2.386080887558506496e+19 2.189248537361854054e+19 2.008572804430395802e+19 1.842810898138701005e+19 1.690752190761382502e+19 1.551294140521436365e+19 1.423396325318020096e+19 1.330721620104097382e+19 1.275905797442004173e+19
3.088255669900011110e+19 2.834019785182017126e+19 2.600522808660127334e+19 2.386080887558506906e+19 2.189248537361854054e+19 2.008572804430395802e+19 1.842810898138701005e+19 1.690752190761381683e+19 1.551294140521436365e+19 1.423396325318019891e+19 1.330721620104097178e+19 1.275905797442004378e+19
3.088255669900011930e+19 2.834019785182017126e+19 2.600522808660127744e+19 2.386080887558506906e+19 2.189248537361854054e+19 2.008572804430396621e+19 1.842810898138700800e+19 1.690752190761381069e+19 1.551294140521436160e+19 1.423396325318019686e+19 1.330721620104097792e+19 1.275905797442004173e+19
3.088255669900012339e+19 2.834019785182016307e+19 2.600522808660127744e+19 2.386080887558506496e+19 2.189248537361852826e+19 2.008572804430396621e+19 1.842810898138700595e+19 1.690752190761381274e+19 1.551294140521436160e+19 1.423396325318019482e+19 1.330721620104097587e+19 1.275905797442004173e+19
3.088255669900013568e+19 2.834019785182017126e+19 2.600522808660126925e+19 2.386080887558506906e+19 2.189248537361853645e+19 2.008572804430396621e+19 1.842810898138700390e+19 1.690752190761380659e+19 1.551294140521436160e+19 1.423396325318019277e+19 1.330721620104097792e+19 1.275905797442003968e+19
3.088255669900013158e+19 2.834019785182017536e+19 2.600522808660126925e+19 2.386080887558507315e+19 2.189248537361854054e+19 2.008572804430397440e+19 1.842810898138700186e+19 1.690752190761380864e+19 1.551294140521436160e+19 1.423396325318019277e+19 1.330721620104097587e+19 1.275905797442003558e+19
3.088255669900012749e+19 2.834019785182016717e+19 2.600522808660127334e+19 2.386080887558507315e+19 2.189248537361854054e+19 2.008572804430397440e+19 1.842810898138700390e+19 1.690752190761380454e+19 1.551294140521436365e+19 1.423396325318019482e+19 1.330721620104097587e+19 1.275905797442003354e+19
3.088255669900012749e+19 2.834019785182015898e+19 2.600522808660126925e+19 2.386080887558506496e+19 2.189248537361854464e+19 2.008572804430397440e+19 1.842810898138700800e+19 1.690752190761380659e+19 1.551294140521436160e+19 1.423396325318019482e+19 1.330721620104097792e+19 1.275905797442003354e+19
3.088255669900012339e+19 2.834019785182014669e+19 2.600522808660126106e+19 2.386080887558506496e+19 2.189248537361854874e+19 2.008572804430396621e+19 1.842810898138700800e+19 1.690752190761380659e+19 1.551294140521436365e+19 1.423396325318019277e+19 1.330721620104097792e+19 1.275905797442003558e+19
3.088255669900012749e+19 2.834019785182015078e+19 2.600522808660126106e+19 2.386080887558506906e+19 2.189248537361854464e+19 2.008572804430397440e+19 1.842810898138700595e+19 1.690752190761380045e+19 1.551294140521436365e+19 1.423396325318020096e+19 1.330721620104098202e+19 1.275905797442003558e+19
3.088255669900011930e+19 2.834019785182014669e+19 2.600522808660126515e+19 2.386080887558506496e+19 2.189248537361854054e+19 2.008572804430396621e+19 1.842810898138700595e+19 1.690752190761380250e+19 1.551294140521436365e+19 1.423396325318019891e+19 1.330721620104097587e+19 1.275905797442003968e+19
3.088255669900011930e+19 2.834019785182015078e+19 2.600522808660126106e+19 2.386080887558506906e+19 2.189248537361854054e+19 2.008572804430396211e+19 1.842810898138700595e+19 1.690752190761380250e+19 1.551294140521436160e+19 1.423396325318019686e+19 1.330721620104097382e+19 1.275905797442004173e+19
3.088255669900012339e+19 2.834019785182013440e+19 2.600522808660125696e+19 2.386080887558506496e+19 2.189248537361853235e+19 2.008572804430396621e+19 1.842810898138700595e+19 1.690752190761380250e+19 1.551294140521436365e+19 1.423396325318019686e+19 1.330721620104097587e+19 1.275905797442004173e+19
3.088255669900012339e+19 2.834019785182014669e+19 2.600522808660125286e+19 2.386080887558506906e+19 2.189248537361854054e+19 2.008572804430395802e+19 1.842810898138700390e+19 1.690752190761379840e+19 1.551294140521436365e+19 1.423396325318019686e+19 1.330721620104097382e+19 1.275905797442003558e+19
3.088255669900012339e+19 2.834019785182013440e+19 2.600522808660125286e+19 2.386080887558506906e+19 2.189248537361853645e+19 2.008572804430394982e+19 1.842810898138701005e+19 1.690752190761379840e+19 1.551294140521436570e+19 1.423396325318020301e+19 1.330721620104097382e+19 1.275905797442003763e+19
3.088255669900011110e+19 2.834019785182012621e+19 2.600522808660125286e+19 2.386080887558506906e+19 2.189248537361853235e+19 2.008572804430394982e+19 1.842810898138700595e+19 1.690752190761379635e+19 1.551294140521436774e+19 1.423396325318020301e+19 1.330721620104097178e+19 1.275905797442003763e+19
3.088255669900010701e+19 2.834019785182013030e+19 2.600522808660125286e+19 2.386080887558506086e+19 2.189248537361853235e+19 2.008572804430394573e+19 1.842810898138701005e+19 1.690752190761379635e+19 1.551294140521436774e+19 1.423396325318020301e+19 1.330721620104096973e+19 1.275905797442003968e+19
3.088255669900011110e+19 2.834019785182013850e+19 2.600522808660125696e+19 2.386080887558506496e+19 2.189248537361853235e+19 2.008572804430393754e+19 1.842810898138701210e+19 1.690752190761379635e+19 1.551294140521436365e+19 1.423396325318020301e+19 1.330721620104097382e+19 1.275905797442004173e+19
3.088255669900011110e+19 2.834019785182013850e+19 2.600522808660126106e+19 2.386080887558506906e+19 2.189248537361853645e+19 2.008572804430393344e+19 1.842810898138701210e+19 1.690752190761379635e+19 1.551294140521436160e+19 1.423396325318020710e+19 1.330721620104097382e+19 1.275905797442005197e+19
3.088255669900010701e+19 2.834019785182013440e+19 2.600522808660125696e+19 2.386080887558506906e+19 2.189248537361854054e+19 2.008572804430392934e+19 1.842810898138700800e+19 1.690752190761379635e+19 1.551294140521435750e+19 1.423396325318020506e+19 1.330721620104097792e+19 1.275905797442004992e+19
3.088255669900011110e+19 2.834019785182014669e+19 2.600522808660125286e+19 2.386080887558507315e+19 2.189248537361854464e+19 2.008572804430391706e+19 1.842810898138701005e+19 1.690752190761379635e+19 1.551294140521435750e+19 1.423396325318020506e+19 1.330721620104098202e+19 1.275905797442004787e+19
3.088255669900011110e+19 2.834019785182014669e+19 2.600522808660125696e+19 2.386080887558506906e+19 2.189248537361854464e+19 2.008572804430391296e+19 1.842810898138701005e+19 1.690752190761380045e+19 1.551294140521436365e+19 1.423396325318020096e+19 1.330721620104097997e+19 1.275905797442004787e+19
3.088255669900011110e+19 2.834019785182015078e+19 2.600522808660126515e+19 2.386080887558507315e+19 2.189248537361853645e+19 2.008572804430390886e+19 1.842810898138701005e+19 1.690752190761379430e+19 1.551294140521435955e+19 1.423396325318020096e+19 1.330721620104097382e+19 1.275905797442004992e+19
3.088255669900010291e+19 2.834019785182014259e+19 2.600522808660126106e+19 2.386080887558507725e+19 2.189248537361854464e+19 2.008572804430389658e+19 1.842810898138701414e+19 1.690752190761379226e+19 1.551294140521435955e+19 1.423396325318019891e+19 1.330721620104097382e+19 1.275905797442005811e+19
3.088255669900010291e+19 2.834019785182014669e+19 2.600522808660124877e+19 2.386080887558507315e+19 2.189248537361854874e+19 2.008572804430390067e+19 1.842810898138701414e+19 1.690752190761379226e+19 1.551294140521435955e+19 1.423396325318019686e+19 1.330721620104097178e+19 1.275905797442005811e+19
3.088255669900009882e+19 2.834019785182014669e+19 2.600522808660124877e+19 2.386080887558506906e+19 2.189248537361854054e+19 2.008572804430388838e+19 1.842810898138701414e+19 1.690752190761379635e+19 1.551294140521435955e+19 1.423396325318019686e+19 1.330721620104096973e+19 1.275905797442005811e+19
3.088255669900009472e+19 2.834019785182015488e+19 2.600522808660124058e+19 2.386080887558506906e+19 2.189248537361854054e+19 2.008572804430388019e+19 1.842810898138701210e+19 1.690752190761379430e+19 1.551294140521436365e+19 1.423396325318019891e+19 1.330721620104097178e+19 1.275905797442005606e+19
3.088255669900008653e+19 2.834019785182015078e+19 2.600522808660125696e+19 2.386080887558506496e+19 2.189248537361854464e+19 2.008572804430388429e+19 1.842810898138701210e+19 1.690752190761379430e+19 1.551294140521436365e+19 1.423396325318019891e+19 1.330721620104096154e+19 1.275905797442005606e+19
3.088255669900009472e+19 2.834019785182015078e+19 2.600522808660126106e+19 2.386080887558505677e+19 2.189248537361854464e+19 2.008572804430388019e+19 1.842810898138701210e+19 1.690752190761379635e+19 1.551294140521435955e+19 1.423396325318019686e+19 1.330721620104095539e+19 1.275905797442005606e+19
3.088255669900009062e+19 2.834019785182016717e+19 2.600522808660124877e+19 2.386080887558506086e+19 2.189248537361854464e+19 2.008572804430388019e+19 1.842810898138701005e+19 1.690752190761379021e+19 1.551294140521435750e+19 1.423396325318019482e+19 1.330721620104095539e+19 1.275905797442005606e+19
3.088255669900008653e+19 2.834019785182016717e+19 2.600522808660125696e+19 2.386080887558506086e+19 2.189248537361854874e+19 2.008572804430387200e+19 1.842810898138701005e+19 1.690752190761379226e+19 1.551294140521435750e+19 1.423396325318019482e+19 1.330721620104095744e+19 1.275905797442006221e+19
3.088255669900008653e+19 2.834019785182017536e+19 2.600522808660125696e+19 2.386080887558505677e+19 2.189248537361855693e+19 2.008572804430386381e+19 1.842810898138701005e+19 1.690752190761379021e+19 1.551294140521435750e+19 1.423396325318019277e+19 1.330721620104095744e+19 1.275905797442006426e+19
3.088255669900008243e+19 2.834019785182016717e+19 2.600522808660125286e+19 2.386080887558505267e+19 2.189248537361856102e+19 2.008572804430388019e+19 1.842810898138700595e+19 1.690752190761379226e+19 1.551294140521434112e+19 1.423396325318019277e+19 1.330721620104095744e+19 1.275905797442006221e+19
3.088255669900009062e+19 2.834019785182015488e+19 2.600522808660125696e+19 2.386080887558505267e+19 2.189248537361854874e+19 2.008572804430388838e+19 1.842810898138700186e+19 1.690752190761379430e+19 1.551294140521434317e+19 1.423396325318019277e+19 1.330721620104095949e+19 1.275905797442006221e+19
3.088255669900009062e+19 2.834019785182015488e+19 2.600522808660126106e+19 2.386080887558505267e+19 2.189248537361854874e+19 2.008572804430389248e+19 1.842810898138700186e+19 1.690752190761379226e+19 1.551294140521434317e+19 1.423396325318019277e+19 1.330721620104095744e+19 1.275905797442006221e+19
3.088255669900009882e+19 2.834019785182015488e+19 2.600522808660126106e+19 2.386080887558504858e+19 2.189248537361855693e+19 2.008572804430389658e+19 1.842810898138700595e+19 1.690752190761379226e+19 1.551294140521434317e+19 1.423396325318019277e+19 1.330721620104095744e+19 1.275905797442006016e+19
3.088255669900008243e+19 2.834019785182015488e+19 2.600522808660126925e+19 2.386080887558505267e+19 2.189248537361855693e+19 2.008572804430389248e+19 1.842810898138700800e+19 1.690752190761379430e+19 1.551294140521434112e+19 1.423396325318019277e+19 1.330721620104095539e+19 1.275905797442006016e+19
3.088255669900008243e+19 2.834019785182016717e+19 2.600522808660126515e+19 2.386080887558504858e+19 2.189248537361856102e+19 2.008572804430388838e+19 1.842810898138700800e+19 1.690752190761379430e+19 1.551294140521434726e+19 1.423396325318019277e+19 1.330721620104095539e+19 1.275905797442006426e+19
3.088255669900008243e+19 2.834019785182016717e+19 2.600522808660126925e+19 2.386080887558504858e+19 2.189248537361856512e+19 2.008572804430387610e+19 1.842810898138700800e+19 1.690752190761379430e+19 1.551294140521434726e+19 1.423396325318019277e+19 1.330721620104095334e+19 1.275905797442006426e+19
3.088255669900007834e+19 2.834019785182016307e+19 2.600522808660126925e+19 2.386080887558504038e+19 2.189248537361855693e+19 2.008572804430387200e+19 1.842810898138700800e+19 1.690752190761379430e+19 1.551294140521435341e+19 1.423396325318019277e+19 1.330721620104095334e+19 1.275905797442006630e+19
3.088255669900008653e+19 2.834019785182017536e+19 2.600522808660126925e+19 2.386080887558503629e+19 2.189248537361856102e+19 2.008572804430387200e+19 1.842810898138700390e+19 1.690752190761379635e+19 1.551294140521435136e+19 1.423396325318019277e+19 1.330721620104095334e+19 1.275905797442006426e+19
3.088255669900008653e+19 2.834019785182017536e+19 2.600522808660126515e+19 2.386080887558504448e+19 2.189248537361856102e+19 2.008572804430386790e+19 1.842810898138700390e+19 1.690752190761379840e+19 1.551294140521435341e+19 1.423396325318019072e+19 1.330721620104095334e+19 1.275905797442006630e+19
3.088255669900009472e+19 2.834019785182017126e+19 2.600522808660126515e+19 2.386080887558504448e+19 2.189248537361856102e+19 2.008572804430387610e+19 1.842810898138700595e+19 1.690752190761380045e+19 1.551294140521435136e+19 1.423396325318019072e+19 1.330721620104095130e+19 1.275905797442006426e+19
3.088255669900009882e+19 2.834019785182017536e+19 2.600522808660126925e+19 2.386080887558505267e+19 2.189248537361856102e+19 2.008572804430388019e+19 1.842810898138700800e+19 1.690752190761380045e+19 1.551294140521435136e+19 1.423396325318019072e+19 1.330721620104095130e+19 1.275905797442006835e+19
3.088255669900010291e+19 2.834019785182017946e+19 2.600522808660127744e+19 2.386080887558505267e+19 2.189248537361855693e+19 2.008572804430387610e+19 1.842810898138700186e+19 1.690752190761379840e+19 1.551294140521434931e+19 1.423396325318019277e+19 1.330721620104095334e+19 1.275905797442006221e+19
3.088255669900011110e+19 2.834019785182019174e+19 2.600522808660128154e+19 2.386080887558504858e+19 2.189248537361856512e+19 2.008572804430388019e+19 1.842810898138700186e+19 1.690752190761379840e+19 1.551294140521435136e+19 1.423396325318018867e+19 1.330721620104095334e+19 1.275905797442006221e+19
3.088255669900011520e+19 2.834019785182019174e+19 2.600522808660128563e+19 2.386080887558505267e+19 2.189248537361856102e+19 2.008572804430386790e+19 1.842810898138700595e+19 1.690752190761379840e+19 1.551294140521435136e+19 1.423396325318019686e+19 1.330721620104095334e+19 1.275905797442005811e+19
3.088255669900012339e+19 2.834019785182019994e+19 2.600522808660128563e+19 2.386080887558505677e+19 2.189248537361856512e+19 2.008572804430386790e+19 1.842810898138700595e+19 1.690752190761380045e+19 1.551294140521435546e+19 1.423396325318019072e+19 1.330721620104095334e+19 1.275905797442006016e+19
3.088255669900012749e+19 2.834019785182019584e+19 2.600522808660127744e+19 2.386080887558506086e+19 2.189248537361855693e+19 2.008572804430387610e+19 1.842810898138700390e+19 1.690752190761380045e+19 1.551294140521435546e+19 1.423396325318019482e+19 1.330721620104095334e+19 1.275905797442006221e+19
3.088255669900013568e+19 2.834019785182019174e+19 2.600522808660128563e+19 2.386080887558506086e+19 2.189248537361856512e+19 2.008572804430387610e+19 1.842810898138700595e+19 1.690752190761380250e+19 1.551294140521435546e+19 1.423396325318019482e+19 1.330721620104095539e+19 1.275905797442006016e+19
3.088255669900013568e+19 2.834019785182019174e+19 2.600522808660128154e+19 2.386080887558506086e+19 2.189248537361855283e+19 2.008572804430386381e+19 1.842810898138700595e+19 1.690752190761380045e+19 1.551294140521435546e+19 1.423396325318019482e+19 1.330721620104095539e+19 1.275905797442005811e+19
3.088255669900014387e+19 2.834019785182017946e+19 2.600522808660128154e+19 2.386080887558506496e+19 2.189248537361856922e+19 2.008572804430386381e+19 1.842810898138700390e+19 1.690752190761379840e+19 1.551294140521435546e+19 1.423396325318019482e+19 1.330721620104095539e+19 1.275905797442005811e+19
3.088255669900013978e+19 2.834019785182017126e+19 2.600522808660128563e+19 2.386080887558506906e+19 2.189248537361858150e+19 2.008572804430385971e+19 1.842810898138700595e+19 1.690752190761379635e+19 1.551294140521435546e+19 1.423396325318019277e+19 1.330721620104095539e+19 1.275905797442006016e+19
3.088255669900014797e+19 2.834019785182016717e+19 2.600522808660128154e+19 2.386080887558506906e+19 2.189248537361858150e+19 2.008572804430385152e+19 1.842810898138700595e+19 1.690752190761380045e+19 1.551294140521435546e+19 1.423396325318019072e+19 1.330721620104095539e+19 1.275905797442006016e+19
3.088255669900014797e+19 2.834019785182017126e+19 2.600522808660128973e+19 2.386080887558506496e+19 2.189248537361856512e+19 2.008572804430385971e+19 1.842810898138700595e+19 1.690752190761380045e+19 1.551294140521435546e+19 1.423396325318018867e+19 1.330721620104096973e+19 1.275905797442006016e+19
3.088255669900014387e+19 2.834019785182015488e+19 2.600522808660130202e+19 2.386080887558506086e+19 2.189248537361856102e+19 2.008572804430386381e+19 1.842810898138700595e+19 1.690752190761380045e+19 1.551294140521435546e+19 1.423396325318019482e+19 1.330721620104096768e+19 1.275905797442006221e+19
3.088255669900014387e+19 2.834019785182013850e+19 2.600522808660130611e+19 2.386080887558506086e+19 2.189248537361855693e+19 2.008572804430385562e+19 1.842810898138701005e+19 1.690752190761380250e+19 1.551294140521435546e+19 1.423396325318019482e+19 1.330721620104096768e+19 1.275905797442006016e+19
3.088255669900015616e+19 2.834019785182015078e+19 2.600522808660130202e+19 2.386080887558506086e+19 2.189248537361856512e+19 2.008572804430385971e+19 1.842810898138701824e+19 1.690752190761379840e+19 1.551294140521435546e+19 1.423396325318019482e+19 1.330721620104096768e+19 1.275905797442005811e+19
3.088255669900014797e+19 2.834019785182015488e+19 2.600522808660131430e+19 2.386080887558505677e+19 2.189248537361856102e+19 2.008572804430386381e+19 1.842810898138701414e+19 1.690752190761379840e+19 1.551294140521435136e+19 1.423396325318019482e+19 1.330721620104096563e+19 1.275905797442005606e+19
3.088255669900015206e+19 2.834019785182015898e+19 2.600522808660130202e+19 2.386080887558505677e+19 2.189248537361855693e+19 2.008572804430386381e+19 1.842810898138701414e+19 1.690752190761380454e+19 1.551294140521434522e+19 1.423396325318019277e+19 1.330721620104096358e+19 1.275905797442005606e+19
3.088255669900015616e+19 2.834019785182014669e+19 2.600522808660129792e+19 2.386080887558506086e+19 2.189248537361855283e+19 2.008572804430385971e+19 1.842810898138701414e+19 1.690752190761380045e+19 1.551294140521434931e+19 1.423396325318019072e+19 1.330721620104096563e+19 1.275905797442006016e+19
3.088255669900016026e+19 2.834019785182014259e+19 2.600522808660129792e+19 2.386080887558506086e+19 2.189248537361855693e+19 2.008572804430385971e+19 1.842810898138701824e+19 1.690752190761380045e+19 1.551294140521434726e+19 1.423396325318019072e+19 1.330721620104096768e+19 1.275905797442006221e+19
3.088255669900014797e+19 2.834019785182014669e+19 2.600522808660128973e+19 2.386080887558506086e+19 2.189248537361854874e+19 2.008572804430385971e+19 1.842810898138701824e+19 1.690752190761380045e+19 1.551294140521434931e+19 1.423396325318019277e+19 1.330721620104096973e+19 1.275905797442006016e+19
3.088255669900016026e+19 2.834019785182015488e+19 2.600522808660128973e+19 2.386080887558506086e+19 2.189248537361854464e+19 2.008572804430385971e+19 1.842810898138701414e+19 1.690752190761380045e+19 1.551294140521434931e+19 1.423396325318019072e+19 1.330721620104096768e+19 1.275905797442006016e+19
3.088255669900015206e+19 2.834019785182015078e+19 2.600522808660128973e+19 2.386080887558505267e+19 2.189248537361854464e+19 2.008572804430385971e+19 1.842810898138701824e+19 1.690752190761380045e+19 1.551294140521434931e+19 1.423396325318019072e+19 1.330721620104096563e+19 1.275905797442006016e+19
3.088255669900014797e+19 2.834019785182016307e+19 2.600522808660129792e+19 2.386080887558505677e+19 2.189248537361853645e+19 2.008572804430385562e+19 1.842810898138702029e+19 1.690752190761379840e+19 1.551294140521434931e+19 1.423396325318019072e+19 1.330721620104096358e+19 1.275905797442006016e+19
3.088255669900015206e+19 2.834019785182016307e+19 2.600522808660129792e+19 2.386080887558505677e+19 2.189248537361854054e+19 2.008572804430385562e+19 1.842810898138701824e+19 1.690752190761380864e+19 1.551294140521435341e+19 1.423396325318019072e+19 1.330721620104096768e+19 1.275905797442006016e+19
3.088255669900014797e+19 2.834019785182015898e+19 2.600522808660128563e+19 2.386080887558505677e+19 2.189248537361854054e+19 2.008572804430385152e+19 1.842810898138701619e+19 1.690752190761380659e+19 1.551294140521434931e+19 1.423396325318019072e+19 1.330721620104096563e+19 1.275905797442005811e+19
3.088255669900015206e+19 2.834019785182016307e+19 2.600522808660126925e+19 2.386080887558506086e+19 2.189248537361855693e+19 2.008572804430384742e+19 1.842810898138701824e+19 1.690752190761380454e+19 1.551294140521434931e+19 1.423396325318018867e+19 1.330721620104096768e+19 1.275905797442007245e+19
3.088255669900015616e+19 2.834019785182016717e+19 2.600522808660126925e+19 2.386080887558506086e+19 2.189248537361855693e+19 2.008572804430384742e+19 1.842810898138701619e+19 1.690752190761381069e+19 1.551294140521435136e+19 1.423396325318019072e+19 1.330721620104096563e+19 1.275905797442007040e+19
3.088255669900016435e+19 2.834019785182017126e+19 2.600522808660126515e+19 2.386080887558506086e+19 2.189248537361855693e+19 2.008572804430385152e+19 1.842810898138701414e+19 1.690752190761380864e+19 1.551294140521434931e+19 1.423396325318018867e+19 1.330721620104096563e+19 1.275905797442007040e+19
3.088255669900013978e+19 2.834019785182017536e+19 2.600522808660126925e+19 2.386080887558506086e+19 2.189248537361855283e+19 2.008572804430384742e+19 1.842810898138700800e+19 1.690752190761381274e+19 1.551294140521434931e+19 1.423396325318019072e+19 1.330721620104096973e+19 1.275905797442007040e+19
3.088255669900014797e+19 2.834019785182018355e+19 2.600522808660126925e+19 2.386080887558506086e+19 2.189248537361856102e+19 2.008572804430384333e+19 1.842810898138700800e+19 1.690752190761381478e+19 1.551294140521434726e+19 1.423396325318020915e+19 1.330721620104096973e+19 1.275905797442007245e+19
3.088255669900015206e+19 2.834019785182018355e+19 2.600522808660126925e+19 2.386080887558506496e+19 2.189248537361856512e+19 2.008572804430384333e+19 1.842810898138701005e+19 1.690752190761381683e+19 1.551294140521434522e+19 1.423396325318022144e+19 1.330721620104096973e+19 1.275905797442007040e+19
3.088255669900015616e+19 2.834019785182018765e+19 2.600522808660127334e+19 2.386080887558506496e+19 2.189248537361855693e+19 2.008572804430383514e+19 1.842810898138700800e+19 1.690752190761381478e+19 1.551294140521434317e+19 1.423396325318021939e+19 1.330721620104096973e+19 1.275905797442007245e+19
3.088255669900015616e+19 2.834019785182018355e+19 2.600522808660127744e+19 2.386080887558506906e+19 2.189248537361855283e+19 2.008572804430383514e+19 1.842810898138701005e+19 1.690752190761381478e+19 1.551294140521434522e+19 1.423396325318021939e+19 1.330721620104097178e+19 1.275905797442007040e+19
3.088255669900016026e+19 2.834019785182018765e+19 2.600522808660127334e+19 2.386080887558506496e+19 2.189248537361854464e+19 2.008572804430383104e+19 1.842810898138700800e+19 1.690752190761381683e+19 1.551294140521434317e+19 1.423396325318021939e+19 1.330721620104096973e+19 1.275905797442006835e+19
3.088255669900016435e+19 2.834019785182017126e+19 2.600522808660127744e+19 2.386080887558506496e+19 2.189248537361854874e+19 2.008572804430383104e+19 1.842810898138700800e+19 1.690752190761381478e+19 1.551294140521434522e+19 1.423396325318021939e+19 1.330721620104096768e+19 1.275905797442006835e+19
3.088255669900016845e+19 2.834019785182016717e+19 2.600522808660128154e+19 2.386080887558506906e+19 2.189248537361854874e+19 2.008572804430382694e+19 1.842810898138701414e+19 1.690752190761381683e+19 1.551294140521434726e+19 1.423396325318022144e+19 1.330721620104096154e+19 1.275905797442006835e+19
3.088255669900017254e+19 2.834019785182016307e+19 2.600522808660128563e+19 2.386080887558506906e+19 2.189248537361855283e+19 2.008572804430383514e+19 1.842810898138701210e+19 1.690752190761381478e+19 1.551294140521434931e+19 1.423396325318022144e+19 1.330721620104096154e+19 1.275905797442006835e+19
3.088255669900017254e+19 2.834019785182015488e+19 2.600522808660128973e+19 2.386080887558506906e+19 2.189248537361854874e+19 2.008572804430383923e+19 1.842810898138701824e+19 1.690752190761381274e+19 1.551294140521434726e+19 1.423396325318021734e+19 1.330721620104096358e+19 1.275905797442006835e+19
3.088255669900017254e+19 2.834019785182015488e+19 2.600522808660128973e+19 2.386080887558506906e+19 2.189248537361855283e+19 2.008572804430382694e+19 1.842810898138701414e+19 1.690752190761381478e+19 1.551294140521434522e+19 1.423396325318021734e+19 1.330721620104096358e+19 1.275905797442006835e+19
3.088255669900017254e+19 2.834019785182015488e+19 2.600522808660127744e+19 2.386080887558507315e+19 2.189248537361855283e+19 2.008572804430383514e+19 1.842810898138701619e+19 1.690752190761381888e+19 1.551294140521434522e+19 1.423396325318021734e+19 1.330721620104096358e+19 1.275905797442006630e+19
3.088255669900018893e+19 2.834019785182014669e+19 2.600522808660127744e+19 2.386080887558506906e+19 2.189248537361855283e+19 2.008572804430384333e+19 1.842810898138701619e+19 1.690752190761381683e+19 1.551294140521434522e+19 1.423396325318021530e+19 1.330721620104096563e+19 1.275905797442006630e+19
3.088255669900019712e+19 2.834019785182015898e+19 2.600522808660128154e+19 2.386080887558506906e+19 2.189248537361855693e+19 2.008572804430383923e+19 1.842810898138701824e+19 1.690752190761381683e+19 1.551294140521434522e+19 1.423396325318021325e+19 1.330721620104096768e+19 1.275905797442006630e+19
3.088255669900020122e+19 2.834019785182016307e+19 2.600522808660128154e+19 2.386080887558506906e+19 2.189248537361856512e+19 2.008572804430383104e+19 1.842810898138701619e+19 1.690752190761381683e+19 1.551294140521434726e+19 1.423396325318021120e+19 1.330721620104096563e+19 1.275905797442006630e+19
3.088255669900020941e+19 2.834019785182015488e+19 2.600522808660128563e+19 2.386080887558506906e+19 2.189248537361856512e+19 2.008572804430383104e+19 1.842810898138701619e+19 1.690752190761381069e+19 1.551294140521434522e+19 1.423396325318021325e+19 1.330721620104096973e+19 1.275905797442006630e+19
3.088255669900020531e+19 2.834019785182017126e+19 2.600522808660128973e+19 2.386080887558506906e+19 2.189248537361856512e+19 2.008572804430383923e+19 1.842810898138701824e+19 1.690752190761381478e+19 1.551294140521435750e+19 1.423396325318021530e+19 1.330721620104096768e+19 1.275905797442006221e+19
3.088255669900019712e+19 2.834019785182016717e+19 2.600522808660128973e+19 2.386080887558507315e+19 2.189248537361857331e+19 2.008572804430383514e+19 1.842810898138702234e+19 1.690752190761381478e+19 1.551294140521435136e+19 1.423396325318021530e+19 1.330721620104096768e+19 1.275905797442006426e+19
3.088255669900019712e+19 2.834019785182017126e+19 2.600522808660128154e+19 2.386080887558506496e+19 2.189248537361857741e+19 2.008572804430383104e+19 1.842810898138702029e+19 1.690752190761381683e+19 1.551294140521435341e+19 1.423396325318021325e+19 1.330721620104096973e+19 1.275905797442006221e+19
3.088255669900019712e+19 2.834019785182015898e+19 2.600522808660128154e+19 2.386080887558506906e+19 2.189248537361858150e+19 2.008572804430383923e+19 1.842810898138702234e+19 1.690752190761381888e+19 1.551294140521434726e+19 1.423396325318021325e+19 1.330721620104096768e+19 1.275905797442006221e+19
3.088255669900020122e+19 2.834019785182016717e+19 2.600522808660128563e+19 2.386080887558506496e+19 2.189248537361857331e+19 2.008572804430383514e+19 1.842810898138702029e+19 1.690752190761382298e+19 1.551294140521434522e+19 1.423396325318021734e+19 1.330721620104096768e+19 1.275905797442006221e+19
3.088255669900021350e+19 2.834019785182015898e+19 2.600522808660127744e+19 2.386080887558506086e+19 2.189248537361857741e+19 2.008572804430383514e+19 1.842810898138701414e+19 1.690752190761382707e+19 1.551294140521434726e+19 1.423396325318021734e+19 1.330721620104096563e+19 1.275905797442006221e+19
3.088255669900020941e+19 2.834019785182017536e+19 2.600522808660127744e+19 2.386080887558505677e+19 2.189248537361856102e+19 2.008572804430383923e+19 1.842810898138701619e+19 1.690752190761382912e+19 1.551294140521434726e+19 1.423396325318021734e+19 1.330721620104096358e+19 1.275905797442006016e+19
3.088255669900020941e+19 2.834019785182017946e+19 2.600522808660127744e+19 2.386080887558505267e+19 2.189248537361857331e+19 2.008572804430383104e+19 1.842810898138701619e+19 1.690752190761382707e+19 1.551294140521434931e+19 1.423396325318021734e+19 1.330721620104096563e+19 1.275905797442006016e+19
3.088255669900020941e+19 2.834019785182017126e+19 2.600522808660127744e+19 2.386080887558505677e+19 2.189248537361857331e+19 2.008572804430382694e+19 1.842810898138701210e+19 1.690752190761383117e+19 1.551294140521434931e+19 1.423396325318021939e+19 1.330721620104096563e+19 1.275905797442006221e+19
3.088255669900020531e+19 2.834019785182016307e+19 2.600522808660126925e+19 2.386080887558506086e+19 2.189248537361857741e+19 2.008572804430382694e+19 1.842810898138700800e+19 1.690752190761383117e+19 1.551294140521434726e+19 1.423396325318021939e+19 1.330721620104096358e+19 1.275905797442006016e+19
3.088255669900021350e+19 2.834019785182016307e+19 2.600522808660126925e+19 2.386080887558506086e+19 2.189248537361856922e+19 2.008572804430383514e+19 1.842810898138700800e+19 1.690752190761383322e+19 1.551294140521434726e+19 1.423396325318021939e+19 1.330721620104096358e+19 1.275905797442006016e+19
3.088255669900021760e+19 2.834019785182016307e+19 2.600522808660126515e+19 2.386080887558506496e+19 2.189248537361856512e+19 2.008572804430383514e+19 1.842810898138700800e+19 1.690752190761383731e+19 1.551294140521434522e+19 1.423396325318022144e+19 1.330721620104096563e+19 1.275905797442005402e+19
3.088255669900021350e+19 2.834019785182016717e+19 2.600522808660126515e+19 2.386080887558506496e+19 2.189248537361856512e+19 2.008572804430383514e+19 1.842810898138700595e+19 1.690752190761384550e+19 1.551294140521434522e+19 1.423396325318022144e+19 1.330721620104096358e+19 1.275905797442004378e+19
3.088255669900020531e+19 2.834019785182017946e+19 2.600522808660126925e+19 2.386080887558506496e+19 2.189248537361856512e+19 2.008572804430383104e+19 1.842810898138701005e+19 1.690752190761384755e+19 1.551294140521434726e+19 1.423396325318021939e+19 1.330721620104096358e+19 1.275905797442004582e+19
3.088255669900020531e+19 2.834019785182017536e+19 2.600522808660126106e+19 2.386080887558506496e+19 2.189248537361857331e+19 2.008572804430383923e+19 1.842810898138700800e+19 1.690752190761384960e+19 1.551294140521434317e+19 1.423396325318021734e+19 1.330721620104096358e+19 1.275905797442004787e+19
3.088255669900020941e+19 2.834019785182017126e+19 2.600522808660125286e+19 2.386080887558506906e+19 2.189248537361857741e+19 2.008572804430383514e+19 1.842810898138701005e+19 1.690752190761384960e+19 1.551294140521434317e+19 1.423396325318021939e+19 1.330721620104096154e+19 1.275905797442004787e+19
3.088255669900021760e+19 2.834019785182016307e+19 2.600522808660125696e+19 2.386080887558507315e+19 2.189248537361857741e+19 2.008572804430384333e+19 1.842810898138701005e+19 1.690752190761384550e+19 1.551294140521434931e+19 1.423396325318021734e+19 1.330721620104096563e+19 1.275905797442004582e+19
3.088255669900022170e+19 2.834019785182016307e+19 2.600522808660125286e+19 2.386080887558506906e+19 2.189248537361857331e+19 2.008572804430385152e+19 1.842810898138700390e+19 1.690752190761384550e+19 1.551294140521434931e+19 1.423396325318022144e+19 1.330721620104096563e+19 1.275905797442004582e+19
3.088255669900022170e+19 2.834019785182017536e+19 2.600522808660125286e+19 2.386080887558506906e+19 2.189248537361857331e+19 2.008572804430383923e+19 1.842810898138700186e+19 1.690752190761384141e+19 1.551294140521434931e+19 1.423396325318022144e+19 1.330721620104096358e+19 1.275905797442004582e+19
3.088255669900020941e+19 2.834019785182017946e+19 2.600522808660125286e+19 2.386080887558506496e+19 2.189248537361857741e+19 2.008572804430383923e+19 1.842810898138700186e+19 1.690752190761383936e+19 1.551294140521434522e+19 1.423396325318021530e+19 1.330721620104096358e+19 1.275905797442004582e+19
3.088255669900020941e+19 2.834019785182017536e+19 2.600522808660124877e+19 2.386080887558506496e+19 2.189248537361858560e+19 2.008572804430384333e+19 1.842810898138699776e+19 1.690752190761384141e+19 1.551294140521434726e+19 1.423396325318021325e+19 1.330721620104096563e+19 1.275905797442004582e+19
3.088255669900020531e+19 2.834019785182017126e+19 2.600522808660124467e+19 2.386080887558506906e+19 2.189248537361858560e+19 2.008572804430384333e+19 1.842810898138700390e+19 1.690752190761384141e+19 1.551294140521434726e+19 1.423396325318020710e+19 1.330721620104096563e+19 1.275905797442004378e+19
3.088255669900020122e+19 2.834019785182017536e+19 2.600522808660124467e+19 2.386080887558506906e+19 2.189248537361858560e+19 2.008572804430384742e+19 1.842810898138700595e+19 1.690752190761383526e+19 1.551294140521434726e+19 1.423396325318020710e+19 1.330721620104096358e+19 1.275905797442004173e+19
3.088255669900020531e+19 2.834019785182017126e+19 2.600522808660124467e+19 2.386080887558506496e+19 2.189248537361857741e+19 2.008572804430385562e+19 1.842810898138700595e+19 1.690752190761383526e+19 1.551294140521435136e+19 1.423396325318020710e+19 1.330721620104096768e+19 1.275905797442004173e+19
3.088255669900021350e+19 2.834019785182015898e+19 2.600522808660125286e+19 2.386080887558507725e+19 2.189248537361858560e+19 2.008572804430385152e+19 1.842810898138700186e+19 1.690752190761383526e+19 1.551294140521434931e+19 1.423396325318020506e+19 1.330721620104097178e+19 1.275905797442004378e+19
3.088255669900020941e+19 2.834019785182015078e+19 2.600522808660124467e+19 2.386080887558507725e+19 2.189248537361858970e+19 2.008572804430384333e+19 1.842810898138700390e+19 1.690752190761383322e+19 1.551294140521434931e+19 1.423396325318020506e+19 1.330721620104096973e+19 1.275905797442004378e+19
3.088255669900020531e+19 2.834019785182016307e+19 2.600522808660124467e+19 2.386080887558507315e+19 2.189248537361860198e+19 2.008572804430383104e+19 1.842810898138700800e+19 1.690752190761383117e+19 1.551294140521434931e+19 1.423396325318020301e+19 1.330721620104096768e+19 1.275905797442003968e+19
3.088255669900021350e+19 2.834019785182015898e+19 2.600522808660124877e+19 2.386080887558507315e+19 2.189248537361860608e+19 2.008572804430382694e+19 1.842810898138700800e+19 1.690752190761382502e+19 1.551294140521434931e+19 1.423396325318020096e+19 1.330721620104096973e+19 1.275905797442003968e+19
3.088255669900021760e+19 2.834019785182015078e+19 2.600522808660125696e+19 2.386080887558507315e+19 2.189248537361859379e+19 2.008572804430382694e+19 1.842810898138701210e+19 1.690752190761383117e+19 1.551294140521434931e+19 1.423396325318020096e+19 1.330721620104096768e+19 1.275905797442003968e+19
3.088255669900022579e+19 2.834019785182015898e+19 2.600522808660126106e+19 2.386080887558506496e+19 2.189248537361859789e+19 2.008572804430381875e+19 1.842810898138701005e+19 1.690752190761382912e+19 1.551294140521435136e+19 1.423396325318019891e+19 1.330721620104096973e+19 1.275905797442003968e+19
3.088255669900024218e+19 2.834019785182015898e+19 2.600522808660126925e+19 2.386080887558506906e+19 2.189248537361858970e+19 2.008572804430382285e+19 1.842810898138700800e+19 1.690752190761382707e+19 1.551294140521435136e+19 1.423396325318019891e+19 1.330721620104096563e+19 1.275905797442003763e+19
3.088255669900023398e+19 2.834019785182015898e+19 2.600522808660128563e+19 2.386080887558506906e+19 2.189248537361857331e+19 2.008572804430382694e+19 1.842810898138700800e+19 1.690752190761382912e+19 1.551294140521435136e+19 1.423396325318019686e+19 1.330721620104096768e+19 1.275905797442003968e+19
3.088255669900023808e+19 2.834019785182015078e+19 2.600522808660128563e+19 2.386080887558506906e+19 2.189248537361857331e+19 2.008572804430382694e+19 1.842810898138700800e+19 1.690752190761382298e+19 1.551294140521434931e+19 1.423396325318019891e+19 1.330721620104096768e+19 1.275905797442003763e+19
3.088255669900023398e+19 2.834019785182015488e+19 2.600522808660129382e+19 2.386080887558506496e+19 2.189248537361858150e+19 2.008572804430382694e+19 1.842810898138700595e+19 1.690752190761381888e+19 1.551294140521434931e+19 1.423396325318019891e+19 1.330721620104096563e+19 1.275905797442003968e+19
3.088255669900022989e+19 2.834019785182015898e+19 2.600522808660129792e+19 2.386080887558507315e+19 2.189248537361858150e+19 2.008572804430382285e+19 1.842810898138700800e+19 1.690752190761382707e+19 1.551294140521435955e+19 1.423396325318019686e+19 1.330721620104096563e+19 1.275905797442003763e+19
3.088255669900022579e+19 2.834019785182015898e+19 2.600522808660129792e+19 2.386080887558507315e+19 2.189248537361858970e+19 2.008572804430382285e+19 1.842810898138701005e+19 1.690752190761382912e+19 1.551294140521435955e+19 1.423396325318020096e+19 1.330721620104096563e+19 1.275905797442003763e+19
3.088255669900023398e+19 2.834019785182015898e+19 2.600522808660130202e+19 2.386080887558507315e+19 2.189248537361858970e+19 2.008572804430382285e+19 1.842810898138701210e+19 1.690752190761382707e+19 1.551294140521435750e+19 1.423396325318020096e+19 1.330721620104096563e+19 1.275905797442003763e+19
3.088255669900023398e+19 2.834019785182015488e+19 2.600522808660130611e+19 2.386080887558506906e+19 2.189248537361858970e+19 2.008572804430382694e+19 1.842810898138700800e+19 1.690752190761382298e+19 1.551294140521435546e+19 1.423396325318020301e+19 1.330721620104096563e+19 1.275905797442003763e+19
3.088255669900023808e+19 2.834019785182015898e+19 2.600522808660130611e+19 2.386080887558507315e+19 2.189248537361858970e+19 2.008572804430383104e+19 1.842810898138700800e+19 1.690752190761382093e+19 1.551294140521435546e+19 1.423396325318020096e+19 1.330721620104096563e+19 1.275905797442003763e+19
3.088255669900023398e+19 2.834019785182014669e+19 2.600522808660130611e+19 2.386080887558506906e+19 2.189248537361858560e+19 2.008572804430383104e+19 1.842810898138700595e+19 1.690752190761381683e+19 1.551294140521435546e+19 1.423396325318020301e+19 1.330721620104096358e+19 1.275905797442003558e+19
3.088255669900024627e+19 2.834019785182014669e+19 2.600522808660130611e+19 2.386080887558506906e+19 2.189248537361858150e+19 2.008572804430383514e+19 1.842810898138700390e+19 1.690752190761381888e+19 1.551294140521435546e+19 1.423396325318019891e+19 1.330721620104096563e+19 1.275905797442003558e+19
3.088255669900024218e+19 2.834019785182013850e+19 2.600522808660129382e+19 2.386080887558506906e+19 2.189248537361858150e+19 2.008572804430382694e+19 1.842810898138700595e+19 1.690752190761381888e+19 1.551294140521435955e+19 1.423396325318019686e+19 1.330721620104096768e+19 1.275905797442003354e+19
3.088255669900025037e+19 2.834019785182014259e+19 2.600522808660129792e+19 2.386080887558506496e+19 2.189248537361859789e+19 2.008572804430382694e+19 1.842810898138700390e+19 1.690752190761381683e+19 1.551294140521435750e+19 1.423396325318019686e+19 1.330721620104096768e+19 1.275905797442003354e+19
3.088255669900025037e+19 2.834019785182014669e+19 2.600522808660128154e+19 2.386080887558506906e+19 2.189248537361860198e+19 2.008572804430382285e+19 1.842810898138700595e+19 1.690752190761381683e+19 1.551294140521436774e+19 1.423396325318019686e+19 1.330721620104096563e+19 1.275905797442003354e+19
3.088255669900024218e+19 2.834019785182014259e+19 2.600522808660128563e+19 2.386080887558506906e+19 2.189248537361861018e+19 2.008572804430382694e+19 1.842810898138700186e+19 1.690752190761381683e+19 1.551294140521436570e+19 1.423396325318019686e+19 1.330721620104096563e+19 1.275905797442003149e+19
3.088255669900024218e+19 2.834019785182014259e+19 2.600522808660128973e+19 2.386080887558507315e+19 2.189248537361861018e+19 2.008572804430382694e+19 1.842810898138700390e+19 1.690752190761381683e+19 1.551294140521436570e+19 1.423396325318019686e+19 1.330721620104096563e+19 1.275905797442003149e+19
3.088255669900024218e+19 2.834019785182014259e+19 2.600522808660128973e+19 2.386080887558507315e+19 2.189248537361861427e+19 2.008572804430383514e+19 1.842810898138700390e+19 1.690752190761381683e+19 1.551294140521436570e+19 1.423396325318019482e+19 1.330721620104096358e+19 1.275905797442003149e+19
3.088255669900024218e+19 2.834019785182014669e+19 2.600522808660129382e+19 2.386080887558507315e+19 2.189248537361861018e+19 2.008572804430383514e+19 1.842810898138700186e+19 1.690752190761381683e+19 1.551294140521436570e+19 1.423396325318019482e+19 1.330721620104096563e+19 1.275905797442002944e+19
3.088255669900022989e+19 2.834019785182015078e+19 2.600522808660129382e+19 2.386080887558507725e+19 2.189248537361861018e+19 2.008572804430382694e+19 1.842810898138700595e+19 1.690752190761381683e+19 1.551294140521436570e+19 1.423396325318019686e+19 1.330721620104096563e+19 1.275905797442002739e+19
3.088255669900022170e+19 2.834019785182015078e+19 2.600522808660130202e+19 2.386080887558507315e+19 2.189248537361861018e+19 2.008572804430383104e+19 1.842810898138700595e+19 1.690752190761381478e+19 1.551294140521436774e+19 1.423396325318019482e+19 1.330721620104096768e+19 1.275905797442002739e+19
3.088255669900021760e+19 2.834019785182014669e+19 2.600522808660130202e+19 2.386080887558506906e+19 2.189248537361861018e+19 2.008572804430382694e+19 1.842810898138699981e+19 1.690752190761381478e+19 1.551294140521436774e+19 1.423396325318019482e+19 1.330721620104096973e+19 1.275905797442002534e+19
3.088255669900022170e+19 2.834019785182014669e+19 2.600522808660130611e+19 2.386080887558506496e+19 2.189248537361861837e+19 2.008572804430383514e+19 1.842810898138699981e+19 1.690752190761381274e+19 1.551294140521436774e+19 1.423396325318020096e+19 1.330721620104096973e+19 1.275905797442002534e+19
3.088255669900021760e+19 2.834019785182015488e+19 2.600522808660131430e+19 2.386080887558506906e+19 2.189248537361861427e+19 2.008572804430382694e+19 1.842810898138700186e+19 1.690752190761381274e+19 1.551294140521436979e+19 1.423396325318020301e+19 1.330721620104097178e+19 1.275905797442002739e+19
3.088255669900021350e+19 2.834019785182015078e+19 2.600522808660131840e+19 2.386080887558506906e+19 2.189248537361860608e+19 2.008572804430383104e+19 1.842810898138700390e+19 1.690752190761381274e+19 1.551294140521436774e+19 1.423396325318020301e+19 1.330721620104096973e+19 1.275905797442002944e+19
3.088255669900021350e+19 2.834019785182014669e+19 2.600522808660131840e+19 2.386080887558507315e+19 2.189248537361861427e+19 2.008572804430383104e+19 1.842810898138699981e+19 1.690752190761380864e+19 1.551294140521436570e+19 1.423396325318020301e+19 1.330721620104097587e+19 1.275905797442002944e+19
3.088255669900021760e+19 2.834019785182015898e+19 2.600522808660132250e+19 2.386080887558506496e+19 2.189248537361861427e+19 2.008572804430383923e+19 1.842810898138700390e+19 1.690752190761380864e+19 1.551294140521436365e+19 1.423396325318020301e+19 1.330721620104097382e+19 1.275905797442002739e+19
3.088255669900021350e+19 2.834019785182015488e+19 2.600522808660131840e+19 2.386080887558506496e+19 2.189248537361861427e+19 2.008572804430383104e+19 1.842810898138700595e+19 1.690752190761380659e+19 1.551294140521436365e+19 1.423396325318020096e+19 1.330721620104097382e+19 1.275905797442003149e+19
3.088255669900021760e+19 2.834019785182014669e+19 2.600522808660131430e+19 2.386080887558506496e+19 2.189248537361861427e+19 2.008572804430384742e+19 1.842810898138700595e+19 1.690752190761380250e+19 1.551294140521436365e+19 1.423396325318020301e+19 1.330721620104097382e+19 1.275905797442002944e+19
3.088255669900022170e+19 2.834019785182015488e+19 2.600522808660130611e+19 2.386080887558505677e+19 2.189248537361861018e+19 2.008572804430385562e+19 1.842810898138700595e+19 1.690752190761380250e+19 1.551294140521436570e+19 1.423396325318020096e+19 1.330721620104097178e+19 1.275905797442002944e+19
3.088255669900022989e+19 2.834019785182015078e+19 2.600522808660130611e+19 2.386080887558505677e+19 2.189248537361860608e+19 2.008572804430384742e+19 1.842810898138700186e+19 1.690752190761380250e+19 1.551294140521436570e+19 1.423396325318020096e+19 1.330721620104097382e+19 1.275905797442003149e+19
3.088255669900022989e+19 2.834019785182014669e+19 2.600522808660131430e+19 2.386080887558506086e+19 2.189248537361860608e+19 2.008572804430385562e+19 1.842810898138700390e+19 1.690752190761380250e+19 1.551294140521436570e+19 1.423396325318019891e+19 1.330721620104097382e+19 1.275905797442002944e+19
3.088255669900022170e+19 2.834019785182015898e+19 2.600522808660130611e+19 2.386080887558505677e+19 2.189248537361861018e+19 2.008572804430385971e+19 1.842810898138700595e+19 1.690752190761379840e+19 1.551294140521436774e+19 1.423396325318019891e+19 1.330721620104097382e+19 1.275905797442002944e+19
3.088255669900022989e+19 2.834019785182016307e+19 2.600522808660131021e+19 2.386080887558505267e+19 2.189248537361861018e+19 2.008572804430385971e+19 1.842810898138701210e+19 1.690752190761379840e+19 1.551294140521435955e+19 1.423396325318019891e+19 1.330721620104097382e+19 1.275905797442002739e+19
3.088255669900023808e+19 2.834019785182017126e+19 2.600522808660130611e+19 2.386080887558506086e+19 2.189248537361861018e+19 2.008572804430385971e+19 1.842810898138701005e+19 1.690752190761380045e+19 1.551294140521436365e+19 1.423396325318019891e+19 1.330721620104097178e+19 1.275905797442002944e+19
3.088255669900022989e+19 2.834019785182016307e+19 2.600522808660129382e+19 2.386080887558505677e+19 2.189248537361861018e+19 2.008572804430385562e+19 1.842810898138701210e+19 1.690752190761379840e+19 1.551294140521436365e+19 1.423396325318019686e+19 1.330721620104097382e+19 1.275905797442002739e+19
3.088255669900022170e+19 2.834019785182015488e+19 2.600522808660129382e+19 2.386080887558505677e+19 2.189248537361860198e+19 2.008572804430385562e+19 1.842810898138701210e+19 1.690752190761380659e+19 1.551294140521436365e+19 1.423396325318019482e+19 1.330721620104097587e+19 1.275905797442002739e+19
3.088255669900022170e+19 2.834019785182015078e+19 2.600522808660128563e+19 2.386080887558505267e+19 2.189248537361860198e+19 2.008572804430386381e+19 1.842810898138700800e+19 1.690752190761380659e+19 1.551294140521436365e+19 1.423396325318019686e+19 1.330721620104097587e+19 1.275905797442002739e+19
3.088255669900021760e+19 2.834019785182014669e+19 2.600522808660129382e+19 2.386080887558505677e+19 2.189248537361861018e+19 2.008572804430385562e+19 1.842810898138701005e+19 1.690752190761380454e+19 1.551294140521436570e+19 1.423396325318019482e+19 1.330721620104097587e+19 1.275905797442002739e+19
3.088255669900022579e+19 2.834019785182013440e+19 2.600522808660129792e+19 2.386080887558505267e+19 2.189248537361860198e+19 2.008572804430385152e+19 1.842810898138700800e+19 1.690752190761380250e+19 1.551294140521436570e+19 1.423396325318019482e+19 1.330721620104097587e+19 1.275905797442002944e+19
3.088255669900022989e+19 2.834019785182014259e+19 2.600522808660130202e+19 2.386080887558504448e+19 2.189248537361859789e+19 2.008572804430385562e+19 1.842810898138700800e+19 1.690752190761380045e+19 1.551294140521436365e+19 1.423396325318019482e+19 1.330721620104097792e+19 1.275905797442002739e+19
3.088255669900023808e+19 2.834019785182014669e+19 2.600522808660130202e+19 2.386080887558504858e+19 2.189248537361859789e+19 2.008572804430384742e+19 1.842810898138701005e+19 1.690752190761380250e+19 1.551294140521436570e+19 1.423396325318019482e+19 1.330721620104097792e+19 1.275905797442002739e+19
3.088255669900024627e+19 2.834019785182014259e+19 2.600522808660130202e+19 2.386080887558504448e+19 2.189248537361859379e+19 2.008572804430384742e+19 1.842810898138701005e+19 1.690752190761380045e+19 1.551294140521436570e+19 1.423396325318019686e+19 1.330721620104097587e+19 1.275905797442002944e+19
3.088255669900024627e+19 2.834019785182015898e+19 2.600522808660130611e+19 2.386080887558504038e+19 2.189248537361859379e+19 2.008572804430384333e+19 1.842810898138701005e+19 1.690752190761379635e+19 1.551294140521436570e+19 1.423396325318019482e+19 1.330721620104097997e+19 1.275905797442002330e+19
3.088255669900023808e+19 2.834019785182015488e+19 2.600522808660130202e+19 2.386080887558503629e+19 2.189248537361858560e+19 2.008572804430384742e+19 1.842810898138701414e+19 1.690752190761379840e+19 1.551294140521436570e+19 1.423396325318018867e+19 1.330721620104097792e+19 1.275905797442003149e+19
3.088255669900022579e+19 2.834019785182014259e+19 2.600522808660130202e+19 2.386080887558504448e+19 2.189248537361858150e+19 2.008572804430385152e+19 1.842810898138701210e+19 1.690752190761379635e+19 1.551294140521436774e+19 1.423396325318019482e+19 1.330721620104098202e+19 1.275905797442002125e+19
3.088255669900022579e+19 2.834019785182014669e+19 2.600522808660128973e+19 2.386080887558504448e+19 2.189248537361858150e+19 2.008572804430384742e+19 1.842810898138701414e+19 1.690752190761379635e+19 1.551294140521436570e+19 1.423396325318020710e+19 1.330721620104097178e+19 1.275905797442002330e+19
3.088255669900022170e+19 2.834019785182015078e+19 2.600522808660128973e+19 2.386080887558504858e+19 2.189248537361859379e+19 2.008572804430383923e+19 1.842810898138701414e+19 1.690752190761380250e+19 1.551294140521436774e+19 1.423396325318021530e+19 1.330721620104097382e+19 1.275905797442003149e+19
3.088255669900022579e+19 2.834019785182014669e+19 2.600522808660129792e+19 2.386080887558504858e+19 2.189248537361859379e+19 2.008572804430383923e+19 1.842810898138701824e+19 1.690752190761380045e+19 1.551294140521437184e+19 1.423396325318020710e+19 1.330721620104097792e+19 1.275905797442004173e+19
3.088255669900022170e+19 2.834019785182014259e+19 2.600522808660128563e+19 2.386080887558504858e+19 2.189248537361859789e+19 2.008572804430383104e+19 1.842810898138701824e+19 1.690752190761380045e+19 1.551294140521437798e+19 1.423396325318020915e+19 1.330721620104097178e+19 1.275905797442004787e+19
3.088255669900020941e+19 2.834019785182014259e+19 2.600522808660127744e+19 2.386080887558504448e+19 2.189248537361860608e+19 2.008572804430382694e+19 1.842810898138702234e+19 1.690752190761380045e+19 1.551294140521437594e+19 1.423396325318020710e+19 1.330721620104097587e+19 1.275905797442004378e+19
3.088255669900020122e+19 2.834019785182015488e+19 2.600522808660127744e+19 2.386080887558504448e+19 2.189248537361859789e+19 2.008572804430383104e+19 1.842810898138701824e+19 1.690752190761380250e+19 1.551294140521438003e+19 1.423396325318021120e+19 1.330721620104097587e+19 1.275905797442003763e+19
3.088255669900020122e+19 2.834019785182015488e+19 2.600522808660127744e+19 2.386080887558504038e+19 2.189248537361860608e+19 2.008572804430383923e+19 1.842810898138702234e+19 1.690752190761380454e+19 1.551294140521438003e+19 1.423396325318020915e+19 1.330721620104097587e+19 1.275905797442004378e+19
3.088255669900019712e+19 2.834019785182015488e+19 2.600522808660127334e+19 2.386080887558504448e+19 2.189248537361860608e+19 2.008572804430383104e+19 1.842810898138702234e+19 1.690752190761380045e+19 1.551294140521437798e+19 1.423396325318021120e+19 1.330721620104097178e+19 1.275905797442003968e+19
3.088255669900020122e+19 2.834019785182015078e+19 2.600522808660127334e+19 2.386080887558504448e+19 2.189248537361859789e+19 2.008572804430381875e+19 1.842810898138702029e+19 1.690752190761379840e+19 1.551294140521438003e+19 1.423396325318021120e+19 1.330721620104097382e+19 1.275905797442004173e+19
3.088255669900020122e+19 2.834019785182015078e+19 2.600522808660127334e+19 2.386080887558504038e+19 2.189248537361859789e+19 2.008572804430381875e+19 1.842810898138702029e+19 1.690752190761380045e+19 1.551294140521438208e+19 1.423396325318021325e+19 1.330721620104097587e+19 1.275905797442004378e+19
3.088255669900019712e+19 2.834019785182016717e+19 2.600522808660127334e+19 2.386080887558504038e+19 2.189248537361859789e+19 2.008572804430380646e+19 1.842810898138701414e+19 1.690752190761380250e+19 1.551294140521437798e+19 1.423396325318021325e+19 1.330721620104097587e+19 1.275905797442004378e+19
3.088255669900019712e+19 2.834019785182016307e+19 2.600522808660126106e+19 2.386080887558503219e+19 2.189248537361859379e+19 2.008572804430381056e+19 1.842810898138701414e+19 1.690752190761380250e+19 1.551294140521437594e+19 1.423396325318021530e+19 1.330721620104097587e+19 1.275905797442004173e+19
3.088255669900019302e+19 2.834019785182016717e+19 2.600522808660126515e+19 2.386080887558503629e+19 2.189248537361859379e+19 2.008572804430381056e+19 1.842810898138701210e+19 1.690752190761380864e+19 1.551294140521437798e+19 1.423396325318021734e+19 1.330721620104097792e+19 1.275905797442004173e+19
3.088255669900019712e+19 2.834019785182015898e+19 2.600522808660126106e+19 2.386080887558504038e+19 2.189248537361859379e+19 2.008572804430380646e+19 1.842810898138701210e+19 1.690752190761380864e+19 1.551294140521437798e+19 1.423396325318021530e+19 1.330721620104097792e+19 1.275905797442004173e+19
3.088255669900019712e+19 2.834019785182015488e+19 2.600522808660126925e+19 2.386080887558503219e+19 2.189248537361858970e+19 2.008572804430382285e+19 1.842810898138701619e+19 1.690752190761380864e+19 1.551294140521438003e+19 1.423396325318021734e+19 1.330721620104097792e+19 1.275905797442004173e+19
3.088255669900020531e+19 2.834019785182015078e+19 2.600522808660127334e+19 2.386080887558503629e+19 2.189248537361858970e+19 2.008572804430383104e+19 1.842810898138701824e+19 1.690752190761380864e+19 1.551294140521438003e+19 1.423396325318021530e+19 1.330721620104097997e+19 1.275905797442004173e+19
3.088255669900020531e+19 2.834019785182016717e+19 2.600522808660126925e+19 2.386080887558503219e+19 2.189248537361859379e+19 2.008572804430382285e+19 1.842810898138701210e+19 1.690752190761380659e+19 1.551294140521438208e+19 1.423396325318021530e+19 1.330721620104097792e+19 1.275905797442004173e+19
3.088255669900020531e+19 2.834019785182015898e+19 2.600522808660126925e+19 2.386080887558503629e+19 2.189248537361860198e+19 2.008572804430381466e+19 1.842810898138701619e+19 1.690752190761380454e+19 1.551294140521438208e+19 1.423396325318021939e+19 1.330721620104097792e+19 1.275905797442004173e+19
3.088255669900020531e+19 2.834019785182017536e+19 2.600522808660126515e+19 2.386080887558503629e+19 2.189248537361859379e+19 2.008572804430381466e+19 1.842810898138701210e+19 1.690752190761380659e+19 1.551294140521437184e+19 1.423396325318021734e+19 1.330721620104097792e+19 1.275905797442003968e+19
3.088255669900020122e+19 2.834019785182017946e+19 2.600522808660126106e+19 2.386080887558504038e+19 2.189248537361859789e+19 2.008572804430381056e+19 1.842810898138701619e+19 1.690752190761380454e+19 1.551294140521437594e+19 1.423396325318021939e+19 1.330721620104097997e+19 1.275905797442003968e+19
3.088255669900020531e+19 2.834019785182018765e+19 2.600522808660126106e+19 2.386080887558505267e+19 2.189248537361860608e+19 2.008572804430381466e+19 1.842810898138701210e+19 1.690752190761381069e+19 1.551294140521437594e+19 1.423396325318021939e+19 1.330721620104098202e+19 1.275905797442004173e+19
3.088255669900020531e+19 2.834019785182019174e+19 2.600522808660124877e+19 2.386080887558504858e+19 2.189248537361859789e+19 2.008572804430381056e+19 1.842810898138701619e+19 1.690752190761380864e+19 1.551294140521437594e+19 1.423396325318021939e+19 1.330721620104098406e+19 1.275905797442003968e+19
3.088255669900020941e+19 2.834019785182019994e+19 2.600522808660125696e+19 2.386080887558505267e+19 2.189248537361860198e+19 2.008572804430381466e+19 1.842810898138701414e+19 1.690752190761380659e+19 1.551294140521437389e+19 1.423396325318022144e+19 1.330721620104098406e+19 1.275905797442003763e+19
3.088255669900020941e+19 2.834019785182020813e+19 2.600522808660124877e+19 2.386080887558505267e+19 2.189248537361860198e+19 2.008572804430381466e+19 1.842810898138701414e+19 1.690752190761380454e+19 1.551294140521437389e+19 1.423396325318022144e+19 1.330721620104098406e+19 1.275905797442004173e+19
3.088255669900020941e+19 2.834019785182021222e+19 2.600522808660125696e+19 2.386080887558505267e+19 2.189248537361860608e+19 2.008572804430381056e+19 1.842810898138701210e+19 1.690752190761381274e+19 1.551294140521437389e+19 1.423396325318022144e+19 1.330721620104098406e+19 1.275905797442003968e+19
3.088255669900021760e+19 2.834019785182022042e+19 2.600522808660125696e+19 2.386080887558505677e+19 2.189248537361860198e+19 2.008572804430380237e+19 1.842810898138701619e+19 1.690752190761381274e+19 1.551294140521437184e+19 1.423396325318022144e+19 1.330721620104098202e+19 1.275905797442003763e+19
3.088255669900021760e+19 2.834019785182021632e+19 2.600522808660125696e+19 2.386080887558506086e+19 2.189248537361859789e+19 2.008572804430380646e+19 1.842810898138701619e+19 1.690752190761381683e+19 1.551294140521436979e+19 1.423396325318022144e+19 1.330721620104097997e+19 1.275905797442004173e+19
3.088255669900021350e+19 2.834019785182022451e+19 2.600522808660125696e+19 2.386080887558506496e+19 2.189248537361860198e+19 2.008572804430380237e+19 1.842810898138701414e+19 1.690752190761381478e+19 1.551294140521436979e+19 1.423396325318022144e+19 1.330721620104097997e+19 1.275905797442004173e+19
3.088255669900021760e+19 2.834019785182022042e+19 2.600522808660124877e+19 2.386080887558505677e+19 2.189248537361859379e+19 2.008572804430379418e+19 1.842810898138701619e+19 1.690752190761381274e+19 1.551294140521436570e+19 1.423396325318022144e+19 1.330721620104097997e+19 1.275905797442003968e+19
3.088255669900022170e+19 2.834019785182021632e+19 2.600522808660125286e+19 2.386080887558505677e+19 2.189248537361860608e+19 2.008572804430378598e+19 1.842810898138701414e+19 1.690752190761381274e+19 1.551294140521436570e+19 1.423396325318022144e+19 1.330721620104097792e+19 1.275905797442003763e+19
3.088255669900022579e+19 2.834019785182021632e+19 2.600522808660126106e+19 2.386080887558505267e+19 2.189248537361860198e+19 2.008572804430378189e+19 1.842810898138701414e+19 1.690752190761381069e+19 1.551294140521436365e+19 1.423396325318021939e+19 1.330721620104097792e+19 1.275905797442003968e+19
3.088255669900022579e+19 2.834019785182021632e+19 2.600522808660125286e+19 2.386080887558506086e+19 2.189248537361859379e+19 2.008572804430378598e+19 1.842810898138701210e+19 1.690752190761381069e+19 1.551294140521436365e+19 1.423396325318021939e+19 1.330721620104097997e+19 1.275905797442004173e+19
3.088255669900021760e+19 2.834019785182020813e+19 2.600522808660125696e+19 2.386080887558506496e+19 2.189248537361859379e+19 2.008572804430379418e+19 1.842810898138701414e+19 1.690752190761381683e+19 1.551294140521436365e+19 1.423396325318021734e+19 1.330721620104097792e+19 1.275905797442004173e+19
3.088255669900022170e+19 2.834019785182020403e+19 2.600522808660126106e+19 2.386080887558507315e+19 2.189248537361858150e+19 2.008572804430379418e+19 1.842810898138701414e+19 1.690752190761381478e+19 1.551294140521436365e+19 1.423396325318021734e+19 1.330721620104097792e+19 1.275905797442004173e+19
3.088255669900022170e+19 2.834019785182019994e+19 2.600522808660125286e+19 2.386080887558506906e+19 2.189248537361858970e+19 2.008572804430379418e+19 1.842810898138701824e+19 1.690752190761381478e+19 1.551294140521436365e+19 1.423396325318021939e+19 1.330721620104097997e+19 1.275905797442004173e+19
3.088255669900022170e+19 2.834019785182020813e+19 2.600522808660126925e+19 2.386080887558507725e+19 2.189248537361859379e+19 2.008572804430379008e+19 1.842810898138701414e+19 1.690752190761381683e+19 1.551294140521436570e+19 1.423396325318022144e+19 1.330721620104097792e+19 1.275905797442004173e+19
3.088255669900020941e+19 2.834019785182020403e+19 2.600522808660126925e+19 2.386080887558507725e+19 2.189248537361859789e+19 2.008572804430380646e+19 1.842810898138701005e+19 1.690752190761381478e+19 1.551294140521436570e+19 1.423396325318021939e+19 1.330721620104098406e+19 1.275905797442004173e+19
3.088255669900020122e+19 2.834019785182020403e+19 2.600522808660127744e+19 2.386080887558508134e+19 2.189248537361858970e+19 2.008572804430380237e+19 1.842810898138701005e+19 1.690752190761381478e+19 1.551294140521436365e+19 1.423396325318021939e+19 1.330721620104099021e+19 1.275905797442003763e+19
3.088255669900021760e+19 2.834019785182020813e+19 2.600522808660127334e+19 2.386080887558508134e+19 2.189248537361858970e+19 2.008572804430379418e+19 1.842810898138700800e+19 1.690752190761381683e+19 1.551294140521436160e+19 1.423396325318022144e+19 1.330721620104098816e+19 1.275905797442003558e+19
3.088255669900022170e+19 2.834019785182019994e+19 2.600522808660127334e+19 2.386080887558508544e+19 2.189248537361858560e+19 2.008572804430379827e+19 1.842810898138700800e+19 1.690752190761381888e+19 1.551294140521436365e+19 1.423396325318022349e+19 1.330721620104099021e+19 1.275905797442004173e+19
3.088255669900022579e+19 2.834019785182019994e+19 2.600522808660127334e+19 2.386080887558508954e+19 2.189248537361857741e+19 2.008572804430379827e+19 1.842810898138701210e+19 1.690752190761381888e+19 1.551294140521436160e+19 1.423396325318022144e+19 1.330721620104099021e+19 1.275905797442003763e+19
3.088255669900022579e+19 2.834019785182019174e+19 2.600522808660127744e+19 2.386080887558507725e+19 2.189248537361856922e+19 2.008572804430379827e+19 1.842810898138701005e+19 1.690752190761381478e+19 1.551294140521436160e+19 1.423396325318022349e+19 1.330721620104099021e+19 1.275905797442004378e+19
3.088255669900021350e+19 2.834019785182017946e+19 2.600522808660127334e+19 2.386080887558508134e+19 2.189248537361856102e+19 2.008572804430380237e+19 1.842810898138701210e+19 1.690752190761381888e+19 1.551294140521436160e+19 1.423396325318022349e+19 1.330721620104099021e+19 1.275905797442002944e+19
3.088255669900020122e+19 2.834019785182019584e+19 2.600522808660126925e+19 2.386080887558507725e+19 2.189248537361857331e+19 2.008572804430379827e+19 1.842810898138701005e+19 1.690752190761381888e+19 1.551294140521436365e+19 1.423396325318022144e+19 1.330721620104098816e+19 1.275905797442004378e+19
3.088255669900020122e+19 2.834019785182018765e+19 2.600522808660126925e+19 2.386080887558506496e+19 2.189248537361856922e+19 2.008572804430379008e+19 1.842810898138701210e+19 1.690752190761381888e+19 1.551294140521436365e+19 1.423396325318022144e+19 1.330721620104098816e+19 1.275905797442005197e+19
3.088255669900020941e+19 2.834019785182018355e+19 2.600522808660127744e+19 2.386080887558506086e+19 2.189248537361858150e+19 2.008572804430379418e+19 1.842810898138701210e+19 1.690752190761382093e+19 1.551294140521436365e+19 1.423396325318022144e+19 1.330721620104098816e+19 1.275905797442005197e+19
3.088255669900021350e+19 2.834019785182017946e+19 2.600522808660127334e+19 2.386080887558505267e+19 2.189248537361858150e+19 2.008572804430379008e+19 1.842810898138701005e+19 1.690752190761382298e+19 1.551294140521436570e+19 1.423396325318022349e+19 1.330721620104098611e+19 1.275905797442005402e+19
3.088255669900021350e+19 2.834019785182017536e+19 2.600522808660126925e+19 2.386080887558505677e+19 2.189248537361858150e+19 2.008572804430379418e+19 1.842810898138701005e+19 1.690752190761382093e+19 1.551294140521436570e+19 1.423396325318022349e+19 1.330721620104098611e+19 1.275905797442006016e+19
3.088255669900021350e+19 2.834019785182016307e+19 2.600522808660126515e+19 2.386080887558505677e+19 2.189248537361857741e+19 2.008572804430379008e+19 1.842810898138701210e+19 1.690752190761382093e+19 1.551294140521435955e+19 1.423396325318022554e+19 1.330721620104098406e+19 1.275905797442007245e+19
3.088255669900021350e+19 2.834019785182015898e+19 2.600522808660125696e+19 2.386080887558504448e+19 2.189248537361858150e+19 2.008572804430379008e+19 1.842810898138701005e+19 1.690752190761382298e+19 1.551294140521435955e+19 1.423396325318021939e+19 1.330721620104098406e+19 1.275905797442006016e+19
3.088255669900022579e+19 2.834019785182015488e+19 2.600522808660126925e+19 2.386080887558506086e+19 2.189248537361858560e+19 2.008572804430379008e+19 1.842810898138701210e+19 1.690752190761381683e+19 1.551294140521435955e+19 1.423396325318022144e+19 1.330721620104098202e+19 1.275905797442006835e+19
3.088255669900023398e+19 2.834019785182015898e+19 2.600522808660126925e+19 2.386080887558504858e+19 2.189248537361858560e+19 2.008572804430379008e+19 1.842810898138701210e+19 1.690752190761381683e+19 1.551294140521435750e+19 1.423396325318022144e+19 1.330721620104098202e+19 1.275905797442006221e+19
3.088255669900022989e+19 2.834019785182015488e+19 2.600522808660128154e+19 2.386080887558506086e+19 2.189248537361858970e+19 2.008572804430379008e+19 1.842810898138701414e+19 1.690752190761381888e+19 1.551294140521435955e+19 1.423396325318021734e+19 1.330721620104098406e+19 1.275905797442006016e+19
3.088255669900022989e+19 2.834019785182015488e+19 2.600522808660126925e+19 2.386080887558506496e+19 2.189248537361859789e+19 2.008572804430379008e+19 1.842810898138701414e+19 1.690752190761381888e+19 1.551294140521435750e+19 1.423396325318021734e+19 1.330721620104098406e+19 1.275905797442006221e+19
3.088255669900022989e+19 2.834019785182015078e+19 2.600522808660126106e+19 2.386080887558506906e+19 2.189248537361861018e+19 2.008572804430378598e+19 1.842810898138701210e+19 1.690752190761381888e+19 1.551294140521435750e+19 1.423396325318021530e+19 1.330721620104098406e+19 1.275905797442006426e+19
3.088255669900022989e+19 2.834019785182015078e+19 2.600522808660126106e+19 2.386080887558507315e+19 2.189248537361861018e+19 2.008572804430379008e+19 1.842810898138701005e+19 1.690752190761381274e+19 1.551294140521435750e+19 1.423396325318021734e+19 1.330721620104098202e+19 1.275905797442006426e+19
3.088255669900022579e+19 2.834019785182014669e+19 2.600522808660126925e+19 2.386080887558506496e+19 2.189248537361861427e+19 2.008572804430378598e+19 1.842810898138701005e+19 1.690752190761381478e+19 1.551294140521435546e+19 1.423396325318021939e+19 1.330721620104098406e+19 1.275905797442006221e+19
3.088255669900022989e+19 2.834019785182013440e+19 2.600522808660127744e+19 2.386080887558505677e+19 2.189248537361861837e+19 2.008572804430378598e+19 1.842810898138700800e+19 1.690752190761381478e+19 1.551294140521435341e+19 1.423396325318021939e+19 1.330721620104098406e+19 1.275905797442006221e+19
3.088255669900022579e+19 2.834019785182013030e+19 2.600522808660128154e+19 2.386080887558506496e+19 2.189248537361862656e+19 2.008572804430378598e+19 1.842810898138700800e+19 1.690752190761381683e+19 1.551294140521435546e+19 1.423396325318021939e+19 1.330721620104098611e+19 1.275905797442006426e+19
3.088255669900022579e+19 2.834019785182014259e+19 2.600522808660128563e+19 2.386080887558506906e+19 2.189248537361863066e+19 2.008572804430378598e+19 1.842810898138700390e+19 1.690752190761381683e+19 1.551294140521435750e+19 1.423396325318021939e+19 1.330721620104098611e+19 1.275905797442006426e+19
3.088255669900023398e+19 2.834019785182013850e+19 2.600522808660128154e+19 2.386080887558505677e+19 2.189248537361863475e+19 2.008572804430378598e+19 1.842810898138700390e+19 1.690752190761381274e+19 1.551294140521435955e+19 1.423396325318021939e+19 1.330721620104098816e+19 1.275905797442006016e+19
3.088255669900022989e+19 2.834019785182013440e+19 2.600522808660129382e+19 2.386080887558504858e+19 2.189248537361862656e+19 2.008572804430378189e+19 1.842810898138700390e+19 1.690752190761381478e+19 1.551294140521435955e+19 1.423396325318021734e+19 1.330721620104098816e+19 1.275905797442006221e+19
3.088255669900023398e+19 2.834019785182013030e+19 2.600522808660128973e+19 2.386080887558505267e+19 2.189248537361863066e+19 2.008572804430378598e+19 1.842810898138700390e+19 1.690752190761381274e+19 1.551294140521435750e+19 1.423396325318021734e+19 1.330721620104098816e+19 1.275905797442006016e+19
3.088255669900023398e+19 2.834019785182014259e+19 2.600522808660128973e+19 2.386080887558504448e+19 2.189248537361862246e+19 2.008572804430379418e+19 1.842810898138699981e+19 1.690752190761381274e+19 1.551294140521436774e+19 1.423396325318021939e+19 1.330721620104098816e+19 1.275905797442005811e+19
3.088255669900024218e+19 2.834019785182015078e+19 2.600522808660129382e+19 2.386080887558503629e+19 2.189248537361861427e+19 2.008572804430379827e+19 1.842810898138699366e+19 1.690752190761380864e+19 1.551294140521437184e+19 1.423396325318021734e+19 1.330721620104098816e+19 1.275905797442005811e+19
3.088255669900025446e+19 2.834019785182015078e+19 2.600522808660129792e+19 2.386080887558504038e+19 2.189248537361861837e+19 2.008572804430379827e+19 1.842810898138699366e+19 1.690752190761380864e+19 1.551294140521436774e+19 1.423396325318021530e+19 1.330721620104098816e+19 1.275905797442005606e+19
3.088255669900025037e+19 2.834019785182015898e+19 2.600522808660131021e+19 2.386080887558504448e+19 2.189248537361861837e+19 2.008572804430380237e+19 1.842810898138699162e+19 1.690752190761381069e+19 1.551294140521436774e+19 1.423396325318021734e+19 1.330721620104099021e+19 1.275905797442006016e+19
3.088255669900025037e+19 2.834019785182014669e+19 2.600522808660131021e+19 2.386080887558506086e+19 2.189248537361861427e+19 2.008572804430379827e+19 1.842810898138699162e+19 1.690752190761380864e+19 1.551294140521436774e+19 1.423396325318021734e+19 1.330721620104098816e+19 1.275905797442005606e+19
3.088255669900024627e+19 2.834019785182014259e+19 2.600522808660130611e+19 2.386080887558505677e+19 2.189248537361861018e+19 2.008572804430379827e+19 1.842810898138699162e+19 1.690752190761380659e+19 1.551294140521436774e+19 1.423396325318021734e+19 1.330721620104098816e+19 1.275905797442005606e+19
3.088255669900024218e+19 2.834019785182014669e+19 2.600522808660129382e+19 2.386080887558505677e+19 2.189248537361861018e+19 2.008572804430380237e+19 1.842810898138699162e+19 1.690752190761380454e+19 1.551294140521436570e+19 1.423396325318021939e+19 1.330721620104098816e+19 1.275905797442005811e+19
3.088255669900024218e+19 2.834019785182013850e+19 2.600522808660128973e+19 2.386080887558506496e+19 2.189248537361860608e+19 2.008572804430381056e+19 1.842810898138699366e+19 1.690752190761380864e+19 1.551294140521436365e+19 1.423396325318021939e+19 1.330721620104099021e+19 1.275905797442006016e+19
3.088255669900024627e+19 2.834019785182015488e+19 2.600522808660128973e+19 2.386080887558506496e+19 2.189248537361860608e+19 2.008572804430381056e+19 1.842810898138699366e+19 1.690752190761380659e+19 1.551294140521435955e+19 1.423396325318021939e+19 1.330721620104099021e+19 1.275905797442006016e+19
3.088255669900025446e+19 2.834019785182014669e+19 2.600522808660128973e+19 2.386080887558506086e+19 2.189248537361860608e+19 2.008572804430381056e+19 1.842810898138699571e+19 1.690752190761380659e+19 1.551294140521435955e+19 1.423396325318021734e+19 1.330721620104099226e+19 1.275905797442006016e+19
3.088255669900025446e+19 2.834019785182014259e+19 2.600522808660129382e+19 2.386080887558506906e+19 2.189248537361860608e+19 2.008572804430380646e+19 1.842810898138699366e+19 1.690752190761380864e+19 1.551294140521435750e+19 1.423396325318021734e+19 1.330721620104098816e+19 1.275905797442006016e+19
3.088255669900025037e+19 2.834019785182013440e+19 2.600522808660128563e+19 2.386080887558506086e+19 2.189248537361861018e+19 2.008572804430380646e+19 1.842810898138699571e+19 1.690752190761380864e+19 1.551294140521435546e+19 1.423396325318022144e+19 1.330721620104099021e+19 1.275905797442006221e+19
3.088255669900025446e+19 2.834019785182014259e+19 2.600522808660129792e+19 2.386080887558506086e+19 2.189248537361861018e+19 2.008572804430380646e+19 1.842810898138699776e+19 1.690752190761381069e+19 1.551294140521435750e+19 1.423396325318021734e+19 1.330721620104098611e+19 1.275905797442006016e+19
3.088255669900026675e+19 2.834019785182014259e+19 2.600522808660129382e+19 2.386080887558506496e+19 2.189248537361861427e+19 2.008572804430380646e+19 1.842810898138699776e+19 1.690752190761381888e+19 1.551294140521435750e+19 1.423396325318021325e+19 1.330721620104099430e+19 1.275905797442006016e+19
3.088255669900026266e+19 2.834019785182013850e+19 2.600522808660129792e+19 2.386080887558506086e+19 2.189248537361861427e+19 2.008572804430381056e+19 1.842810898138699776e+19 1.690752190761381478e+19 1.551294140521435750e+19 1.423396325318021325e+19 1.330721620104098611e+19 1.275905797442006016e+19
3.088255669900026675e+19 2.834019785182015078e+19 2.600522808660129382e+19 2.386080887558506086e+19 2.189248537361861018e+19 2.008572804430380237e+19 1.842810898138699776e+19 1.690752190761381683e+19 1.551294140521435955e+19 1.423396325318021325e+19 1.330721620104098611e+19 1.275905797442006016e+19
3.088255669900026675e+19 2.834019785182014669e+19 2.600522808660130611e+19 2.386080887558506906e+19 2.189248537361860608e+19 2.008572804430379827e+19 1.842810898138699571e+19 1.690752190761381888e+19 1.551294140521435955e+19 1.423396325318021325e+19 1.330721620104099226e+19 1.275905797442006016e+19
3.088255669900026266e+19 2.834019785182015488e+19 2.600522808660130611e+19 2.386080887558507315e+19 2.189248537361860608e+19 2.008572804430378598e+19 1.842810898138699571e+19 1.690752190761381888e+19 1.551294140521435955e+19 1.423396325318021325e+19 1.330721620104099430e+19 1.275905797442006016e+19
3.088255669900026675e+19 2.834019785182014669e+19 2.600522808660130202e+19 2.386080887558506906e+19 2.189248537361859789e+19 2.008572804430379008e+19 1.842810898138699981e+19 1.690752190761381888e+19 1.551294140521435750e+19 1.423396325318021325e+19 1.330721620104098611e+19 1.275905797442005606e+19
3.088255669900027494e+19 2.834019785182013850e+19 2.600522808660129792e+19 2.386080887558506906e+19 2.189248537361859379e+19 2.008572804430379418e+19 1.842810898138699981e+19 1.690752190761381069e+19 1.551294140521435750e+19 1.423396325318021325e+19 1.330721620104097997e+19 1.275905797442005606e+19
3.088255669900026675e+19 2.834019785182014259e+19 2.600522808660129792e+19 2.386080887558507315e+19 2.189248537361858970e+19 2.008572804430379827e+19 1.842810898138699981e+19 1.690752190761381069e+19 1.551294140521435750e+19 1.423396325318021325e+19 1.330721620104097792e+19 1.275905797442005402e+19
3.088255669900026266e+19 2.834019785182013440e+19 2.600522808660130611e+19 2.386080887558507315e+19 2.189248537361859379e+19 2.008572804430380237e+19 1.842810898138699571e+19 1.690752190761380864e+19 1.551294140521435546e+19 1.423396325318021120e+19 1.330721620104097587e+19 1.275905797442005402e+19
3.088255669900026266e+19 2.834019785182015078e+19 2.600522808660130611e+19 2.386080887558508134e+19 2.189248537361858560e+19 2.008572804430377370e+19 1.842810898138699571e+19 1.690752190761380864e+19 1.551294140521435341e+19 1.423396325318021120e+19 1.330721620104097382e+19 1.275905797442005402e+19
3.088255669900025856e+19 2.834019785182015488e+19 2.600522808660130202e+19 2.386080887558508134e+19 2.189248537361858560e+19 2.008572804430377370e+19 1.842810898138699776e+19 1.690752190761380864e+19 1.551294140521435341e+19 1.423396325318021325e+19 1.330721620104097382e+19 1.275905797442005197e+19
3.088255669900026266e+19 2.834019785182015488e+19 2.600522808660130202e+19 2.386080887558507725e+19 2.189248537361857741e+19 2.008572804430376960e+19 1.842810898138699776e+19 1.690752190761381069e+19 1.551294140521435750e+19 1.423396325318021325e+19 1.330721620104097382e+19 1.275905797442005197e+19
3.088255669900027085e+19 2.834019785182016307e+19 2.600522808660129382e+19 2.386080887558508134e+19 2.189248537361858150e+19 2.008572804430376960e+19 1.842810898138699981e+19 1.690752190761381478e+19 1.551294140521435750e+19 1.423396325318021325e+19 1.330721620104097178e+19 1.275905797442005402e+19
3.088255669900026675e+19 2.834019785182016717e+19 2.600522808660129382e+19 2.386080887558507315e+19 2.189248537361858150e+19 2.008572804430377370e+19 1.842810898138700390e+19 1.690752190761381274e+19 1.551294140521435955e+19 1.423396325318021120e+19 1.330721620104096973e+19 1.275905797442005402e+19
3.088255669900025856e+19 2.834019785182017126e+19 2.600522808660129382e+19 2.386080887558508134e+19 2.189248537361858560e+19 2.008572804430376960e+19 1.842810898138700186e+19 1.690752190761381274e+19 1.551294140521436160e+19 1.423396325318021325e+19 1.330721620104096563e+19 1.275905797442005402e+19
3.088255669900025856e+19 2.834019785182017126e+19 2.600522808660129382e+19 2.386080887558507725e+19 2.189248537361858150e+19 2.008572804430377370e+19 1.842810898138699981e+19 1.690752190761381274e+19 1.551294140521435955e+19 1.423396325318021734e+19 1.330721620104096154e+19 1.275905797442005402e+19
3.088255669900026266e+19 2.834019785182017126e+19 2.600522808660128563e+19 2.386080887558507725e+19 2.189248537361857741e+19 2.008572804430376960e+19 1.842810898138699162e+19 1.690752190761381069e+19 1.551294140521436160e+19 1.423396325318021530e+19 1.330721620104095744e+19 1.275905797442005606e+19
3.088255669900026266e+19 2.834019785182016717e+19 2.600522808660130611e+19 2.386080887558507725e+19 2.189248537361856922e+19 2.008572804430376960e+19 1.842810898138699366e+19 1.690752190761381274e+19 1.551294140521436774e+19 1.423396325318021325e+19 1.330721620104095539e+19 1.275905797442005197e+19
3.088255669900027494e+19 2.834019785182016717e+19 2.600522808660130611e+19 2.386080887558508544e+19 2.189248537361856512e+19 2.008572804430377779e+19 1.842810898138699366e+19 1.690752190761381069e+19 1.551294140521436570e+19 1.423396325318021530e+19 1.330721620104095130e+19 1.275905797442004992e+19
3.088255669900027494e+19 2.834019785182015898e+19 2.600522808660130611e+19 2.386080887558508544e+19 2.189248537361856512e+19 2.008572804430377370e+19 1.842810898138699366e+19 1.690752190761380864e+19 1.551294140521436570e+19 1.423396325318021530e+19 1.330721620104094720e+19 1.275905797442005402e+19
3.088255669900027904e+19 2.834019785182016307e+19 2.600522808660130202e+19 2.386080887558508544e+19 2.189248537361856512e+19 2.008572804430377370e+19 1.842810898138699366e+19 1.690752190761381069e+19 1.551294140521436365e+19 1.423396325318021530e+19 1.330721620104094515e+19 1.275905797442005197e+19
3.088255669900027904e+19 2.834019785182016307e+19 2.600522808660129792e+19 2.386080887558508134e+19 2.189248537361856102e+19 2.008572804430377370e+19 1.842810898138699162e+19 1.690752190761380864e+19 1.551294140521436160e+19 1.423396325318021530e+19 1.330721620104094515e+19 1.275905797442005197e+19
3.088255669900027904e+19 2.834019785182015488e+19 2.600522808660129792e+19 2.386080887558509773e+19 2.189248537361855693e+19 2.008572804430377370e+19 1.842810898138699162e+19 1.690752190761380659e+19 1.551294140521436365e+19 1.423396325318021530e+19 1.330721620104094925e+19 1.275905797442005197e+19
3.088255669900027904e+19 2.834019785182015898e+19 2.600522808660130202e+19 2.386080887558509363e+19 2.189248537361856102e+19 2.008572804430377370e+19 1.842810898138699571e+19 1.690752190761380454e+19 1.551294140521436570e+19 1.423396325318021530e+19 1.330721620104095539e+19 1.275905797442004992e+19
3.088255669900029133e+19 2.834019785182015488e+19 2.600522808660130611e+19 2.386080887558510182e+19 2.189248537361855283e+19 2.008572804430377779e+19 1.842810898138699366e+19 1.690752190761380454e+19 1.551294140521436570e+19 1.423396325318021530e+19 1.330721620104095539e+19 1.275905797442004992e+19
3.088255669900029542e+19 2.834019785182015488e+19 2.600522808660131430e+19 2.386080887558510592e+19 2.189248537361855283e+19 2.008572804430378598e+19 1.842810898138699981e+19 1.690752190761379840e+19 1.551294140521436570e+19 1.423396325318021530e+19 1.330721620104094925e+19 1.275905797442004992e+19
3.088255669900029133e+19 2.834019785182016307e+19 2.600522808660132250e+19 2.386080887558511821e+19 2.189248537361855693e+19 2.008572804430379418e+19 1.842810898138700186e+19 1.690752190761379635e+19 1.551294140521436365e+19 1.423396325318021734e+19 1.330721620104095130e+19 1.275905797442004582e+19
3.088255669900029952e+19 2.834019785182016717e+19 2.600522808660133069e+19 2.386080887558510592e+19 2.189248537361855693e+19 2.008572804430379008e+19 1.842810898138700390e+19 1.690752190761379840e+19 1.551294140521436570e+19 1.423396325318021734e+19 1.330721620104095334e+19 1.275905797442004173e+19
3.088255669900029952e+19 2.834019785182016717e+19 2.600522808660132659e+19 2.386080887558511411e+19 2.189248537361856922e+19 2.008572804430379008e+19 1.842810898138699981e+19 1.690752190761379840e+19 1.551294140521436570e+19 1.423396325318021734e+19 1.330721620104094925e+19 1.275905797442004173e+19
3.088255669900030362e+19 2.834019785182016307e+19 2.600522808660132250e+19 2.386080887558512230e+19 2.189248537361856512e+19 2.008572804430379418e+19 1.842810898138699571e+19 1.690752190761379840e+19 1.551294140521436570e+19 1.423396325318021734e+19 1.330721620104095334e+19 1.275905797442004173e+19
3.088255669900030362e+19 2.834019785182016717e+19 2.600522808660132659e+19 2.386080887558512230e+19 2.189248537361856512e+19 2.008572804430380646e+19 1.842810898138699571e+19 1.690752190761379840e+19 1.551294140521437389e+19 1.423396325318021734e+19 1.330721620104095130e+19 1.275905797442004378e+19
3.088255669900029952e+19 2.834019785182016307e+19 2.600522808660132250e+19 2.386080887558511411e+19 2.189248537361855283e+19 2.008572804430380646e+19 1.842810898138699366e+19 1.690752190761379635e+19 1.551294140521437798e+19 1.423396325318021939e+19 1.330721620104095130e+19 1.275905797442004378e+19
3.088255669900031181e+19 2.834019785182016717e+19 2.600522808660132250e+19 2.386080887558512230e+19 2.189248537361854874e+19 2.008572804430380646e+19 1.842810898138699162e+19 1.690752190761379226e+19 1.551294140521437798e+19 1.423396325318021939e+19 1.330721620104095130e+19 1.275905797442004378e+19
3.088255669900030771e+19 2.834019785182016307e+19 2.600522808660132250e+19 2.386080887558512640e+19 2.189248537361855693e+19 2.008572804430380646e+19 1.842810898138698957e+19 1.690752190761379226e+19 1.551294140521437594e+19 1.423396325318021939e+19 1.330721620104095334e+19 1.275905797442004378e+19
3.088255669900030771e+19 2.834019785182015898e+19 2.600522808660132250e+19 2.386080887558512230e+19 2.189248537361855283e+19 2.008572804430380646e+19 1.842810898138699162e+19 1.690752190761379430e+19 1.551294140521437594e+19 1.423396325318021734e+19 1.330721620104095334e+19 1.275905797442004173e+19
3.088255669900030362e+19 2.834019785182016717e+19 2.600522808660133069e+19 2.386080887558512230e+19 2.189248537361856102e+19 2.008572804430380646e+19 1.842810898138699162e+19 1.690752190761379226e+19 1.551294140521437594e+19 1.423396325318021939e+19 1.330721620104095334e+19 1.275905797442003968e+19
3.088255669900030362e+19 2.834019785182017536e+19 2.600522808660132250e+19 2.386080887558511821e+19 2.189248537361855693e+19 2.008572804430381056e+19 1.842810898138699162e+19 1.690752190761379021e+19 1.551294140521437389e+19 1.423396325318022144e+19 1.330721620104095334e+19 1.275905797442003968e+19
3.088255669900029952e+19 2.834019785182018355e+19 2.600522808660132659e+19 2.386080887558512230e+19 2.189248537361855283e+19 2.008572804430381056e+19 1.842810898138699366e+19 1.690752190761378816e+19 1.551294140521437389e+19 1.423396325318022144e+19 1.330721620104095130e+19 1.275905797442003968e+19
3.088255669900029542e+19 2.834019785182017946e+19 2.600522808660132659e+19 2.386080887558513050e+19 2.189248537361856102e+19 2.008572804430381056e+19 1.842810898138699366e+19 1.690752190761378611e+19 1.551294140521437389e+19 1.423396325318022144e+19 1.330721620104095130e+19 1.275905797442003968e+19
3.088255669900030771e+19 2.834019785182017536e+19 2.600522808660131840e+19 2.386080887558512640e+19 2.189248537361857331e+19 2.008572804430381466e+19 1.842810898138699776e+19 1.690752190761378816e+19 1.551294140521437184e+19 1.423396325318022144e+19 1.330721620104095334e+19 1.275905797442004173e+19
3.088255669900030771e+19 2.834019785182016717e+19 2.600522808660131021e+19 2.386080887558511821e+19 2.189248537361857331e+19 2.008572804430382694e+19 1.842810898138699571e+19 1.690752190761379635e+19 1.551294140521437184e+19 1.423396325318022144e+19 1.330721620104095334e+19 1.275905797442003763e+19
3.088255669900031181e+19 2.834019785182017126e+19 2.600522808660131430e+19 2.386080887558512230e+19 2.189248537361857331e+19 2.008572804430383514e+19 1.842810898138699366e+19 1.690752190761379430e+19 1.551294140521437389e+19 1.423396325318021734e+19 1.330721620104095334e+19 1.275905797442003763e+19
3.088255669900031590e+19 2.834019785182017126e+19 2.600522808660131021e+19 2.386080887558512230e+19 2.189248537361857741e+19 2.008572804430383514e+19 1.842810898138699366e+19 1.690752190761379430e+19 1.551294140521437389e+19 1.423396325318021939e+19 1.330721620104095539e+19 1.275905797442004378e+19
3.088255669900031181e+19 2.834019785182016307e+19 2.600522808660130202e+19 2.386080887558512640e+19 2.189248537361856512e+19 2.008572804430383923e+19 1.842810898138698957e+19 1.690752190761379840e+19 1.551294140521437389e+19 1.423396325318021939e+19 1.330721620104095539e+19 1.275905797442003149e+19
3.088255669900032000e+19 2.834019785182017946e+19 2.600522808660130611e+19 2.386080887558512230e+19 2.189248537361856512e+19 2.008572804430383923e+19 1.842810898138699162e+19 1.690752190761380250e+19 1.551294140521436979e+19 1.423396325318021530e+19 1.330721620104095539e+19 1.275905797442002534e+19
3.088255669900031181e+19 2.834019785182017536e+19 2.600522808660129382e+19 2.386080887558512230e+19 2.189248537361856102e+19 2.008572804430383923e+19 1.842810898138699162e+19 1.690752190761379840e+19 1.551294140521436774e+19 1.423396325318021530e+19 1.330721620104095539e+19 1.275905797442002739e+19
3.088255669900031181e+19 2.834019785182017126e+19 2.600522808660128154e+19 2.386080887558512640e+19 2.189248537361854874e+19 2.008572804430383923e+19 1.842810898138699162e+19 1.690752190761379840e+19 1.551294140521436365e+19 1.423396325318021530e+19 1.330721620104095539e+19 1.275905797442002739e+19
3.088255669900030771e+19 2.834019785182017946e+19 2.600522808660128563e+19 2.386080887558512230e+19 2.189248537361854874e+19 2.008572804430383923e+19 1.842810898138699366e+19 1.690752190761379840e+19 1.551294140521436160e+19 1.423396325318021530e+19 1.330721620104095744e+19 1.275905797442002739e+19
3.088255669900031181e+19 2.834019785182018355e+19 2.600522808660127744e+19 2.386080887558511821e+19 2.189248537361855693e+19 2.008572804430383923e+19 1.842810898138699366e+19 1.690752190761379840e+19 1.551294140521436365e+19 1.423396325318021530e+19 1.330721620104095744e+19 1.275905797442002944e+19
3.088255669900030362e+19 2.834019785182017946e+19 2.600522808660128563e+19 2.386080887558511411e+19 2.189248537361854874e+19 2.008572804430383923e+19 1.842810898138699571e+19 1.690752190761379840e+19 1.551294140521436160e+19 1.423396325318021734e+19 1.330721620104095744e+19 1.275905797442002739e+19
3.088255669900030771e+19 2.834019785182018765e+19 2.600522808660128154e+19 2.386080887558511821e+19 2.189248537361855283e+19 2.008572804430382285e+19 1.842810898138699776e+19 1.690752190761380045e+19 1.551294140521436160e+19 1.423396325318021325e+19 1.330721620104095744e+19 1.275905797442002534e+19
3.088255669900031590e+19 2.834019785182018765e+19 2.600522808660127744e+19 2.386080887558511821e+19 2.189248537361855283e+19 2.008572804430382285e+19 1.842810898138699981e+19 1.690752190761379840e+19 1.551294140521436365e+19 1.423396325318021325e+19 1.330721620104095744e+19 1.275905797442002534e+19
3.088255669900031590e+19 2.834019785182018355e+19 2.600522808660127334e+19 2.386080887558511411e+19 2.189248537361855693e+19 2.008572804430381875e+19 1.842810898138699571e+19 1.690752190761380250e+19 1.551294140521436160e+19 1.423396325318021530e+19 1.330721620104095744e+19 1.275905797442002330e+19
3.088255669900031181e+19 2.834019785182018765e+19 2.600522808660127334e+19 2.386080887558511821e+19 2.189248537361856512e+19 2.008572804430381875e+19 1.842810898138699571e+19 1.690752190761380659e+19 1.551294140521436160e+19 1.423396325318021530e+19 1.330721620104095744e+19 1.275905797442002534e+19
3.088255669900030771e+19 2.834019785182018355e+19 2.600522808660127334e+19 2.386080887558512230e+19 2.189248537361856102e+19 2.008572804430381875e+19 1.842810898138699571e+19 1.690752190761380659e+19 1.551294140521435955e+19 1.423396325318021530e+19 1.330721620104095744e+19 1.275905797442002125e+19
3.088255669900031181e+19 2.834019785182017946e+19 2.600522808660126515e+19 2.386080887558512230e+19 2.189248537361856102e+19 2.008572804430381875e+19 1.842810898138699571e+19 1.690752190761380454e+19 1.551294140521435955e+19 1.423396325318021325e+19 1.330721620104095539e+19 1.275905797442002125e+19
3.088255669900031181e+19 2.834019785182017946e+19 2.600522808660127334e+19 2.386080887558510592e+19 2.189248537361856922e+19 2.008572804430381056e+19 1.842810898138699776e+19 1.690752190761380045e+19 1.551294140521435955e+19 1.423396325318021530e+19 1.330721620104095744e+19 1.275905797442002330e+19
3.088255669900030771e+19 2.834019785182018355e+19 2.600522808660126925e+19 2.386080887558510592e+19 2.189248537361857331e+19 2.008572804430380646e+19 1.842810898138699981e+19 1.690752190761379840e+19 1.551294140521436160e+19 1.423396325318021734e+19 1.330721620104095744e+19 1.275905797442001920e+19
3.088255669900030362e+19 2.834019785182018355e+19 2.600522808660126925e+19 2.386080887558510182e+19 2.189248537361856922e+19 2.008572804430380237e+19 1.842810898138700186e+19 1.690752190761379635e+19 1.551294140521435955e+19 1.423396325318021939e+19 1.330721620104095744e+19 1.275905797442001510e+19
3.088255669900029542e+19 2.834019785182018765e+19 2.600522808660126925e+19 2.386080887558511002e+19 2.189248537361856102e+19 2.008572804430381056e+19 1.842810898138700186e+19 1.690752190761379430e+19 1.551294140521436160e+19 1.423396325318021939e+19 1.330721620104095744e+19 1.275905797442001510e+19
3.088255669900030362e+19 2.834019785182019584e+19 2.600522808660126925e+19 2.386080887558511002e+19 2.189248537361856922e+19 2.008572804430379827e+19 1.842810898138700390e+19 1.690752190761379430e+19 1.551294140521435955e+19 1.423396325318021734e+19 1.330721620104095744e+19 1.275905797442001510e+19
3.088255669900029952e+19 2.834019785182019174e+19 2.600522808660127334e+19 2.386080887558510592e+19 2.189248537361857331e+19 2.008572804430379827e+19 1.842810898138700390e+19 1.690752190761379226e+19 1.551294140521435955e+19 1.423396325318021325e+19 1.330721620104095744e+19 1.275905797442001510e+19
3.088255669900029952e+19 2.834019785182019584e+19 2.600522808660128154e+19 2.386080887558511002e+19 2.189248537361856102e+19 2.008572804430378598e+19 1.842810898138701005e+19 1.690752190761379226e+19 1.551294140521435750e+19 1.423396325318021734e+19 1.330721620104095744e+19 1.275905797442001510e+19
3.088255669900031181e+19 2.834019785182020403e+19 2.600522808660128154e+19 2.386080887558511411e+19 2.189248537361855283e+19 2.008572804430379827e+19 1.842810898138701005e+19 1.690752190761379430e+19 1.551294140521435546e+19 1.423396325318021734e+19 1.330721620104095744e+19 1.275905797442001510e+19
3.088255669900030771e+19 2.834019785182019994e+19 2.600522808660127744e+19 2.386080887558511002e+19 2.189248537361855693e+19 2.008572804430379827e+19 1.842810898138700800e+19 1.690752190761379226e+19 1.551294140521435546e+19 1.423396325318021734e+19 1.330721620104095744e+19 1.275905797442001715e+19
3.088255669900029952e+19 2.834019785182020403e+19 2.600522808660127744e+19 2.386080887558511411e+19 2.189248537361855693e+19 2.008572804430379418e+19 1.842810898138701210e+19 1.690752190761379226e+19 1.551294140521435546e+19 1.423396325318021325e+19 1.330721620104095744e+19 1.275905797442001715e+19
3.088255669900031181e+19 2.834019785182019994e+19 2.600522808660128563e+19 2.386080887558511002e+19 2.189248537361855693e+19 2.008572804430379418e+19 1.842810898138701005e+19 1.690752190761379021e+19 1.551294140521435341e+19 1.423396325318022349e+19 1.330721620104095744e+19 1.275905797442001715e+19
3.088255669900030362e+19 2.834019785182019994e+19 2.600522808660128973e+19 2.386080887558512230e+19 2.189248537361855693e+19 2.008572804430378189e+19 1.842810898138701414e+19 1.690752190761378816e+19 1.551294140521435341e+19 1.423396325318022963e+19 1.330721620104095539e+19 1.275905797442001715e+19
3.088255669900029952e+19 2.834019785182019584e+19 2.600522808660128973e+19 2.386080887558512640e+19 2.189248537361856922e+19 2.008572804430378598e+19 1.842810898138701619e+19 1.690752190761378816e+19 1.551294140521435341e+19 1.423396325318021120e+19 1.330721620104095744e+19 1.275905797442001510e+19
3.088255669900029542e+19 2.834019785182019174e+19 2.600522808660129792e+19 2.386080887558513869e+19 2.189248537361856922e+19 2.008572804430377779e+19 1.842810898138701619e+19 1.690752190761378816e+19 1.551294140521435341e+19 1.423396325318021939e+19 1.330721620104095334e+19 1.275905797442001715e+19
3.088255669900029133e+19 2.834019785182018765e+19 2.600522808660129382e+19 2.386080887558513459e+19 2.189248537361857741e+19 2.008572804430377779e+19 1.842810898138701619e+19 1.690752190761379021e+19 1.551294140521435341e+19 1.423396325318022554e+19 1.330721620104095130e+19 1.275905797442002125e+19
3.088255669900030362e+19 2.834019785182018355e+19 2.600522808660128563e+19 2.386080887558513050e+19 2.189248537361858970e+19 2.008572804430378189e+19 1.842810898138701619e+19 1.690752190761379226e+19 1.551294140521435341e+19 1.423396325318023578e+19 1.330721620104095130e+19 1.275905797442002125e+19
3.088255669900030771e+19 2.834019785182018355e+19 2.600522808660129382e+19 2.386080887558513050e+19 2.189248537361858560e+19 2.008572804430378189e+19 1.842810898138701824e+19 1.690752190761379021e+19 1.551294140521435546e+19 1.423396325318023578e+19 1.330721620104094925e+19 1.275905797442002125e+19
3.088255669900029952e+19 2.834019785182017536e+19 2.600522808660128563e+19 2.386080887558513050e+19 2.189248537361858560e+19 2.008572804430378189e+19 1.842810898138702029e+19 1.690752190761378816e+19 1.551294140521436160e+19 1.423396325318022963e+19 1.330721620104094925e+19 1.275905797442002125e+19
3.088255669900030771e+19 2.834019785182015488e+19 2.600522808660128563e+19 2.386080887558512640e+19 2.189248537361858150e+19 2.008572804430378189e+19 1.842810898138702234e+19 1.690752190761378611e+19 1.551294140521436365e+19 1.423396325318023578e+19 1.330721620104095130e+19 1.275905797442001920e+19
3.088255669900030362e+19 2.834019785182015898e+19 2.600522808660128154e+19 2.386080887558512230e+19 2.189248537361858560e+19 2.008572804430377779e+19 1.842810898138702438e+19 1.690752190761378202e+19 1.551294140521436365e+19 1.423396325318023578e+19 1.330721620104095130e+19 1.275905797442001920e+19
3.088255669900031181e+19 2.834019785182016717e+19 2.600522808660126515e+19 2.386080887558511411e+19 2.189248537361858970e+19 2.008572804430377779e+19 1.842810898138701824e+19 1.690752190761378202e+19 1.551294140521436365e+19 1.423396325318023782e+19 1.330721620104095130e+19 1.275905797442001920e+19
3.088255669900031590e+19 2.834019785182017536e+19 2.600522808660126925e+19 2.386080887558511411e+19 2.189248537361860608e+19 2.008572804430378189e+19 1.842810898138702438e+19 1.690752190761378816e+19 1.551294140521436774e+19 1.423396325318023373e+19 1.330721620104095130e+19 1.275905797442001920e+19
3.088255669900031590e+19 2.834019785182017946e+19 2.600522808660126106e+19 2.386080887558511002e+19 2.189248537361861427e+19 2.008572804430378598e+19 1.842810898138702029e+19 1.690752190761378816e+19 1.551294140521436774e+19 1.423396325318023168e+19 1.330721620104095130e+19 1.275905797442001920e+19
3.088255669900031590e+19 2.834019785182017536e+19 2.600522808660125286e+19 2.386080887558510182e+19 2.189248537361861018e+19 2.008572804430377779e+19 1.842810898138701824e+19 1.690752190761378816e+19 1.551294140521436774e+19 1.423396325318023373e+19 1.330721620104095130e+19 1.275905797442001715e+19
3.088255669900031181e+19 2.834019785182019174e+19 2.600522808660124467e+19 2.386080887558511002e+19 2.189248537361862656e+19 2.008572804430377779e+19 1.842810898138702029e+19 1.690752190761378816e+19 1.551294140521436774e+19 1.423396325318023373e+19 1.330721620104095334e+19 1.275905797442001715e+19
3.088255669900030771e+19 2.834019785182018765e+19 2.600522808660124058e+19 2.386080887558511002e+19 2.189248537361861837e+19 2.008572804430377779e+19 1.842810898138702234e+19 1.690752190761378816e+19 1.551294140521436570e+19 1.423396325318023168e+19 1.330721620104095334e+19 1.275905797442002330e+19
3.088255669900030362e+19 2.834019785182018765e+19 2.600522808660123238e+19 2.386080887558510592e+19 2.189248537361861427e+19 2.008572804430378189e+19 1.842810898138701824e+19 1.690752190761378406e+19 1.551294140521436979e+19 1.423396325318023168e+19 1.330721620104095130e+19 1.275905797442001306e+19
3.088255669900031181e+19 2.834019785182018355e+19 2.600522808660122829e+19 2.386080887558510592e+19 2.189248537361861427e+19 2.008572804430378189e+19 1.842810898138702234e+19 1.690752190761378202e+19 1.551294140521436979e+19 1.423396325318022758e+19 1.330721620104095130e+19 1.275905797442001510e+19
3.088255669900030771e+19 2.834019785182019174e+19 2.600522808660122419e+19 2.386080887558509773e+19 2.189248537361861018e+19 2.008572804430378189e+19 1.842810898138703053e+19 1.690752190761378406e+19 1.551294140521436979e+19 1.423396325318022963e+19 1.330721620104095130e+19 1.275905797442001510e+19
3.088255669900030771e+19 2.834019785182019174e+19 2.600522808660122419e+19 2.386080887558510592e+19 2.189248537361860608e+19 2.008572804430378598e+19 1.842810898138703258e+19 1.690752190761378406e+19 1.551294140521436774e+19 1.423396325318022758e+19 1.330721620104095334e+19 1.275905797442001101e+19
3.088255669900030771e+19 2.834019785182017946e+19 2.600522808660123648e+19 2.386080887558509773e+19 2.189248537361860608e+19 2.008572804430378598e+19 1.842810898138703258e+19 1.690752190761378406e+19 1.551294140521436979e+19 1.423396325318022758e+19 1.330721620104095539e+19 1.275905797442001101e+19
3.088255669900030771e+19 2.834019785182017946e+19 2.600522808660123238e+19 2.386080887558511002e+19 2.189248537361860198e+19 2.008572804430378598e+19 1.842810898138703462e+19 1.690752190761377997e+19 1.551294140521436570e+19 1.423396325318022349e+19 1.330721620104095744e+19 1.275905797442001101e+19
3.088255669900031181e+19 2.834019785182018355e+19 2.600522808660124058e+19 2.386080887558509363e+19 2.189248537361860608e+19 2.008572804430378598e+19 1.842810898138703258e+19 1.690752190761377792e+19 1.551294140521436570e+19 1.423396325318022554e+19 1.330721620104095949e+19 1.275905797442001101e+19
3.088255669900032410e+19 2.834019785182019174e+19 2.600522808660122419e+19 2.386080887558510592e+19 2.189248537361860608e+19 2.008572804430378598e+19 1.842810898138703053e+19 1.690752190761377792e+19 1.551294140521436979e+19 1.423396325318022758e+19 1.330721620104095949e+19 1.275905797442000896e+19
3.088255669900031181e+19 2.834019785182019174e+19 2.600522808660123648e+19 2.386080887558510592e+19 2.189248537361859379e+19 2.008572804430377779e+19 1.842810898138703053e+19 1.690752190761377792e+19 1.551294140521436774e+19 1.423396325318022758e+19 1.330721620104095744e+19 1.275905797442001101e+19
3.088255669900030362e+19 2.834019785182019584e+19 2.600522808660123648e+19 2.386080887558511002e+19 2.189248537361859379e+19 2.008572804430378189e+19 1.842810898138703258e+19 1.690752190761377792e+19 1.551294140521436570e+19 1.423396325318022758e+19 1.330721620104095949e+19 1.275905797442000896e+19
3.088255669900031590e+19 2.834019785182020403e+19 2.600522808660122829e+19 2.386080887558510182e+19 2.189248537361859379e+19 2.008572804430378189e+19 1.842810898138703462e+19 1.690752190761377587e+19 1.551294140521436774e+19 1.423396325318022963e+19 1.330721620104095949e+19 1.275905797442000896e+19
3.088255669900031590e+19 2.834019785182019994e+19 2.600522808660122419e+19 2.386080887558510592e+19 2.189248537361860198e+19 2.008572804430378189e+19 1.842810898138703667e+19 1.690752190761377792e+19 1.551294140521437594e+19 1.423396325318022963e+19 1.330721620104095949e+19 1.275905797442001101e+19
3.088255669900030771e+19 2.834019785182019994e+19 2.600522808660123648e+19 2.386080887558509773e+19 2.189248537361860198e+19 2.008572804430379008e+19 1.842810898138703667e+19 1.690752190761377382e+19 1.551294140521437594e+19 1.423396325318022963e+19 1.330721620104095539e+19 1.275905797442001101e+19
3.088255669900029952e+19 2.834019785182019584e+19 2.600522808660124058e+19 2.386080887558508954e+19 2.189248537361861018e+19 2.008572804430378598e+19 1.842810898138703872e+19 1.690752190761377382e+19 1.551294140521437389e+19 1.423396325318023168e+19 1.330721620104095744e+19 1.275905797442000896e+19
3.088255669900029952e+19 2.834019785182019994e+19 2.600522808660124058e+19 2.386080887558508954e+19 2.189248537361861837e+19 2.008572804430378598e+19 1.842810898138703872e+19 1.690752190761377178e+19 1.551294140521437389e+19 1.423396325318023168e+19 1.330721620104095539e+19 1.275905797442000486e+19
3.088255669900029133e+19 2.834019785182019174e+19 2.600522808660123648e+19 2.386080887558508544e+19 2.189248537361862246e+19 2.008572804430377779e+19 1.842810898138704077e+19 1.690752190761376973e+19 1.551294140521437184e+19 1.423396325318022963e+19 1.330721620104095539e+19 1.275905797442000282e+19
3.088255669900029952e+19 2.834019785182019994e+19 2.600522808660123648e+19 2.386080887558508954e+19 2.189248537361862246e+19 2.008572804430378598e+19 1.842810898138704282e+19 1.690752190761377178e+19 1.551294140521436979e+19 1.423396325318022963e+19 1.330721620104095539e+19 1.275905797442000486e+19
3.088255669900029542e+19 2.834019785182019174e+19 2.600522808660124467e+19 2.386080887558508544e+19 2.189248537361861837e+19 2.008572804430378598e+19 1.842810898138704282e+19 1.690752190761376973e+19 1.551294140521437184e+19 1.423396325318022963e+19 1.330721620104095539e+19 1.275905797442000282e+19
3.088255669900029952e+19 2.834019785182018765e+19 2.600522808660124467e+19 2.386080887558508544e+19 2.189248537361861018e+19 2.008572804430378598e+19 1.842810898138704691e+19 1.690752190761376973e+19 1.551294140521437798e+19 1.423396325318022963e+19 1.330721620104095744e+19 1.275905797442000282e+19
3.088255669900030771e+19 2.834019785182019174e+19 2.600522808660124058e+19 2.386080887558508954e+19 2.189248537361861427e+19 2.008572804430378189e+19 1.842810898138704691e+19 1.690752190761377382e+19 1.551294140521437798e+19 1.423396325318023373e+19 1.330721620104095744e+19 1.275905797442000486e+19
3.088255669900031590e+19 2.834019785182018765e+19 2.600522808660123648e+19 2.386080887558509773e+19 2.189248537361862246e+19 2.008572804430379008e+19 1.842810898138704486e+19 1.690752190761377792e+19 1.551294140521437798e+19 1.423396325318023373e+19 1.330721620104095949e+19 1.275905797442000486e+19
3.088255669900031181e+19 2.834019785182018355e+19 2.600522808660123648e+19 2.386080887558509773e+19 2.189248537361862246e+19 2.008572804430379418e+19 1.842810898138704691e+19 1.690752190761377587e+19 1.551294140521437798e+19 1.423396325318023168e+19 1.330721620104095949e+19 1.275905797442000691e+19
3.088255669900031181e+19 2.834019785182018355e+19 2.600522808660123238e+19 2.386080887558510592e+19 2.189248537361861427e+19 2.008572804430379418e+19 1.842810898138704691e+19 1.690752190761377382e+19 1.551294140521437798e+19 1.423396325318023168e+19 1.330721620104095949e+19 1.275905797442000486e+19
3.088255669900029952e+19 2.834019785182017536e+19 2.600522808660123648e+19 2.386080887558511002e+19 2.189248537361860608e+19 2.008572804430379418e+19 1.842810898138704691e+19 1.690752190761377587e+19 1.551294140521438003e+19 1.423396325318023168e+19 1.330721620104095744e+19 1.275905797442000486e+19
3.088255669900029542e+19 2.834019785182017536e+19 2.600522808660122829e+19 2.386080887558512230e+19 2.189248537361862246e+19 2.008572804430379008e+19 1.842810898138704486e+19 1.690752190761377792e+19 1.551294140521437798e+19 1.423396325318023373e+19 1.330721620104095744e+19 1.275905797442000691e+19
3.088255669900028314e+19 2.834019785182017946e+19 2.600522808660123648e+19 2.386080887558512640e+19 2.189248537361861427e+19 2.008572804430378598e+19 1.842810898138704282e+19 1.690752190761377792e+19 1.551294140521437798e+19 1.423396325318022963e+19 1.330721620104095744e+19 1.275905797442000691e+19
3.088255669900028723e+19 2.834019785182018765e+19 2.600522808660122419e+19 2.386080887558512230e+19 2.189248537361861018e+19 2.008572804430378598e+19 1.842810898138704282e+19 1.690752190761377792e+19 1.551294140521437594e+19 1.423396325318023168e+19 1.330721620104095744e+19 1.275905797442000691e+19
3.088255669900029542e+19 2.834019785182018765e+19 2.600522808660122419e+19 2.386080887558512640e+19 2.189248537361860198e+19 2.008572804430379418e+19 1.842810898138704282e+19 1.690752190761377382e+19 1.551294140521437389e+19 1.423396325318023168e+19 1.330721620104095744e+19 1.275905797441999667e+19
3.088255669900029542e+19 2.834019785182018765e+19 2.600522808660121600e+19 2.386080887558513050e+19 2.189248537361860198e+19 2.008572804430381056e+19 1.842810898138704282e+19 1.690752190761377382e+19 1.551294140521437389e+19 1.423396325318023168e+19 1.330721620104095539e+19 1.275905797441998029e+19
3.088255669900029952e+19 2.834019785182018765e+19 2.600522808660122829e+19 2.386080887558513050e+19 2.189248537361860198e+19 2.008572804430381056e+19 1.842810898138704282e+19 1.690752190761377587e+19 1.551294140521437389e+19 1.423396325318023168e+19 1.330721620104095539e+19 1.275905797441998029e+19
3.088255669900029952e+19 2.834019785182017536e+19 2.600522808660122829e+19 2.386080887558511821e+19 2.189248537361858970e+19 2.008572804430381875e+19 1.842810898138704282e+19 1.690752190761377587e+19 1.551294140521437184e+19 1.423396325318023373e+19 1.330721620104095130e+19 1.275905797441997824e+19
3.088255669900030362e+19 2.834019785182017946e+19 2.600522808660122829e+19 2.386080887558513869e+19 2.189248537361859379e+19 2.008572804430383104e+19 1.842810898138704077e+19 1.690752190761377792e+19 1.551294140521437184e+19 1.423396325318023373e+19 1.330721620104095334e+19 1.275905797441998029e+19
3.088255669900030771e+19 2.834019785182018355e+19 2.600522808660122010e+19 2.386080887558513459e+19 2.189248537361858970e+19 2.008572804430383104e+19 1.842810898138704896e+19 1.690752190761377997e+19 1.551294140521437184e+19 1.423396325318023373e+19 1.330721620104095334e+19 1.275905797441998029e+19
3.088255669900030771e+19 2.834019785182017946e+19 2.600522808660122829e+19 2.386080887558513459e+19 2.189248537361858970e+19 2.008572804430382694e+19 1.842810898138704691e+19 1.690752190761377792e+19 1.551294140521437184e+19 1.423396325318023373e+19 1.330721620104095334e+19 1.275905797441998234e+19
3.088255669900030771e+19 2.834019785182018355e+19 2.600522808660123238e+19 2.386080887558513869e+19 2.189248537361858970e+19 2.008572804430382285e+19 1.842810898138704486e+19 1.690752190761377792e+19 1.551294140521437184e+19 1.423396325318023373e+19 1.330721620104094515e+19 1.275905797441998029e+19
3.088255669900031181e+19 2.834019785182017946e+19 2.600522808660124058e+19 2.386080887558514278e+19 2.189248537361858560e+19 2.008572804430382285e+19 1.842810898138704282e+19 1.690752190761378202e+19 1.551294140521437184e+19 1.423396325318023168e+19 1.330721620104095744e+19 1.275905797441998029e+19
3.088255669900031590e+19 2.834019785182017946e+19 2.600522808660124058e+19 2.386080887558514278e+19 2.189248537361858150e+19 2.008572804430381875e+19 1.842810898138704486e+19 1.690752190761377792e+19 1.551294140521437389e+19 1.423396325318023168e+19 1.330721620104095539e+19 1.275905797441998438e+19
3.088255669900032410e+19 2.834019785182016717e+19 2.600522808660122419e+19 2.386080887558514688e+19 2.189248537361857741e+19 2.008572804430381875e+19 1.842810898138704691e+19 1.690752190761377792e+19 1.551294140521437594e+19 1.423396325318023168e+19 1.330721620104094515e+19 1.275905797441998234e+19
3.088255669900032000e+19 2.834019785182017126e+19 2.600522808660122010e+19 2.386080887558514688e+19 2.189248537361857741e+19 2.008572804430381875e+19 1.842810898138704691e+19 1.690752190761377792e+19 1.551294140521437594e+19 1.423396325318023168e+19 1.330721620104092877e+19 1.275905797441998234e+19
3.088255669900032819e+19 2.834019785182017536e+19 2.600522808660122829e+19 2.386080887558513459e+19 2.189248537361858560e+19 2.008572804430381466e+19 1.842810898138703872e+19 1.690752190761377587e+19 1.551294140521437389e+19 1.423396325318023168e+19 1.330721620104091853e+19 1.275905797441998234e+19
3.088255669900033638e+19 2.834019785182017536e+19 2.600522808660122010e+19 2.386080887558513050e+19 2.189248537361856922e+19 2.008572804430381466e+19 1.842810898138703872e+19 1.690752190761377792e+19 1.551294140521437389e+19 1.423396325318023168e+19 1.330721620104092262e+19 1.275905797441998848e+19
3.088255669900033638e+19 2.834019785182017536e+19 2.600522808660122419e+19 2.386080887558512640e+19 2.189248537361857741e+19 2.008572804430381056e+19 1.842810898138704077e+19 1.690752190761377587e+19 1.551294140521437594e+19 1.423396325318023168e+19 1.330721620104091853e+19 1.275905797441999053e+19
3.088255669900034458e+19 2.834019785182017536e+19 2.600522808660121600e+19 2.386080887558511821e+19 2.189248537361857741e+19 2.008572804430383923e+19 1.842810898138703872e+19 1.690752190761377382e+19 1.551294140521437389e+19 1.423396325318022758e+19 1.330721620104092058e+19 1.275905797441999053e+19
3.088255669900032819e+19 2.834019785182017536e+19 2.600522808660120371e+19 2.386080887558511002e+19 2.189248537361857741e+19 2.008572804430384333e+19 1.842810898138704077e+19 1.690752190761377587e+19 1.551294140521437594e+19 1.423396325318022963e+19 1.330721620104092058e+19 1.275905797441999053e+19
3.088255669900033229e+19 2.834019785182017126e+19 2.600522808660120371e+19 2.386080887558511002e+19 2.189248537361857741e+19 2.008572804430384333e+19 1.842810898138704077e+19 1.690752190761377792e+19 1.551294140521437389e+19 1.423396325318022758e+19 1.330721620104092262e+19 1.275905797441999053e+19
3.088255669900033229e+19 2.834019785182016717e+19 2.600522808660120371e+19 2.386080887558510182e+19 2.189248537361857331e+19 2.008572804430384333e+19 1.842810898138704077e+19 1.690752190761377587e+19 1.551294140521436570e+19 1.423396325318022758e+19 1.330721620104092262e+19 1.275905797441999258e+19
3.088255669900033638e+19 2.834019785182016717e+19 2.600522808660120371e+19 2.386080887558509363e+19 2.189248537361857331e+19 2.008572804430384742e+19 1.842810898138703872e+19 1.690752190761377792e+19 1.551294140521436979e+19 1.423396325318022963e+19 1.330721620104092467e+19 1.275905797441999053e+19
3.088255669900033229e+19 2.834019785182016307e+19 2.600522808660120371e+19 2.386080887558508544e+19 2.189248537361856512e+19 2.008572804430384333e+19 1.842810898138704486e+19 1.690752190761377792e+19 1.551294140521436774e+19 1.423396325318022758e+19 1.330721620104092262e+19 1.275905797441999053e+19
3.088255669900032000e+19 2.834019785182016307e+19 2.600522808660119962e+19 2.386080887558508544e+19 2.189248537361857331e+19 2.008572804430384742e+19 1.842810898138704486e+19 1.690752190761377997e+19 1.551294140521436774e+19 1.423396325318022963e+19 1.330721620104092262e+19 1.275905797441999053e+19
3.088255669900032000e+19 2.834019785182017126e+19 2.600522808660119962e+19 2.386080887558508134e+19 2.189248537361858150e+19 2.008572804430384742e+19 1.842810898138704486e+19 1.690752190761377792e+19 1.551294140521436774e+19 1.423396325318022758e+19 1.330721620104092262e+19 1.275905797441998848e+19
3.088255669900032000e+19 2.834019785182018355e+19 2.600522808660119962e+19 2.386080887558507315e+19 2.189248537361858560e+19 2.008572804430384333e+19 1.842810898138704486e+19 1.690752190761377587e+19 1.551294140521436774e+19 1.423396325318022963e+19 1.330721620104092467e+19 1.275905797441999053e+19
3.088255669900032000e+19 2.834019785182018355e+19 2.600522808660119552e+19 2.386080887558507725e+19 2.189248537361858560e+19 2.008572804430383514e+19 1.842810898138704691e+19 1.690752190761377587e+19 1.551294140521436570e+19 1.423396325318022963e+19 1.330721620104092467e+19 1.275905797441998234e+19
3.088255669900031181e+19 2.834019785182018355e+19 2.600522808660120781e+19 2.386080887558508134e+19 2.189248537361856922e+19 2.008572804430383923e+19 1.842810898138704691e+19 1.690752190761377382e+19 1.551294140521436570e+19 1.423396325318023168e+19 1.330721620104092672e+19 1.275905797441996800e+19
3.088255669900030362e+19 2.834019785182017946e+19 2.600522808660119962e+19 2.386080887558509363e+19 2.189248537361856102e+19 2.008572804430384333e+19 1.842810898138704691e+19 1.690752190761377382e+19 1.551294140521436160e+19 1.423396325318023373e+19 1.330721620104092467e+19 1.275905797441997005e+19
3.088255669900029542e+19 2.834019785182019174e+19 2.600522808660119552e+19 2.386080887558508954e+19 2.189248537361855693e+19 2.008572804430384742e+19 1.842810898138705306e+19 1.690752190761377178e+19 1.551294140521436365e+19 1.423396325318023168e+19 1.330721620104092672e+19 1.275905797441996800e+19
3.088255669900029133e+19 2.834019785182019174e+19 2.600522808660119552e+19 2.386080887558508954e+19 2.189248537361856922e+19 2.008572804430384333e+19 1.842810898138704077e+19 1.690752190761377587e+19 1.551294140521436160e+19 1.423396325318023578e+19 1.330721620104092467e+19 1.275905797441996800e+19
3.088255669900029542e+19 2.834019785182018765e+19 2.600522808660119962e+19 2.386080887558509363e+19 2.189248537361855693e+19 2.008572804430383923e+19 1.842810898138704077e+19 1.690752190761377178e+19 1.551294140521436160e+19 1.423396325318024192e+19 1.330721620104092672e+19 1.275905797441996800e+19
3.088255669900029133e+19 2.834019785182018765e+19 2.600522808660119552e+19 2.386080887558509773e+19 2.189248537361855693e+19 2.008572804430383514e+19 1.842810898138704077e+19 1.690752190761377997e+19 1.551294140521436160e+19 1.423396325318025011e+19 1.330721620104092467e+19 1.275905797441997005e+19
3.088255669900029542e+19 2.834019785182017946e+19 2.600522808660119552e+19 2.386080887558510182e+19 2.189248537361856512e+19 2.008572804430383104e+19 1.842810898138704282e+19 1.690752190761377587e+19 1.551294140521435750e+19 1.423396325318025421e+19 1.330721620104092672e+19 1.275905797441997005e+19
3.088255669900029133e+19 2.834019785182018765e+19 2.600522808660119552e+19 2.386080887558511002e+19 2.189248537361856922e+19 2.008572804430382694e+19 1.842810898138704486e+19 1.690752190761377382e+19 1.551294140521435750e+19 1.423396325318025626e+19 1.330721620104092672e+19 1.275905797441996800e+19
3.088255669900028723e+19 2.834019785182019584e+19 2.600522808660119962e+19 2.386080887558510182e+19 2.189248537361857741e+19 2.008572804430383104e+19 1.842810898138704486e+19 1.690752190761377587e+19 1.551294140521435750e+19 1.423396325318025626e+19 1.330721620104092672e+19 1.275905797441997005e+19
3.088255669900028314e+19 2.834019785182019994e+19 2.600522808660120781e+19 2.386080887558510592e+19 2.189248537361857741e+19 2.008572804430383104e+19 1.842810898138704486e+19 1.690752190761377587e+19 1.551294140521435341e+19 1.423396325318025626e+19 1.330721620104092672e+19 1.275905797441996800e+19
3.088255669900028723e+19 2.834019785182019584e+19 2.600522808660119962e+19 2.386080887558510592e+19 2.189248537361858150e+19 2.008572804430384333e+19 1.842810898138704282e+19 1.690752190761377382e+19 1.551294140521435341e+19 1.423396325318025626e+19 1.330721620104092672e+19 1.275905797441997210e+19
3.088255669900029133e+19 2.834019785182019994e+19 2.600522808660119962e+19 2.386080887558510592e+19 2.189248537361858560e+19 2.008572804430383923e+19 1.842810898138704486e+19 1.690752190761377382e+19 1.551294140521435136e+19 1.423396325318025421e+19 1.330721620104092672e+19 1.275905797441997210e+19
3.088255669900029133e+19 2.834019785182019584e+19 2.600522808660119552e+19 2.386080887558510592e+19 2.189248537361858560e+19 2.008572804430384333e+19 1.842810898138704896e+19 1.690752190761377382e+19 1.551294140521435136e+19 1.423396325318025216e+19 1.330721620104092467e+19 1.275905797441997414e+19
3.088255669900028723e+19 2.834019785182020813e+19 2.600522808660119962e+19 2.386080887558511002e+19 2.189248537361857741e+19 2.008572804430383923e+19 1.842810898138704896e+19 1.690752190761377178e+19 1.551294140521435136e+19 1.423396325318025216e+19 1.330721620104092467e+19 1.275905797441997414e+19
3.088255669900028723e+19 2.834019785182022451e+19 2.600522808660119552e+19 2.386080887558511821e+19 2.189248537361858150e+19 2.008572804430384333e+19 1.842810898138704896e+19 1.690752190761376973e+19 1.551294140521434522e+19 1.423396325318025216e+19 1.330721620104092467e+19 1.275905797441997619e+19
3.088255669900028723e+19 2.834019785182022451e+19 2.600522808660118323e+19 2.386080887558512230e+19 2.189248537361858560e+19 2.008572804430383514e+19 1.842810898138704896e+19 1.690752190761377178e+19 1.551294140521434522e+19 1.423396325318025011e+19 1.330721620104092467e+19 1.275905797441997619e+19
3.088255669900029133e+19 2.834019785182023270e+19 2.600522808660118323e+19 2.386080887558511821e+19 2.189248537361858970e+19 2.008572804430383104e+19 1.842810898138705306e+19 1.690752190761377178e+19 1.551294140521434522e+19 1.423396325318025216e+19 1.330721620104092672e+19 1.275905797441997619e+19
3.088255669900029133e+19 2.834019785182022861e+19 2.600522808660118323e+19 2.386080887558511411e+19 2.189248537361858560e+19 2.008572804430382694e+19 1.842810898138705510e+19 1.690752190761377382e+19 1.551294140521434317e+19 1.423396325318025011e+19 1.330721620104092467e+19 1.275905797441997824e+19
3.088255669900029133e+19 2.834019785182023270e+19 2.600522808660118323e+19 2.386080887558511411e+19 2.189248537361858150e+19 2.008572804430382285e+19 1.842810898138705715e+19 1.690752190761377587e+19 1.551294140521434522e+19 1.423396325318025011e+19 1.330721620104092262e+19 1.275905797441997824e+19
3.088255669900029133e+19 2.834019785182023680e+19 2.600522808660118323e+19 2.386080887558511821e+19 2.189248537361857331e+19 2.008572804430383104e+19 1.842810898138705510e+19 1.690752190761377382e+19 1.551294140521434726e+19 1.423396325318024806e+19 1.330721620104092467e+19 1.275905797441997824e+19
3.088255669900030362e+19 2.834019785182023270e+19 2.600522808660117914e+19 2.386080887558511821e+19 2.189248537361856512e+19 2.008572804430383104e+19 1.842810898138705306e+19 1.690752190761377178e+19 1.551294140521435341e+19 1.423396325318024806e+19 1.330721620104092058e+19 1.275905797441995981e+19
3.088255669900030771e+19 2.834019785182023270e+19 2.600522808660117914e+19 2.386080887558511002e+19 2.189248537361856922e+19 2.008572804430383104e+19 1.842810898138704486e+19 1.690752190761377178e+19 1.551294140521435546e+19 1.423396325318025011e+19 1.330721620104091648e+19 1.275905797441995776e+19
3.088255669900031181e+19 2.834019785182023680e+19 2.600522808660118323e+19 2.386080887558511411e+19 2.189248537361857741e+19 2.008572804430382285e+19 1.842810898138704486e+19 1.690752190761377178e+19 1.551294140521435546e+19 1.423396325318025421e+19 1.330721620104091648e+19 1.275905797441995776e+19
3.088255669900030362e+19 2.834019785182023680e+19 2.600522808660117914e+19 2.386080887558511002e+19 2.189248537361857741e+19 2.008572804430381466e+19 1.842810898138704486e+19 1.690752190761377587e+19 1.551294140521435341e+19 1.423396325318025421e+19 1.330721620104091853e+19 1.275905797441995981e+19
3.088255669900029952e+19 2.834019785182023680e+19 2.600522808660118323e+19 2.386080887558510592e+19 2.189248537361856922e+19 2.008572804430381056e+19 1.842810898138704486e+19 1.690752190761377382e+19 1.551294140521435341e+19 1.423396325318025421e+19 1.330721620104091853e+19 1.275905797441995981e+19
3.088255669900030362e+19 2.834019785182024090e+19 2.600522808660117504e+19 2.386080887558511002e+19 2.189248537361857331e+19 2.008572804430381056e+19 1.842810898138704282e+19 1.690752190761377587e+19 1.551294140521435546e+19 1.423396325318025216e+19 1.330721620104091648e+19 1.275905797441996186e+19
3.088255669900030771e+19 2.834019785182023270e+19 2.600522808660117914e+19 2.386080887558511002e+19 2.189248537361858150e+19 2.008572804430380646e+19 1.842810898138704486e+19 1.690752190761377178e+19 1.551294140521435750e+19 1.423396325318025216e+19 1.330721620104091648e+19 1.275905797441996186e+19
3.088255669900030362e+19 2.834019785182024499e+19 2.600522808660117504e+19 2.386080887558511002e+19 2.189248537361858150e+19 2.008572804430381056e+19 1.842810898138704486e+19 1.690752190761377178e+19 1.551294140521435750e+19 1.423396325318025216e+19 1.330721620104091648e+19 1.275905797441996186e+19
3.088255669900029542e+19 2.834019785182024090e+19 2.600522808660118733e+19 2.386080887558511821e+19 2.189248537361858560e+19 2.008572804430381466e+19 1.842810898138704486e+19 1.690752190761377178e+19 1.551294140521435546e+19 1.423396325318025216e+19 1.330721620104091648e+19 1.275905797441996186e+19
3.088255669900028723e+19 2.834019785182023680e+19 2.600522808660117914e+19 2.386080887558512640e+19 2.189248537361857741e+19 2.008572804430380237e+19 1.842810898138704282e+19 1.690752190761376973e+19 1.551294140521435341e+19 1.423396325318025216e+19 1.330721620104091853e+19 1.275905797441995981e+19
3.088255669900028314e+19 2.834019785182024090e+19 2.600522808660117094e+19 2.386080887558512230e+19 2.189248537361858150e+19 2.008572804430379827e+19 1.842810898138704282e+19 1.690752190761376768e+19 1.551294140521435341e+19 1.423396325318025216e+19 1.330721620104091648e+19 1.275905797441995776e+19
3.088255669900028314e+19 2.834019785182023680e+19 2.600522808660117094e+19 2.386080887558512230e+19 2.189248537361858150e+19 2.008572804430379827e+19 1.842810898138704282e+19 1.690752190761376973e+19 1.551294140521435136e+19 1.423396325318025216e+19 1.330721620104091648e+19 1.275905797441995776e+19
3.088255669900028723e+19 2.834019785182022451e+19 2.600522808660116685e+19 2.386080887558512640e+19 2.189248537361858560e+19 2.008572804430380646e+19 1.842810898138704486e+19 1.690752190761376768e+19 1.551294140521435341e+19 1.423396325318025421e+19 1.330721620104091853e+19 1.275905797441995981e+19
3.088255669900028314e+19 2.834019785182023270e+19 2.600522808660116275e+19 2.386080887558512230e+19 2.189248537361859789e+19 2.008572804430380646e+19 1.842810898138704282e+19 1.690752190761376768e+19 1.551294140521435341e+19 1.423396325318024806e+19 1.330721620104091648e+19 1.275905797441995981e+19
3.088255669900028314e+19 2.834019785182023270e+19 2.600522808660115456e+19 2.386080887558512640e+19 2.189248537361859789e+19 2.008572804430380646e+19 1.842810898138704282e+19 1.690752190761376973e+19 1.551294140521434931e+19 1.423396325318024397e+19 1.330721620104091853e+19 1.275905797441996186e+19
3.088255669900028314e+19 2.834019785182024090e+19 2.600522808660115866e+19 2.386080887558513050e+19 2.189248537361859789e+19 2.008572804430380237e+19 1.842810898138704282e+19 1.690752190761376973e+19 1.551294140521435136e+19 1.423396325318023987e+19 1.330721620104092672e+19 1.275905797441995981e+19
3.088255669900027904e+19 2.834019785182024090e+19 2.600522808660115456e+19 2.386080887558512230e+19 2.189248537361858970e+19 2.008572804430380646e+19 1.842810898138704282e+19 1.690752190761376768e+19 1.551294140521435136e+19 1.423396325318023987e+19 1.330721620104091853e+19 1.275905797441995981e+19
3.088255669900027494e+19 2.834019785182023680e+19 2.600522808660115046e+19 2.386080887558512230e+19 2.189248537361859379e+19 2.008572804430380237e+19 1.842810898138704077e+19 1.690752190761376973e+19 1.551294140521435341e+19 1.423396325318024192e+19 1.330721620104091853e+19 1.275905797441995776e+19
3.088255669900027904e+19 2.834019785182024090e+19 2.600522808660114637e+19 2.386080887558511411e+19 2.189248537361858560e+19 2.008572804430381466e+19 1.842810898138704282e+19 1.690752190761376768e+19 1.551294140521435136e+19 1.423396325318024192e+19 1.330721620104091853e+19 1.275905797441996390e+19
3.088255669900027494e+19 2.834019785182024909e+19 2.600522808660114227e+19 2.386080887558512640e+19 2.189248537361858150e+19 2.008572804430381056e+19 1.842810898138704077e+19 1.690752190761376768e+19 1.551294140521434931e+19 1.423396325318023987e+19 1.330721620104091853e+19 1.275905797441995981e+19
3.088255669900027085e+19 2.834019785182024909e+19 2.600522808660113818e+19 2.386080887558512230e+19 2.189248537361858150e+19 2.008572804430381466e+19 1.842810898138704282e+19 1.690752190761376768e+19 1.551294140521434931e+19 1.423396325318023782e+19 1.330721620104091853e+19 1.275905797441996390e+19
3.088255669900028314e+19 2.834019785182025318e+19 2.600522808660114227e+19 2.386080887558512230e+19 2.189248537361858150e+19 2.008572804430382285e+19 1.842810898138704077e+19 1.690752190761377382e+19 1.551294140521434726e+19 1.423396325318023578e+19 1.330721620104091648e+19 1.275905797441996186e+19
3.088255669900028314e+19 2.834019785182024499e+19 2.600522808660113408e+19 2.386080887558512230e+19 2.189248537361857741e+19 2.008572804430382694e+19 1.842810898138704077e+19 1.690752190761377382e+19 1.551294140521434726e+19 1.423396325318023578e+19 1.330721620104091853e+19 1.275905797441996186e+19
3.088255669900028314e+19 2.834019785182024499e+19 2.600522808660115046e+19 2.386080887558512640e+19 2.189248537361857741e+19 2.008572804430383514e+19 1.842810898138704077e+19 1.690752190761377792e+19 1.551294140521434726e+19 1.423396325318023373e+19 1.330721620104091853e+19 1.275905797441996390e+19
3.088255669900029133e+19 2.834019785182024499e+19 2.600522808660114227e+19 2.386080887558512640e+19 2.189248537361857741e+19 2.008572804430383923e+19 1.842810898138704077e+19 1.690752190761377178e+19 1.551294140521434522e+19 1.423396325318023578e+19 1.330721620104091648e+19 1.275905797441996186e+19
3.088255669900028723e+19 2.834019785182024909e+19 2.600522808660113818e+19 2.386080887558511821e+19 2.189248537361858150e+19 2.008572804430383923e+19 1.842810898138703872e+19 1.690752190761377382e+19 1.551294140521434522e+19 1.423396325318023578e+19 1.330721620104091648e+19 1.275905797441996186e+19
3.088255669900027494e+19 2.834019785182025318e+19 2.600522808660114637e+19 2.386080887558512230e+19 2.189248537361857741e+19 2.008572804430383514e+19 1.842810898138703258e+19 1.690752190761377587e+19 1.551294140521434726e+19 1.423396325318023578e+19 1.330721620104091648e+19 1.275905797441995981e+19
3.088255669900026675e+19 2.834019785182025728e+19 2.600522808660113818e+19 2.386080887558513050e+19 2.189248537361858970e+19 2.008572804430384333e+19 1.842810898138703667e+19 1.690752190761377382e+19 1.551294140521434522e+19 1.423396325318023782e+19 1.330721620104091443e+19 1.275905797441996186e+19
3.088255669900026266e+19 2.834019785182025318e+19 2.600522808660113818e+19 2.386080887558513050e+19 2.189248537361859379e+19 2.008572804430384333e+19 1.842810898138703462e+19 1.690752190761377382e+19 1.551294140521434112e+19 1.423396325318023782e+19 1.330721620104091648e+19 1.275905797441996186e+19
3.088255669900025856e+19 2.834019785182025728e+19 2.600522808660113818e+19 2.386080887558513050e+19 2.189248537361859379e+19 2.008572804430385152e+19 1.842810898138703667e+19 1.690752190761377382e+19 1.551294140521434112e+19 1.423396325318023373e+19 1.330721620104091853e+19 1.275905797441996595e+19
3.088255669900026675e+19 2.834019785182025318e+19 2.600522808660113408e+19 2.386080887558512640e+19 2.189248537361859379e+19 2.008572804430385562e+19 1.842810898138703872e+19 1.690752190761376563e+19 1.551294140521435341e+19 1.423396325318023578e+19 1.330721620104092058e+19 1.275905797441996800e+19
3.088255669900027085e+19 2.834019785182025728e+19 2.600522808660112589e+19 2.386080887558513050e+19 2.189248537361858560e+19 2.008572804430385152e+19 1.842810898138703872e+19 1.690752190761376358e+19 1.551294140521435546e+19 1.423396325318023373e+19 1.330721620104092262e+19 1.275905797441996800e+19
3.088255669900027494e+19 2.834019785182025318e+19 2.600522808660113408e+19 2.386080887558513869e+19 2.189248537361858560e+19 2.008572804430384742e+19 1.842810898138703462e+19 1.690752190761375949e+19 1.551294140521435341e+19 1.423396325318023578e+19 1.330721620104092262e+19 1.275905797441996800e+19
3.088255669900027085e+19 2.834019785182025318e+19 2.600522808660113408e+19 2.386080887558512640e+19 2.189248537361858560e+19 2.008572804430385152e+19 1.842810898138703667e+19 1.690752190761375744e+19 1.551294140521435341e+19 1.423396325318023578e+19 1.330721620104092058e+19 1.275905797441996800e+19
3.088255669900026675e+19 2.834019785182025728e+19 2.600522808660112998e+19 2.386080887558512640e+19 2.189248537361858560e+19 2.008572804430385971e+19 1.842810898138704077e+19 1.690752190761375744e+19 1.551294140521435136e+19 1.423396325318023578e+19 1.330721620104091853e+19 1.275905797441996186e+19
3.088255669900027494e+19 2.834019785182026547e+19 2.600522808660112179e+19 2.386080887558512640e+19 2.189248537361858560e+19 2.008572804430385152e+19 1.842810898138704077e+19 1.690752190761375744e+19 1.551294140521435136e+19 1.423396325318023373e+19 1.330721620104091853e+19 1.275905797441996186e+19
3.088255669900027494e+19 2.834019785182026957e+19 2.600522808660111360e+19 2.386080887558513869e+19 2.189248537361858560e+19 2.008572804430385152e+19 1.842810898138703872e+19 1.690752190761375949e+19 1.551294140521434522e+19 1.423396325318023782e+19 1.330721620104092058e+19 1.275905797441996390e+19
3.088255669900027904e+19 2.834019785182027776e+19 2.600522808660111360e+19 2.386080887558513459e+19 2.189248537361858150e+19 2.008572804430385152e+19 1.842810898138703872e+19 1.690752190761375539e+19 1.551294140521434726e+19 1.423396325318023987e+19 1.330721620104092058e+19 1.275905797441996186e+19
3.088255669900027494e+19 2.834019785182027776e+19 2.600522808660110950e+19 2.386080887558513869e+19 2.189248537361858970e+19 2.008572804430384742e+19 1.842810898138703872e+19 1.690752190761375539e+19 1.551294140521434726e+19 1.423396325318023987e+19 1.330721620104091853e+19 1.275905797441995776e+19
3.088255669900027904e+19 2.834019785182026957e+19 2.600522808660110541e+19 2.386080887558513459e+19 2.189248537361857331e+19 2.008572804430383923e+19 1.842810898138703872e+19 1.690752190761375539e+19 1.551294140521434726e+19 1.423396325318024192e+19 1.330721620104092058e+19 1.275905797441995981e+19
3.088255669900027904e+19 2.834019785182026957e+19 2.600522808660110541e+19 2.386080887558512640e+19 2.189248537361856512e+19 2.008572804430385562e+19 1.842810898138704077e+19 1.690752190761375949e+19 1.551294140521434931e+19 1.423396325318024192e+19 1.330721620104091853e+19 1.275905797441995981e+19
3.088255669900027494e+19 2.834019785182027366e+19 2.600522808660110131e+19 2.386080887558513459e+19 2.189248537361855693e+19 2.008572804430384742e+19 1.842810898138704282e+19 1.690752190761375949e+19 1.551294140521434931e+19 1.423396325318024192e+19 1.330721620104091853e+19 1.275905797441995981e+19
3.088255669900027904e+19 2.834019785182027776e+19 2.600522808660110131e+19 2.386080887558513459e+19 2.189248537361856102e+19 2.008572804430383923e+19 1.842810898138704282e+19 1.690752190761376154e+19 1.551294140521434726e+19 1.423396325318023987e+19 1.330721620104091853e+19 1.275905797441995981e+19
3.088255669900026675e+19 2.834019785182027366e+19 2.600522808660109722e+19 2.386080887558513869e+19 2.189248537361856512e+19 2.008572804430383514e+19 1.842810898138704077e+19 1.690752190761375949e+19 1.551294140521434726e+19 1.423396325318023987e+19 1.330721620104091853e+19 1.275905797441995981e+19
3.088255669900026266e+19 2.834019785182026547e+19 2.600522808660109722e+19 2.386080887558512230e+19 2.189248537361856512e+19 2.008572804430383514e+19 1.842810898138703872e+19 1.690752190761375949e+19 1.551294140521434931e+19 1.423396325318023987e+19 1.330721620104091853e+19 1.275905797441996186e+19
3.088255669900026675e+19 2.834019785182026547e+19 2.600522808660109722e+19 2.386080887558512640e+19 2.189248537361857331e+19 2.008572804430383923e+19 1.842810898138703872e+19 1.690752190761376154e+19 1.551294140521435136e+19 1.423396325318023987e+19 1.330721620104091853e+19 1.275905797441996390e+19
3.088255669900027085e+19 2.834019785182026138e+19 2.600522808660110131e+19 2.386080887558513459e+19 2.189248537361857331e+19 2.008572804430383923e+19 1.842810898138704077e+19 1.690752190761376154e+19 1.551294140521435341e+19 1.423396325318024397e+19 1.330721620104091853e+19 1.275905797441996595e+19
3.088255669900027494e+19 2.834019785182026547e+19 2.600522808660109722e+19 2.386080887558513459e+19 2.189248537361858150e+19 2.008572804430384742e+19 1.842810898138704077e+19 1.690752190761376154e+19 1.551294140521435341e+19 1.423396325318023987e+19 1.330721620104091853e+19 1.275905797441996390e+19
3.088255669900026675e+19 2.834019785182026138e+19 2.600522808660109722e+19 2.386080887558513459e+19 2.189248537361857331e+19 2.008572804430385152e+19 1.842810898138704282e+19 1.690752190761376154e+19 1.551294140521435546e+19 1.423396325318024397e+19 1.330721620104091853e+19 1.275905797441996390e+19
3.088255669900026675e+19 2.834019785182026138e+19 2.600522808660110950e+19 2.386080887558513050e+19 2.189248537361857331e+19 2.008572804430385152e+19 1.842810898138704282e+19 1.690752190761375744e+19 1.551294140521435546e+19 1.423396325318024192e+19 1.330721620104091853e+19 1.275905797441997414e+19
3.088255669900025856e+19 2.834019785182026138e+19 2.600522808660111360e+19 2.386080887558513050e+19 2.189248537361857331e+19 2.008572804430384742e+19 1.842810898138703872e+19 1.690752190761375539e+19 1.551294140521435546e+19 1.423396325318024397e+19 1.330721620104091648e+19 1.275905797441997210e+19
3.088255669900026266e+19 2.834019785182026957e+19 2.600522808660111770e+19 2.386080887558512230e+19 2.189248537361856922e+19 2.008572804430384333e+19 1.842810898138703667e+19 1.690752190761375539e+19 1.551294140521435750e+19 1.423396325318024397e+19 1.330721620104092058e+19 1.275905797441997210e+19
3.088255669900026675e+19 2.834019785182027366e+19 2.600522808660112998e+19 2.386080887558512640e+19 2.189248537361857331e+19 2.008572804430385152e+19 1.842810898138703667e+19 1.690752190761375539e+19 1.551294140521435750e+19 1.423396325318024397e+19 1.330721620104092058e+19 1.275905797441997210e+19
3.088255669900027494e+19 2.834019785182027776e+19 2.600522808660112998e+19 2.386080887558512230e+19 2.189248537361858560e+19 2.008572804430385562e+19 1.842810898138704077e+19 1.690752190761375744e+19 1.551294140521435955e+19 1.423396325318024397e+19 1.330721620104092058e+19 1.275905797441997210e+19
3.088255669900027904e+19 2.834019785182027776e+19 2.600522808660112589e+19 2.386080887558513050e+19 2.189248537361858150e+19 2.008572804430385971e+19 1.842810898138702848e+19 1.690752190761375744e+19 1.551294140521435750e+19 1.423396325318024602e+19 1.330721620104092058e+19 1.275905797441997210e+19
3.088255669900028314e+19 2.834019785182027776e+19 2.600522808660112589e+19 2.386080887558512230e+19 2.189248537361857741e+19 2.008572804430385971e+19 1.842810898138702643e+19 1.690752190761375744e+19 1.551294140521435955e+19 1.423396325318024602e+19 1.330721620104091238e+19 1.275905797441997005e+19
3.088255669900028314e+19 2.834019785182027776e+19 2.600522808660112179e+19 2.386080887558511821e+19 2.189248537361857741e+19 2.008572804430385562e+19 1.842810898138703053e+19 1.690752190761375539e+19 1.551294140521435750e+19 1.423396325318024397e+19 1.330721620104090419e+19 1.275905797441996800e+19
3.088255669900029542e+19 2.834019785182028186e+19 2.600522808660112179e+19 2.386080887558511821e+19 2.189248537361858970e+19 2.008572804430385971e+19 1.842810898138704077e+19 1.690752190761375744e+19 1.551294140521435750e+19 1.423396325318024397e+19 1.330721620104090829e+19 1.275905797441997005e+19
3.088255669900029133e+19 2.834019785182027366e+19 2.600522808660111360e+19 2.386080887558512230e+19 2.189248537361858560e+19 2.008572804430385562e+19 1.842810898138703872e+19 1.690752190761375744e+19 1.551294140521435341e+19 1.423396325318024397e+19 1.330721620104090624e+19 1.275905797441997005e+19
3.088255669900028723e+19 2.834019785182027776e+19 2.600522808660111360e+19 2.386080887558512640e+19 2.189248537361858150e+19 2.008572804430384742e+19 1.842810898138703462e+19 1.690752190761375744e+19 1.551294140521434931e+19 1.423396325318024397e+19 1.330721620104090419e+19 1.275905797441997005e+19
3.088255669900027904e+19 2.834019785182027366e+19 2.600522808660111360e+19 2.386080887558513459e+19 2.189248537361857741e+19 2.008572804430383923e+19 1.842810898138703667e+19 1.690752190761375744e+19 1.551294140521435136e+19 1.423396325318024192e+19 1.330721620104090829e+19 1.275905797441997005e+19
3.088255669900027904e+19 2.834019785182027776e+19 2.600522808660112589e+19 2.386080887558512640e+19 2.189248537361858150e+19 2.008572804430384333e+19 1.842810898138703872e+19 1.690752190761375334e+19 1.551294140521434931e+19 1.423396325318024397e+19 1.330721620104090624e+19 1.275905797441997210e+19
3.088255669900029542e+19 2.834019785182027776e+19 2.600522808660111360e+19 2.386080887558512640e+19 2.189248537361858150e+19 2.008572804430384742e+19 1.842810898138703667e+19 1.690752190761375744e+19 1.551294140521434931e+19 1.423396325318024192e+19 1.330721620104090624e+19 1.275905797441997414e+19
3.088255669900029952e+19 2.834019785182028186e+19 2.600522808660110950e+19 2.386080887558512640e+19 2.189248537361857331e+19 2.008572804430384333e+19 1.842810898138703872e+19 1.690752190761375949e+19 1.551294140521434931e+19 1.423396325318024192e+19 1.330721620104090829e+19 1.275905797441997619e+19
3.088255669900030362e+19 2.834019785182028186e+19 2.600522808660112179e+19 2.386080887558512230e+19 2.189248537361857331e+19 2.008572804430384333e+19 1.842810898138705101e+19 1.690752190761375949e+19 1.551294140521435136e+19 1.423396325318023987e+19 1.330721620104090624e+19 1.275905797441997619e+19
3.088255669900030362e+19 2.834019785182028595e+19 2.600522808660111770e+19 2.386080887558512640e+19 2.189248537361858150e+19 2.008572804430383923e+19 1.842810898138705306e+19 1.690752190761375949e+19 1.551294140521434931e+19 1.423396325318024192e+19 1.330721620104090624e+19 1.275905797441997619e+19
3.088255669900030771e+19 2.834019785182029414e+19 2.600522808660111770e+19 2.386080887558513050e+19 2.189248537361857741e+19 2.008572804430384742e+19 1.842810898138705510e+19 1.690752190761376154e+19 1.551294140521435750e+19 1.423396325318023987e+19 1.330721620104090624e+19 1.275905797441997414e+19
3.088255669900030362e+19 2.834019785182029824e+19 2.600522808660110950e+19 2.386080887558513869e+19 2.189248537361858560e+19 2.008572804430385971e+19 1.842810898138705510e+19 1.690752190761376154e+19 1.551294140521435546e+19 1.423396325318024192e+19 1.330721620104090624e+19 1.275905797441997414e+19
3.088255669900030771e+19 2.834019785182031462e+19 2.600522808660111360e+19 2.386080887558513050e+19 2.189248537361858150e+19 2.008572804430385562e+19 1.842810898138705715e+19 1.690752190761376358e+19 1.551294140521435546e+19 1.423396325318023987e+19 1.330721620104090829e+19 1.275905797441997210e+19
3.088255669900030771e+19 2.834019785182031462e+19 2.600522808660110541e+19 2.386080887558513869e+19 2.189248537361857331e+19 2.008572804430385152e+19 1.842810898138706125e+19 1.690752190761376358e+19 1.551294140521435546e+19 1.423396325318024192e+19 1.330721620104090829e+19 1.275905797441997210e+19
3.088255669900031590e+19 2.834019785182031872e+19 2.600522808660109722e+19 2.386080887558514688e+19 2.189248537361857331e+19 2.008572804430385152e+19 1.842810898138705920e+19 1.690752190761376358e+19 1.551294140521435341e+19 1.423396325318024192e+19 1.330721620104090829e+19 1.275905797441997414e+19
3.088255669900032000e+19 2.834019785182031053e+19 2.600522808660108493e+19 2.386080887558515917e+19 2.189248537361858150e+19 2.008572804430385562e+19 1.842810898138704486e+19 1.690752190761376154e+19 1.551294140521435341e+19 1.423396325318024192e+19 1.330721620104090624e+19 1.275905797441997414e+19
3.088255669900031590e+19 2.834019785182031462e+19 2.600522808660109722e+19 2.386080887558515098e+19 2.189248537361857741e+19 2.008572804430384333e+19 1.842810898138704077e+19 1.690752190761376154e+19 1.551294140521435341e+19 1.423396325318024192e+19 1.330721620104090829e+19 1.275905797441997210e+19
3.088255669900031181e+19 2.834019785182031872e+19 2.600522808660109312e+19 2.386080887558515098e+19 2.189248537361857741e+19 2.008572804430384333e+19 1.842810898138704077e+19 1.690752190761376154e+19 1.551294140521434931e+19 1.423396325318024192e+19 1.330721620104090829e+19 1.275905797441997210e+19
3.088255669900031590e+19 2.834019785182032282e+19 2.600522808660109312e+19 2.386080887558515917e+19 2.189248537361857741e+19 2.008572804430384333e+19 1.842810898138704077e+19 1.690752190761375949e+19 1.551294140521434317e+19 1.423396325318024397e+19 1.330721620104091034e+19 1.275905797441997414e+19
3.088255669900030362e+19 2.834019785182031462e+19 2.600522808660109722e+19 2.386080887558515507e+19 2.189248537361857741e+19 2.008572804430384742e+19 1.842810898138704077e+19 1.690752190761376154e+19 1.551294140521434112e+19 1.423396325318023987e+19 1.330721620104091034e+19 1.275905797441996390e+19
3.088255669900030771e+19 2.834019785182031462e+19 2.600522808660110131e+19 2.386080887558515917e+19 2.189248537361857331e+19 2.008572804430385562e+19 1.842810898138704282e+19 1.690752190761376154e+19 1.551294140521434112e+19 1.423396325318023987e+19 1.330721620104091034e+19 1.275905797441996390e+19
3.088255669900029542e+19 2.834019785182030643e+19 2.600522808660110131e+19 2.386080887558516326e+19 2.189248537361858150e+19 2.008572804430385152e+19 1.842810898138704691e+19 1.690752190761375539e+19 1.551294140521434317e+19 1.423396325318024602e+19 1.330721620104090829e+19 1.275905797441996186e+19
3.088255669900030362e+19 2.834019785182030643e+19 2.600522808660109722e+19 2.386080887558516326e+19 2.189248537361858560e+19 2.008572804430384742e+19 1.842810898138704896e+19 1.690752190761375539e+19 1.551294140521433907e+19 1.423396325318024397e+19 1.330721620104090829e+19 1.275905797441995981e+19
3.088255669900029952e+19 2.834019785182030643e+19 2.600522808660108493e+19 2.386080887558515917e+19 2.189248537361858560e+19 2.008572804430384333e+19 1.842810898138704896e+19 1.690752190761375539e+19 1.551294140521434112e+19 1.423396325318023168e+19 1.330721620104090829e+19 1.275905797441995776e+19
3.088255669900029133e+19 2.834019785182031462e+19 2.600522808660108493e+19 2.386080887558517146e+19 2.189248537361859379e+19 2.008572804430383923e+19 1.842810898138705715e+19 1.690752190761374515e+19 1.551294140521433907e+19 1.423396325318022963e+19 1.330721620104090829e+19 1.275905797441995776e+19
3.088255669900030362e+19 2.834019785182031872e+19 2.600522808660108902e+19 2.386080887558517965e+19 2.189248537361858560e+19 2.008572804430383923e+19 1.842810898138705715e+19 1.690752190761374925e+19 1.551294140521434112e+19 1.423396325318023987e+19 1.330721620104090624e+19 1.275905797441995776e+19
3.088255669900030362e+19 2.834019785182031462e+19 2.600522808660108083e+19 2.386080887558518374e+19 2.189248537361859789e+19 2.008572804430383923e+19 1.842810898138705510e+19 1.690752190761375130e+19 1.551294140521434112e+19 1.423396325318023578e+19 1.330721620104091034e+19 1.275905797441995776e+19
3.088255669900030771e+19 2.834019785182031053e+19 2.600522808660107264e+19 2.386080887558517965e+19 2.189248537361859789e+19 2.008572804430383514e+19 1.842810898138705715e+19 1.690752190761375130e+19 1.551294140521434317e+19 1.423396325318023578e+19 1.330721620104090829e+19 1.275905797441995366e+19
3.088255669900029952e+19 2.834019785182031053e+19 2.600522808660108902e+19 2.386080887558516736e+19 2.189248537361858970e+19 2.008572804430382694e+19 1.842810898138705715e+19 1.690752190761375334e+19 1.551294140521434317e+19 1.423396325318023782e+19 1.330721620104091034e+19 1.275905797441995366e+19
3.088255669900030362e+19 2.834019785182030234e+19 2.600522808660110131e+19 2.386080887558517965e+19 2.189248537361859789e+19 2.008572804430382285e+19 1.842810898138705920e+19 1.690752190761375130e+19 1.551294140521434112e+19 1.423396325318023373e+19 1.330721620104090829e+19 1.275905797441995366e+19
3.088255669900029542e+19 2.834019785182029824e+19 2.600522808660111360e+19 2.386080887558518374e+19 2.189248537361861018e+19 2.008572804430381875e+19 1.842810898138705920e+19 1.690752190761375334e+19 1.551294140521434317e+19 1.423396325318023782e+19 1.330721620104090829e+19 1.275905797441995571e+19
3.088255669900028723e+19 2.834019785182029824e+19 2.600522808660110541e+19 2.386080887558517965e+19 2.189248537361860608e+19 2.008572804430382694e+19 1.842810898138705715e+19 1.690752190761375334e+19 1.551294140521434522e+19 1.423396325318023782e+19 1.330721620104090829e+19 1.275905797441996186e+19
3.088255669900029542e+19 2.834019785182030643e+19 2.600522808660110950e+19 2.386080887558517965e+19 2.189248537361859789e+19 2.008572804430382694e+19 1.842810898138705715e+19 1.690752190761375539e+19 1.551294140521434522e+19 1.423396325318023578e+19 1.330721620104090829e+19 1.275905797441996186e+19
3.088255669900029133e+19 2.834019785182031053e+19 2.600522808660110541e+19 2.386080887558517965e+19 2.189248537361858560e+19 2.008572804430383514e+19 1.842810898138705510e+19 1.690752190761375539e+19 1.551294140521434931e+19 1.423396325318023782e+19 1.330721620104090829e+19 1.275905797441995981e+19
3.088255669900029133e+19 2.834019785182030643e+19 2.600522808660110541e+19 2.386080887558517555e+19 2.189248537361859379e+19 2.008572804430383514e+19 1.842810898138705306e+19 1.690752190761375334e+19 1.551294140521434931e+19 1.423396325318023782e+19 1.330721620104090624e+19 1.275905797441995981e+19
3.088255669900028723e+19 2.834019785182031053e+19 2.600522808660111360e+19 2.386080887558517146e+19 2.189248537361860608e+19 2.008572804430383104e+19 1.842810898138705510e+19 1.690752190761374925e+19 1.551294140521434931e+19 1.423396325318023373e+19 1.330721620104090624e+19 1.275905797441995981e+19
3.088255669900029133e+19 2.834019785182031872e+19 2.600522808660110950e+19 2.386080887558517555e+19 2.189248537361861427e+19 2.008572804430382694e+19 1.842810898138705306e+19 1.690752190761375334e+19 1.551294140521434931e+19 1.423396325318023373e+19 1.330721620104090214e+19 1.275905797441995776e+19
3.088255669900028314e+19 2.834019785182031872e+19 2.600522808660110950e+19 2.386080887558517965e+19 2.189248537361860608e+19 2.008572804430382285e+19 1.842810898138705715e+19 1.690752190761375334e+19 1.551294140521434931e+19 1.423396325318023373e+19 1.330721620104090010e+19 1.275905797441995162e+19
3.088255669900027494e+19 2.834019785182032691e+19 2.600522808660110131e+19 2.386080887558518374e+19 2.189248537361860608e+19 2.008572804430381875e+19 1.842810898138705306e+19 1.690752190761375539e+19 1.551294140521434931e+19 1.423396325318023578e+19 1.330721620104090010e+19 1.275905797441995162e+19
3.088255669900027085e+19 2.834019785182032691e+19 2.600522808660110950e+19 2.386080887558517965e+19 2.189248537361861427e+19 2.008572804430381875e+19 1.842810898138705510e+19 1.690752190761375334e+19 1.551294140521434726e+19 1.423396325318023578e+19 1.330721620104090010e+19 1.275905797441995162e+19
3.088255669900027904e+19 2.834019785182032691e+19 2.600522808660110131e+19 2.386080887558517555e+19 2.189248537361861018e+19 2.008572804430381466e+19 1.842810898138705306e+19 1.690752190761375539e+19 1.551294140521434726e+19 1.423396325318023373e+19 1.330721620104090010e+19 1.275905797441995366e+19
3.088255669900027904e+19 2.834019785182034330e+19 2.600522808660109722e+19 2.386080887558517555e+19 2.189248537361860608e+19 2.008572804430380646e+19 1.842810898138705510e+19 1.690752190761374106e+19 1.551294140521434522e+19 1.423396325318023373e+19 1.330721620104090010e+19 1.275905797441995366e+19
3.088255669900028723e+19 2.834019785182034739e+19 2.600522808660109312e+19 2.386080887558518784e+19 2.189248537361860198e+19 2.008572804430380237e+19 1.842810898138705510e+19 1.690752190761372467e+19 1.551294140521434317e+19 1.423396325318023168e+19 1.330721620104090214e+19 1.275905797441993728e+19
3.088255669900029542e+19 2.834019785182033920e+19 2.600522808660109722e+19 2.386080887558518784e+19 2.189248537361859379e+19 2.008572804430380237e+19 1.842810898138705510e+19 1.690752190761371853e+19 1.551294140521434317e+19 1.423396325318022963e+19 1.330721620104090214e+19 1.275905797441993728e+19
3.088255669900029952e+19 2.834019785182034330e+19 2.600522808660109722e+19 2.386080887558520013e+19 2.189248537361859789e+19 2.008572804430381056e+19 1.842810898138705510e+19 1.690752190761372467e+19 1.551294140521434726e+19 1.423396325318022963e+19 1.330721620104090010e+19 1.275905797441993728e+19
3.088255669900029133e+19 2.834019785182033920e+19 2.600522808660109312e+19 2.386080887558520422e+19 2.189248537361858560e+19 2.008572804430381466e+19 1.842810898138705715e+19 1.690752190761372672e+19 1.551294140521434522e+19 1.423396325318022963e+19 1.330721620104090010e+19 1.275905797441993523e+19
3.088255669900029133e+19 2.834019785182033920e+19 2.600522808660109722e+19 2.386080887558520013e+19 2.189248537361858150e+19 2.008572804430381056e+19 1.842810898138705510e+19 1.690752190761372262e+19 1.551294140521434522e+19 1.423396325318022758e+19 1.330721620104090419e+19 1.275905797441993933e+19
3.088255669900028723e+19 2.834019785182033920e+19 2.600522808660111360e+19 2.386080887558519194e+19 2.189248537361858150e+19 2.008572804430381875e+19 1.842810898138705715e+19 1.690752190761371238e+19 1.551294140521434317e+19 1.423396325318022554e+19 1.330721620104090214e+19 1.275905797441993523e+19
3.088255669900029133e+19 2.834019785182033510e+19 2.600522808660111360e+19 2.386080887558519603e+19 2.189248537361857331e+19 2.008572804430381466e+19 1.842810898138705920e+19 1.690752190761371238e+19 1.551294140521434522e+19 1.423396325318022349e+19 1.330721620104090214e+19 1.275905797441993728e+19
3.088255669900029542e+19 2.834019785182033101e+19 2.600522808660111360e+19 2.386080887558518784e+19 2.189248537361857331e+19 2.008572804430381466e+19 1.842810898138705715e+19 1.690752190761371238e+19 1.551294140521435341e+19 1.423396325318022144e+19 1.330721620104090214e+19 1.275905797441993728e+19
3.088255669900029133e+19 2.834019785182032282e+19 2.600522808660110541e+19 2.386080887558518784e+19 2.189248537361856922e+19 2.008572804430381056e+19 1.842810898138705715e+19 1.690752190761371238e+19 1.551294140521436570e+19 1.423396325318022349e+19 1.330721620104090010e+19 1.275905797441993728e+19
3.088255669900029952e+19 2.834019785182031053e+19 2.600522808660110131e+19 2.386080887558517965e+19 2.189248537361857331e+19 2.008572804430381875e+19 1.842810898138705510e+19 1.690752190761371443e+19 1.551294140521436570e+19 1.423396325318022144e+19 1.330721620104090214e+19 1.275905797441993523e+19
3.088255669900029952e+19 2.834019785182030234e+19 2.600522808660110950e+19 2.386080887558516736e+19 2.189248537361856102e+19 2.008572804430381875e+19 1.842810898138705306e+19 1.690752190761371443e+19 1.551294140521436365e+19 1.423396325318022349e+19 1.330721620104090419e+19 1.275905797441993933e+19
3.088255669900029542e+19 2.834019785182029824e+19 2.600522808660111360e+19 2.386080887558517146e+19 2.189248537361856512e+19 2.008572804430382285e+19 1.842810898138705101e+19 1.690752190761371443e+19 1.551294140521436160e+19 1.423396325318022144e+19 1.330721620104090419e+19 1.275905797441994547e+19
3.088255669900029133e+19 2.834019785182030234e+19 2.600522808660111360e+19 2.386080887558516736e+19 2.189248537361856512e+19 2.008572804430381466e+19 1.842810898138704896e+19 1.690752190761371443e+19 1.551294140521436365e+19 1.423396325318022144e+19 1.330721620104090419e+19 1.275905797441994342e+19
3.088255669900027904e+19 2.834019785182029824e+19 2.600522808660110950e+19 2.386080887558517965e+19 2.189248537361856922e+19 2.008572804430381466e+19 1.842810898138705101e+19 1.690752190761371648e+19 1.551294140521436365e+19 1.423396325318022144e+19 1.330721620104090214e+19 1.275905797441994138e+19
3.088255669900029133e+19 2.834019785182030643e+19 2.600522808660110541e+19 2.386080887558517555e+19 2.189248537361856102e+19 2.008572804430381466e+19 1.842810898138705101e+19 1.690752190761371853e+19 1.551294140521436570e+19 1.423396325318022144e+19 1.330721620104090214e+19 1.275905797441994138e+19
3.088255669900029133e+19 2.834019785182031053e+19 2.600522808660108902e+19 2.386080887558517555e+19 2.189248537361856102e+19 2.008572804430381875e+19 1.842810898138704896e+19 1.690752190761371853e+19 1.551294140521436570e+19 1.423396325318022144e+19 1.330721620104090214e+19 1.275905797441993933e+19
3.088255669900028723e+19 2.834019785182030234e+19 2.600522808660109312e+19 2.386080887558517146e+19 2.189248537361856922e+19 2.008572804430381875e+19 1.842810898138704896e+19 1.690752190761371853e+19 1.551294140521436365e+19 1.423396325318022349e+19 1.330721620104090419e+19 1.275905797441993933e+19
3.088255669900029133e+19 2.834019785182030643e+19 2.600522808660109312e+19 2.386080887558517146e+19 2.189248537361858150e+19 2.008572804430381875e+19 1.842810898138704896e+19 1.690752190761371853e+19 1.551294140521436160e+19 1.423396325318022144e+19 1.330721620104090419e+19 1.275905797441993933e+19
3.088255669900028723e+19 2.834019785182031462e+19 2.600522808660110541e+19 2.386080887558516736e+19 2.189248537361857741e+19 2.008572804430382694e+19 1.842810898138704691e+19 1.690752190761371648e+19 1.551294140521436160e+19 1.423396325318022144e+19 1.330721620104090419e+19 1.275905797441993933e+19
3.088255669900029542e+19 2.834019785182031462e+19 2.600522808660110950e+19 2.386080887558517146e+19 2.189248537361857741e+19 2.008572804430382694e+19 1.842810898138706125e+19 1.690752190761371853e+19 1.551294140521436160e+19 1.423396325318022349e+19 1.330721620104090419e+19 1.275905797441993933e+19
3.088255669900029542e+19 2.834019785182031053e+19 2.600522808660110950e+19 2.386080887558517555e+19 2.189248537361857741e+19 2.008572804430383104e+19 1.842810898138706330e+19 1.690752190761372058e+19 1.551294140521436160e+19 1.423396325318022554e+19 1.330721620104090624e+19 1.275905797441993318e+19
3.088255669900029133e+19 2.834019785182031462e+19 2.600522808660110131e+19 2.386080887558517555e+19 2.189248537361858150e+19 2.008572804430382694e+19 1.842810898138706125e+19 1.690752190761372058e+19 1.551294140521436160e+19 1.423396325318022554e+19 1.330721620104090419e+19 1.275905797441993318e+19
3.088255669900030771e+19 2.834019785182031053e+19 2.600522808660110541e+19 2.386080887558517146e+19 2.189248537361858560e+19 2.008572804430382694e+19 1.842810898138705920e+19 1.690752190761372058e+19 1.551294140521435955e+19 1.423396325318022349e+19 1.330721620104090214e+19 1.275905797441993318e+19
3.088255669900029952e+19 2.834019785182030234e+19 2.600522808660111360e+19 2.386080887558516736e+19 2.189248537361858150e+19 2.008572804430382285e+19 1.842810898138705920e+19 1.690752190761372262e+19 1.551294140521435955e+19 1.423396325318022554e+19 1.330721620104090419e+19 1.275905797441993523e+19
3.088255669900029133e+19 2.834019785182030643e+19 2.600522808660111770e+19 2.386080887558516736e+19 2.189248537361858560e+19 2.008572804430381056e+19 1.842810898138706125e+19 1.690752190761372467e+19 1.551294140521437798e+19 1.423396325318022554e+19 1.330721620104090010e+19 1.275905797441993728e+19
3.088255669900029133e+19 2.834019785182030234e+19 2.600522808660112179e+19 2.386080887558517146e+19 2.189248537361858560e+19 2.008572804430381056e+19 1.842810898138706125e+19 1.690752190761372058e+19 1.551294140521438618e+19 1.423396325318022554e+19 1.330721620104090829e+19 1.275905797441993933e+19
3.088255669900028723e+19 2.834019785182030643e+19 2.600522808660112179e+19 2.386080887558517555e+19 2.189248537361858970e+19 2.008572804430381875e+19 1.842810898138705920e+19 1.690752190761372262e+19 1.551294140521438822e+19 1.423396325318022758e+19 1.330721620104090010e+19 1.275905797441993728e+19
3.088255669900029133e+19 2.834019785182030234e+19 2.600522808660112998e+19 2.386080887558517965e+19 2.189248537361858150e+19 2.008572804430381466e+19 1.842810898138706125e+19 1.690752190761372058e+19 1.551294140521438618e+19 1.423396325318022758e+19 1.330721620104088986e+19 1.275905797441994138e+19
3.088255669900028723e+19 2.834019785182030643e+19 2.600522808660112589e+19 2.386080887558518374e+19 2.189248537361858150e+19 2.008572804430381056e+19 1.842810898138705510e+19 1.690752190761372262e+19 1.551294140521438618e+19 1.423396325318022758e+19 1.330721620104089805e+19 1.275905797441993933e+19
3.088255669900028723e+19 2.834019785182030234e+19 2.600522808660112179e+19 2.386080887558517965e+19 2.189248537361858150e+19 2.008572804430380646e+19 1.842810898138705715e+19 1.690752190761372262e+19 1.551294140521438413e+19 1.423396325318022758e+19 1.330721620104089600e+19 1.275905797441994138e+19
3.088255669900027904e+19 2.834019785182029414e+19 2.600522808660111770e+19 2.386080887558518374e+19 2.189248537361857741e+19 2.008572804430380646e+19 1.842810898138705715e+19 1.690752190761372058e+19 1.551294140521438618e+19 1.423396325318023168e+19 1.330721620104089600e+19 1.275905797441993728e+19
3.088255669900027494e+19 2.834019785182029414e+19 2.600522808660111770e+19 2.386080887558517555e+19 2.189248537361857741e+19 2.008572804430380237e+19 1.842810898138705715e+19 1.690752190761372262e+19 1.551294140521438618e+19 1.423396325318023373e+19 1.330721620104089395e+19 1.275905797441993728e+19
3.088255669900027494e+19 2.834019785182029824e+19 2.600522808660112179e+19 2.386080887558517555e+19 2.189248537361857331e+19 2.008572804430380646e+19 1.842810898138705510e+19 1.690752190761372262e+19 1.551294140521438822e+19 1.423396325318023373e+19 1.330721620104089395e+19 1.275905797441993933e+19
3.088255669900027085e+19 2.834019785182029005e+19 2.600522808660111770e+19 2.386080887558517965e+19 2.189248537361856922e+19 2.008572804430381875e+19 1.842810898138705510e+19 1.690752190761371648e+19 1.551294140521438822e+19 1.423396325318023373e+19 1.330721620104089600e+19 1.275905797441993728e+19
3.088255669900026675e+19 2.834019785182029414e+19 2.600522808660110950e+19 2.386080887558518374e+19 2.189248537361857741e+19 2.008572804430382694e+19 1.842810898138705510e+19 1.690752190761371034e+19 1.551294140521438822e+19 1.423396325318023373e+19 1.330721620104089805e+19 1.275905797441993933e+19
3.088255669900027494e+19 2.834019785182029005e+19 2.600522808660111770e+19 2.386080887558518374e+19 2.189248537361856922e+19 2.008572804430384333e+19 1.842810898138705510e+19 1.690752190761371034e+19 1.551294140521438822e+19 1.423396325318023168e+19 1.330721620104089805e+19 1.275905797441993933e+19
3.088255669900027904e+19 2.834019785182029824e+19 2.600522808660110950e+19 2.386080887558517555e+19 2.189248537361856102e+19 2.008572804430385152e+19 1.842810898138705715e+19 1.690752190761370829e+19 1.551294140521439027e+19 1.423396325318022963e+19 1.330721620104090010e+19 1.275905797441993933e+19
3.088255669900028314e+19 2.834019785182030643e+19 2.600522808660110950e+19 2.386080887558516736e+19 2.189248537361856512e+19 2.008572804430384742e+19 1.842810898138706125e+19 1.690752190761370829e+19 1.551294140521439027e+19 1.423396325318023168e+19 1.330721620104090010e+19 1.275905797441993933e+19
3.088255669900028314e+19 2.834019785182030643e+19 2.600522808660110950e+19 2.386080887558517146e+19 2.189248537361856512e+19 2.008572804430384742e+19 1.842810898138706125e+19 1.690752190761370829e+19 1.551294140521439027e+19 1.423396325318023373e+19 1.330721620104090010e+19 1.275905797441993523e+19
3.088255669900028723e+19 2.834019785182030234e+19 2.600522808660110131e+19 2.386080887558516736e+19 2.189248537361857741e+19 2.008572804430384742e+19 1.842810898138706330e+19 1.690752190761370624e+19 1.551294140521439027e+19 1.423396325318023373e+19 1.330721620104090010e+19 1.275905797441992499e+19
3.088255669900028723e+19 2.834019785182030643e+19 2.600522808660110541e+19 2.386080887558517146e+19 2.189248537361857331e+19 2.008572804430385152e+19 1.842810898138706534e+19 1.690752190761370419e+19 1.551294140521439027e+19 1.423396325318023373e+19 1.330721620104090010e+19 1.275905797441992499e+19
3.088255669900028723e+19 2.834019785182031462e+19 2.600522808660110950e+19 2.386080887558517965e+19 2.189248537361856102e+19 2.008572804430384333e+19 1.842810898138706739e+19 1.690752190761370419e+19 1.551294140521439027e+19 1.423396325318023373e+19 1.330721620104090010e+19 1.275905797441992294e+19
3.088255669900028723e+19 2.834019785182030643e+19 2.600522808660110950e+19 2.386080887558518784e+19 2.189248537361855693e+19 2.008572804430384742e+19 1.842810898138706944e+19 1.690752190761370419e+19 1.551294140521439437e+19 1.423396325318023373e+19 1.330721620104090214e+19 1.275905797441992499e+19
3.088255669900028723e+19 2.834019785182031462e+19 2.600522808660111770e+19 2.386080887558518374e+19 2.189248537361854464e+19 2.008572804430385971e+19 1.842810898138706944e+19 1.690752190761370419e+19 1.551294140521439437e+19 1.423396325318022963e+19 1.330721620104090419e+19 1.275905797441992294e+19
3.088255669900029542e+19 2.834019785182030643e+19 2.600522808660112179e+19 2.386080887558517555e+19 2.189248537361854874e+19 2.008572804430385152e+19 1.842810898138706944e+19 1.690752190761370624e+19 1.551294140521439232e+19 1.423396325318022963e+19 1.330721620104090419e+19 1.275905797441991885e+19
3.088255669900029133e+19 2.834019785182030643e+19 2.600522808660111360e+19 2.386080887558518374e+19 2.189248537361854874e+19 2.008572804430385971e+19 1.842810898138706944e+19 1.690752190761370214e+19 1.551294140521439437e+19 1.423396325318022963e+19 1.330721620104090419e+19 1.275905797441991680e+19
3.088255669900029133e+19 2.834019785182031053e+19 2.600522808660111360e+19 2.386080887558518374e+19 2.189248537361855693e+19 2.008572804430386381e+19 1.842810898138706944e+19 1.690752190761370419e+19 1.551294140521439027e+19 1.423396325318022963e+19 1.330721620104090419e+19 1.275905797441991475e+19
3.088255669900028723e+19 2.834019785182030643e+19 2.600522808660111360e+19 2.386080887558518374e+19 2.189248537361855693e+19 2.008572804430386790e+19 1.842810898138706944e+19 1.690752190761370419e+19 1.551294140521439027e+19 1.423396325318022963e+19 1.330721620104090419e+19 1.275905797441991885e+19
3.088255669900029542e+19 2.834019785182031053e+19 2.600522808660110541e+19 2.386080887558517965e+19 2.189248537361855283e+19 2.008572804430387610e+19 1.842810898138706739e+19 1.690752190761370214e+19 1.551294140521439437e+19 1.423396325318022758e+19 1.330721620104090419e+19 1.275905797441992294e+19
3.088255669900029952e+19 2.834019785182032691e+19 2.600522808660110541e+19 2.386080887558517555e+19 2.189248537361854874e+19 2.008572804430387200e+19 1.842810898138706944e+19 1.690752190761369805e+19 1.551294140521439437e+19 1.423396325318022963e+19 1.330721620104090419e+19 1.275905797441992294e+19
3.088255669900030362e+19 2.834019785182032282e+19 2.600522808660110131e+19 2.386080887558518374e+19 2.189248537361855693e+19 2.008572804430388019e+19 1.842810898138706944e+19 1.690752190761370214e+19 1.551294140521439642e+19 1.423396325318022758e+19 1.330721620104090214e+19 1.275905797441992499e+19
3.088255669900030771e+19 2.834019785182032282e+19 2.600522808660110541e+19 2.386080887558518784e+19 2.189248537361855283e+19 2.008572804430387200e+19 1.842810898138706739e+19 1.690752190761370214e+19 1.551294140521440256e+19 1.423396325318022758e+19 1.330721620104090419e+19 1.275905797441992090e+19
3.088255669900030771e+19 2.834019785182031872e+19 2.600522808660110131e+19 2.386080887558519603e+19 2.189248537361855693e+19 2.008572804430387200e+19 1.842810898138706739e+19 1.690752190761370214e+19 1.551294140521440051e+19 1.423396325318022349e+19 1.330721620104090419e+19 1.275905797441991885e+19
3.088255669900031181e+19 2.834019785182031462e+19 2.600522808660110541e+19 2.386080887558520013e+19 2.189248537361855283e+19 2.008572804430387200e+19 1.842810898138706739e+19 1.690752190761370010e+19 1.551294140521440051e+19 1.423396325318022554e+19 1.330721620104090419e+19 1.275905797441991885e+19
3.088255669900031590e+19 2.834019785182031053e+19 2.600522808660110950e+19 2.386080887558520013e+19 2.189248537361855283e+19 2.008572804430387200e+19 1.842810898138706534e+19 1.690752190761370010e+19 1.551294140521440256e+19 1.423396325318022554e+19 1.330721620104090624e+19 1.275905797441991680e+19
3.088255669900032000e+19 2.834019785182030643e+19 2.600522808660110541e+19 2.386080887558520013e+19 2.189248537361856102e+19 2.008572804430387200e+19 1.842810898138706125e+19 1.690752190761370214e+19 1.551294140521440461e+19 1.423396325318022349e+19 1.330721620104090624e+19 1.275905797441992090e+19
3.088255669900031590e+19 2.834019785182030643e+19 2.600522808660112589e+19 2.386080887558519603e+19 2.189248537361856922e+19 2.008572804430386790e+19 1.842810898138706125e+19 1.690752190761370010e+19 1.551294140521440461e+19 1.423396325318022554e+19 1.330721620104090829e+19 1.275905797441991885e+19
3.088255669900031590e+19 2.834019785182030234e+19 2.600522808660112589e+19 2.386080887558520013e+19 2.189248537361857741e+19 2.008572804430386381e+19 1.842810898138706125e+19 1.690752190761370419e+19 1.551294140521440461e+19 1.423396325318022554e+19 1.330721620104090419e+19 1.275905797441992090e+19
3.088255669900030771e+19 2.834019785182029824e+19 2.600522808660112589e+19 2.386080887558520422e+19 2.189248537361858150e+19 2.008572804430385152e+19 1.842810898138706125e+19 1.690752190761369805e+19 1.551294140521440256e+19 1.423396325318022963e+19 1.330721620104089395e+19 1.275905797441991885e+19
3.088255669900030771e+19 2.834019785182029824e+19 2.600522808660112589e+19 2.386080887558519603e+19 2.189248537361857331e+19 2.008572804430385152e+19 1.842810898138705920e+19 1.690752190761370624e+19 1.551294140521440461e+19 1.423396325318022963e+19 1.330721620104089600e+19 1.275905797441992090e+19
3.088255669900031181e+19 2.834019785182029824e+19 2.600522808660112179e+19 2.386080887558520422e+19 2.189248537361856512e+19 2.008572804430384742e+19 1.842810898138705920e+19 1.690752190761370214e+19 1.551294140521440051e+19 1.423396325318022963e+19 1.330721620104089395e+19 1.275905797441992090e+19
3.088255669900032000e+19 2.834019785182029824e+19 2.600522808660111770e+19 2.386080887558520422e+19 2.189248537361856102e+19 2.008572804430383923e+19 1.842810898138705920e+19 1.690752190761370214e+19 1.551294140521440256e+19 1.423396325318022758e+19 1.330721620104089395e+19 1.275905797441991885e+19
3.088255669900031590e+19 2.834019785182029414e+19 2.600522808660111360e+19 2.386080887558520422e+19 2.189248537361855693e+19 2.008572804430383923e+19 1.842810898138706330e+19 1.690752190761370214e+19 1.551294140521440051e+19 1.423396325318022758e+19 1.330721620104089395e+19 1.275905797441992090e+19
3.088255669900032410e+19 2.834019785182029414e+19 2.600522808660112589e+19 2.386080887558519603e+19 2.189248537361856102e+19 2.008572804430383104e+19 1.842810898138706534e+19 1.690752190761370214e+19 1.551294140521439846e+19 1.423396325318022963e+19 1.330721620104089395e+19 1.275905797441990861e+19
3.088255669900033229e+19 2.834019785182029414e+19 2.600522808660112589e+19 2.386080887558520422e+19 2.189248537361855283e+19 2.008572804430383514e+19 1.842810898138706534e+19 1.690752190761370214e+19 1.551294140521439642e+19 1.423396325318022758e+19 1.330721620104089600e+19 1.275905797441990861e+19
3.088255669900032819e+19 2.834019785182029824e+19 2.600522808660111770e+19 2.386080887558520013e+19 2.189248537361855693e+19 2.008572804430383104e+19 1.842810898138706534e+19 1.690752190761370214e+19 1.551294140521439642e+19 1.423396325318022963e+19 1.330721620104089600e+19 1.275905797441990861e+19
3.088255669900033229e+19 2.834019785182030234e+19 2.600522808660112589e+19 2.386080887558519603e+19 2.189248537361855283e+19 2.008572804430383514e+19 1.842810898138706330e+19 1.690752190761370419e+19 1.551294140521439846e+19 1.423396325318022554e+19 1.330721620104089395e+19 1.275905797441991066e+19
3.088255669900031590e+19 2.834019785182030643e+19 2.600522808660111770e+19 2.386080887558520832e+19 2.189248537361855693e+19 2.008572804430384333e+19 1.842810898138706330e+19 1.690752190761370419e+19 1.551294140521439846e+19 1.423396325318022554e+19 1.330721620104089395e+19 1.275905797441990861e+19
3.088255669900031590e+19 2.834019785182030643e+19 2.600522808660112589e+19 2.386080887558520013e+19 2.189248537361855693e+19 2.008572804430385152e+19 1.842810898138706330e+19 1.690752190761370419e+19 1.551294140521439642e+19 1.423396325318022554e+19 1.330721620104089805e+19 1.275905797441990861e+19
3.088255669900031590e+19 2.834019785182031872e+19 2.600522808660111770e+19 2.386080887558520013e+19 2.189248537361856922e+19 2.008572804430384333e+19 1.842810898138706534e+19 1.690752190761370624e+19 1.551294140521439437e+19 1.423396325318022349e+19 1.330721620104089805e+19 1.275905797441990861e+19
3.088255669900031590e+19 2.834019785182031462e+19 2.600522808660111770e+19 2.386080887558520832e+19 2.189248537361856512e+19 2.008572804430384333e+19 1.842810898138706739e+19 1.690752190761370624e+19 1.551294140521439437e+19 1.423396325318021734e+19 1.330721620104090010e+19 1.275905797441990861e+19
3.088255669900030771e+19 2.834019785182030234e+19 2.600522808660111360e+19 2.386080887558520832e+19 2.189248537361856512e+19 2.008572804430383923e+19 1.842810898138706944e+19 1.690752190761370624e+19 1.551294140521439232e+19 1.423396325318021734e+19 1.330721620104090010e+19 1.275905797441990451e+19
3.088255669900030362e+19 2.834019785182030643e+19 2.600522808660111770e+19 2.386080887558521242e+19 2.189248537361855693e+19 2.008572804430384333e+19 1.842810898138706739e+19 1.690752190761370214e+19 1.551294140521439437e+19 1.423396325318021530e+19 1.330721620104090010e+19 1.275905797441990656e+19
3.088255669900030362e+19 2.834019785182030234e+19 2.600522808660112998e+19 2.386080887558522470e+19 2.189248537361856102e+19 2.008572804430384742e+19 1.842810898138706944e+19 1.690752190761370010e+19 1.551294140521439027e+19 1.423396325318021120e+19 1.330721620104090419e+19 1.275905797441990656e+19
3.088255669900030362e+19 2.834019785182029824e+19 2.600522808660114637e+19 2.386080887558523290e+19 2.189248537361855283e+19 2.008572804430384742e+19 1.842810898138707149e+19 1.690752190761370214e+19 1.551294140521439232e+19 1.423396325318020301e+19 1.330721620104090214e+19 1.275905797441990861e+19
3.088255669900029133e+19 2.834019785182030643e+19 2.600522808660114227e+19 2.386080887558523290e+19 2.189248537361855283e+19 2.008572804430384333e+19 1.842810898138707354e+19 1.690752190761370214e+19 1.551294140521439027e+19 1.423396325318021120e+19 1.330721620104090214e+19 1.275905797441990861e+19
3.088255669900028723e+19 2.834019785182030234e+19 2.600522808660114227e+19 2.386080887558524109e+19 2.189248537361855283e+19 2.008572804430383104e+19 1.842810898138707149e+19 1.690752190761370419e+19 1.551294140521439027e+19 1.423396325318021120e+19 1.330721620104090010e+19 1.275905797441990861e+19
3.088255669900028314e+19 2.834019785182029824e+19 2.600522808660112998e+19 2.386080887558523699e+19 2.189248537361854874e+19 2.008572804430383104e+19 1.842810898138707354e+19 1.690752190761370214e+19 1.551294140521439027e+19 1.423396325318020915e+19 1.330721620104089805e+19 1.275905797441990861e+19
3.088255669900028314e+19 2.834019785182029824e+19 2.600522808660112998e+19 2.386080887558524518e+19 2.189248537361854874e+19 2.008572804430382694e+19 1.842810898138707354e+19 1.690752190761370214e+19 1.551294140521439027e+19 1.423396325318021120e+19 1.330721620104090010e+19 1.275905797441991066e+19
3.088255669900028723e+19 2.834019785182029824e+19 2.600522808660112998e+19 2.386080887558524928e+19 2.189248537361854464e+19 2.008572804430382694e+19 1.842810898138707558e+19 1.690752190761369805e+19 1.551294140521438822e+19 1.423396325318021325e+19 1.330721620104089805e+19 1.275905797441991270e+19
3.088255669900027904e+19 2.834019785182030234e+19 2.600522808660112589e+19 2.386080887558524928e+19 2.189248537361854464e+19 2.008572804430383104e+19 1.842810898138707558e+19 1.690752190761370010e+19 1.551294140521439027e+19 1.423396325318021325e+19 1.330721620104089600e+19 1.275905797441991270e+19
3.088255669900028314e+19 2.834019785182030643e+19 2.600522808660110131e+19 2.386080887558525338e+19 2.189248537361855283e+19 2.008572804430383104e+19 1.842810898138707558e+19 1.690752190761369600e+19 1.551294140521439027e+19 1.423396325318021325e+19 1.330721620104089600e+19 1.275905797441991270e+19
3.088255669900027494e+19 2.834019785182030643e+19 2.600522808660110950e+19 2.386080887558525747e+19 2.189248537361856922e+19 2.008572804430383104e+19 1.842810898138707558e+19 1.690752190761369805e+19 1.551294140521438822e+19 1.423396325318021530e+19 1.330721620104089805e+19 1.275905797441991475e+19
3.088255669900027085e+19 2.834019785182030643e+19 2.600522808660112179e+19 2.386080887558525747e+19 2.189248537361857331e+19 2.008572804430383104e+19 1.842810898138707558e+19 1.690752190761369805e+19 1.551294140521439027e+19 1.423396325318021325e+19 1.330721620104089805e+19 1.275905797441991270e+19
3.088255669900027494e+19 2.834019785182031872e+19 2.600522808660112998e+19 2.386080887558525747e+19 2.189248537361857741e+19 2.008572804430383514e+19 1.842810898138707763e+19 1.690752190761369805e+19 1.551294140521439027e+19 1.423396325318021325e+19 1.330721620104089805e+19 1.275905797441991066e+19
3.088255669900027494e+19 2.834019785182032282e+19 2.600522808660112998e+19 2.386080887558525747e+19 2.189248537361856922e+19 2.008572804430383923e+19 1.842810898138708173e+19 1.690752190761370419e+19 1.551294140521439232e+19 1.423396325318021325e+19 1.330721620104089600e+19 1.275905797441991270e+19
3.088255669900027904e+19 2.834019785182031462e+19 2.600522808660112998e+19 2.386080887558525338e+19 2.189248537361856922e+19 2.008572804430383923e+19 1.842810898138708173e+19 1.690752190761371034e+19 1.551294140521439027e+19 1.423396325318021325e+19 1.330721620104090214e+19 1.275905797441991066e+19
3.088255669900028314e+19 2.834019785182031462e+19 2.600522808660112998e+19 2.386080887558524518e+19 2.189248537361857331e+19 2.008572804430384333e+19 1.842810898138708582e+19 1.690752190761370419e+19 1.551294140521438822e+19 1.423396325318021325e+19 1.330721620104089805e+19 1.275905797441991475e+19
3.088255669900029542e+19 2.834019785182030643e+19 2.600522808660113818e+19 2.386080887558523699e+19 2.189248537361856102e+19 2.008572804430384333e+19 1.842810898138708992e+19 1.690752190761370624e+19 1.551294140521439027e+19 1.423396325318021325e+19 1.330721620104088576e+19 1.275905797441991680e+19
3.088255669900029542e+19 2.834019785182030643e+19 2.600522808660113818e+19 2.386080887558523699e+19 2.189248537361854874e+19 2.008572804430384742e+19 1.842810898138709197e+19 1.690752190761370419e+19 1.551294140521439027e+19 1.423396325318021530e+19 1.330721620104088781e+19 1.275905797441991680e+19
3.088255669900029542e+19 2.834019785182032282e+19 2.600522808660114227e+19 2.386080887558523699e+19 2.189248537361853235e+19 2.008572804430384333e+19 1.842810898138709197e+19 1.690752190761370624e+19 1.551294140521439232e+19 1.423396325318021325e+19 1.330721620104088576e+19 1.275905797441991475e+19
3.088255669900029542e+19 2.834019785182031872e+19 2.600522808660113408e+19 2.386080887558523699e+19 2.189248537361854054e+19 2.008572804430384742e+19 1.842810898138708582e+19 1.690752190761370214e+19 1.551294140521439437e+19 1.423396325318021325e+19 1.330721620104088781e+19 1.275905797441991680e+19
3.088255669900029542e+19 2.834019785182031872e+19 2.600522808660112998e+19 2.386080887558524109e+19 2.189248537361853645e+19 2.008572804430384742e+19 1.842810898138708378e+19 1.690752190761370419e+19 1.551294140521439232e+19 1.423396325318021530e+19 1.330721620104088371e+19 1.275905797441991680e+19
3.088255669900030771e+19 2.834019785182032691e+19 2.600522808660111770e+19 2.386080887558524518e+19 2.189248537361853235e+19 2.008572804430384742e+19 1.842810898138707558e+19 1.690752190761370419e+19 1.551294140521439232e+19 1.423396325318021530e+19 1.330721620104088576e+19 1.275905797441991680e+19
3.088255669900031181e+19 2.834019785182031872e+19 2.600522808660111770e+19 2.386080887558524518e+19 2.189248537361852826e+19 2.008572804430385152e+19 1.842810898138707558e+19 1.690752190761370214e+19 1.551294140521439027e+19 1.423396325318021325e+19 1.330721620104088371e+19 1.275905797441991680e+19
3.088255669900030771e+19 2.834019785182032282e+19 2.600522808660112179e+19 2.386080887558524928e+19 2.189248537361852006e+19 2.008572804430385971e+19 1.842810898138707149e+19 1.690752190761370214e+19 1.551294140521439232e+19 1.423396325318021325e+19 1.330721620104088371e+19 1.275905797441991475e+19
3.088255669900029952e+19 2.834019785182032282e+19 2.600522808660111770e+19 2.386080887558524518e+19 2.189248537361852416e+19 2.008572804430386790e+19 1.842810898138707354e+19 1.690752190761370419e+19 1.551294140521439027e+19 1.423396325318021530e+19 1.330721620104088166e+19 1.275905797441991475e+19
3.088255669900030362e+19 2.834019785182033101e+19 2.600522808660110541e+19 2.386080887558524518e+19 2.189248537361852006e+19 2.008572804430386790e+19 1.842810898138707354e+19 1.690752190761370829e+19 1.551294140521439027e+19 1.423396325318021325e+19 1.330721620104088166e+19 1.275905797441991680e+19
3.088255669900029952e+19 2.834019785182033101e+19 2.600522808660109722e+19 2.386080887558525747e+19 2.189248537361853235e+19 2.008572804430387200e+19 1.842810898138707149e+19 1.690752190761371034e+19 1.551294140521439027e+19 1.423396325318021325e+19 1.330721620104088371e+19 1.275905797441991885e+19
3.088255669900029952e+19 2.834019785182033101e+19 2.600522808660110131e+19 2.386080887558524928e+19 2.189248537361852006e+19 2.008572804430387200e+19 1.842810898138707558e+19 1.690752190761371238e+19 1.551294140521439027e+19 1.423396325318021325e+19 1.330721620104088166e+19 1.275905797441991885e+19
3.088255669900029952e+19 2.834019785182034330e+19 2.600522808660111360e+19 2.386080887558525338e+19 2.189248537361851597e+19 2.008572804430387200e+19 1.842810898138707558e+19 1.690752190761371238e+19 1.551294140521438618e+19 1.423396325318021120e+19 1.330721620104087962e+19 1.275905797441991680e+19
3.088255669900029542e+19 2.834019785182033510e+19 2.600522808660111770e+19 2.386080887558525338e+19 2.189248537361852006e+19 2.008572804430386790e+19 1.842810898138707763e+19 1.690752190761371034e+19 1.551294140521438618e+19 1.423396325318021120e+19 1.330721620104088166e+19 1.275905797441991475e+19
3.088255669900029952e+19 2.834019785182033920e+19 2.600522808660112589e+19 2.386080887558525747e+19 2.189248537361851597e+19 2.008572804430387200e+19 1.842810898138707968e+19 1.690752190761371648e+19 1.551294140521438618e+19 1.423396325318021120e+19 1.330721620104088576e+19 1.275905797441991680e+19
3.088255669900029542e+19 2.834019785182033510e+19 2.600522808660111770e+19 2.386080887558526157e+19 2.189248537361851187e+19 2.008572804430386790e+19 1.842810898138708173e+19 1.690752190761371853e+19 1.551294140521438413e+19 1.423396325318021120e+19 1.330721620104088371e+19 1.275905797441991680e+19
3.088255669900030362e+19 2.834019785182033101e+19 2.600522808660112179e+19 2.386080887558526157e+19 2.189248537361850778e+19 2.008572804430386381e+19 1.842810898138707968e+19 1.690752190761371853e+19 1.551294140521438618e+19 1.423396325318020915e+19 1.330721620104088371e+19 1.275905797441991066e+19
3.088255669900029542e+19 2.834019785182033510e+19 2.600522808660113408e+19 2.386080887558526976e+19 2.189248537361851187e+19 2.008572804430385971e+19 1.842810898138707763e+19 1.690752190761371853e+19 1.551294140521438618e+19 1.423396325318021120e+19 1.330721620104088371e+19 1.275905797441990042e+19
3.088255669900029542e+19 2.834019785182033101e+19 2.600522808660112998e+19 2.386080887558526976e+19 2.189248537361850778e+19 2.008572804430385971e+19 1.842810898138707763e+19 1.690752190761372058e+19 1.551294140521438413e+19 1.423396325318020915e+19 1.330721620104088371e+19 1.275905797441990246e+19
3.088255669900029952e+19 2.834019785182032691e+19 2.600522808660112998e+19 2.386080887558526566e+19 2.189248537361850368e+19 2.008572804430387610e+19 1.842810898138707354e+19 1.690752190761372058e+19 1.551294140521438208e+19 1.423396325318021120e+19 1.330721620104088371e+19 1.275905797441990451e+19
3.088255669900029133e+19 2.834019785182033510e+19 2.600522808660112998e+19 2.386080887558526566e+19 2.189248537361850368e+19 2.008572804430387610e+19 1.842810898138707354e+19 1.690752190761372058e+19 1.551294140521438413e+19 1.423396325318020915e+19 1.330721620104088576e+19 1.275905797441990656e+19
3.088255669900030362e+19 2.834019785182033920e+19 2.600522808660112589e+19 2.386080887558526566e+19 2.189248537361850368e+19 2.008572804430386381e+19 1.842810898138706944e+19 1.690752190761371648e+19 1.551294140521438413e+19 1.423396325318020915e+19 1.330721620104088576e+19 1.275905797441990656e+19
3.088255669900029952e+19 2.834019785182033510e+19 2.600522808660112589e+19 2.386080887558526976e+19 2.189248537361849139e+19 2.008572804430386790e+19 1.842810898138707354e+19 1.690752190761371648e+19 1.551294140521438208e+19 1.423396325318021120e+19 1.330721620104088576e+19 1.275905797441990861e+19
3.088255669900029542e+19 2.834019785182033510e+19 2.600522808660112179e+19 2.386080887558526976e+19 2.189248537361848730e+19 2.008572804430387200e+19 1.842810898138707149e+19 1.690752190761372262e+19 1.551294140521438003e+19 1.423396325318020915e+19 1.330721620104088576e+19 1.275905797441990451e+19
3.088255669900029542e+19 2.834019785182033101e+19 2.600522808660112179e+19 2.386080887558527386e+19 2.189248537361848730e+19 2.008572804430388019e+19 1.842810898138707149e+19 1.690752190761372262e+19 1.551294140521438208e+19 1.423396325318020915e+19 1.330721620104088781e+19 1.275905797441990656e+19
3.088255669900029952e+19 2.834019785182034330e+19 2.600522808660112179e+19 2.386080887558526566e+19 2.189248537361848730e+19 2.008572804430386790e+19 1.842810898138707149e+19 1.690752190761372467e+19 1.551294140521438208e+19 1.423396325318020710e+19 1.330721620104088986e+19 1.275905797441990861e+19
3.088255669900030362e+19 2.834019785182033510e+19 2.600522808660112589e+19 2.386080887558526566e+19 2.189248537361848320e+19 2.008572804430386381e+19 1.842810898138707149e+19 1.690752190761372467e+19 1.551294140521438413e+19 1.423396325318020506e+19 1.330721620104089600e+19 1.275905797441990656e+19
3.088255669900029952e+19 2.834019785182033510e+19 2.600522808660112998e+19 2.386080887558526976e+19 2.189248537361848730e+19 2.008572804430387200e+19 1.842810898138707149e+19 1.690752190761372672e+19 1.551294140521438413e+19 1.423396325318020301e+19 1.330721620104089600e+19 1.275905797441990656e+19
3.088255669900030362e+19 2.834019785182033920e+19 2.600522808660113818e+19 2.386080887558526976e+19 2.189248537361849139e+19 2.008572804430387610e+19 1.842810898138707558e+19 1.690752190761372877e+19 1.551294140521438413e+19 1.423396325318020506e+19 1.330721620104089395e+19 1.275905797441990656e+19
3.088255669900032000e+19 2.834019785182034330e+19 2.600522808660112998e+19 2.386080887558527386e+19 2.189248537361849549e+19 2.008572804430387610e+19 1.842810898138707558e+19 1.690752190761372467e+19 1.551294140521438003e+19 1.423396325318020710e+19 1.330721620104089395e+19 1.275905797441991270e+19
3.088255669900032819e+19 2.834019785182033920e+19 2.600522808660112589e+19 2.386080887558527386e+19 2.189248537361850778e+19 2.008572804430387200e+19 1.842810898138707149e+19 1.690752190761372467e+19 1.551294140521438003e+19 1.423396325318020710e+19 1.330721620104089600e+19 1.275905797441991270e+19
3.088255669900033638e+19 2.834019785182033101e+19 2.600522808660112589e+19 2.386080887558526976e+19 2.189248537361850368e+19 2.008572804430385971e+19 1.842810898138707354e+19 1.690752190761372467e+19 1.551294140521438208e+19 1.423396325318020301e+19 1.330721620104089600e+19 1.275905797441991270e+19
3.088255669900033638e+19 2.834019785182032691e+19 2.600522808660112998e+19 2.386080887558526976e+19 2.189248537361850368e+19 2.008572804430385971e+19 1.842810898138706944e+19 1.690752190761372877e+19 1.551294140521438208e+19 1.423396325318020506e+19 1.330721620104089600e+19 1.275905797441991270e+19
3.088255669900033638e+19 2.834019785182033101e+19 2.600522808660112998e+19 2.386080887558526976e+19 2.189248537361851187e+19 2.008572804430385562e+19 1.842810898138706739e+19 1.690752190761372877e+19 1.551294140521438003e+19 1.423396325318020301e+19 1.330721620104089600e+19 1.275905797441991475e+19
3.088255669900034048e+19 2.834019785182033510e+19 2.600522808660112998e+19 2.386080887558527386e+19 2.189248537361851597e+19 2.008572804430385152e+19 1.842810898138706534e+19 1.690752190761373286e+19 1.551294140521438413e+19 1.423396325318020301e+19 1.330721620104089600e+19 1.275905797441991680e+19
3.088255669900033638e+19 2.834019785182033510e+19 2.600522808660112998e+19 2.386080887558526976e+19 2.189248537361852006e+19 2.008572804430385562e+19 1.842810898138706739e+19 1.690752190761373082e+19 1.551294140521439232e+19 1.423396325318020301e+19 1.330721620104089600e+19 1.275905797441991475e+19
3.088255669900033229e+19 2.834019785182034739e+19 2.600522808660112589e+19 2.386080887558526976e+19 2.189248537361852416e+19 2.008572804430386381e+19 1.842810898138706739e+19 1.690752190761372672e+19 1.551294140521439232e+19 1.423396325318020096e+19 1.330721620104089395e+19 1.275905797441991270e+19
3.088255669900032819e+19 2.834019785182034330e+19 2.600522808660113408e+19 2.386080887558526566e+19 2.189248537361852416e+19 2.008572804430386381e+19 1.842810898138706739e+19 1.690752190761372672e+19 1.551294140521439232e+19 1.423396325318019891e+19 1.330721620104089395e+19 1.275905797441991270e+19
3.088255669900033229e+19 2.834019785182034330e+19 2.600522808660113408e+19 2.386080887558527386e+19 2.189248537361852006e+19 2.008572804430386381e+19 1.842810898138706534e+19 1.690752190761372262e+19 1.551294140521439437e+19 1.423396325318019891e+19 1.330721620104089395e+19 1.275905797441991270e+19
3.088255669900032819e+19 2.834019785182034330e+19 2.600522808660113408e+19 2.386080887558528205e+19 2.189248537361851597e+19 2.008572804430385562e+19 1.842810898138706125e+19 1.690752190761371443e+19 1.551294140521439642e+19 1.423396325318019891e+19 1.330721620104089395e+19 1.275905797441991066e+19
3.088255669900032819e+19 2.834019785182035149e+19 2.600522808660112589e+19 2.386080887558528205e+19 2.189248537361852416e+19 2.008572804430385562e+19 1.842810898138705920e+19 1.690752190761371034e+19 1.551294140521439642e+19 1.423396325318020301e+19 1.330721620104089600e+19 1.275905797441991270e+19
3.088255669900032410e+19 2.834019785182035558e+19 2.600522808660112589e+19 2.386080887558527386e+19 2.189248537361852416e+19 2.008572804430385971e+19 1.842810898138705920e+19 1.690752190761371034e+19 1.551294140521439642e+19 1.423396325318020096e+19 1.330721620104089600e+19 1.275905797441991680e+19
3.088255669900031181e+19 2.834019785182035968e+19 2.600522808660112589e+19 2.386080887558528614e+19 2.189248537361851597e+19 2.008572804430385971e+19 1.842810898138705715e+19 1.690752190761370624e+19 1.551294140521439642e+19 1.423396325318020096e+19 1.330721620104089600e+19 1.275905797441991680e+19
3.088255669900031590e+19 2.834019785182035558e+19 2.600522808660112179e+19 2.386080887558527386e+19 2.189248537361850778e+19 2.008572804430386790e+19 1.842810898138705510e+19 1.690752190761370624e+19 1.551294140521439642e+19 1.423396325318019891e+19 1.330721620104089600e+19 1.275905797441991475e+19
3.088255669900031590e+19 2.834019785182035149e+19 2.600522808660112589e+19 2.386080887558527386e+19 2.189248537361850778e+19 2.008572804430387200e+19 1.842810898138706125e+19 1.690752190761370829e+19 1.551294140521439846e+19 1.423396325318019891e+19 1.330721620104089395e+19 1.275905797441991475e+19
3.088255669900031181e+19 2.834019785182035558e+19 2.600522808660112589e+19 2.386080887558528614e+19 2.189248537361850368e+19 2.008572804430386790e+19 1.842810898138706330e+19 1.690752190761370829e+19 1.551294140521440051e+19 1.423396325318019891e+19 1.330721620104089600e+19 1.275905797441991475e+19
3.088255669900031181e+19 2.834019785182035968e+19 2.600522808660112589e+19 2.386080887558527795e+19 2.189248537361850368e+19 2.008572804430386381e+19 1.842810898138706330e+19 1.690752190761371034e+19 1.551294140521439846e+19 1.423396325318019891e+19 1.330721620104089600e+19 1.275905797441991680e+19
3.088255669900030362e+19 2.834019785182035968e+19 2.600522808660112179e+19 2.386080887558527795e+19 2.189248537361850778e+19 2.008572804430386381e+19 1.842810898138706125e+19 1.690752190761370829e+19 1.551294140521439846e+19 1.423396325318020096e+19 1.330721620104089600e+19 1.275905797441991680e+19
3.088255669900031181e+19 2.834019785182036378e+19 2.600522808660112998e+19 2.386080887558527795e+19 2.189248537361850778e+19 2.008572804430385971e+19 1.842810898138706125e+19 1.690752190761370419e+19 1.551294140521441280e+19 1.423396325318020096e+19 1.330721620104089805e+19 1.275905797441991680e+19
3.088255669900031181e+19 2.834019785182036787e+19 2.600522808660112179e+19 2.386080887558529024e+19 2.189248537361851187e+19 2.008572804430385971e+19 1.842810898138706125e+19 1.690752190761369805e+19 1.551294140521441894e+19 1.423396325318020096e+19 1.330721620104090010e+19 1.275905797441991475e+19
3.088255669900032000e+19 2.834019785182036787e+19 2.600522808660112179e+19 2.386080887558529024e+19 2.189248537361851187e+19 2.008572804430386381e+19 1.842810898138706534e+19 1.690752190761370010e+19 1.551294140521441894e+19 1.423396325318020096e+19 1.330721620104090010e+19 1.275905797441991270e+19
3.088255669900032819e+19 2.834019785182036378e+19 2.600522808660112179e+19 2.386080887558528614e+19 2.189248537361851187e+19 2.008572804430387610e+19 1.842810898138706944e+19 1.690752190761370010e+19 1.551294140521441894e+19 1.423396325318020096e+19 1.330721620104090214e+19 1.275905797441992704e+19
3.088255669900033229e+19 2.834019785182036787e+19 2.600522808660111770e+19 2.386080887558528205e+19 2.189248537361852006e+19 2.008572804430387610e+19 1.842810898138707149e+19 1.690752190761370010e+19 1.551294140521441894e+19 1.423396325318020301e+19 1.330721620104089805e+19 1.275905797441992294e+19
3.088255669900032410e+19 2.834019785182037606e+19 2.600522808660111360e+19 2.386080887558529024e+19 2.189248537361852416e+19 2.008572804430387200e+19 1.842810898138706944e+19 1.690752190761369805e+19 1.551294140521441690e+19 1.423396325318020301e+19 1.330721620104089805e+19 1.275905797441992294e+19
3.088255669900032819e+19 2.834019785182037606e+19 2.600522808660111770e+19 2.386080887558529434e+19 2.189248537361852006e+19 2.008572804430388019e+19 1.842810898138706944e+19 1.690752190761369600e+19 1.551294140521442099e+19 1.423396325318020301e+19 1.330721620104090010e+19 1.275905797441992294e+19
3.088255669900031181e+19 2.834019785182038016e+19 2.600522808660111360e+19 2.386080887558529024e+19 2.189248537361851597e+19 2.008572804430387200e+19 1.842810898138706739e+19 1.690752190761369600e+19 1.551294140521442509e+19 1.423396325318021120e+19 1.330721620104090214e+19 1.275905797441992090e+19
3.088255669900031181e+19 2.834019785182038426e+19 2.600522808660112589e+19 2.386080887558528614e+19 2.189248537361851187e+19 2.008572804430388019e+19 1.842810898138706739e+19 1.690752190761370010e+19 1.551294140521442714e+19 1.423396325318020915e+19 1.330721620104090010e+19 1.275905797441992499e+19
3.088255669900030771e+19 2.834019785182039245e+19 2.600522808660112589e+19 2.386080887558528205e+19 2.189248537361852416e+19 2.008572804430387610e+19 1.842810898138707354e+19 1.690752190761369805e+19 1.551294140521442509e+19 1.423396325318021120e+19 1.330721620104090214e+19 1.275905797441992704e+19
3.088255669900031181e+19 2.834019785182038835e+19 2.600522808660112179e+19 2.386080887558528614e+19 2.189248537361852416e+19 2.008572804430388019e+19 1.842810898138707558e+19 1.690752190761370214e+19 1.551294140521442509e+19 1.423396325318021325e+19 1.330721620104090214e+19 1.275905797441992909e+19
3.088255669900030362e+19 2.834019785182038835e+19 2.600522808660111770e+19 2.386080887558528205e+19 2.189248537361851597e+19 2.008572804430388019e+19 1.842810898138707558e+19 1.690752190761370214e+19 1.551294140521442714e+19 1.423396325318021325e+19 1.330721620104090214e+19 1.275905797441993114e+19
3.088255669900029952e+19 2.834019785182039654e+19 2.600522808660111770e+19 2.386080887558528205e+19 2.189248537361850778e+19 2.008572804430388019e+19 1.842810898138707968e+19 1.690752190761370419e+19 1.551294140521442714e+19 1.423396325318021325e+19 1.330721620104090214e+19 1.275905797441993114e+19
3.088255669900029133e+19 2.834019785182039245e+19 2.600522808660112179e+19 2.386080887558527795e+19 2.189248537361852006e+19 2.008572804430387610e+19 1.842810898138707558e+19 1.690752190761370214e+19 1.551294140521442714e+19 1.423396325318021325e+19 1.330721620104090010e+19 1.275905797441993114e+19
3.088255669900029542e+19 2.834019785182039245e+19 2.600522808660112179e+19 2.386080887558528205e+19 2.189248537361852006e+19 2.008572804430388429e+19 1.842810898138707763e+19 1.690752190761370419e+19 1.551294140521442509e+19 1.423396325318020915e+19 1.330721620104090010e+19 1.275905797441993523e+19
3.088255669900029952e+19 2.834019785182039654e+19 2.600522808660110950e+19 2.386080887558528614e+19 2.189248537361852416e+19 2.008572804430388429e+19 1.842810898138707968e+19 1.690752190761370829e+19 1.551294140521442509e+19 1.423396325318021120e+19 1.330721620104091443e+19 1.275905797441993523e+19
3.088255669900030362e+19 2.834019785182040064e+19 2.600522808660110541e+19 2.386080887558529024e+19 2.189248537361852006e+19 2.008572804430389248e+19 1.842810898138707968e+19 1.690752190761371238e+19 1.551294140521442509e+19 1.423396325318021120e+19 1.330721620104090829e+19 1.275905797441993523e+19
3.088255669900030362e+19 2.834019785182039654e+19 2.600522808660110950e+19 2.386080887558530253e+19 2.189248537361852416e+19 2.008572804430389658e+19 1.842810898138707763e+19 1.690752190761371443e+19 1.551294140521442304e+19 1.423396325318021120e+19 1.330721620104091034e+19 1.275905797441993728e+19
3.088255669900029952e+19 2.834019785182038835e+19 2.600522808660110950e+19 2.386080887558529843e+19 2.189248537361852006e+19 2.008572804430389658e+19 1.842810898138707763e+19 1.690752190761371443e+19 1.551294140521442304e+19 1.423396325318020915e+19 1.330721620104090419e+19 1.275905797441993523e+19
3.088255669900029952e+19 2.834019785182039245e+19 2.600522808660110541e+19 2.386080887558529843e+19 2.189248537361852416e+19 2.008572804430388429e+19 1.842810898138707968e+19 1.690752190761371034e+19 1.551294140521442304e+19 1.423396325318021120e+19 1.330721620104090624e+19 1.275905797441993728e+19
3.088255669900029542e+19 2.834019785182039245e+19 2.600522808660110541e+19 2.386080887558529843e+19 2.189248537361853235e+19 2.008572804430388019e+19 1.842810898138708173e+19 1.690752190761370419e+19 1.551294140521442099e+19 1.423396325318021120e+19 1.330721620104090829e+19 1.275905797441994138e+19
3.088255669900030362e+19 2.834019785182040064e+19 2.600522808660110541e+19 2.386080887558530253e+19 2.189248537361853645e+19 2.008572804430388429e+19 1.842810898138708582e+19 1.690752190761370624e+19 1.551294140521441690e+19 1.423396325318021120e+19 1.330721620104090829e+19 1.275905797441993933e+19
3.088255669900029542e+19 2.834019785182039654e+19 2.600522808660111770e+19 2.386080887558529434e+19 2.189248537361853235e+19 2.008572804430388019e+19 1.842810898138708378e+19 1.690752190761371238e+19 1.551294140521441280e+19 1.423396325318021120e+19 1.330721620104090829e+19 1.275905797441994138e+19
3.088255669900029952e+19 2.834019785182039245e+19 2.600522808660111360e+19 2.386080887558529434e+19 2.189248537361854054e+19 2.008572804430388019e+19 1.842810898138708992e+19 1.690752190761371443e+19 1.551294140521442099e+19 1.423396325318021120e+19 1.330721620104090829e+19 1.275905797441994342e+19
3.088255669900030362e+19 2.834019785182038835e+19 2.600522808660112179e+19 2.386080887558529434e+19 2.189248537361853645e+19 2.008572804430388838e+19 1.842810898138709402e+19 1.690752190761371648e+19 1.551294140521441894e+19 1.423396325318021120e+19 1.330721620104090829e+19 1.275905797441994957e+19
3.088255669900030362e+19 2.834019785182038016e+19 2.600522808660112998e+19 2.386080887558528614e+19 2.189248537361853235e+19 2.008572804430388429e+19 1.842810898138709811e+19 1.690752190761371853e+19 1.551294140521441690e+19 1.423396325318020915e+19 1.330721620104090829e+19 1.275905797441995366e+19
3.088255669900029952e+19 2.834019785182037606e+19 2.600522808660112589e+19 2.386080887558527386e+19 2.189248537361853645e+19 2.008572804430388429e+19 1.842810898138709402e+19 1.690752190761372262e+19 1.551294140521441894e+19 1.423396325318020915e+19 1.330721620104090829e+19 1.275905797441995571e+19
3.088255669900029952e+19 2.834019785182037197e+19 2.600522808660111770e+19 2.386080887558526976e+19 2.189248537361853235e+19 2.008572804430388429e+19 1.842810898138708787e+19 1.690752190761372262e+19 1.551294140521441894e+19 1.423396325318020710e+19 1.330721620104090829e+19 1.275905797441995776e+19
3.088255669900029542e+19 2.834019785182037606e+19 2.600522808660111360e+19 2.386080887558526566e+19 2.189248537361854054e+19 2.008572804430388838e+19 1.842810898138708787e+19 1.690752190761372467e+19 1.551294140521441894e+19 1.423396325318020506e+19 1.330721620104091034e+19 1.275905797441995776e+19
3.088255669900029542e+19 2.834019785182038835e+19 2.600522808660111360e+19 2.386080887558526157e+19 2.189248537361854054e+19 2.008572804430388838e+19 1.842810898138708787e+19 1.690752190761372672e+19 1.551294140521441690e+19 1.423396325318020710e+19 1.330721620104091034e+19 1.275905797441995981e+19
3.088255669900029133e+19 2.834019785182038016e+19 2.600522808660110950e+19 2.386080887558526157e+19 2.189248537361854874e+19 2.008572804430389248e+19 1.842810898138709197e+19 1.690752190761373082e+19 1.551294140521441894e+19 1.423396325318020710e+19 1.330721620104090829e+19 1.275905797441996186e+19
3.088255669900030771e+19 2.834019785182038426e+19 2.600522808660110950e+19 2.386080887558526976e+19 2.189248537361854464e+19 2.008572804430388429e+19 1.842810898138708992e+19 1.690752190761372877e+19 1.551294140521442099e+19 1.423396325318020710e+19 1.330721620104090829e+19 1.275905797441996390e+19
3.088255669900031590e+19 2.834019785182038426e+19 2.600522808660110541e+19 2.386080887558526976e+19 2.189248537361853645e+19 2.008572804430388019e+19 1.842810898138708992e+19 1.690752190761372877e+19 1.551294140521441894e+19 1.423396325318021120e+19 1.330721620104091034e+19 1.275905797441996595e+19
3.088255669900030362e+19 2.834019785182038426e+19 2.600522808660110131e+19 2.386080887558526976e+19 2.189248537361853235e+19 2.008572804430388019e+19 1.842810898138708787e+19 1.690752190761372877e+19 1.551294140521441690e+19 1.423396325318021734e+19 1.330721620104091238e+19 1.275905797441996390e+19
3.088255669900029952e+19 2.834019785182038426e+19 2.600522808660110131e+19 2.386080887558526976e+19 2.189248537361853645e+19 2.008572804430388429e+19 1.842810898138708787e+19 1.690752190761373082e+19 1.551294140521441690e+19 1.423396325318021939e+19 1.330721620104091034e+19 1.275905797441996186e+19
3.088255669900029952e+19 2.834019785182038426e+19 2.600522808660109722e+19 2.386080887558526976e+19 2.189248537361853235e+19 2.008572804430388429e+19 1.842810898138709197e+19 1.690752190761372877e+19 1.551294140521441894e+19 1.423396325318022144e+19 1.330721620104091034e+19 1.275905797441996186e+19
3.088255669900029952e+19 2.834019785182039245e+19 2.600522808660109722e+19 2.386080887558526976e+19 2.189248537361853645e+19 2.008572804430388019e+19 1.842810898138709197e+19 1.690752190761372672e+19 1.551294140521441894e+19 1.423396325318021939e+19 1.330721620104090829e+19 1.275905797441995981e+19
3.088255669900030771e+19 2.834019785182038835e+19 2.600522808660110131e+19 2.386080887558527795e+19 2.189248537361853645e+19 2.008572804430387200e+19 1.842810898138709402e+19 1.690752190761372877e+19 1.551294140521441894e+19 1.423396325318022144e+19 1.330721620104090624e+19 1.275905797441995571e+19
3.088255669900030771e+19 2.834019785182039654e+19 2.600522808660110950e+19 2.386080887558528205e+19 2.189248537361853645e+19 2.008572804430386381e+19 1.842810898138709402e+19 1.690752190761372672e+19 1.551294140521441690e+19 1.423396325318021939e+19 1.330721620104090624e+19 1.275905797441995571e+19
3.088255669900030771e+19 2.834019785182040064e+19 2.600522808660111360e+19 2.386080887558528205e+19 2.189248537361853645e+19 2.008572804430385971e+19 1.842810898138709197e+19 1.690752190761372467e+19 1.551294140521441690e+19 1.423396325318021734e+19 1.330721620104090624e+19 1.275905797441995776e+19
3.088255669900031590e+19 2.834019785182041702e+19 2.600522808660110950e+19 2.386080887558529024e+19 2.189248537361853235e+19 2.008572804430385562e+19 1.842810898138709197e+19 1.690752190761372467e+19 1.551294140521441075e+19 1.423396325318021734e+19 1.330721620104090624e+19 1.275905797441995981e+19
3.088255669900032819e+19 2.834019785182040883e+19 2.600522808660111360e+19 2.386080887558528205e+19 2.189248537361853235e+19 2.008572804430384742e+19 1.842810898138709402e+19 1.690752190761372467e+19 1.551294140521441485e+19 1.423396325318021939e+19 1.330721620104090829e+19 1.275905797441995776e+19
3.088255669900032819e+19 2.834019785182040883e+19 2.600522808660110541e+19 2.386080887558527386e+19 2.189248537361852416e+19 2.008572804430384333e+19 1.842810898138708787e+19 1.690752190761372672e+19 1.551294140521441280e+19 1.423396325318021734e+19 1.330721620104091034e+19 1.275905797441995776e+19
3.088255669900032410e+19 2.834019785182040883e+19 2.600522808660110131e+19 2.386080887558527795e+19 2.189248537361851597e+19 2.008572804430383923e+19 1.842810898138708787e+19 1.690752190761372877e+19 1.551294140521441690e+19 1.423396325318022144e+19 1.330721620104091034e+19 1.275905797441994957e+19
3.088255669900032000e+19 2.834019785182042112e+19 2.600522808660109312e+19 2.386080887558528614e+19 2.189248537361852416e+19 2.008572804430384742e+19 1.842810898138708787e+19 1.690752190761372877e+19 1.551294140521441690e+19 1.423396325318021939e+19 1.330721620104090829e+19 1.275905797441995162e+19
3.088255669900031181e+19 2.834019785182041702e+19 2.600522808660109722e+19 2.386080887558529024e+19 2.189248537361852826e+19 2.008572804430383923e+19 1.842810898138708992e+19 1.690752190761372877e+19 1.551294140521441690e+19 1.423396325318021939e+19 1.330721620104090829e+19 1.275905797441995162e+19
3.088255669900031590e+19 2.834019785182041702e+19 2.600522808660110131e+19 2.386080887558529024e+19 2.189248537361852006e+19 2.008572804430384333e+19 1.842810898138708787e+19 1.690752190761372877e+19 1.551294140521442099e+19 1.423396325318021939e+19 1.330721620104091034e+19 1.275905797441995162e+19
3.088255669900032000e+19 2.834019785182041702e+19 2.600522808660110950e+19 2.386080887558528614e+19 2.189248537361852826e+19 2.008572804430384742e+19 1.842810898138709197e+19 1.690752190761372877e+19 1.551294140521441894e+19 1.423396325318021939e+19 1.330721620104091034e+19 1.275905797441995162e+19
3.088255669900031590e+19 2.834019785182040474e+19 2.600522808660111360e+19 2.386080887558529843e+19 2.189248537361852826e+19 2.008572804430385152e+19 1.842810898138709197e+19 1.690752190761372262e+19 1.551294140521441894e+19 1.423396325318021939e+19 1.330721620104091034e+19 1.275905797441994547e+19
3.088255669900032819e+19 2.834019785182040474e+19 2.600522808660111770e+19 2.386080887558530253e+19 2.189248537361852416e+19 2.008572804430384742e+19 1.842810898138709197e+19 1.690752190761372877e+19 1.551294140521442099e+19 1.423396325318021939e+19 1.330721620104091238e+19 1.275905797441994752e+19
3.088255669900033229e+19 2.834019785182041702e+19 2.600522808660112998e+19 2.386080887558529843e+19 2.189248537361852416e+19 2.008572804430384742e+19 1.842810898138709197e+19 1.690752190761372877e+19 1.551294140521442304e+19 1.423396325318021939e+19 1.330721620104091443e+19 1.275905797441994752e+19
3.088255669900033638e+19 2.834019785182042112e+19 2.600522808660112998e+19 2.386080887558530253e+19 2.189248537361851597e+19 2.008572804430385152e+19 1.842810898138709197e+19 1.690752190761373286e+19 1.551294140521442304e+19 1.423396325318022144e+19 1.330721620104091238e+19 1.275905797441994752e+19
3.088255669900034867e+19 2.834019785182042522e+19 2.600522808660112998e+19 2.386080887558529843e+19 2.189248537361852416e+19 2.008572804430385152e+19 1.842810898138709402e+19 1.690752190761372877e+19 1.551294140521442304e+19 1.423396325318022144e+19 1.330721620104091648e+19 1.275905797441994342e+19
3.088255669900034458e+19 2.834019785182042522e+19 2.600522808660113818e+19 2.386080887558529843e+19 2.189248537361852416e+19 2.008572804430385971e+19 1.842810898138709402e+19 1.690752190761372672e+19 1.551294140521442304e+19 1.423396325318022144e+19 1.330721620104091648e+19 1.275905797441994342e+19
3.088255669900034867e+19 2.834019785182043341e+19 2.600522808660113408e+19 2.386080887558530253e+19 2.189248537361852006e+19 2.008572804430385562e+19 1.842810898138709606e+19 1.690752190761372672e+19 1.551294140521442099e+19 1.423396325318021939e+19 1.330721620104091853e+19 1.275905797441994547e+19
3.088255669900035686e+19 2.834019785182043750e+19 2.600522808660114227e+19 2.386080887558530253e+19 2.189248537361852416e+19 2.008572804430385562e+19 1.842810898138709811e+19 1.690752190761372672e+19 1.551294140521442099e+19 1.423396325318021939e+19 1.330721620104091648e+19 1.275905797441994138e+19
3.088255669900035277e+19 2.834019785182044160e+19 2.600522808660113818e+19 2.386080887558529434e+19 2.189248537361853235e+19 2.008572804430386790e+19 1.842810898138709402e+19 1.690752190761372877e+19 1.551294140521442099e+19 1.423396325318022144e+19 1.330721620104091648e+19 1.275905797441994138e+19
3.088255669900034458e+19 2.834019785182044160e+19 2.600522808660112998e+19 2.386080887558530253e+19 2.189248537361852826e+19 2.008572804430385971e+19 1.842810898138709197e+19 1.690752190761372877e+19 1.551294140521442304e+19 1.423396325318022349e+19 1.330721620104091443e+19 1.275905797441994547e+19
3.088255669900035277e+19 2.834019785182044160e+19 2.600522808660113408e+19 2.386080887558530253e+19 2.189248537361852826e+19 2.008572804430385971e+19 1.842810898138709197e+19 1.690752190761372877e+19 1.551294140521442099e+19 1.423396325318022349e+19 1.330721620104091443e+19 1.275905797441994342e+19
3.088255669900036096e+19 2.834019785182043750e+19 2.600522808660112179e+19 2.386080887558530253e+19 2.189248537361853235e+19 2.008572804430385562e+19 1.842810898138708787e+19 1.690752190761372672e+19 1.551294140521442304e+19 1.423396325318022349e+19 1.330721620104091443e+19 1.275905797441994138e+19
3.088255669900035277e+19 2.834019785182044160e+19 2.600522808660112589e+19 2.386080887558530253e+19 2.189248537361853235e+19 2.008572804430385971e+19 1.842810898138708992e+19 1.690752190761372262e+19 1.551294140521442304e+19 1.423396325318022554e+19 1.330721620104091443e+19 1.275905797441994138e+19
3.088255669900034458e+19 2.834019785182043750e+19 2.600522808660111770e+19 2.386080887558530662e+19 2.189248537361852826e+19 2.008572804430386381e+19 1.842810898138708378e+19 1.690752190761372058e+19 1.551294140521442304e+19 1.423396325318022554e+19 1.330721620104091648e+19 1.275905797441993523e+19
3.088255669900034458e+19 2.834019785182044160e+19 2.600522808660111770e+19 2.386080887558529024e+19 2.189248537361852826e+19 2.008572804430386381e+19 1.842810898138708378e+19 1.690752190761372058e+19 1.551294140521442304e+19 1.423396325318022554e+19 1.330721620104091648e+19 1.275905797441993933e+19
3.088255669900034048e+19 2.834019785182043750e+19 2.600522808660110950e+19 2.386080887558529024e+19 2.189248537361852416e+19 2.008572804430386790e+19 1.842810898138708582e+19 1.690752190761371853e+19 1.551294140521441894e+19 1.423396325318022758e+19 1.330721620104091853e+19 1.275905797441993523e+19
3.088255669900034458e+19 2.834019785182042522e+19 2.600522808660112179e+19 2.386080887558529843e+19 2.189248537361852416e+19 2.008572804430387200e+19 1.842810898138708378e+19 1.690752190761372058e+19 1.551294140521442099e+19 1.423396325318022963e+19 1.330721620104091853e+19 1.275905797441993523e+19
3.088255669900034048e+19 2.834019785182042522e+19 2.600522808660111360e+19 2.386080887558529843e+19 2.189248537361852826e+19 2.008572804430385971e+19 1.842810898138708582e+19 1.690752190761372262e+19 1.551294140521442099e+19 1.423396325318022758e+19 1.330721620104091648e+19 1.275905797441992909e+19
3.088255669900034867e+19 2.834019785182043341e+19 2.600522808660111770e+19 2.386080887558529843e+19 2.189248537361853235e+19 2.008572804430386381e+19 1.842810898138708582e+19 1.690752190761372467e+19 1.551294140521442304e+19 1.423396325318022349e+19 1.330721620104091853e+19 1.275905797441992909e+19
3.088255669900034867e+19 2.834019785182043750e+19 2.600522808660112179e+19 2.386080887558529843e+19 2.189248537361853235e+19 2.008572804430386790e+19 1.842810898138708582e+19 1.690752190761372262e+19 1.551294140521442304e+19 1.423396325318022349e+19 1.330721620104091443e+19 1.275905797441992704e+19
3.088255669900034458e+19 2.834019785182044570e+19 2.600522808660111770e+19 2.386080887558529843e+19 2.189248537361853235e+19 2.008572804430387200e+19 1.842810898138708173e+19 1.690752190761372672e+19 1.551294140521442304e+19 1.423396325318022554e+19 1.330721620104093286e+19 1.275905797441992704e+19
3.088255669900035277e+19 2.834019785182043750e+19 2.600522808660112998e+19 2.386080887558530253e+19 2.189248537361852826e+19 2.008572804430387610e+19 1.842810898138708173e+19 1.690752190761372467e+19 1.551294140521442099e+19 1.423396325318022758e+19 1.330721620104093696e+19 1.275905797441992090e+19
3.088255669900035277e+19 2.834019785182042931e+19 2.600522808660112589e+19 2.386080887558530662e+19 2.189248537361852416e+19 2.008572804430386790e+19 1.842810898138708378e+19 1.690752190761372262e+19 1.551294140521441690e+19 1.423396325318021120e+19 1.330721620104093696e+19 1.275905797441991680e+19
3.088255669900035686e+19 2.834019785182042931e+19 2.600522808660113818e+19 2.386080887558530253e+19 2.189248537361852826e+19 2.008572804430385971e+19 1.842810898138708378e+19 1.690752190761372262e+19 1.551294140521442099e+19 1.423396325318020710e+19 1.330721620104093286e+19 1.275905797441991475e+19
3.088255669900036915e+19 2.834019785182042931e+19 2.600522808660112998e+19 2.386080887558530662e+19 2.189248537361853645e+19 2.008572804430386381e+19 1.842810898138708582e+19 1.690752190761372467e+19 1.551294140521441894e+19 1.423396325318020915e+19 1.330721620104093696e+19 1.275905797441991066e+19
3.088255669900036506e+19 2.834019785182043341e+19 2.600522808660114637e+19 2.386080887558531072e+19 2.189248537361854054e+19 2.008572804430385971e+19 1.842810898138708582e+19 1.690752190761372467e+19 1.551294140521441690e+19 1.423396325318021120e+19 1.330721620104093696e+19 1.275905797441991066e+19
3.088255669900037734e+19 2.834019785182043750e+19 2.600522808660115456e+19 2.386080887558530662e+19 2.189248537361853645e+19 2.008572804430385562e+19 1.842810898138709197e+19 1.690752190761372672e+19 1.551294140521441690e+19 1.423396325318021120e+19 1.330721620104093696e+19 1.275905797441990656e+19
3.088255669900038144e+19 2.834019785182042522e+19 2.600522808660116275e+19 2.386080887558530662e+19 2.189248537361854054e+19 2.008572804430384742e+19 1.842810898138708992e+19 1.690752190761373286e+19 1.551294140521441690e+19 1.423396325318021120e+19 1.330721620104093696e+19 1.275905797441990861e+19
3.088255669900038144e+19 2.834019785182042522e+19 2.600522808660115456e+19 2.386080887558530253e+19 2.189248537361854054e+19 2.008572804430385152e+19 1.842810898138709197e+19 1.690752190761373491e+19 1.551294140521441894e+19 1.423396325318020915e+19 1.330721620104093901e+19 1.275905797441990861e+19
3.088255669900037734e+19 2.834019785182042522e+19 2.600522808660115046e+19 2.386080887558529434e+19 2.189248537361853645e+19 2.008572804430384333e+19 1.842810898138709402e+19 1.690752190761373696e+19 1.551294140521442099e+19 1.423396325318020506e+19 1.330721620104093696e+19 1.275905797441990451e+19
3.088255669900037325e+19 2.834019785182043750e+19 2.600522808660114637e+19 2.386080887558528614e+19 2.189248537361854874e+19 2.008572804430384333e+19 1.842810898138709811e+19 1.690752190761373491e+19 1.551294140521442099e+19 1.423396325318020506e+19 1.330721620104093696e+19 1.275905797441990246e+19
3.088255669900036915e+19 2.834019785182043341e+19 2.600522808660114637e+19 2.386080887558529024e+19 2.189248537361855693e+19 2.008572804430383104e+19 1.842810898138710016e+19 1.690752190761373696e+19 1.551294140521441894e+19 1.423396325318020710e+19 1.330721620104093491e+19 1.275905797441990042e+19
3.088255669900036096e+19 2.834019785182042931e+19 2.600522808660115046e+19 2.386080887558529434e+19 2.189248537361854874e+19 2.008572804430382694e+19 1.842810898138709606e+19 1.690752190761373696e+19 1.551294140521441894e+19 1.423396325318020710e+19 1.330721620104093696e+19 1.275905797441989632e+19
3.088255669900036506e+19 2.834019785182043750e+19 2.600522808660115046e+19 2.386080887558529434e+19 2.189248537361855693e+19 2.008572804430383514e+19 1.842810898138709197e+19 1.690752190761373696e+19 1.551294140521441690e+19 1.423396325318020710e+19 1.330721620104093696e+19 1.275905797441990042e+19
3.088255669900036915e+19 2.834019785182044979e+19 2.600522808660115046e+19 2.386080887558528614e+19 2.189248537361856512e+19 2.008572804430383104e+19 1.842810898138708582e+19 1.690752190761373491e+19 1.551294140521441690e+19 1.423396325318020506e+19 1.330721620104093696e+19 1.275905797441990246e+19
3.088255669900036915e+19 2.834019785182045389e+19 2.600522808660115866e+19 2.386080887558528205e+19 2.189248537361856512e+19 2.008572804430383104e+19 1.842810898138708582e+19 1.690752190761373286e+19 1.551294140521441690e+19 1.423396325318020506e+19 1.330721620104093696e+19 1.275905797441990451e+19
3.088255669900037734e+19 2.834019785182045389e+19 2.600522808660115046e+19 2.386080887558528614e+19 2.189248537361855283e+19 2.008572804430383514e+19 1.842810898138708787e+19 1.690752190761373491e+19 1.551294140521441690e+19 1.423396325318020301e+19 1.330721620104093696e+19 1.275905797441990656e+19
3.088255669900038554e+19 2.834019785182044570e+19 2.600522808660115456e+19 2.386080887558528614e+19 2.189248537361855283e+19 2.008572804430383104e+19 1.842810898138708992e+19 1.690752190761373491e+19 1.551294140521441485e+19 1.423396325318020301e+19 1.330721620104093901e+19 1.275905797441990861e+19
3.088255669900038554e+19 2.834019785182044570e+19 2.600522808660115866e+19 2.386080887558527795e+19 2.189248537361854464e+19 2.008572804430383104e+19 1.842810898138708992e+19 1.690752190761373491e+19 1.551294140521441485e+19 1.423396325318020506e+19 1.330721620104093901e+19 1.275905797441990656e+19
3.088255669900038963e+19 2.834019785182044570e+19 2.600522808660116685e+19 2.386080887558528205e+19 2.189248537361854054e+19 2.008572804430383104e+19 1.842810898138708787e+19 1.690752190761373491e+19 1.551294140521441690e+19 1.423396325318020506e+19 1.330721620104094106e+19 1.275905797441990861e+19
3.088255669900038963e+19 2.834019785182044570e+19 2.600522808660116275e+19 2.386080887558529024e+19 2.189248537361854464e+19 2.008572804430383104e+19 1.842810898138708378e+19 1.690752190761373491e+19 1.551294140521441485e+19 1.423396325318020301e+19 1.330721620104094106e+19 1.275905797441990861e+19
3.088255669900039782e+19 2.834019785182044570e+19 2.600522808660115866e+19 2.386080887558528614e+19 2.189248537361853235e+19 2.008572804430383923e+19 1.842810898138708787e+19 1.690752190761373491e+19 1.551294140521441280e+19 1.423396325318020096e+19 1.330721620104094310e+19 1.275905797441990861e+19
3.088255669900039373e+19 2.834019785182044160e+19 2.600522808660115866e+19 2.386080887558527795e+19 2.189248537361853235e+19 2.008572804430383923e+19 1.842810898138708787e+19 1.690752190761373491e+19 1.551294140521441280e+19 1.423396325318020301e+19 1.330721620104094515e+19 1.275905797441991066e+19
3.088255669900039373e+19 2.834019785182043341e+19 2.600522808660116275e+19 2.386080887558527795e+19 2.189248537361853235e+19 2.008572804430383923e+19 1.842810898138708582e+19 1.690752190761373491e+19 1.551294140521441485e+19 1.423396325318020096e+19 1.330721620104094310e+19 1.275905797441990656e+19
3.088255669900039782e+19 2.834019785182042522e+19 2.600522808660116275e+19 2.386080887558528614e+19 2.189248537361853645e+19 2.008572804430383514e+19 1.842810898138708582e+19 1.690752190761373286e+19 1.551294140521441485e+19 1.423396325318020096e+19 1.330721620104094310e+19 1.275905797441990861e+19
3.088255669900039373e+19 2.834019785182042522e+19 2.600522808660116275e+19 2.386080887558527386e+19 2.189248537361853235e+19 2.008572804430383514e+19 1.842810898138708582e+19 1.690752190761373082e+19 1.551294140521441690e+19 1.423396325318020301e+19 1.330721620104094515e+19 1.275905797441991066e+19
3.088255669900040192e+19 2.834019785182043750e+19 2.600522808660116275e+19 2.386080887558528614e+19 2.189248537361852416e+19 2.008572804430383923e+19 1.842810898138708787e+19 1.690752190761373082e+19 1.551294140521440051e+19 1.423396325318020301e+19 1.330721620104094310e+19 1.275905797441990861e+19
3.088255669900039782e+19 2.834019785182042522e+19 2.600522808660115866e+19 2.386080887558529024e+19 2.189248537361852826e+19 2.008572804430384333e+19 1.842810898138708787e+19 1.690752190761373286e+19 1.551294140521439846e+19 1.423396325318020506e+19 1.330721620104094720e+19 1.275905797441991066e+19
3.088255669900040192e+19 2.834019785182042931e+19 2.600522808660115866e+19 2.386080887558528614e+19 2.189248537361853235e+19 2.008572804430384742e+19 1.842810898138708787e+19 1.690752190761373286e+19 1.551294140521440256e+19 1.423396325318020506e+19 1.330721620104094720e+19 1.275905797441991270e+19
3.088255669900039782e+19 2.834019785182043750e+19 2.600522808660117504e+19 2.386080887558527795e+19 2.189248537361853645e+19 2.008572804430385152e+19 1.842810898138709402e+19 1.690752190761373286e+19 1.551294140521441280e+19 1.423396325318020506e+19 1.330721620104095130e+19 1.275905797441991066e+19
3.088255669900040602e+19 2.834019785182044570e+19 2.600522808660117504e+19 2.386080887558527795e+19 2.189248537361852826e+19 2.008572804430385152e+19 1.842810898138709197e+19 1.690752190761373082e+19 1.551294140521442099e+19 1.423396325318020506e+19 1.330721620104094925e+19 1.275905797441991066e+19
3.088255669900040602e+19 2.834019785182044160e+19 2.600522808660117504e+19 2.386080887558527795e+19 2.189248537361852826e+19 2.008572804430385562e+19 1.842810898138709197e+19 1.690752190761372877e+19 1.551294140521442509e+19 1.423396325318020915e+19 1.330721620104095334e+19 1.275905797441991270e+19
3.088255669900040602e+19 2.834019785182044160e+19 2.600522808660117914e+19 2.386080887558528205e+19 2.189248537361852826e+19 2.008572804430385562e+19 1.842810898138708992e+19 1.690752190761373082e+19 1.551294140521442099e+19 1.423396325318020915e+19 1.330721620104095744e+19 1.275905797441991066e+19
3.088255669900040192e+19 2.834019785182042522e+19 2.600522808660118323e+19 2.386080887558528205e+19 2.189248537361852006e+19 2.008572804430386381e+19 1.842810898138709197e+19 1.690752190761372877e+19 1.551294140521441690e+19 1.423396325318020915e+19 1.330721620104095744e+19 1.275905797441990861e+19
3.088255669900039782e+19 2.834019785182042112e+19 2.600522808660118323e+19 2.386080887558528614e+19 2.189248537361852416e+19 2.008572804430385971e+19 1.842810898138709402e+19 1.690752190761372877e+19 1.551294140521441894e+19 1.423396325318020915e+19 1.330721620104095949e+19 1.275905797441990861e+19
3.088255669900039373e+19 2.834019785182042522e+19 2.600522808660119142e+19 2.386080887558529024e+19 2.189248537361852826e+19 2.008572804430386381e+19 1.842810898138708992e+19 1.690752190761372877e+19 1.551294140521441280e+19 1.423396325318020710e+19 1.330721620104095949e+19 1.275905797441990861e+19
3.088255669900039373e+19 2.834019785182042522e+19 2.600522808660119552e+19 2.386080887558528614e+19 2.189248537361853235e+19 2.008572804430385971e+19 1.842810898138708992e+19 1.690752190761373082e+19 1.551294140521441280e+19 1.423396325318020915e+19 1.330721620104095744e+19 1.275905797441990656e+19
3.088255669900038963e+19 2.834019785182042931e+19 2.600522808660119552e+19 2.386080887558529434e+19 2.189248537361853235e+19 2.008572804430385152e+19 1.842810898138709197e+19 1.690752190761373082e+19 1.551294140521441485e+19 1.423396325318020915e+19 1.330721620104095949e+19 1.275905797441989632e+19
3.088255669900038144e+19 2.834019785182043341e+19 2.600522808660119962e+19 2.386080887558530253e+19 2.189248537361854464e+19 2.008572804430385971e+19 1.842810898138709197e+19 1.690752190761373082e+19 1.551294140521441280e+19 1.423396325318020710e+19 1.330721620104095744e+19 1.275905797441989837e+19
3.088255669900038144e+19 2.834019785182043341e+19 2.600522808660119962e+19 2.386080887558529843e+19 2.189248537361854874e+19 2.008572804430385562e+19 1.842810898138708992e+19 1.690752190761373082e+19 1.551294140521441485e+19 1.423396325318020915e+19 1.330721620104095744e+19 1.275905797441989837e+19
3.088255669900037325e+19 2.834019785182043341e+19 2.600522808660119962e+19 2.386080887558529434e+19 2.189248537361854464e+19 2.008572804430386381e+19 1.842810898138709197e+19 1.690752190761373082e+19 1.551294140521441690e+19 1.423396325318020915e+19 1.330721620104095744e+19 1.275905797441990246e+19
3.088255669900037325e+19 2.834019785182043750e+19 2.600522808660119962e+19 2.386080887558529434e+19 2.189248537361854874e+19 2.008572804430386790e+19 1.842810898138709402e+19 1.690752190761373286e+19 1.551294140521442099e+19 1.423396325318020506e+19 1.330721620104095744e+19 1.275905797441990042e+19
3.088255669900037734e+19 2.834019785182043750e+19 2.600522808660119142e+19 2.386080887558528614e+19 2.189248537361854054e+19 2.008572804430387200e+19 1.842810898138708787e+19 1.690752190761373082e+19 1.551294140521442099e+19 1.423396325318020710e+19 1.330721620104095334e+19 1.275905797441990042e+19
3.088255669900037734e+19 2.834019785182042112e+19 2.600522808660119962e+19 2.386080887558528614e+19 2.189248537361854054e+19 2.008572804430387200e+19 1.842810898138709197e+19 1.690752190761373082e+19 1.551294140521441894e+19 1.423396325318020506e+19 1.330721620104095334e+19 1.275905797441990246e+19
3.088255669900038144e+19 2.834019785182042112e+19 2.600522808660119142e+19 2.386080887558527386e+19 2.189248537361854464e+19 2.008572804430386790e+19 1.842810898138709197e+19 1.690752190761373286e+19 1.551294140521441894e+19 1.423396325318020506e+19 1.330721620104095130e+19 1.275905797441989427e+19
3.088255669900038554e+19 2.834019785182042112e+19 2.600522808660118733e+19 2.386080887558527386e+19 2.189248537361855693e+19 2.008572804430387200e+19 1.842810898138708787e+19 1.690752190761373286e+19 1.551294140521441894e+19 1.423396325318020710e+19 1.330721620104095130e+19 1.275905797441989427e+19
3.088255669900038963e+19 2.834019785182042112e+19 2.600522808660118733e+19 2.386080887558527795e+19 2.189248537361856102e+19 2.008572804430386790e+19 1.842810898138708173e+19 1.690752190761372877e+19 1.551294140521441894e+19 1.423396325318020710e+19 1.330721620104095334e+19 1.275905797441989632e+19
3.088255669900038963e+19 2.834019785182042522e+19 2.600522808660118323e+19 2.386080887558527795e+19 2.189248537361856102e+19 2.008572804430386381e+19 1.842810898138708582e+19 1.690752190761372672e+19 1.551294140521441690e+19 1.423396325318020506e+19 1.330721620104095130e+19 1.275905797441989632e+19
3.088255669900038963e+19 2.834019785182042931e+19 2.600522808660117504e+19 2.386080887558526157e+19 2.189248537361856102e+19 2.008572804430387200e+19 1.842810898138708582e+19 1.690752190761372672e+19 1.551294140521441894e+19 1.423396325318020506e+19 1.330721620104095334e+19 1.275905797441989427e+19
3.088255669900038963e+19 2.834019785182044160e+19 2.600522808660117504e+19 2.386080887558526566e+19 2.189248537361855693e+19 2.008572804430386790e+19 1.842810898138708992e+19 1.690752190761372467e+19 1.551294140521441690e+19 1.423396325318020301e+19 1.330721620104095539e+19 1.275905797441989427e+19
3.088255669900039373e+19 2.834019785182043341e+19 2.600522808660117504e+19 2.386080887558526976e+19 2.189248537361855283e+19 2.008572804430386790e+19 1.842810898138709606e+19 1.690752190761372672e+19 1.551294140521441690e+19 1.423396325318020301e+19 1.330721620104095334e+19 1.275905797441989427e+19
3.088255669900039373e+19 2.834019785182043750e+19 2.600522808660118733e+19 2.386080887558526566e+19 2.189248537361856102e+19 2.008572804430386790e+19 1.842810898138709606e+19 1.690752190761372877e+19 1.551294140521441485e+19 1.423396325318020506e+19 1.330721620104095130e+19 1.275905797441989632e+19
3.088255669900039782e+19 2.834019785182043750e+19 2.600522808660118733e+19 2.386080887558526157e+19 2.189248537361856102e+19 2.008572804430387200e+19 1.842810898138709402e+19 1.690752190761372262e+19 1.551294140521441280e+19 1.423396325318020506e+19 1.330721620104095539e+19 1.275905797441989427e+19
3.088255669900038963e+19 2.834019785182043750e+19 2.600522808660118733e+19 2.386080887558526157e+19 2.189248537361854874e+19 2.008572804430387610e+19 1.842810898138708787e+19 1.690752190761372467e+19 1.551294140521441485e+19 1.423396325318020506e+19 1.330721620104095334e+19 1.275905797441989427e+19
3.088255669900040192e+19 2.834019785182043750e+19 2.600522808660118323e+19 2.386080887558526566e+19 2.189248537361854874e+19 2.008572804430387610e+19 1.842810898138708787e+19 1.690752190761372262e+19 1.551294140521441485e+19 1.423396325318020506e+19 1.330721620104095334e+19 1.275905797441989427e+19
3.088255669900038963e+19 2.834019785182043341e+19 2.600522808660118733e+19 2.386080887558526976e+19 2.189248537361856512e+19 2.008572804430388019e+19 1.842810898138708992e+19 1.690752190761372467e+19 1.551294140521441485e+19 1.423396325318020506e+19 1.330721620104095130e+19 1.275905797441989222e+19
3.088255669900038554e+19 2.834019785182043341e+19 2.600522808660117914e+19 2.386080887558526976e+19 2.189248537361856512e+19 2.008572804430388429e+19 1.842810898138708582e+19 1.690752190761372467e+19 1.551294140521441485e+19 1.423396325318020710e+19 1.330721620104094925e+19 1.275905797441989222e+19
3.088255669900038554e+19 2.834019785182044160e+19 2.600522808660117504e+19 2.386080887558527386e+19 2.189248537361857331e+19 2.008572804430388838e+19 1.842810898138708582e+19 1.690752190761372672e+19 1.551294140521441280e+19 1.423396325318020710e+19 1.330721620104094925e+19 1.275905797441989222e+19
3.088255669900038963e+19 2.834019785182043341e+19 2.600522808660117914e+19 2.386080887558527795e+19 2.189248537361856922e+19 2.008572804430389658e+19 1.842810898138708582e+19 1.690752190761372672e+19 1.551294140521441075e+19 1.423396325318020506e+19 1.330721620104094515e+19 1.275905797441989427e+19
3.088255669900039782e+19 2.834019785182042931e+19 2.600522808660117504e+19 2.386080887558527795e+19 2.189248537361856922e+19 2.008572804430389658e+19 1.842810898138708582e+19 1.690752190761372877e+19 1.551294140521441485e+19 1.423396325318020506e+19 1.330721620104094720e+19 1.275905797441989427e+19
3.088255669900039373e+19 2.834019785182043341e+19 2.600522808660118323e+19 2.386080887558529024e+19 2.189248537361857331e+19 2.008572804430389658e+19 1.842810898138708582e+19 1.690752190761372877e+19 1.551294140521441075e+19 1.423396325318020710e+19 1.330721620104094515e+19 1.275905797441989632e+19
3.088255669900038554e+19 2.834019785182042112e+19 2.600522808660118323e+19 2.386080887558529434e+19 2.189248537361857741e+19 2.008572804430390477e+19 1.842810898138709197e+19 1.690752190761373082e+19 1.551294140521441075e+19 1.423396325318020915e+19 1.330721620104095130e+19 1.275905797441989222e+19
3.088255669900038963e+19 2.834019785182040883e+19 2.600522808660118323e+19 2.386080887558529434e+19 2.189248537361858560e+19 2.008572804430390477e+19 1.842810898138708992e+19 1.690752190761373286e+19 1.551294140521440870e+19 1.423396325318021530e+19 1.330721620104095334e+19 1.275905797441988813e+19
3.088255669900037734e+19 2.834019785182040883e+19 2.600522808660117914e+19 2.386080887558529434e+19 2.189248537361858970e+19 2.008572804430391706e+19 1.842810898138708992e+19 1.690752190761373286e+19 1.551294140521441075e+19 1.423396325318021734e+19 1.330721620104094515e+19 1.275905797441988813e+19
3.088255669900038144e+19 2.834019785182040883e+19 2.600522808660117914e+19 2.386080887558529434e+19 2.189248537361858970e+19 2.008572804430392525e+19 1.842810898138709197e+19 1.690752190761373286e+19 1.551294140521441075e+19 1.423396325318021120e+19 1.330721620104093901e+19 1.275905797441989018e+19
3.088255669900036915e+19 2.834019785182039654e+19 2.600522808660117504e+19 2.386080887558529024e+19 2.189248537361858970e+19 2.008572804430390886e+19 1.842810898138708582e+19 1.690752190761373491e+19 1.551294140521440870e+19 1.423396325318021325e+19 1.330721620104094310e+19 1.275905797441988403e+19
3.088255669900036506e+19 2.834019785182040064e+19 2.600522808660117094e+19 2.386080887558528614e+19 2.189248537361859379e+19 2.008572804430391706e+19 1.842810898138708582e+19 1.690752190761372877e+19 1.551294140521440870e+19 1.423396325318020710e+19 1.330721620104094720e+19 1.275905797441988403e+19
3.088255669900036915e+19 2.834019785182039245e+19 2.600522808660116685e+19 2.386080887558529024e+19 2.189248537361859379e+19 2.008572804430392115e+19 1.842810898138708992e+19 1.690752190761373286e+19 1.551294140521440870e+19 1.423396325318022758e+19 1.330721620104094515e+19 1.275905797441988403e+19
3.088255669900036506e+19 2.834019785182039654e+19 2.600522808660117094e+19 2.386080887558529434e+19 2.189248537361858970e+19 2.008572804430392115e+19 1.842810898138708787e+19 1.690752190761373082e+19 1.551294140521441075e+19 1.423396325318022349e+19 1.330721620104094720e+19 1.275905797441988608e+19
3.088255669900036506e+19 2.834019785182038016e+19 2.600522808660116685e+19 2.386080887558529843e+19 2.189248537361858970e+19 2.008572804430392115e+19 1.842810898138708173e+19 1.690752190761373082e+19 1.551294140521440870e+19 1.423396325318022554e+19 1.330721620104094515e+19 1.275905797441989018e+19
3.088255669900036096e+19 2.834019785182038426e+19 2.600522808660116685e+19 2.386080887558529024e+19 2.189248537361860198e+19 2.008572804430391296e+19 1.842810898138708173e+19 1.690752190761373286e+19 1.551294140521441075e+19 1.423396325318022349e+19 1.330721620104094310e+19 1.275905797441988813e+19
3.088255669900036915e+19 2.834019785182038426e+19 2.600522808660116685e+19 2.386080887558529024e+19 2.189248537361860198e+19 2.008572804430390886e+19 1.842810898138708582e+19 1.690752190761373696e+19 1.551294140521441075e+19 1.423396325318022349e+19 1.330721620104094310e+19 1.275905797441989018e+19
3.088255669900036915e+19 2.834019785182038016e+19 2.600522808660117094e+19 2.386080887558530662e+19 2.189248537361861018e+19 2.008572804430390886e+19 1.842810898138708173e+19 1.690752190761373491e+19 1.551294140521441075e+19 1.423396325318022349e+19 1.330721620104094515e+19 1.275905797441989018e+19
3.088255669900037734e+19 2.834019785182038016e+19 2.600522808660116685e+19 2.386080887558530662e+19 2.189248537361860608e+19 2.008572804430389248e+19 1.842810898138708173e+19 1.690752190761373696e+19 1.551294140521441075e+19 1.423396325318022349e+19 1.330721620104094515e+19 1.275905797441988813e+19
3.088255669900037325e+19 2.834019785182038016e+19 2.600522808660117504e+19 2.386080887558531072e+19 2.189248537361860198e+19 2.008572804430389658e+19 1.842810898138708378e+19 1.690752190761373901e+19 1.551294140521441075e+19 1.423396325318022349e+19 1.330721620104094515e+19 1.275905797441988813e+19
3.088255669900037734e+19 2.834019785182039245e+19 2.600522808660117504e+19 2.386080887558530662e+19 2.189248537361859789e+19 2.008572804430389248e+19 1.842810898138708378e+19 1.690752190761373696e+19 1.551294140521441280e+19 1.423396325318022144e+19 1.330721620104094720e+19 1.275905797441989222e+19
3.088255669900037325e+19 2.834019785182039245e+19 2.600522808660117094e+19 2.386080887558529434e+19 2.189248537361858970e+19 2.008572804430389248e+19 1.842810898138708378e+19 1.690752190761373901e+19 1.551294140521441280e+19 1.423396325318022349e+19 1.330721620104094515e+19 1.275905797441988813e+19
3.088255669900037325e+19 2.834019785182038835e+19 2.600522808660117504e+19 2.386080887558530253e+19 2.189248537361858970e+19 2.008572804430389248e+19 1.842810898138708378e+19 1.690752190761374106e+19 1.551294140521441075e+19 1.423396325318022144e+19 1.330721620104094720e+19 1.275905797441988198e+19
3.088255669900036915e+19 2.834019785182040064e+19 2.600522808660117914e+19 2.386080887558529843e+19 2.189248537361859379e+19 2.008572804430389658e+19 1.842810898138707558e+19 1.690752190761373901e+19 1.551294140521441075e+19 1.423396325318021939e+19 1.330721620104094515e+19 1.275905797441987584e+19
3.088255669900037734e+19 2.834019785182040064e+19 2.600522808660117504e+19 2.386080887558529843e+19 2.189248537361859789e+19 2.008572804430390477e+19 1.842810898138707558e+19 1.690752190761374106e+19 1.551294140521441075e+19 1.423396325318021734e+19 1.330721620104094515e+19 1.275905797441987379e+19
3.088255669900038144e+19 2.834019785182039245e+19 2.600522808660116275e+19 2.386080887558529434e+19 2.189248537361859789e+19 2.008572804430391296e+19 1.842810898138707763e+19 1.690752190761373491e+19 1.551294140521441075e+19 1.423396325318021734e+19 1.330721620104094515e+19 1.275905797441987379e+19
3.088255669900037734e+19 2.834019785182038835e+19 2.600522808660115866e+19 2.386080887558528205e+19 2.189248537361860198e+19 2.008572804430390477e+19 1.842810898138706944e+19 1.690752190761371853e+19 1.551294140521440666e+19 1.423396325318021530e+19 1.330721620104094515e+19 1.275905797441987789e+19
3.088255669900038144e+19 2.834019785182040064e+19 2.600522808660115866e+19 2.386080887558528614e+19 2.189248537361860198e+19 2.008572804430389248e+19 1.842810898138706944e+19 1.690752190761371853e+19 1.551294140521441075e+19 1.423396325318021530e+19 1.330721620104094515e+19 1.275905797441988198e+19
3.088255669900038963e+19 2.834019785182038835e+19 2.600522808660115866e+19 2.386080887558529843e+19 2.189248537361860608e+19 2.008572804430389658e+19 1.842810898138706944e+19 1.690752190761371853e+19 1.551294140521440666e+19 1.423396325318021325e+19 1.330721620104094310e+19 1.275905797441988403e+19
3.088255669900039373e+19 2.834019785182038426e+19 2.600522808660116275e+19 2.386080887558529434e+19 2.189248537361859379e+19 2.008572804430389658e+19 1.842810898138706534e+19 1.690752190761371853e+19 1.551294140521440870e+19 1.423396325318021530e+19 1.330721620104094106e+19 1.275905797441988813e+19
3.088255669900038554e+19 2.834019785182039245e+19 2.600522808660115866e+19 2.386080887558530662e+19 2.189248537361858150e+19 2.008572804430388838e+19 1.842810898138706330e+19 1.690752190761371648e+19 1.551294140521441075e+19 1.423396325318021530e+19 1.330721620104094310e+19 1.275905797441989222e+19
3.088255669900038963e+19 2.834019785182040064e+19 2.600522808660115866e+19 2.386080887558531072e+19 2.189248537361858150e+19 2.008572804430388838e+19 1.842810898138706125e+19 1.690752190761371853e+19 1.551294140521440870e+19 1.423396325318021325e+19 1.330721620104094106e+19 1.275905797441989427e+19
3.088255669900039373e+19 2.834019785182039245e+19 2.600522808660115866e+19 2.386080887558531482e+19 2.189248537361858150e+19 2.008572804430388429e+19 1.842810898138706125e+19 1.690752190761372058e+19 1.551294140521441485e+19 1.423396325318021325e+19 1.330721620104094310e+19 1.275905797441989427e+19
3.088255669900039373e+19 2.834019785182039654e+19 2.600522808660116275e+19 2.386080887558531891e+19 2.189248537361857331e+19 2.008572804430389248e+19 1.842810898138706125e+19 1.690752190761372262e+19 1.551294140521441690e+19 1.423396325318021325e+19 1.330721620104094106e+19 1.275905797441989837e+19
3.088255669900039782e+19 2.834019785182039654e+19 2.600522808660117094e+19 2.386080887558531072e+19 2.189248537361856922e+19 2.008572804430388838e+19 1.842810898138706330e+19 1.690752190761372262e+19 1.551294140521442099e+19 1.423396325318021325e+19 1.330721620104093901e+19 1.275905797441989837e+19
3.088255669900039373e+19 2.834019785182038426e+19 2.600522808660116685e+19 2.386080887558531482e+19 2.189248537361856102e+19 2.008572804430388838e+19 1.842810898138706330e+19 1.690752190761372467e+19 1.551294140521441690e+19 1.423396325318021120e+19 1.330721620104093901e+19 1.275905797441989837e+19
3.088255669900039373e+19 2.834019785182038426e+19 2.600522808660116685e+19 2.386080887558531482e+19 2.189248537361856102e+19 2.008572804430388429e+19 1.842810898138706125e+19 1.690752190761372262e+19 1.551294140521441075e+19 1.423396325318021325e+19 1.330721620104093901e+19 1.275905797441990042e+19
3.088255669900040192e+19 2.834019785182039245e+19 2.600522808660115866e+19 2.386080887558531482e+19 2.189248537361856102e+19 2.008572804430389248e+19 1.842810898138706125e+19 1.690752190761372467e+19 1.551294140521440870e+19 1.423396325318021325e+19 1.330721620104094310e+19 1.275905797441989632e+19
3.088255669900040602e+19 2.834019785182038835e+19 2.600522808660117094e+19 2.386080887558531482e+19 2.189248537361856102e+19 2.008572804430388838e+19 1.842810898138706330e+19 1.690752190761373082e+19 1.551294140521440870e+19 1.423396325318021325e+19 1.330721620104094310e+19 1.275905797441989632e+19
3.088255669900041011e+19 2.834019785182038835e+19 2.600522808660117094e+19 2.386080887558532301e+19 2.189248537361855283e+19 2.008572804430388019e+19 1.842810898138706534e+19 1.690752190761373491e+19 1.551294140521441485e+19 1.423396325318020915e+19 1.330721620104094106e+19 1.275905797441989837e+19
3.088255669900040602e+19 2.834019785182038016e+19 2.600522808660117094e+19 2.386080887558531891e+19 2.189248537361855283e+19 2.008572804430387610e+19 1.842810898138705920e+19 1.690752190761373491e+19 1.551294140521441485e+19 1.423396325318020710e+19 1.330721620104094106e+19 1.275905797441990042e+19
3.088255669900040602e+19 2.834019785182038016e+19 2.600522808660116685e+19 2.386080887558531891e+19 2.189248537361854874e+19 2.008572804430387610e+19 1.842810898138706125e+19 1.690752190761373491e+19 1.551294140521441485e+19 1.423396325318020710e+19 1.330721620104094106e+19 1.275905797441990246e+19
3.088255669900041421e+19 2.834019785182038426e+19 2.600522808660116685e+19 2.386080887558531482e+19 2.189248537361855693e+19 2.008572804430387200e+19 1.842810898138706330e+19 1.690752190761373696e+19 1.551294140521441690e+19 1.423396325318020096e+19 1.330721620104094106e+19 1.275905797441990042e+19
3.088255669900041421e+19 2.834019785182037606e+19 2.600522808660115866e+19 2.386080887558531891e+19 2.189248537361855283e+19 2.008572804430386790e+19 1.842810898138706125e+19 1.690752190761373696e+19 1.551294140521441894e+19 1.423396325318020096e+19 1.330721620104094310e+19 1.275905797441990042e+19
3.088255669900041421e+19 2.834019785182037606e+19 2.600522808660116275e+19 2.386080887558532301e+19 2.189248537361855283e+19 2.008572804430385971e+19 1.842810898138706534e+19 1.690752190761373696e+19 1.551294140521441690e+19 1.423396325318020096e+19 1.330721620104094106e+19 1.275905797441989837e+19
3.088255669900041421e+19 2.834019785182037197e+19 2.600522808660116275e+19 2.386080887558532301e+19 2.189248537361855283e+19 2.008572804430385152e+19 1.842810898138706739e+19 1.690752190761373901e+19 1.551294140521442099e+19 1.423396325318020096e+19 1.330721620104093901e+19 1.275905797441989837e+19
3.088255669900041830e+19 2.834019785182037197e+19 2.600522808660117094e+19 2.386080887558531891e+19 2.189248537361856102e+19 2.008572804430386381e+19 1.842810898138706125e+19 1.690752190761374106e+19 1.551294140521442099e+19 1.423396325318019891e+19 1.330721620104093901e+19 1.275905797441989837e+19
3.088255669900041421e+19 2.834019785182037197e+19 2.600522808660116685e+19 2.386080887558531891e+19 2.189248537361856512e+19 2.008572804430387200e+19 1.842810898138706125e+19 1.690752190761374106e+19 1.551294140521442304e+19 1.423396325318019686e+19 1.330721620104093696e+19 1.275905797441990042e+19
3.088255669900041011e+19 2.834019785182037197e+19 2.600522808660116275e+19 2.386080887558532301e+19 2.189248537361855693e+19 2.008572804430386790e+19 1.842810898138706125e+19 1.690752190761374106e+19 1.551294140521442099e+19 1.423396325318019686e+19 1.330721620104093696e+19 1.275905797441990042e+19
3.088255669900041421e+19 2.834019785182036787e+19 2.600522808660115866e+19 2.386080887558532710e+19 2.189248537361856102e+19 2.008572804430386790e+19 1.842810898138706125e+19 1.690752190761374106e+19 1.551294140521441485e+19 1.423396325318019686e+19 1.330721620104093491e+19 1.275905797441990042e+19
3.088255669900042240e+19 2.834019785182036378e+19 2.600522808660116275e+19 2.386080887558532710e+19 2.189248537361856102e+19 2.008572804430386381e+19 1.842810898138706534e+19 1.690752190761373696e+19 1.551294140521441485e+19 1.423396325318019482e+19 1.330721620104093286e+19 1.275905797441990042e+19
3.088255669900042240e+19 2.834019785182036378e+19 2.600522808660115046e+19 2.386080887558532710e+19 2.189248537361856102e+19 2.008572804430387200e+19 1.842810898138706125e+19 1.690752190761374106e+19 1.551294140521441690e+19 1.423396325318019072e+19 1.330721620104093082e+19 1.275905797441990042e+19
3.088255669900042240e+19 2.834019785182036787e+19 2.600522808660115046e+19 2.386080887558532301e+19 2.189248537361855693e+19 2.008572804430385562e+19 1.842810898138706330e+19 1.690752190761373901e+19 1.551294140521441485e+19 1.423396325318019277e+19 1.330721620104093082e+19 1.275905797441989632e+19
3.088255669900041830e+19 2.834019785182037197e+19 2.600522808660114637e+19 2.386080887558532301e+19 2.189248537361855693e+19 2.008572804430384742e+19 1.842810898138705920e+19 1.690752190761373901e+19 1.551294140521442099e+19 1.423396325318019072e+19 1.330721620104092877e+19 1.275905797441989427e+19
3.088255669900041830e+19 2.834019785182036378e+19 2.600522808660115866e+19 2.386080887558533120e+19 2.189248537361856102e+19 2.008572804430385562e+19 1.842810898138705715e+19 1.690752190761373901e+19 1.551294140521442304e+19 1.423396325318019072e+19 1.330721620104092672e+19 1.275905797441989632e+19
3.088255669900042240e+19 2.834019785182035968e+19 2.600522808660115866e+19 2.386080887558533120e+19 2.189248537361855693e+19 2.008572804430386381e+19 1.842810898138705510e+19 1.690752190761373696e+19 1.551294140521442714e+19 1.423396325318019277e+19 1.330721620104092877e+19 1.275905797441989427e+19
3.088255669900042650e+19 2.834019785182035968e+19 2.600522808660115456e+19 2.386080887558531891e+19 2.189248537361856102e+19 2.008572804430387200e+19 1.842810898138705920e+19 1.690752190761373901e+19 1.551294140521442714e+19 1.423396325318019686e+19 1.330721620104092877e+19 1.275905797441989632e+19
3.088255669900043059e+19 2.834019785182034330e+19 2.600522808660115456e+19 2.386080887558532301e+19 2.189248537361856512e+19 2.008572804430386381e+19 1.842810898138705920e+19 1.690752190761374106e+19 1.551294140521442918e+19 1.423396325318019686e+19 1.330721620104092877e+19 1.275905797441989837e+19
3.088255669900042650e+19 2.834019785182034330e+19 2.600522808660115866e+19 2.386080887558532710e+19 2.189248537361856102e+19 2.008572804430385971e+19 1.842810898138705920e+19 1.690752190761373901e+19 1.551294140521443123e+19 1.423396325318019482e+19 1.330721620104092877e+19 1.275905797441990042e+19
3.088255669900042650e+19 2.834019785182035149e+19 2.600522808660116275e+19 2.386080887558533530e+19 2.189248537361856512e+19 2.008572804430386381e+19 1.842810898138705920e+19 1.690752190761373901e+19 1.551294140521443533e+19 1.423396325318019482e+19 1.330721620104092877e+19 1.275905797441990042e+19
3.088255669900043059e+19 2.834019785182035149e+19 2.600522808660117504e+19 2.386080887558533530e+19 2.189248537361856512e+19 2.008572804430385971e+19 1.842810898138706125e+19 1.690752190761373696e+19 1.551294140521444147e+19 1.423396325318019482e+19 1.330721620104092672e+19 1.275905797441990042e+19
3.088255669900043059e+19 2.834019785182034739e+19 2.600522808660117504e+19 2.386080887558532710e+19 2.189248537361856922e+19 2.008572804430385562e+19 1.842810898138706330e+19 1.690752190761373696e+19 1.551294140521444762e+19 1.423396325318019482e+19 1.330721620104092672e+19 1.275905797441990656e+19
3.088255669900042240e+19 2.834019785182035558e+19 2.600522808660118323e+19 2.386080887558533120e+19 2.189248537361856512e+19 2.008572804430386790e+19 1.842810898138706125e+19 1.690752190761373696e+19 1.551294140521444762e+19 1.423396325318019482e+19 1.330721620104092672e+19 1.275905797441990656e+19
3.088255669900042650e+19 2.834019785182035558e+19 2.600522808660118733e+19 2.386080887558532710e+19 2.189248537361855693e+19 2.008572804430386790e+19 1.842810898138705920e+19 1.690752190761373491e+19 1.551294140521444557e+19 1.423396325318019482e+19 1.330721620104093082e+19 1.275905797441990656e+19
3.088255669900042240e+19 2.834019785182036378e+19 2.600522808660118323e+19 2.386080887558533120e+19 2.189248537361856102e+19 2.008572804430386381e+19 1.842810898138705920e+19 1.690752190761373696e+19 1.551294140521444147e+19 1.423396325318019686e+19 1.330721620104092877e+19 1.275905797441991066e+19
3.088255669900042650e+19 2.834019785182036378e+19 2.600522808660118323e+19 2.386080887558533120e+19 2.189248537361856102e+19 2.008572804430387610e+19 1.842810898138706125e+19 1.690752190761374106e+19 1.551294140521444557e+19 1.423396325318019072e+19 1.330721620104093082e+19 1.275905797441991270e+19
3.088255669900043469e+19 2.834019785182035558e+19 2.600522808660118733e+19 2.386080887558533120e+19 2.189248537361856102e+19 2.008572804430388019e+19 1.842810898138705306e+19 1.690752190761374106e+19 1.551294140521444557e+19 1.423396325318019277e+19 1.330721620104093082e+19 1.275905797441991475e+19
3.088255669900043469e+19 2.834019785182034330e+19 2.600522808660118733e+19 2.386080887558533120e+19 2.189248537361855693e+19 2.008572804430388019e+19 1.842810898138705510e+19 1.690752190761374310e+19 1.551294140521444966e+19 1.423396325318019277e+19 1.330721620104092877e+19 1.275905797441990861e+19
3.088255669900044288e+19 2.834019785182033920e+19 2.600522808660117914e+19 2.386080887558532710e+19 2.189248537361855283e+19 2.008572804430388019e+19 1.842810898138705920e+19 1.690752190761374310e+19 1.551294140521445581e+19 1.423396325318019072e+19 1.330721620104092672e+19 1.275905797441990861e+19
3.088255669900045107e+19 2.834019785182035149e+19 2.600522808660117914e+19 2.386080887558533120e+19 2.189248537361855693e+19 2.008572804430387610e+19 1.842810898138706125e+19 1.690752190761374310e+19 1.551294140521445786e+19 1.423396325318019277e+19 1.330721620104093491e+19 1.275905797441990861e+19
3.088255669900045107e+19 2.834019785182036378e+19 2.600522808660118323e+19 2.386080887558532710e+19 2.189248537361856922e+19 2.008572804430387610e+19 1.842810898138706330e+19 1.690752190761374310e+19 1.551294140521445171e+19 1.423396325318018867e+19 1.330721620104092877e+19 1.275905797441990861e+19
3.088255669900044698e+19 2.834019785182035968e+19 2.600522808660119962e+19 2.386080887558531482e+19 2.189248537361856512e+19 2.008572804430388429e+19 1.842810898138706330e+19 1.690752190761374515e+19 1.551294140521444966e+19 1.423396325318019072e+19 1.330721620104091034e+19 1.275905797441990451e+19
3.088255669900044698e+19 2.834019785182036378e+19 2.600522808660120371e+19 2.386080887558531891e+19 2.189248537361856512e+19 2.008572804430387610e+19 1.842810898138706534e+19 1.690752190761374310e+19 1.551294140521444762e+19 1.423396325318019482e+19 1.330721620104089805e+19 1.275905797441990451e+19
3.088255669900045517e+19 2.834019785182036378e+19 2.600522808660121190e+19 2.386080887558531891e+19 2.189248537361856102e+19 2.008572804430386790e+19 1.842810898138706125e+19 1.690752190761374310e+19 1.551294140521444966e+19 1.423396325318018867e+19 1.330721620104090419e+19 1.275905797441990861e+19
3.088255669900045926e+19 2.834019785182038426e+19 2.600522808660121190e+19 2.386080887558531482e+19 2.189248537361856512e+19 2.008572804430387200e+19 1.842810898138706330e+19 1.690752190761374310e+19 1.551294140521444762e+19 1.423396325318017434e+19 1.330721620104090419e+19 1.275905797441991066e+19
3.088255669900045517e+19 2.834019785182038016e+19 2.600522808660121190e+19 2.386080887558531891e+19 2.189248537361856102e+19 2.008572804430387200e+19 1.842810898138706330e+19 1.690752190761374310e+19 1.551294140521444762e+19 1.423396325318016614e+19 1.330721620104090214e+19 1.275905797441990656e+19
3.088255669900043878e+19 2.834019785182038835e+19 2.600522808660120781e+19 2.386080887558531891e+19 2.189248537361855283e+19 2.008572804430387200e+19 1.842810898138706534e+19 1.690752190761374310e+19 1.551294140521444557e+19 1.423396325318014976e+19 1.330721620104090419e+19 1.275905797441990861e+19
3.088255669900043878e+19 2.834019785182039654e+19 2.600522808660120371e+19 2.386080887558533120e+19 2.189248537361854874e+19 2.008572804430386790e+19 1.842810898138706534e+19 1.690752190761374515e+19 1.551294140521444557e+19 1.423396325318014976e+19 1.330721620104090419e+19 1.275905797441991270e+19
3.088255669900044698e+19 2.834019785182039654e+19 2.600522808660121190e+19 2.386080887558533120e+19 2.189248537361854874e+19 2.008572804430387200e+19 1.842810898138706739e+19 1.690752190761374515e+19 1.551294140521444352e+19 1.423396325318014976e+19 1.330721620104090419e+19 1.275905797441991066e+19
3.088255669900044698e+19 2.834019785182039245e+19 2.600522808660120781e+19 2.386080887558533120e+19 2.189248537361854874e+19 2.008572804430387200e+19 1.842810898138706944e+19 1.690752190761372877e+19 1.551294140521444557e+19 1.423396325318015181e+19 1.330721620104090419e+19 1.275905797441991475e+19
3.088255669900044288e+19 2.834019785182038016e+19 2.600522808660120781e+19 2.386080887558533120e+19 2.189248537361853645e+19 2.008572804430388019e+19 1.842810898138706944e+19 1.690752190761373082e+19 1.551294140521444557e+19 1.423396325318015386e+19 1.330721620104090419e+19 1.275905797441991475e+19
3.088255669900043469e+19 2.834019785182036787e+19 2.600522808660120781e+19 2.386080887558533530e+19 2.189248537361854054e+19 2.008572804430388429e+19 1.842810898138706534e+19 1.690752190761373082e+19 1.551294140521444557e+19 1.423396325318015181e+19 1.330721620104090419e+19 1.275905797441991680e+19
3.088255669900043059e+19 2.834019785182036378e+19 2.600522808660120781e+19 2.386080887558533120e+19 2.189248537361854464e+19 2.008572804430388019e+19 1.842810898138706125e+19 1.690752190761372877e+19 1.551294140521444557e+19 1.423396325318014976e+19 1.330721620104090624e+19 1.275905797441991885e+19
3.088255669900043059e+19 2.834019785182036787e+19 2.600522808660120371e+19 2.386080887558534349e+19 2.189248537361854874e+19 2.008572804430387610e+19 1.842810898138705715e+19 1.690752190761372877e+19 1.551294140521444557e+19 1.423396325318014976e+19 1.330721620104090214e+19 1.275905797441992090e+19
3.088255669900043878e+19 2.834019785182036787e+19 2.600522808660120781e+19 2.386080887558534349e+19 2.189248537361853645e+19 2.008572804430387200e+19 1.842810898138705715e+19 1.690752190761372877e+19 1.551294140521444352e+19 1.423396325318015181e+19 1.330721620104090419e+19 1.275905797441991885e+19
3.088255669900043469e+19 2.834019785182036378e+19 2.600522808660120371e+19 2.386080887558534758e+19 2.189248537361854464e+19 2.008572804430387200e+19 1.842810898138705715e+19 1.690752190761372877e+19 1.551294140521444147e+19 1.423396325318014976e+19 1.330721620104090624e+19 1.275905797441991680e+19
3.088255669900043469e+19 2.834019785182035558e+19 2.600522808660119962e+19 2.386080887558534349e+19 2.189248537361854054e+19 2.008572804430388429e+19 1.842810898138706125e+19 1.690752190761373082e+19 1.551294140521444147e+19 1.423396325318015181e+19 1.330721620104090419e+19 1.275905797441991885e+19
3.088255669900043469e+19 2.834019785182035558e+19 2.600522808660119142e+19 2.386080887558533530e+19 2.189248537361854054e+19 2.008572804430388429e+19 1.842810898138706125e+19 1.690752190761373082e+19 1.551294140521444147e+19 1.423396325318014976e+19 1.330721620104090624e+19 1.275905797441991066e+19
3.088255669900043469e+19 2.834019785182036378e+19 2.600522808660119142e+19 2.386080887558533120e+19 2.189248537361854054e+19 2.008572804430388019e+19 1.842810898138706739e+19 1.690752190761372672e+19 1.551294140521444352e+19 1.423396325318014976e+19 1.330721620104090214e+19 1.275905797441991066e+19
3.088255669900044288e+19 2.834019785182035968e+19 2.600522808660119552e+19 2.386080887558532710e+19 2.189248537361854054e+19 2.008572804430388019e+19 1.842810898138706944e+19 1.690752190761372467e+19 1.551294140521444557e+19 1.423396325318014771e+19 1.330721620104090214e+19 1.275905797441991270e+19
3.088255669900044288e+19 2.834019785182035558e+19 2.600522808660119142e+19 2.386080887558532710e+19 2.189248537361853235e+19 2.008572804430388019e+19 1.842810898138706944e+19 1.690752190761372467e+19 1.551294140521444352e+19 1.423396325318014976e+19 1.330721620104090214e+19 1.275905797441991270e+19
3.088255669900044698e+19 2.834019785182035558e+19 2.600522808660118323e+19 2.386080887558532301e+19 2.189248537361853645e+19 2.008572804430388019e+19 1.842810898138706944e+19 1.690752190761372672e+19 1.551294140521444352e+19 1.423396325318014771e+19 1.330721620104090214e+19 1.275905797441991475e+19
3.088255669900044698e+19 2.834019785182035558e+19 2.600522808660118323e+19 2.386080887558532710e+19 2.189248537361852416e+19 2.008572804430388838e+19 1.842810898138707149e+19 1.690752190761372467e+19 1.551294140521444352e+19 1.423396325318014566e+19 1.330721620104090214e+19 1.275905797441991066e+19
3.088255669900043878e+19 2.834019785182035149e+19 2.600522808660118323e+19 2.386080887558532301e+19 2.189248537361852006e+19 2.008572804430388429e+19 1.842810898138707354e+19 1.690752190761372058e+19 1.551294140521444352e+19 1.423396325318014566e+19 1.330721620104090010e+19 1.275905797441991066e+19
3.088255669900044698e+19 2.834019785182034330e+19 2.600522808660118323e+19 2.386080887558532301e+19 2.189248537361852006e+19 2.008572804430387610e+19 1.842810898138707558e+19 1.690752190761372058e+19 1.551294140521444352e+19 1.423396325318014771e+19 1.330721620104090010e+19 1.275905797441991066e+19
3.088255669900044288e+19 2.834019785182035149e+19 2.600522808660118323e+19 2.386080887558531482e+19 2.189248537361852826e+19 2.008572804430386790e+19 1.842810898138707558e+19 1.690752190761372058e+19 1.551294140521444352e+19 1.423396325318014771e+19 1.330721620104089600e+19 1.275905797441990656e+19
3.088255669900044698e+19 2.834019785182035558e+19 2.600522808660118323e+19 2.386080887558531891e+19 2.189248537361853645e+19 2.008572804430386381e+19 1.842810898138707354e+19 1.690752190761371853e+19 1.551294140521444147e+19 1.423396325318014566e+19 1.330721620104089600e+19 1.275905797441990861e+19
3.088255669900045107e+19 2.834019785182035149e+19 2.600522808660118323e+19 2.386080887558531891e+19 2.189248537361853645e+19 2.008572804430387200e+19 1.842810898138707149e+19 1.690752190761371853e+19 1.551294140521444147e+19 1.423396325318014362e+19 1.330721620104089805e+19 1.275905797441990861e+19
3.088255669900044698e+19 2.834019785182035558e+19 2.600522808660117914e+19 2.386080887558531482e+19 2.189248537361853645e+19 2.008572804430386381e+19 1.842810898138707354e+19 1.690752190761372058e+19 1.551294140521444147e+19 1.423396325318014566e+19 1.330721620104089805e+19 1.275905797441990246e+19
3.088255669900045107e+19 2.834019785182034739e+19 2.600522808660118733e+19 2.386080887558531482e+19 2.189248537361854054e+19 2.008572804430385971e+19 1.842810898138707763e+19 1.690752190761372058e+19 1.551294140521443942e+19 1.423396325318014566e+19 1.330721620104089805e+19 1.275905797441990042e+19
3.088255669900044698e+19 2.834019785182034739e+19 2.600522808660119142e+19 2.386080887558531891e+19 2.189248537361854874e+19 2.008572804430386381e+19 1.842810898138707763e+19 1.690752190761372262e+19 1.551294140521444352e+19 1.423396325318014566e+19 1.330721620104090010e+19 1.275905797441990042e+19
3.088255669900044698e+19 2.834019785182035149e+19 2.600522808660118733e+19 2.386080887558531891e+19 2.189248537361855693e+19 2.008572804430386790e+19 1.842810898138707968e+19 1.690752190761372262e+19 1.551294140521444147e+19 1.423396325318014566e+19 1.330721620104090214e+19 1.275905797441990246e+19
3.088255669900044288e+19 2.834019785182035968e+19 2.600522808660119552e+19 2.386080887558532710e+19 2.189248537361854874e+19 2.008572804430387200e+19 1.842810898138707968e+19 1.690752190761372467e+19 1.551294140521444352e+19 1.423396325318014362e+19 1.330721620104090214e+19 1.275905797441990042e+19
3.088255669900043469e+19 2.834019785182036378e+19 2.600522808660120781e+19 2.386080887558533120e+19 2.189248537361854874e+19 2.008572804430387610e+19 1.842810898138707763e+19 1.690752190761372672e+19 1.551294140521444352e+19 1.423396325318014566e+19 1.330721620104090214e+19 1.275905797441989837e+19
3.088255669900044288e+19 2.834019785182035968e+19 2.600522808660120371e+19 2.386080887558533120e+19 2.189248537361855283e+19 2.008572804430387610e+19 1.842810898138707763e+19 1.690752190761372672e+19 1.551294140521444147e+19 1.423396325318014362e+19 1.330721620104090214e+19 1.275905797441990246e+19
3.088255669900044288e+19 2.834019785182035558e+19 2.600522808660120781e+19 2.386080887558533530e+19 2.189248537361854054e+19 2.008572804430387610e+19 1.842810898138708173e+19 1.690752190761372877e+19 1.551294140521444352e+19 1.423396325318014771e+19 1.330721620104089805e+19 1.275905797441990246e+19
3.088255669900045107e+19 2.834019785182036378e+19 2.600522808660121190e+19 2.386080887558532710e+19 2.189248537361853645e+19 2.008572804430388019e+19 1.842810898138708173e+19 1.690752190761372467e+19 1.551294140521444352e+19 1.423396325318014771e+19 1.330721620104088986e+19 1.275905797441990246e+19
3.088255669900044698e+19 2.834019785182035968e+19 2.600522808660120781e+19 2.386080887558533530e+19 2.189248537361852826e+19 2.008572804430387610e+19 1.842810898138708582e+19 1.690752190761372467e+19 1.551294140521444352e+19 1.423396325318014771e+19 1.330721620104088986e+19 1.275905797441990451e+19
3.088255669900043469e+19 2.834019785182035968e+19 2.600522808660120781e+19 2.386080887558534349e+19 2.189248537361853235e+19 2.008572804430386790e+19 1.842810898138708787e+19 1.690752190761372262e+19 1.551294140521444352e+19 1.423396325318014771e+19 1.330721620104088986e+19 1.275905797441990656e+19
3.088255669900043469e+19 2.834019785182035968e+19 2.600522808660121600e+19 2.386080887558533939e+19 2.189248537361852826e+19 2.008572804430386381e+19 1.842810898138708787e+19 1.690752190761372467e+19 1.551294140521443942e+19 1.423396325318014976e+19 1.330721620104089190e+19 1.275905797441990246e+19
3.088255669900043878e+19 2.834019785182035558e+19 2.600522808660121190e+19 2.386080887558534758e+19 2.189248537361853645e+19 2.008572804430386381e+19 1.842810898138708582e+19 1.690752190761372467e+19 1.551294140521443942e+19 1.423396325318014362e+19 1.330721620104089190e+19 1.275905797441989632e+19
3.088255669900045107e+19 2.834019785182036378e+19 2.600522808660120371e+19 2.386080887558534349e+19 2.189248537361852826e+19 2.008572804430385971e+19 1.842810898138708787e+19 1.690752190761372467e+19 1.551294140521443942e+19 1.423396325318014566e+19 1.330721620104089190e+19 1.275905797441989632e+19
3.088255669900044698e+19 2.834019785182036378e+19 2.600522808660119142e+19 2.386080887558534758e+19 2.189248537361852416e+19 2.008572804430386790e+19 1.842810898138709197e+19 1.690752190761372672e+19 1.551294140521443942e+19 1.423396325318014362e+19 1.330721620104089395e+19 1.275905797441989837e+19
3.088255669900044288e+19 2.834019785182036378e+19 2.600522808660118733e+19 2.386080887558534758e+19 2.189248537361852416e+19 2.008572804430387200e+19 1.842810898138709197e+19 1.690752190761372467e+19 1.551294140521444147e+19 1.423396325318014157e+19 1.330721620104089395e+19 1.275905797441989837e+19
3.088255669900043469e+19 2.834019785182035968e+19 2.600522808660118323e+19 2.386080887558534349e+19 2.189248537361852826e+19 2.008572804430387610e+19 1.842810898138709606e+19 1.690752190761372262e+19 1.551294140521443738e+19 1.423396325318014362e+19 1.330721620104089395e+19 1.275905797441990042e+19
3.088255669900043469e+19 2.834019785182036378e+19 2.600522808660117914e+19 2.386080887558534758e+19 2.189248537361853645e+19 2.008572804430387610e+19 1.842810898138709606e+19 1.690752190761372262e+19 1.551294140521443738e+19 1.423396325318014157e+19 1.330721620104089395e+19 1.275905797441989837e+19
3.088255669900044698e+19 2.834019785182036378e+19 2.600522808660118323e+19 2.386080887558535168e+19 2.189248537361854464e+19 2.008572804430387610e+19 1.842810898138709606e+19 1.690752190761372262e+19 1.551294140521443942e+19 1.423396325318014157e+19 1.330721620104089600e+19 1.275905797441989837e+19
3.088255669900044698e+19 2.834019785182036378e+19 2.600522808660118733e+19 2.386080887558535987e+19 2.189248537361854464e+19 2.008572804430388019e+19 1.842810898138709402e+19 1.690752190761372058e+19 1.551294140521444147e+19 1.423396325318014362e+19 1.330721620104089395e+19 1.275905797441989632e+19
3.088255669900044288e+19 2.834019785182036378e+19 2.600522808660118733e+19 2.386080887558536806e+19 2.189248537361854464e+19 2.008572804430387610e+19 1.842810898138709811e+19 1.690752190761372262e+19 1.551294140521444147e+19 1.423396325318014566e+19 1.330721620104089600e+19 1.275905797441990042e+19
3.088255669900044288e+19 2.834019785182036787e+19 2.600522808660118323e+19 2.386080887558535987e+19 2.189248537361853645e+19 2.008572804430386790e+19 1.842810898138709606e+19 1.690752190761371648e+19 1.551294140521444352e+19 1.423396325318014362e+19 1.330721620104089600e+19 1.275905797441990042e+19
3.088255669900044698e+19 2.834019785182036378e+19 2.600522808660118733e+19 2.386080887558536806e+19 2.189248537361852006e+19 2.008572804430386381e+19 1.842810898138710016e+19 1.690752190761371853e+19 1.551294140521444147e+19 1.423396325318014566e+19 1.330721620104089600e+19 1.275905797441989837e+19
3.088255669900044288e+19 2.834019785182036787e+19 2.600522808660118733e+19 2.386080887558535987e+19 2.189248537361852006e+19 2.008572804430387200e+19 1.842810898138710016e+19 1.690752190761371648e+19 1.551294140521444352e+19 1.423396325318014362e+19 1.330721620104089805e+19 1.275905797441989837e+19
3.088255669900043469e+19 2.834019785182037197e+19 2.600522808660119142e+19 2.386080887558535578e+19 2.189248537361852826e+19 2.008572804430386381e+19 1.842810898138710630e+19 1.690752190761372058e+19 1.551294140521444352e+19 1.423396325318014157e+19 1.330721620104089805e+19 1.275905797441990042e+19
3.088255669900043878e+19 2.834019785182035968e+19 2.600522808660119142e+19 2.386080887558534349e+19 2.189248537361852826e+19 2.008572804430385971e+19 1.842810898138710630e+19 1.690752190761372058e+19 1.551294140521444352e+19 1.423396325318014157e+19 1.330721620104089395e+19 1.275905797441990451e+19
3.088255669900043469e+19 2.834019785182035149e+19 2.600522808660119142e+19 2.386080887558535168e+19 2.189248537361852006e+19 2.008572804430385562e+19 1.842810898138711245e+19 1.690752190761371853e+19 1.551294140521444557e+19 1.423396325318014157e+19 1.330721620104089190e+19 1.275905797441990656e+19
3.088255669900042650e+19 2.834019785182035558e+19 2.600522808660119142e+19 2.386080887558535578e+19 2.189248537361852416e+19 2.008572804430385971e+19 1.842810898138711450e+19 1.690752190761371853e+19 1.551294140521444352e+19 1.423396325318014157e+19 1.330721620104088986e+19 1.275905797441990861e+19
3.088255669900042240e+19 2.834019785182035149e+19 2.600522808660119552e+19 2.386080887558535578e+19 2.189248537361852826e+19 2.008572804430385152e+19 1.842810898138711859e+19 1.690752190761371853e+19 1.551294140521444352e+19 1.423396325318014362e+19 1.330721620104089190e+19 1.275905797441990246e+19
3.088255669900041421e+19 2.834019785182034739e+19 2.600522808660119962e+19 2.386080887558535578e+19 2.189248537361852416e+19 2.008572804430385562e+19 1.842810898138711654e+19 1.690752190761371648e+19 1.551294140521444762e+19 1.423396325318014157e+19 1.330721620104088576e+19 1.275905797441990246e+19
3.088255669900041011e+19 2.834019785182035558e+19 2.600522808660120371e+19 2.386080887558535578e+19 2.189248537361852826e+19 2.008572804430386790e+19 1.842810898138711654e+19 1.690752190761371443e+19 1.551294140521444762e+19 1.423396325318013952e+19 1.330721620104088781e+19 1.275905797441990246e+19
3.088255669900041830e+19 2.834019785182035968e+19 2.600522808660121190e+19 2.386080887558535578e+19 2.189248537361852006e+19 2.008572804430386790e+19 1.842810898138711450e+19 1.690752190761371034e+19 1.551294140521444762e+19 1.423396325318013952e+19 1.330721620104088781e+19 1.275905797441990451e+19
3.088255669900041421e+19 2.834019785182035558e+19 2.600522808660121600e+19 2.386080887558535578e+19 2.189248537361852006e+19 2.008572804430385971e+19 1.842810898138711450e+19 1.690752190761371034e+19 1.551294140521444557e+19 1.423396325318013952e+19 1.330721620104088576e+19 1.275905797441990656e+19
3.088255669900041011e+19 2.834019785182035149e+19 2.600522808660120781e+19 2.386080887558535168e+19 2.189248537361851597e+19 2.008572804430386790e+19 1.842810898138711245e+19 1.690752190761371034e+19 1.551294140521444557e+19 1.423396325318013952e+19 1.330721620104088576e+19 1.275905797441990246e+19
3.088255669900041830e+19 2.834019785182034330e+19 2.600522808660119962e+19 2.386080887558533939e+19 2.189248537361851597e+19 2.008572804430386381e+19 1.842810898138711654e+19 1.690752190761371238e+19 1.551294140521444762e+19 1.423396325318013952e+19 1.330721620104088576e+19 1.275905797441990451e+19
3.088255669900041421e+19 2.834019785182034739e+19 2.600522808660119962e+19 2.386080887558535168e+19 2.189248537361851597e+19 2.008572804430386790e+19 1.842810898138711450e+19 1.690752190761371853e+19 1.551294140521443738e+19 1.423396325318013952e+19 1.330721620104088781e+19 1.275905797441990246e+19
3.088255669900041830e+19 2.834019785182034739e+19 2.600522808660119552e+19 2.386080887558534349e+19 2.189248537361850778e+19 2.008572804430385971e+19 1.842810898138711654e+19 1.690752190761371648e+19 1.551294140521444352e+19 1.423396325318013952e+19 1.330721620104088576e+19 1.275905797441990246e+19
3.088255669900041830e+19 2.834019785182033510e+19 2.600522808660120371e+19 2.386080887558534349e+19 2.189248537361851187e+19 2.008572804430384742e+19 1.842810898138711450e+19 1.690752190761371443e+19 1.551294140521443942e+19 1.423396325318013952e+19 1.330721620104088166e+19 1.275905797441990656e+19
3.088255669900042650e+19 2.834019785182034330e+19 2.600522808660120781e+19 2.386080887558534349e+19 2.189248537361851187e+19 2.008572804430384333e+19 1.842810898138710630e+19 1.690752190761371443e+19 1.551294140521444352e+19 1.423396325318014157e+19 1.330721620104088371e+19 1.275905797441990042e+19
3.088255669900042240e+19 2.834019785182033510e+19 2.600522808660120781e+19 2.386080887558533120e+19 2.189248537361851597e+19 2.008572804430383923e+19 1.842810898138710630e+19 1.690752190761371238e+19 1.551294140521444352e+19 1.423396325318014157e+19 1.330721620104087962e+19 1.275905797441989837e+19
3.088255669900041830e+19 2.834019785182033920e+19 2.600522808660119962e+19 2.386080887558531891e+19 2.189248537361850778e+19 2.008572804430384333e+19 1.842810898138710835e+19 1.690752190761371238e+19 1.551294140521445990e+19 1.423396325318013952e+19 1.330721620104088166e+19 1.275905797441989837e+19
3.088255669900041830e+19 2.834019785182032691e+19 2.600522808660119962e+19 2.386080887558532710e+19 2.189248537361849958e+19 2.008572804430385152e+19 1.842810898138711040e+19 1.690752190761371034e+19 1.551294140521445171e+19 1.423396325318014157e+19 1.330721620104088166e+19 1.275905797441990246e+19
3.088255669900041421e+19 2.834019785182034330e+19 2.600522808660119962e+19 2.386080887558532710e+19 2.189248537361849958e+19 2.008572804430385562e+19 1.842810898138710630e+19 1.690752190761371443e+19 1.551294140521445376e+19 1.423396325318013952e+19 1.330721620104087347e+19 1.275905797441990042e+19
3.088255669900041830e+19 2.834019785182034330e+19 2.600522808660120371e+19 2.386080887558533120e+19 2.189248537361849958e+19 2.008572804430385152e+19 1.842810898138711040e+19 1.690752190761371853e+19 1.551294140521445171e+19 1.423396325318013952e+19 1.330721620104087347e+19 1.275905797441989837e+19
3.088255669900042240e+19 2.834019785182034330e+19 2.600522808660119962e+19 2.386080887558534349e+19 2.189248537361850778e+19 2.008572804430385562e+19 1.842810898138711245e+19 1.690752190761371648e+19 1.551294140521445171e+19 1.423396325318013747e+19 1.330721620104086528e+19 1.275905797441990246e+19
3.088255669900042650e+19 2.834019785182034330e+19 2.600522808660120371e+19 2.386080887558534349e+19 2.189248537361849958e+19 2.008572804430385562e+19 1.842810898138711245e+19 1.690752190761371853e+19 1.551294140521445171e+19 1.423396325318014157e+19 1.330721620104085504e+19 1.275905797441990451e+19
3.088255669900044288e+19 2.834019785182033920e+19 2.600522808660120781e+19 2.386080887558535168e+19 2.189248537361850778e+19 2.008572804430385152e+19 1.842810898138711654e+19 1.690752190761371648e+19 1.551294140521444966e+19 1.423396325318014362e+19 1.330721620104085504e+19 1.275905797441990861e+19
3.088255669900044288e+19 2.834019785182033510e+19 2.600522808660120371e+19 2.386080887558534758e+19 2.189248537361851187e+19 2.008572804430385152e+19 1.842810898138711654e+19 1.690752190761371853e+19 1.551294140521444966e+19 1.423396325318014157e+19 1.330721620104085709e+19 1.275905797441990861e+19
3.088255669900045107e+19 2.834019785182033510e+19 2.600522808660119962e+19 2.386080887558533530e+19 2.189248537361849958e+19 2.008572804430385152e+19 1.842810898138711450e+19 1.690752190761371648e+19 1.551294140521445171e+19 1.423396325318013747e+19 1.330721620104085709e+19 1.275905797441991066e+19
3.088255669900047155e+19 2.834019785182033920e+19 2.600522808660119142e+19 2.386080887558534758e+19 2.189248537361849958e+19 2.008572804430384742e+19 1.842810898138711654e+19 1.690752190761372058e+19 1.551294140521445171e+19 1.423396325318015181e+19 1.330721620104085709e+19 1.275905797441991066e+19
3.088255669900046746e+19 2.834019785182033920e+19 2.600522808660118323e+19 2.386080887558535168e+19 2.189248537361848730e+19 2.008572804430384333e+19 1.842810898138711654e+19 1.690752190761371443e+19 1.551294140521444966e+19 1.423396325318013542e+19 1.330721620104085709e+19 1.275905797441990656e+19
3.088255669900046336e+19 2.834019785182033920e+19 2.600522808660118323e+19 2.386080887558535168e+19 2.189248537361849139e+19 2.008572804430383514e+19 1.842810898138711654e+19 1.690752190761371853e+19 1.551294140521445171e+19 1.423396325318012314e+19 1.330721620104085914e+19 1.275905797441990861e+19
3.088255669900046746e+19 2.834019785182034739e+19 2.600522808660117504e+19 2.386080887558535168e+19 2.189248537361849139e+19 2.008572804430384333e+19 1.842810898138712064e+19 1.690752190761371853e+19 1.551294140521444966e+19 1.423396325318012723e+19 1.330721620104085709e+19 1.275905797441990861e+19
3.088255669900045107e+19 2.834019785182034739e+19 2.600522808660117504e+19 2.386080887558535987e+19 2.189248537361849139e+19 2.008572804430385152e+19 1.842810898138712269e+19 1.690752190761371853e+19 1.551294140521444966e+19 1.423396325318012518e+19 1.330721620104085504e+19 1.275905797441991066e+19
3.088255669900045107e+19 2.834019785182034739e+19 2.600522808660118323e+19 2.386080887558535987e+19 2.189248537361848320e+19 2.008572804430385152e+19 1.842810898138712474e+19 1.690752190761371648e+19 1.551294140521444762e+19 1.423396325318012109e+19 1.330721620104085504e+19 1.275905797441991680e+19
3.088255669900044288e+19 2.834019785182034739e+19 2.600522808660117914e+19 2.386080887558536397e+19 2.189248537361847910e+19 2.008572804430384333e+19 1.842810898138711859e+19 1.690752190761371853e+19 1.551294140521444557e+19 1.423396325318012314e+19 1.330721620104085504e+19 1.275905797441991680e+19
3.088255669900044288e+19 2.834019785182033920e+19 2.600522808660117914e+19 2.386080887558536806e+19 2.189248537361847501e+19 2.008572804430385152e+19 1.842810898138711859e+19 1.690752190761371648e+19 1.551294140521444762e+19 1.423396325318011904e+19 1.330721620104085709e+19 1.275905797441991885e+19
3.088255669900043878e+19 2.834019785182033920e+19 2.600522808660117504e+19 2.386080887558535578e+19 2.189248537361846682e+19 2.008572804430385152e+19 1.842810898138712269e+19 1.690752190761371648e+19 1.551294140521444557e+19 1.423396325318011904e+19 1.330721620104085504e+19 1.275905797441991680e+19
3.088255669900043469e+19 2.834019785182034739e+19 2.600522808660117914e+19 2.386080887558535987e+19 2.189248537361847091e+19 2.008572804430384742e+19 1.842810898138712064e+19 1.690752190761371443e+19 1.551294140521444557e+19 1.423396325318011904e+19 1.330721620104085299e+19 1.275905797441991475e+19
3.088255669900044288e+19 2.834019785182034739e+19 2.600522808660117914e+19 2.386080887558535168e+19 2.189248537361847910e+19 2.008572804430383923e+19 1.842810898138712269e+19 1.690752190761371443e+19 1.551294140521444557e+19 1.423396325318011904e+19 1.330721620104085299e+19 1.275905797441991270e+19
3.088255669900043059e+19 2.834019785182035149e+19 2.600522808660118733e+19 2.386080887558535168e+19 2.189248537361847910e+19 2.008572804430384333e+19 1.842810898138712269e+19 1.690752190761371853e+19 1.551294140521444557e+19 1.423396325318011904e+19 1.330721620104085299e+19 1.275905797441991270e+19
3.088255669900043469e+19 2.834019785182035558e+19 2.600522808660117914e+19 2.386080887558535168e+19 2.189248537361846682e+19 2.008572804430385152e+19 1.842810898138712883e+19 1.690752190761371648e+19 1.551294140521444557e+19 1.423396325318011699e+19 1.330721620104085094e+19 1.275905797441991475e+19
3.088255669900042650e+19 2.834019785182035558e+19 2.600522808660118733e+19 2.386080887558535578e+19 2.189248537361847501e+19 2.008572804430384333e+19 1.842810898138712269e+19 1.690752190761371443e+19 1.551294140521444557e+19 1.423396325318011904e+19 1.330721620104085094e+19 1.275905797441991680e+19
3.088255669900043059e+19 2.834019785182035558e+19 2.600522808660118733e+19 2.386080887558535987e+19 2.189248537361847501e+19 2.008572804430385562e+19 1.842810898138712064e+19 1.690752190761371443e+19 1.551294140521444352e+19 1.423396325318011904e+19 1.330721620104085094e+19 1.275905797441991680e+19
3.088255669900043469e+19 2.834019785182038016e+19 2.600522808660119142e+19 2.386080887558536397e+19 2.189248537361847091e+19 2.008572804430385562e+19 1.842810898138712064e+19 1.690752190761371853e+19 1.551294140521444352e+19 1.423396325318011904e+19 1.330721620104085504e+19 1.275905797441992090e+19
3.088255669900044288e+19 2.834019785182039245e+19 2.600522808660118323e+19 2.386080887558537216e+19 2.189248537361846682e+19 2.008572804430385562e+19 1.842810898138712269e+19 1.690752190761372672e+19 1.551294140521443738e+19 1.423396325318011904e+19 1.330721620104085504e+19 1.275905797441992499e+19
3.088255669900043469e+19 2.834019785182038426e+19 2.600522808660117504e+19 2.386080887558536806e+19 2.189248537361846272e+19 2.008572804430385152e+19 1.842810898138712269e+19 1.690752190761372467e+19 1.551294140521443738e+19 1.423396325318012314e+19 1.330721620104085504e+19 1.275905797441992499e+19
3.088255669900043878e+19 2.834019785182038016e+19 2.600522808660117504e+19 2.386080887558537626e+19 2.189248537361844634e+19 2.008572804430385562e+19 1.842810898138712269e+19 1.690752190761372467e+19 1.551294140521443328e+19 1.423396325318012109e+19 1.330721620104085299e+19 1.275905797441992704e+19
3.088255669900043469e+19 2.834019785182037606e+19 2.600522808660117914e+19 2.386080887558538035e+19 2.189248537361843405e+19 2.008572804430385562e+19 1.842810898138712474e+19 1.690752190761372467e+19 1.551294140521443533e+19 1.423396325318011904e+19 1.330721620104085094e+19 1.275905797441992704e+19
3.088255669900043878e+19 2.834019785182039245e+19 2.600522808660117914e+19 2.386080887558537626e+19 2.189248537361841766e+19 2.008572804430385562e+19 1.842810898138712474e+19 1.690752190761372262e+19 1.551294140521443533e+19 1.423396325318011699e+19 1.330721620104085094e+19 1.275905797441992499e+19
3.088255669900043878e+19 2.834019785182038835e+19 2.600522808660117914e+19 2.386080887558537626e+19 2.189248537361842586e+19 2.008572804430385562e+19 1.842810898138712883e+19 1.690752190761372262e+19 1.551294140521443533e+19 1.423396325318011699e+19 1.330721620104085094e+19 1.275905797441992499e+19
3.088255669900044288e+19 2.834019785182040064e+19 2.600522808660117914e+19 2.386080887558537626e+19 2.189248537361842995e+19 2.008572804430385152e+19 1.842810898138712883e+19 1.690752190761372467e+19 1.551294140521443328e+19 1.423396325318011699e+19 1.330721620104085299e+19 1.275905797441992499e+19
3.088255669900044698e+19 2.834019785182040883e+19 2.600522808660117094e+19 2.386080887558537216e+19 2.189248537361842995e+19 2.008572804430384742e+19 1.842810898138713088e+19 1.690752190761372467e+19 1.551294140521443533e+19 1.423396325318011699e+19 1.330721620104084890e+19 1.275905797441991680e+19
3.088255669900045107e+19 2.834019785182039245e+19 2.600522808660118323e+19 2.386080887558537216e+19 2.189248537361842995e+19 2.008572804430385971e+19 1.842810898138713088e+19 1.690752190761372467e+19 1.551294140521443533e+19 1.423396325318011904e+19 1.330721620104084890e+19 1.275905797441991475e+19
3.088255669900045517e+19 2.834019785182040064e+19 2.600522808660117914e+19 2.386080887558536397e+19 2.189248537361843405e+19 2.008572804430385971e+19 1.842810898138712883e+19 1.690752190761372262e+19 1.551294140521443533e+19 1.423396325318011904e+19 1.330721620104085094e+19 1.275905797441991885e+19
3.088255669900045107e+19 2.834019785182039654e+19 2.600522808660117094e+19 2.386080887558536397e+19 2.189248537361842995e+19 2.008572804430386381e+19 1.842810898138713088e+19 1.690752190761372262e+19 1.551294140521443328e+19 1.423396325318011904e+19 1.330721620104084890e+19 1.275905797441991475e+19
3.088255669900045107e+19 2.834019785182039654e+19 2.600522808660117094e+19 2.386080887558536806e+19 2.189248537361843405e+19 2.008572804430385971e+19 1.842810898138713293e+19 1.690752190761372262e+19 1.551294140521443328e+19 1.423396325318011904e+19 1.330721620104084890e+19 1.275905797441991680e+19
3.088255669900045517e+19 2.834019785182039654e+19 2.600522808660116275e+19 2.386080887558536397e+19 2.189248537361843405e+19 2.008572804430385971e+19 1.842810898138713498e+19 1.690752190761372058e+19 1.551294140521443328e+19 1.423396325318011904e+19 1.330721620104084685e+19 1.275905797441991475e+19
3.088255669900045517e+19 2.834019785182039654e+19 2.600522808660115866e+19 2.386080887558536806e+19 2.189248537361844224e+19 2.008572804430386381e+19 1.842810898138713498e+19 1.690752190761371853e+19 1.551294140521443738e+19 1.423396325318011904e+19 1.330721620104084890e+19 1.275905797441991680e+19
3.088255669900046746e+19 2.834019785182040474e+19 2.600522808660116275e+19 2.386080887558537216e+19 2.189248537361843814e+19 2.008572804430387200e+19 1.842810898138713907e+19 1.690752190761372467e+19 1.551294140521443533e+19 1.423396325318011699e+19 1.330721620104084890e+19 1.275905797441991885e+19
3.088255669900046746e+19 2.834019785182040064e+19 2.600522808660116275e+19 2.386080887558537216e+19 2.189248537361845453e+19 2.008572804430387200e+19 1.842810898138713907e+19 1.690752190761372877e+19 1.551294140521443738e+19 1.423396325318011904e+19 1.330721620104084890e+19 1.275905797441991885e+19
3.088255669900047155e+19 2.834019785182040064e+19 2.600522808660115866e+19 2.386080887558537216e+19 2.189248537361845862e+19 2.008572804430386790e+19 1.842810898138713907e+19 1.690752190761372672e+19 1.551294140521443738e+19 1.423396325318011904e+19 1.330721620104085094e+19 1.275905797441991885e+19
3.088255669900047155e+19 2.834019785182039245e+19 2.600522808660116275e+19 2.386080887558537626e+19 2.189248537361845043e+19 2.008572804430386790e+19 1.842810898138713907e+19 1.690752190761372467e+19 1.551294140521443942e+19 1.423396325318011904e+19 1.330721620104085299e+19 1.275905797441992704e+19
3.088255669900047565e+19 2.834019785182039245e+19 2.600522808660115866e+19 2.386080887558538854e+19 2.189248537361845043e+19 2.008572804430385562e+19 1.842810898138714112e+19 1.690752190761372467e+19 1.551294140521443942e+19 1.423396325318011904e+19 1.330721620104085299e+19 1.275905797441992704e+19
3.088255669900047155e+19 2.834019785182038426e+19 2.600522808660116685e+19 2.386080887558538445e+19 2.189248537361845043e+19 2.008572804430384333e+19 1.842810898138714522e+19 1.690752190761372672e+19 1.551294140521443942e+19 1.423396325318012109e+19 1.330721620104085094e+19 1.275905797441992499e+19
3.088255669900047565e+19 2.834019785182039245e+19 2.600522808660115866e+19 2.386080887558538445e+19 2.189248537361845043e+19 2.008572804430384742e+19 1.842810898138714726e+19 1.690752190761372877e+19 1.551294140521443738e+19 1.423396325318012109e+19 1.330721620104085094e+19 1.275905797441991885e+19
3.088255669900047565e+19 2.834019785182039245e+19 2.600522808660115456e+19 2.386080887558537626e+19 2.189248537361844634e+19 2.008572804430385152e+19 1.842810898138715341e+19 1.690752190761372467e+19 1.551294140521443738e+19 1.423396325318012109e+19 1.330721620104085299e+19 1.275905797441992294e+19
3.088255669900048794e+19 2.834019785182039654e+19 2.600522808660116275e+19 2.386080887558537626e+19 2.189248537361844224e+19 2.008572804430384333e+19 1.842810898138715546e+19 1.690752190761372262e+19 1.551294140521443942e+19 1.423396325318011904e+19 1.330721620104085504e+19 1.275905797441992294e+19
3.088255669900049203e+19 2.834019785182038835e+19 2.600522808660115046e+19 2.386080887558536806e+19 2.189248537361844224e+19 2.008572804430384333e+19 1.842810898138715341e+19 1.690752190761372058e+19 1.551294140521443738e+19 1.423396325318011904e+19 1.330721620104085299e+19 1.275905797441992294e+19
3.088255669900049203e+19 2.834019785182040064e+19 2.600522808660114637e+19 2.386080887558537626e+19 2.189248537361844634e+19 2.008572804430384333e+19 1.842810898138714931e+19 1.690752190761372262e+19 1.551294140521443533e+19 1.423396325318011904e+19 1.330721620104085299e+19 1.275905797441992499e+19
3.088255669900048794e+19 2.834019785182040474e+19 2.600522808660114227e+19 2.386080887558538854e+19 2.189248537361846272e+19 2.008572804430384333e+19 1.842810898138714931e+19 1.690752190761372262e+19 1.551294140521443738e+19 1.423396325318011904e+19 1.330721620104085299e+19 1.275905797441992704e+19
3.088255669900049203e+19 2.834019785182040474e+19 2.600522808660114637e+19 2.386080887558538035e+19 2.189248537361846682e+19 2.008572804430384333e+19 1.842810898138715136e+19 1.690752190761372262e+19 1.551294140521443738e+19 1.423396325318012109e+19 1.330721620104085504e+19 1.275905797441992909e+19
3.088255669900049203e+19 2.834019785182041293e+19 2.600522808660115046e+19 2.386080887558538854e+19 2.189248537361845862e+19 2.008572804430384742e+19 1.842810898138715136e+19 1.690752190761372467e+19 1.551294140521443738e+19 1.423396325318011904e+19 1.330721620104085504e+19 1.275905797441992499e+19
3.088255669900050842e+19 2.834019785182041293e+19 2.600522808660115866e+19 2.386080887558538035e+19 2.189248537361846272e+19 2.008572804430384333e+19 1.842810898138715546e+19 1.690752190761372467e+19 1.551294140521443533e+19 1.423396325318011904e+19 1.330721620104085504e+19 1.275905797441992704e+19
3.088255669900050842e+19 2.834019785182041293e+19 2.600522808660116685e+19 2.386080887558537216e+19 2.189248537361846682e+19 2.008572804430383104e+19 1.842810898138715546e+19 1.690752190761372467e+19 1.551294140521443533e+19 1.423396325318011699e+19 1.330721620104085709e+19 1.275905797441992499e+19
3.088255669900051251e+19 2.834019785182041293e+19 2.600522808660116685e+19 2.386080887558537626e+19 2.189248537361846682e+19 2.008572804430381875e+19 1.842810898138715546e+19 1.690752190761372877e+19 1.551294140521443533e+19 1.423396325318011904e+19 1.330721620104085709e+19 1.275905797441992090e+19
3.088255669900051251e+19 2.834019785182040883e+19 2.600522808660115046e+19 2.386080887558537216e+19 2.189248537361847501e+19 2.008572804430382285e+19 1.842810898138715750e+19 1.690752190761373082e+19 1.551294140521443533e+19 1.423396325318011494e+19 1.330721620104085504e+19 1.275905797441991885e+19
3.088255669900051251e+19 2.834019785182040474e+19 2.600522808660115866e+19 2.386080887558537626e+19 2.189248537361847501e+19 2.008572804430382285e+19 1.842810898138716160e+19 1.690752190761372877e+19 1.551294140521443738e+19 1.423396325318011494e+19 1.330721620104085709e+19 1.275905797441991066e+19
3.088255669900051251e+19 2.834019785182040883e+19 2.600522808660114637e+19 2.386080887558537216e+19 2.189248537361847091e+19 2.008572804430382285e+19 1.842810898138716160e+19 1.690752190761372672e+19 1.551294140521443738e+19 1.423396325318011699e+19 1.330721620104086118e+19 1.275905797441991066e+19
3.088255669900051251e+19 2.834019785182040883e+19 2.600522808660115456e+19 2.386080887558537626e+19 2.189248537361846682e+19 2.008572804430382694e+19 1.842810898138716365e+19 1.690752190761372672e+19 1.551294140521443738e+19 1.423396325318011699e+19 1.330721620104086118e+19 1.275905797441991066e+19
3.088255669900051251e+19 2.834019785182040883e+19 2.600522808660115456e+19 2.386080887558537216e+19 2.189248537361846682e+19 2.008572804430381875e+19 1.842810898138716365e+19 1.690752190761372877e+19 1.551294140521443738e+19 1.423396325318011699e+19 1.330721620104085914e+19 1.275905797441991066e+19
3.088255669900050842e+19 2.834019785182040883e+19 2.600522808660116275e+19 2.386080887558536806e+19 2.189248537361847091e+19 2.008572804430381466e+19 1.842810898138716774e+19 1.690752190761372877e+19 1.551294140521443533e+19 1.423396325318011904e+19 1.330721620104085709e+19 1.275905797441991066e+19
3.088255669900050842e+19 2.834019785182040883e+19 2.600522808660116275e+19 2.386080887558536397e+19 2.189248537361846272e+19 2.008572804430381056e+19 1.842810898138716570e+19 1.690752190761372672e+19 1.551294140521443328e+19 1.423396325318011904e+19 1.330721620104085914e+19 1.275905797441991475e+19
3.088255669900051661e+19 2.834019785182040883e+19 2.600522808660116685e+19 2.386080887558535578e+19 2.189248537361847091e+19 2.008572804430380646e+19 1.842810898138716570e+19 1.690752190761372467e+19 1.551294140521443738e+19 1.423396325318011904e+19 1.330721620104085914e+19 1.275905797441991066e+19
3.088255669900052480e+19 2.834019785182040883e+19 2.600522808660116685e+19 2.386080887558535987e+19 2.189248537361846682e+19 2.008572804430379418e+19 1.842810898138716570e+19 1.690752190761372262e+19 1.551294140521443533e+19 1.423396325318011904e+19 1.330721620104086118e+19 1.275905797441991066e+19
3.088255669900052480e+19 2.834019785182040474e+19 2.600522808660116275e+19 2.386080887558535987e+19 2.189248537361846272e+19 2.008572804430379827e+19 1.842810898138716570e+19 1.690752190761372262e+19 1.551294140521443533e+19 1.423396325318011699e+19 1.330721620104086118e+19 1.275905797441991066e+19
3.088255669900052890e+19 2.834019785182039654e+19 2.600522808660116275e+19 2.386080887558536806e+19 2.189248537361846272e+19 2.008572804430380237e+19 1.842810898138716570e+19 1.690752190761372058e+19 1.551294140521443738e+19 1.423396325318011904e+19 1.330721620104086118e+19 1.275905797441991270e+19
3.088255669900053709e+19 2.834019785182039654e+19 2.600522808660116275e+19 2.386080887558536806e+19 2.189248537361846682e+19 2.008572804430379827e+19 1.842810898138716570e+19 1.690752190761371648e+19 1.551294140521443123e+19 1.423396325318011699e+19 1.330721620104085914e+19 1.275905797441991270e+19
3.088255669900053709e+19 2.834019785182039245e+19 2.600522808660116275e+19 2.386080887558536806e+19 2.189248537361847091e+19 2.008572804430379827e+19 1.842810898138716774e+19 1.690752190761371648e+19 1.551294140521442714e+19 1.423396325318011699e+19 1.330721620104086118e+19 1.275905797441990861e+19
3.088255669900053709e+19 2.834019785182038426e+19 2.600522808660116275e+19 2.386080887558537216e+19 2.189248537361847501e+19 2.008572804430381056e+19 1.842810898138716979e+19 1.690752190761371648e+19 1.551294140521442714e+19 1.423396325318011904e+19 1.330721620104086323e+19 1.275905797441990861e+19
3.088255669900054118e+19 2.834019785182038016e+19 2.600522808660117094e+19 2.386080887558536806e+19 2.189248537361847910e+19 2.008572804430380646e+19 1.842810898138717184e+19 1.690752190761371648e+19 1.551294140521442099e+19 1.423396325318012518e+19 1.330721620104086118e+19 1.275905797441991066e+19
3.088255669900054118e+19 2.834019785182038016e+19 2.600522808660117914e+19 2.386080887558536806e+19 2.189248537361847910e+19 2.008572804430379418e+19 1.842810898138717798e+19 1.690752190761371648e+19 1.551294140521443123e+19 1.423396325318013133e+19 1.330721620104086528e+19 1.275905797441990656e+19
3.088255669900054528e+19 2.834019785182038835e+19 2.600522808660117914e+19 2.386080887558536806e+19 2.189248537361847091e+19 2.008572804430380237e+19 1.842810898138718003e+19 1.690752190761371853e+19 1.551294140521442714e+19 1.423396325318013542e+19 1.330721620104086118e+19 1.275905797441990861e+19
3.088255669900054528e+19 2.834019785182039654e+19 2.600522808660117504e+19 2.386080887558535987e+19 2.189248537361847501e+19 2.008572804430381056e+19 1.842810898138718003e+19 1.690752190761372058e+19 1.551294140521442509e+19 1.423396325318013542e+19 1.330721620104086323e+19 1.275905797441990861e+19
3.088255669900054118e+19 2.834019785182039654e+19 2.600522808660117094e+19 2.386080887558536806e+19 2.189248537361847091e+19 2.008572804430380646e+19 1.842810898138718413e+19 1.690752190761372058e+19 1.551294140521442509e+19 1.423396325318013338e+19 1.330721620104086528e+19 1.275905797441991475e+19
3.088255669900053709e+19 2.834019785182039654e+19 2.600522808660117094e+19 2.386080887558536806e+19 2.189248537361847501e+19 2.008572804430380237e+19 1.842810898138718618e+19 1.690752190761372262e+19 1.551294140521442509e+19 1.423396325318013338e+19 1.330721620104086323e+19 1.275905797441991270e+19
3.088255669900054118e+19 2.834019785182040474e+19 2.600522808660117094e+19 2.386080887558536806e+19 2.189248537361847501e+19 2.008572804430380646e+19 1.842810898138718822e+19 1.690752190761372262e+19 1.551294140521442509e+19 1.423396325318013338e+19 1.330721620104086323e+19 1.275905797441991475e+19
3.088255669900053299e+19 2.834019785182041293e+19 2.600522808660117504e+19 2.386080887558536397e+19 2.189248537361846682e+19 2.008572804430381056e+19 1.842810898138718413e+19 1.690752190761372262e+19 1.551294140521442509e+19 1.423396325318013133e+19 1.330721620104085914e+19 1.275905797441991270e+19
3.088255669900052070e+19 2.834019785182041293e+19 2.600522808660118733e+19 2.386080887558535987e+19 2.189248537361846682e+19 2.008572804430381056e+19 1.842810898138718618e+19 1.690752190761372262e+19 1.551294140521442304e+19 1.423396325318013338e+19 1.330721620104086118e+19 1.275905797441991475e+19
3.088255669900053709e+19 2.834019785182041293e+19 2.600522808660118323e+19 2.386080887558535987e+19 2.189248537361847091e+19 2.008572804430380646e+19 1.842810898138718413e+19 1.690752190761372262e+19 1.551294140521442304e+19 1.423396325318013133e+19 1.330721620104086323e+19 1.275905797441990861e+19
3.088255669900053709e+19 2.834019785182040883e+19 2.600522808660117504e+19 2.386080887558536397e+19 2.189248537361847501e+19 2.008572804430380237e+19 1.842810898138718413e+19 1.690752190761371853e+19 1.551294140521442304e+19 1.423396325318013338e+19 1.330721620104085914e+19 1.275905797441991066e+19
3.088255669900053709e+19 2.834019785182041293e+19 2.600522808660117504e+19 2.386080887558536397e+19 2.189248537361848320e+19 2.008572804430380237e+19 1.842810898138718822e+19 1.690752190761371853e+19 1.551294140521442304e+19 1.423396325318013338e+19 1.330721620104085504e+19 1.275905797441991066e+19
3.088255669900053299e+19 2.834019785182041293e+19 2.600522808660116685e+19 2.386080887558536397e+19 2.189248537361848730e+19 2.008572804430380646e+19 1.842810898138718822e+19 1.690752190761371648e+19 1.551294140521442509e+19 1.423396325318013338e+19 1.330721620104086323e+19 1.275905797441991475e+19
3.088255669900053299e+19 2.834019785182041293e+19 2.600522808660118323e+19 2.386080887558535987e+19 2.189248537361848320e+19 2.008572804430381466e+19 1.842810898138718618e+19 1.690752190761371648e+19 1.551294140521442304e+19 1.423396325318013338e+19 1.330721620104086528e+19 1.275905797441991270e+19
3.088255669900054528e+19 2.834019785182041293e+19 2.600522808660117914e+19 2.386080887558536397e+19 2.189248537361849549e+19 2.008572804430382285e+19 1.842810898138718618e+19 1.690752190761371648e+19 1.551294140521442304e+19 1.423396325318013133e+19 1.330721620104086733e+19 1.275905797441991066e+19
3.088255669900055347e+19 2.834019785182042112e+19 2.600522808660117914e+19 2.386080887558535987e+19 2.189248537361849958e+19 2.008572804430381056e+19 1.842810898138717798e+19 1.690752190761371853e+19 1.551294140521442714e+19 1.423396325318013133e+19 1.330721620104086938e+19 1.275905797441991066e+19
3.088255669900054118e+19 2.834019785182042112e+19 2.600522808660118323e+19 2.386080887558536397e+19 2.189248537361849549e+19 2.008572804430381056e+19 1.842810898138717798e+19 1.690752190761371853e+19 1.551294140521442509e+19 1.423396325318013133e+19 1.330721620104088166e+19 1.275905797441991270e+19
3.088255669900054938e+19 2.834019785182042112e+19 2.600522808660117504e+19 2.386080887558535987e+19 2.189248537361849958e+19 2.008572804430381875e+19 1.842810898138717798e+19 1.690752190761372058e+19 1.551294140521442714e+19 1.423396325318012928e+19 1.330721620104089190e+19 1.275905797441991270e+19
3.088255669900055757e+19 2.834019785182040883e+19 2.600522808660116685e+19 2.386080887558535168e+19 2.189248537361849958e+19 2.008572804430381466e+19 1.842810898138718003e+19 1.690752190761371238e+19 1.551294140521442509e+19 1.423396325318012723e+19 1.330721620104089600e+19 1.275905797441991066e+19
3.088255669900056986e+19 2.834019785182040064e+19 2.600522808660117094e+19 2.386080887558534758e+19 2.189248537361849549e+19 2.008572804430381875e+19 1.842810898138718208e+19 1.690752190761371238e+19 1.551294140521442714e+19 1.423396325318012928e+19 1.330721620104090010e+19 1.275905797441991270e+19
3.088255669900056986e+19 2.834019785182040474e+19 2.600522808660117094e+19 2.386080887558534758e+19 2.189248537361849549e+19 2.008572804430381056e+19 1.842810898138718208e+19 1.690752190761371238e+19 1.551294140521442509e+19 1.423396325318013338e+19 1.330721620104090214e+19 1.275905797441991270e+19
3.088255669900055757e+19 2.834019785182040064e+19 2.600522808660116685e+19 2.386080887558534758e+19 2.189248537361849139e+19 2.008572804430381056e+19 1.842810898138718208e+19 1.690752190761371034e+19 1.551294140521442509e+19 1.423396325318013338e+19 1.330721620104090214e+19 1.275905797441991475e+19
3.088255669900055757e+19 2.834019785182040474e+19 2.600522808660115866e+19 2.386080887558534349e+19 2.189248537361848730e+19 2.008572804430381875e+19 1.842810898138718413e+19 1.690752190761371238e+19 1.551294140521442509e+19 1.423396325318013338e+19 1.330721620104090214e+19 1.275905797441991475e+19
3.088255669900054938e+19 2.834019785182040474e+19 2.600522808660114637e+19 2.386080887558534349e+19 2.189248537361849139e+19 2.008572804430382285e+19 1.842810898138718208e+19 1.690752190761371238e+19 1.551294140521442509e+19 1.423396325318013133e+19 1.330721620104090214e+19 1.275905797441991475e+19
3.088255669900054118e+19 2.834019785182040883e+19 2.600522808660114637e+19 2.386080887558534349e+19 2.189248537361848730e+19 2.008572804430381875e+19 1.842810898138718208e+19 1.690752190761371238e+19 1.551294140521442304e+19 1.423396325318013133e+19 1.330721620104090214e+19 1.275905797441991475e+19
3.088255669900054528e+19 2.834019785182040474e+19 2.600522808660114227e+19 2.386080887558534758e+19 2.189248537361848730e+19 2.008572804430381056e+19 1.842810898138718003e+19 1.690752190761371443e+19 1.551294140521442304e+19 1.423396325318013542e+19 1.330721620104090010e+19 1.275905797441991270e+19
3.088255669900054118e+19 2.834019785182039245e+19 2.600522808660114637e+19 2.386080887558534349e+19 2.189248537361849139e+19 2.008572804430381056e+19 1.842810898138717594e+19 1.690752190761371443e+19 1.551294140521442304e+19 1.423396325318013338e+19 1.330721620104090010e+19 1.275905797441991270e+19
3.088255669900054118e+19 2.834019785182039654e+19 2.600522808660114227e+19 2.386080887558535168e+19 2.189248537361848320e+19 2.008572804430381875e+19 1.842810898138717389e+19 1.690752190761371443e+19 1.551294140521442304e+19 1.423396325318013338e+19 1.330721620104090214e+19 1.275905797441991270e+19
3.088255669900053709e+19 2.834019785182038426e+19 2.600522808660113818e+19 2.386080887558534758e+19 2.189248537361849139e+19 2.008572804430382694e+19 1.842810898138717184e+19 1.690752190761371443e+19 1.551294140521442509e+19 1.423396325318013338e+19 1.330721620104090214e+19 1.275905797441991475e+19
3.088255669900053299e+19 2.834019785182038016e+19 2.600522808660112589e+19 2.386080887558534349e+19 2.189248537361849139e+19 2.008572804430382694e+19 1.842810898138717594e+19 1.690752190761371443e+19 1.551294140521442918e+19 1.423396325318013133e+19 1.330721620104090214e+19 1.275905797441991066e+19
3.088255669900052890e+19 2.834019785182038016e+19 2.600522808660112179e+19 2.386080887558535578e+19 2.189248537361849139e+19 2.008572804430383923e+19 1.842810898138718003e+19 1.690752190761371648e+19 1.551294140521442918e+19 1.423396325318013338e+19 1.330721620104090010e+19 1.275905797441991270e+19
3.088255669900053299e+19 2.834019785182038016e+19 2.600522808660112589e+19 2.386080887558535168e+19 2.189248537361848730e+19 2.008572804430383104e+19 1.842810898138718208e+19 1.690752190761371443e+19 1.551294140521442918e+19 1.423396325318013338e+19 1.330721620104090010e+19 1.275905797441990451e+19
3.088255669900053709e+19 2.834019785182038835e+19 2.600522808660113818e+19 2.386080887558534758e+19 2.189248537361848730e+19 2.008572804430383104e+19 1.842810898138718208e+19 1.690752190761371648e+19 1.551294140521442918e+19 1.423396325318013338e+19 1.330721620104090010e+19 1.275905797441990656e+19
3.088255669900054528e+19 2.834019785182038835e+19 2.600522808660112998e+19 2.386080887558535578e+19 2.189248537361848730e+19 2.008572804430384742e+19 1.842810898138718413e+19 1.690752190761371443e+19 1.551294140521443123e+19 1.423396325318013542e+19 1.330721620104090214e+19 1.275905797441990451e+19
3.088255669900054528e+19 2.834019785182038835e+19 2.600522808660113408e+19 2.386080887558535168e+19 2.189248537361848730e+19 2.008572804430383514e+19 1.842810898138718413e+19 1.690752190761371648e+19 1.551294140521443123e+19 1.423396325318013338e+19 1.330721620104090214e+19 1.275905797441989837e+19
3.088255669900054118e+19 2.834019785182038426e+19 2.600522808660115046e+19 2.386080887558535578e+19 2.189248537361848320e+19 2.008572804430383514e+19 1.842810898138718003e+19 1.690752190761371648e+19 1.551294140521442918e+19 1.423396325318013338e+19 1.330721620104090214e+19 1.275905797441990042e+19
3.088255669900054528e+19 2.834019785182038835e+19 2.600522808660114637e+19 2.386080887558534758e+19 2.189248537361848320e+19 2.008572804430383514e+19 1.842810898138717389e+19 1.690752190761370624e+19 1.551294140521442918e+19 1.423396325318013747e+19 1.330721620104090214e+19 1.275905797441990451e+19
3.088255669900054118e+19 2.834019785182039654e+19 2.600522808660114227e+19 2.386080887558535168e+19 2.189248537361848320e+19 2.008572804430382694e+19 1.842810898138717594e+19 1.690752190761370624e+19 1.551294140521443123e+19 1.423396325318013133e+19 1.330721620104090419e+19 1.275905797441990451e+19
3.088255669900054118e+19 2.834019785182039245e+19 2.600522808660115046e+19 2.386080887558535168e+19 2.189248537361848320e+19 2.008572804430383514e+19 1.842810898138717798e+19 1.690752190761370829e+19 1.551294140521442918e+19 1.423396325318013747e+19 1.330721620104090419e+19 1.275905797441990451e+19
3.088255669900054118e+19 2.834019785182039245e+19 2.600522808660114227e+19 2.386080887558534758e+19 2.189248537361849139e+19 2.008572804430383923e+19 1.842810898138717798e+19 1.690752190761371034e+19 1.551294140521442714e+19 1.423396325318013747e+19 1.330721620104090829e+19 1.275905797441990451e+19
3.088255669900054528e+19 2.834019785182038426e+19 2.600522808660114227e+19 2.386080887558533530e+19 2.189248537361849958e+19 2.008572804430383923e+19 1.842810898138718003e+19 1.690752190761370829e+19 1.551294140521442509e+19 1.423396325318014362e+19 1.330721620104090624e+19 1.275905797441990246e+19
3.088255669900054528e+19 2.834019785182038835e+19 2.600522808660114637e+19 2.386080887558533939e+19 2.189248537361850778e+19 2.008572804430383923e+19 1.842810898138718003e+19 1.690752190761370829e+19 1.551294140521442714e+19 1.423396325318015590e+19 1.330721620104090624e+19 1.275905797441990246e+19
3.088255669900054528e+19 2.834019785182038835e+19 2.600522808660113408e+19 2.386080887558533939e+19 2.189248537361850778e+19 2.008572804430384333e+19 1.842810898138718208e+19 1.690752190761370419e+19 1.551294140521442714e+19 1.423396325318015795e+19 1.330721620104090419e+19 1.275905797441990451e+19
3.088255669900055757e+19 2.834019785182040064e+19 2.600522808660114227e+19 2.386080887558534349e+19 2.189248537361850778e+19 2.008572804430384742e+19 1.842810898138718618e+19 1.690752190761370624e+19 1.551294140521442714e+19 1.423396325318015181e+19 1.330721620104090624e+19 1.275905797441990246e+19
3.088255669900056576e+19 2.834019785182040474e+19 2.600522808660115456e+19 2.386080887558533120e+19 2.189248537361852006e+19 2.008572804430385562e+19 1.842810898138718618e+19 1.690752190761370214e+19 1.551294140521442714e+19 1.423396325318015590e+19 1.330721620104090624e+19 1.275905797441990042e+19
3.088255669900055757e+19 2.834019785182040064e+19 2.600522808660115046e+19 2.386080887558533939e+19 2.189248537361851597e+19 2.008572804430386381e+19 1.842810898138718822e+19 1.690752190761370419e+19 1.551294140521442714e+19 1.423396325318016000e+19 1.330721620104090214e+19 1.275905797441989837e+19
3.088255669900055757e+19 2.834019785182040064e+19 2.600522808660115046e+19 2.386080887558534349e+19 2.189248537361851187e+19 2.008572804430386381e+19 1.842810898138718822e+19 1.690752190761370419e+19 1.551294140521442714e+19 1.423396325318016000e+19 1.330721620104090010e+19 1.275905797441990246e+19
3.088255669900055757e+19 2.834019785182039245e+19 2.600522808660115046e+19 2.386080887558534349e+19 2.189248537361851597e+19 2.008572804430387610e+19 1.842810898138719027e+19 1.690752190761370624e+19 1.551294140521442714e+19 1.423396325318016205e+19 1.330721620104089805e+19 1.275905797441990246e+19
3.088255669900053709e+19 2.834019785182040474e+19 2.600522808660114637e+19 2.386080887558535168e+19 2.189248537361850368e+19 2.008572804430387610e+19 1.842810898138718413e+19 1.690752190761370624e+19 1.551294140521442714e+19 1.423396325318016000e+19 1.330721620104089805e+19 1.275905797441990042e+19
3.088255669900053709e+19 2.834019785182040883e+19 2.600522808660115456e+19 2.386080887558534758e+19 2.189248537361850778e+19 2.008572804430388429e+19 1.842810898138718618e+19 1.690752190761370624e+19 1.551294140521442509e+19 1.423396325318016000e+19 1.330721620104089805e+19 1.275905797441990042e+19
3.088255669900052480e+19 2.834019785182040883e+19 2.600522808660113818e+19 2.386080887558534349e+19 2.189248537361849958e+19 2.008572804430388429e+19 1.842810898138718618e+19 1.690752190761370419e+19 1.551294140521442918e+19 1.423396325318016000e+19 1.330721620104089805e+19 1.275905797441989837e+19
3.088255669900052070e+19 2.834019785182040474e+19 2.600522808660114227e+19 2.386080887558533530e+19 2.189248537361850368e+19 2.008572804430387610e+19 1.842810898138718822e+19 1.690752190761370419e+19 1.551294140521442918e+19 1.423396325318015795e+19 1.330721620104089805e+19 1.275905797441989427e+19
3.088255669900051661e+19 2.834019785182040883e+19 2.600522808660114637e+19 2.386080887558533939e+19 2.189248537361850368e+19 2.008572804430387610e+19 1.842810898138719232e+19 1.690752190761370419e+19 1.551294140521442509e+19 1.423396325318015386e+19 1.330721620104089805e+19 1.275905797441989427e+19
3.088255669900051661e+19 2.834019785182040064e+19 2.600522808660115046e+19 2.386080887558533530e+19 2.189248537361850778e+19 2.008572804430388429e+19 1.842810898138719027e+19 1.690752190761370419e+19 1.551294140521442918e+19 1.423396325318015590e+19 1.330721620104089600e+19 1.275905797441989632e+19
3.088255669900052070e+19 2.834019785182039654e+19 2.600522808660115046e+19 2.386080887558533939e+19 2.189248537361850778e+19 2.008572804430388429e+19 1.842810898138718618e+19 1.690752190761369805e+19 1.551294140521442509e+19 1.423396325318015795e+19 1.330721620104089600e+19 1.275905797441989427e+19
3.088255669900052070e+19 2.834019785182039654e+19 2.600522808660115046e+19 2.386080887558533939e+19 2.189248537361850778e+19 2.008572804430388838e+19 1.842810898138719232e+19 1.690752190761370829e+19 1.551294140521442509e+19 1.423396325318015590e+19 1.330721620104089600e+19 1.275905797441989632e+19
3.088255669900052070e+19 2.834019785182040474e+19 2.600522808660115866e+19 2.386080887558532710e+19 2.189248537361850778e+19 2.008572804430387200e+19 1.842810898138719232e+19 1.690752190761370829e+19 1.551294140521442918e+19 1.423396325318015795e+19 1.330721620104089600e+19 1.275905797441990042e+19
3.088255669900051661e+19 2.834019785182039654e+19 2.600522808660115456e+19 2.386080887558533939e+19 2.189248537361850778e+19 2.008572804430386790e+19 1.842810898138719232e+19 1.690752190761370829e+19 1.551294140521441690e+19 1.423396325318015590e+19 1.330721620104089600e+19 1.275905797441990246e+19
3.088255669900051251e+19 2.834019785182039245e+19 2.600522808660115456e+19 2.386080887558533530e+19 2.189248537361851187e+19 2.008572804430387610e+19 1.842810898138719642e+19 1.690752190761370829e+19 1.551294140521441280e+19 1.423396325318015590e+19 1.330721620104089805e+19 1.275905797441990042e+19
3.088255669900050432e+19 2.834019785182039654e+19 2.600522808660115866e+19 2.386080887558533530e+19 2.189248537361852416e+19 2.008572804430387610e+19 1.842810898138719642e+19 1.690752190761371034e+19 1.551294140521441485e+19 1.423396325318015590e+19 1.330721620104089600e+19 1.275905797441990042e+19
3.088255669900050022e+19 2.834019785182040064e+19 2.600522808660116275e+19 2.386080887558533939e+19 2.189248537361852416e+19 2.008572804430387610e+19 1.842810898138719437e+19 1.690752190761371034e+19 1.551294140521441280e+19 1.423396325318015386e+19 1.330721620104090419e+19 1.275905797441990042e+19
3.088255669900050432e+19 2.834019785182039654e+19 2.600522808660116275e+19 2.386080887558533530e+19 2.189248537361852826e+19 2.008572804430387200e+19 1.842810898138719642e+19 1.690752190761371034e+19 1.551294140521441690e+19 1.423396325318015590e+19 1.330721620104090829e+19 1.275905797441990451e+19
3.088255669900050432e+19 2.834019785182039654e+19 2.600522808660117914e+19 2.386080887558533530e+19 2.189248537361852416e+19 2.008572804430387610e+19 1.842810898138719642e+19 1.690752190761371034e+19 1.551294140521441485e+19 1.423396325318015590e+19 1.330721620104090624e+19 1.275905797441990656e+19
3.088255669900050022e+19 2.834019785182039245e+19 2.600522808660117504e+19 2.386080887558533530e+19 2.189248537361852826e+19 2.008572804430388019e+19 1.842810898138719642e+19 1.690752190761370829e+19 1.551294140521441280e+19 1.423396325318015590e+19 1.330721620104090419e+19 1.275905797441990042e+19
3.088255669900050432e+19 2.834019785182038426e+19 2.600522808660117914e+19 2.386080887558533939e+19 2.189248537361853645e+19 2.008572804430388019e+19 1.842810898138719846e+19 1.690752190761370624e+19 1.551294140521441485e+19 1.423396325318015795e+19 1.330721620104090624e+19 1.275905797441990246e+19
3.088255669900050022e+19 2.834019785182040064e+19 2.600522808660118323e+19 2.386080887558533939e+19 2.189248537361852826e+19 2.008572804430387610e+19 1.842810898138719027e+19 1.690752190761370624e+19 1.551294140521441690e+19 1.423396325318015795e+19 1.330721620104090829e+19 1.275905797441990042e+19
3.088255669900050842e+19 2.834019785182040883e+19 2.600522808660118733e+19 2.386080887558533939e+19 2.189248537361852826e+19 2.008572804430386790e+19 1.842810898138718822e+19 1.690752190761370419e+19 1.551294140521441690e+19 1.423396325318015795e+19 1.330721620104091034e+19 1.275905797441990246e+19
3.088255669900050432e+19 2.834019785182041702e+19 2.600522808660118323e+19 2.386080887558533530e+19 2.189248537361852006e+19 2.008572804430387610e+19 1.842810898138719027e+19 1.690752190761370624e+19 1.551294140521441485e+19 1.423396325318015795e+19 1.330721620104090829e+19 1.275905797441990246e+19
3.088255669900050842e+19 2.834019785182042522e+19 2.600522808660118323e+19 2.386080887558533939e+19 2.189248537361852416e+19 2.008572804430387200e+19 1.842810898138719027e+19 1.690752190761370624e+19 1.551294140521441485e+19 1.423396325318016000e+19 1.330721620104090829e+19 1.275905797441989632e+19
3.088255669900050432e+19 2.834019785182041702e+19 2.600522808660117504e+19 2.386080887558533530e+19 2.189248537361852826e+19 2.008572804430387610e+19 1.842810898138719232e+19 1.690752190761370214e+19 1.551294140521441485e+19 1.423396325318015795e+19 1.330721620104090829e+19 1.275905797441989222e+19
3.088255669900050022e+19 2.834019785182041293e+19 2.600522808660117914e+19 2.386080887558533530e+19 2.189248537361853235e+19 2.008572804430388019e+19 1.842810898138719232e+19 1.690752190761370214e+19 1.551294140521441485e+19 1.423396325318016000e+19 1.330721620104090829e+19 1.275905797441989222e+19
3.088255669900050432e+19 2.834019785182042522e+19 2.600522808660117504e+19 2.386080887558534349e+19 2.189248537361853235e+19 2.008572804430388019e+19 1.842810898138719027e+19 1.690752190761370214e+19 1.551294140521441485e+19 1.423396325318016205e+19 1.330721620104090624e+19 1.275905797441988608e+19
3.088255669900050432e+19 2.834019785182042112e+19 2.600522808660117094e+19 2.386080887558534349e+19 2.189248537361852826e+19 2.008572804430388429e+19 1.842810898138719437e+19 1.690752190761370214e+19 1.551294140521441690e+19 1.423396325318016410e+19 1.330721620104090624e+19 1.275905797441988813e+19
3.088255669900050432e+19 2.834019785182042522e+19 2.600522808660117094e+19 2.386080887558534758e+19 2.189248537361853235e+19 2.008572804430388019e+19 1.842810898138719232e+19 1.690752190761369190e+19 1.551294140521442099e+19 1.423396325318016410e+19 1.330721620104090624e+19 1.275905797441988608e+19
3.088255669900050022e+19 2.834019785182042112e+19 2.600522808660117504e+19 2.386080887558534758e+19 2.189248537361852006e+19 2.008572804430388019e+19 1.842810898138719437e+19 1.690752190761368781e+19 1.551294140521442304e+19 1.423396325318016205e+19 1.330721620104090624e+19 1.275905797441988608e+19
3.088255669900050022e+19 2.834019785182042931e+19 2.600522808660118323e+19 2.386080887558535168e+19 2.189248537361852006e+19 2.008572804430387610e+19 1.842810898138719232e+19 1.690752190761369190e+19 1.551294140521442099e+19 1.423396325318016410e+19 1.330721620104090624e+19 1.275905797441988608e+19
3.088255669900049613e+19 2.834019785182042522e+19 2.600522808660118323e+19 2.386080887558535578e+19 2.189248537361852006e+19 2.008572804430387200e+19 1.842810898138719232e+19 1.690752190761369190e+19 1.551294140521442099e+19 1.423396325318016410e+19 1.330721620104090419e+19 1.275905797441987584e+19
3.088255669900050022e+19 2.834019785182043341e+19 2.600522808660117914e+19 2.386080887558535987e+19 2.189248537361851597e+19 2.008572804430387200e+19 1.842810898138719232e+19 1.690752190761369190e+19 1.551294140521442099e+19 1.423396325318016410e+19 1.330721620104090624e+19 1.275905797441987584e+19
3.088255669900049613e+19 2.834019785182043750e+19 2.600522808660117914e+19 2.386080887558535987e+19 2.189248537361851597e+19 2.008572804430385971e+19 1.842810898138719027e+19 1.690752190761369190e+19 1.551294140521442099e+19 1.423396325318016410e+19 1.330721620104090624e+19 1.275905797441987584e+19
3.088255669900048384e+19 2.834019785182044160e+19 2.600522808660117914e+19 2.386080887558535578e+19 2.189248537361851187e+19 2.008572804430385971e+19 1.842810898138719027e+19 1.690752190761368986e+19 1.551294140521442304e+19 1.423396325318016614e+19 1.330721620104090624e+19 1.275905797441987379e+19
3.088255669900047565e+19 2.834019785182044160e+19 2.600522808660117504e+19 2.386080887558536806e+19 2.189248537361851187e+19 2.008572804430386381e+19 1.842810898138719232e+19 1.690752190761368986e+19 1.551294140521442304e+19 1.423396325318016410e+19 1.330721620104090624e+19 1.275905797441987174e+19
3.088255669900047155e+19 2.834019785182044160e+19 2.600522808660119142e+19 2.386080887558536806e+19 2.189248537361850778e+19 2.008572804430386790e+19 1.842810898138719437e+19 1.690752190761369190e+19 1.551294140521442099e+19 1.423396325318016614e+19 1.330721620104090829e+19 1.275905797441986355e+19
3.088255669900046746e+19 2.834019785182043750e+19 2.600522808660119962e+19 2.386080887558536806e+19 2.189248537361851187e+19 2.008572804430386381e+19 1.842810898138719437e+19 1.690752190761368986e+19 1.551294140521441894e+19 1.423396325318016819e+19 1.330721620104091034e+19 1.275905797441986150e+19
3.088255669900046746e+19 2.834019785182043341e+19 2.600522808660119552e+19 2.386080887558537626e+19 2.189248537361850778e+19 2.008572804430387200e+19 1.842810898138719437e+19 1.690752190761368781e+19 1.551294140521441690e+19 1.423396325318016819e+19 1.330721620104091238e+19 1.275905797441985536e+19
3.088255669900046336e+19 2.834019785182043341e+19 2.600522808660119962e+19 2.386080887558537216e+19 2.189248537361850778e+19 2.008572804430387610e+19 1.842810898138719232e+19 1.690752190761368781e+19 1.551294140521441690e+19 1.423396325318017024e+19 1.330721620104091034e+19 1.275905797441985741e+19
3.088255669900046336e+19 2.834019785182043750e+19 2.600522808660120371e+19 2.386080887558536806e+19 2.189248537361850368e+19 2.008572804430386790e+19 1.842810898138719232e+19 1.690752190761368986e+19 1.551294140521441894e+19 1.423396325318017024e+19 1.330721620104091034e+19 1.275905797441985946e+19
3.088255669900046746e+19 2.834019785182043750e+19 2.600522808660120371e+19 2.386080887558537626e+19 2.189248537361850368e+19 2.008572804430386790e+19 1.842810898138719027e+19 1.690752190761368781e+19 1.551294140521441894e+19 1.423396325318017024e+19 1.330721620104090829e+19 1.275905797441986150e+19
3.088255669900047155e+19 2.834019785182043341e+19 2.600522808660119962e+19 2.386080887558538445e+19 2.189248537361850778e+19 2.008572804430385971e+19 1.842810898138719232e+19 1.690752190761368986e+19 1.551294140521441894e+19 1.423396325318017229e+19 1.330721620104090829e+19 1.275905797441985946e+19
3.088255669900046746e+19 2.834019785182041702e+19 2.600522808660120371e+19 2.386080887558538035e+19 2.189248537361850778e+19 2.008572804430385971e+19 1.842810898138719437e+19 1.690752190761369190e+19 1.551294140521441690e+19 1.423396325318017229e+19 1.330721620104090624e+19 1.275905797441986560e+19
3.088255669900047565e+19 2.834019785182042522e+19 2.600522808660119962e+19 2.386080887558537626e+19 2.189248537361851187e+19 2.008572804430386790e+19 1.842810898138719232e+19 1.690752190761368986e+19 1.551294140521441894e+19 1.423396325318017024e+19 1.330721620104090419e+19 1.275905797441986560e+19
3.088255669900046336e+19 2.834019785182042522e+19 2.600522808660119142e+19 2.386080887558538445e+19 2.189248537361849549e+19 2.008572804430386381e+19 1.842810898138719232e+19 1.690752190761368986e+19 1.551294140521441894e+19 1.423396325318017434e+19 1.330721620104090419e+19 1.275905797441986355e+19
3.088255669900045926e+19 2.834019785182042522e+19 2.600522808660119142e+19 2.386080887558538445e+19 2.189248537361850368e+19 2.008572804430386381e+19 1.842810898138719437e+19 1.690752190761368986e+19 1.551294140521442099e+19 1.423396325318018048e+19 1.330721620104090214e+19 1.275905797441986765e+19
3.088255669900045926e+19 2.834019785182042931e+19 2.600522808660119142e+19 2.386080887558538035e+19 2.189248537361850368e+19 2.008572804430386790e+19 1.842810898138719642e+19 1.690752190761369190e+19 1.551294140521442099e+19 1.423396325318018253e+19 1.330721620104090214e+19 1.275905797441986765e+19
3.088255669900046336e+19 2.834019785182044160e+19 2.600522808660118733e+19 2.386080887558538035e+19 2.189248537361849958e+19 2.008572804430387200e+19 1.842810898138719642e+19 1.690752190761368781e+19 1.551294140521441894e+19 1.423396325318018253e+19 1.330721620104090214e+19 1.275905797441986970e+19
3.088255669900045926e+19 2.834019785182042931e+19 2.600522808660117914e+19 2.386080887558538854e+19 2.189248537361849549e+19 2.008572804430388019e+19 1.842810898138719642e+19 1.690752190761369805e+19 1.551294140521441894e+19 1.423396325318018253e+19 1.330721620104090419e+19 1.275905797441986765e+19
3.088255669900046336e+19 2.834019785182042931e+19 2.600522808660117914e+19 2.386080887558539264e+19 2.189248537361849549e+19 2.008572804430388019e+19 1.842810898138719846e+19 1.690752190761370624e+19 1.551294140521441690e+19 1.423396325318018458e+19 1.330721620104090214e+19 1.275905797441986970e+19
3.088255669900047155e+19 2.834019785182042522e+19 2.600522808660117504e+19 2.386080887558538854e+19 2.189248537361850778e+19 2.008572804430388429e+19 1.842810898138719846e+19 1.690752190761371034e+19 1.551294140521441894e+19 1.423396325318018253e+19 1.330721620104090419e+19 1.275905797441987174e+19
3.088255669900046336e+19 2.834019785182042931e+19 2.600522808660117094e+19 2.386080887558539264e+19 2.189248537361850368e+19 2.008572804430388429e+19 1.842810898138720051e+19 1.690752190761370624e+19 1.551294140521442099e+19 1.423396325318018253e+19 1.330721620104090419e+19 1.275905797441987174e+19
3.088255669900045926e+19 2.834019785182043750e+19 2.600522808660117094e+19 2.386080887558538035e+19 2.189248537361851187e+19 2.008572804430388429e+19 1.842810898138720051e+19 1.690752190761370624e+19 1.551294140521442099e+19 1.423396325318018253e+19 1.330721620104090419e+19 1.275905797441987379e+19
3.088255669900045926e+19 2.834019785182044570e+19 2.600522808660117094e+19 2.386080887558538854e+19 2.189248537361850778e+19 2.008572804430387610e+19 1.842810898138720256e+19 1.690752190761370214e+19 1.551294140521442099e+19 1.423396325318018253e+19 1.330721620104090419e+19 1.275905797441987379e+19
3.088255669900047155e+19 2.834019785182046208e+19 2.600522808660117504e+19 2.386080887558538445e+19 2.189248537361850368e+19 2.008572804430387200e+19 1.842810898138720256e+19 1.690752190761370419e+19 1.551294140521442099e+19 1.423396325318018253e+19 1.330721620104090419e+19 1.275905797441987379e+19
3.088255669900046336e+19 2.834019785182046208e+19 2.600522808660116275e+19 2.386080887558538035e+19 2.189248537361851187e+19 2.008572804430388429e+19 1.842810898138719846e+19 1.690752190761370214e+19 1.551294140521442304e+19 1.423396325318018458e+19 1.330721620104090829e+19 1.275905797441987584e+19
3.088255669900046336e+19 2.834019785182046208e+19 2.600522808660116275e+19 2.386080887558537626e+19 2.189248537361852416e+19 2.008572804430388019e+19 1.842810898138719846e+19 1.690752190761370419e+19 1.551294140521442304e+19 1.423396325318018253e+19 1.330721620104091034e+19 1.275905797441987789e+19
