2.110210066443365990e+19 1.914178594134375629e+19 1.722049069190203802e+19 1.551150466826563789e+19 1.397653918892558131e+19 1.260066552163143270e+19 1.136614837477586330e+19 1.025782463479504896e+19 9.276552744612878336e+18 8.417439288255898624e+18 7.664390730037212160e+18
2.110210066443365581e+19 1.914178594134375219e+19 1.722049069190203802e+19 1.551150466826563994e+19 1.397653918892558131e+19 1.260066552163142861e+19 1.136614837477586534e+19 1.025782463479504691e+19 9.276552744612878336e+18 8.417439288255897600e+18 7.664390730037211136e+18
2.110210066443365171e+19 1.914178594134375219e+19 1.722049069190204006e+19 1.551150466826564403e+19 1.397653918892558131e+19 1.260066552163143066e+19 1.136614837477586739e+19 1.025782463479504896e+19 9.276552744612876288e+18 8.417439288255896576e+18 7.664390730037210112e+18
2.110210066443365171e+19 1.914178594134375629e+19 1.722049069190204416e+19 1.551150466826564198e+19 1.397653918892557926e+19 1.260066552163143475e+19 1.136614837477586739e+19 1.025782463479504691e+19 9.276552744612876288e+18 8.417439288255898624e+18 7.664390730037210112e+18
2.110210066443365171e+19 1.914178594134375219e+19 1.722049069190204826e+19 1.551150466826563994e+19 1.397653918892558131e+19 1.260066552163143680e+19 1.136614837477587149e+19 1.025782463479504486e+19 9.276552744612874240e+18 8.417439288255895552e+18 7.664390730037210112e+18
2.110210066443365171e+19 1.914178594134375219e+19 1.722049069190205030e+19 1.551150466826563789e+19 1.397653918892557722e+19 1.260066552163143885e+19 1.136614837477587149e+19 1.025782463479504486e+19 9.276552744612870144e+18 8.417439288255894528e+18 7.664390730037210112e+18
2.110210066443365171e+19 1.914178594134375629e+19 1.722049069190204826e+19 1.551150466826563584e+19 1.397653918892557517e+19 1.260066552163143680e+19 1.136614837477587558e+19 1.025782463479504282e+19 9.276552744612870144e+18 8.417439288255893504e+18 7.664390730037209088e+18
2.110210066443365581e+19 1.914178594134375629e+19 1.722049069190204621e+19 1.551150466826563789e+19 1.397653918892558131e+19 1.260066552163143885e+19 1.136614837477587354e+19 1.025782463479504486e+19 9.276552744612870144e+18 8.417439288255891456e+18 7.664390730037210112e+18
2.110210066443365581e+19 1.914178594134375629e+19 1.722049069190205235e+19 1.551150466826564198e+19 1.397653918892558131e+19 1.260066552163144090e+19 1.136614837477587763e+19 1.025782463479504282e+19 9.276552744612872192e+18 8.417439288255891456e+18 7.664390730037213184e+18
2.110210066443365581e+19 1.914178594134375219e+19 1.722049069190205235e+19 1.551150466826563789e+19 1.397653918892557517e+19 1.260066552163143475e+19 1.136614837477587558e+19 1.025782463479504282e+19 9.276552744612870144e+18 8.417439288255891456e+18 7.664390730037211136e+18
2.110210066443365990e+19 1.914178594134374810e+19 1.722049069190205440e+19 1.551150466826563584e+19 1.397653918892557517e+19 1.260066552163143270e+19 1.136614837477587558e+19 1.025782463479504486e+19 9.276552744612872192e+18 8.417439288255892480e+18 7.664390730037211136e+18
2.110210066443365990e+19 1.914178594134375219e+19 1.722049069190205235e+19 1.551150466826563379e+19 1.397653918892557517e+19 1.260066552163143270e+19 1.136614837477587558e+19 1.025782463479504282e+19 9.276552744612870144e+18 8.417439288255890432e+18 7.664390730037210112e+18
2.110210066443365990e+19 1.914178594134376038e+19 1.722049069190205440e+19 1.551150466826563994e+19 1.397653918892557312e+19 1.260066552163144090e+19 1.136614837477587558e+19 1.025782463479504282e+19 9.276552744612870144e+18 8.417439288255886336e+18 7.664390730037209088e+18
2.110210066443366400e+19 1.914178594134376038e+19 1.722049069190205235e+19 1.551150466826563789e+19 1.397653918892557312e+19 1.260066552163144090e+19 1.136614837477587354e+19 1.025782463479504691e+19 9.276552744612870144e+18 8.417439288255887360e+18 7.664390730037210112e+18
2.110210066443365990e+19 1.914178594134376038e+19 1.722049069190205645e+19 1.551150466826563379e+19 1.397653918892557517e+19 1.260066552163144090e+19 1.136614837477587763e+19 1.025782463479504691e+19 9.276552744612870144e+18 8.417439288255887360e+18 7.664390730037210112e+18
2.110210066443366400e+19 1.914178594134376448e+19 1.722049069190205235e+19 1.551150466826562765e+19 1.397653918892557926e+19 1.260066552163143680e+19 1.136614837477587354e+19 1.025782463479504486e+19 9.276552744612868096e+18 8.417439288255888384e+18 7.664390730037211136e+18
2.110210066443366810e+19 1.914178594134376038e+19 1.722049069190205645e+19 1.551150466826562765e+19 1.397653918892557517e+19 1.260066552163143885e+19 1.136614837477587354e+19 1.025782463479504486e+19 9.276552744612868096e+18 8.417439288255892480e+18 7.664390730037210112e+18
2.110210066443366810e+19 1.914178594134376038e+19 1.722049069190205235e+19 1.551150466826563174e+19 1.397653918892557517e+19 1.260066552163143680e+19 1.136614837477587354e+19 1.025782463479504691e+19 9.276552744612872192e+18 8.417439288255894528e+18 7.664390730037211136e+18
2.110210066443367219e+19 1.914178594134376038e+19 1.722049069190205645e+19 1.551150466826563379e+19 1.397653918892557517e+19 1.260066552163143680e+19 1.136614837477587354e+19 1.025782463479504077e+19 9.276552744612868096e+18 8.417439288255895552e+18 7.664390730037209088e+18
2.110210066443367219e+19 1.914178594134376038e+19 1.722049069190205850e+19 1.551150466826562765e+19 1.397653918892557722e+19 1.260066552163143680e+19 1.136614837477587354e+19 1.025782463479504077e+19 9.276552744612868096e+18 8.417439288255891456e+18 7.664390730037208064e+18
2.110210066443366400e+19 1.914178594134375629e+19 1.722049069190205645e+19 1.551150466826562970e+19 1.397653918892558131e+19 1.260066552163143475e+19 1.136614837477587149e+19 1.025782463479504077e+19 9.276552744612868096e+18 8.417439288255895552e+18 7.664390730037209088e+18
2.110210066443366400e+19 1.914178594134376448e+19 1.722049069190205030e+19 1.551150466826562765e+19 1.397653918892558950e+19 1.260066552163143885e+19 1.136614837477587354e+19 1.025782463479503872e+19 9.276552744612868096e+18 8.417439288255894528e+18 7.664390730037210112e+18
2.110210066443365990e+19 1.914178594134376858e+19 1.722049069190205235e+19 1.551150466826562150e+19 1.397653918892558746e+19 1.260066552163143885e+19 1.136614837477587149e+19 1.025782463479503462e+19 9.276552744612870144e+18 8.417439288255893504e+18 7.664390730037210112e+18
2.110210066443365990e+19 1.914178594134376448e+19 1.722049069190205235e+19 1.551150466826562355e+19 1.397653918892558950e+19 1.260066552163143680e+19 1.136614837477587558e+19 1.025782463479503462e+19 9.276552744612866048e+18 8.417439288255895552e+18 7.664390730037207040e+18
2.110210066443366400e+19 1.914178594134376448e+19 1.722049069190205235e+19 1.551150466826562150e+19 1.397653918892558950e+19 1.260066552163143885e+19 1.136614837477587354e+19 1.025782463479503667e+19 9.276552744612868096e+18 8.417439288255893504e+18 7.664390730037208064e+18
2.110210066443366810e+19 1.914178594134376858e+19 1.722049069190205440e+19 1.551150466826562355e+19 1.397653918892559155e+19 1.260066552163143680e+19 1.136614837477587149e+19 1.025782463479503258e+19 9.276552744612870144e+18 8.417439288255894528e+18 7.664390730037209088e+18
2.110210066443365990e+19 1.914178594134376858e+19 1.722049069190206054e+19 1.551150466826562150e+19 1.397653918892559360e+19 1.260066552163143885e+19 1.136614837477587354e+19 1.025782463479503667e+19 9.276552744612870144e+18 8.417439288255893504e+18 7.664390730037209088e+18
2.110210066443366810e+19 1.914178594134376448e+19 1.722049069190205645e+19 1.551150466826562355e+19 1.397653918892559360e+19 1.260066552163143885e+19 1.136614837477587354e+19 1.025782463479503667e+19 9.276552744612870144e+18 8.417439288255893504e+18 7.664390730037211136e+18
2.110210066443366400e+19 1.914178594134376038e+19 1.722049069190205645e+19 1.551150466826562150e+19 1.397653918892559360e+19 1.260066552163144090e+19 1.136614837477587354e+19 1.025782463479503462e+19 9.276552744612872192e+18 8.417439288255894528e+18 7.664390730037211136e+18
2.110210066443366400e+19 1.914178594134376448e+19 1.722049069190205850e+19 1.551150466826562150e+19 1.397653918892559155e+19 1.260066552163143885e+19 1.136614837477587354e+19 1.025782463479503462e+19 9.276552744612870144e+18 8.417439288255895552e+18 7.664390730037210112e+18
2.110210066443366400e+19 1.914178594134376448e+19 1.722049069190205440e+19 1.551150466826562560e+19 1.397653918892559360e+19 1.260066552163144294e+19 1.136614837477587354e+19 1.025782463479503462e+19 9.276552744612870144e+18 8.417439288255894528e+18 7.664390730037212160e+18
2.110210066443366810e+19 1.914178594134376038e+19 1.722049069190205440e+19 1.551150466826562150e+19 1.397653918892559155e+19 1.260066552163143885e+19 1.136614837477587149e+19 1.025782463479503053e+19 9.276552744612870144e+18 8.417439288255893504e+18 7.664390730037211136e+18
2.110210066443366400e+19 1.914178594134376038e+19 1.722049069190205645e+19 1.551150466826562355e+19 1.397653918892558746e+19 1.260066552163143885e+19 1.136614837477587149e+19 1.025782463479503258e+19 9.276552744612866048e+18 8.417439288255894528e+18 7.664390730037214208e+18
2.110210066443365990e+19 1.914178594134376448e+19 1.722049069190205440e+19 1.551150466826562765e+19 1.397653918892558746e+19 1.260066552163144294e+19 1.136614837477587149e+19 1.025782463479503258e+19 9.276552744612868096e+18 8.417439288255892480e+18 7.664390730037215232e+18
2.110210066443366810e+19 1.914178594134375629e+19 1.722049069190205235e+19 1.551150466826562970e+19 1.397653918892558950e+19 1.260066552163144499e+19 1.136614837477587354e+19 1.025782463479503258e+19 9.276552744612870144e+18 8.417439288255891456e+18 7.664390730037215232e+18
2.110210066443367219e+19 1.914178594134375629e+19 1.722049069190205235e+19 1.551150466826562970e+19 1.397653918892559360e+19 1.260066552163144294e+19 1.136614837477587354e+19 1.025782463479503053e+19 9.276552744612870144e+18 8.417439288255889408e+18 7.664390730037214208e+18
2.110210066443367219e+19 1.914178594134374810e+19 1.722049069190204826e+19 1.551150466826562765e+19 1.397653918892559565e+19 1.260066552163144090e+19 1.136614837477587558e+19 1.025782463479502848e+19 9.276552744612870144e+18 8.417439288255892480e+18 7.664390730037216256e+18
2.110210066443366810e+19 1.914178594134374810e+19 1.722049069190204416e+19 1.551150466826562765e+19 1.397653918892559155e+19 1.260066552163144090e+19 1.136614837477587354e+19 1.025782463479502643e+19 9.276552744612868096e+18 8.417439288255894528e+18 7.664390730037216256e+18
2.110210066443366400e+19 1.914178594134374810e+19 1.722049069190204621e+19 1.551150466826562765e+19 1.397653918892559565e+19 1.260066552163143885e+19 1.136614837477587354e+19 1.025782463479502848e+19 9.276552744612870144e+18 8.417439288255893504e+18 7.664390730037218304e+18
2.110210066443366400e+19 1.914178594134374810e+19 1.722049069190204621e+19 1.551150466826562970e+19 1.397653918892559155e+19 1.260066552163144090e+19 1.136614837477587149e+19 1.025782463479502643e+19 9.276552744612868096e+18 8.417439288255892480e+18 7.664390730037218304e+18
2.110210066443365990e+19 1.914178594134374400e+19 1.722049069190204211e+19 1.551150466826562765e+19 1.397653918892559155e+19 1.260066552163144090e+19 1.136614837477587354e+19 1.025782463479502643e+19 9.276552744612868096e+18 8.417439288255894528e+18 7.664390730037216256e+18
2.110210066443366400e+19 1.914178594134373990e+19 1.722049069190204621e+19 1.551150466826562765e+19 1.397653918892559155e+19 1.260066552163143885e+19 1.136614837477587149e+19 1.025782463479502438e+19 9.276552744612868096e+18 8.417439288255894528e+18 7.664390730037215232e+18
2.110210066443365990e+19 1.914178594134375219e+19 1.722049069190204006e+19 1.551150466826563174e+19 1.397653918892558541e+19 1.260066552163144090e+19 1.136614837477586739e+19 1.025782463479502848e+19 9.276552744612866048e+18 8.417439288255897600e+18 7.664390730037212160e+18
2.110210066443366400e+19 1.914178594134374810e+19 1.722049069190204416e+19 1.551150466826562560e+19 1.397653918892557517e+19 1.260066552163144499e+19 1.136614837477586944e+19 1.025782463479502643e+19 9.276552744612861952e+18 8.417439288255897600e+18 7.664390730037211136e+18
2.110210066443366400e+19 1.914178594134374400e+19 1.722049069190204826e+19 1.551150466826562765e+19 1.397653918892557722e+19 1.260066552163144294e+19 1.136614837477587354e+19 1.025782463479503053e+19 9.276552744612864000e+18 8.417439288255897600e+18 7.664390730037211136e+18
2.110210066443366810e+19 1.914178594134375219e+19 1.722049069190204621e+19 1.551150466826562560e+19 1.397653918892557722e+19 1.260066552163144294e+19 1.136614837477586944e+19 1.025782463479502848e+19 9.276552744612864000e+18 8.417439288255901696e+18 7.664390730037210112e+18
2.110210066443366810e+19 1.914178594134375219e+19 1.722049069190204621e+19 1.551150466826562560e+19 1.397653918892557926e+19 1.260066552163144090e+19 1.136614837477587149e+19 1.025782463479502643e+19 9.276552744612861952e+18 8.417439288255900672e+18 7.664390730037212160e+18
2.110210066443366810e+19 1.914178594134374810e+19 1.722049069190204826e+19 1.551150466826562560e+19 1.397653918892557517e+19 1.260066552163144294e+19 1.136614837477587149e+19 1.025782463479502848e+19 9.276552744612859904e+18 8.417439288255898624e+18 7.664390730037213184e+18
2.110210066443366810e+19 1.914178594134375629e+19 1.722049069190205235e+19 1.551150466826562355e+19 1.397653918892557312e+19 1.260066552163144499e+19 1.136614837477587354e+19 1.025782463479502848e+19 9.276552744612861952e+18 8.417439288255901696e+18 7.664390730037214208e+18
2.110210066443367219e+19 1.914178594134375219e+19 1.722049069190204621e+19 1.551150466826562150e+19 1.397653918892557312e+19 1.260066552163144294e+19 1.136614837477587149e+19 1.025782463479503258e+19 9.276552744612864000e+18 8.417439288255901696e+18 7.664390730037214208e+18
2.110210066443367219e+19 1.914178594134374810e+19 1.722049069190204416e+19 1.551150466826562150e+19 1.397653918892557517e+19 1.260066552163144704e+19 1.136614837477586739e+19 1.025782463479503053e+19 9.276552744612861952e+18 8.417439288255902720e+18 7.664390730037217280e+18
2.110210066443366810e+19 1.914178594134374810e+19 1.722049069190204006e+19 1.551150466826562355e+19 1.397653918892556698e+19 1.260066552163144294e+19 1.136614837477586944e+19 1.025782463479503258e+19 9.276552744612864000e+18 8.417439288255901696e+18 7.664390730037218304e+18
2.110210066443365990e+19 1.914178594134374810e+19 1.722049069190204006e+19 1.551150466826561946e+19 1.397653918892556902e+19 1.260066552163144294e+19 1.136614837477587149e+19 1.025782463479503667e+19 9.276552744612861952e+18 8.417439288255901696e+18 7.664390730037220352e+18
2.110210066443367219e+19 1.914178594134375219e+19 1.722049069190203597e+19 1.551150466826561741e+19 1.397653918892556698e+19 1.260066552163144090e+19 1.136614837477586944e+19 1.025782463479503258e+19 9.276552744612861952e+18 8.417439288255900672e+18 7.664390730037219328e+18
2.110210066443367219e+19 1.914178594134374810e+19 1.722049069190203187e+19 1.551150466826561946e+19 1.397653918892556698e+19 1.260066552163143885e+19 1.136614837477587149e+19 1.025782463479503258e+19 9.276552744612861952e+18 8.417439288255898624e+18 7.664390730037217280e+18
2.110210066443366810e+19 1.914178594134375629e+19 1.722049069190202982e+19 1.551150466826562150e+19 1.397653918892556902e+19 1.260066552163143680e+19 1.136614837477586739e+19 1.025782463479503462e+19 9.276552744612864000e+18 8.417439288255901696e+18 7.664390730037220352e+18
2.110210066443366400e+19 1.914178594134375629e+19 1.722049069190203392e+19 1.551150466826562765e+19 1.397653918892556902e+19 1.260066552163143885e+19 1.136614837477587149e+19 1.025782463479503462e+19 9.276552744612864000e+18 8.417439288255899648e+18 7.664390730037218304e+18
2.110210066443366810e+19 1.914178594134375219e+19 1.722049069190203392e+19 1.551150466826562560e+19 1.397653918892556698e+19 1.260066552163143680e+19 1.136614837477587149e+19 1.025782463479503872e+19 9.276552744612866048e+18 8.417439288255899648e+18 7.664390730037218304e+18
2.110210066443367219e+19 1.914178594134375219e+19 1.722049069190203802e+19 1.551150466826563174e+19 1.397653918892557517e+19 1.260066552163143885e+19 1.136614837477587149e+19 1.025782463479503462e+19 9.276552744612859904e+18 8.417439288255899648e+18 7.664390730037214208e+18
2.110210066443367219e+19 1.914178594134374810e+19 1.722049069190203392e+19 1.551150466826562970e+19 1.397653918892557107e+19 1.260066552163143885e+19 1.136614837477586944e+19 1.025782463479503053e+19 9.276552744612861952e+18 8.417439288255899648e+18 7.664390730037215232e+18
2.110210066443366400e+19 1.914178594134374810e+19 1.722049069190203597e+19 1.551150466826563174e+19 1.397653918892557107e+19 1.260066552163144090e+19 1.136614837477586944e+19 1.025782463479502643e+19 9.276552744612864000e+18 8.417439288255903744e+18 7.664390730037214208e+18
2.110210066443366400e+19 1.914178594134374400e+19 1.722049069190202573e+19 1.551150466826563379e+19 1.397653918892557722e+19 1.260066552163143885e+19 1.136614837477586944e+19 1.025782463479503258e+19 9.276552744612864000e+18 8.417439288255905792e+18 7.664390730037216256e+18
2.110210066443366810e+19 1.914178594134374810e+19 1.722049069190202778e+19 1.551150466826563174e+19 1.397653918892557926e+19 1.260066552163144294e+19 1.136614837477586534e+19 1.025782463479503462e+19 9.276552744612864000e+18 8.417439288255907840e+18 7.664390730037214208e+18
2.110210066443366400e+19 1.914178594134374400e+19 1.722049069190203187e+19 1.551150466826563174e+19 1.397653918892557722e+19 1.260066552163144090e+19 1.136614837477586534e+19 1.025782463479503462e+19 9.276552744612864000e+18 8.417439288255908864e+18 7.664390730037214208e+18
2.110210066443367219e+19 1.914178594134374810e+19 1.722049069190203392e+19 1.551150466826563379e+19 1.397653918892558131e+19 1.260066552163144090e+19 1.136614837477586534e+19 1.025782463479503258e+19 9.276552744612861952e+18 8.417439288255909888e+18 7.664390730037216256e+18
2.110210066443367219e+19 1.914178594134374810e+19 1.722049069190203802e+19 1.551150466826563584e+19 1.397653918892557926e+19 1.260066552163144294e+19 1.136614837477587149e+19 1.025782463479503462e+19 9.276552744612864000e+18 8.417439288255908864e+18 7.664390730037214208e+18
2.110210066443366810e+19 1.914178594134374810e+19 1.722049069190203802e+19 1.551150466826564403e+19 1.397653918892557722e+19 1.260066552163144499e+19 1.136614837477586739e+19 1.025782463479503462e+19 9.276552744612866048e+18 8.417439288255909888e+18 7.664390730037215232e+18
2.110210066443366810e+19 1.914178594134375219e+19 1.722049069190203597e+19 1.551150466826564198e+19 1.397653918892557722e+19 1.260066552163144294e+19 1.136614837477586944e+19 1.025782463479503667e+19 9.276552744612866048e+18 8.417439288255910912e+18 7.664390730037211136e+18
2.110210066443366810e+19 1.914178594134374400e+19 1.722049069190204211e+19 1.551150466826564198e+19 1.397653918892557926e+19 1.260066552163144090e+19 1.136614837477586534e+19 1.025782463479503258e+19 9.276552744612866048e+18 8.417439288255909888e+18 7.664390730037211136e+18
2.110210066443366810e+19 1.914178594134374810e+19 1.722049069190204211e+19 1.551150466826564403e+19 1.397653918892557926e+19 1.260066552163144294e+19 1.136614837477586739e+19 1.025782463479503258e+19 9.276552744612866048e+18 8.417439288255907840e+18 7.664390730037209088e+18
2.110210066443366810e+19 1.914178594134374810e+19 1.722049069190204621e+19 1.551150466826563994e+19 1.397653918892557517e+19 1.260066552163144294e+19 1.136614837477586534e+19 1.025782463479503462e+19 9.276552744612866048e+18 8.417439288255907840e+18 7.664390730037209088e+18
2.110210066443366810e+19 1.914178594134374400e+19 1.722049069190204416e+19 1.551150466826564198e+19 1.397653918892557926e+19 1.260066552163144704e+19 1.136614837477586534e+19 1.025782463479503667e+19 9.276552744612864000e+18 8.417439288255906816e+18 7.664390730037210112e+18
2.110210066443367219e+19 1.914178594134375219e+19 1.722049069190205030e+19 1.551150466826563789e+19 1.397653918892558131e+19 1.260066552163144499e+19 1.136614837477587149e+19 1.025782463479503667e+19 9.276552744612861952e+18 8.417439288255907840e+18 7.664390730037209088e+18
2.110210066443366810e+19 1.914178594134374400e+19 1.722049069190205030e+19 1.551150466826564403e+19 1.397653918892557926e+19 1.260066552163144294e+19 1.136614837477587558e+19 1.025782463479503667e+19 9.276552744612861952e+18 8.417439288255906816e+18 7.664390730037214208e+18
2.110210066443366400e+19 1.914178594134374810e+19 1.722049069190204416e+19 1.551150466826563789e+19 1.397653918892557722e+19 1.260066552163144294e+19 1.136614837477587354e+19 1.025782463479503667e+19 9.276552744612855808e+18 8.417439288255904768e+18 7.664390730037214208e+18
2.110210066443365990e+19 1.914178594134374400e+19 1.722049069190204621e+19 1.551150466826563584e+19 1.397653918892557926e+19 1.260066552163144090e+19 1.136614837477587558e+19 1.025782463479503667e+19 9.276552744612855808e+18 8.417439288255906816e+18 7.664390730037214208e+18
2.110210066443366810e+19 1.914178594134373990e+19 1.722049069190203802e+19 1.551150466826563174e+19 1.397653918892557312e+19 1.260066552163144294e+19 1.136614837477587558e+19 1.025782463479503258e+19 9.276552744612853760e+18 8.417439288255908864e+18 7.664390730037214208e+18
2.110210066443366400e+19 1.914178594134373581e+19 1.722049069190204211e+19 1.551150466826563584e+19 1.397653918892556902e+19 1.260066552163143885e+19 1.136614837477587763e+19 1.025782463479503462e+19 9.276552744612855808e+18 8.417439288255911936e+18 7.664390730037212160e+18
2.110210066443365990e+19 1.914178594134373171e+19 1.722049069190204006e+19 1.551150466826563379e+19 1.397653918892556698e+19 1.260066552163143885e+19 1.136614837477587354e+19 1.025782463479503667e+19 9.276552744612855808e+18 8.417439288255912960e+18 7.664390730037213184e+18
2.110210066443365581e+19 1.914178594134372762e+19 1.722049069190204006e+19 1.551150466826562970e+19 1.397653918892556493e+19 1.260066552163143885e+19 1.136614837477587149e+19 1.025782463479503462e+19 9.276552744612857856e+18 8.417439288255911936e+18 7.664390730037212160e+18
2.110210066443365581e+19 1.914178594134373171e+19 1.722049069190204006e+19 1.551150466826562970e+19 1.397653918892556493e+19 1.260066552163143680e+19 1.136614837477587149e+19 1.025782463479502643e+19 9.276552744612855808e+18 8.417439288255911936e+18 7.664390730037213184e+18
2.110210066443365990e+19 1.914178594134372762e+19 1.722049069190204211e+19 1.551150466826563174e+19 1.397653918892556698e+19 1.260066552163143680e+19 1.136614837477586739e+19 1.025782463479502848e+19 9.276552744612857856e+18 8.417439288255910912e+18 7.664390730037211136e+18
2.110210066443365990e+19 1.914178594134371942e+19 1.722049069190204416e+19 1.551150466826562970e+19 1.397653918892556493e+19 1.260066552163143680e+19 1.136614837477586739e+19 1.025782463479502643e+19 9.276552744612855808e+18 8.417439288255911936e+18 7.664390730037210112e+18
2.110210066443366400e+19 1.914178594134372352e+19 1.722049069190204211e+19 1.551150466826562560e+19 1.397653918892556493e+19 1.260066552163143885e+19 1.136614837477586739e+19 1.025782463479502643e+19 9.276552744612851712e+18 8.417439288255911936e+18 7.664390730037210112e+18
2.110210066443366810e+19 1.914178594134372352e+19 1.722049069190204621e+19 1.551150466826563174e+19 1.397653918892556493e+19 1.260066552163143680e+19 1.136614837477586534e+19 1.025782463479502438e+19 9.276552744612853760e+18 8.417439288255913984e+18 7.664390730037213184e+18
2.110210066443366400e+19 1.914178594134372352e+19 1.722049069190204621e+19 1.551150466826563174e+19 1.397653918892556698e+19 1.260066552163143885e+19 1.136614837477586739e+19 1.025782463479502438e+19 9.276552744612853760e+18 8.417439288255913984e+18 7.664390730037211136e+18
2.110210066443366400e+19 1.914178594134372352e+19 1.722049069190204006e+19 1.551150466826562560e+19 1.397653918892556493e+19 1.260066552163143885e+19 1.136614837477586739e+19 1.025782463479502643e+19 9.276552744612851712e+18 8.417439288255912960e+18 7.664390730037212160e+18
2.110210066443365990e+19 1.914178594134372352e+19 1.722049069190204621e+19 1.551150466826562970e+19 1.397653918892556698e+19 1.260066552163143885e+19 1.136614837477586534e+19 1.025782463479502643e+19 9.276552744612849664e+18 8.417439288255912960e+18 7.664390730037211136e+18
2.110210066443366810e+19 1.914178594134371942e+19 1.722049069190204826e+19 1.551150466826562560e+19 1.397653918892556288e+19 1.260066552163144294e+19 1.136614837477586534e+19 1.025782463479502643e+19 9.276552744612849664e+18 8.417439288255911936e+18 7.664390730037210112e+18
2.110210066443366400e+19 1.914178594134372352e+19 1.722049069190204621e+19 1.551150466826562970e+19 1.397653918892556493e+19 1.260066552163144294e+19 1.136614837477586330e+19 1.025782463479502848e+19 9.276552744612845568e+18 8.417439288255909888e+18 7.664390730037214208e+18
2.110210066443366400e+19 1.914178594134371942e+19 1.722049069190204416e+19 1.551150466826562970e+19 1.397653918892556288e+19 1.260066552163144294e+19 1.136614837477586330e+19 1.025782463479502848e+19 9.276552744612845568e+18 8.417439288255910912e+18 7.664390730037214208e+18
2.110210066443366400e+19 1.914178594134372352e+19 1.722049069190204621e+19 1.551150466826562150e+19 1.397653918892556698e+19 1.260066552163144090e+19 1.136614837477586330e+19 1.025782463479502848e+19 9.276552744612845568e+18 8.417439288255911936e+18 7.664390730037212160e+18
2.110210066443366810e+19 1.914178594134371942e+19 1.722049069190204211e+19 1.551150466826562765e+19 1.397653918892556698e+19 1.260066552163144499e+19 1.136614837477586125e+19 1.025782463479503053e+19 9.276552744612845568e+18 8.417439288255911936e+18 7.664390730037214208e+18
2.110210066443366400e+19 1.914178594134371533e+19 1.722049069190204006e+19 1.551150466826562560e+19 1.397653918892556698e+19 1.260066552163144294e+19 1.136614837477585920e+19 1.025782463479503053e+19 9.276552744612849664e+18 8.417439288255915008e+18 7.664390730037213184e+18
2.110210066443365990e+19 1.914178594134371942e+19 1.722049069190204211e+19 1.551150466826562150e+19 1.397653918892557107e+19 1.260066552163144294e+19 1.136614837477586125e+19 1.025782463479502848e+19 9.276552744612847616e+18 8.417439288255915008e+18 7.664390730037212160e+18
2.110210066443366400e+19 1.914178594134371533e+19 1.722049069190203597e+19 1.551150466826561946e+19 1.397653918892556902e+19 1.260066552163144499e+19 1.136614837477585920e+19 1.025782463479503053e+19 9.276552744612849664e+18 8.417439288255912960e+18 7.664390730037212160e+18
2.110210066443367219e+19 1.914178594134372352e+19 1.722049069190203597e+19 1.551150466826562355e+19 1.397653918892556698e+19 1.260066552163144294e+19 1.136614837477585920e+19 1.025782463479502643e+19 9.276552744612849664e+18 8.417439288255912960e+18 7.664390730037211136e+18
2.110210066443367219e+19 1.914178594134371942e+19 1.722049069190203802e+19 1.551150466826561946e+19 1.397653918892556902e+19 1.260066552163144294e+19 1.136614837477585920e+19 1.025782463479502643e+19 9.276552744612847616e+18 8.417439288255913984e+18 7.664390730037209088e+18
2.110210066443367219e+19 1.914178594134372352e+19 1.722049069190204006e+19 1.551150466826561946e+19 1.397653918892556902e+19 1.260066552163144499e+19 1.136614837477586125e+19 1.025782463479502438e+19 9.276552744612849664e+18 8.417439288255915008e+18 7.664390730037210112e+18
2.110210066443367219e+19 1.914178594134372352e+19 1.722049069190203802e+19 1.551150466826562150e+19 1.397653918892557107e+19 1.260066552163144294e+19 1.136614837477586534e+19 1.025782463479502234e+19 9.276552744612847616e+18 8.417439288255911936e+18 7.664390730037210112e+18
2.110210066443367219e+19 1.914178594134372762e+19 1.722049069190203392e+19 1.551150466826561331e+19 1.397653918892556902e+19 1.260066552163144090e+19 1.136614837477586534e+19 1.025782463479502234e+19 9.276552744612845568e+18 8.417439288255910912e+18 7.664390730037211136e+18
2.110210066443367219e+19 1.914178594134373171e+19 1.722049069190203392e+19 1.551150466826561741e+19 1.397653918892556902e+19 1.260066552163143885e+19 1.136614837477586534e+19 1.025782463479502029e+19 9.276552744612843520e+18 8.417439288255911936e+18 7.664390730037209088e+18
2.110210066443367219e+19 1.914178594134372762e+19 1.722049069190203597e+19 1.551150466826561331e+19 1.397653918892556698e+19 1.260066552163143475e+19 1.136614837477586125e+19 1.025782463479502029e+19 9.276552744612845568e+18 8.417439288255911936e+18 7.664390730037209088e+18
2.110210066443367219e+19 1.914178594134372762e+19 1.722049069190203597e+19 1.551150466826561126e+19 1.397653918892556902e+19 1.260066552163143270e+19 1.136614837477586125e+19 1.025782463479501824e+19 9.276552744612845568e+18 8.417439288255910912e+18 7.664390730037209088e+18
2.110210066443366810e+19 1.914178594134372762e+19 1.722049069190203392e+19 1.551150466826560717e+19 1.397653918892556902e+19 1.260066552163143066e+19 1.136614837477586330e+19 1.025782463479502029e+19 9.276552744612845568e+18 8.417439288255910912e+18 7.664390730037210112e+18
2.110210066443366810e+19 1.914178594134372762e+19 1.722049069190203392e+19 1.551150466826560512e+19 1.397653918892556902e+19 1.260066552163143066e+19 1.136614837477586534e+19 1.025782463479501824e+19 9.276552744612843520e+18 8.417439288255909888e+18 7.664390730037209088e+18
2.110210066443366400e+19 1.914178594134372352e+19 1.722049069190203597e+19 1.551150466826560512e+19 1.397653918892556902e+19 1.260066552163142861e+19 1.136614837477586739e+19 1.025782463479502234e+19 9.276552744612843520e+18 8.417439288255910912e+18 7.664390730037211136e+18
2.110210066443366810e+19 1.914178594134372352e+19 1.722049069190203802e+19 1.551150466826560307e+19 1.397653918892556698e+19 1.260066552163142656e+19 1.136614837477586534e+19 1.025782463479502029e+19 9.276552744612843520e+18 8.417439288255905792e+18 7.664390730037210112e+18
2.110210066443366400e+19 1.914178594134372762e+19 1.722049069190203597e+19 1.551150466826560307e+19 1.397653918892556698e+19 1.260066552163142656e+19 1.136614837477586534e+19 1.025782463479502234e+19 9.276552744612841472e+18 8.417439288255907840e+18 7.664390730037209088e+18
2.110210066443366400e+19 1.914178594134373171e+19 1.722049069190204006e+19 1.551150466826560307e+19 1.397653918892556698e+19 1.260066552163143066e+19 1.136614837477586125e+19 1.025782463479502029e+19 9.276552744612847616e+18 8.417439288255906816e+18 7.664390730037208064e+18
2.110210066443365990e+19 1.914178594134372762e+19 1.722049069190204416e+19 1.551150466826559898e+19 1.397653918892556493e+19 1.260066552163142861e+19 1.136614837477585715e+19 1.025782463479502234e+19 9.276552744612843520e+18 8.417439288255908864e+18 7.664390730037204992e+18
2.110210066443365581e+19 1.914178594134373171e+19 1.722049069190203802e+19 1.551150466826560102e+19 1.397653918892556288e+19 1.260066552163143270e+19 1.136614837477585715e+19 1.025782463479502029e+19 9.276552744612843520e+18 8.417439288255908864e+18 7.664390730037207040e+18
2.110210066443365581e+19 1.914178594134373581e+19 1.722049069190203597e+19 1.551150466826560102e+19 1.397653918892556288e+19 1.260066552163143270e+19 1.136614837477585715e+19 1.025782463479501824e+19 9.276552744612845568e+18 8.417439288255906816e+18 7.664390730037207040e+18
2.110210066443365581e+19 1.914178594134373171e+19 1.722049069190203597e+19 1.551150466826560102e+19 1.397653918892555878e+19 1.260066552163143475e+19 1.136614837477585920e+19 1.025782463479501414e+19 9.276552744612845568e+18 8.417439288255909888e+18 7.664390730037204992e+18
2.110210066443365171e+19 1.914178594134372762e+19 1.722049069190203392e+19 1.551150466826559693e+19 1.397653918892556083e+19 1.260066552163143475e+19 1.136614837477586330e+19 1.025782463479501414e+19 9.276552744612843520e+18 8.417439288255909888e+18 7.664390730037204992e+18
2.110210066443365581e+19 1.914178594134372762e+19 1.722049069190204006e+19 1.551150466826559693e+19 1.397653918892556083e+19 1.260066552163143885e+19 1.136614837477585920e+19 1.025782463479501414e+19 9.276552744612841472e+18 8.417439288255907840e+18 7.664390730037208064e+18
2.110210066443365581e+19 1.914178594134371942e+19 1.722049069190203187e+19 1.551150466826559488e+19 1.397653918892556083e+19 1.260066552163143270e+19 1.136614837477586330e+19 1.025782463479501005e+19 9.276552744612841472e+18 8.417439288255907840e+18 7.664390730037204992e+18
2.110210066443365990e+19 1.914178594134372352e+19 1.722049069190202573e+19 1.551150466826559488e+19 1.397653918892555878e+19 1.260066552163143475e+19 1.136614837477586330e+19 1.025782463479501210e+19 9.276552744612841472e+18 8.417439288255906816e+18 7.664390730037207040e+18
2.110210066443366400e+19 1.914178594134371942e+19 1.722049069190201958e+19 1.551150466826560102e+19 1.397653918892555469e+19 1.260066552163143475e+19 1.136614837477586330e+19 1.025782463479501210e+19 9.276552744612843520e+18 8.417439288255907840e+18 7.664390730037207040e+18
2.110210066443366810e+19 1.914178594134371533e+19 1.722049069190201754e+19 1.551150466826560102e+19 1.397653918892555264e+19 1.260066552163143475e+19 1.136614837477586534e+19 1.025782463479500800e+19 9.276552744612841472e+18 8.417439288255905792e+18 7.664390730037206016e+18
2.110210066443365990e+19 1.914178594134371942e+19 1.722049069190202778e+19 1.551150466826559488e+19 1.397653918892555059e+19 1.260066552163144090e+19 1.136614837477586534e+19 1.025782463479500595e+19 9.276552744612841472e+18 8.417439288255907840e+18 7.664390730037204992e+18
2.110210066443366400e+19 1.914178594134372352e+19 1.722049069190203187e+19 1.551150466826559078e+19 1.397653918892554650e+19 1.260066552163143885e+19 1.136614837477586534e+19 1.025782463479500595e+19 9.276552744612839424e+18 8.417439288255910912e+18 7.664390730037207040e+18
2.110210066443366400e+19 1.914178594134372762e+19 1.722049069190202982e+19 1.551150466826558874e+19 1.397653918892554854e+19 1.260066552163143885e+19 1.136614837477586330e+19 1.025782463479500595e+19 9.276552744612837376e+18 8.417439288255908864e+18 7.664390730037208064e+18
2.110210066443365171e+19 1.914178594134372762e+19 1.722049069190203802e+19 1.551150466826558874e+19 1.397653918892554854e+19 1.260066552163144090e+19 1.136614837477586330e+19 1.025782463479500390e+19 9.276552744612837376e+18 8.417439288255909888e+18 7.664390730037208064e+18
2.110210066443365171e+19 1.914178594134373171e+19 1.722049069190203802e+19 1.551150466826559488e+19 1.397653918892555059e+19 1.260066552163144499e+19 1.136614837477586534e+19 1.025782463479500390e+19 9.276552744612837376e+18 8.417439288255908864e+18 7.664390730037208064e+18
2.110210066443365171e+19 1.914178594134373171e+19 1.722049069190203392e+19 1.551150466826559898e+19 1.397653918892554854e+19 1.260066552163144499e+19 1.136614837477586534e+19 1.025782463479500595e+19 9.276552744612837376e+18 8.417439288255910912e+18 7.664390730037206016e+18
2.110210066443364762e+19 1.914178594134372762e+19 1.722049069190204416e+19 1.551150466826559078e+19 1.397653918892554854e+19 1.260066552163144499e+19 1.136614837477586739e+19 1.025782463479500595e+19 9.276552744612839424e+18 8.417439288255908864e+18 7.664390730037208064e+18
2.110210066443364762e+19 1.914178594134373581e+19 1.722049069190204416e+19 1.551150466826559693e+19 1.397653918892554854e+19 1.260066552163144499e+19 1.136614837477586534e+19 1.025782463479500390e+19 9.276552744612839424e+18 8.417439288255910912e+18 7.664390730037210112e+18
2.110210066443364762e+19 1.914178594134373581e+19 1.722049069190204416e+19 1.551150466826559693e+19 1.397653918892554854e+19 1.260066552163144909e+19 1.136614837477586330e+19 1.025782463479499981e+19 9.276552744612833280e+18 8.417439288255913984e+18 7.664390730037212160e+18
2.110210066443365171e+19 1.914178594134373581e+19 1.722049069190204621e+19 1.551150466826558874e+19 1.397653918892555059e+19 1.260066552163144909e+19 1.136614837477586330e+19 1.025782463479500186e+19 9.276552744612835328e+18 8.417439288255910912e+18 7.664390730037214208e+18
2.110210066443365581e+19 1.914178594134373990e+19 1.722049069190204211e+19 1.551150466826558874e+19 1.397653918892555264e+19 1.260066552163145114e+19 1.136614837477586534e+19 1.025782463479500390e+19 9.276552744612837376e+18 8.417439288255912960e+18 7.664390730037216256e+18
2.110210066443364762e+19 1.914178594134373581e+19 1.722049069190205030e+19 1.551150466826558874e+19 1.397653918892555059e+19 1.260066552163145114e+19 1.136614837477586330e+19 1.025782463479500186e+19 9.276552744612839424e+18 8.417439288255911936e+18 7.664390730037219328e+18
2.110210066443365171e+19 1.914178594134373581e+19 1.722049069190204621e+19 1.551150466826559078e+19 1.397653918892555264e+19 1.260066552163144909e+19 1.136614837477586330e+19 1.025782463479499981e+19 9.276552744612837376e+18 8.417439288255912960e+18 7.664390730037219328e+18
2.110210066443364762e+19 1.914178594134373581e+19 1.722049069190204416e+19 1.551150466826558874e+19 1.397653918892555264e+19 1.260066552163144499e+19 1.136614837477586125e+19 1.025782463479499571e+19 9.276552744612839424e+18 8.417439288255911936e+18 7.664390730037219328e+18
2.110210066443364352e+19 1.914178594134372762e+19 1.722049069190204621e+19 1.551150466826559078e+19 1.397653918892554854e+19 1.260066552163144909e+19 1.136614837477585920e+19 1.025782463479499776e+19 9.276552744612839424e+18 8.417439288255916032e+18 7.664390730037217280e+18
2.110210066443364762e+19 1.914178594134372352e+19 1.722049069190204006e+19 1.551150466826559078e+19 1.397653918892555059e+19 1.260066552163144909e+19 1.136614837477585920e+19 1.025782463479499981e+19 9.276552744612837376e+18 8.417439288255916032e+18 7.664390730037216256e+18
2.110210066443364762e+19 1.914178594134372762e+19 1.722049069190203802e+19 1.551150466826559078e+19 1.397653918892554854e+19 1.260066552163145318e+19 1.136614837477585920e+19 1.025782463479500186e+19 9.276552744612835328e+18 8.417439288255916032e+18 7.664390730037215232e+18
2.110210066443364352e+19 1.914178594134372762e+19 1.722049069190204006e+19 1.551150466826559078e+19 1.397653918892555059e+19 1.260066552163145318e+19 1.136614837477585920e+19 1.025782463479500186e+19 9.276552744612835328e+18 8.417439288255916032e+18 7.664390730037214208e+18
2.110210066443363942e+19 1.914178594134372762e+19 1.722049069190203597e+19 1.551150466826558874e+19 1.397653918892555264e+19 1.260066552163145318e+19 1.136614837477585715e+19 1.025782463479500390e+19 9.276552744612835328e+18 8.417439288255913984e+18 7.664390730037217280e+18
2.110210066443363942e+19 1.914178594134372762e+19 1.722049069190203597e+19 1.551150466826558464e+19 1.397653918892555264e+19 1.260066552163144704e+19 1.136614837477585920e+19 1.025782463479500186e+19 9.276552744612835328e+18 8.417439288255911936e+18 7.664390730037217280e+18
2.110210066443363942e+19 1.914178594134372762e+19 1.722049069190203597e+19 1.551150466826558054e+19 1.397653918892555264e+19 1.260066552163144704e+19 1.136614837477585715e+19 1.025782463479500595e+19 9.276552744612835328e+18 8.417439288255913984e+18 7.664390730037218304e+18
2.110210066443363942e+19 1.914178594134373171e+19 1.722049069190204006e+19 1.551150466826558464e+19 1.397653918892555059e+19 1.260066552163144704e+19 1.136614837477585715e+19 1.025782463479500800e+19 9.276552744612835328e+18 8.417439288255912960e+18 7.664390730037217280e+18
2.110210066443363942e+19 1.914178594134373171e+19 1.722049069190203802e+19 1.551150466826558464e+19 1.397653918892555469e+19 1.260066552163144704e+19 1.136614837477585920e+19 1.025782463479501005e+19 9.276552744612837376e+18 8.417439288255915008e+18 7.664390730037218304e+18
2.110210066443363123e+19 1.914178594134372762e+19 1.722049069190203187e+19 1.551150466826558464e+19 1.397653918892555059e+19 1.260066552163144499e+19 1.136614837477585715e+19 1.025782463479501210e+19 9.276552744612835328e+18 8.417439288255912960e+18 7.664390730037221376e+18
2.110210066443363533e+19 1.914178594134373581e+19 1.722049069190203802e+19 1.551150466826558464e+19 1.397653918892555264e+19 1.260066552163144294e+19 1.136614837477585920e+19 1.025782463479500800e+19 9.276552744612837376e+18 8.417439288255915008e+18 7.664390730037222400e+18
2.110210066443363942e+19 1.914178594134373990e+19 1.722049069190203392e+19 1.551150466826558669e+19 1.397653918892555059e+19 1.260066552163144499e+19 1.136614837477585920e+19 1.025782463479500800e+19 9.276552744612839424e+18 8.417439288255915008e+18 7.664390730037219328e+18
2.110210066443363533e+19 1.914178594134373990e+19 1.722049069190203187e+19 1.551150466826558464e+19 1.397653918892555059e+19 1.260066552163143885e+19 1.136614837477585715e+19 1.025782463479500800e+19 9.276552744612837376e+18 8.417439288255918080e+18 7.664390730037217280e+18
2.110210066443363123e+19 1.914178594134373581e+19 1.722049069190203392e+19 1.551150466826558669e+19 1.397653918892555264e+19 1.260066552163144294e+19 1.136614837477585920e+19 1.025782463479500800e+19 9.276552744612837376e+18 8.417439288255916032e+18 7.664390730037219328e+18
2.110210066443363533e+19 1.914178594134373990e+19 1.722049069190203392e+19 1.551150466826558464e+19 1.397653918892555264e+19 1.260066552163144499e+19 1.136614837477585715e+19 1.025782463479501005e+19 9.276552744612837376e+18 8.417439288255917056e+18 7.664390730037219328e+18
2.110210066443363123e+19 1.914178594134374810e+19 1.722049069190203187e+19 1.551150466826558669e+19 1.397653918892555059e+19 1.260066552163144294e+19 1.136614837477585920e+19 1.025782463479501005e+19 9.276552744612839424e+18 8.417439288255916032e+18 7.664390730037223424e+18
2.110210066443363123e+19 1.914178594134373990e+19 1.722049069190203392e+19 1.551150466826558874e+19 1.397653918892554854e+19 1.260066552163144090e+19 1.136614837477585920e+19 1.025782463479500595e+19 9.276552744612839424e+18 8.417439288255915008e+18 7.664390730037223424e+18
2.110210066443362304e+19 1.914178594134374400e+19 1.722049069190202982e+19 1.551150466826558669e+19 1.397653918892554650e+19 1.260066552163144294e+19 1.136614837477585920e+19 1.025782463479500186e+19 9.276552744612841472e+18 8.417439288255915008e+18 7.664390730037222400e+18
2.110210066443362714e+19 1.914178594134374400e+19 1.722049069190202982e+19 1.551150466826558669e+19 1.397653918892554854e+19 1.260066552163144499e+19 1.136614837477585715e+19 1.025782463479500390e+19 9.276552744612841472e+18 8.417439288255912960e+18 7.664390730037222400e+18
2.110210066443362304e+19 1.914178594134374400e+19 1.722049069190202982e+19 1.551150466826558464e+19 1.397653918892554854e+19 1.260066552163144090e+19 1.136614837477585920e+19 1.025782463479500390e+19 9.276552744612841472e+18 8.417439288255910912e+18 7.664390730037220352e+18
2.110210066443361894e+19 1.914178594134373990e+19 1.722049069190203187e+19 1.551150466826558464e+19 1.397653918892555059e+19 1.260066552163144090e+19 1.136614837477585920e+19 1.025782463479500595e+19 9.276552744612839424e+18 8.417439288255908864e+18 7.664390730037220352e+18
2.110210066443361894e+19 1.914178594134373990e+19 1.722049069190203187e+19 1.551150466826558464e+19 1.397653918892555059e+19 1.260066552163143680e+19 1.136614837477585920e+19 1.025782463479500800e+19 9.276552744612837376e+18 8.417439288255907840e+18 7.664390730037218304e+18
2.110210066443362304e+19 1.914178594134373990e+19 1.722049069190203187e+19 1.551150466826558259e+19 1.397653918892554854e+19 1.260066552163144704e+19 1.136614837477585715e+19 1.025782463479500800e+19 9.276552744612835328e+18 8.417439288255909888e+18 7.664390730037218304e+18
2.110210066443362714e+19 1.914178594134373990e+19 1.722049069190203187e+19 1.551150466826558054e+19 1.397653918892554650e+19 1.260066552163144294e+19 1.136614837477585306e+19 1.025782463479500800e+19 9.276552744612835328e+18 8.417439288255905792e+18 7.664390730037217280e+18
2.110210066443362714e+19 1.914178594134374400e+19 1.722049069190203187e+19 1.551150466826558259e+19 1.397653918892554445e+19 1.260066552163144294e+19 1.136614837477585510e+19 1.025782463479500595e+19 9.276552744612833280e+18 8.417439288255904768e+18 7.664390730037216256e+18
2.110210066443362714e+19 1.914178594134374810e+19 1.722049069190203187e+19 1.551150466826557850e+19 1.397653918892554445e+19 1.260066552163144499e+19 1.136614837477585510e+19 1.025782463479500390e+19 9.276552744612835328e+18 8.417439288255905792e+18 7.664390730037218304e+18
2.110210066443362714e+19 1.914178594134374400e+19 1.722049069190202982e+19 1.551150466826558054e+19 1.397653918892554240e+19 1.260066552163144294e+19 1.136614837477585306e+19 1.025782463479500390e+19 9.276552744612835328e+18 8.417439288255906816e+18 7.664390730037217280e+18
2.110210066443362714e+19 1.914178594134374400e+19 1.722049069190202778e+19 1.551150466826557645e+19 1.397653918892554240e+19 1.260066552163144294e+19 1.136614837477585101e+19 1.025782463479500390e+19 9.276552744612839424e+18 8.417439288255906816e+18 7.664390730037217280e+18
2.110210066443363123e+19 1.914178594134373990e+19 1.722049069190203597e+19 1.551150466826557850e+19 1.397653918892554445e+19 1.260066552163144090e+19 1.136614837477585101e+19 1.025782463479500595e+19 9.276552744612837376e+18 8.417439288255904768e+18 7.664390730037215232e+18
2.110210066443363123e+19 1.914178594134373990e+19 1.722049069190203187e+19 1.551150466826557850e+19 1.397653918892554445e+19 1.260066552163144090e+19 1.136614837477585306e+19 1.025782463479500595e+19 9.276552744612837376e+18 8.417439288255903744e+18 7.664390730037216256e+18
2.110210066443362714e+19 1.914178594134374400e+19 1.722049069190203392e+19 1.551150466826557645e+19 1.397653918892553830e+19 1.260066552163144090e+19 1.136614837477585306e+19 1.025782463479500390e+19 9.276552744612837376e+18 8.417439288255903744e+18 7.664390730037214208e+18
2.110210066443362714e+19 1.914178594134374810e+19 1.722049069190202982e+19 1.551150466826557850e+19 1.397653918892553421e+19 1.260066552163143680e+19 1.136614837477585101e+19 1.025782463479500595e+19 9.276552744612839424e+18 8.417439288255903744e+18 7.664390730037212160e+18
2.110210066443362304e+19 1.914178594134375219e+19 1.722049069190202778e+19 1.551150466826558054e+19 1.397653918892553626e+19 1.260066552163143885e+19 1.136614837477584896e+19 1.025782463479500595e+19 9.276552744612841472e+18 8.417439288255905792e+18 7.664390730037213184e+18
2.110210066443361894e+19 1.914178594134375219e+19 1.722049069190202778e+19 1.551150466826557645e+19 1.397653918892553421e+19 1.260066552163144294e+19 1.136614837477584896e+19 1.025782463479501005e+19 9.276552744612841472e+18 8.417439288255906816e+18 7.664390730037214208e+18
2.110210066443361075e+19 1.914178594134376038e+19 1.722049069190202778e+19 1.551150466826557850e+19 1.397653918892553421e+19 1.260066552163143885e+19 1.136614837477584691e+19 1.025782463479501005e+19 9.276552744612843520e+18 8.417439288255905792e+18 7.664390730037215232e+18
2.110210066443361075e+19 1.914178594134376038e+19 1.722049069190202982e+19 1.551150466826558054e+19 1.397653918892553216e+19 1.260066552163144090e+19 1.136614837477584691e+19 1.025782463479501005e+19 9.276552744612843520e+18 8.417439288255900672e+18 7.664390730037213184e+18
2.110210066443361075e+19 1.914178594134376448e+19 1.722049069190202573e+19 1.551150466826558464e+19 1.397653918892553421e+19 1.260066552163143885e+19 1.136614837477584691e+19 1.025782463479501414e+19 9.276552744612843520e+18 8.417439288255900672e+18 7.664390730037213184e+18
2.110210066443360666e+19 1.914178594134375629e+19 1.722049069190202573e+19 1.551150466826558464e+19 1.397653918892553830e+19 1.260066552163144090e+19 1.136614837477584691e+19 1.025782463479501210e+19 9.276552744612843520e+18 8.417439288255901696e+18 7.664390730037212160e+18
2.110210066443359846e+19 1.914178594134375629e+19 1.722049069190202368e+19 1.551150466826558464e+19 1.397653918892553830e+19 1.260066552163144090e+19 1.136614837477584691e+19 1.025782463479501210e+19 9.276552744612841472e+18 8.417439288255901696e+18 7.664390730037213184e+18
2.110210066443359846e+19 1.914178594134375219e+19 1.722049069190202778e+19 1.551150466826558464e+19 1.397653918892553830e+19 1.260066552163144499e+19 1.136614837477584691e+19 1.025782463479501824e+19 9.276552744612843520e+18 8.417439288255899648e+18 7.664390730037211136e+18
2.110210066443360256e+19 1.914178594134375219e+19 1.722049069190202573e+19 1.551150466826558464e+19 1.397653918892553421e+19 1.260066552163144090e+19 1.136614837477584691e+19 1.025782463479501619e+19 9.276552744612845568e+18 8.417439288255900672e+18 7.664390730037208064e+18
2.110210066443359437e+19 1.914178594134374810e+19 1.722049069190203187e+19 1.551150466826558464e+19 1.397653918892553011e+19 1.260066552163144090e+19 1.136614837477584691e+19 1.025782463479501824e+19 9.276552744612841472e+18 8.417439288255900672e+18 7.664390730037208064e+18
2.110210066443360256e+19 1.914178594134375219e+19 1.722049069190203187e+19 1.551150466826558874e+19 1.397653918892553011e+19 1.260066552163143680e+19 1.136614837477584486e+19 1.025782463479501619e+19 9.276552744612843520e+18 8.417439288255895552e+18 7.664390730037209088e+18
2.110210066443359437e+19 1.914178594134374400e+19 1.722049069190203392e+19 1.551150466826558874e+19 1.397653918892553011e+19 1.260066552163143680e+19 1.136614837477584282e+19 1.025782463479501824e+19 9.276552744612843520e+18 8.417439288255897600e+18 7.664390730037208064e+18
2.110210066443358618e+19 1.914178594134373990e+19 1.722049069190203187e+19 1.551150466826558464e+19 1.397653918892552806e+19 1.260066552163143680e+19 1.136614837477584077e+19 1.025782463479501824e+19 9.276552744612845568e+18 8.417439288255896576e+18 7.664390730037209088e+18
2.110210066443358618e+19 1.914178594134374810e+19 1.722049069190202982e+19 1.551150466826558464e+19 1.397653918892552602e+19 1.260066552163143680e+19 1.136614837477584486e+19 1.025782463479501824e+19 9.276552744612847616e+18 8.417439288255896576e+18 7.664390730037211136e+18
2.110210066443359027e+19 1.914178594134374810e+19 1.722049069190203187e+19 1.551150466826558874e+19 1.397653918892553011e+19 1.260066552163143885e+19 1.136614837477584282e+19 1.025782463479501824e+19 9.276552744612845568e+18 8.417439288255897600e+18 7.664390730037210112e+18
2.110210066443358618e+19 1.914178594134374810e+19 1.722049069190203392e+19 1.551150466826558874e+19 1.397653918892552602e+19 1.260066552163143885e+19 1.136614837477584282e+19 1.025782463479501824e+19 9.276552744612845568e+18 8.417439288255899648e+18 7.664390730037211136e+18
2.110210066443358618e+19 1.914178594134374400e+19 1.722049069190204006e+19 1.551150466826558669e+19 1.397653918892552397e+19 1.260066552163143680e+19 1.136614837477583872e+19 1.025782463479502029e+19 9.276552744612845568e+18 8.417439288255898624e+18 7.664390730037212160e+18
2.110210066443359027e+19 1.914178594134374810e+19 1.722049069190204211e+19 1.551150466826558874e+19 1.397653918892552397e+19 1.260066552163143066e+19 1.136614837477583667e+19 1.025782463479502029e+19 9.276552744612847616e+18 8.417439288255900672e+18 7.664390730037211136e+18
2.110210066443359027e+19 1.914178594134374400e+19 1.722049069190204211e+19 1.551150466826558669e+19 1.397653918892552602e+19 1.260066552163143270e+19 1.136614837477583872e+19 1.025782463479501824e+19 9.276552744612849664e+18 8.417439288255900672e+18 7.664390730037213184e+18
2.110210066443358618e+19 1.914178594134374400e+19 1.722049069190204211e+19 1.551150466826558259e+19 1.397653918892552192e+19 1.260066552163143475e+19 1.136614837477584077e+19 1.025782463479502234e+19 9.276552744612847616e+18 8.417439288255897600e+18 7.664390730037211136e+18
2.110210066443358618e+19 1.914178594134374810e+19 1.722049069190204211e+19 1.551150466826558669e+19 1.397653918892551782e+19 1.260066552163143680e+19 1.136614837477584282e+19 1.025782463479502438e+19 9.276552744612847616e+18 8.417439288255898624e+18 7.664390730037211136e+18
2.110210066443359027e+19 1.914178594134375219e+19 1.722049069190203802e+19 1.551150466826558259e+19 1.397653918892551782e+19 1.260066552163143680e+19 1.136614837477583667e+19 1.025782463479502234e+19 9.276552744612847616e+18 8.417439288255899648e+18 7.664390730037214208e+18
2.110210066443359027e+19 1.914178594134374810e+19 1.722049069190204416e+19 1.551150466826558054e+19 1.397653918892551782e+19 1.260066552163143680e+19 1.136614837477584077e+19 1.025782463479502029e+19 9.276552744612849664e+18 8.417439288255898624e+18 7.664390730037213184e+18
2.110210066443358208e+19 1.914178594134374810e+19 1.722049069190204416e+19 1.551150466826557440e+19 1.397653918892551987e+19 1.260066552163143885e+19 1.136614837477584077e+19 1.025782463479502029e+19 9.276552744612851712e+18 8.417439288255901696e+18 7.664390730037213184e+18
2.110210066443358208e+19 1.914178594134374400e+19 1.722049069190204006e+19 1.551150466826557235e+19 1.397653918892551782e+19 1.260066552163143680e+19 1.136614837477583872e+19 1.025782463479502029e+19 9.276552744612853760e+18 8.417439288255900672e+18 7.664390730037212160e+18
2.110210066443358208e+19 1.914178594134374400e+19 1.722049069190204006e+19 1.551150466826557440e+19 1.397653918892551578e+19 1.260066552163143475e+19 1.136614837477583872e+19 1.025782463479501824e+19 9.276552744612855808e+18 8.417439288255898624e+18 7.664390730037214208e+18
2.110210066443358208e+19 1.914178594134373581e+19 1.722049069190204416e+19 1.551150466826557440e+19 1.397653918892551373e+19 1.260066552163143680e+19 1.136614837477584077e+19 1.025782463479501619e+19 9.276552744612857856e+18 8.417439288255900672e+18 7.664390730037213184e+18
2.110210066443357798e+19 1.914178594134373990e+19 1.722049069190204211e+19 1.551150466826557440e+19 1.397653918892551578e+19 1.260066552163143680e+19 1.136614837477584077e+19 1.025782463479501414e+19 9.276552744612857856e+18 8.417439288255901696e+18 7.664390730037214208e+18
2.110210066443358208e+19 1.914178594134373990e+19 1.722049069190204211e+19 1.551150466826557440e+19 1.397653918892551782e+19 1.260066552163143885e+19 1.136614837477584282e+19 1.025782463479501414e+19 9.276552744612853760e+18 8.417439288255901696e+18 7.664390730037213184e+18
2.110210066443357389e+19 1.914178594134373990e+19 1.722049069190204006e+19 1.551150466826557645e+19 1.397653918892551373e+19 1.260066552163143680e+19 1.136614837477584077e+19 1.025782463479501414e+19 9.276552744612855808e+18 8.417439288255902720e+18 7.664390730037211136e+18
2.110210066443356979e+19 1.914178594134373990e+19 1.722049069190204211e+19 1.551150466826557645e+19 1.397653918892550963e+19 1.260066552163143680e+19 1.136614837477584282e+19 1.025782463479501619e+19 9.276552744612853760e+18 8.417439288255904768e+18 7.664390730037213184e+18
2.110210066443357798e+19 1.914178594134373990e+19 1.722049069190204211e+19 1.551150466826557850e+19 1.397653918892550758e+19 1.260066552163143885e+19 1.136614837477584077e+19 1.025782463479501619e+19 9.276552744612849664e+18 8.417439288255904768e+18 7.664390730037212160e+18
2.110210066443358208e+19 1.914178594134373171e+19 1.722049069190203392e+19 1.551150466826558054e+19 1.397653918892550963e+19 1.260066552163143680e+19 1.136614837477584077e+19 1.025782463479501619e+19 9.276552744612849664e+18 8.417439288255903744e+18 7.664390730037214208e+18
2.110210066443357798e+19 1.914178594134373171e+19 1.722049069190203187e+19 1.551150466826557440e+19 1.397653918892550963e+19 1.260066552163143885e+19 1.136614837477584282e+19 1.025782463479501619e+19 9.276552744612847616e+18 8.417439288255905792e+18 7.664390730037213184e+18
2.110210066443357389e+19 1.914178594134372762e+19 1.722049069190203802e+19 1.551150466826557850e+19 1.397653918892550963e+19 1.260066552163144090e+19 1.136614837477584282e+19 1.025782463479501619e+19 9.276552744612847616e+18 8.417439288255905792e+18 7.664390730037216256e+18
2.110210066443357798e+19 1.914178594134372762e+19 1.722049069190204006e+19 1.551150466826557850e+19 1.397653918892550963e+19 1.260066552163144090e+19 1.136614837477584486e+19 1.025782463479501619e+19 9.276552744612847616e+18 8.417439288255906816e+18 7.664390730037218304e+18
2.110210066443358208e+19 1.914178594134372762e+19 1.722049069190203802e+19 1.551150466826557850e+19 1.397653918892550963e+19 1.260066552163144090e+19 1.136614837477584486e+19 1.025782463479501414e+19 9.276552744612847616e+18 8.417439288255908864e+18 7.664390730037219328e+18
2.110210066443356979e+19 1.914178594134371942e+19 1.722049069190203597e+19 1.551150466826557645e+19 1.397653918892551782e+19 1.260066552163144294e+19 1.136614837477584896e+19 1.025782463479501210e+19 9.276552744612847616e+18 8.417439288255907840e+18 7.664390730037218304e+18
2.110210066443357389e+19 1.914178594134371942e+19 1.722049069190203392e+19 1.551150466826557440e+19 1.397653918892551578e+19 1.260066552163144294e+19 1.136614837477584896e+19 1.025782463479501210e+19 9.276552744612849664e+18 8.417439288255906816e+18 7.664390730037219328e+18
2.110210066443357389e+19 1.914178594134372352e+19 1.722049069190203802e+19 1.551150466826557850e+19 1.397653918892551782e+19 1.260066552163144499e+19 1.136614837477584691e+19 1.025782463479501210e+19 9.276552744612849664e+18 8.417439288255907840e+18 7.664390730037220352e+18
2.110210066443357389e+19 1.914178594134371533e+19 1.722049069190203392e+19 1.551150466826558259e+19 1.397653918892551782e+19 1.260066552163144704e+19 1.136614837477584486e+19 1.025782463479501414e+19 9.276552744612849664e+18 8.417439288255904768e+18 7.664390730037220352e+18
2.110210066443357389e+19 1.914178594134372352e+19 1.722049069190203187e+19 1.551150466826558054e+19 1.397653918892551782e+19 1.260066552163144294e+19 1.136614837477584486e+19 1.025782463479501414e+19 9.276552744612851712e+18 8.417439288255905792e+18 7.664390730037220352e+18
2.110210066443357798e+19 1.914178594134371123e+19 1.722049069190203392e+19 1.551150466826558054e+19 1.397653918892551578e+19 1.260066552163144294e+19 1.136614837477584691e+19 1.025782463479501414e+19 9.276552744612847616e+18 8.417439288255906816e+18 7.664390730037221376e+18
2.110210066443358208e+19 1.914178594134371123e+19 1.722049069190203392e+19 1.551150466826558259e+19 1.397653918892551168e+19 1.260066552163143885e+19 1.136614837477584282e+19 1.025782463479501210e+19 9.276552744612845568e+18 8.417439288255909888e+18 7.664390730037221376e+18
2.110210066443358208e+19 1.914178594134370304e+19 1.722049069190202982e+19 1.551150466826559078e+19 1.397653918892551578e+19 1.260066552163143680e+19 1.136614837477584282e+19 1.025782463479501005e+19 9.276552744612843520e+18 8.417439288255909888e+18 7.664390730037220352e+18
2.110210066443359027e+19 1.914178594134371123e+19 1.722049069190203392e+19 1.551150466826559078e+19 1.397653918892551578e+19 1.260066552163143680e+19 1.136614837477584282e+19 1.025782463479501210e+19 9.276552744612849664e+18 8.417439288255910912e+18 7.664390730037221376e+18
2.110210066443359027e+19 1.914178594134371123e+19 1.722049069190202573e+19 1.551150466826559898e+19 1.397653918892551373e+19 1.260066552163143475e+19 1.136614837477584486e+19 1.025782463479501414e+19 9.276552744612845568e+18 8.417439288255912960e+18 7.664390730037217280e+18
2.110210066443358618e+19 1.914178594134371123e+19 1.722049069190202163e+19 1.551150466826559693e+19 1.397653918892551782e+19 1.260066552163143680e+19 1.136614837477584486e+19 1.025782463479501414e+19 9.276552744612845568e+18 8.417439288255913984e+18 7.664390730037218304e+18
2.110210066443358618e+19 1.914178594134371533e+19 1.722049069190202573e+19 1.551150466826559488e+19 1.397653918892551578e+19 1.260066552163143680e+19 1.136614837477584691e+19 1.025782463479501619e+19 9.276552744612841472e+18 8.417439288255915008e+18 7.664390730037218304e+18
2.110210066443358618e+19 1.914178594134371123e+19 1.722049069190202778e+19 1.551150466826559898e+19 1.397653918892551373e+19 1.260066552163143680e+19 1.136614837477584896e+19 1.025782463479501619e+19 9.276552744612841472e+18 8.417439288255912960e+18 7.664390730037217280e+18
2.110210066443358208e+19 1.914178594134370714e+19 1.722049069190202982e+19 1.551150466826559283e+19 1.397653918892551782e+19 1.260066552163143885e+19 1.136614837477584896e+19 1.025782463479501414e+19 9.276552744612843520e+18 8.417439288255913984e+18 7.664390730037218304e+18
2.110210066443358208e+19 1.914178594134371533e+19 1.722049069190202778e+19 1.551150466826559693e+19 1.397653918892551578e+19 1.260066552163144090e+19 1.136614837477585101e+19 1.025782463479501210e+19 9.276552744612843520e+18 8.417439288255912960e+18 7.664390730037219328e+18
2.110210066443357798e+19 1.914178594134371533e+19 1.722049069190202982e+19 1.551150466826559488e+19 1.397653918892551168e+19 1.260066552163144090e+19 1.136614837477585101e+19 1.025782463479501210e+19 9.276552744612843520e+18 8.417439288255913984e+18 7.664390730037217280e+18
2.110210066443358208e+19 1.914178594134372352e+19 1.722049069190203392e+19 1.551150466826559898e+19 1.397653918892551373e+19 1.260066552163143885e+19 1.136614837477584691e+19 1.025782463479501414e+19 9.276552744612841472e+18 8.417439288255911936e+18 7.664390730037218304e+18
2.110210066443358208e+19 1.914178594134371533e+19 1.722049069190203187e+19 1.551150466826560307e+19 1.397653918892551168e+19 1.260066552163144090e+19 1.136614837477584691e+19 1.025782463479501414e+19 9.276552744612843520e+18 8.417439288255910912e+18 7.664390730037215232e+18
2.110210066443358618e+19 1.914178594134371942e+19 1.722049069190203392e+19 1.551150466826560102e+19 1.397653918892551168e+19 1.260066552163144294e+19 1.136614837477584486e+19 1.025782463479501414e+19 9.276552744612841472e+18 8.417439288255912960e+18 7.664390730037217280e+18
2.110210066443358618e+19 1.914178594134372352e+19 1.722049069190203802e+19 1.551150466826560307e+19 1.397653918892551168e+19 1.260066552163144294e+19 1.136614837477584486e+19 1.025782463479501824e+19 9.276552744612841472e+18 8.417439288255916032e+18 7.664390730037216256e+18
2.110210066443357798e+19 1.914178594134372762e+19 1.722049069190203802e+19 1.551150466826560512e+19 1.397653918892551168e+19 1.260066552163144294e+19 1.136614837477584077e+19 1.025782463479501414e+19 9.276552744612839424e+18 8.417439288255913984e+18 7.664390730037218304e+18
2.110210066443358618e+19 1.914178594134371533e+19 1.722049069190203597e+19 1.551150466826561126e+19 1.397653918892550963e+19 1.260066552163144294e+19 1.136614837477584282e+19 1.025782463479501414e+19 9.276552744612843520e+18 8.417439288255915008e+18 7.664390730037217280e+18
2.110210066443358618e+19 1.914178594134372352e+19 1.722049069190203392e+19 1.551150466826561536e+19 1.397653918892550963e+19 1.260066552163144090e+19 1.136614837477584486e+19 1.025782463479501005e+19 9.276552744612843520e+18 8.417439288255915008e+18 7.664390730037220352e+18
2.110210066443358208e+19 1.914178594134372762e+19 1.722049069190203597e+19 1.551150466826561536e+19 1.397653918892550758e+19 1.260066552163144499e+19 1.136614837477584486e+19 1.025782463479501005e+19 9.276552744612841472e+18 8.417439288255916032e+18 7.664390730037223424e+18
2.110210066443358618e+19 1.914178594134372762e+19 1.722049069190203597e+19 1.551150466826561946e+19 1.397653918892550349e+19 1.260066552163144704e+19 1.136614837477584282e+19 1.025782463479501210e+19 9.276552744612841472e+18 8.417439288255916032e+18 7.664390730037222400e+18
2.110210066443357798e+19 1.914178594134372352e+19 1.722049069190203802e+19 1.551150466826562355e+19 1.397653918892550758e+19 1.260066552163144499e+19 1.136614837477584486e+19 1.025782463479501414e+19 9.276552744612839424e+18 8.417439288255917056e+18 7.664390730037224448e+18
2.110210066443358208e+19 1.914178594134371942e+19 1.722049069190202573e+19 1.551150466826562150e+19 1.397653918892550554e+19 1.260066552163144499e+19 1.136614837477584486e+19 1.025782463479501005e+19 9.276552744612839424e+18 8.417439288255920128e+18 7.664390730037225472e+18
2.110210066443358618e+19 1.914178594134372352e+19 1.722049069190202778e+19 1.551150466826561946e+19 1.397653918892550349e+19 1.260066552163144704e+19 1.136614837477584691e+19 1.025782463479501005e+19 9.276552744612839424e+18 8.417439288255922176e+18 7.664390730037225472e+18
2.110210066443359027e+19 1.914178594134371533e+19 1.722049069190202573e+19 1.551150466826562355e+19 1.397653918892549939e+19 1.260066552163144704e+19 1.136614837477584486e+19 1.025782463479500800e+19 9.276552744612841472e+18 8.417439288255921152e+18 7.664390730037225472e+18
2.110210066443358208e+19 1.914178594134372762e+19 1.722049069190202368e+19 1.551150466826562355e+19 1.397653918892549530e+19 1.260066552163144909e+19 1.136614837477584691e+19 1.025782463479500800e+19 9.276552744612839424e+18 8.417439288255918080e+18 7.664390730037226496e+18
2.110210066443358208e+19 1.914178594134372352e+19 1.722049069190202982e+19 1.551150466826562765e+19 1.397653918892549734e+19 1.260066552163145318e+19 1.136614837477584896e+19 1.025782463479500595e+19 9.276552744612839424e+18 8.417439288255918080e+18 7.664390730037225472e+18
2.110210066443358618e+19 1.914178594134372762e+19 1.722049069190202778e+19 1.551150466826562765e+19 1.397653918892549734e+19 1.260066552163145728e+19 1.136614837477585306e+19 1.025782463479501005e+19 9.276552744612841472e+18 8.417439288255918080e+18 7.664390730037225472e+18
2.110210066443358618e+19 1.914178594134372352e+19 1.722049069190202982e+19 1.551150466826562765e+19 1.397653918892550144e+19 1.260066552163145933e+19 1.136614837477585306e+19 1.025782463479501005e+19 9.276552744612841472e+18 8.417439288255918080e+18 7.664390730037226496e+18
2.110210066443358618e+19 1.914178594134372352e+19 1.722049069190203187e+19 1.551150466826563379e+19 1.397653918892550144e+19 1.260066552163146342e+19 1.136614837477585306e+19 1.025782463479501005e+19 9.276552744612845568e+18 8.417439288255917056e+18 7.664390730037224448e+18
2.110210066443359027e+19 1.914178594134372352e+19 1.722049069190203392e+19 1.551150466826563584e+19 1.397653918892549939e+19 1.260066552163146342e+19 1.136614837477585306e+19 1.025782463479501005e+19 9.276552744612845568e+18 8.417439288255916032e+18 7.664390730037222400e+18
2.110210066443358618e+19 1.914178594134372352e+19 1.722049069190203597e+19 1.551150466826563584e+19 1.397653918892550349e+19 1.260066552163146342e+19 1.136614837477585715e+19 1.025782463479501005e+19 9.276552744612843520e+18 8.417439288255915008e+18 7.664390730037220352e+18
2.110210066443359027e+19 1.914178594134371942e+19 1.722049069190203392e+19 1.551150466826563584e+19 1.397653918892549734e+19 1.260066552163146138e+19 1.136614837477585920e+19 1.025782463479501005e+19 9.276552744612847616e+18 8.417439288255916032e+18 7.664390730037223424e+18
2.110210066443358618e+19 1.914178594134371942e+19 1.722049069190203187e+19 1.551150466826563584e+19 1.397653918892548915e+19 1.260066552163145933e+19 1.136614837477585920e+19 1.025782463479501005e+19 9.276552744612843520e+18 8.417439288255915008e+18 7.664390730037223424e+18
2.110210066443358208e+19 1.914178594134371942e+19 1.722049069190203597e+19 1.551150466826563174e+19 1.397653918892549734e+19 1.260066552163145933e+19 1.136614837477585715e+19 1.025782463479501005e+19 9.276552744612845568e+18 8.417439288255915008e+18 7.664390730037224448e+18
2.110210066443358618e+19 1.914178594134372352e+19 1.722049069190203597e+19 1.551150466826562560e+19 1.397653918892548915e+19 1.260066552163145523e+19 1.136614837477585510e+19 1.025782463479501210e+19 9.276552744612847616e+18 8.417439288255915008e+18 7.664390730037223424e+18
2.110210066443359027e+19 1.914178594134372762e+19 1.722049069190203802e+19 1.551150466826562355e+19 1.397653918892549734e+19 1.260066552163145523e+19 1.136614837477585715e+19 1.025782463479501210e+19 9.276552744612849664e+18 8.417439288255913984e+18 7.664390730037222400e+18
2.110210066443358618e+19 1.914178594134371942e+19 1.722049069190203597e+19 1.551150466826562765e+19 1.397653918892549325e+19 1.260066552163145318e+19 1.136614837477585510e+19 1.025782463479501210e+19 9.276552744612849664e+18 8.417439288255913984e+18 7.664390730037222400e+18
2.110210066443359027e+19 1.914178594134371942e+19 1.722049069190204211e+19 1.551150466826561946e+19 1.397653918892549530e+19 1.260066552163144909e+19 1.136614837477585306e+19 1.025782463479501414e+19 9.276552744612847616e+18 8.417439288255913984e+18 7.664390730037222400e+18
2.110210066443359846e+19 1.914178594134371942e+19 1.722049069190203802e+19 1.551150466826561946e+19 1.397653918892549325e+19 1.260066552163145318e+19 1.136614837477585715e+19 1.025782463479501210e+19 9.276552744612849664e+18 8.417439288255912960e+18 7.664390730037223424e+18
2.110210066443359846e+19 1.914178594134371942e+19 1.722049069190203802e+19 1.551150466826561946e+19 1.397653918892549120e+19 1.260066552163144909e+19 1.136614837477585920e+19 1.025782463479501005e+19 9.276552744612845568e+18 8.417439288255913984e+18 7.664390730037225472e+18
2.110210066443360666e+19 1.914178594134372352e+19 1.722049069190204006e+19 1.551150466826561946e+19 1.397653918892549325e+19 1.260066552163145114e+19 1.136614837477585715e+19 1.025782463479500800e+19 9.276552744612845568e+18 8.417439288255913984e+18 7.664390730037226496e+18
2.110210066443360666e+19 1.914178594134373171e+19 1.722049069190203802e+19 1.551150466826561741e+19 1.397653918892549120e+19 1.260066552163145114e+19 1.136614837477586125e+19 1.025782463479501005e+19 9.276552744612843520e+18 8.417439288255912960e+18 7.664390730037229568e+18
2.110210066443360256e+19 1.914178594134372762e+19 1.722049069190203802e+19 1.551150466826561741e+19 1.397653918892549120e+19 1.260066552163144909e+19 1.136614837477586125e+19 1.025782463479501210e+19 9.276552744612841472e+18 8.417439288255916032e+18 7.664390730037230592e+18
2.110210066443360256e+19 1.914178594134373581e+19 1.722049069190204006e+19 1.551150466826561741e+19 1.397653918892549325e+19 1.260066552163145523e+19 1.136614837477586330e+19 1.025782463479501210e+19 9.276552744612841472e+18 8.417439288255917056e+18 7.664390730037230592e+18
2.110210066443360256e+19 1.914178594134373581e+19 1.722049069190204006e+19 1.551150466826561741e+19 1.397653918892549530e+19 1.260066552163145318e+19 1.136614837477586125e+19 1.025782463479501414e+19 9.276552744612839424e+18 8.417439288255916032e+18 7.664390730037232640e+18
2.110210066443360666e+19 1.914178594134373581e+19 1.722049069190204006e+19 1.551150466826561331e+19 1.397653918892549939e+19 1.260066552163145933e+19 1.136614837477586534e+19 1.025782463479501414e+19 9.276552744612841472e+18 8.417439288255916032e+18 7.664390730037230592e+18
2.110210066443361075e+19 1.914178594134373581e+19 1.722049069190203392e+19 1.551150466826561331e+19 1.397653918892549530e+19 1.260066552163146138e+19 1.136614837477586330e+19 1.025782463479501210e+19 9.276552744612841472e+18 8.417439288255918080e+18 7.664390730037231616e+18
2.110210066443361075e+19 1.914178594134373990e+19 1.722049069190202982e+19 1.551150466826561126e+19 1.397653918892549120e+19 1.260066552163146138e+19 1.136614837477586125e+19 1.025782463479500800e+19 9.276552744612837376e+18 8.417439288255917056e+18 7.664390730037232640e+18
2.110210066443361485e+19 1.914178594134373990e+19 1.722049069190202778e+19 1.551150466826561946e+19 1.397653918892548915e+19 1.260066552163145933e+19 1.136614837477586330e+19 1.025782463479501005e+19 9.276552744612839424e+18 8.417439288255918080e+18 7.664390730037231616e+18
2.110210066443361075e+19 1.914178594134373581e+19 1.722049069190202778e+19 1.551150466826561946e+19 1.397653918892549120e+19 1.260066552163145933e+19 1.136614837477586330e+19 1.025782463479501005e+19 9.276552744612841472e+18 8.417439288255916032e+18 7.664390730037230592e+18
2.110210066443361485e+19 1.914178594134374400e+19 1.722049069190202982e+19 1.551150466826561946e+19 1.397653918892549120e+19 1.260066552163145933e+19 1.136614837477586534e+19 1.025782463479501210e+19 9.276552744612839424e+18 8.417439288255918080e+18 7.664390730037232640e+18
2.110210066443360666e+19 1.914178594134374400e+19 1.722049069190203187e+19 1.551150466826562355e+19 1.397653918892549734e+19 1.260066552163145933e+19 1.136614837477586330e+19 1.025782463479501414e+19 9.276552744612841472e+18 8.417439288255919104e+18 7.664390730037231616e+18
2.110210066443360666e+19 1.914178594134374400e+19 1.722049069190203187e+19 1.551150466826562560e+19 1.397653918892549734e+19 1.260066552163146342e+19 1.136614837477586534e+19 1.025782463479501619e+19 9.276552744612837376e+18 8.417439288255916032e+18 7.664390730037232640e+18
2.110210066443360666e+19 1.914178594134374400e+19 1.722049069190202982e+19 1.551150466826562355e+19 1.397653918892549734e+19 1.260066552163145318e+19 1.136614837477586739e+19 1.025782463479501619e+19 9.276552744612839424e+18 8.417439288255913984e+18 7.664390730037231616e+18
2.110210066443361075e+19 1.914178594134373990e+19 1.722049069190202778e+19 1.551150466826562150e+19 1.397653918892549325e+19 1.260066552163145933e+19 1.136614837477586944e+19 1.025782463479501619e+19 9.276552744612837376e+18 8.417439288255912960e+18 7.664390730037231616e+18
2.110210066443360256e+19 1.914178594134374400e+19 1.722049069190203187e+19 1.551150466826561946e+19 1.397653918892549734e+19 1.260066552163145728e+19 1.136614837477587558e+19 1.025782463479501210e+19 9.276552744612837376e+18 8.417439288255911936e+18 7.664390730037235712e+18
2.110210066443360256e+19 1.914178594134374810e+19 1.722049069190202982e+19 1.551150466826562560e+19 1.397653918892549939e+19 1.260066552163145728e+19 1.136614837477587354e+19 1.025782463479501210e+19 9.276552744612833280e+18 8.417439288255912960e+18 7.664390730037232640e+18
2.110210066443359437e+19 1.914178594134374810e+19 1.722049069190202573e+19 1.551150466826562765e+19 1.397653918892549734e+19 1.260066552163145728e+19 1.136614837477587149e+19 1.025782463479501005e+19 9.276552744612835328e+18 8.417439288255913984e+18 7.664390730037232640e+18
2.110210066443359846e+19 1.914178594134375219e+19 1.722049069190202368e+19 1.551150466826562355e+19 1.397653918892550144e+19 1.260066552163145523e+19 1.136614837477587558e+19 1.025782463479501005e+19 9.276552744612837376e+18 8.417439288255913984e+18 7.664390730037229568e+18
2.110210066443359027e+19 1.914178594134375629e+19 1.722049069190201754e+19 1.551150466826561741e+19 1.397653918892550554e+19 1.260066552163146138e+19 1.136614837477587149e+19 1.025782463479501210e+19 9.276552744612837376e+18 8.417439288255912960e+18 7.664390730037227520e+18
2.110210066443359437e+19 1.914178594134375629e+19 1.722049069190201549e+19 1.551150466826562150e+19 1.397653918892550349e+19 1.260066552163146138e+19 1.136614837477587354e+19 1.025782463479501005e+19 9.276552744612835328e+18 8.417439288255913984e+18 7.664390730037226496e+18
2.110210066443359437e+19 1.914178594134375219e+19 1.722049069190201754e+19 1.551150466826562150e+19 1.397653918892550349e+19 1.260066552163146342e+19 1.136614837477587558e+19 1.025782463479500800e+19 9.276552744612833280e+18 8.417439288255913984e+18 7.664390730037229568e+18
2.110210066443359437e+19 1.914178594134375629e+19 1.722049069190201139e+19 1.551150466826562355e+19 1.397653918892549939e+19 1.260066552163146957e+19 1.136614837477587968e+19 1.025782463479501005e+19 9.276552744612833280e+18 8.417439288255915008e+18 7.664390730037228544e+18
2.110210066443359846e+19 1.914178594134375219e+19 1.722049069190201139e+19 1.551150466826562355e+19 1.397653918892549734e+19 1.260066552163147162e+19 1.136614837477587968e+19 1.025782463479501210e+19 9.276552744612831232e+18 8.417439288255913984e+18 7.664390730037230592e+18
2.110210066443359437e+19 1.914178594134375629e+19 1.722049069190200730e+19 1.551150466826562355e+19 1.397653918892549939e+19 1.260066552163146752e+19 1.136614837477587968e+19 1.025782463479501210e+19 9.276552744612831232e+18 8.417439288255913984e+18 7.664390730037230592e+18
2.110210066443359846e+19 1.914178594134376038e+19 1.722049069190201549e+19 1.551150466826562150e+19 1.397653918892549939e+19 1.260066552163146342e+19 1.136614837477587763e+19 1.025782463479501005e+19 9.276552744612831232e+18 8.417439288255915008e+18 7.664390730037231616e+18
2.110210066443359437e+19 1.914178594134375629e+19 1.722049069190201344e+19 1.551150466826561741e+19 1.397653918892549120e+19 1.260066552163145728e+19 1.136614837477587763e+19 1.025782463479501005e+19 9.276552744612831232e+18 8.417439288255916032e+18 7.664390730037230592e+18
2.110210066443359846e+19 1.914178594134375629e+19 1.722049069190200730e+19 1.551150466826561946e+19 1.397653918892549120e+19 1.260066552163145114e+19 1.136614837477587354e+19 1.025782463479501005e+19 9.276552744612829184e+18 8.417439288255918080e+18 7.664390730037230592e+18
2.110210066443359437e+19 1.914178594134376448e+19 1.722049069190200934e+19 1.551150466826562355e+19 1.397653918892548710e+19 1.260066552163144909e+19 1.136614837477587149e+19 1.025782463479501005e+19 9.276552744612829184e+18 8.417439288255918080e+18 7.664390730037232640e+18
2.110210066443359027e+19 1.914178594134376858e+19 1.722049069190200525e+19 1.551150466826562150e+19 1.397653918892548710e+19 1.260066552163145318e+19 1.136614837477587354e+19 1.025782463479501005e+19 9.276552744612831232e+18 8.417439288255920128e+18 7.664390730037231616e+18
2.110210066443359846e+19 1.914178594134376448e+19 1.722049069190200525e+19 1.551150466826562765e+19 1.397653918892548915e+19 1.260066552163145933e+19 1.136614837477587149e+19 1.025782463479501210e+19 9.276552744612829184e+18 8.417439288255922176e+18 7.664390730037230592e+18
2.110210066443359846e+19 1.914178594134376858e+19 1.722049069190201139e+19 1.551150466826562970e+19 1.397653918892548710e+19 1.260066552163145933e+19 1.136614837477587354e+19 1.025782463479501210e+19 9.276552744612829184e+18 8.417439288255923200e+18 7.664390730037231616e+18
2.110210066443359846e+19 1.914178594134376858e+19 1.722049069190201139e+19 1.551150466826562355e+19 1.397653918892548710e+19 1.260066552163145728e+19 1.136614837477587558e+19 1.025782463479500800e+19 9.276552744612829184e+18 8.417439288255922176e+18 7.664390730037231616e+18
2.110210066443360256e+19 1.914178594134376448e+19 1.722049069190201139e+19 1.551150466826562560e+19 1.397653918892548710e+19 1.260066552163145933e+19 1.136614837477587354e+19 1.025782463479500800e+19 9.276552744612825088e+18 8.417439288255921152e+18 7.664390730037231616e+18
2.110210066443360666e+19 1.914178594134376448e+19 1.722049069190201139e+19 1.551150466826562150e+19 1.397653918892548710e+19 1.260066552163145523e+19 1.136614837477587558e+19 1.025782463479500800e+19 9.276552744612825088e+18 8.417439288255922176e+18 7.664390730037229568e+18
2.110210066443359846e+19 1.914178594134376858e+19 1.722049069190201344e+19 1.551150466826561536e+19 1.397653918892548915e+19 1.260066552163145728e+19 1.136614837477587149e+19 1.025782463479500800e+19 9.276552744612825088e+18 8.417439288255922176e+18 7.664390730037228544e+18
2.110210066443360256e+19 1.914178594134376858e+19 1.722049069190201139e+19 1.551150466826561741e+19 1.397653918892549120e+19 1.260066552163145728e+19 1.136614837477586944e+19 1.025782463479500595e+19 9.276552744612827136e+18 8.417439288255922176e+18 7.664390730037227520e+18
2.110210066443359846e+19 1.914178594134376448e+19 1.722049069190200525e+19 1.551150466826561741e+19 1.397653918892548915e+19 1.260066552163145933e+19 1.136614837477586739e+19 1.025782463479500186e+19 9.276552744612827136e+18 8.417439288255919104e+18 7.664390730037227520e+18
2.110210066443359846e+19 1.914178594134376858e+19 1.722049069190199910e+19 1.551150466826561946e+19 1.397653918892548710e+19 1.260066552163146342e+19 1.136614837477586739e+19 1.025782463479499981e+19 9.276552744612825088e+18 8.417439288255919104e+18 7.664390730037228544e+18
2.110210066443360256e+19 1.914178594134377267e+19 1.722049069190199706e+19 1.551150466826562150e+19 1.397653918892548096e+19 1.260066552163146547e+19 1.136614837477586944e+19 1.025782463479499981e+19 9.276552744612825088e+18 8.417439288255920128e+18 7.664390730037227520e+18
2.110210066443359846e+19 1.914178594134377677e+19 1.722049069190199501e+19 1.551150466826562355e+19 1.397653918892548506e+19 1.260066552163146138e+19 1.136614837477587149e+19 1.025782463479499571e+19 9.276552744612827136e+18 8.417439288255919104e+18 7.664390730037224448e+18
2.110210066443360666e+19 1.914178594134377677e+19 1.722049069190199706e+19 1.551150466826562765e+19 1.397653918892548506e+19 1.260066552163146138e+19 1.136614837477587354e+19 1.025782463479499776e+19 9.276552744612827136e+18 8.417439288255918080e+18 7.664390730037226496e+18
2.110210066443360256e+19 1.914178594134377677e+19 1.722049069190200115e+19 1.551150466826562970e+19 1.397653918892548710e+19 1.260066552163145318e+19 1.136614837477587354e+19 1.025782463479499776e+19 9.276552744612829184e+18 8.417439288255919104e+18 7.664390730037226496e+18
2.110210066443360666e+19 1.914178594134377677e+19 1.722049069190200115e+19 1.551150466826563379e+19 1.397653918892548506e+19 1.260066552163145728e+19 1.136614837477587149e+19 1.025782463479499776e+19 9.276552744612827136e+18 8.417439288255920128e+18 7.664390730037228544e+18
2.110210066443360666e+19 1.914178594134377677e+19 1.722049069190200115e+19 1.551150466826563994e+19 1.397653918892548096e+19 1.260066552163145933e+19 1.136614837477587354e+19 1.025782463479499776e+19 9.276552744612825088e+18 8.417439288255920128e+18 7.664390730037231616e+18
2.110210066443360256e+19 1.914178594134376858e+19 1.722049069190199910e+19 1.551150466826563789e+19 1.397653918892547891e+19 1.260066552163146138e+19 1.136614837477587968e+19 1.025782463479499776e+19 9.276552744612825088e+18 8.417439288255921152e+18 7.664390730037231616e+18
2.110210066443359846e+19 1.914178594134376858e+19 1.722049069190199910e+19 1.551150466826563584e+19 1.397653918892547277e+19 1.260066552163146752e+19 1.136614837477588173e+19 1.025782463479499571e+19 9.276552744612825088e+18 8.417439288255921152e+18 7.664390730037231616e+18
2.110210066443359846e+19 1.914178594134377267e+19 1.722049069190200115e+19 1.551150466826563379e+19 1.397653918892546662e+19 1.260066552163146957e+19 1.136614837477587354e+19 1.025782463479499776e+19 9.276552744612827136e+18 8.417439288255924224e+18 7.664390730037231616e+18
2.110210066443359027e+19 1.914178594134376858e+19 1.722049069190200115e+19 1.551150466826563379e+19 1.397653918892546458e+19 1.260066552163146957e+19 1.136614837477587149e+19 1.025782463479499981e+19 9.276552744612825088e+18 8.417439288255925248e+18 7.664390730037228544e+18
2.110210066443359437e+19 1.914178594134376038e+19 1.722049069190199706e+19 1.551150466826563174e+19 1.397653918892546867e+19 1.260066552163147162e+19 1.136614837477587149e+19 1.025782463479499981e+19 9.276552744612829184e+18 8.417439288255924224e+18 7.664390730037227520e+18
2.110210066443359846e+19 1.914178594134376448e+19 1.722049069190200115e+19 1.551150466826563379e+19 1.397653918892546867e+19 1.260066552163147366e+19 1.136614837477586944e+19 1.025782463479500186e+19 9.276552744612829184e+18 8.417439288255924224e+18 7.664390730037228544e+18
2.110210066443359437e+19 1.914178594134377267e+19 1.722049069190200525e+19 1.551150466826562970e+19 1.397653918892546662e+19 1.260066552163147366e+19 1.136614837477587354e+19 1.025782463479500186e+19 9.276552744612829184e+18 8.417439288255921152e+18 7.664390730037228544e+18
2.110210066443359437e+19 1.914178594134377267e+19 1.722049069190200320e+19 1.551150466826562765e+19 1.397653918892546867e+19 1.260066552163146752e+19 1.136614837477587763e+19 1.025782463479499776e+19 9.276552744612829184e+18 8.417439288255920128e+18 7.664390730037230592e+18
2.110210066443359437e+19 1.914178594134377677e+19 1.722049069190200320e+19 1.551150466826562355e+19 1.397653918892546662e+19 1.260066552163146752e+19 1.136614837477587763e+19 1.025782463479499981e+19 9.276552744612827136e+18 8.417439288255917056e+18 7.664390730037229568e+18
2.110210066443359846e+19 1.914178594134378086e+19 1.722049069190200934e+19 1.551150466826562560e+19 1.397653918892547072e+19 1.260066552163146547e+19 1.136614837477587763e+19 1.025782463479499776e+19 9.276552744612829184e+18 8.417439288255918080e+18 7.664390730037230592e+18
2.110210066443359846e+19 1.914178594134377677e+19 1.722049069190200730e+19 1.551150466826562150e+19 1.397653918892547072e+19 1.260066552163146752e+19 1.136614837477587149e+19 1.025782463479499776e+19 9.276552744612827136e+18 8.417439288255916032e+18 7.664390730037230592e+18
2.110210066443359437e+19 1.914178594134378086e+19 1.722049069190201139e+19 1.551150466826562560e+19 1.397653918892547072e+19 1.260066552163146752e+19 1.136614837477587149e+19 1.025782463479500186e+19 9.276552744612825088e+18 8.417439288255918080e+18 7.664390730037228544e+18
2.110210066443359846e+19 1.914178594134378496e+19 1.722049069190201139e+19 1.551150466826563379e+19 1.397653918892547277e+19 1.260066552163146957e+19 1.136614837477586739e+19 1.025782463479499981e+19 9.276552744612823040e+18 8.417439288255915008e+18 7.664390730037229568e+18
2.110210066443359846e+19 1.914178594134378496e+19 1.722049069190200525e+19 1.551150466826563379e+19 1.397653918892546867e+19 1.260066552163146957e+19 1.136614837477586534e+19 1.025782463479499776e+19 9.276552744612820992e+18 8.417439288255912960e+18 7.664390730037230592e+18
2.110210066443359846e+19 1.914178594134378496e+19 1.722049069190200320e+19 1.551150466826563379e+19 1.397653918892547277e+19 1.260066552163146547e+19 1.136614837477586534e+19 1.025782463479500186e+19 9.276552744612820992e+18 8.417439288255915008e+18 7.664390730037232640e+18
2.110210066443359437e+19 1.914178594134378496e+19 1.722049069190200934e+19 1.551150466826563174e+19 1.397653918892546867e+19 1.260066552163146342e+19 1.136614837477587149e+19 1.025782463479500595e+19 9.276552744612820992e+18 8.417439288255916032e+18 7.664390730037232640e+18
2.110210066443359437e+19 1.914178594134378496e+19 1.722049069190200320e+19 1.551150466826563584e+19 1.397653918892547277e+19 1.260066552163146342e+19 1.136614837477586739e+19 1.025782463479500390e+19 9.276552744612820992e+18 8.417439288255913984e+18 7.664390730037232640e+18
2.110210066443359437e+19 1.914178594134378496e+19 1.722049069190200730e+19 1.551150466826563379e+19 1.397653918892547686e+19 1.260066552163146342e+19 1.136614837477586944e+19 1.025782463479501210e+19 9.276552744612820992e+18 8.417439288255913984e+18 7.664390730037231616e+18
2.110210066443359437e+19 1.914178594134378496e+19 1.722049069190200934e+19 1.551150466826563379e+19 1.397653918892547482e+19 1.260066552163145933e+19 1.136614837477587558e+19 1.025782463479500800e+19 9.276552744612820992e+18 8.417439288255912960e+18 7.664390730037233664e+18
2.110210066443359027e+19 1.914178594134378906e+19 1.722049069190200934e+19 1.551150466826563584e+19 1.397653918892547277e+19 1.260066552163145933e+19 1.136614837477587763e+19 1.025782463479500595e+19 9.276552744612825088e+18 8.417439288255912960e+18 7.664390730037232640e+18
2.110210066443359027e+19 1.914178594134378906e+19 1.722049069190201344e+19 1.551150466826563994e+19 1.397653918892546662e+19 1.260066552163144909e+19 1.136614837477587558e+19 1.025782463479501005e+19 9.276552744612825088e+18 8.417439288255910912e+18 7.664390730037234688e+18
2.110210066443359027e+19 1.914178594134378086e+19 1.722049069190201754e+19 1.551150466826563994e+19 1.397653918892547277e+19 1.260066552163144909e+19 1.136614837477587149e+19 1.025782463479500595e+19 9.276552744612823040e+18 8.417439288255911936e+18 7.664390730037234688e+18
2.110210066443359437e+19 1.914178594134378086e+19 1.722049069190202163e+19 1.551150466826563789e+19 1.397653918892546662e+19 1.260066552163145114e+19 1.136614837477587354e+19 1.025782463479500595e+19 9.276552744612823040e+18 8.417439288255908864e+18 7.664390730037236736e+18
2.110210066443359437e+19 1.914178594134378086e+19 1.722049069190202368e+19 1.551150466826563789e+19 1.397653918892546048e+19 1.260066552163144704e+19 1.136614837477587763e+19 1.025782463479501005e+19 9.276552744612823040e+18 8.417439288255906816e+18 7.664390730037234688e+18
2.110210066443359027e+19 1.914178594134377677e+19 1.722049069190202368e+19 1.551150466826564198e+19 1.397653918892546662e+19 1.260066552163145114e+19 1.136614837477588173e+19 1.025782463479501210e+19 9.276552744612823040e+18 8.417439288255905792e+18 7.664390730037235712e+18
2.110210066443359027e+19 1.914178594134377677e+19 1.722049069190202368e+19 1.551150466826563994e+19 1.397653918892546458e+19 1.260066552163144499e+19 1.136614837477587968e+19 1.025782463479501619e+19 9.276552744612823040e+18 8.417439288255904768e+18 7.664390730037237760e+18
2.110210066443359437e+19 1.914178594134377677e+19 1.722049069190202573e+19 1.551150466826563789e+19 1.397653918892546048e+19 1.260066552163144294e+19 1.136614837477588173e+19 1.025782463479501005e+19 9.276552744612823040e+18 8.417439288255904768e+18 7.664390730037238784e+18
2.110210066443359846e+19 1.914178594134377267e+19 1.722049069190202163e+19 1.551150466826563789e+19 1.397653918892546048e+19 1.260066552163144294e+19 1.136614837477587558e+19 1.025782463479500800e+19 9.276552744612823040e+18 8.417439288255904768e+18 7.664390730037237760e+18
2.110210066443359846e+19 1.914178594134378086e+19 1.722049069190202368e+19 1.551150466826563994e+19 1.397653918892545638e+19 1.260066552163144909e+19 1.136614837477587763e+19 1.025782463479501005e+19 9.276552744612823040e+18 8.417439288255905792e+18 7.664390730037241856e+18
2.110210066443359846e+19 1.914178594134378496e+19 1.722049069190202982e+19 1.551150466826563789e+19 1.397653918892545638e+19 1.260066552163144909e+19 1.136614837477587763e+19 1.025782463479501210e+19 9.276552744612823040e+18 8.417439288255905792e+18 7.664390730037244928e+18
2.110210066443359846e+19 1.914178594134378086e+19 1.722049069190203187e+19 1.551150466826564198e+19 1.397653918892546048e+19 1.260066552163144909e+19 1.136614837477588173e+19 1.025782463479501414e+19 9.276552744612825088e+18 8.417439288255905792e+18 7.664390730037242880e+18
2.110210066443359846e+19 1.914178594134378496e+19 1.722049069190203392e+19 1.551150466826563994e+19 1.397653918892546048e+19 1.260066552163145114e+19 1.136614837477587968e+19 1.025782463479501619e+19 9.276552744612825088e+18 8.417439288255903744e+18 7.664390730037244928e+18
2.110210066443359846e+19 1.914178594134378086e+19 1.722049069190203597e+19 1.551150466826563584e+19 1.397653918892546048e+19 1.260066552163145318e+19 1.136614837477587968e+19 1.025782463479502029e+19 9.276552744612827136e+18 8.417439288255903744e+18 7.664390730037246976e+18
2.110210066443359437e+19 1.914178594134378496e+19 1.722049069190203597e+19 1.551150466826564198e+19 1.397653918892546253e+19 1.260066552163146138e+19 1.136614837477588173e+19 1.025782463479502234e+19 9.276552744612829184e+18 8.417439288255903744e+18 7.664390730037252096e+18
2.110210066443359846e+19 1.914178594134378906e+19 1.722049069190203187e+19 1.551150466826564198e+19 1.397653918892546048e+19 1.260066552163145523e+19 1.136614837477588378e+19 1.025782463479502643e+19 9.276552744612829184e+18 8.417439288255902720e+18 7.664390730037253120e+18
2.110210066443359437e+19 1.914178594134378086e+19 1.722049069190202982e+19 1.551150466826564198e+19 1.397653918892545843e+19 1.260066552163145728e+19 1.136614837477588378e+19 1.025782463479502438e+19 9.276552744612833280e+18 8.417439288255902720e+18 7.664390730037253120e+18
2.110210066443359437e+19 1.914178594134378496e+19 1.722049069190202982e+19 1.551150466826563994e+19 1.397653918892546048e+19 1.260066552163145318e+19 1.136614837477588173e+19 1.025782463479502234e+19 9.276552744612833280e+18 8.417439288255902720e+18 7.664390730037254144e+18
2.110210066443359437e+19 1.914178594134379315e+19 1.722049069190202573e+19 1.551150466826563584e+19 1.397653918892545638e+19 1.260066552163145523e+19 1.136614837477587763e+19 1.025782463479502029e+19 9.276552744612831232e+18 8.417439288255899648e+18 7.664390730037254144e+18
2.110210066443359437e+19 1.914178594134378496e+19 1.722049069190202163e+19 1.551150466826563584e+19 1.397653918892545843e+19 1.260066552163145523e+19 1.136614837477587558e+19 1.025782463479501824e+19 9.276552744612831232e+18 8.417439288255899648e+18 7.664390730037254144e+18
2.110210066443359027e+19 1.914178594134378906e+19 1.722049069190202163e+19 1.551150466826563379e+19 1.397653918892546048e+19 1.260066552163145933e+19 1.136614837477587354e+19 1.025782463479502234e+19 9.276552744612833280e+18 8.417439288255899648e+18 7.664390730037253120e+18
2.110210066443359846e+19 1.914178594134378906e+19 1.722049069190202368e+19 1.551150466826563379e+19 1.397653918892545638e+19 1.260066552163146342e+19 1.136614837477587558e+19 1.025782463479502029e+19 9.276552744612831232e+18 8.417439288255899648e+18 7.664390730037252096e+18
2.110210066443359846e+19 1.914178594134378496e+19 1.722049069190201958e+19 1.551150466826562970e+19 1.397653918892546048e+19 1.260066552163146342e+19 1.136614837477587763e+19 1.025782463479502234e+19 9.276552744612827136e+18 8.417439288255899648e+18 7.664390730037251072e+18
2.110210066443360256e+19 1.914178594134378496e+19 1.722049069190201549e+19 1.551150466826563789e+19 1.397653918892545638e+19 1.260066552163146342e+19 1.136614837477587763e+19 1.025782463479502029e+19 9.276552744612831232e+18 8.417439288255899648e+18 7.664390730037248000e+18
2.110210066443359846e+19 1.914178594134378906e+19 1.722049069190201549e+19 1.551150466826563994e+19 1.397653918892545843e+19 1.260066552163146752e+19 1.136614837477587558e+19 1.025782463479502234e+19 9.276552744612827136e+18 8.417439288255898624e+18 7.664390730037250048e+18
2.110210066443360256e+19 1.914178594134378496e+19 1.722049069190201139e+19 1.551150466826564198e+19 1.397653918892545843e+19 1.260066552163146138e+19 1.136614837477587763e+19 1.025782463479502029e+19 9.276552744612831232e+18 8.417439288255899648e+18 7.664390730037250048e+18
2.110210066443359437e+19 1.914178594134378906e+19 1.722049069190201958e+19 1.551150466826564403e+19 1.397653918892545229e+19 1.260066552163146547e+19 1.136614837477587149e+19 1.025782463479502029e+19 9.276552744612829184e+18 8.417439288255899648e+18 7.664390730037250048e+18
2.110210066443359027e+19 1.914178594134378906e+19 1.722049069190201549e+19 1.551150466826563994e+19 1.397653918892545024e+19 1.260066552163146342e+19 1.136614837477587968e+19 1.025782463479502029e+19 9.276552744612831232e+18 8.417439288255898624e+18 7.664390730037249024e+18
2.110210066443359027e+19 1.914178594134378906e+19 1.722049069190201344e+19 1.551150466826563994e+19 1.397653918892544819e+19 1.260066552163146342e+19 1.136614837477588173e+19 1.025782463479501824e+19 9.276552744612829184e+18 8.417439288255899648e+18 7.664390730037250048e+18
2.110210066443359437e+19 1.914178594134378906e+19 1.722049069190201139e+19 1.551150466826564198e+19 1.397653918892545024e+19 1.260066552163146138e+19 1.136614837477587968e+19 1.025782463479502029e+19 9.276552744612831232e+18 8.417439288255898624e+18 7.664390730037249024e+18
2.110210066443360256e+19 1.914178594134378906e+19 1.722049069190201139e+19 1.551150466826564198e+19 1.397653918892544819e+19 1.260066552163146752e+19 1.136614837477588378e+19 1.025782463479502029e+19 9.276552744612831232e+18 8.417439288255899648e+18 7.664390730037250048e+18
2.110210066443361075e+19 1.914178594134378906e+19 1.722049069190201139e+19 1.551150466826564198e+19 1.397653918892545024e+19 1.260066552163146547e+19 1.136614837477587968e+19 1.025782463479501824e+19 9.276552744612833280e+18 8.417439288255897600e+18 7.664390730037250048e+18
2.110210066443361894e+19 1.914178594134378496e+19 1.722049069190201139e+19 1.551150466826564403e+19 1.397653918892545434e+19 1.260066552163146342e+19 1.136614837477587968e+19 1.025782463479502848e+19 9.276552744612833280e+18 8.417439288255898624e+18 7.664390730037250048e+18
2.110210066443361894e+19 1.914178594134378496e+19 1.722049069190200525e+19 1.551150466826564608e+19 1.397653918892545638e+19 1.260066552163146138e+19 1.136614837477587968e+19 1.025782463479502848e+19 9.276552744612833280e+18 8.417439288255898624e+18 7.664390730037252096e+18
2.110210066443362714e+19 1.914178594134378496e+19 1.722049069190200525e+19 1.551150466826564813e+19 1.397653918892546048e+19 1.260066552163145933e+19 1.136614837477587558e+19 1.025782463479503053e+19 9.276552744612833280e+18 8.417439288255900672e+18 7.664390730037252096e+18
2.110210066443362304e+19 1.914178594134378906e+19 1.722049069190200525e+19 1.551150466826565427e+19 1.397653918892545843e+19 1.260066552163145728e+19 1.136614837477587763e+19 1.025782463479502643e+19 9.276552744612833280e+18 8.417439288255901696e+18 7.664390730037253120e+18
2.110210066443363123e+19 1.914178594134378906e+19 1.722049069190200115e+19 1.551150466826565222e+19 1.397653918892545638e+19 1.260066552163145933e+19 1.136614837477587149e+19 1.025782463479502234e+19 9.276552744612833280e+18 8.417439288255900672e+18 7.664390730037253120e+18
2.110210066443363942e+19 1.914178594134379315e+19 1.722049069190199910e+19 1.551150466826565427e+19 1.397653918892545638e+19 1.260066552163145728e+19 1.136614837477587149e+19 1.025782463479502029e+19 9.276552744612833280e+18 8.417439288255901696e+18 7.664390730037255168e+18
2.110210066443363942e+19 1.914178594134378906e+19 1.722049069190199910e+19 1.551150466826565427e+19 1.397653918892545638e+19 1.260066552163145523e+19 1.136614837477586944e+19 1.025782463479502643e+19 9.276552744612835328e+18 8.417439288255902720e+18 7.664390730037255168e+18
2.110210066443363533e+19 1.914178594134378496e+19 1.722049069190199706e+19 1.551150466826565632e+19 1.397653918892546048e+19 1.260066552163145933e+19 1.136614837477587149e+19 1.025782463479502438e+19 9.276552744612835328e+18 8.417439288255902720e+18 7.664390730037257216e+18
2.110210066443364352e+19 1.914178594134378086e+19 1.722049069190199501e+19 1.551150466826565427e+19 1.397653918892546048e+19 1.260066552163145523e+19 1.136614837477586739e+19 1.025782463479502234e+19 9.276552744612835328e+18 8.417439288255902720e+18 7.664390730037257216e+18
2.110210066443363942e+19 1.914178594134378086e+19 1.722049069190199910e+19 1.551150466826565222e+19 1.397653918892546253e+19 1.260066552163145933e+19 1.136614837477587149e+19 1.025782463479502234e+19 9.276552744612835328e+18 8.417439288255902720e+18 7.664390730037258240e+18
2.110210066443364762e+19 1.914178594134378086e+19 1.722049069190200320e+19 1.551150466826565018e+19 1.397653918892546253e+19 1.260066552163145728e+19 1.136614837477587149e+19 1.025782463479502029e+19 9.276552744612835328e+18 8.417439288255903744e+18 7.664390730037259264e+18
2.110210066443364762e+19 1.914178594134378496e+19 1.722049069190200730e+19 1.551150466826565018e+19 1.397653918892546048e+19 1.260066552163145318e+19 1.136614837477586739e+19 1.025782463479502029e+19 9.276552744612835328e+18 8.417439288255902720e+18 7.664390730037260288e+18
2.110210066443364762e+19 1.914178594134377677e+19 1.722049069190200525e+19 1.551150466826565018e+19 1.397653918892545843e+19 1.260066552163145114e+19 1.136614837477587149e+19 1.025782463479502029e+19 9.276552744612835328e+18 8.417439288255905792e+18 7.664390730037260288e+18
2.110210066443365171e+19 1.914178594134378496e+19 1.722049069190200934e+19 1.551150466826565427e+19 1.397653918892545843e+19 1.260066552163145114e+19 1.136614837477586534e+19 1.025782463479502234e+19 9.276552744612833280e+18 8.417439288255905792e+18 7.664390730037258240e+18
2.110210066443363533e+19 1.914178594134378496e+19 1.722049069190200934e+19 1.551150466826565427e+19 1.397653918892546253e+19 1.260066552163145728e+19 1.136614837477587149e+19 1.025782463479501824e+19 9.276552744612833280e+18 8.417439288255906816e+18 7.664390730037259264e+18
2.110210066443363123e+19 1.914178594134378496e+19 1.722049069190201139e+19 1.551150466826565222e+19 1.397653918892546253e+19 1.260066552163145318e+19 1.136614837477586739e+19 1.025782463479502029e+19 9.276552744612833280e+18 8.417439288255905792e+18 7.664390730037258240e+18
2.110210066443363533e+19 1.914178594134378086e+19 1.722049069190201754e+19 1.551150466826565427e+19 1.397653918892546458e+19 1.260066552163145728e+19 1.136614837477586330e+19 1.025782463479502848e+19 9.276552744612835328e+18 8.417439288255906816e+18 7.664390730037257216e+18
2.110210066443363533e+19 1.914178594134378086e+19 1.722049069190201958e+19 1.551150466826565222e+19 1.397653918892546048e+19 1.260066552163145933e+19 1.136614837477586330e+19 1.025782463479502643e+19 9.276552744612837376e+18 8.417439288255906816e+18 7.664390730037257216e+18
2.110210066443363533e+19 1.914178594134377677e+19 1.722049069190201958e+19 1.551150466826565222e+19 1.397653918892546253e+19 1.260066552163145523e+19 1.136614837477586534e+19 1.025782463479502234e+19 9.276552744612839424e+18 8.417439288255907840e+18 7.664390730037258240e+18
2.110210066443363533e+19 1.914178594134378086e+19 1.722049069190202163e+19 1.551150466826565222e+19 1.397653918892546458e+19 1.260066552163145318e+19 1.136614837477586534e+19 1.025782463479502438e+19 9.276552744612843520e+18 8.417439288255908864e+18 7.664390730037260288e+18
2.110210066443363942e+19 1.914178594134378906e+19 1.722049069190202163e+19 1.551150466826565222e+19 1.397653918892546458e+19 1.260066552163146138e+19 1.136614837477586534e+19 1.025782463479502438e+19 9.276552744612841472e+18 8.417439288255908864e+18 7.664390730037257216e+18
2.110210066443363533e+19 1.914178594134378086e+19 1.722049069190202163e+19 1.551150466826564608e+19 1.397653918892546867e+19 1.260066552163145728e+19 1.136614837477586739e+19 1.025782463479502234e+19 9.276552744612845568e+18 8.417439288255905792e+18 7.664390730037257216e+18
2.110210066443363942e+19 1.914178594134378906e+19 1.722049069190201754e+19 1.551150466826565018e+19 1.397653918892547072e+19 1.260066552163145318e+19 1.136614837477586944e+19 1.025782463479502643e+19 9.276552744612843520e+18 8.417439288255906816e+18 7.664390730037257216e+18
2.110210066443363942e+19 1.914178594134378906e+19 1.722049069190201549e+19 1.551150466826564813e+19 1.397653918892547072e+19 1.260066552163145523e+19 1.136614837477586739e+19 1.025782463479502438e+19 9.276552744612843520e+18 8.417439288255906816e+18 7.664390730037255168e+18
2.110210066443363123e+19 1.914178594134378906e+19 1.722049069190200730e+19 1.551150466826564608e+19 1.397653918892547277e+19 1.260066552163145728e+19 1.136614837477586534e+19 1.025782463479502848e+19 9.276552744612845568e+18 8.417439288255907840e+18 7.664390730037255168e+18
2.110210066443363942e+19 1.914178594134378906e+19 1.722049069190200730e+19 1.551150466826564813e+19 1.397653918892546867e+19 1.260066552163145933e+19 1.136614837477586739e+19 1.025782463479502848e+19 9.276552744612841472e+18 8.417439288255907840e+18 7.664390730037256192e+18
2.110210066443362714e+19 1.914178594134378496e+19 1.722049069190200730e+19 1.551150466826565222e+19 1.397653918892547277e+19 1.260066552163145728e+19 1.136614837477586330e+19 1.025782463479502848e+19 9.276552744612841472e+18 8.417439288255906816e+18 7.664390730037254144e+18
2.110210066443362304e+19 1.914178594134378496e+19 1.722049069190200934e+19 1.551150466826565427e+19 1.397653918892547072e+19 1.260066552163146138e+19 1.136614837477586330e+19 1.025782463479502438e+19 9.276552744612845568e+18 8.417439288255909888e+18 7.664390730037259264e+18
2.110210066443361894e+19 1.914178594134378496e+19 1.722049069190200934e+19 1.551150466826565018e+19 1.397653918892546867e+19 1.260066552163146138e+19 1.136614837477586534e+19 1.025782463479502234e+19 9.276552744612847616e+18 8.417439288255910912e+18 7.664390730037259264e+18
2.110210066443361075e+19 1.914178594134378906e+19 1.722049069190200730e+19 1.551150466826564198e+19 1.397653918892546867e+19 1.260066552163146138e+19 1.136614837477586125e+19 1.025782463479502643e+19 9.276552744612845568e+18 8.417439288255909888e+18 7.664390730037261312e+18
2.110210066443361075e+19 1.914178594134378086e+19 1.722049069190200934e+19 1.551150466826563994e+19 1.397653918892546867e+19 1.260066552163145728e+19 1.136614837477585920e+19 1.025782463479502438e+19 9.276552744612845568e+18 8.417439288255910912e+18 7.664390730037259264e+18
2.110210066443361485e+19 1.914178594134378496e+19 1.722049069190201139e+19 1.551150466826564198e+19 1.397653918892547072e+19 1.260066552163145523e+19 1.136614837477585920e+19 1.025782463479502643e+19 9.276552744612845568e+18 8.417439288255909888e+18 7.664390730037261312e+18
2.110210066443362304e+19 1.914178594134377677e+19 1.722049069190201344e+19 1.551150466826564608e+19 1.397653918892547277e+19 1.260066552163145523e+19 1.136614837477585920e+19 1.025782463479502234e+19 9.276552744612849664e+18 8.417439288255909888e+18 7.664390730037259264e+18
2.110210066443362304e+19 1.914178594134377677e+19 1.722049069190201549e+19 1.551150466826564198e+19 1.397653918892546867e+19 1.260066552163145114e+19 1.136614837477585920e+19 1.025782463479501619e+19 9.276552744612847616e+18 8.417439288255909888e+18 7.664390730037257216e+18
2.110210066443361075e+19 1.914178594134378086e+19 1.722049069190201754e+19 1.551150466826564403e+19 1.397653918892546867e+19 1.260066552163145318e+19 1.136614837477586330e+19 1.025782463479502029e+19 9.276552744612849664e+18 8.417439288255909888e+18 7.664390730037258240e+18
2.110210066443360666e+19 1.914178594134378496e+19 1.722049069190201754e+19 1.551150466826564813e+19 1.397653918892547072e+19 1.260066552163144909e+19 1.136614837477586534e+19 1.025782463479501824e+19 9.276552744612847616e+18 8.417439288255910912e+18 7.664390730037256192e+18
2.110210066443361075e+19 1.914178594134378496e+19 1.722049069190201344e+19 1.551150466826564813e+19 1.397653918892546662e+19 1.260066552163144499e+19 1.136614837477586330e+19 1.025782463479501210e+19 9.276552744612849664e+18 8.417439288255907840e+18 7.664390730037258240e+18
2.110210066443360666e+19 1.914178594134377677e+19 1.722049069190201754e+19 1.551150466826565222e+19 1.397653918892546458e+19 1.260066552163144499e+19 1.136614837477586534e+19 1.025782463479501210e+19 9.276552744612849664e+18 8.417439288255907840e+18 7.664390730037256192e+18
2.110210066443360666e+19 1.914178594134377677e+19 1.722049069190201344e+19 1.551150466826565427e+19 1.397653918892546048e+19 1.260066552163144294e+19 1.136614837477586330e+19 1.025782463479501210e+19 9.276552744612849664e+18 8.417439288255905792e+18 7.664390730037257216e+18
2.110210066443361075e+19 1.914178594134377677e+19 1.722049069190201754e+19 1.551150466826565018e+19 1.397653918892546458e+19 1.260066552163144294e+19 1.136614837477586330e+19 1.025782463479501005e+19 9.276552744612847616e+18 8.417439288255906816e+18 7.664390730037256192e+18
2.110210066443360666e+19 1.914178594134377677e+19 1.722049069190201549e+19 1.551150466826564608e+19 1.397653918892546662e+19 1.260066552163144294e+19 1.136614837477585920e+19 1.025782463479501210e+19 9.276552744612847616e+18 8.417439288255904768e+18 7.664390730037255168e+18
2.110210066443360256e+19 1.914178594134377267e+19 1.722049069190201958e+19 1.551150466826564608e+19 1.397653918892546867e+19 1.260066552163144499e+19 1.136614837477586125e+19 1.025782463479501210e+19 9.276552744612843520e+18 8.417439288255907840e+18 7.664390730037258240e+18
2.110210066443360666e+19 1.914178594134378086e+19 1.722049069190201549e+19 1.551150466826564608e+19 1.397653918892546867e+19 1.260066552163144704e+19 1.136614837477585920e+19 1.025782463479501005e+19 9.276552744612843520e+18 8.417439288255907840e+18 7.664390730037260288e+18
2.110210066443360256e+19 1.914178594134377677e+19 1.722049069190201549e+19 1.551150466826564198e+19 1.397653918892547277e+19 1.260066552163145114e+19 1.136614837477586125e+19 1.025782463479500595e+19 9.276552744612843520e+18 8.417439288255906816e+18 7.664390730037262336e+18
2.110210066443359846e+19 1.914178594134377267e+19 1.722049069190201549e+19 1.551150466826564403e+19 1.397653918892546662e+19 1.260066552163144499e+19 1.136614837477585715e+19 1.025782463479500186e+19 9.276552744612845568e+18 8.417439288255907840e+18 7.664390730037261312e+18
2.110210066443359846e+19 1.914178594134377267e+19 1.722049069190201958e+19 1.551150466826564198e+19 1.397653918892546662e+19 1.260066552163145114e+19 1.136614837477586125e+19 1.025782463479499571e+19 9.276552744612845568e+18 8.417439288255908864e+18 7.664390730037262336e+18
2.110210066443359846e+19 1.914178594134376448e+19 1.722049069190201754e+19 1.551150466826564403e+19 1.397653918892546253e+19 1.260066552163144909e+19 1.136614837477585510e+19 1.025782463479499162e+19 9.276552744612847616e+18 8.417439288255911936e+18 7.664390730037262336e+18
2.110210066443359437e+19 1.914178594134376038e+19 1.722049069190201958e+19 1.551150466826564198e+19 1.397653918892546048e+19 1.260066552163144499e+19 1.136614837477585715e+19 1.025782463479499571e+19 9.276552744612847616e+18 8.417439288255910912e+18 7.664390730037264384e+18
2.110210066443359846e+19 1.914178594134376038e+19 1.722049069190201958e+19 1.551150466826564198e+19 1.397653918892545843e+19 1.260066552163144909e+19 1.136614837477585920e+19 1.025782463479499366e+19 9.276552744612847616e+18 8.417439288255909888e+18 7.664390730037265408e+18
2.110210066443359846e+19 1.914178594134376038e+19 1.722049069190201754e+19 1.551150466826563994e+19 1.397653918892545843e+19 1.260066552163144909e+19 1.136614837477586125e+19 1.025782463479499162e+19 9.276552744612845568e+18 8.417439288255911936e+18 7.664390730037264384e+18
2.110210066443359846e+19 1.914178594134376038e+19 1.722049069190201958e+19 1.551150466826564403e+19 1.397653918892546048e+19 1.260066552163145114e+19 1.136614837477586534e+19 1.025782463479498957e+19 9.276552744612841472e+18 8.417439288255910912e+18 7.664390730037266432e+18
2.110210066443359437e+19 1.914178594134376448e+19 1.722049069190202163e+19 1.551150466826564608e+19 1.397653918892545434e+19 1.260066552163144704e+19 1.136614837477586125e+19 1.025782463479498342e+19 9.276552744612839424e+18 8.417439288255909888e+18 7.664390730037263360e+18
2.110210066443359437e+19 1.914178594134376448e+19 1.722049069190202163e+19 1.551150466826564813e+19 1.397653918892545229e+19 1.260066552163144704e+19 1.136614837477586534e+19 1.025782463479498342e+19 9.276552744612841472e+18 8.417439288255912960e+18 7.664390730037261312e+18
2.110210066443359437e+19 1.914178594134376038e+19 1.722049069190202778e+19 1.551150466826564813e+19 1.397653918892545843e+19 1.260066552163145114e+19 1.136614837477586330e+19 1.025782463479498547e+19 9.276552744612841472e+18 8.417439288255910912e+18 7.664390730037260288e+18
2.110210066443359027e+19 1.914178594134376448e+19 1.722049069190202573e+19 1.551150466826565018e+19 1.397653918892545843e+19 1.260066552163145318e+19 1.136614837477586330e+19 1.025782463479498752e+19 9.276552744612839424e+18 8.417439288255913984e+18 7.664390730037260288e+18
2.110210066443358618e+19 1.914178594134375629e+19 1.722049069190202368e+19 1.551150466826565018e+19 1.397653918892546048e+19 1.260066552163145318e+19 1.136614837477585920e+19 1.025782463479498547e+19 9.276552744612839424e+18 8.417439288255913984e+18 7.664390730037258240e+18
2.110210066443359437e+19 1.914178594134376038e+19 1.722049069190202163e+19 1.551150466826565018e+19 1.397653918892545843e+19 1.260066552163145523e+19 1.136614837477585920e+19 1.025782463479498138e+19 9.276552744612835328e+18 8.417439288255911936e+18 7.664390730037259264e+18
2.110210066443359027e+19 1.914178594134375629e+19 1.722049069190201754e+19 1.551150466826565222e+19 1.397653918892545638e+19 1.260066552163145728e+19 1.136614837477586534e+19 1.025782463479498547e+19 9.276552744612841472e+18 8.417439288255912960e+18 7.664390730037259264e+18
2.110210066443358618e+19 1.914178594134375629e+19 1.722049069190201958e+19 1.551150466826565222e+19 1.397653918892545638e+19 1.260066552163145114e+19 1.136614837477586534e+19 1.025782463479498138e+19 9.276552744612839424e+18 8.417439288255911936e+18 7.664390730037258240e+18
2.110210066443359027e+19 1.914178594134375219e+19 1.722049069190202163e+19 1.551150466826564813e+19 1.397653918892544614e+19 1.260066552163145318e+19 1.136614837477586739e+19 1.025782463479498547e+19 9.276552744612837376e+18 8.417439288255913984e+18 7.664390730037256192e+18
2.110210066443358618e+19 1.914178594134375219e+19 1.722049069190202573e+19 1.551150466826564608e+19 1.397653918892544205e+19 1.260066552163145523e+19 1.136614837477586739e+19 1.025782463479498342e+19 9.276552744612837376e+18 8.417439288255911936e+18 7.664390730037254144e+18
2.110210066443358208e+19 1.914178594134375219e+19 1.722049069190202368e+19 1.551150466826564198e+19 1.397653918892544000e+19 1.260066552163145523e+19 1.136614837477586534e+19 1.025782463479499571e+19 9.276552744612837376e+18 8.417439288255913984e+18 7.664390730037255168e+18
2.110210066443359027e+19 1.914178594134375219e+19 1.722049069190202368e+19 1.551150466826564608e+19 1.397653918892544000e+19 1.260066552163145318e+19 1.136614837477586944e+19 1.025782463479499571e+19 9.276552744612835328e+18 8.417439288255912960e+18 7.664390730037255168e+18
2.110210066443359027e+19 1.914178594134375629e+19 1.722049069190202368e+19 1.551150466826564608e+19 1.397653918892544205e+19 1.260066552163144909e+19 1.136614837477586330e+19 1.025782463479499366e+19 9.276552744612837376e+18 8.417439288255913984e+18 7.664390730037257216e+18
2.110210066443358618e+19 1.914178594134375629e+19 1.722049069190202163e+19 1.551150466826564608e+19 1.397653918892544205e+19 1.260066552163145114e+19 1.136614837477586534e+19 1.025782463479498547e+19 9.276552744612839424e+18 8.417439288255912960e+18 7.664390730037258240e+18
2.110210066443359027e+19 1.914178594134375629e+19 1.722049069190201958e+19 1.551150466826564403e+19 1.397653918892543795e+19 1.260066552163145114e+19 1.136614837477586534e+19 1.025782463479498342e+19 9.276552744612835328e+18 8.417439288255912960e+18 7.664390730037260288e+18
2.110210066443358618e+19 1.914178594134375629e+19 1.722049069190201549e+19 1.551150466826564198e+19 1.397653918892544000e+19 1.260066552163144909e+19 1.136614837477586944e+19 1.025782463479498342e+19 9.276552744612837376e+18 8.417439288255910912e+18 7.664390730037258240e+18
2.110210066443359027e+19 1.914178594134375629e+19 1.722049069190201549e+19 1.551150466826564198e+19 1.397653918892543795e+19 1.260066552163144704e+19 1.136614837477586330e+19 1.025782463479498957e+19 9.276552744612837376e+18 8.417439288255910912e+18 7.664390730037258240e+18
2.110210066443359437e+19 1.914178594134375629e+19 1.722049069190201549e+19 1.551150466826564403e+19 1.397653918892544205e+19 1.260066552163144704e+19 1.136614837477585510e+19 1.025782463479498547e+19 9.276552744612837376e+18 8.417439288255911936e+18 7.664390730037258240e+18
2.110210066443359027e+19 1.914178594134374810e+19 1.722049069190201344e+19 1.551150466826563994e+19 1.397653918892544205e+19 1.260066552163144704e+19 1.136614837477585306e+19 1.025782463479498138e+19 9.276552744612837376e+18 8.417439288255909888e+18 7.664390730037258240e+18
2.110210066443359027e+19 1.914178594134374810e+19 1.722049069190202163e+19 1.551150466826564608e+19 1.397653918892544410e+19 1.260066552163144909e+19 1.136614837477585715e+19 1.025782463479498957e+19 9.276552744612837376e+18 8.417439288255910912e+18 7.664390730037257216e+18
2.110210066443359027e+19 1.914178594134375219e+19 1.722049069190202368e+19 1.551150466826564198e+19 1.397653918892544614e+19 1.260066552163144909e+19 1.136614837477585510e+19 1.025782463479498547e+19 9.276552744612837376e+18 8.417439288255910912e+18 7.664390730037255168e+18
2.110210066443359437e+19 1.914178594134374810e+19 1.722049069190202573e+19 1.551150466826564403e+19 1.397653918892544000e+19 1.260066552163144909e+19 1.136614837477584896e+19 1.025782463479497933e+19 9.276552744612833280e+18 8.417439288255910912e+18 7.664390730037257216e+18
2.110210066443359846e+19 1.914178594134375219e+19 1.722049069190202778e+19 1.551150466826564608e+19 1.397653918892544614e+19 1.260066552163144704e+19 1.136614837477585510e+19 1.025782463479497728e+19 9.276552744612835328e+18 8.417439288255909888e+18 7.664390730037258240e+18
2.110210066443359027e+19 1.914178594134375629e+19 1.722049069190202573e+19 1.551150466826564403e+19 1.397653918892544410e+19 1.260066552163145114e+19 1.136614837477585306e+19 1.025782463479498342e+19 9.276552744612833280e+18 8.417439288255906816e+18 7.664390730037257216e+18
2.110210066443359437e+19 1.914178594134376038e+19 1.722049069190202573e+19 1.551150466826564198e+19 1.397653918892544205e+19 1.260066552163145114e+19 1.136614837477585306e+19 1.025782463479498342e+19 9.276552744612833280e+18 8.417439288255906816e+18 7.664390730037257216e+18
2.110210066443359846e+19 1.914178594134376038e+19 1.722049069190202573e+19 1.551150466826564198e+19 1.397653918892543590e+19 1.260066552163144909e+19 1.136614837477584896e+19 1.025782463479498138e+19 9.276552744612833280e+18 8.417439288255907840e+18 7.664390730037255168e+18
2.110210066443358618e+19 1.914178594134376038e+19 1.722049069190202573e+19 1.551150466826564403e+19 1.397653918892544000e+19 1.260066552163145114e+19 1.136614837477585510e+19 1.025782463479498342e+19 9.276552744612831232e+18 8.417439288255907840e+18 7.664390730037252096e+18
2.110210066443358618e+19 1.914178594134376448e+19 1.722049069190202778e+19 1.551150466826564198e+19 1.397653918892544000e+19 1.260066552163145114e+19 1.136614837477585306e+19 1.025782463479498138e+19 9.276552744612831232e+18 8.417439288255905792e+18 7.664390730037254144e+18
2.110210066443358208e+19 1.914178594134376038e+19 1.722049069190203187e+19 1.551150466826564198e+19 1.397653918892544205e+19 1.260066552163144909e+19 1.136614837477585510e+19 1.025782463479498138e+19 9.276552744612831232e+18 8.417439288255904768e+18 7.664390730037252096e+18
2.110210066443358618e+19 1.914178594134375629e+19 1.722049069190202778e+19 1.551150466826564608e+19 1.397653918892544614e+19 1.260066552163145114e+19 1.136614837477585510e+19 1.025782463479498342e+19 9.276552744612835328e+18 8.417439288255906816e+18 7.664390730037254144e+18
2.110210066443358208e+19 1.914178594134376038e+19 1.722049069190202778e+19 1.551150466826564813e+19 1.397653918892544410e+19 1.260066552163144909e+19 1.136614837477585101e+19 1.025782463479498547e+19 9.276552744612831232e+18 8.417439288255906816e+18 7.664390730037255168e+18
2.110210066443357798e+19 1.914178594134375629e+19 1.722049069190202778e+19 1.551150466826564608e+19 1.397653918892544205e+19 1.260066552163144499e+19 1.136614837477584896e+19 1.025782463479498138e+19 9.276552744612833280e+18 8.417439288255907840e+18 7.664390730037254144e+18
2.110210066443358208e+19 1.914178594134376038e+19 1.722049069190202573e+19 1.551150466826564608e+19 1.397653918892544410e+19 1.260066552163144499e+19 1.136614837477584896e+19 1.025782463479498138e+19 9.276552744612835328e+18 8.417439288255907840e+18 7.664390730037252096e+18
2.110210066443357798e+19 1.914178594134376038e+19 1.722049069190202778e+19 1.551150466826564198e+19 1.397653918892544819e+19 1.260066552163144704e+19 1.136614837477585101e+19 1.025782463479497933e+19 9.276552744612839424e+18 8.417439288255907840e+18 7.664390730037253120e+18
2.110210066443357798e+19 1.914178594134376448e+19 1.722049069190202778e+19 1.551150466826563994e+19 1.397653918892544819e+19 1.260066552163144499e+19 1.136614837477585306e+19 1.025782463479497933e+19 9.276552744612839424e+18 8.417439288255907840e+18 7.664390730037251072e+18
2.110210066443357389e+19 1.914178594134376448e+19 1.722049069190203187e+19 1.551150466826563994e+19 1.397653918892544614e+19 1.260066552163144704e+19 1.136614837477584691e+19 1.025782463479497114e+19 9.276552744612837376e+18 8.417439288255903744e+18 7.664390730037251072e+18
2.110210066443356979e+19 1.914178594134376448e+19 1.722049069190203187e+19 1.551150466826564198e+19 1.397653918892544614e+19 1.260066552163144909e+19 1.136614837477585306e+19 1.025782463479496909e+19 9.276552744612837376e+18 8.417439288255903744e+18 7.664390730037251072e+18
2.110210066443356979e+19 1.914178594134376858e+19 1.722049069190203597e+19 1.551150466826563789e+19 1.397653918892544819e+19 1.260066552163144704e+19 1.136614837477585306e+19 1.025782463479496909e+19 9.276552744612839424e+18 8.417439288255905792e+18 7.664390730037249024e+18
2.110210066443356570e+19 1.914178594134376448e+19 1.722049069190204006e+19 1.551150466826563379e+19 1.397653918892544819e+19 1.260066552163144704e+19 1.136614837477584486e+19 1.025782463479496294e+19 9.276552744612839424e+18 8.417439288255905792e+18 7.664390730037248000e+18
2.110210066443357389e+19 1.914178594134376858e+19 1.722049069190203802e+19 1.551150466826563789e+19 1.397653918892544614e+19 1.260066552163144704e+19 1.136614837477584691e+19 1.025782463479496909e+19 9.276552744612839424e+18 8.417439288255904768e+18 7.664390730037249024e+18
2.110210066443356979e+19 1.914178594134376858e+19 1.722049069190203802e+19 1.551150466826563994e+19 1.397653918892544410e+19 1.260066552163145114e+19 1.136614837477584486e+19 1.025782463479496909e+19 9.276552744612837376e+18 8.417439288255904768e+18 7.664390730037248000e+18
2.110210066443357389e+19 1.914178594134377677e+19 1.722049069190203392e+19 1.551150466826563994e+19 1.397653918892544410e+19 1.260066552163145114e+19 1.136614837477584896e+19 1.025782463479497114e+19 9.276552744612837376e+18 8.417439288255905792e+18 7.664390730037249024e+18
2.110210066443357798e+19 1.914178594134377267e+19 1.722049069190203392e+19 1.551150466826563994e+19 1.397653918892544000e+19 1.260066552163145318e+19 1.136614837477585306e+19 1.025782463479497728e+19 9.276552744612835328e+18 8.417439288255904768e+18 7.664390730037245952e+18
2.110210066443357798e+19 1.914178594134376858e+19 1.722049069190203392e+19 1.551150466826563789e+19 1.397653918892543795e+19 1.260066552163145523e+19 1.136614837477585306e+19 1.025782463479497933e+19 9.276552744612835328e+18 8.417439288255904768e+18 7.664390730037250048e+18
2.110210066443357798e+19 1.914178594134376448e+19 1.722049069190202778e+19 1.551150466826564198e+19 1.397653918892544205e+19 1.260066552163145523e+19 1.136614837477585920e+19 1.025782463479498138e+19 9.276552744612833280e+18 8.417439288255903744e+18 7.664390730037250048e+18
2.110210066443358208e+19 1.914178594134376448e+19 1.722049069190202573e+19 1.551150466826564198e+19 1.397653918892544205e+19 1.260066552163145933e+19 1.136614837477586534e+19 1.025782463479498138e+19 9.276552744612837376e+18 8.417439288255902720e+18 7.664390730037252096e+18
2.110210066443358208e+19 1.914178594134376038e+19 1.722049069190202778e+19 1.551150466826563994e+19 1.397653918892544000e+19 1.260066552163145728e+19 1.136614837477586739e+19 1.025782463479498342e+19 9.276552744612837376e+18 8.417439288255900672e+18 7.664390730037252096e+18
2.110210066443358618e+19 1.914178594134376038e+19 1.722049069190203187e+19 1.551150466826563994e+19 1.397653918892544000e+19 1.260066552163145933e+19 1.136614837477586739e+19 1.025782463479498957e+19 9.276552744612839424e+18 8.417439288255901696e+18 7.664390730037251072e+18
2.110210066443358208e+19 1.914178594134376038e+19 1.722049069190203187e+19 1.551150466826564198e+19 1.397653918892544205e+19 1.260066552163145933e+19 1.136614837477586330e+19 1.025782463479499366e+19 9.276552744612841472e+18 8.417439288255899648e+18 7.664390730037252096e+18
2.110210066443357798e+19 1.914178594134376038e+19 1.722049069190202982e+19 1.551150466826564198e+19 1.397653918892544819e+19 1.260066552163146138e+19 1.136614837477586534e+19 1.025782463479499571e+19 9.276552744612843520e+18 8.417439288255900672e+18 7.664390730037251072e+18
2.110210066443358208e+19 1.914178594134376038e+19 1.722049069190203187e+19 1.551150466826563994e+19 1.397653918892545434e+19 1.260066552163145933e+19 1.136614837477586330e+19 1.025782463479499571e+19 9.276552744612843520e+18 8.417439288255899648e+18 7.664390730037253120e+18
2.110210066443357798e+19 1.914178594134376448e+19 1.722049069190203392e+19 1.551150466826563994e+19 1.397653918892545229e+19 1.260066552163145728e+19 1.136614837477586534e+19 1.025782463479499366e+19 9.276552744612843520e+18 8.417439288255900672e+18 7.664390730037256192e+18
2.110210066443358208e+19 1.914178594134376038e+19 1.722049069190203597e+19 1.551150466826563584e+19 1.397653918892545434e+19 1.260066552163146342e+19 1.136614837477586534e+19 1.025782463479499571e+19 9.276552744612843520e+18 8.417439288255901696e+18 7.664390730037255168e+18
2.110210066443357798e+19 1.914178594134376448e+19 1.722049069190203392e+19 1.551150466826563584e+19 1.397653918892545229e+19 1.260066552163146547e+19 1.136614837477586534e+19 1.025782463479499571e+19 9.276552744612845568e+18 8.417439288255900672e+18 7.664390730037252096e+18
2.110210066443358208e+19 1.914178594134376448e+19 1.722049069190203597e+19 1.551150466826563584e+19 1.397653918892545434e+19 1.260066552163146342e+19 1.136614837477586534e+19 1.025782463479499776e+19 9.276552744612845568e+18 8.417439288255902720e+18 7.664390730037252096e+18
2.110210066443358208e+19 1.914178594134376858e+19 1.722049069190203802e+19 1.551150466826563174e+19 1.397653918892545024e+19 1.260066552163146547e+19 1.136614837477586330e+19 1.025782463479499776e+19 9.276552744612845568e+18 8.417439288255899648e+18 7.664390730037249024e+18
2.110210066443358618e+19 1.914178594134377267e+19 1.722049069190203802e+19 1.551150466826562765e+19 1.397653918892544819e+19 1.260066552163146752e+19 1.136614837477586330e+19 1.025782463479499776e+19 9.276552744612845568e+18 8.417439288255900672e+18 7.664390730037250048e+18
2.110210066443358618e+19 1.914178594134377267e+19 1.722049069190203187e+19 1.551150466826563584e+19 1.397653918892545024e+19 1.260066552163147571e+19 1.136614837477585920e+19 1.025782463479500186e+19 9.276552744612847616e+18 8.417439288255898624e+18 7.664390730037251072e+18
2.110210066443359027e+19 1.914178594134377267e+19 1.722049069190202778e+19 1.551150466826563584e+19 1.397653918892544819e+19 1.260066552163147776e+19 1.136614837477585715e+19 1.025782463479500390e+19 9.276552744612847616e+18 8.417439288255896576e+18 7.664390730037255168e+18
2.110210066443359027e+19 1.914178594134377267e+19 1.722049069190202778e+19 1.551150466826563584e+19 1.397653918892544410e+19 1.260066552163147776e+19 1.136614837477586125e+19 1.025782463479499981e+19 9.276552744612847616e+18 8.417439288255900672e+18 7.664390730037256192e+18
2.110210066443359437e+19 1.914178594134377677e+19 1.722049069190202368e+19 1.551150466826563584e+19 1.397653918892544000e+19 1.260066552163147981e+19 1.136614837477585920e+19 1.025782463479500186e+19 9.276552744612849664e+18 8.417439288255899648e+18 7.664390730037256192e+18
2.110210066443359437e+19 1.914178594134376858e+19 1.722049069190202573e+19 1.551150466826563584e+19 1.397653918892544410e+19 1.260066552163148390e+19 1.136614837477585715e+19 1.025782463479500390e+19 9.276552744612851712e+18 8.417439288255899648e+18 7.664390730037257216e+18
2.110210066443360256e+19 1.914178594134377677e+19 1.722049069190203392e+19 1.551150466826563584e+19 1.397653918892544614e+19 1.260066552163148595e+19 1.136614837477584896e+19 1.025782463479499776e+19 9.276552744612849664e+18 8.417439288255900672e+18 7.664390730037260288e+18
2.110210066443360256e+19 1.914178594134377267e+19 1.722049069190203187e+19 1.551150466826563584e+19 1.397653918892544819e+19 1.260066552163149005e+19 1.136614837477584896e+19 1.025782463479499776e+19 9.276552744612849664e+18 8.417439288255903744e+18 7.664390730037261312e+18
2.110210066443359846e+19 1.914178594134377267e+19 1.722049069190202778e+19 1.551150466826563174e+19 1.397653918892544614e+19 1.260066552163148595e+19 1.136614837477584282e+19 1.025782463479499571e+19 9.276552744612847616e+18 8.417439288255904768e+18 7.664390730037256192e+18
2.110210066443360666e+19 1.914178594134377677e+19 1.722049069190202982e+19 1.551150466826563174e+19 1.397653918892544819e+19 1.260066552163148390e+19 1.136614837477584282e+19 1.025782463479499366e+19 9.276552744612845568e+18 8.417439288255903744e+18 7.664390730037256192e+18
2.110210066443361075e+19 1.914178594134378086e+19 1.722049069190202778e+19 1.551150466826562765e+19 1.397653918892544410e+19 1.260066552163148595e+19 1.136614837477584282e+19 1.025782463479499776e+19 9.276552744612849664e+18 8.417439288255905792e+18 7.664390730037255168e+18
2.110210066443360666e+19 1.914178594134377677e+19 1.722049069190202982e+19 1.551150466826562970e+19 1.397653918892544819e+19 1.260066552163147981e+19 1.136614837477584077e+19 1.025782463479499571e+19 9.276552744612851712e+18 8.417439288255904768e+18 7.664390730037254144e+18
2.110210066443360666e+19 1.914178594134378086e+19 1.722049069190202778e+19 1.551150466826563379e+19 1.397653918892545024e+19 1.260066552163148186e+19 1.136614837477583872e+19 1.025782463479499981e+19 9.276552744612849664e+18 8.417439288255905792e+18 7.664390730037257216e+18
2.110210066443361075e+19 1.914178594134378496e+19 1.722049069190202778e+19 1.551150466826563379e+19 1.397653918892544410e+19 1.260066552163147571e+19 1.136614837477583872e+19 1.025782463479499981e+19 9.276552744612847616e+18 8.417439288255905792e+18 7.664390730037258240e+18
2.110210066443361075e+19 1.914178594134377677e+19 1.722049069190202982e+19 1.551150466826563584e+19 1.397653918892544410e+19 1.260066552163147366e+19 1.136614837477583462e+19 1.025782463479499776e+19 9.276552744612851712e+18 8.417439288255907840e+18 7.664390730037256192e+18
2.110210066443360666e+19 1.914178594134378086e+19 1.722049069190203392e+19 1.551150466826563994e+19 1.397653918892544819e+19 1.260066552163147366e+19 1.136614837477583667e+19 1.025782463479499776e+19 9.276552744612849664e+18 8.417439288255906816e+18 7.664390730037258240e+18
2.110210066443360256e+19 1.914178594134378496e+19 1.722049069190203392e+19 1.551150466826563994e+19 1.397653918892544819e+19 1.260066552163147776e+19 1.136614837477583872e+19 1.025782463479500186e+19 9.276552744612849664e+18 8.417439288255906816e+18 7.664390730037260288e+18
2.110210066443360256e+19 1.914178594134378496e+19 1.722049069190202982e+19 1.551150466826564608e+19 1.397653918892544819e+19 1.260066552163147366e+19 1.136614837477583462e+19 1.025782463479499981e+19 9.276552744612851712e+18 8.417439288255906816e+18 7.664390730037260288e+18
2.110210066443359437e+19 1.914178594134378496e+19 1.722049069190202163e+19 1.551150466826565018e+19 1.397653918892544410e+19 1.260066552163147776e+19 1.136614837477583462e+19 1.025782463479500390e+19 9.276552744612851712e+18 8.417439288255908864e+18 7.664390730037262336e+18
2.110210066443359027e+19 1.914178594134378496e+19 1.722049069190202163e+19 1.551150466826565222e+19 1.397653918892544819e+19 1.260066552163147571e+19 1.136614837477583462e+19 1.025782463479500186e+19 9.276552744612853760e+18 8.417439288255909888e+18 7.664390730037263360e+18
2.110210066443358618e+19 1.914178594134378496e+19 1.722049069190202163e+19 1.551150466826565632e+19 1.397653918892545229e+19 1.260066552163147366e+19 1.136614837477583053e+19 1.025782463479500390e+19 9.276552744612851712e+18 8.417439288255913984e+18 7.664390730037263360e+18
2.110210066443358618e+19 1.914178594134378086e+19 1.722049069190202163e+19 1.551150466826565018e+19 1.397653918892545434e+19 1.260066552163147571e+19 1.136614837477582848e+19 1.025782463479500390e+19 9.276552744612849664e+18 8.417439288255916032e+18 7.664390730037265408e+18
2.110210066443358208e+19 1.914178594134378906e+19 1.722049069190201549e+19 1.551150466826565427e+19 1.397653918892545229e+19 1.260066552163147776e+19 1.136614837477583053e+19 1.025782463479500186e+19 9.276552744612851712e+18 8.417439288255916032e+18 7.664390730037264384e+18
2.110210066443358208e+19 1.914178594134378496e+19 1.722049069190201754e+19 1.551150466826565222e+19 1.397653918892545434e+19 1.260066552163147776e+19 1.136614837477582848e+19 1.025782463479499776e+19 9.276552744612853760e+18 8.417439288255913984e+18 7.664390730037265408e+18
2.110210066443358208e+19 1.914178594134378496e+19 1.722049069190201754e+19 1.551150466826565632e+19 1.397653918892545229e+19 1.260066552163147776e+19 1.136614837477583053e+19 1.025782463479499776e+19 9.276552744612851712e+18 8.417439288255911936e+18 7.664390730037264384e+18
2.110210066443358618e+19 1.914178594134378906e+19 1.722049069190201549e+19 1.551150466826565018e+19 1.397653918892545843e+19 1.260066552163147981e+19 1.136614837477583462e+19 1.025782463479499981e+19 9.276552744612849664e+18 8.417439288255908864e+18 7.664390730037264384e+18
2.110210066443358208e+19 1.914178594134378086e+19 1.722049069190201139e+19 1.551150466826565632e+19 1.397653918892545638e+19 1.260066552163147571e+19 1.136614837477583462e+19 1.025782463479499981e+19 9.276552744612853760e+18 8.417439288255909888e+18 7.664390730037264384e+18
2.110210066443359027e+19 1.914178594134378906e+19 1.722049069190201344e+19 1.551150466826565018e+19 1.397653918892545434e+19 1.260066552163147571e+19 1.136614837477583667e+19 1.025782463479500186e+19 9.276552744612851712e+18 8.417439288255907840e+18 7.664390730037264384e+18
2.110210066443358208e+19 1.914178594134378906e+19 1.722049069190201344e+19 1.551150466826565427e+19 1.397653918892545024e+19 1.260066552163147571e+19 1.136614837477584077e+19 1.025782463479500186e+19 9.276552744612853760e+18 8.417439288255906816e+18 7.664390730037262336e+18
2.110210066443358618e+19 1.914178594134379315e+19 1.722049069190201344e+19 1.551150466826565018e+19 1.397653918892544819e+19 1.260066552163147571e+19 1.136614837477584282e+19 1.025782463479499981e+19 9.276552744612855808e+18 8.417439288255904768e+18 7.664390730037262336e+18
2.110210066443359027e+19 1.914178594134379315e+19 1.722049069190201754e+19 1.551150466826565222e+19 1.397653918892544614e+19 1.260066552163147776e+19 1.136614837477584486e+19 1.025782463479500390e+19 9.276552744612851712e+18 8.417439288255906816e+18 7.664390730037265408e+18
2.110210066443358618e+19 1.914178594134378906e+19 1.722049069190201549e+19 1.551150466826565222e+19 1.397653918892544614e+19 1.260066552163147366e+19 1.136614837477584486e+19 1.025782463479500595e+19 9.276552744612853760e+18 8.417439288255908864e+18 7.664390730037264384e+18
2.110210066443359027e+19 1.914178594134378496e+19 1.722049069190201549e+19 1.551150466826565222e+19 1.397653918892544614e+19 1.260066552163147571e+19 1.136614837477584691e+19 1.025782463479500390e+19 9.276552744612855808e+18 8.417439288255907840e+18 7.664390730037262336e+18
2.110210066443358208e+19 1.914178594134378906e+19 1.722049069190201549e+19 1.551150466826565632e+19 1.397653918892544614e+19 1.260066552163147981e+19 1.136614837477584896e+19 1.025782463479500390e+19 9.276552744612859904e+18 8.417439288255908864e+18 7.664390730037263360e+18
2.110210066443358618e+19 1.914178594134378906e+19 1.722049069190201549e+19 1.551150466826565427e+19 1.397653918892545024e+19 1.260066552163147981e+19 1.136614837477584691e+19 1.025782463479500390e+19 9.276552744612855808e+18 8.417439288255908864e+18 7.664390730037263360e+18
2.110210066443358208e+19 1.914178594134378496e+19 1.722049069190201549e+19 1.551150466826565632e+19 1.397653918892545024e+19 1.260066552163148186e+19 1.136614837477584896e+19 1.025782463479500595e+19 9.276552744612855808e+18 8.417439288255907840e+18 7.664390730037262336e+18
2.110210066443359027e+19 1.914178594134378086e+19 1.722049069190201754e+19 1.551150466826565018e+19 1.397653918892545229e+19 1.260066552163147776e+19 1.136614837477585306e+19 1.025782463479500186e+19 9.276552744612855808e+18 8.417439288255906816e+18 7.664390730037263360e+18
2.110210066443358618e+19 1.914178594134378906e+19 1.722049069190201549e+19 1.551150466826565018e+19 1.397653918892545434e+19 1.260066552163147571e+19 1.136614837477585306e+19 1.025782463479499981e+19 9.276552744612855808e+18 8.417439288255906816e+18 7.664390730037263360e+18
2.110210066443358208e+19 1.914178594134378496e+19 1.722049069190202163e+19 1.551150466826565222e+19 1.397653918892544819e+19 1.260066552163147571e+19 1.136614837477584691e+19 1.025782463479499981e+19 9.276552744612855808e+18 8.417439288255905792e+18 7.664390730037262336e+18
2.110210066443357798e+19 1.914178594134378496e+19 1.722049069190201958e+19 1.551150466826565222e+19 1.397653918892544819e+19 1.260066552163147981e+19 1.136614837477584691e+19 1.025782463479499981e+19 9.276552744612857856e+18 8.417439288255903744e+18 7.664390730037263360e+18
2.110210066443357389e+19 1.914178594134378906e+19 1.722049069190202163e+19 1.551150466826564813e+19 1.397653918892544614e+19 1.260066552163147571e+19 1.136614837477584896e+19 1.025782463479499981e+19 9.276552744612859904e+18 8.417439288255901696e+18 7.664390730037264384e+18
2.110210066443358208e+19 1.914178594134378906e+19 1.722049069190202163e+19 1.551150466826564813e+19 1.397653918892544614e+19 1.260066552163147366e+19 1.136614837477585306e+19 1.025782463479500186e+19 9.276552744612861952e+18 8.417439288255900672e+18 7.664390730037264384e+18
2.110210066443358208e+19 1.914178594134378086e+19 1.722049069190201754e+19 1.551150466826564813e+19 1.397653918892545434e+19 1.260066552163148186e+19 1.136614837477585306e+19 1.025782463479500186e+19 9.276552744612859904e+18 8.417439288255896576e+18 7.664390730037265408e+18
2.110210066443358208e+19 1.914178594134378086e+19 1.722049069190202163e+19 1.551150466826564608e+19 1.397653918892545024e+19 1.260066552163148390e+19 1.136614837477585510e+19 1.025782463479500186e+19 9.276552744612859904e+18 8.417439288255896576e+18 7.664390730037266432e+18
2.110210066443358208e+19 1.914178594134378496e+19 1.722049069190202163e+19 1.551150466826564608e+19 1.397653918892545229e+19 1.260066552163148800e+19 1.136614837477586125e+19 1.025782463479500800e+19 9.276552744612861952e+18 8.417439288255898624e+18 7.664390730037264384e+18
2.110210066443358208e+19 1.914178594134378496e+19 1.722049069190202573e+19 1.551150466826564608e+19 1.397653918892545024e+19 1.260066552163149005e+19 1.136614837477586125e+19 1.025782463479500800e+19 9.276552744612859904e+18 8.417439288255897600e+18 7.664390730037262336e+18
2.110210066443357798e+19 1.914178594134378496e+19 1.722049069190201958e+19 1.551150466826564403e+19 1.397653918892545024e+19 1.260066552163149619e+19 1.136614837477586534e+19 1.025782463479500390e+19 9.276552744612859904e+18 8.417439288255900672e+18 7.664390730037264384e+18
2.110210066443358208e+19 1.914178594134378496e+19 1.722049069190201549e+19 1.551150466826564608e+19 1.397653918892545434e+19 1.260066552163149824e+19 1.136614837477586330e+19 1.025782463479500800e+19 9.276552744612859904e+18 8.417439288255900672e+18 7.664390730037261312e+18
2.110210066443359027e+19 1.914178594134378496e+19 1.722049069190201344e+19 1.551150466826564198e+19 1.397653918892545638e+19 1.260066552163149619e+19 1.136614837477586534e+19 1.025782463479500595e+19 9.276552744612861952e+18 8.417439288255900672e+18 7.664390730037263360e+18
2.110210066443358618e+19 1.914178594134378496e+19 1.722049069190201754e+19 1.551150466826564403e+19 1.397653918892545024e+19 1.260066552163149210e+19 1.136614837477586739e+19 1.025782463479500595e+19 9.276552744612861952e+18 8.417439288255898624e+18 7.664390730037264384e+18
2.110210066443358618e+19 1.914178594134378086e+19 1.722049069190201549e+19 1.551150466826564608e+19 1.397653918892544614e+19 1.260066552163149005e+19 1.136614837477586739e+19 1.025782463479500800e+19 9.276552744612859904e+18 8.417439288255898624e+18 7.664390730037263360e+18
2.110210066443358618e+19 1.914178594134378496e+19 1.722049069190201344e+19 1.551150466826564198e+19 1.397653918892544614e+19 1.260066552163149210e+19 1.136614837477586944e+19 1.025782463479500800e+19 9.276552744612861952e+18 8.417439288255898624e+18 7.664390730037264384e+18
2.110210066443358618e+19 1.914178594134378496e+19 1.722049069190201344e+19 1.551150466826564198e+19 1.397653918892544205e+19 1.260066552163149619e+19 1.136614837477586534e+19 1.025782463479501210e+19 9.276552744612861952e+18 8.417439288255900672e+18 7.664390730037264384e+18
2.110210066443359027e+19 1.914178594134378086e+19 1.722049069190201549e+19 1.551150466826564198e+19 1.397653918892544205e+19 1.260066552163149619e+19 1.136614837477586534e+19 1.025782463479500800e+19 9.276552744612859904e+18 8.417439288255900672e+18 7.664390730037261312e+18
2.110210066443359027e+19 1.914178594134377267e+19 1.722049069190201549e+19 1.551150466826564198e+19 1.397653918892544205e+19 1.260066552163150234e+19 1.136614837477586739e+19 1.025782463479501005e+19 9.276552744612859904e+18 8.417439288255898624e+18 7.664390730037262336e+18
2.110210066443358208e+19 1.914178594134376858e+19 1.722049069190201549e+19 1.551150466826563994e+19 1.397653918892544410e+19 1.260066552163150029e+19 1.136614837477586330e+19 1.025782463479500595e+19 9.276552744612857856e+18 8.417439288255898624e+18 7.664390730037261312e+18
2.110210066443359027e+19 1.914178594134377267e+19 1.722049069190201344e+19 1.551150466826563789e+19 1.397653918892544410e+19 1.260066552163149824e+19 1.136614837477586534e+19 1.025782463479500595e+19 9.276552744612857856e+18 8.417439288255898624e+18 7.664390730037261312e+18
2.110210066443359437e+19 1.914178594134377267e+19 1.722049069190201754e+19 1.551150466826563789e+19 1.397653918892544410e+19 1.260066552163150438e+19 1.136614837477586534e+19 1.025782463479501210e+19 9.276552744612857856e+18 8.417439288255898624e+18 7.664390730037261312e+18
2.110210066443359027e+19 1.914178594134377267e+19 1.722049069190201344e+19 1.551150466826563789e+19 1.397653918892544410e+19 1.260066552163150234e+19 1.136614837477586125e+19 1.025782463479501210e+19 9.276552744612857856e+18 8.417439288255897600e+18 7.664390730037260288e+18
2.110210066443359437e+19 1.914178594134377267e+19 1.722049069190201754e+19 1.551150466826563789e+19 1.397653918892544205e+19 1.260066552163150029e+19 1.136614837477586330e+19 1.025782463479500595e+19 9.276552744612855808e+18 8.417439288255899648e+18 7.664390730037256192e+18
2.110210066443359437e+19 1.914178594134377267e+19 1.722049069190201139e+19 1.551150466826564198e+19 1.397653918892544205e+19 1.260066552163149824e+19 1.136614837477586944e+19 1.025782463479500800e+19 9.276552744612855808e+18 8.417439288255896576e+18 7.664390730037256192e+18
2.110210066443360256e+19 1.914178594134377677e+19 1.722049069190201754e+19 1.551150466826564403e+19 1.397653918892544410e+19 1.260066552163150029e+19 1.136614837477586944e+19 1.025782463479500595e+19 9.276552744612855808e+18 8.417439288255895552e+18 7.664390730037257216e+18
2.110210066443359846e+19 1.914178594134377677e+19 1.722049069190200934e+19 1.551150466826564403e+19 1.397653918892544614e+19 1.260066552163150234e+19 1.136614837477586944e+19 1.025782463479500390e+19 9.276552744612855808e+18 8.417439288255896576e+18 7.664390730037256192e+18
2.110210066443359846e+19 1.914178594134377267e+19 1.722049069190200730e+19 1.551150466826564198e+19 1.397653918892544614e+19 1.260066552163150029e+19 1.136614837477587354e+19 1.025782463479500595e+19 9.276552744612855808e+18 8.417439288255895552e+18 7.664390730037256192e+18
2.110210066443360666e+19 1.914178594134377267e+19 1.722049069190201139e+19 1.551150466826564403e+19 1.397653918892544205e+19 1.260066552163150438e+19 1.136614837477587354e+19 1.025782463479501414e+19 9.276552744612855808e+18 8.417439288255893504e+18 7.664390730037255168e+18
2.110210066443361075e+19 1.914178594134376858e+19 1.722049069190201549e+19 1.551150466826564403e+19 1.397653918892544410e+19 1.260066552163150438e+19 1.136614837477587354e+19 1.025782463479501619e+19 9.276552744612857856e+18 8.417439288255893504e+18 7.664390730037256192e+18
2.110210066443361485e+19 1.914178594134376858e+19 1.722049069190201139e+19 1.551150466826564198e+19 1.397653918892544410e+19 1.260066552163150438e+19 1.136614837477587354e+19 1.025782463479501824e+19 9.276552744612859904e+18 8.417439288255893504e+18 7.664390730037258240e+18
2.110210066443361485e+19 1.914178594134376858e+19 1.722049069190200730e+19 1.551150466826563789e+19 1.397653918892544205e+19 1.260066552163150848e+19 1.136614837477587354e+19 1.025782463479501619e+19 9.276552744612855808e+18 8.417439288255895552e+18 7.664390730037258240e+18
2.110210066443361485e+19 1.914178594134377267e+19 1.722049069190201344e+19 1.551150466826564198e+19 1.397653918892544410e+19 1.260066552163151053e+19 1.136614837477587558e+19 1.025782463479501619e+19 9.276552744612855808e+18 8.417439288255895552e+18 7.664390730037255168e+18
2.110210066443361485e+19 1.914178594134377267e+19 1.722049069190201139e+19 1.551150466826564198e+19 1.397653918892544614e+19 1.260066552163151053e+19 1.136614837477587968e+19 1.025782463479501414e+19 9.276552744612853760e+18 8.417439288255893504e+18 7.664390730037255168e+18
2.110210066443361485e+19 1.914178594134376858e+19 1.722049069190200934e+19 1.551150466826564403e+19 1.397653918892544614e+19 1.260066552163150643e+19 1.136614837477587968e+19 1.025782463479501210e+19 9.276552744612857856e+18 8.417439288255895552e+18 7.664390730037253120e+18
2.110210066443361485e+19 1.914178594134376858e+19 1.722049069190201139e+19 1.551150466826564198e+19 1.397653918892544614e+19 1.260066552163150848e+19 1.136614837477587558e+19 1.025782463479501005e+19 9.276552744612859904e+18 8.417439288255897600e+18 7.664390730037252096e+18
2.110210066443360666e+19 1.914178594134377267e+19 1.722049069190200525e+19 1.551150466826564403e+19 1.397653918892544819e+19 1.260066552163150438e+19 1.136614837477587763e+19 1.025782463479501414e+19 9.276552744612857856e+18 8.417439288255896576e+18 7.664390730037253120e+18
2.110210066443360256e+19 1.914178594134376858e+19 1.722049069190200320e+19 1.551150466826564198e+19 1.397653918892544819e+19 1.260066552163150438e+19 1.136614837477587558e+19 1.025782463479501210e+19 9.276552744612857856e+18 8.417439288255896576e+18 7.664390730037253120e+18
2.110210066443360666e+19 1.914178594134377267e+19 1.722049069190200525e+19 1.551150466826564403e+19 1.397653918892544819e+19 1.260066552163150234e+19 1.136614837477587558e+19 1.025782463479501005e+19 9.276552744612857856e+18 8.417439288255894528e+18 7.664390730037253120e+18
2.110210066443360256e+19 1.914178594134376448e+19 1.722049069190200730e+19 1.551150466826564608e+19 1.397653918892544819e+19 1.260066552163150234e+19 1.136614837477587763e+19 1.025782463479500800e+19 9.276552744612857856e+18 8.417439288255894528e+18 7.664390730037253120e+18
2.110210066443359846e+19 1.914178594134377267e+19 1.722049069190200934e+19 1.551150466826564813e+19 1.397653918892544614e+19 1.260066552163150643e+19 1.136614837477587968e+19 1.025782463479501005e+19 9.276552744612859904e+18 8.417439288255895552e+18 7.664390730037255168e+18
2.110210066443359437e+19 1.914178594134376858e+19 1.722049069190200934e+19 1.551150466826564403e+19 1.397653918892544410e+19 1.260066552163150438e+19 1.136614837477587763e+19 1.025782463479501005e+19 9.276552744612857856e+18 8.417439288255897600e+18 7.664390730037256192e+18
2.110210066443359437e+19 1.914178594134376858e+19 1.722049069190201344e+19 1.551150466826564403e+19 1.397653918892544410e+19 1.260066552163150234e+19 1.136614837477587558e+19 1.025782463479501005e+19 9.276552744612855808e+18 8.417439288255893504e+18 7.664390730037255168e+18
2.110210066443359437e+19 1.914178594134376858e+19 1.722049069190200934e+19 1.551150466826564813e+19 1.397653918892544410e+19 1.260066552163150234e+19 1.136614837477587763e+19 1.025782463479501005e+19 9.276552744612855808e+18 8.417439288255893504e+18 7.664390730037256192e+18
2.110210066443359846e+19 1.914178594134376448e+19 1.722049069190200730e+19 1.551150466826565018e+19 1.397653918892544614e+19 1.260066552163150234e+19 1.136614837477587558e+19 1.025782463479501005e+19 9.276552744612855808e+18 8.417439288255892480e+18 7.664390730037257216e+18
2.110210066443359027e+19 1.914178594134376448e+19 1.722049069190200525e+19 1.551150466826564813e+19 1.397653918892544614e+19 1.260066552163150438e+19 1.136614837477587763e+19 1.025782463479500800e+19 9.276552744612857856e+18 8.417439288255892480e+18 7.664390730037259264e+18
2.110210066443359437e+19 1.914178594134376858e+19 1.722049069190200525e+19 1.551150466826564608e+19 1.397653918892544819e+19 1.260066552163150234e+19 1.136614837477587558e+19 1.025782463479500800e+19 9.276552744612859904e+18 8.417439288255892480e+18 7.664390730037258240e+18
2.110210066443359437e+19 1.914178594134377267e+19 1.722049069190200525e+19 1.551150466826564403e+19 1.397653918892545024e+19 1.260066552163150438e+19 1.136614837477587763e+19 1.025782463479501005e+19 9.276552744612859904e+18 8.417439288255894528e+18 7.664390730037257216e+18
2.110210066443359027e+19 1.914178594134377267e+19 1.722049069190200320e+19 1.551150466826564403e+19 1.397653918892544819e+19 1.260066552163150643e+19 1.136614837477587968e+19 1.025782463479500800e+19 9.276552744612859904e+18 8.417439288255895552e+18 7.664390730037258240e+18
2.110210066443359027e+19 1.914178594134377267e+19 1.722049069190200730e+19 1.551150466826564608e+19 1.397653918892544819e+19 1.260066552163151053e+19 1.136614837477587968e+19 1.025782463479500595e+19 9.276552744612861952e+18 8.417439288255891456e+18 7.664390730037256192e+18
2.110210066443359027e+19 1.914178594134377267e+19 1.722049069190200525e+19 1.551150466826564608e+19 1.397653918892544819e+19 1.260066552163151053e+19 1.136614837477588173e+19 1.025782463479500390e+19 9.276552744612861952e+18 8.417439288255891456e+18 7.664390730037257216e+18
2.110210066443359027e+19 1.914178594134376858e+19 1.722049069190200730e+19 1.551150466826564608e+19 1.397653918892545024e+19 1.260066552163151053e+19 1.136614837477588173e+19 1.025782463479500595e+19 9.276552744612859904e+18 8.417439288255890432e+18 7.664390730037257216e+18
2.110210066443359437e+19 1.914178594134377267e+19 1.722049069190200934e+19 1.551150466826564608e+19 1.397653918892544819e+19 1.260066552163150643e+19 1.136614837477587968e+19 1.025782463479501005e+19 9.276552744612861952e+18 8.417439288255889408e+18 7.664390730037258240e+18
2.110210066443359027e+19 1.914178594134377677e+19 1.722049069190200934e+19 1.551150466826564608e+19 1.397653918892544819e+19 1.260066552163150643e+19 1.136614837477588173e+19 1.025782463479501005e+19 9.276552744612861952e+18 8.417439288255890432e+18 7.664390730037259264e+18
2.110210066443359437e+19 1.914178594134377677e+19 1.722049069190200525e+19 1.551150466826564813e+19 1.397653918892545024e+19 1.260066552163151053e+19 1.136614837477587968e+19 1.025782463479500800e+19 9.276552744612861952e+18 8.417439288255889408e+18 7.664390730037260288e+18
2.110210066443359027e+19 1.914178594134378496e+19 1.722049069190200525e+19 1.551150466826564813e+19 1.397653918892545229e+19 1.260066552163151053e+19 1.136614837477587968e+19 1.025782463479501005e+19 9.276552744612861952e+18 8.417439288255887360e+18 7.664390730037261312e+18
2.110210066443359027e+19 1.914178594134378906e+19 1.722049069190200525e+19 1.551150466826564813e+19 1.397653918892545024e+19 1.260066552163150643e+19 1.136614837477587558e+19 1.025782463479500595e+19 9.276552744612859904e+18 8.417439288255884288e+18 7.664390730037258240e+18
2.110210066443359437e+19 1.914178594134378906e+19 1.722049069190200730e+19 1.551150466826564403e+19 1.397653918892544614e+19 1.260066552163150643e+19 1.136614837477587763e+19 1.025782463479500800e+19 9.276552744612859904e+18 8.417439288255884288e+18 7.664390730037258240e+18
2.110210066443359437e+19 1.914178594134378906e+19 1.722049069190200320e+19 1.551150466826564608e+19 1.397653918892544819e+19 1.260066552163151053e+19 1.136614837477587763e+19 1.025782463479500595e+19 9.276552744612859904e+18 8.417439288255884288e+18 7.664390730037259264e+18
2.110210066443359437e+19 1.914178594134379315e+19 1.722049069190200525e+19 1.551150466826564403e+19 1.397653918892544614e+19 1.260066552163150848e+19 1.136614837477587763e+19 1.025782463479500595e+19 9.276552744612859904e+18 8.417439288255885312e+18 7.664390730037260288e+18
2.110210066443359846e+19 1.914178594134379315e+19 1.722049069190200115e+19 1.551150466826564198e+19 1.397653918892544819e+19 1.260066552163151053e+19 1.136614837477587558e+19 1.025782463479500800e+19 9.276552744612861952e+18 8.417439288255884288e+18 7.664390730037258240e+18
2.110210066443359846e+19 1.914178594134379315e+19 1.722049069190200320e+19 1.551150466826564403e+19 1.397653918892545229e+19 1.260066552163151053e+19 1.136614837477587763e+19 1.025782463479500595e+19 9.276552744612861952e+18 8.417439288255885312e+18 7.664390730037259264e+18
2.110210066443359846e+19 1.914178594134379725e+19 1.722049069190200525e+19 1.551150466826564403e+19 1.397653918892545024e+19 1.260066552163151053e+19 1.136614837477587558e+19 1.025782463479500595e+19 9.276552744612861952e+18 8.417439288255885312e+18 7.664390730037259264e+18
2.110210066443360256e+19 1.914178594134379725e+19 1.722049069190200730e+19 1.551150466826564403e+19 1.397653918892545024e+19 1.260066552163151053e+19 1.136614837477587558e+19 1.025782463479501005e+19 9.276552744612864000e+18 8.417439288255885312e+18 7.664390730037259264e+18
2.110210066443360256e+19 1.914178594134380134e+19 1.722049069190199706e+19 1.551150466826564403e+19 1.397653918892545024e+19 1.260066552163151462e+19 1.136614837477587763e+19 1.025782463479500800e+19 9.276552744612859904e+18 8.417439288255884288e+18 7.664390730037257216e+18
2.110210066443360256e+19 1.914178594134380544e+19 1.722049069190199910e+19 1.551150466826565018e+19 1.397653918892545229e+19 1.260066552163151462e+19 1.136614837477587558e+19 1.025782463479500800e+19 9.276552744612859904e+18 8.417439288255885312e+18 7.664390730037260288e+18
2.110210066443359846e+19 1.914178594134380954e+19 1.722049069190200320e+19 1.551150466826564608e+19 1.397653918892545024e+19 1.260066552163150848e+19 1.136614837477587763e+19 1.025782463479501005e+19 9.276552744612861952e+18 8.417439288255882240e+18 7.664390730037261312e+18
2.110210066443359846e+19 1.914178594134380134e+19 1.722049069190200525e+19 1.551150466826564608e+19 1.397653918892545024e+19 1.260066552163151053e+19 1.136614837477587558e+19 1.025782463479500800e+19 9.276552744612859904e+18 8.417439288255881216e+18 7.664390730037258240e+18
2.110210066443359846e+19 1.914178594134380134e+19 1.722049069190200525e+19 1.551150466826565018e+19 1.397653918892544614e+19 1.260066552163151053e+19 1.136614837477587558e+19 1.025782463479500800e+19 9.276552744612861952e+18 8.417439288255883264e+18 7.664390730037259264e+18
2.110210066443360256e+19 1.914178594134380134e+19 1.722049069190200730e+19 1.551150466826564813e+19 1.397653918892544614e+19 1.260066552163151053e+19 1.136614837477587763e+19 1.025782463479501005e+19 9.276552744612864000e+18 8.417439288255882240e+18 7.664390730037258240e+18
2.110210066443360256e+19 1.914178594134380544e+19 1.722049069190200730e+19 1.551150466826564813e+19 1.397653918892544819e+19 1.260066552163151053e+19 1.136614837477587354e+19 1.025782463479501005e+19 9.276552744612861952e+18 8.417439288255885312e+18 7.664390730037259264e+18
2.110210066443359846e+19 1.914178594134380544e+19 1.722049069190200730e+19 1.551150466826565018e+19 1.397653918892545024e+19 1.260066552163150848e+19 1.136614837477587354e+19 1.025782463479500800e+19 9.276552744612861952e+18 8.417439288255884288e+18 7.664390730037264384e+18
2.110210066443359437e+19 1.914178594134380544e+19 1.722049069190200115e+19 1.551150466826565018e+19 1.397653918892544819e+19 1.260066552163150848e+19 1.136614837477587558e+19 1.025782463479501005e+19 9.276552744612861952e+18 8.417439288255885312e+18 7.664390730037266432e+18
2.110210066443359437e+19 1.914178594134380544e+19 1.722049069190200320e+19 1.551150466826565018e+19 1.397653918892545229e+19 1.260066552163151053e+19 1.136614837477587558e+19 1.025782463479500800e+19 9.276552744612864000e+18 8.417439288255885312e+18 7.664390730037263360e+18
2.110210066443359027e+19 1.914178594134380544e+19 1.722049069190200115e+19 1.551150466826564813e+19 1.397653918892545434e+19 1.260066552163151462e+19 1.136614837477587558e+19 1.025782463479500595e+19 9.276552744612864000e+18 8.417439288255885312e+18 7.664390730037263360e+18
2.110210066443359027e+19 1.914178594134381363e+19 1.722049069190199706e+19 1.551150466826565018e+19 1.397653918892545024e+19 1.260066552163151258e+19 1.136614837477587763e+19 1.025782463479500595e+19 9.276552744612864000e+18 8.417439288255885312e+18 7.664390730037263360e+18
2.110210066443359027e+19 1.914178594134380954e+19 1.722049069190199501e+19 1.551150466826564608e+19 1.397653918892545024e+19 1.260066552163151258e+19 1.136614837477587968e+19 1.025782463479500595e+19 9.276552744612861952e+18 8.417439288255884288e+18 7.664390730037262336e+18
2.110210066443358618e+19 1.914178594134380544e+19 1.722049069190199501e+19 1.551150466826564813e+19 1.397653918892545024e+19 1.260066552163151462e+19 1.136614837477588173e+19 1.025782463479500800e+19 9.276552744612864000e+18 8.417439288255885312e+18 7.664390730037262336e+18
2.110210066443359027e+19 1.914178594134380544e+19 1.722049069190199296e+19 1.551150466826564608e+19 1.397653918892544819e+19 1.260066552163151667e+19 1.136614837477588173e+19 1.025782463479500595e+19 9.276552744612861952e+18 8.417439288255887360e+18 7.664390730037259264e+18
2.110210066443358618e+19 1.914178594134380544e+19 1.722049069190199501e+19 1.551150466826564813e+19 1.397653918892544819e+19 1.260066552163151872e+19 1.136614837477588378e+19 1.025782463479500595e+19 9.276552744612861952e+18 8.417439288255886336e+18 7.664390730037260288e+18
2.110210066443358618e+19 1.914178594134380954e+19 1.722049069190199910e+19 1.551150466826565222e+19 1.397653918892544819e+19 1.260066552163151667e+19 1.136614837477588378e+19 1.025782463479500800e+19 9.276552744612859904e+18 8.417439288255888384e+18 7.664390730037261312e+18
2.110210066443358618e+19 1.914178594134380954e+19 1.722049069190199706e+19 1.551150466826565222e+19 1.397653918892544614e+19 1.260066552163151872e+19 1.136614837477588378e+19 1.025782463479500595e+19 9.276552744612861952e+18 8.417439288255888384e+18 7.664390730037262336e+18
2.110210066443358618e+19 1.914178594134380954e+19 1.722049069190199910e+19 1.551150466826565427e+19 1.397653918892544819e+19 1.260066552163152282e+19 1.136614837477588173e+19 1.025782463479501005e+19 9.276552744612864000e+18 8.417439288255886336e+18 7.664390730037261312e+18
2.110210066443359027e+19 1.914178594134380954e+19 1.722049069190199706e+19 1.551150466826565222e+19 1.397653918892544819e+19 1.260066552163152282e+19 1.136614837477588378e+19 1.025782463479501005e+19 9.276552744612859904e+18 8.417439288255885312e+18 7.664390730037260288e+18
2.110210066443359437e+19 1.914178594134380544e+19 1.722049069190199706e+19 1.551150466826565222e+19 1.397653918892544819e+19 1.260066552163152282e+19 1.136614837477588378e+19 1.025782463479501005e+19 9.276552744612859904e+18 8.417439288255884288e+18 7.664390730037260288e+18
2.110210066443359437e+19 1.914178594134380544e+19 1.722049069190199706e+19 1.551150466826565427e+19 1.397653918892545024e+19 1.260066552163151872e+19 1.136614837477588378e+19 1.025782463479501210e+19 9.276552744612857856e+18 8.417439288255882240e+18 7.664390730037259264e+18
2.110210066443359437e+19 1.914178594134380544e+19 1.722049069190199706e+19 1.551150466826565222e+19 1.397653918892544819e+19 1.260066552163151872e+19 1.136614837477588173e+19 1.025782463479501005e+19 9.276552744612859904e+18 8.417439288255882240e+18 7.664390730037260288e+18
2.110210066443359437e+19 1.914178594134380134e+19 1.722049069190199501e+19 1.551150466826565018e+19 1.397653918892544819e+19 1.260066552163151872e+19 1.136614837477588173e+19 1.025782463479501005e+19 9.276552744612861952e+18 8.417439288255882240e+18 7.664390730037262336e+18
2.110210066443359437e+19 1.914178594134380544e+19 1.722049069190199501e+19 1.551150466826564813e+19 1.397653918892544819e+19 1.260066552163151872e+19 1.136614837477587968e+19 1.025782463479501210e+19 9.276552744612861952e+18 8.417439288255885312e+18 7.664390730037265408e+18
2.110210066443359846e+19 1.914178594134380954e+19 1.722049069190199501e+19 1.551150466826564813e+19 1.397653918892544410e+19 1.260066552163151872e+19 1.136614837477588173e+19 1.025782463479501005e+19 9.276552744612859904e+18 8.417439288255883264e+18 7.664390730037268480e+18
2.110210066443359846e+19 1.914178594134380954e+19 1.722049069190199501e+19 1.551150466826565018e+19 1.397653918892544819e+19 1.260066552163151667e+19 1.136614837477588378e+19 1.025782463479500800e+19 9.276552744612861952e+18 8.417439288255883264e+18 7.664390730037267456e+18
2.110210066443359846e+19 1.914178594134380134e+19 1.722049069190199501e+19 1.551150466826565018e+19 1.397653918892545024e+19 1.260066552163151667e+19 1.136614837477588378e+19 1.025782463479500595e+19 9.276552744612864000e+18 8.417439288255883264e+18 7.664390730037268480e+18
2.110210066443359846e+19 1.914178594134380954e+19 1.722049069190199706e+19 1.551150466826565222e+19 1.397653918892544819e+19 1.260066552163151872e+19 1.136614837477588173e+19 1.025782463479500595e+19 9.276552744612861952e+18 8.417439288255883264e+18 7.664390730037270528e+18
2.110210066443359027e+19 1.914178594134380954e+19 1.722049069190199501e+19 1.551150466826565222e+19 1.397653918892545024e+19 1.260066552163151872e+19 1.136614837477587763e+19 1.025782463479500390e+19 9.276552744612861952e+18 8.417439288255883264e+18 7.664390730037270528e+18
2.110210066443358208e+19 1.914178594134380954e+19 1.722049069190199910e+19 1.551150466826565222e+19 1.397653918892545024e+19 1.260066552163152077e+19 1.136614837477587968e+19 1.025782463479500390e+19 9.276552744612861952e+18 8.417439288255880192e+18 7.664390730037266432e+18
2.110210066443358618e+19 1.914178594134380544e+19 1.722049069190199296e+19 1.551150466826565018e+19 1.397653918892545638e+19 1.260066552163152077e+19 1.136614837477588173e+19 1.025782463479500390e+19 9.276552744612859904e+18 8.417439288255877120e+18 7.664390730037265408e+18
2.110210066443359027e+19 1.914178594134380544e+19 1.722049069190198886e+19 1.551150466826564608e+19 1.397653918892545638e+19 1.260066552163152077e+19 1.136614837477588378e+19 1.025782463479500800e+19 9.276552744612861952e+18 8.417439288255880192e+18 7.664390730037261312e+18
2.110210066443359027e+19 1.914178594134380954e+19 1.722049069190199091e+19 1.551150466826564608e+19 1.397653918892545843e+19 1.260066552163152077e+19 1.136614837477588378e+19 1.025782463479500800e+19 9.276552744612864000e+18 8.417439288255879168e+18 7.664390730037264384e+18
2.110210066443359027e+19 1.914178594134380954e+19 1.722049069190199501e+19 1.551150466826564608e+19 1.397653918892546048e+19 1.260066552163152077e+19 1.136614837477588173e+19 1.025782463479500595e+19 9.276552744612864000e+18 8.417439288255878144e+18 7.664390730037264384e+18
2.110210066443359437e+19 1.914178594134380954e+19 1.722049069190199501e+19 1.551150466826564813e+19 1.397653918892545843e+19 1.260066552163152282e+19 1.136614837477588173e+19 1.025782463479500595e+19 9.276552744612859904e+18 8.417439288255879168e+18 7.664390730037264384e+18
2.110210066443359437e+19 1.914178594134380544e+19 1.722049069190198886e+19 1.551150466826564608e+19 1.397653918892545229e+19 1.260066552163152486e+19 1.136614837477587968e+19 1.025782463479500595e+19 9.276552744612861952e+18 8.417439288255880192e+18 7.664390730037264384e+18
2.110210066443359846e+19 1.914178594134380954e+19 1.722049069190199296e+19 1.551150466826564813e+19 1.397653918892545229e+19 1.260066552163152691e+19 1.136614837477587968e+19 1.025782463479500390e+19 9.276552744612864000e+18 8.417439288255880192e+18 7.664390730037262336e+18
2.110210066443359437e+19 1.914178594134380954e+19 1.722049069190199091e+19 1.551150466826564608e+19 1.397653918892545434e+19 1.260066552163152691e+19 1.136614837477587968e+19 1.025782463479500595e+19 9.276552744612861952e+18 8.417439288255880192e+18 7.664390730037263360e+18
2.110210066443359027e+19 1.914178594134380544e+19 1.722049069190198886e+19 1.551150466826564403e+19 1.397653918892545638e+19 1.260066552163152691e+19 1.136614837477588173e+19 1.025782463479500595e+19 9.276552744612861952e+18 8.417439288255879168e+18 7.664390730037262336e+18
2.110210066443359027e+19 1.914178594134380954e+19 1.722049069190198477e+19 1.551150466826564813e+19 1.397653918892545843e+19 1.260066552163152486e+19 1.136614837477587968e+19 1.025782463479500390e+19 9.276552744612864000e+18 8.417439288255877120e+18 7.664390730037262336e+18
2.110210066443359846e+19 1.914178594134381363e+19 1.722049069190198477e+19 1.551150466826564608e+19 1.397653918892545843e+19 1.260066552163152486e+19 1.136614837477588378e+19 1.025782463479500390e+19 9.276552744612868096e+18 8.417439288255876096e+18 7.664390730037261312e+18
2.110210066443359846e+19 1.914178594134380544e+19 1.722049069190198477e+19 1.551150466826565018e+19 1.397653918892545638e+19 1.260066552163152691e+19 1.136614837477587968e+19 1.025782463479500390e+19 9.276552744612864000e+18 8.417439288255875072e+18 7.664390730037258240e+18
2.110210066443359027e+19 1.914178594134380544e+19 1.722049069190198272e+19 1.551150466826565018e+19 1.397653918892545434e+19 1.260066552163152486e+19 1.136614837477587558e+19 1.025782463479499981e+19 9.276552744612864000e+18 8.417439288255878144e+18 7.664390730037259264e+18
2.110210066443359027e+19 1.914178594134380544e+19 1.722049069190198682e+19 1.551150466826564608e+19 1.397653918892545843e+19 1.260066552163152282e+19 1.136614837477587558e+19 1.025782463479500186e+19 9.276552744612861952e+18 8.417439288255879168e+18 7.664390730037261312e+18
2.110210066443359027e+19 1.914178594134380134e+19 1.722049069190198272e+19 1.551150466826564608e+19 1.397653918892545638e+19 1.260066552163152282e+19 1.136614837477587968e+19 1.025782463479500186e+19 9.276552744612866048e+18 8.417439288255877120e+18 7.664390730037263360e+18
2.110210066443359027e+19 1.914178594134380134e+19 1.722049069190198272e+19 1.551150466826564198e+19 1.397653918892544819e+19 1.260066552163152077e+19 1.136614837477587968e+19 1.025782463479500186e+19 9.276552744612866048e+18 8.417439288255880192e+18 7.664390730037264384e+18
2.110210066443358208e+19 1.914178594134379725e+19 1.722049069190197453e+19 1.551150466826564198e+19 1.397653918892544614e+19 1.260066552163152077e+19 1.136614837477588173e+19 1.025782463479499981e+19 9.276552744612866048e+18 8.417439288255878144e+18 7.664390730037262336e+18
2.110210066443357798e+19 1.914178594134379725e+19 1.722049069190197453e+19 1.551150466826564198e+19 1.397653918892544614e+19 1.260066552163152077e+19 1.136614837477588378e+19 1.025782463479499981e+19 9.276552744612864000e+18 8.417439288255877120e+18 7.664390730037262336e+18
2.110210066443357389e+19 1.914178594134379725e+19 1.722049069190197658e+19 1.551150466826563994e+19 1.397653918892544410e+19 1.260066552163152282e+19 1.136614837477588378e+19 1.025782463479499571e+19 9.276552744612866048e+18 8.417439288255880192e+18 7.664390730037261312e+18
2.110210066443357389e+19 1.914178594134379725e+19 1.722049069190197658e+19 1.551150466826564608e+19 1.397653918892545229e+19 1.260066552163152282e+19 1.136614837477588787e+19 1.025782463479499366e+19 9.276552744612868096e+18 8.417439288255881216e+18 7.664390730037263360e+18
2.110210066443357389e+19 1.914178594134379725e+19 1.722049069190198272e+19 1.551150466826564403e+19 1.397653918892545024e+19 1.260066552163152486e+19 1.136614837477588582e+19 1.025782463479499776e+19 9.276552744612870144e+18 8.417439288255881216e+18 7.664390730037263360e+18
2.110210066443357389e+19 1.914178594134380134e+19 1.722049069190198477e+19 1.551150466826564198e+19 1.397653918892545024e+19 1.260066552163152282e+19 1.136614837477588582e+19 1.025782463479499981e+19 9.276552744612868096e+18 8.417439288255880192e+18 7.664390730037263360e+18
2.110210066443357389e+19 1.914178594134380544e+19 1.722049069190198272e+19 1.551150466826564198e+19 1.397653918892545024e+19 1.260066552163152077e+19 1.136614837477588378e+19 1.025782463479500186e+19 9.276552744612866048e+18 8.417439288255879168e+18 7.664390730037263360e+18
2.110210066443358208e+19 1.914178594134380544e+19 1.722049069190198272e+19 1.551150466826564608e+19 1.397653918892544819e+19 1.260066552163151872e+19 1.136614837477588378e+19 1.025782463479500186e+19 9.276552744612868096e+18 8.417439288255879168e+18 7.664390730037264384e+18
2.110210066443358208e+19 1.914178594134380544e+19 1.722049069190197658e+19 1.551150466826564608e+19 1.397653918892545024e+19 1.260066552163151667e+19 1.136614837477587968e+19 1.025782463479500186e+19 9.276552744612870144e+18 8.417439288255880192e+18 7.664390730037264384e+18
2.110210066443358208e+19 1.914178594134379725e+19 1.722049069190197453e+19 1.551150466826564403e+19 1.397653918892545024e+19 1.260066552163152077e+19 1.136614837477587763e+19 1.025782463479500186e+19 9.276552744612868096e+18 8.417439288255878144e+18 7.664390730037263360e+18
2.110210066443358618e+19 1.914178594134379725e+19 1.722049069190196838e+19 1.551150466826564403e+19 1.397653918892544819e+19 1.260066552163152077e+19 1.136614837477587763e+19 1.025782463479500186e+19 9.276552744612870144e+18 8.417439288255876096e+18 7.664390730037263360e+18
2.110210066443358618e+19 1.914178594134379725e+19 1.722049069190197248e+19 1.551150466826564198e+19 1.397653918892544819e+19 1.260066552163152282e+19 1.136614837477587763e+19 1.025782463479500390e+19 9.276552744612868096e+18 8.417439288255875072e+18 7.664390730037265408e+18
2.110210066443358618e+19 1.914178594134379725e+19 1.722049069190197043e+19 1.551150466826564198e+19 1.397653918892544819e+19 1.260066552163152282e+19 1.136614837477587968e+19 1.025782463479500186e+19 9.276552744612866048e+18 8.417439288255873024e+18 7.664390730037263360e+18
2.110210066443358618e+19 1.914178594134379725e+19 1.722049069190196429e+19 1.551150466826563789e+19 1.397653918892545024e+19 1.260066552163152077e+19 1.136614837477587968e+19 1.025782463479499981e+19 9.276552744612866048e+18 8.417439288255873024e+18 7.664390730037261312e+18
2.110210066443359027e+19 1.914178594134380134e+19 1.722049069190197043e+19 1.551150466826563994e+19 1.397653918892545229e+19 1.260066552163152486e+19 1.136614837477588173e+19 1.025782463479500186e+19 9.276552744612868096e+18 8.417439288255870976e+18 7.664390730037260288e+18
2.110210066443359027e+19 1.914178594134379725e+19 1.722049069190196838e+19 1.551150466826563994e+19 1.397653918892544614e+19 1.260066552163152896e+19 1.136614837477587968e+19 1.025782463479499981e+19 9.276552744612866048e+18 8.417439288255872000e+18 7.664390730037260288e+18
2.110210066443359027e+19 1.914178594134379725e+19 1.722049069190197248e+19 1.551150466826563789e+19 1.397653918892544819e+19 1.260066552163152282e+19 1.136614837477588173e+19 1.025782463479499981e+19 9.276552744612864000e+18 8.417439288255873024e+18 7.664390730037260288e+18
2.110210066443359027e+19 1.914178594134379725e+19 1.722049069190197453e+19 1.551150466826563789e+19 1.397653918892545024e+19 1.260066552163152896e+19 1.136614837477588173e+19 1.025782463479499981e+19 9.276552744612861952e+18 8.417439288255872000e+18 7.664390730037261312e+18
2.110210066443359027e+19 1.914178594134379315e+19 1.722049069190197043e+19 1.551150466826563379e+19 1.397653918892544819e+19 1.260066552163153101e+19 1.136614837477587968e+19 1.025782463479499981e+19 9.276552744612861952e+18 8.417439288255872000e+18 7.664390730037261312e+18
2.110210066443359027e+19 1.914178594134379315e+19 1.722049069190196838e+19 1.551150466826563994e+19 1.397653918892544410e+19 1.260066552163152691e+19 1.136614837477588173e+19 1.025782463479499776e+19 9.276552744612857856e+18 8.417439288255872000e+18 7.664390730037262336e+18
2.110210066443358618e+19 1.914178594134378496e+19 1.722049069190196838e+19 1.551150466826564198e+19 1.397653918892544819e+19 1.260066552163153101e+19 1.136614837477587968e+19 1.025782463479499776e+19 9.276552744612859904e+18 8.417439288255867904e+18 7.664390730037262336e+18
2.110210066443359437e+19 1.914178594134378496e+19 1.722049069190197043e+19 1.551150466826564198e+19 1.397653918892545229e+19 1.260066552163151872e+19 1.136614837477588173e+19 1.025782463479499776e+19 9.276552744612857856e+18 8.417439288255869952e+18 7.664390730037264384e+18
2.110210066443359437e+19 1.914178594134378496e+19 1.722049069190197658e+19 1.551150466826564198e+19 1.397653918892545229e+19 1.260066552163152282e+19 1.136614837477587968e+19 1.025782463479499981e+19 9.276552744612859904e+18 8.417439288255870976e+18 7.664390730037267456e+18
2.110210066443358618e+19 1.914178594134378496e+19 1.722049069190197862e+19 1.551150466826563789e+19 1.397653918892545229e+19 1.260066552163151667e+19 1.136614837477587763e+19 1.025782463479499981e+19 9.276552744612861952e+18 8.417439288255872000e+18 7.664390730037268480e+18
2.110210066443358618e+19 1.914178594134378086e+19 1.722049069190197658e+19 1.551150466826563994e+19 1.397653918892545229e+19 1.260066552163151462e+19 1.136614837477587763e+19 1.025782463479499571e+19 9.276552744612861952e+18 8.417439288255870976e+18 7.664390730037268480e+18
2.110210066443358618e+19 1.914178594134377677e+19 1.722049069190198067e+19 1.551150466826563789e+19 1.397653918892545229e+19 1.260066552163151462e+19 1.136614837477587354e+19 1.025782463479499981e+19 9.276552744612861952e+18 8.417439288255870976e+18 7.664390730037269504e+18
2.110210066443358618e+19 1.914178594134377267e+19 1.722049069190198272e+19 1.551150466826563789e+19 1.397653918892545434e+19 1.260066552163151667e+19 1.136614837477587558e+19 1.025782463479499981e+19 9.276552744612861952e+18 8.417439288255872000e+18 7.664390730037266432e+18
2.110210066443357798e+19 1.914178594134376858e+19 1.722049069190198477e+19 1.551150466826563789e+19 1.397653918892545024e+19 1.260066552163152077e+19 1.136614837477587149e+19 1.025782463479500390e+19 9.276552744612866048e+18 8.417439288255874048e+18 7.664390730037266432e+18
2.110210066443357798e+19 1.914178594134376038e+19 1.722049069190198067e+19 1.551150466826563584e+19 1.397653918892545434e+19 1.260066552163152077e+19 1.136614837477587149e+19 1.025782463479500390e+19 9.276552744612864000e+18 8.417439288255874048e+18 7.664390730037267456e+18
2.110210066443358208e+19 1.914178594134376448e+19 1.722049069190198272e+19 1.551150466826563584e+19 1.397653918892545434e+19 1.260066552163151872e+19 1.136614837477586944e+19 1.025782463479500186e+19 9.276552744612864000e+18 8.417439288255874048e+18 7.664390730037267456e+18
2.110210066443358208e+19 1.914178594134376038e+19 1.722049069190198682e+19 1.551150466826563584e+19 1.397653918892544819e+19 1.260066552163151667e+19 1.136614837477587149e+19 1.025782463479500186e+19 9.276552744612868096e+18 8.417439288255875072e+18 7.664390730037269504e+18
2.110210066443358208e+19 1.914178594134376038e+19 1.722049069190198682e+19 1.551150466826563379e+19 1.397653918892545434e+19 1.260066552163152077e+19 1.136614837477587354e+19 1.025782463479500186e+19 9.276552744612866048e+18 8.417439288255875072e+18 7.664390730037269504e+18
2.110210066443358208e+19 1.914178594134376448e+19 1.722049069190198886e+19 1.551150466826563379e+19 1.397653918892545229e+19 1.260066552163152077e+19 1.136614837477587149e+19 1.025782463479499981e+19 9.276552744612866048e+18 8.417439288255876096e+18 7.664390730037270528e+18
2.110210066443358208e+19 1.914178594134376448e+19 1.722049069190198886e+19 1.551150466826562970e+19 1.397653918892545638e+19 1.260066552163152691e+19 1.136614837477586944e+19 1.025782463479499776e+19 9.276552744612864000e+18 8.417439288255876096e+18 7.664390730037267456e+18
2.110210066443357798e+19 1.914178594134376038e+19 1.722049069190198477e+19 1.551150466826563379e+19 1.397653918892545843e+19 1.260066552163152077e+19 1.136614837477586739e+19 1.025782463479499981e+19 9.276552744612868096e+18 8.417439288255877120e+18 7.664390730037267456e+18
2.110210066443357389e+19 1.914178594134376038e+19 1.722049069190198682e+19 1.551150466826563584e+19 1.397653918892545024e+19 1.260066552163152282e+19 1.136614837477586739e+19 1.025782463479499981e+19 9.276552744612868096e+18 8.417439288255873024e+18 7.664390730037262336e+18
2.110210066443357389e+19 1.914178594134376448e+19 1.722049069190199091e+19 1.551150466826563379e+19 1.397653918892545229e+19 1.260066552163152077e+19 1.136614837477586739e+19 1.025782463479499776e+19 9.276552744612870144e+18 8.417439288255874048e+18 7.664390730037262336e+18
2.110210066443356979e+19 1.914178594134376038e+19 1.722049069190199091e+19 1.551150466826563174e+19 1.397653918892545434e+19 1.260066552163152077e+19 1.136614837477587149e+19 1.025782463479499981e+19 9.276552744612868096e+18 8.417439288255877120e+18 7.664390730037263360e+18
2.110210066443356979e+19 1.914178594134375629e+19 1.722049069190199501e+19 1.551150466826562970e+19 1.397653918892545229e+19 1.260066552163152077e+19 1.136614837477587149e+19 1.025782463479499776e+19 9.276552744612874240e+18 8.417439288255877120e+18 7.664390730037263360e+18
2.110210066443357798e+19 1.914178594134375629e+19 1.722049069190198886e+19 1.551150466826562970e+19 1.397653918892545024e+19 1.260066552163152282e+19 1.136614837477587354e+19 1.025782463479499776e+19 9.276552744612872192e+18 8.417439288255877120e+18 7.664390730037264384e+18
2.110210066443357798e+19 1.914178594134375629e+19 1.722049069190198886e+19 1.551150466826562970e+19 1.397653918892545024e+19 1.260066552163151872e+19 1.136614837477586944e+19 1.025782463479499981e+19 9.276552744612874240e+18 8.417439288255875072e+18 7.664390730037264384e+18
2.110210066443357798e+19 1.914178594134375629e+19 1.722049069190198477e+19 1.551150466826563174e+19 1.397653918892545229e+19 1.260066552163152077e+19 1.136614837477587354e+19 1.025782463479499776e+19 9.276552744612874240e+18 8.417439288255877120e+18 7.664390730037268480e+18
2.110210066443358208e+19 1.914178594134375219e+19 1.722049069190199091e+19 1.551150466826562970e+19 1.397653918892544614e+19 1.260066552163151258e+19 1.136614837477587558e+19 1.025782463479499981e+19 9.276552744612876288e+18 8.417439288255876096e+18 7.664390730037270528e+18
2.110210066443357389e+19 1.914178594134375629e+19 1.722049069190198886e+19 1.551150466826563584e+19 1.397653918892545024e+19 1.260066552163151258e+19 1.136614837477587354e+19 1.025782463479499981e+19 9.276552744612876288e+18 8.417439288255875072e+18 7.664390730037268480e+18
2.110210066443357389e+19 1.914178594134374810e+19 1.722049069190199091e+19 1.551150466826563379e+19 1.397653918892545229e+19 1.260066552163151053e+19 1.136614837477587354e+19 1.025782463479500186e+19 9.276552744612878336e+18 8.417439288255874048e+18 7.664390730037271552e+18
2.110210066443357389e+19 1.914178594134374810e+19 1.722049069190198682e+19 1.551150466826563379e+19 1.397653918892545229e+19 1.260066552163151053e+19 1.136614837477587354e+19 1.025782463479499981e+19 9.276552744612878336e+18 8.417439288255876096e+18 7.664390730037271552e+18
2.110210066443357389e+19 1.914178594134375219e+19 1.722049069190199091e+19 1.551150466826563379e+19 1.397653918892545434e+19 1.260066552163150438e+19 1.136614837477587763e+19 1.025782463479500186e+19 9.276552744612878336e+18 8.417439288255875072e+18 7.664390730037271552e+18
2.110210066443357389e+19 1.914178594134375629e+19 1.722049069190199091e+19 1.551150466826563584e+19 1.397653918892545434e+19 1.260066552163150029e+19 1.136614837477587558e+19 1.025782463479500186e+19 9.276552744612878336e+18 8.417439288255875072e+18 7.664390730037271552e+18
2.110210066443357798e+19 1.914178594134375219e+19 1.722049069190199091e+19 1.551150466826563584e+19 1.397653918892545229e+19 1.260066552163150234e+19 1.136614837477587558e+19 1.025782463479500186e+19 9.276552744612880384e+18 8.417439288255875072e+18 7.664390730037272576e+18
2.110210066443358618e+19 1.914178594134375629e+19 1.722049069190198477e+19 1.551150466826563584e+19 1.397653918892545434e+19 1.260066552163149824e+19 1.136614837477587558e+19 1.025782463479500390e+19 9.276552744612882432e+18 8.417439288255874048e+18 7.664390730037272576e+18
2.110210066443358618e+19 1.914178594134375629e+19 1.722049069190198477e+19 1.551150466826563789e+19 1.397653918892545843e+19 1.260066552163150438e+19 1.136614837477587354e+19 1.025782463479500186e+19 9.276552744612880384e+18 8.417439288255873024e+18 7.664390730037270528e+18
2.110210066443358618e+19 1.914178594134375629e+19 1.722049069190198682e+19 1.551150466826563994e+19 1.397653918892545638e+19 1.260066552163150234e+19 1.136614837477587354e+19 1.025782463479500595e+19 9.276552744612882432e+18 8.417439288255872000e+18 7.664390730037272576e+18
2.110210066443358208e+19 1.914178594134375629e+19 1.722049069190198272e+19 1.551150466826564403e+19 1.397653918892545638e+19 1.260066552163149824e+19 1.136614837477587354e+19 1.025782463479500595e+19 9.276552744612884480e+18 8.417439288255872000e+18 7.664390730037273600e+18
2.110210066443358208e+19 1.914178594134375219e+19 1.722049069190198682e+19 1.551150466826563789e+19 1.397653918892545434e+19 1.260066552163149619e+19 1.136614837477587149e+19 1.025782463479500595e+19 9.276552744612882432e+18 8.417439288255873024e+18 7.664390730037272576e+18
2.110210066443358208e+19 1.914178594134375219e+19 1.722049069190198067e+19 1.551150466826563789e+19 1.397653918892545229e+19 1.260066552163149824e+19 1.136614837477587354e+19 1.025782463479500800e+19 9.276552744612882432e+18 8.417439288255870976e+18 7.664390730037272576e+18
2.110210066443359027e+19 1.914178594134374810e+19 1.722049069190197862e+19 1.551150466826563584e+19 1.397653918892545024e+19 1.260066552163149619e+19 1.136614837477587558e+19 1.025782463479500800e+19 9.276552744612882432e+18 8.417439288255873024e+18 7.664390730037271552e+18
2.110210066443359027e+19 1.914178594134375219e+19 1.722049069190198067e+19 1.551150466826563994e+19 1.397653918892545024e+19 1.260066552163149414e+19 1.136614837477587149e+19 1.025782463479501005e+19 9.276552744612882432e+18 8.417439288255870976e+18 7.664390730037272576e+18
2.110210066443358618e+19 1.914178594134375219e+19 1.722049069190197862e+19 1.551150466826563789e+19 1.397653918892545434e+19 1.260066552163148800e+19 1.136614837477586944e+19 1.025782463479501005e+19 9.276552744612884480e+18 8.417439288255869952e+18 7.664390730037273600e+18
2.110210066443358618e+19 1.914178594134375629e+19 1.722049069190197453e+19 1.551150466826563789e+19 1.397653918892545638e+19 1.260066552163148800e+19 1.136614837477586944e+19 1.025782463479500800e+19 9.276552744612882432e+18 8.417439288255869952e+18 7.664390730037272576e+18
2.110210066443358208e+19 1.914178594134375219e+19 1.722049069190197248e+19 1.551150466826563789e+19 1.397653918892546048e+19 1.260066552163149005e+19 1.136614837477586944e+19 1.025782463479500800e+19 9.276552744612880384e+18 8.417439288255869952e+18 7.664390730037271552e+18
2.110210066443358208e+19 1.914178594134374810e+19 1.722049069190197043e+19 1.551150466826563584e+19 1.397653918892545843e+19 1.260066552163149414e+19 1.136614837477586534e+19 1.025782463479500390e+19 9.276552744612880384e+18 8.417439288255869952e+18 7.664390730037271552e+18
2.110210066443358208e+19 1.914178594134374810e+19 1.722049069190197043e+19 1.551150466826563789e+19 1.397653918892545843e+19 1.260066552163149414e+19 1.136614837477586944e+19 1.025782463479500186e+19 9.276552744612884480e+18 8.417439288255867904e+18 7.664390730037271552e+18
2.110210066443358208e+19 1.914178594134374400e+19 1.722049069190196838e+19 1.551150466826563789e+19 1.397653918892545638e+19 1.260066552163149414e+19 1.136614837477586534e+19 1.025782463479500186e+19 9.276552744612886528e+18 8.417439288255867904e+18 7.664390730037272576e+18
2.110210066443357798e+19 1.914178594134374810e+19 1.722049069190196429e+19 1.551150466826563789e+19 1.397653918892546048e+19 1.260066552163149210e+19 1.136614837477586125e+19 1.025782463479499981e+19 9.276552744612884480e+18 8.417439288255866880e+18 7.664390730037271552e+18
2.110210066443358208e+19 1.914178594134374400e+19 1.722049069190197043e+19 1.551150466826563789e+19 1.397653918892545434e+19 1.260066552163149210e+19 1.136614837477586125e+19 1.025782463479500186e+19 9.276552744612882432e+18 8.417439288255865856e+18 7.664390730037272576e+18
2.110210066443359027e+19 1.914178594134375219e+19 1.722049069190196634e+19 1.551150466826564198e+19 1.397653918892545434e+19 1.260066552163148390e+19 1.136614837477586125e+19 1.025782463479500390e+19 9.276552744612886528e+18 8.417439288255864832e+18 7.664390730037273600e+18
2.110210066443359437e+19 1.914178594134374810e+19 1.722049069190196224e+19 1.551150466826564403e+19 1.397653918892545434e+19 1.260066552163149210e+19 1.136614837477586125e+19 1.025782463479500186e+19 9.276552744612884480e+18 8.417439288255864832e+18 7.664390730037271552e+18
2.110210066443359846e+19 1.914178594134374810e+19 1.722049069190196429e+19 1.551150466826564198e+19 1.397653918892545638e+19 1.260066552163148595e+19 1.136614837477586739e+19 1.025782463479500186e+19 9.276552744612882432e+18 8.417439288255866880e+18 7.664390730037267456e+18
2.110210066443360256e+19 1.914178594134374810e+19 1.722049069190196634e+19 1.551150466826564198e+19 1.397653918892546253e+19 1.260066552163149414e+19 1.136614837477587558e+19 1.025782463479499981e+19 9.276552744612882432e+18 8.417439288255861760e+18 7.664390730037265408e+18
2.110210066443359846e+19 1.914178594134374400e+19 1.722049069190196429e+19 1.551150466826564198e+19 1.397653918892546048e+19 1.260066552163149824e+19 1.136614837477587354e+19 1.025782463479500390e+19 9.276552744612886528e+18 8.417439288255861760e+18 7.664390730037265408e+18
2.110210066443359437e+19 1.914178594134373990e+19 1.722049069190196634e+19 1.551150466826564403e+19 1.397653918892545638e+19 1.260066552163150234e+19 1.136614837477587354e+19 1.025782463479500595e+19 9.276552744612888576e+18 8.417439288255863808e+18 7.664390730037264384e+18
2.110210066443359846e+19 1.914178594134373171e+19 1.722049069190197248e+19 1.551150466826564403e+19 1.397653918892546253e+19 1.260066552163150438e+19 1.136614837477587558e+19 1.025782463479500595e+19 9.276552744612888576e+18 8.417439288255861760e+18 7.664390730037264384e+18
2.110210066443359027e+19 1.914178594134373171e+19 1.722049069190197043e+19 1.551150466826564403e+19 1.397653918892546662e+19 1.260066552163150643e+19 1.136614837477587968e+19 1.025782463479500595e+19 9.276552744612886528e+18 8.417439288255865856e+18 7.664390730037264384e+18
2.110210066443359437e+19 1.914178594134373171e+19 1.722049069190196634e+19 1.551150466826564608e+19 1.397653918892547072e+19 1.260066552163150848e+19 1.136614837477588173e+19 1.025782463479500595e+19 9.276552744612886528e+18 8.417439288255867904e+18 7.664390730037264384e+18
2.110210066443359027e+19 1.914178594134372762e+19 1.722049069190196838e+19 1.551150466826564608e+19 1.397653918892547482e+19 1.260066552163150848e+19 1.136614837477588582e+19 1.025782463479500390e+19 9.276552744612884480e+18 8.417439288255867904e+18 7.664390730037263360e+18
2.110210066443359437e+19 1.914178594134372762e+19 1.722049069190197453e+19 1.551150466826564608e+19 1.397653918892547482e+19 1.260066552163150848e+19 1.136614837477588378e+19 1.025782463479500390e+19 9.276552744612882432e+18 8.417439288255866880e+18 7.664390730037265408e+18
2.110210066443359437e+19 1.914178594134372762e+19 1.722049069190197043e+19 1.551150466826564608e+19 1.397653918892547072e+19 1.260066552163151258e+19 1.136614837477588582e+19 1.025782463479500390e+19 9.276552744612880384e+18 8.417439288255866880e+18 7.664390730037264384e+18
2.110210066443359437e+19 1.914178594134372762e+19 1.722049069190197043e+19 1.551150466826564608e+19 1.397653918892546867e+19 1.260066552163151258e+19 1.136614837477588787e+19 1.025782463479500186e+19 9.276552744612878336e+18 8.417439288255867904e+18 7.664390730037264384e+18
2.110210066443360256e+19 1.914178594134372762e+19 1.722049069190196429e+19 1.551150466826564403e+19 1.397653918892546662e+19 1.260066552163150643e+19 1.136614837477589197e+19 1.025782463479500390e+19 9.276552744612874240e+18 8.417439288255866880e+18 7.664390730037263360e+18
2.110210066443360666e+19 1.914178594134372352e+19 1.722049069190196634e+19 1.551150466826564198e+19 1.397653918892546662e+19 1.260066552163150234e+19 1.136614837477588787e+19 1.025782463479500390e+19 9.276552744612872192e+18 8.417439288255867904e+18 7.664390730037264384e+18
2.110210066443360256e+19 1.914178594134372352e+19 1.722049069190196429e+19 1.551150466826564198e+19 1.397653918892546458e+19 1.260066552163150029e+19 1.136614837477589606e+19 1.025782463479500800e+19 9.276552744612876288e+18 8.417439288255866880e+18 7.664390730037264384e+18
2.110210066443359846e+19 1.914178594134371942e+19 1.722049069190196429e+19 1.551150466826564403e+19 1.397653918892546867e+19 1.260066552163149824e+19 1.136614837477588787e+19 1.025782463479500595e+19 9.276552744612876288e+18 8.417439288255864832e+18 7.664390730037263360e+18
2.110210066443360256e+19 1.914178594134371942e+19 1.722049069190196634e+19 1.551150466826564608e+19 1.397653918892547482e+19 1.260066552163149619e+19 1.136614837477588378e+19 1.025782463479501005e+19 9.276552744612874240e+18 8.417439288255865856e+18 7.664390730037263360e+18
2.110210066443360666e+19 1.914178594134371533e+19 1.722049069190196838e+19 1.551150466826564198e+19 1.397653918892547277e+19 1.260066552163149824e+19 1.136614837477588173e+19 1.025782463479501005e+19 9.276552744612876288e+18 8.417439288255865856e+18 7.664390730037263360e+18
2.110210066443361075e+19 1.914178594134371533e+19 1.722049069190197043e+19 1.551150466826564198e+19 1.397653918892546867e+19 1.260066552163149414e+19 1.136614837477588173e+19 1.025782463479501005e+19 9.276552744612874240e+18 8.417439288255864832e+18 7.664390730037263360e+18
2.110210066443361485e+19 1.914178594134371123e+19 1.722049069190197043e+19 1.551150466826564403e+19 1.397653918892546662e+19 1.260066552163149210e+19 1.136614837477587558e+19 1.025782463479501005e+19 9.276552744612876288e+18 8.417439288255864832e+18 7.664390730037262336e+18
2.110210066443361485e+19 1.914178594134371533e+19 1.722049069190197043e+19 1.551150466826564403e+19 1.397653918892546662e+19 1.260066552163149619e+19 1.136614837477587354e+19 1.025782463479501005e+19 9.276552744612872192e+18 8.417439288255861760e+18 7.664390730037262336e+18
2.110210066443361894e+19 1.914178594134371942e+19 1.722049069190196838e+19 1.551150466826564198e+19 1.397653918892546458e+19 1.260066552163150029e+19 1.136614837477586944e+19 1.025782463479500800e+19 9.276552744612870144e+18 8.417439288255861760e+18 7.664390730037263360e+18
2.110210066443361894e+19 1.914178594134371533e+19 1.722049069190196634e+19 1.551150466826564198e+19 1.397653918892546662e+19 1.260066552163149824e+19 1.136614837477586534e+19 1.025782463479500800e+19 9.276552744612872192e+18 8.417439288255861760e+18 7.664390730037262336e+18
2.110210066443362304e+19 1.914178594134371533e+19 1.722049069190196019e+19 1.551150466826564403e+19 1.397653918892546253e+19 1.260066552163150643e+19 1.136614837477586739e+19 1.025782463479500800e+19 9.276552744612872192e+18 8.417439288255861760e+18 7.664390730037262336e+18
2.110210066443361894e+19 1.914178594134371533e+19 1.722049069190195610e+19 1.551150466826564608e+19 1.397653918892547072e+19 1.260066552163150848e+19 1.136614837477586534e+19 1.025782463479500800e+19 9.276552744612872192e+18 8.417439288255862784e+18 7.664390730037262336e+18
2.110210066443361894e+19 1.914178594134371123e+19 1.722049069190195610e+19 1.551150466826564813e+19 1.397653918892547277e+19 1.260066552163150438e+19 1.136614837477586534e+19 1.025782463479500800e+19 9.276552744612870144e+18 8.417439288255861760e+18 7.664390730037262336e+18
2.110210066443361485e+19 1.914178594134371533e+19 1.722049069190195610e+19 1.551150466826564813e+19 1.397653918892546867e+19 1.260066552163150029e+19 1.136614837477586739e+19 1.025782463479500595e+19 9.276552744612870144e+18 8.417439288255860736e+18 7.664390730037262336e+18
2.110210066443361485e+19 1.914178594134371533e+19 1.722049069190195200e+19 1.551150466826564608e+19 1.397653918892547482e+19 1.260066552163150234e+19 1.136614837477587149e+19 1.025782463479500390e+19 9.276552744612868096e+18 8.417439288255861760e+18 7.664390730037262336e+18
2.110210066443361894e+19 1.914178594134371533e+19 1.722049069190194995e+19 1.551150466826564403e+19 1.397653918892547277e+19 1.260066552163150234e+19 1.136614837477587149e+19 1.025782463479500186e+19 9.276552744612866048e+18 8.417439288255860736e+18 7.664390730037265408e+18
2.110210066443361485e+19 1.914178594134371533e+19 1.722049069190194995e+19 1.551150466826564198e+19 1.397653918892547277e+19 1.260066552163150234e+19 1.136614837477587149e+19 1.025782463479500186e+19 9.276552744612868096e+18 8.417439288255862784e+18 7.664390730037265408e+18
2.110210066443361894e+19 1.914178594134371533e+19 1.722049069190194790e+19 1.551150466826564608e+19 1.397653918892547686e+19 1.260066552163150848e+19 1.136614837477586739e+19 1.025782463479500186e+19 9.276552744612868096e+18 8.417439288255863808e+18 7.664390730037263360e+18
2.110210066443362304e+19 1.914178594134371942e+19 1.722049069190194790e+19 1.551150466826564813e+19 1.397653918892547686e+19 1.260066552163150643e+19 1.136614837477586739e+19 1.025782463479499981e+19 9.276552744612866048e+18 8.417439288255865856e+18 7.664390730037263360e+18
2.110210066443361894e+19 1.914178594134371942e+19 1.722049069190194381e+19 1.551150466826564813e+19 1.397653918892547482e+19 1.260066552163150848e+19 1.136614837477586534e+19 1.025782463479499981e+19 9.276552744612866048e+18 8.417439288255863808e+18 7.664390730037262336e+18
2.110210066443362304e+19 1.914178594134372352e+19 1.722049069190194586e+19 1.551150466826564813e+19 1.397653918892547072e+19 1.260066552163151053e+19 1.136614837477586330e+19 1.025782463479500186e+19 9.276552744612864000e+18 8.417439288255862784e+18 7.664390730037262336e+18
2.110210066443362304e+19 1.914178594134372352e+19 1.722049069190194995e+19 1.551150466826564403e+19 1.397653918892547072e+19 1.260066552163151053e+19 1.136614837477586739e+19 1.025782463479500390e+19 9.276552744612866048e+18 8.417439288255861760e+18 7.664390730037262336e+18
2.110210066443362714e+19 1.914178594134372762e+19 1.722049069190194790e+19 1.551150466826564403e+19 1.397653918892546662e+19 1.260066552163150643e+19 1.136614837477586534e+19 1.025782463479500800e+19 9.276552744612864000e+18 8.417439288255861760e+18 7.664390730037264384e+18
2.110210066443363533e+19 1.914178594134372762e+19 1.722049069190194790e+19 1.551150466826564198e+19 1.397653918892547277e+19 1.260066552163150643e+19 1.136614837477587149e+19 1.025782463479500595e+19 9.276552744612866048e+18 8.417439288255861760e+18 7.664390730037264384e+18
2.110210066443363123e+19 1.914178594134372762e+19 1.722049069190194586e+19 1.551150466826563994e+19 1.397653918892547686e+19 1.260066552163150029e+19 1.136614837477586739e+19 1.025782463479500800e+19 9.276552744612864000e+18 8.417439288255861760e+18 7.664390730037264384e+18
2.110210066443362304e+19 1.914178594134372762e+19 1.722049069190194381e+19 1.551150466826564403e+19 1.397653918892547686e+19 1.260066552163150234e+19 1.136614837477586944e+19 1.025782463479501005e+19 9.276552744612864000e+18 8.417439288255862784e+18 7.664390730037264384e+18
2.110210066443362714e+19 1.914178594134373581e+19 1.722049069190193971e+19 1.551150466826564403e+19 1.397653918892548506e+19 1.260066552163150234e+19 1.136614837477586944e+19 1.025782463479501005e+19 9.276552744612864000e+18 8.417439288255865856e+18 7.664390730037266432e+18
2.110210066443362714e+19 1.914178594134373171e+19 1.722049069190194176e+19 1.551150466826563994e+19 1.397653918892548506e+19 1.260066552163150234e+19 1.136614837477586739e+19 1.025782463479501210e+19 9.276552744612864000e+18 8.417439288255867904e+18 7.664390730037265408e+18
2.110210066443363533e+19 1.914178594134372762e+19 1.722049069190194176e+19 1.551150466826564403e+19 1.397653918892548301e+19 1.260066552163150029e+19 1.136614837477586534e+19 1.025782463479501005e+19 9.276552744612866048e+18 8.417439288255866880e+18 7.664390730037266432e+18
2.110210066443363533e+19 1.914178594134371942e+19 1.722049069190193766e+19 1.551150466826563994e+19 1.397653918892548096e+19 1.260066552163149824e+19 1.136614837477586125e+19 1.025782463479501210e+19 9.276552744612866048e+18 8.417439288255864832e+18 7.664390730037265408e+18
2.110210066443363123e+19 1.914178594134371942e+19 1.722049069190193152e+19 1.551150466826563994e+19 1.397653918892548096e+19 1.260066552163149619e+19 1.136614837477586534e+19 1.025782463479501210e+19 9.276552744612864000e+18 8.417439288255865856e+18 7.664390730037266432e+18
2.110210066443363123e+19 1.914178594134371533e+19 1.722049069190193357e+19 1.551150466826563789e+19 1.397653918892548096e+19 1.260066552163149824e+19 1.136614837477586739e+19 1.025782463479501210e+19 9.276552744612864000e+18 8.417439288255864832e+18 7.664390730037267456e+18
2.110210066443363123e+19 1.914178594134371123e+19 1.722049069190193152e+19 1.551150466826563584e+19 1.397653918892548301e+19 1.260066552163149414e+19 1.136614837477586739e+19 1.025782463479501210e+19 9.276552744612866048e+18 8.417439288255864832e+18 7.664390730037266432e+18
2.110210066443362714e+19 1.914178594134371123e+19 1.722049069190193152e+19 1.551150466826563379e+19 1.397653918892548506e+19 1.260066552163149414e+19 1.136614837477586739e+19 1.025782463479500800e+19 9.276552744612866048e+18 8.417439288255865856e+18 7.664390730037266432e+18
2.110210066443363533e+19 1.914178594134371942e+19 1.722049069190192947e+19 1.551150466826563789e+19 1.397653918892548301e+19 1.260066552163149210e+19 1.136614837477586739e+19 1.025782463479501210e+19 9.276552744612866048e+18 8.417439288255864832e+18 7.664390730037268480e+18
2.110210066443363123e+19 1.914178594134371942e+19 1.722049069190193562e+19 1.551150466826563789e+19 1.397653918892548710e+19 1.260066552163149005e+19 1.136614837477587149e+19 1.025782463479501005e+19 9.276552744612866048e+18 8.417439288255861760e+18 7.664390730037266432e+18
2.110210066443363533e+19 1.914178594134371533e+19 1.722049069190193562e+19 1.551150466826563789e+19 1.397653918892548506e+19 1.260066552163149414e+19 1.136614837477587558e+19 1.025782463479500800e+19 9.276552744612864000e+18 8.417439288255860736e+18 7.664390730037269504e+18
2.110210066443363942e+19 1.914178594134371533e+19 1.722049069190194176e+19 1.551150466826563584e+19 1.397653918892549120e+19 1.260066552163150029e+19 1.136614837477587763e+19 1.025782463479500800e+19 9.276552744612866048e+18 8.417439288255860736e+18 7.664390730037267456e+18
2.110210066443363942e+19 1.914178594134371533e+19 1.722049069190194586e+19 1.551150466826563379e+19 1.397653918892548915e+19 1.260066552163150234e+19 1.136614837477587763e+19 1.025782463479500595e+19 9.276552744612866048e+18 8.417439288255862784e+18 7.664390730037268480e+18
2.110210066443363942e+19 1.914178594134371123e+19 1.722049069190194995e+19 1.551150466826563379e+19 1.397653918892549325e+19 1.260066552163150848e+19 1.136614837477587354e+19 1.025782463479501005e+19 9.276552744612866048e+18 8.417439288255862784e+18 7.664390730037268480e+18
2.110210066443364352e+19 1.914178594134371533e+19 1.722049069190194790e+19 1.551150466826563584e+19 1.397653918892548915e+19 1.260066552163150848e+19 1.136614837477587149e+19 1.025782463479501005e+19 9.276552744612866048e+18 8.417439288255860736e+18 7.664390730037267456e+18
2.110210066443364352e+19 1.914178594134371123e+19 1.722049069190194790e+19 1.551150466826562970e+19 1.397653918892549120e+19 1.260066552163151053e+19 1.136614837477586944e+19 1.025782463479500800e+19 9.276552744612866048e+18 8.417439288255863808e+18 7.664390730037267456e+18
2.110210066443364352e+19 1.914178594134371123e+19 1.722049069190195200e+19 1.551150466826562765e+19 1.397653918892549120e+19 1.260066552163151258e+19 1.136614837477586944e+19 1.025782463479500800e+19 9.276552744612866048e+18 8.417439288255862784e+18 7.664390730037264384e+18
2.110210066443363942e+19 1.914178594134370714e+19 1.722049069190195405e+19 1.551150466826562560e+19 1.397653918892549325e+19 1.260066552163151258e+19 1.136614837477586534e+19 1.025782463479500595e+19 9.276552744612868096e+18 8.417439288255859712e+18 7.664390730037263360e+18
2.110210066443363942e+19 1.914178594134370714e+19 1.722049069190195200e+19 1.551150466826562560e+19 1.397653918892549120e+19 1.260066552163150848e+19 1.136614837477586944e+19 1.025782463479500390e+19 9.276552744612868096e+18 8.417439288255862784e+18 7.664390730037262336e+18
2.110210066443363942e+19 1.914178594134371123e+19 1.722049069190195200e+19 1.551150466826562560e+19 1.397653918892549325e+19 1.260066552163150438e+19 1.136614837477586739e+19 1.025782463479500186e+19 9.276552744612866048e+18 8.417439288255861760e+18 7.664390730037266432e+18
2.110210066443364352e+19 1.914178594134371123e+19 1.722049069190194381e+19 1.551150466826562355e+19 1.397653918892549120e+19 1.260066552163150643e+19 1.136614837477586739e+19 1.025782463479500595e+19 9.276552744612868096e+18 8.417439288255863808e+18 7.664390730037268480e+18
2.110210066443364352e+19 1.914178594134370714e+19 1.722049069190194176e+19 1.551150466826562560e+19 1.397653918892548710e+19 1.260066552163150848e+19 1.136614837477587149e+19 1.025782463479500390e+19 9.276552744612864000e+18 8.417439288255861760e+18 7.664390730037268480e+18
2.110210066443364352e+19 1.914178594134371533e+19 1.722049069190193357e+19 1.551150466826562150e+19 1.397653918892548710e+19 1.260066552163150848e+19 1.136614837477586944e+19 1.025782463479500186e+19 9.276552744612868096e+18 8.417439288255860736e+18 7.664390730037269504e+18
2.110210066443364352e+19 1.914178594134371533e+19 1.722049069190193562e+19 1.551150466826562765e+19 1.397653918892548506e+19 1.260066552163150643e+19 1.136614837477586330e+19 1.025782463479499981e+19 9.276552744612868096e+18 8.417439288255861760e+18 7.664390730037269504e+18
2.110210066443364352e+19 1.914178594134371942e+19 1.722049069190193971e+19 1.551150466826562970e+19 1.397653918892548301e+19 1.260066552163150234e+19 1.136614837477586739e+19 1.025782463479499981e+19 9.276552744612866048e+18 8.417439288255859712e+18 7.664390730037269504e+18
2.110210066443364352e+19 1.914178594134371533e+19 1.722049069190194381e+19 1.551150466826563174e+19 1.397653918892547686e+19 1.260066552163150438e+19 1.136614837477586330e+19 1.025782463479499776e+19 9.276552744612866048e+18 8.417439288255860736e+18 7.664390730037269504e+18
2.110210066443364762e+19 1.914178594134371942e+19 1.722049069190194381e+19 1.551150466826563379e+19 1.397653918892547686e+19 1.260066552163150029e+19 1.136614837477586534e+19 1.025782463479499571e+19 9.276552744612866048e+18 8.417439288255861760e+18 7.664390730037268480e+18
2.110210066443364762e+19 1.914178594134371533e+19 1.722049069190194586e+19 1.551150466826563379e+19 1.397653918892546867e+19 1.260066552163150234e+19 1.136614837477586330e+19 1.025782463479499776e+19 9.276552744612866048e+18 8.417439288255857664e+18 7.664390730037267456e+18
2.110210066443364762e+19 1.914178594134371533e+19 1.722049069190194586e+19 1.551150466826563584e+19 1.397653918892547891e+19 1.260066552163150643e+19 1.136614837477586330e+19 1.025782463479499981e+19 9.276552744612868096e+18 8.417439288255854592e+18 7.664390730037269504e+18
2.110210066443365171e+19 1.914178594134371533e+19 1.722049069190193971e+19 1.551150466826563584e+19 1.397653918892547482e+19 1.260066552163150234e+19 1.136614837477586944e+19 1.025782463479499981e+19 9.276552744612870144e+18 8.417439288255851520e+18 7.664390730037272576e+18
2.110210066443365581e+19 1.914178594134371942e+19 1.722049069190194381e+19 1.551150466826563789e+19 1.397653918892547277e+19 1.260066552163150234e+19 1.136614837477586739e+19 1.025782463479499776e+19 9.276552744612870144e+18 8.417439288255851520e+18 7.664390730037271552e+18
2.110210066443364762e+19 1.914178594134371942e+19 1.722049069190194176e+19 1.551150466826563584e+19 1.397653918892547482e+19 1.260066552163150438e+19 1.136614837477586944e+19 1.025782463479499776e+19 9.276552744612870144e+18 8.417439288255849472e+18 7.664390730037267456e+18
2.110210066443365171e+19 1.914178594134371942e+19 1.722049069190194586e+19 1.551150466826563789e+19 1.397653918892547686e+19 1.260066552163150848e+19 1.136614837477586739e+19 1.025782463479499776e+19 9.276552744612868096e+18 8.417439288255850496e+18 7.664390730037267456e+18
2.110210066443365581e+19 1.914178594134371533e+19 1.722049069190195200e+19 1.551150466826563379e+19 1.397653918892547686e+19 1.260066552163151053e+19 1.136614837477587149e+19 1.025782463479499776e+19 9.276552744612866048e+18 8.417439288255849472e+18 7.664390730037267456e+18
2.110210066443365990e+19 1.914178594134371533e+19 1.722049069190194176e+19 1.551150466826563584e+19 1.397653918892547891e+19 1.260066552163151258e+19 1.136614837477586534e+19 1.025782463479499981e+19 9.276552744612868096e+18 8.417439288255850496e+18 7.664390730037266432e+18
2.110210066443365990e+19 1.914178594134371533e+19 1.722049069190194176e+19 1.551150466826563379e+19 1.397653918892548301e+19 1.260066552163151053e+19 1.136614837477586534e+19 1.025782463479499776e+19 9.276552744612868096e+18 8.417439288255849472e+18 7.664390730037266432e+18
2.110210066443365990e+19 1.914178594134371942e+19 1.722049069190194176e+19 1.551150466826563584e+19 1.397653918892548710e+19 1.260066552163151053e+19 1.136614837477586534e+19 1.025782463479499366e+19 9.276552744612866048e+18 8.417439288255848448e+18 7.664390730037266432e+18
2.110210066443365990e+19 1.914178594134371533e+19 1.722049069190194381e+19 1.551150466826563379e+19 1.397653918892548710e+19 1.260066552163150848e+19 1.136614837477586330e+19 1.025782463479499776e+19 9.276552744612864000e+18 8.417439288255849472e+18 7.664390730037263360e+18
2.110210066443365581e+19 1.914178594134371123e+19 1.722049069190194176e+19 1.551150466826563584e+19 1.397653918892548301e+19 1.260066552163151258e+19 1.136614837477586739e+19 1.025782463479499776e+19 9.276552744612864000e+18 8.417439288255849472e+18 7.664390730037264384e+18
2.110210066443365581e+19 1.914178594134371533e+19 1.722049069190193971e+19 1.551150466826563994e+19 1.397653918892548915e+19 1.260066552163150848e+19 1.136614837477586534e+19 1.025782463479499776e+19 9.276552744612861952e+18 8.417439288255849472e+18 7.664390730037265408e+18
2.110210066443365171e+19 1.914178594134371533e+19 1.722049069190193766e+19 1.551150466826563994e+19 1.397653918892549530e+19 1.260066552163151462e+19 1.136614837477586739e+19 1.025782463479500186e+19 9.276552744612864000e+18 8.417439288255848448e+18 7.664390730037266432e+18
2.110210066443365171e+19 1.914178594134371123e+19 1.722049069190193152e+19 1.551150466826563994e+19 1.397653918892549325e+19 1.260066552163151462e+19 1.136614837477586330e+19 1.025782463479499981e+19 9.276552744612864000e+18 8.417439288255846400e+18 7.664390730037265408e+18
2.110210066443364762e+19 1.914178594134370714e+19 1.722049069190193766e+19 1.551150466826563994e+19 1.397653918892549734e+19 1.260066552163151462e+19 1.136614837477586534e+19 1.025782463479499776e+19 9.276552744612864000e+18 8.417439288255846400e+18 7.664390730037263360e+18
2.110210066443365171e+19 1.914178594134371533e+19 1.722049069190194176e+19 1.551150466826563584e+19 1.397653918892549530e+19 1.260066552163151258e+19 1.136614837477586534e+19 1.025782463479499776e+19 9.276552744612861952e+18 8.417439288255846400e+18 7.664390730037263360e+18
2.110210066443365990e+19 1.914178594134371123e+19 1.722049069190194381e+19 1.551150466826563994e+19 1.397653918892549325e+19 1.260066552163151462e+19 1.136614837477586330e+19 1.025782463479500390e+19 9.276552744612861952e+18 8.417439288255847424e+18 7.664390730037263360e+18
2.110210066443365581e+19 1.914178594134371123e+19 1.722049069190194995e+19 1.551150466826563584e+19 1.397653918892549734e+19 1.260066552163151462e+19 1.136614837477586534e+19 1.025782463479500800e+19 9.276552744612861952e+18 8.417439288255846400e+18 7.664390730037262336e+18
2.110210066443365171e+19 1.914178594134371533e+19 1.722049069190194790e+19 1.551150466826563789e+19 1.397653918892549325e+19 1.260066552163151667e+19 1.136614837477585920e+19 1.025782463479501005e+19 9.276552744612861952e+18 8.417439288255844352e+18 7.664390730037262336e+18
2.110210066443365171e+19 1.914178594134371533e+19 1.722049069190194381e+19 1.551150466826563584e+19 1.397653918892549325e+19 1.260066552163152077e+19 1.136614837477586125e+19 1.025782463479500800e+19 9.276552744612864000e+18 8.417439288255842304e+18 7.664390730037261312e+18
2.110210066443365171e+19 1.914178594134371942e+19 1.722049069190193766e+19 1.551150466826563994e+19 1.397653918892548915e+19 1.260066552163151667e+19 1.136614837477585920e+19 1.025782463479500595e+19 9.276552744612861952e+18 8.417439288255841280e+18 7.664390730037263360e+18
2.110210066443364762e+19 1.914178594134371942e+19 1.722049069190194381e+19 1.551150466826563789e+19 1.397653918892549325e+19 1.260066552163151462e+19 1.136614837477586125e+19 1.025782463479500595e+19 9.276552744612864000e+18 8.417439288255842304e+18 7.664390730037263360e+18
2.110210066443364762e+19 1.914178594134372352e+19 1.722049069190194176e+19 1.551150466826563994e+19 1.397653918892548915e+19 1.260066552163151872e+19 1.136614837477586125e+19 1.025782463479500800e+19 9.276552744612864000e+18 8.417439288255842304e+18 7.664390730037263360e+18
2.110210066443364352e+19 1.914178594134372352e+19 1.722049069190193766e+19 1.551150466826563789e+19 1.397653918892549530e+19 1.260066552163152282e+19 1.136614837477586125e+19 1.025782463479501210e+19 9.276552744612866048e+18 8.417439288255843328e+18 7.664390730037264384e+18
2.110210066443363942e+19 1.914178594134371942e+19 1.722049069190193152e+19 1.551150466826563789e+19 1.397653918892549734e+19 1.260066552163151872e+19 1.136614837477586125e+19 1.025782463479500800e+19 9.276552744612861952e+18 8.417439288255843328e+18 7.664390730037264384e+18
2.110210066443363942e+19 1.914178594134371533e+19 1.722049069190193562e+19 1.551150466826563789e+19 1.397653918892550144e+19 1.260066552163151667e+19 1.136614837477585920e+19 1.025782463479500800e+19 9.276552744612861952e+18 8.417439288255847424e+18 7.664390730037264384e+18
2.110210066443363942e+19 1.914178594134371533e+19 1.722049069190193971e+19 1.551150466826563584e+19 1.397653918892549734e+19 1.260066552163151872e+19 1.136614837477585715e+19 1.025782463479500186e+19 9.276552744612857856e+18 8.417439288255847424e+18 7.664390730037265408e+18
2.110210066443363533e+19 1.914178594134371123e+19 1.722049069190193357e+19 1.551150466826563584e+19 1.397653918892549120e+19 1.260066552163151462e+19 1.136614837477585715e+19 1.025782463479499776e+19 9.276552744612857856e+18 8.417439288255846400e+18 7.664390730037265408e+18
2.110210066443363123e+19 1.914178594134371533e+19 1.722049069190193562e+19 1.551150466826563379e+19 1.397653918892549120e+19 1.260066552163151462e+19 1.136614837477585306e+19 1.025782463479500186e+19 9.276552744612859904e+18 8.417439288255847424e+18 7.664390730037266432e+18
2.110210066443363123e+19 1.914178594134370714e+19 1.722049069190193357e+19 1.551150466826563174e+19 1.397653918892549734e+19 1.260066552163151258e+19 1.136614837477585306e+19 1.025782463479500186e+19 9.276552744612859904e+18 8.417439288255847424e+18 7.664390730037268480e+18
2.110210066443363533e+19 1.914178594134371123e+19 1.722049069190193766e+19 1.551150466826563379e+19 1.397653918892549530e+19 1.260066552163151053e+19 1.136614837477585101e+19 1.025782463479500186e+19 9.276552744612857856e+18 8.417439288255847424e+18 7.664390730037266432e+18
2.110210066443363533e+19 1.914178594134370714e+19 1.722049069190193766e+19 1.551150466826563584e+19 1.397653918892550144e+19 1.260066552163150848e+19 1.136614837477584896e+19 1.025782463479500186e+19 9.276552744612857856e+18 8.417439288255850496e+18 7.664390730037266432e+18
2.110210066443363533e+19 1.914178594134371123e+19 1.722049069190193766e+19 1.551150466826563584e+19 1.397653918892549939e+19 1.260066552163150643e+19 1.136614837477584896e+19 1.025782463479500390e+19 9.276552744612859904e+18 8.417439288255850496e+18 7.664390730037266432e+18
2.110210066443363533e+19 1.914178594134371123e+19 1.722049069190193766e+19 1.551150466826563789e+19 1.397653918892550144e+19 1.260066552163151053e+19 1.136614837477584691e+19 1.025782463479500390e+19 9.276552744612857856e+18 8.417439288255847424e+18 7.664390730037269504e+18
2.110210066443362714e+19 1.914178594134371123e+19 1.722049069190193971e+19 1.551150466826563584e+19 1.397653918892549734e+19 1.260066552163150643e+19 1.136614837477584691e+19 1.025782463479500186e+19 9.276552744612851712e+18 8.417439288255848448e+18 7.664390730037271552e+18
2.110210066443362714e+19 1.914178594134371533e+19 1.722049069190194176e+19 1.551150466826563789e+19 1.397653918892550144e+19 1.260066552163150438e+19 1.136614837477584896e+19 1.025782463479500186e+19 9.276552744612851712e+18 8.417439288255847424e+18 7.664390730037271552e+18
2.110210066443363123e+19 1.914178594134371123e+19 1.722049069190194176e+19 1.551150466826563584e+19 1.397653918892549939e+19 1.260066552163150438e+19 1.136614837477584896e+19 1.025782463479500390e+19 9.276552744612853760e+18 8.417439288255849472e+18 7.664390730037271552e+18
2.110210066443363533e+19 1.914178594134371533e+19 1.722049069190193766e+19 1.551150466826563174e+19 1.397653918892550349e+19 1.260066552163150234e+19 1.136614837477584486e+19 1.025782463479500390e+19 9.276552744612853760e+18 8.417439288255849472e+18 7.664390730037269504e+18
2.110210066443363123e+19 1.914178594134371533e+19 1.722049069190193766e+19 1.551150466826563584e+19 1.397653918892550554e+19 1.260066552163150438e+19 1.136614837477584486e+19 1.025782463479500390e+19 9.276552744612853760e+18 8.417439288255851520e+18 7.664390730037269504e+18
2.110210066443363533e+19 1.914178594134371942e+19 1.722049069190193766e+19 1.551150466826563584e+19 1.397653918892550758e+19 1.260066552163150643e+19 1.136614837477584691e+19 1.025782463479500186e+19 9.276552744612855808e+18 8.417439288255851520e+18 7.664390730037270528e+18
2.110210066443363533e+19 1.914178594134371942e+19 1.722049069190193971e+19 1.551150466826563174e+19 1.397653918892550758e+19 1.260066552163150438e+19 1.136614837477584691e+19 1.025782463479499981e+19 9.276552744612853760e+18 8.417439288255850496e+18 7.664390730037269504e+18
2.110210066443363533e+19 1.914178594134371942e+19 1.722049069190194176e+19 1.551150466826562560e+19 1.397653918892550349e+19 1.260066552163150438e+19 1.136614837477584486e+19 1.025782463479499571e+19 9.276552744612851712e+18 8.417439288255851520e+18 7.664390730037268480e+18
2.110210066443364352e+19 1.914178594134371533e+19 1.722049069190193971e+19 1.551150466826562765e+19 1.397653918892550349e+19 1.260066552163150643e+19 1.136614837477584282e+19 1.025782463479499776e+19 9.276552744612851712e+18 8.417439288255850496e+18 7.664390730037268480e+18
2.110210066443363533e+19 1.914178594134371942e+19 1.722049069190194586e+19 1.551150466826563174e+19 1.397653918892549939e+19 1.260066552163150438e+19 1.136614837477584282e+19 1.025782463479499571e+19 9.276552744612851712e+18 8.417439288255849472e+18 7.664390730037269504e+18
2.110210066443363942e+19 1.914178594134371942e+19 1.722049069190194995e+19 1.551150466826563379e+19 1.397653918892549734e+19 1.260066552163150643e+19 1.136614837477584486e+19 1.025782463479498752e+19 9.276552744612851712e+18 8.417439288255847424e+18 7.664390730037268480e+18
2.110210066443363942e+19 1.914178594134371533e+19 1.722049069190194790e+19 1.551150466826563584e+19 1.397653918892550349e+19 1.260066552163150438e+19 1.136614837477584486e+19 1.025782463479498547e+19 9.276552744612849664e+18 8.417439288255847424e+18 7.664390730037271552e+18
2.110210066443363533e+19 1.914178594134371942e+19 1.722049069190194586e+19 1.551150466826563584e+19 1.397653918892549734e+19 1.260066552163151258e+19 1.136614837477584077e+19 1.025782463479498752e+19 9.276552744612851712e+18 8.417439288255848448e+18 7.664390730037269504e+18
2.110210066443363533e+19 1.914178594134371942e+19 1.722049069190194381e+19 1.551150466826563994e+19 1.397653918892549939e+19 1.260066552163151258e+19 1.136614837477583872e+19 1.025782463479498752e+19 9.276552744612853760e+18 8.417439288255847424e+18 7.664390730037269504e+18
2.110210066443363123e+19 1.914178594134371942e+19 1.722049069190193766e+19 1.551150466826563789e+19 1.397653918892549939e+19 1.260066552163151258e+19 1.136614837477583667e+19 1.025782463479498957e+19 9.276552744612853760e+18 8.417439288255845376e+18 7.664390730037270528e+18
2.110210066443362714e+19 1.914178594134371942e+19 1.722049069190193152e+19 1.551150466826563584e+19 1.397653918892550349e+19 1.260066552163151053e+19 1.136614837477583872e+19 1.025782463479499366e+19 9.276552744612851712e+18 8.417439288255842304e+18 7.664390730037270528e+18
2.110210066443362714e+19 1.914178594134372762e+19 1.722049069190192947e+19 1.551150466826563584e+19 1.397653918892549939e+19 1.260066552163151462e+19 1.136614837477583667e+19 1.025782463479499366e+19 9.276552744612849664e+18 8.417439288255839232e+18 7.664390730037270528e+18
2.110210066443363123e+19 1.914178594134373171e+19 1.722049069190193152e+19 1.551150466826563584e+19 1.397653918892550144e+19 1.260066552163151258e+19 1.136614837477583258e+19 1.025782463479499571e+19 9.276552744612847616e+18 8.417439288255838208e+18 7.664390730037268480e+18
2.110210066443363533e+19 1.914178594134373171e+19 1.722049069190193562e+19 1.551150466826563584e+19 1.397653918892550144e+19 1.260066552163151258e+19 1.136614837477583462e+19 1.025782463479499366e+19 9.276552744612847616e+18 8.417439288255837184e+18 7.664390730037270528e+18
2.110210066443363533e+19 1.914178594134373171e+19 1.722049069190193152e+19 1.551150466826563174e+19 1.397653918892550144e+19 1.260066552163151053e+19 1.136614837477583053e+19 1.025782463479499366e+19 9.276552744612847616e+18 8.417439288255839232e+18 7.664390730037270528e+18
2.110210066443364352e+19 1.914178594134373581e+19 1.722049069190193357e+19 1.551150466826562765e+19 1.397653918892550144e+19 1.260066552163150848e+19 1.136614837477582643e+19 1.025782463479499366e+19 9.276552744612847616e+18 8.417439288255839232e+18 7.664390730037269504e+18
2.110210066443363533e+19 1.914178594134373990e+19 1.722049069190193562e+19 1.551150466826562970e+19 1.397653918892549939e+19 1.260066552163151258e+19 1.136614837477582234e+19 1.025782463479499366e+19 9.276552744612847616e+18 8.417439288255842304e+18 7.664390730037270528e+18
2.110210066443363533e+19 1.914178594134373990e+19 1.722049069190193357e+19 1.551150466826562970e+19 1.397653918892550349e+19 1.260066552163151872e+19 1.136614837477582848e+19 1.025782463479499571e+19 9.276552744612849664e+18 8.417439288255842304e+18 7.664390730037269504e+18
2.110210066443363123e+19 1.914178594134374400e+19 1.722049069190193766e+19 1.551150466826562765e+19 1.397653918892550144e+19 1.260066552163151667e+19 1.136614837477582643e+19 1.025782463479499366e+19 9.276552744612849664e+18 8.417439288255841280e+18 7.664390730037268480e+18
2.110210066443362714e+19 1.914178594134374400e+19 1.722049069190193766e+19 1.551150466826562560e+19 1.397653918892549939e+19 1.260066552163151462e+19 1.136614837477582848e+19 1.025782463479499571e+19 9.276552744612847616e+18 8.417439288255843328e+18 7.664390730037270528e+18
2.110210066443362714e+19 1.914178594134373990e+19 1.722049069190193766e+19 1.551150466826562560e+19 1.397653918892550144e+19 1.260066552163151667e+19 1.136614837477583053e+19 1.025782463479499366e+19 9.276552744612847616e+18 8.417439288255845376e+18 7.664390730037268480e+18
2.110210066443363942e+19 1.914178594134373990e+19 1.722049069190194381e+19 1.551150466826562765e+19 1.397653918892550144e+19 1.260066552163151667e+19 1.136614837477582643e+19 1.025782463479499366e+19 9.276552744612845568e+18 8.417439288255844352e+18 7.664390730037268480e+18
2.110210066443363533e+19 1.914178594134374810e+19 1.722049069190194176e+19 1.551150466826562355e+19 1.397653918892550554e+19 1.260066552163151667e+19 1.136614837477582438e+19 1.025782463479499162e+19 9.276552744612847616e+18 8.417439288255845376e+18 7.664390730037269504e+18
2.110210066443363123e+19 1.914178594134374400e+19 1.722049069190193766e+19 1.551150466826562765e+19 1.397653918892550554e+19 1.260066552163151667e+19 1.136614837477582643e+19 1.025782463479498957e+19 9.276552744612845568e+18 8.417439288255844352e+18 7.664390730037269504e+18
2.110210066443362714e+19 1.914178594134373990e+19 1.722049069190193971e+19 1.551150466826562355e+19 1.397653918892550554e+19 1.260066552163151258e+19 1.136614837477582643e+19 1.025782463479499162e+19 9.276552744612847616e+18 8.417439288255845376e+18 7.664390730037269504e+18
2.110210066443362304e+19 1.914178594134373990e+19 1.722049069190194176e+19 1.551150466826562355e+19 1.397653918892550554e+19 1.260066552163151053e+19 1.136614837477582438e+19 1.025782463479499162e+19 9.276552744612845568e+18 8.417439288255846400e+18 7.664390730037272576e+18
2.110210066443362714e+19 1.914178594134373990e+19 1.722049069190193971e+19 1.551150466826562560e+19 1.397653918892550554e+19 1.260066552163151667e+19 1.136614837477582643e+19 1.025782463479499571e+19 9.276552744612845568e+18 8.417439288255847424e+18 7.664390730037273600e+18
2.110210066443363123e+19 1.914178594134373990e+19 1.722049069190193766e+19 1.551150466826562355e+19 1.397653918892550144e+19 1.260066552163151462e+19 1.136614837477582643e+19 1.025782463479499571e+19 9.276552744612847616e+18 8.417439288255846400e+18 7.664390730037273600e+18
2.110210066443363123e+19 1.914178594134373581e+19 1.722049069190193971e+19 1.551150466826562560e+19 1.397653918892550554e+19 1.260066552163151462e+19 1.136614837477582848e+19 1.025782463479499776e+19 9.276552744612845568e+18 8.417439288255845376e+18 7.664390730037271552e+18
2.110210066443363942e+19 1.914178594134373581e+19 1.722049069190193971e+19 1.551150466826562150e+19 1.397653918892550554e+19 1.260066552163151462e+19 1.136614837477582438e+19 1.025782463479499776e+19 9.276552744612845568e+18 8.417439288255847424e+18 7.664390730037271552e+18
2.110210066443363942e+19 1.914178594134372762e+19 1.722049069190193766e+19 1.551150466826562150e+19 1.397653918892550554e+19 1.260066552163151053e+19 1.136614837477582848e+19 1.025782463479499776e+19 9.276552744612843520e+18 8.417439288255848448e+18 7.664390730037270528e+18
2.110210066443364762e+19 1.914178594134373581e+19 1.722049069190194176e+19 1.551150466826562150e+19 1.397653918892550554e+19 1.260066552163151667e+19 1.136614837477582438e+19 1.025782463479499162e+19 9.276552744612845568e+18 8.417439288255846400e+18 7.664390730037268480e+18
2.110210066443364352e+19 1.914178594134373581e+19 1.722049069190194790e+19 1.551150466826561946e+19 1.397653918892550349e+19 1.260066552163151462e+19 1.136614837477583053e+19 1.025782463479499366e+19 9.276552744612845568e+18 8.417439288255847424e+18 7.664390730037267456e+18
2.110210066443363942e+19 1.914178594134373581e+19 1.722049069190193971e+19 1.551150466826561946e+19 1.397653918892550144e+19 1.260066552163151258e+19 1.136614837477583053e+19 1.025782463479499366e+19 9.276552744612843520e+18 8.417439288255850496e+18 7.664390730037269504e+18
2.110210066443363942e+19 1.914178594134373581e+19 1.722049069190193766e+19 1.551150466826561741e+19 1.397653918892549939e+19 1.260066552163151667e+19 1.136614837477583053e+19 1.025782463479499776e+19 9.276552744612845568e+18 8.417439288255848448e+18 7.664390730037268480e+18
2.110210066443363533e+19 1.914178594134372762e+19 1.722049069190193971e+19 1.551150466826561536e+19 1.397653918892549939e+19 1.260066552163151258e+19 1.136614837477583053e+19 1.025782463479499366e+19 9.276552744612845568e+18 8.417439288255848448e+18 7.664390730037268480e+18
2.110210066443363533e+19 1.914178594134373171e+19 1.722049069190194586e+19 1.551150466826561331e+19 1.397653918892549939e+19 1.260066552163151258e+19 1.136614837477582848e+19 1.025782463479499981e+19 9.276552744612845568e+18 8.417439288255849472e+18 7.664390730037270528e+18
2.110210066443363942e+19 1.914178594134372762e+19 1.722049069190193971e+19 1.551150466826561126e+19 1.397653918892549939e+19 1.260066552163151462e+19 1.136614837477583053e+19 1.025782463479500186e+19 9.276552744612847616e+18 8.417439288255851520e+18 7.664390730037272576e+18
2.110210066443363533e+19 1.914178594134372762e+19 1.722049069190194790e+19 1.551150466826561126e+19 1.397653918892550144e+19 1.260066552163151667e+19 1.136614837477582848e+19 1.025782463479500390e+19 9.276552744612847616e+18 8.417439288255850496e+18 7.664390730037270528e+18
2.110210066443363533e+19 1.914178594134372762e+19 1.722049069190194790e+19 1.551150466826561331e+19 1.397653918892550349e+19 1.260066552163151462e+19 1.136614837477582643e+19 1.025782463479500186e+19 9.276552744612843520e+18 8.417439288255849472e+18 7.664390730037269504e+18
2.110210066443363533e+19 1.914178594134372762e+19 1.722049069190195405e+19 1.551150466826561331e+19 1.397653918892550758e+19 1.260066552163151258e+19 1.136614837477582643e+19 1.025782463479499981e+19 9.276552744612843520e+18 8.417439288255848448e+18 7.664390730037270528e+18
2.110210066443363533e+19 1.914178594134372352e+19 1.722049069190196224e+19 1.551150466826561536e+19 1.397653918892550349e+19 1.260066552163151258e+19 1.136614837477582234e+19 1.025782463479500186e+19 9.276552744612841472e+18 8.417439288255851520e+18 7.664390730037271552e+18
2.110210066443363942e+19 1.914178594134372352e+19 1.722049069190194995e+19 1.551150466826561536e+19 1.397653918892550144e+19 1.260066552163150643e+19 1.136614837477582643e+19 1.025782463479500800e+19 9.276552744612845568e+18 8.417439288255850496e+18 7.664390730037269504e+18
2.110210066443363942e+19 1.914178594134372762e+19 1.722049069190195200e+19 1.551150466826561536e+19 1.397653918892550144e+19 1.260066552163150643e+19 1.136614837477582643e+19 1.025782463479500800e+19 9.276552744612843520e+18 8.417439288255851520e+18 7.664390730037268480e+18
2.110210066443363942e+19 1.914178594134373171e+19 1.722049069190195200e+19 1.551150466826561331e+19 1.397653918892549734e+19 1.260066552163150234e+19 1.136614837477582643e+19 1.025782463479500595e+19 9.276552744612845568e+18 8.417439288255850496e+18 7.664390730037270528e+18
2.110210066443363942e+19 1.914178594134373171e+19 1.722049069190195200e+19 1.551150466826561536e+19 1.397653918892549734e+19 1.260066552163150848e+19 1.136614837477582438e+19 1.025782463479500595e+19 9.276552744612841472e+18 8.417439288255847424e+18 7.664390730037268480e+18
2.110210066443364762e+19 1.914178594134372762e+19 1.722049069190194790e+19 1.551150466826561741e+19 1.397653918892549530e+19 1.260066552163151258e+19 1.136614837477582643e+19 1.025782463479501005e+19 9.276552744612841472e+18 8.417439288255850496e+18 7.664390730037271552e+18
2.110210066443364352e+19 1.914178594134372762e+19 1.722049069190194995e+19 1.551150466826561536e+19 1.397653918892549120e+19 1.260066552163151667e+19 1.136614837477582234e+19 1.025782463479501210e+19 9.276552744612841472e+18 8.417439288255849472e+18 7.664390730037271552e+18
2.110210066443364762e+19 1.914178594134373171e+19 1.722049069190194995e+19 1.551150466826561536e+19 1.397653918892548710e+19 1.260066552163152077e+19 1.136614837477582438e+19 1.025782463479501005e+19 9.276552744612841472e+18 8.417439288255846400e+18 7.664390730037269504e+18
2.110210066443364352e+19 1.914178594134373171e+19 1.722049069190195405e+19 1.551150466826561741e+19 1.397653918892548301e+19 1.260066552163152077e+19 1.136614837477582438e+19 1.025782463479500800e+19 9.276552744612843520e+18 8.417439288255846400e+18 7.664390730037268480e+18
2.110210066443364762e+19 1.914178594134372762e+19 1.722049069190195200e+19 1.551150466826561946e+19 1.397653918892548301e+19 1.260066552163151872e+19 1.136614837477582643e+19 1.025782463479501005e+19 9.276552744612843520e+18 8.417439288255844352e+18 7.664390730037268480e+18
2.110210066443364352e+19 1.914178594134372762e+19 1.722049069190195405e+19 1.551150466826561741e+19 1.397653918892548301e+19 1.260066552163151872e+19 1.136614837477582643e+19 1.025782463479501619e+19 9.276552744612841472e+18 8.417439288255843328e+18 7.664390730037266432e+18
2.110210066443364352e+19 1.914178594134373171e+19 1.722049069190195610e+19 1.551150466826561946e+19 1.397653918892548301e+19 1.260066552163151667e+19 1.136614837477582643e+19 1.025782463479501414e+19 9.276552744612843520e+18 8.417439288255843328e+18 7.664390730037267456e+18
2.110210066443363942e+19 1.914178594134372762e+19 1.722049069190195200e+19 1.551150466826561946e+19 1.397653918892548915e+19 1.260066552163152077e+19 1.136614837477582438e+19 1.025782463479501619e+19 9.276552744612845568e+18 8.417439288255843328e+18 7.664390730037268480e+18
2.110210066443363533e+19 1.914178594134373171e+19 1.722049069190195405e+19 1.551150466826562150e+19 1.397653918892548710e+19 1.260066552163152282e+19 1.136614837477582848e+19 1.025782463479501824e+19 9.276552744612845568e+18 8.417439288255843328e+18 7.664390730037270528e+18
2.110210066443363942e+19 1.914178594134373171e+19 1.722049069190195610e+19 1.551150466826562355e+19 1.397653918892548506e+19 1.260066552163152282e+19 1.136614837477582643e+19 1.025782463479502234e+19 9.276552744612849664e+18 8.417439288255843328e+18 7.664390730037270528e+18
2.110210066443363942e+19 1.914178594134372762e+19 1.722049069190196224e+19 1.551150466826561946e+19 1.397653918892548710e+19 1.260066552163152282e+19 1.136614837477582438e+19 1.025782463479502029e+19 9.276552744612849664e+18 8.417439288255842304e+18 7.664390730037271552e+18
2.110210066443364352e+19 1.914178594134372352e+19 1.722049069190195814e+19 1.551150466826561946e+19 1.397653918892548506e+19 1.260066552163152282e+19 1.136614837477582438e+19 1.025782463479502029e+19 9.276552744612849664e+18 8.417439288255842304e+18 7.664390730037271552e+18
2.110210066443363942e+19 1.914178594134372762e+19 1.722049069190195200e+19 1.551150466826562150e+19 1.397653918892548710e+19 1.260066552163152486e+19 1.136614837477582234e+19 1.025782463479502234e+19 9.276552744612847616e+18 8.417439288255842304e+18 7.664390730037271552e+18
2.110210066443363942e+19 1.914178594134372762e+19 1.722049069190194790e+19 1.551150466826562355e+19 1.397653918892548710e+19 1.260066552163152486e+19 1.136614837477581619e+19 1.025782463479502234e+19 9.276552744612849664e+18 8.417439288255842304e+18 7.664390730037272576e+18
2.110210066443363123e+19 1.914178594134372762e+19 1.722049069190194790e+19 1.551150466826562355e+19 1.397653918892548506e+19 1.260066552163151872e+19 1.136614837477582234e+19 1.025782463479502438e+19 9.276552744612847616e+18 8.417439288255842304e+18 7.664390730037272576e+18
2.110210066443363123e+19 1.914178594134372352e+19 1.722049069190194381e+19 1.551150466826562150e+19 1.397653918892548710e+19 1.260066552163151872e+19 1.136614837477582438e+19 1.025782463479502234e+19 9.276552744612847616e+18 8.417439288255840256e+18 7.664390730037272576e+18
2.110210066443362714e+19 1.914178594134372352e+19 1.722049069190195200e+19 1.551150466826562355e+19 1.397653918892548710e+19 1.260066552163151872e+19 1.136614837477582643e+19 1.025782463479501824e+19 9.276552744612847616e+18 8.417439288255843328e+18 7.664390730037273600e+18
2.110210066443362714e+19 1.914178594134372762e+19 1.722049069190195200e+19 1.551150466826562355e+19 1.397653918892548506e+19 1.260066552163151258e+19 1.136614837477582643e+19 1.025782463479502029e+19 9.276552744612847616e+18 8.417439288255840256e+18 7.664390730037272576e+18
2.110210066443362304e+19 1.914178594134373171e+19 1.722049069190194995e+19 1.551150466826562150e+19 1.397653918892548301e+19 1.260066552163150848e+19 1.136614837477582848e+19 1.025782463479501824e+19 9.276552744612847616e+18 8.417439288255844352e+18 7.664390730037271552e+18
2.110210066443361894e+19 1.914178594134373581e+19 1.722049069190194995e+19 1.551150466826562355e+19 1.397653918892548915e+19 1.260066552163151053e+19 1.136614837477582848e+19 1.025782463479501619e+19 9.276552744612847616e+18 8.417439288255843328e+18 7.664390730037271552e+18
2.110210066443361894e+19 1.914178594134373581e+19 1.722049069190194790e+19 1.551150466826562355e+19 1.397653918892548710e+19 1.260066552163151053e+19 1.136614837477582643e+19 1.025782463479501619e+19 9.276552744612849664e+18 8.417439288255844352e+18 7.664390730037268480e+18
2.110210066443361894e+19 1.914178594134373581e+19 1.722049069190194995e+19 1.551150466826562355e+19 1.397653918892548301e+19 1.260066552163151053e+19 1.136614837477582848e+19 1.025782463479501414e+19 9.276552744612849664e+18 8.417439288255844352e+18 7.664390730037268480e+18
2.110210066443361894e+19 1.914178594134373581e+19 1.722049069190194995e+19 1.551150466826561946e+19 1.397653918892548301e+19 1.260066552163151258e+19 1.136614837477582643e+19 1.025782463479501414e+19 9.276552744612847616e+18 8.417439288255847424e+18 7.664390730037267456e+18
2.110210066443361485e+19 1.914178594134373581e+19 1.722049069190195610e+19 1.551150466826562150e+19 1.397653918892548096e+19 1.260066552163151053e+19 1.136614837477583053e+19 1.025782463479501824e+19 9.276552744612845568e+18 8.417439288255847424e+18 7.664390730037269504e+18
2.110210066443361485e+19 1.914178594134373171e+19 1.722049069190196224e+19 1.551150466826562150e+19 1.397653918892548096e+19 1.260066552163150848e+19 1.136614837477583053e+19 1.025782463479501210e+19 9.276552744612847616e+18 8.417439288255846400e+18 7.664390730037269504e+18
2.110210066443361894e+19 1.914178594134372762e+19 1.722049069190196019e+19 1.551150466826561741e+19 1.397653918892548301e+19 1.260066552163151258e+19 1.136614837477582643e+19 1.025782463479501005e+19 9.276552744612845568e+18 8.417439288255846400e+18 7.664390730037272576e+18
2.110210066443362304e+19 1.914178594134372762e+19 1.722049069190196429e+19 1.551150466826561741e+19 1.397653918892547891e+19 1.260066552163151258e+19 1.136614837477583053e+19 1.025782463479501210e+19 9.276552744612845568e+18 8.417439288255847424e+18 7.664390730037273600e+18
2.110210066443362304e+19 1.914178594134372762e+19 1.722049069190195610e+19 1.551150466826561946e+19 1.397653918892548301e+19 1.260066552163151258e+19 1.136614837477582848e+19 1.025782463479501414e+19 9.276552744612843520e+18 8.417439288255848448e+18 7.664390730037274624e+18
2.110210066443362304e+19 1.914178594134372352e+19 1.722049069190196224e+19 1.551150466826562150e+19 1.397653918892548301e+19 1.260066552163151053e+19 1.136614837477582848e+19 1.025782463479500800e+19 9.276552744612843520e+18 8.417439288255847424e+18 7.664390730037272576e+18
2.110210066443362304e+19 1.914178594134372352e+19 1.722049069190196019e+19 1.551150466826562560e+19 1.397653918892547891e+19 1.260066552163150848e+19 1.136614837477582643e+19 1.025782463479500800e+19 9.276552744612845568e+18 8.417439288255846400e+18 7.664390730037273600e+18
2.110210066443361894e+19 1.914178594134372352e+19 1.722049069190195610e+19 1.551150466826562150e+19 1.397653918892547686e+19 1.260066552163151053e+19 1.136614837477582438e+19 1.025782463479501005e+19 9.276552744612843520e+18 8.417439288255848448e+18 7.664390730037278720e+18
2.110210066443361485e+19 1.914178594134372762e+19 1.722049069190194995e+19 1.551150466826562355e+19 1.397653918892547277e+19 1.260066552163150234e+19 1.136614837477582438e+19 1.025782463479501414e+19 9.276552744612845568e+18 8.417439288255847424e+18 7.664390730037277696e+18
2.110210066443361485e+19 1.914178594134372352e+19 1.722049069190194586e+19 1.551150466826562150e+19 1.397653918892547482e+19 1.260066552163150438e+19 1.136614837477582643e+19 1.025782463479501619e+19 9.276552744612845568e+18 8.417439288255845376e+18 7.664390730037276672e+18
2.110210066443361485e+19 1.914178594134372352e+19 1.722049069190194790e+19 1.551150466826562355e+19 1.397653918892547482e+19 1.260066552163149824e+19 1.136614837477582643e+19 1.025782463479501619e+19 9.276552744612843520e+18 8.417439288255847424e+18 7.664390730037277696e+18
2.110210066443361485e+19 1.914178594134372352e+19 1.722049069190194586e+19 1.551150466826562150e+19 1.397653918892547686e+19 1.260066552163149824e+19 1.136614837477582438e+19 1.025782463479501414e+19 9.276552744612845568e+18 8.417439288255847424e+18 7.664390730037277696e+18
2.110210066443361894e+19 1.914178594134372352e+19 1.722049069190194790e+19 1.551150466826562150e+19 1.397653918892547482e+19 1.260066552163150234e+19 1.136614837477582848e+19 1.025782463479501414e+19 9.276552744612845568e+18 8.417439288255844352e+18 7.664390730037275648e+18
2.110210066443361894e+19 1.914178594134371942e+19 1.722049069190194995e+19 1.551150466826562150e+19 1.397653918892547686e+19 1.260066552163150438e+19 1.136614837477582848e+19 1.025782463479501210e+19 9.276552744612843520e+18 8.417439288255843328e+18 7.664390730037275648e+18
2.110210066443362304e+19 1.914178594134372352e+19 1.722049069190194995e+19 1.551150466826561946e+19 1.397653918892548096e+19 1.260066552163150234e+19 1.136614837477582848e+19 1.025782463479501005e+19 9.276552744612845568e+18 8.417439288255844352e+18 7.664390730037276672e+18
2.110210066443361894e+19 1.914178594134371942e+19 1.722049069190194586e+19 1.551150466826561946e+19 1.397653918892548506e+19 1.260066552163150234e+19 1.136614837477582848e+19 1.025782463479501414e+19 9.276552744612845568e+18 8.417439288255845376e+18 7.664390730037276672e+18
2.110210066443361485e+19 1.914178594134371533e+19 1.722049069190194995e+19 1.551150466826562355e+19 1.397653918892549120e+19 1.260066552163150438e+19 1.136614837477583258e+19 1.025782463479501210e+19 9.276552744612843520e+18 8.417439288255847424e+18 7.664390730037276672e+18
2.110210066443361485e+19 1.914178594134371123e+19 1.722049069190194995e+19 1.551150466826561741e+19 1.397653918892548710e+19 1.260066552163150438e+19 1.136614837477582848e+19 1.025782463479501619e+19 9.276552744612845568e+18 8.417439288255844352e+18 7.664390730037274624e+18
2.110210066443361894e+19 1.914178594134370714e+19 1.722049069190195200e+19 1.551150466826561536e+19 1.397653918892548710e+19 1.260066552163150234e+19 1.136614837477582848e+19 1.025782463479501619e+19 9.276552744612845568e+18 8.417439288255844352e+18 7.664390730037277696e+18
2.110210066443361485e+19 1.914178594134371533e+19 1.722049069190195405e+19 1.551150466826561536e+19 1.397653918892548710e+19 1.260066552163150438e+19 1.136614837477582643e+19 1.025782463479501619e+19 9.276552744612847616e+18 8.417439288255843328e+18 7.664390730037278720e+18
2.110210066443361485e+19 1.914178594134371942e+19 1.722049069190196019e+19 1.551150466826561331e+19 1.397653918892548710e+19 1.260066552163150438e+19 1.136614837477582643e+19 1.025782463479501414e+19 9.276552744612845568e+18 8.417439288255843328e+18 7.664390730037279744e+18
2.110210066443361075e+19 1.914178594134371533e+19 1.722049069190196019e+19 1.551150466826561331e+19 1.397653918892548506e+19 1.260066552163150438e+19 1.136614837477582848e+19 1.025782463479501210e+19 9.276552744612847616e+18 8.417439288255844352e+18 7.664390730037279744e+18
2.110210066443361485e+19 1.914178594134371942e+19 1.722049069190196019e+19 1.551150466826561536e+19 1.397653918892548096e+19 1.260066552163150234e+19 1.136614837477582643e+19 1.025782463479501210e+19 9.276552744612845568e+18 8.417439288255842304e+18 7.664390730037280768e+18
2.110210066443361485e+19 1.914178594134371942e+19 1.722049069190196224e+19 1.551150466826561536e+19 1.397653918892548096e+19 1.260066552163150234e+19 1.136614837477582438e+19 1.025782463479501619e+19 9.276552744612849664e+18 8.417439288255843328e+18 7.664390730037282816e+18
2.110210066443361894e+19 1.914178594134371533e+19 1.722049069190196019e+19 1.551150466826561741e+19 1.397653918892548710e+19 1.260066552163150643e+19 1.136614837477582848e+19 1.025782463479501824e+19 9.276552744612847616e+18 8.417439288255844352e+18 7.664390730037283840e+18
2.110210066443361485e+19 1.914178594134371533e+19 1.722049069190196019e+19 1.551150466826561741e+19 1.397653918892548506e+19 1.260066552163150848e+19 1.136614837477582848e+19 1.025782463479502643e+19 9.276552744612847616e+18 8.417439288255845376e+18 7.664390730037283840e+18
2.110210066443361894e+19 1.914178594134371533e+19 1.722049069190195610e+19 1.551150466826561946e+19 1.397653918892548710e+19 1.260066552163151053e+19 1.136614837477583258e+19 1.025782463479502643e+19 9.276552744612845568e+18 8.417439288255847424e+18 7.664390730037282816e+18
2.110210066443362304e+19 1.914178594134371123e+19 1.722049069190196019e+19 1.551150466826561741e+19 1.397653918892548915e+19 1.260066552163150848e+19 1.136614837477583258e+19 1.025782463479502848e+19 9.276552744612847616e+18 8.417439288255848448e+18 7.664390730037285888e+18
2.110210066443362304e+19 1.914178594134370714e+19 1.722049069190195814e+19 1.551150466826561741e+19 1.397653918892548710e+19 1.260066552163150234e+19 1.136614837477583258e+19 1.025782463479502643e+19 9.276552744612847616e+18 8.417439288255851520e+18 7.664390730037284864e+18
2.110210066443361485e+19 1.914178594134370714e+19 1.722049069190195405e+19 1.551150466826561946e+19 1.397653918892548506e+19 1.260066552163150234e+19 1.136614837477582643e+19 1.025782463479502234e+19 9.276552744612847616e+18 8.417439288255852544e+18 7.664390730037283840e+18
2.110210066443361485e+19 1.914178594134370714e+19 1.722049069190195405e+19 1.551150466826562355e+19 1.397653918892548710e+19 1.260066552163150848e+19 1.136614837477582643e+19 1.025782463479502643e+19 9.276552744612849664e+18 8.417439288255850496e+18 7.664390730037286912e+18
2.110210066443361485e+19 1.914178594134371123e+19 1.722049069190194995e+19 1.551150466826562765e+19 1.397653918892548710e+19 1.260066552163151462e+19 1.136614837477582643e+19 1.025782463479502643e+19 9.276552744612851712e+18 8.417439288255850496e+18 7.664390730037287936e+18
2.110210066443361075e+19 1.914178594134371533e+19 1.722049069190194790e+19 1.551150466826562970e+19 1.397653918892549325e+19 1.260066552163151667e+19 1.136614837477582848e+19 1.025782463479502438e+19 9.276552744612849664e+18 8.417439288255849472e+18 7.664390730037288960e+18
2.110210066443361485e+19 1.914178594134371533e+19 1.722049069190194790e+19 1.551150466826563174e+19 1.397653918892549939e+19 1.260066552163151667e+19 1.136614837477582848e+19 1.025782463479502643e+19 9.276552744612847616e+18 8.417439288255849472e+18 7.664390730037287936e+18
2.110210066443360666e+19 1.914178594134371533e+19 1.722049069190194586e+19 1.551150466826562970e+19 1.397653918892550349e+19 1.260066552163152077e+19 1.136614837477583258e+19 1.025782463479502438e+19 9.276552744612847616e+18 8.417439288255851520e+18 7.664390730037286912e+18
2.110210066443360256e+19 1.914178594134371123e+19 1.722049069190194381e+19 1.551150466826562970e+19 1.397653918892550144e+19 1.260066552163151872e+19 1.136614837477583462e+19 1.025782463479502234e+19 9.276552744612845568e+18 8.417439288255851520e+18 7.664390730037285888e+18
2.110210066443360666e+19 1.914178594134371123e+19 1.722049069190194381e+19 1.551150466826563174e+19 1.397653918892550349e+19 1.260066552163151872e+19 1.136614837477583462e+19 1.025782463479502438e+19 9.276552744612847616e+18 8.417439288255853568e+18 7.664390730037285888e+18
2.110210066443360666e+19 1.914178594134371533e+19 1.722049069190194586e+19 1.551150466826563174e+19 1.397653918892550144e+19 1.260066552163150848e+19 1.136614837477583667e+19 1.025782463479502234e+19 9.276552744612845568e+18 8.417439288255854592e+18 7.664390730037287936e+18
2.110210066443360256e+19 1.914178594134371123e+19 1.722049069190194381e+19 1.551150466826562765e+19 1.397653918892549939e+19 1.260066552163150438e+19 1.136614837477583667e+19 1.025782463479502234e+19 9.276552744612843520e+18 8.417439288255855616e+18 7.664390730037285888e+18
2.110210066443360256e+19 1.914178594134370714e+19 1.722049069190195200e+19 1.551150466826562765e+19 1.397653918892549734e+19 1.260066552163150029e+19 1.136614837477583872e+19 1.025782463479502234e+19 9.276552744612843520e+18 8.417439288255857664e+18 7.664390730037284864e+18
2.110210066443359846e+19 1.914178594134370714e+19 1.722049069190194790e+19 1.551150466826562970e+19 1.397653918892549530e+19 1.260066552163149824e+19 1.136614837477583667e+19 1.025782463479502029e+19 9.276552744612843520e+18 8.417439288255856640e+18 7.664390730037283840e+18
2.110210066443360666e+19 1.914178594134370304e+19 1.722049069190194995e+19 1.551150466826563174e+19 1.397653918892549120e+19 1.260066552163150643e+19 1.136614837477584077e+19 1.025782463479502643e+19 9.276552744612843520e+18 8.417439288255854592e+18 7.664390730037282816e+18
2.110210066443360256e+19 1.914178594134369894e+19 1.722049069190195814e+19 1.551150466826562970e+19 1.397653918892549120e+19 1.260066552163150234e+19 1.136614837477583258e+19 1.025782463479502438e+19 9.276552744612841472e+18 8.417439288255855616e+18 7.664390730037283840e+18
2.110210066443360666e+19 1.914178594134370304e+19 1.722049069190195610e+19 1.551150466826563174e+19 1.397653918892548710e+19 1.260066552163150029e+19 1.136614837477583462e+19 1.025782463479502643e+19 9.276552744612837376e+18 8.417439288255854592e+18 7.664390730037284864e+18
2.110210066443360666e+19 1.914178594134370304e+19 1.722049069190195200e+19 1.551150466826563584e+19 1.397653918892548710e+19 1.260066552163150438e+19 1.136614837477583872e+19 1.025782463479503053e+19 9.276552744612837376e+18 8.417439288255854592e+18 7.664390730037286912e+18
2.110210066443360666e+19 1.914178594134369894e+19 1.722049069190194790e+19 1.551150466826563584e+19 1.397653918892548915e+19 1.260066552163151053e+19 1.136614837477583667e+19 1.025782463479503258e+19 9.276552744612839424e+18 8.417439288255854592e+18 7.664390730037285888e+18
2.110210066443360666e+19 1.914178594134370714e+19 1.722049069190195200e+19 1.551150466826563789e+19 1.397653918892548301e+19 1.260066552163151258e+19 1.136614837477583667e+19 1.025782463479502848e+19 9.276552744612843520e+18 8.417439288255853568e+18 7.664390730037287936e+18
2.110210066443360666e+19 1.914178594134370714e+19 1.722049069190195610e+19 1.551150466826563789e+19 1.397653918892548096e+19 1.260066552163151462e+19 1.136614837477583462e+19 1.025782463479503258e+19 9.276552744612843520e+18 8.417439288255852544e+18 7.664390730037288960e+18
2.110210066443360256e+19 1.914178594134370714e+19 1.722049069190196019e+19 1.551150466826563789e+19 1.397653918892548096e+19 1.260066552163151462e+19 1.136614837477583462e+19 1.025782463479503667e+19 9.276552744612841472e+18 8.417439288255855616e+18 7.664390730037288960e+18
2.110210066443359846e+19 1.914178594134371123e+19 1.722049069190195200e+19 1.551150466826563584e+19 1.397653918892547891e+19 1.260066552163151872e+19 1.136614837477583258e+19 1.025782463479503462e+19 9.276552744612841472e+18 8.417439288255855616e+18 7.664390730037292032e+18
2.110210066443359437e+19 1.914178594134371123e+19 1.722049069190195200e+19 1.551150466826563379e+19 1.397653918892548096e+19 1.260066552163151462e+19 1.136614837477583462e+19 1.025782463479503053e+19 9.276552744612837376e+18 8.417439288255855616e+18 7.664390730037292032e+18
2.110210066443359027e+19 1.914178594134371123e+19 1.722049069190195405e+19 1.551150466826562970e+19 1.397653918892548096e+19 1.260066552163151258e+19 1.136614837477583462e+19 1.025782463479503258e+19 9.276552744612837376e+18 8.417439288255857664e+18 7.664390730037293056e+18
2.110210066443359027e+19 1.914178594134371123e+19 1.722049069190194995e+19 1.551150466826563174e+19 1.397653918892548506e+19 1.260066552163151053e+19 1.136614837477583667e+19 1.025782463479503053e+19 9.276552744612835328e+18 8.417439288255855616e+18 7.664390730037293056e+18
2.110210066443359027e+19 1.914178594134371123e+19 1.722049069190194790e+19 1.551150466826562970e+19 1.397653918892548301e+19 1.260066552163151462e+19 1.136614837477584282e+19 1.025782463479502643e+19 9.276552744612837376e+18 8.417439288255854592e+18 7.664390730037295104e+18
2.110210066443359027e+19 1.914178594134371123e+19 1.722049069190194176e+19 1.551150466826563174e+19 1.397653918892547891e+19 1.260066552163151872e+19 1.136614837477584077e+19 1.025782463479502643e+19 9.276552744612837376e+18 8.417439288255856640e+18 7.664390730037297152e+18
2.110210066443359437e+19 1.914178594134371123e+19 1.722049069190194176e+19 1.551150466826563174e+19 1.397653918892548710e+19 1.260066552163151462e+19 1.136614837477584077e+19 1.025782463479503053e+19 9.276552744612837376e+18 8.417439288255854592e+18 7.664390730037296128e+18
2.110210066443359027e+19 1.914178594134371123e+19 1.722049069190194176e+19 1.551150466826563174e+19 1.397653918892548710e+19 1.260066552163151462e+19 1.136614837477584282e+19 1.025782463479502848e+19 9.276552744612837376e+18 8.417439288255853568e+18 7.664390730037295104e+18
2.110210066443359027e+19 1.914178594134371123e+19 1.722049069190193971e+19 1.551150466826562970e+19 1.397653918892549530e+19 1.260066552163150848e+19 1.136614837477583872e+19 1.025782463479503053e+19 9.276552744612835328e+18 8.417439288255853568e+18 7.664390730037297152e+18
2.110210066443359437e+19 1.914178594134370714e+19 1.722049069190193766e+19 1.551150466826562970e+19 1.397653918892549120e+19 1.260066552163150848e+19 1.136614837477583872e+19 1.025782463479503053e+19 9.276552744612835328e+18 8.417439288255853568e+18 7.664390730037294080e+18
2.110210066443359027e+19 1.914178594134370304e+19 1.722049069190194176e+19 1.551150466826562560e+19 1.397653918892548915e+19 1.260066552163150848e+19 1.136614837477583872e+19 1.025782463479502643e+19 9.276552744612833280e+18 8.417439288255852544e+18 7.664390730037295104e+18
2.110210066443359027e+19 1.914178594134370714e+19 1.722049069190194586e+19 1.551150466826562560e+19 1.397653918892548915e+19 1.260066552163150848e+19 1.136614837477584486e+19 1.025782463479503053e+19 9.276552744612833280e+18 8.417439288255852544e+18 7.664390730037296128e+18
2.110210066443359027e+19 1.914178594134371123e+19 1.722049069190193971e+19 1.551150466826562765e+19 1.397653918892549530e+19 1.260066552163150643e+19 1.136614837477584896e+19 1.025782463479503053e+19 9.276552744612829184e+18 8.417439288255853568e+18 7.664390730037295104e+18
2.110210066443358618e+19 1.914178594134371123e+19 1.722049069190193562e+19 1.551150466826563174e+19 1.397653918892549325e+19 1.260066552163150438e+19 1.136614837477584486e+19 1.025782463479503462e+19 9.276552744612827136e+18 8.417439288255853568e+18 7.664390730037294080e+18
2.110210066443359437e+19 1.914178594134371533e+19 1.722049069190193766e+19 1.551150466826562970e+19 1.397653918892549325e+19 1.260066552163150029e+19 1.136614837477584486e+19 1.025782463479503872e+19 9.276552744612825088e+18 8.417439288255854592e+18 7.664390730037296128e+18
2.110210066443359846e+19 1.914178594134371533e+19 1.722049069190193152e+19 1.551150466826562765e+19 1.397653918892548710e+19 1.260066552163150234e+19 1.136614837477584282e+19 1.025782463479504282e+19 9.276552744612825088e+18 8.417439288255856640e+18 7.664390730037297152e+18
2.110210066443360256e+19 1.914178594134371533e+19 1.722049069190193562e+19 1.551150466826562560e+19 1.397653918892548915e+19 1.260066552163150234e+19 1.136614837477584282e+19 1.025782463479504077e+19 9.276552744612823040e+18 8.417439288255858688e+18 7.664390730037298176e+18
2.110210066443360256e+19 1.914178594134371123e+19 1.722049069190193971e+19 1.551150466826562355e+19 1.397653918892548915e+19 1.260066552163150438e+19 1.136614837477584486e+19 1.025782463479504282e+19 9.276552744612823040e+18 8.417439288255858688e+18 7.664390730037298176e+18
2.110210066443360256e+19 1.914178594134371533e+19 1.722049069190193152e+19 1.551150466826562560e+19 1.397653918892548710e+19 1.260066552163150848e+19 1.136614837477584691e+19 1.025782463479503872e+19 9.276552744612825088e+18 8.417439288255859712e+18 7.664390730037298176e+18
2.110210066443359846e+19 1.914178594134370714e+19 1.722049069190193152e+19 1.551150466826562355e+19 1.397653918892549120e+19 1.260066552163150848e+19 1.136614837477584077e+19 1.025782463479503872e+19 9.276552744612827136e+18 8.417439288255861760e+18 7.664390730037297152e+18
2.110210066443359846e+19 1.914178594134371533e+19 1.722049069190192947e+19 1.551150466826562560e+19 1.397653918892548915e+19 1.260066552163151258e+19 1.136614837477584282e+19 1.025782463479503872e+19 9.276552744612827136e+18 8.417439288255861760e+18 7.664390730037296128e+18
2.110210066443360256e+19 1.914178594134371533e+19 1.722049069190193562e+19 1.551150466826562765e+19 1.397653918892549120e+19 1.260066552163151053e+19 1.136614837477584077e+19 1.025782463479503872e+19 9.276552744612829184e+18 8.417439288255857664e+18 7.664390730037298176e+18
2.110210066443359437e+19 1.914178594134371942e+19 1.722049069190193766e+19 1.551150466826562355e+19 1.397653918892549530e+19 1.260066552163150643e+19 1.136614837477584691e+19 1.025782463479504077e+19 9.276552744612827136e+18 8.417439288255859712e+18 7.664390730037297152e+18
2.110210066443359846e+19 1.914178594134371533e+19 1.722049069190193971e+19 1.551150466826562560e+19 1.397653918892549325e+19 1.260066552163150438e+19 1.136614837477584486e+19 1.025782463479503667e+19 9.276552744612825088e+18 8.417439288255860736e+18 7.664390730037297152e+18
2.110210066443360256e+19 1.914178594134371942e+19 1.722049069190193971e+19 1.551150466826562970e+19 1.397653918892549325e+19 1.260066552163150029e+19 1.136614837477584282e+19 1.025782463479504077e+19 9.276552744612829184e+18 8.417439288255860736e+18 7.664390730037299200e+18
2.110210066443359846e+19 1.914178594134371533e+19 1.722049069190193766e+19 1.551150466826562970e+19 1.397653918892549734e+19 1.260066552163150029e+19 1.136614837477584077e+19 1.025782463479503872e+19 9.276552744612829184e+18 8.417439288255863808e+18 7.664390730037298176e+18
2.110210066443359437e+19 1.914178594134371942e+19 1.722049069190194381e+19 1.551150466826562765e+19 1.397653918892549120e+19 1.260066552163150234e+19 1.136614837477583667e+19 1.025782463479503872e+19 9.276552744612827136e+18 8.417439288255862784e+18 7.664390730037296128e+18
2.110210066443359846e+19 1.914178594134372352e+19 1.722049069190194381e+19 1.551150466826562970e+19 1.397653918892549120e+19 1.260066552163150029e+19 1.136614837477583258e+19 1.025782463479503258e+19 9.276552744612825088e+18 8.417439288255862784e+18 7.664390730037297152e+18
2.110210066443359437e+19 1.914178594134371533e+19 1.722049069190194381e+19 1.551150466826562970e+19 1.397653918892548506e+19 1.260066552163149824e+19 1.136614837477583872e+19 1.025782463479503872e+19 9.276552744612823040e+18 8.417439288255864832e+18 7.664390730037298176e+18
2.110210066443359846e+19 1.914178594134371942e+19 1.722049069190194176e+19 1.551150466826562765e+19 1.397653918892548506e+19 1.260066552163150234e+19 1.136614837477584282e+19 1.025782463479504077e+19 9.276552744612823040e+18 8.417439288255866880e+18 7.664390730037297152e+18
2.110210066443359846e+19 1.914178594134371942e+19 1.722049069190194995e+19 1.551150466826563174e+19 1.397653918892548710e+19 1.260066552163150029e+19 1.136614837477584282e+19 1.025782463479504077e+19 9.276552744612827136e+18 8.417439288255866880e+18 7.664390730037297152e+18
2.110210066443360256e+19 1.914178594134371942e+19 1.722049069190194995e+19 1.551150466826563379e+19 1.397653918892548301e+19 1.260066552163150029e+19 1.136614837477584486e+19 1.025782463479504486e+19 9.276552744612827136e+18 8.417439288255866880e+18 7.664390730037296128e+18
2.110210066443360256e+19 1.914178594134371942e+19 1.722049069190195610e+19 1.551150466826562970e+19 1.397653918892548506e+19 1.260066552163150438e+19 1.136614837477584896e+19 1.025782463479504282e+19 9.276552744612825088e+18 8.417439288255866880e+18 7.664390730037296128e+18
2.110210066443359846e+19 1.914178594134370714e+19 1.722049069190195610e+19 1.551150466826562765e+19 1.397653918892548506e+19 1.260066552163150234e+19 1.136614837477585101e+19 1.025782463479504282e+19 9.276552744612823040e+18 8.417439288255868928e+18 7.664390730037295104e+18
2.110210066443359846e+19 1.914178594134371123e+19 1.722049069190195610e+19 1.551150466826562765e+19 1.397653918892548506e+19 1.260066552163149619e+19 1.136614837477584896e+19 1.025782463479504691e+19 9.276552744612825088e+18 8.417439288255867904e+18 7.664390730037294080e+18
2.110210066443360666e+19 1.914178594134371123e+19 1.722049069190195610e+19 1.551150466826562560e+19 1.397653918892548301e+19 1.260066552163149619e+19 1.136614837477584896e+19 1.025782463479504486e+19 9.276552744612825088e+18 8.417439288255866880e+18 7.664390730037294080e+18
2.110210066443360666e+19 1.914178594134371123e+19 1.722049069190194995e+19 1.551150466826562560e+19 1.397653918892548096e+19 1.260066552163149619e+19 1.136614837477584896e+19 1.025782463479504486e+19 9.276552744612818944e+18 8.417439288255866880e+18 7.664390730037296128e+18
2.110210066443361075e+19 1.914178594134370714e+19 1.722049069190194995e+19 1.551150466826562765e+19 1.397653918892548096e+19 1.260066552163149619e+19 1.136614837477585510e+19 1.025782463479504896e+19 9.276552744612820992e+18 8.417439288255868928e+18 7.664390730037298176e+18
2.110210066443361075e+19 1.914178594134370304e+19 1.722049069190194790e+19 1.551150466826562970e+19 1.397653918892548096e+19 1.260066552163149619e+19 1.136614837477585510e+19 1.025782463479504896e+19 9.276552744612820992e+18 8.417439288255868928e+18 7.664390730037298176e+18
2.110210066443361075e+19 1.914178594134371123e+19 1.722049069190194176e+19 1.551150466826563379e+19 1.397653918892547891e+19 1.260066552163149414e+19 1.136614837477585101e+19 1.025782463479505306e+19 9.276552744612818944e+18 8.417439288255868928e+18 7.664390730037298176e+18
2.110210066443360666e+19 1.914178594134371123e+19 1.722049069190193766e+19 1.551150466826563584e+19 1.397653918892547277e+19 1.260066552163149619e+19 1.136614837477585101e+19 1.025782463479505306e+19 9.276552744612818944e+18 8.417439288255870976e+18 7.664390730037299200e+18
2.110210066443361485e+19 1.914178594134371123e+19 1.722049069190193971e+19 1.551150466826563174e+19 1.397653918892547891e+19 1.260066552163149619e+19 1.136614837477585306e+19 1.025782463479505306e+19 9.276552744612818944e+18 8.417439288255868928e+18 7.664390730037298176e+18
2.110210066443361894e+19 1.914178594134371123e+19 1.722049069190193971e+19 1.551150466826563379e+19 1.397653918892547482e+19 1.260066552163149414e+19 1.136614837477585101e+19 1.025782463479505306e+19 9.276552744612818944e+18 8.417439288255868928e+18 7.664390730037297152e+18
2.110210066443361485e+19 1.914178594134371123e+19 1.722049069190194176e+19 1.551150466826563379e+19 1.397653918892547686e+19 1.260066552163149824e+19 1.136614837477585306e+19 1.025782463479505510e+19 9.276552744612818944e+18 8.417439288255868928e+18 7.664390730037300224e+18
2.110210066443361075e+19 1.914178594134371123e+19 1.722049069190194586e+19 1.551150466826563379e+19 1.397653918892547686e+19 1.260066552163149619e+19 1.136614837477585306e+19 1.025782463479505715e+19 9.276552744612816896e+18 8.417439288255868928e+18 7.664390730037299200e+18
2.110210066443361485e+19 1.914178594134371123e+19 1.722049069190194381e+19 1.551150466826563584e+19 1.397653918892547482e+19 1.260066552163149824e+19 1.136614837477585306e+19 1.025782463479505715e+19 9.276552744612818944e+18 8.417439288255866880e+18 7.664390730037297152e+18
2.110210066443360666e+19 1.914178594134370714e+19 1.722049069190193971e+19 1.551150466826563584e+19 1.397653918892548096e+19 1.260066552163150234e+19 1.136614837477585306e+19 1.025782463479505920e+19 9.276552744612816896e+18 8.417439288255867904e+18 7.664390730037299200e+18
2.110210066443361485e+19 1.914178594134370304e+19 1.722049069190194176e+19 1.551150466826563584e+19 1.397653918892547277e+19 1.260066552163150438e+19 1.136614837477585101e+19 1.025782463479505715e+19 9.276552744612816896e+18 8.417439288255868928e+18 7.664390730037301248e+18
2.110210066443360666e+19 1.914178594134370714e+19 1.722049069190194176e+19 1.551150466826563994e+19 1.397653918892547686e+19 1.260066552163150234e+19 1.136614837477585101e+19 1.025782463479505715e+19 9.276552744612814848e+18 8.417439288255866880e+18 7.664390730037301248e+18
2.110210066443360256e+19 1.914178594134370714e+19 1.722049069190194176e+19 1.551150466826564198e+19 1.397653918892548301e+19 1.260066552163150234e+19 1.136614837477584896e+19 1.025782463479506125e+19 9.276552744612816896e+18 8.417439288255868928e+18 7.664390730037300224e+18
2.110210066443360256e+19 1.914178594134370714e+19 1.722049069190194586e+19 1.551150466826563994e+19 1.397653918892548096e+19 1.260066552163150234e+19 1.136614837477585306e+19 1.025782463479505715e+19 9.276552744612818944e+18 8.417439288255867904e+18 7.664390730037299200e+18
2.110210066443360256e+19 1.914178594134370304e+19 1.722049069190194176e+19 1.551150466826563994e+19 1.397653918892547891e+19 1.260066552163150234e+19 1.136614837477585101e+19 1.025782463479505920e+19 9.276552744612818944e+18 8.417439288255868928e+18 7.664390730037302272e+18
2.110210066443359846e+19 1.914178594134370304e+19 1.722049069190193971e+19 1.551150466826563789e+19 1.397653918892548301e+19 1.260066552163150438e+19 1.136614837477585510e+19 1.025782463479506125e+19 9.276552744612818944e+18 8.417439288255867904e+18 7.664390730037301248e+18
2.110210066443359437e+19 1.914178594134370714e+19 1.722049069190193971e+19 1.551150466826563584e+19 1.397653918892548506e+19 1.260066552163150029e+19 1.136614837477585101e+19 1.025782463479506330e+19 9.276552744612820992e+18 8.417439288255865856e+18 7.664390730037301248e+18
2.110210066443359437e+19 1.914178594134370304e+19 1.722049069190193562e+19 1.551150466826563789e+19 1.397653918892548710e+19 1.260066552163150029e+19 1.136614837477585306e+19 1.025782463479506534e+19 9.276552744612820992e+18 8.417439288255866880e+18 7.664390730037302272e+18
2.110210066443359437e+19 1.914178594134370304e+19 1.722049069190193152e+19 1.551150466826563584e+19 1.397653918892549120e+19 1.260066552163150438e+19 1.136614837477585306e+19 1.025782463479506125e+19 9.276552744612816896e+18 8.417439288255865856e+18 7.664390730037303296e+18
2.110210066443359437e+19 1.914178594134369894e+19 1.722049069190192947e+19 1.551150466826563994e+19 1.397653918892548915e+19 1.260066552163149824e+19 1.136614837477585101e+19 1.025782463479506534e+19 9.276552744612818944e+18 8.417439288255864832e+18 7.664390730037302272e+18
2.110210066443359437e+19 1.914178594134369485e+19 1.722049069190192742e+19 1.551150466826563994e+19 1.397653918892548710e+19 1.260066552163149210e+19 1.136614837477584896e+19 1.025782463479506739e+19 9.276552744612823040e+18 8.417439288255866880e+18 7.664390730037304320e+18
2.110210066443358618e+19 1.914178594134370304e+19 1.722049069190192538e+19 1.551150466826563789e+19 1.397653918892549120e+19 1.260066552163149005e+19 1.136614837477584896e+19 1.025782463479507354e+19 9.276552744612818944e+18 8.417439288255865856e+18 7.664390730037303296e+18
2.110210066443358618e+19 1.914178594134369894e+19 1.722049069190191923e+19 1.551150466826564198e+19 1.397653918892549734e+19 1.260066552163148800e+19 1.136614837477584486e+19 1.025782463479507354e+19 9.276552744612820992e+18 8.417439288255864832e+18 7.664390730037305344e+18
2.110210066443358618e+19 1.914178594134370304e+19 1.722049069190191718e+19 1.551150466826563379e+19 1.397653918892549530e+19 1.260066552163149005e+19 1.136614837477584486e+19 1.025782463479507149e+19 9.276552744612820992e+18 8.417439288255864832e+18 7.664390730037305344e+18
2.110210066443359027e+19 1.914178594134369485e+19 1.722049069190191718e+19 1.551150466826563584e+19 1.397653918892549120e+19 1.260066552163149210e+19 1.136614837477584486e+19 1.025782463479506944e+19 9.276552744612823040e+18 8.417439288255859712e+18 7.664390730037307392e+18
2.110210066443359437e+19 1.914178594134369894e+19 1.722049069190191718e+19 1.551150466826563789e+19 1.397653918892549530e+19 1.260066552163148800e+19 1.136614837477584077e+19 1.025782463479506944e+19 9.276552744612818944e+18 8.417439288255859712e+18 7.664390730037307392e+18
2.110210066443358618e+19 1.914178594134370304e+19 1.722049069190192333e+19 1.551150466826563789e+19 1.397653918892549939e+19 1.260066552163148390e+19 1.136614837477583872e+19 1.025782463479507354e+19 9.276552744612823040e+18 8.417439288255859712e+18 7.664390730037306368e+18
2.110210066443359027e+19 1.914178594134369894e+19 1.722049069190191718e+19 1.551150466826563584e+19 1.397653918892549734e+19 1.260066552163148390e+19 1.136614837477583872e+19 1.025782463479507558e+19 9.276552744612820992e+18 8.417439288255861760e+18 7.664390730037308416e+18
2.110210066443359027e+19 1.914178594134369894e+19 1.722049069190191718e+19 1.551150466826563584e+19 1.397653918892549530e+19 1.260066552163148595e+19 1.136614837477584282e+19 1.025782463479507558e+19 9.276552744612823040e+18 8.417439288255859712e+18 7.664390730037309440e+18
2.110210066443359027e+19 1.914178594134370304e+19 1.722049069190192128e+19 1.551150466826563789e+19 1.397653918892549530e+19 1.260066552163148595e+19 1.136614837477584486e+19 1.025782463479507354e+19 9.276552744612825088e+18 8.417439288255860736e+18 7.664390730037308416e+18
2.110210066443358618e+19 1.914178594134369894e+19 1.722049069190191923e+19 1.551150466826563994e+19 1.397653918892549530e+19 1.260066552163148595e+19 1.136614837477584691e+19 1.025782463479507354e+19 9.276552744612823040e+18 8.417439288255862784e+18 7.664390730037310464e+18
2.110210066443359027e+19 1.914178594134370304e+19 1.722049069190191923e+19 1.551150466826563584e+19 1.397653918892549120e+19 1.260066552163149005e+19 1.136614837477584486e+19 1.025782463479507149e+19 9.276552744612820992e+18 8.417439288255863808e+18 7.664390730037308416e+18
2.110210066443358208e+19 1.914178594134369894e+19 1.722049069190191923e+19 1.551150466826563789e+19 1.397653918892549325e+19 1.260066552163149005e+19 1.136614837477584896e+19 1.025782463479507354e+19 9.276552744612820992e+18 8.417439288255864832e+18 7.664390730037308416e+18
2.110210066443358618e+19 1.914178594134369894e+19 1.722049069190192128e+19 1.551150466826563789e+19 1.397653918892549120e+19 1.260066552163149005e+19 1.136614837477584896e+19 1.025782463479507354e+19 9.276552744612820992e+18 8.417439288255865856e+18 7.664390730037308416e+18
2.110210066443358208e+19 1.914178594134369485e+19 1.722049069190191514e+19 1.551150466826563789e+19 1.397653918892548915e+19 1.260066552163149005e+19 1.136614837477584896e+19 1.025782463479507354e+19 9.276552744612820992e+18 8.417439288255866880e+18 7.664390730037308416e+18
2.110210066443357798e+19 1.914178594134369485e+19 1.722049069190191514e+19 1.551150466826563174e+19 1.397653918892549734e+19 1.260066552163149414e+19 1.136614837477584896e+19 1.025782463479507354e+19 9.276552744612825088e+18 8.417439288255864832e+18 7.664390730037307392e+18
2.110210066443357798e+19 1.914178594134369485e+19 1.722049069190191923e+19 1.551150466826563174e+19 1.397653918892549325e+19 1.260066552163149005e+19 1.136614837477585101e+19 1.025782463479507354e+19 9.276552744612823040e+18 8.417439288255865856e+18 7.664390730037309440e+18
2.110210066443357798e+19 1.914178594134369894e+19 1.722049069190192128e+19 1.551150466826562970e+19 1.397653918892549120e+19 1.260066552163148800e+19 1.136614837477585306e+19 1.025782463479507149e+19 9.276552744612823040e+18 8.417439288255866880e+18 7.664390730037308416e+18
2.110210066443357798e+19 1.914178594134369894e+19 1.722049069190192128e+19 1.551150466826562970e+19 1.397653918892548506e+19 1.260066552163148186e+19 1.136614837477585510e+19 1.025782463479507354e+19 9.276552744612825088e+18 8.417439288255865856e+18 7.664390730037307392e+18
2.110210066443357389e+19 1.914178594134369894e+19 1.722049069190192333e+19 1.551150466826563174e+19 1.397653918892548710e+19 1.260066552163148186e+19 1.136614837477585510e+19 1.025782463479507558e+19 9.276552744612825088e+18 8.417439288255867904e+18 7.664390730037307392e+18
2.110210066443357798e+19 1.914178594134369485e+19 1.722049069190192538e+19 1.551150466826563379e+19 1.397653918892548301e+19 1.260066552163147981e+19 1.136614837477585920e+19 1.025782463479507354e+19 9.276552744612825088e+18 8.417439288255869952e+18 7.664390730037309440e+18
2.110210066443357389e+19 1.914178594134369485e+19 1.722049069190192333e+19 1.551150466826563174e+19 1.397653918892548506e+19 1.260066552163148186e+19 1.136614837477585920e+19 1.025782463479507558e+19 9.276552744612825088e+18 8.417439288255867904e+18 7.664390730037308416e+18
2.110210066443357389e+19 1.914178594134369075e+19 1.722049069190192333e+19 1.551150466826563174e+19 1.397653918892548710e+19 1.260066552163148186e+19 1.136614837477585510e+19 1.025782463479507558e+19 9.276552744612825088e+18 8.417439288255870976e+18 7.664390730037307392e+18
2.110210066443357389e+19 1.914178594134369075e+19 1.722049069190191923e+19 1.551150466826563379e+19 1.397653918892548506e+19 1.260066552163148390e+19 1.136614837477585510e+19 1.025782463479507354e+19 9.276552744612825088e+18 8.417439288255872000e+18 7.664390730037309440e+18
2.110210066443357389e+19 1.914178594134368666e+19 1.722049069190192333e+19 1.551150466826563584e+19 1.397653918892548506e+19 1.260066552163148390e+19 1.136614837477585715e+19 1.025782463479507558e+19 9.276552744612825088e+18 8.417439288255873024e+18 7.664390730037311488e+18
2.110210066443357798e+19 1.914178594134368256e+19 1.722049069190192128e+19 1.551150466826563379e+19 1.397653918892548915e+19 1.260066552163148186e+19 1.136614837477585306e+19 1.025782463479507354e+19 9.276552744612827136e+18 8.417439288255873024e+18 7.664390730037312512e+18
2.110210066443358208e+19 1.914178594134368256e+19 1.722049069190192128e+19 1.551150466826563584e+19 1.397653918892548915e+19 1.260066552163148186e+19 1.136614837477584896e+19 1.025782463479507763e+19 9.276552744612825088e+18 8.417439288255870976e+18 7.664390730037312512e+18
2.110210066443358618e+19 1.914178594134368666e+19 1.722049069190192128e+19 1.551150466826563584e+19 1.397653918892548915e+19 1.260066552163147776e+19 1.136614837477584691e+19 1.025782463479507354e+19 9.276552744612827136e+18 8.417439288255868928e+18 7.664390730037314560e+18
2.110210066443359027e+19 1.914178594134369075e+19 1.722049069190192538e+19 1.551150466826563584e+19 1.397653918892548710e+19 1.260066552163147366e+19 1.136614837477585306e+19 1.025782463479507558e+19 9.276552744612827136e+18 8.417439288255867904e+18 7.664390730037315584e+18
2.110210066443358618e+19 1.914178594134368666e+19 1.722049069190192742e+19 1.551150466826563379e+19 1.397653918892549120e+19 1.260066552163146957e+19 1.136614837477585306e+19 1.025782463479507558e+19 9.276552744612825088e+18 8.417439288255867904e+18 7.664390730037316608e+18
2.110210066443358618e+19 1.914178594134368666e+19 1.722049069190193357e+19 1.551150466826563174e+19 1.397653918892549734e+19 1.260066552163147162e+19 1.136614837477585306e+19 1.025782463479507558e+19 9.276552744612827136e+18 8.417439288255869952e+18 7.664390730037316608e+18
2.110210066443358208e+19 1.914178594134368256e+19 1.722049069190193562e+19 1.551150466826563379e+19 1.397653918892549120e+19 1.260066552163147776e+19 1.136614837477584691e+19 1.025782463479507558e+19 9.276552744612827136e+18 8.417439288255872000e+18 7.664390730037321728e+18
2.110210066443358618e+19 1.914178594134367846e+19 1.722049069190193357e+19 1.551150466826563174e+19 1.397653918892548915e+19 1.260066552163147776e+19 1.136614837477584691e+19 1.025782463479507354e+19 9.276552744612829184e+18 8.417439288255870976e+18 7.664390730037323776e+18
2.110210066443359027e+19 1.914178594134367846e+19 1.722049069190193766e+19 1.551150466826563584e+19 1.397653918892548710e+19 1.260066552163147366e+19 1.136614837477584282e+19 1.025782463479507763e+19 9.276552744612827136e+18 8.417439288255870976e+18 7.664390730037320704e+18
2.110210066443359437e+19 1.914178594134367846e+19 1.722049069190193562e+19 1.551150466826563584e+19 1.397653918892548710e+19 1.260066552163147366e+19 1.136614837477584282e+19 1.025782463479507968e+19 9.276552744612825088e+18 8.417439288255872000e+18 7.664390730037319680e+18
2.110210066443359846e+19 1.914178594134367846e+19 1.722049069190193562e+19 1.551150466826563994e+19 1.397653918892548915e+19 1.260066552163147776e+19 1.136614837477584282e+19 1.025782463479508173e+19 9.276552744612827136e+18 8.417439288255870976e+18 7.664390730037318656e+18
2.110210066443359846e+19 1.914178594134367846e+19 1.722049069190193357e+19 1.551150466826563584e+19 1.397653918892549120e+19 1.260066552163147162e+19 1.136614837477584077e+19 1.025782463479507968e+19 9.276552744612823040e+18 8.417439288255869952e+18 7.664390730037320704e+18
2.110210066443361075e+19 1.914178594134368256e+19 1.722049069190192947e+19 1.551150466826563379e+19 1.397653918892549120e+19 1.260066552163147162e+19 1.136614837477584282e+19 1.025782463479507763e+19 9.276552744612823040e+18 8.417439288255869952e+18 7.664390730037323776e+18
2.110210066443361485e+19 1.914178594134368256e+19 1.722049069190193152e+19 1.551150466826562970e+19 1.397653918892548915e+19 1.260066552163147162e+19 1.136614837477584691e+19 1.025782463479507968e+19 9.276552744612820992e+18 8.417439288255867904e+18 7.664390730037323776e+18
2.110210066443361485e+19 1.914178594134368666e+19 1.722049069190193357e+19 1.551150466826563174e+19 1.397653918892549120e+19 1.260066552163147162e+19 1.136614837477584896e+19 1.025782463479507968e+19 9.276552744612818944e+18 8.417439288255868928e+18 7.664390730037319680e+18
2.110210066443362304e+19 1.914178594134368666e+19 1.722049069190193562e+19 1.551150466826563174e+19 1.397653918892549530e+19 1.260066552163147162e+19 1.136614837477584691e+19 1.025782463479507968e+19 9.276552744612818944e+18 8.417439288255870976e+18 7.664390730037319680e+18
2.110210066443362304e+19 1.914178594134369485e+19 1.722049069190193766e+19 1.551150466826562765e+19 1.397653918892549325e+19 1.260066552163147776e+19 1.136614837477584486e+19 1.025782463479507968e+19 9.276552744612818944e+18 8.417439288255872000e+18 7.664390730037319680e+18
2.110210066443362714e+19 1.914178594134369485e+19 1.722049069190193562e+19 1.551150466826562970e+19 1.397653918892549530e+19 1.260066552163147366e+19 1.136614837477584896e+19 1.025782463479507968e+19 9.276552744612820992e+18 8.417439288255874048e+18 7.664390730037319680e+18
2.110210066443362714e+19 1.914178594134369075e+19 1.722049069190194176e+19 1.551150466826562970e+19 1.397653918892549530e+19 1.260066552163147571e+19 1.136614837477585101e+19 1.025782463479507763e+19 9.276552744612820992e+18 8.417439288255874048e+18 7.664390730037320704e+18
2.110210066443361894e+19 1.914178594134368666e+19 1.722049069190193766e+19 1.551150466826562765e+19 1.397653918892549734e+19 1.260066552163147571e+19 1.136614837477585510e+19 1.025782463479507558e+19 9.276552744612820992e+18 8.417439288255870976e+18 7.664390730037319680e+18
2.110210066443361485e+19 1.914178594134368666e+19 1.722049069190193766e+19 1.551150466826562560e+19 1.397653918892549939e+19 1.260066552163147571e+19 1.136614837477586534e+19 1.025782463479507354e+19 9.276552744612818944e+18 8.417439288255869952e+18 7.664390730037320704e+18
2.110210066443361485e+19 1.914178594134368256e+19 1.722049069190193357e+19 1.551150466826562560e+19 1.397653918892550349e+19 1.260066552163147366e+19 1.136614837477586330e+19 1.025782463479507354e+19 9.276552744612820992e+18 8.417439288255870976e+18 7.664390730037320704e+18
2.110210066443361485e+19 1.914178594134368256e+19 1.722049069190192742e+19 1.551150466826562970e+19 1.397653918892550758e+19 1.260066552163146752e+19 1.136614837477586534e+19 1.025782463479507354e+19 9.276552744612820992e+18 8.417439288255868928e+18 7.664390730037321728e+18
2.110210066443361485e+19 1.914178594134368256e+19 1.722049069190192947e+19 1.551150466826562560e+19 1.397653918892549939e+19 1.260066552163146547e+19 1.136614837477586534e+19 1.025782463479507354e+19 9.276552744612818944e+18 8.417439288255867904e+18 7.664390730037323776e+18
2.110210066443361485e+19 1.914178594134367846e+19 1.722049069190192333e+19 1.551150466826562560e+19 1.397653918892549734e+19 1.260066552163146138e+19 1.136614837477586739e+19 1.025782463479507149e+19 9.276552744612818944e+18 8.417439288255867904e+18 7.664390730037318656e+18
2.110210066443361485e+19 1.914178594134368666e+19 1.722049069190192333e+19 1.551150466826562765e+19 1.397653918892549734e+19 1.260066552163145933e+19 1.136614837477586739e+19 1.025782463479507149e+19 9.276552744612818944e+18 8.417439288255865856e+18 7.664390730037318656e+18
2.110210066443362304e+19 1.914178594134368666e+19 1.722049069190192128e+19 1.551150466826562560e+19 1.397653918892549530e+19 1.260066552163146138e+19 1.136614837477587149e+19 1.025782463479507149e+19 9.276552744612820992e+18 8.417439288255864832e+18 7.664390730037315584e+18
2.110210066443362304e+19 1.914178594134368666e+19 1.722049069190192128e+19 1.551150466826562765e+19 1.397653918892550144e+19 1.260066552163146138e+19 1.136614837477586944e+19 1.025782463479507149e+19 9.276552744612818944e+18 8.417439288255866880e+18 7.664390730037315584e+18
2.110210066443361894e+19 1.914178594134369075e+19 1.722049069190192128e+19 1.551150466826562150e+19 1.397653918892550349e+19 1.260066552163146138e+19 1.136614837477587149e+19 1.025782463479507354e+19 9.276552744612818944e+18 8.417439288255864832e+18 7.664390730037316608e+18
2.110210066443361894e+19 1.914178594134368666e+19 1.722049069190192538e+19 1.551150466826562355e+19 1.397653918892550144e+19 1.260066552163146752e+19 1.136614837477587354e+19 1.025782463479507149e+19 9.276552744612818944e+18 8.417439288255862784e+18 7.664390730037316608e+18
2.110210066443361075e+19 1.914178594134368666e+19 1.722049069190192333e+19 1.551150466826562355e+19 1.397653918892550144e+19 1.260066552163147162e+19 1.136614837477587149e+19 1.025782463479507149e+19 9.276552744612820992e+18 8.417439288255861760e+18 7.664390730037316608e+18
2.110210066443360666e+19 1.914178594134367846e+19 1.722049069190192333e+19 1.551150466826562560e+19 1.397653918892550349e+19 1.260066552163147162e+19 1.136614837477586944e+19 1.025782463479507149e+19 9.276552744612820992e+18 8.417439288255862784e+18 7.664390730037317632e+18
2.110210066443360666e+19 1.914178594134367437e+19 1.722049069190191923e+19 1.551150466826562355e+19 1.397653918892550554e+19 1.260066552163147162e+19 1.136614837477586739e+19 1.025782463479507354e+19 9.276552744612825088e+18 8.417439288255864832e+18 7.664390730037316608e+18
2.110210066443361485e+19 1.914178594134367027e+19 1.722049069190192128e+19 1.551150466826561946e+19 1.397653918892550758e+19 1.260066552163147366e+19 1.136614837477586534e+19 1.025782463479507558e+19 9.276552744612823040e+18 8.417439288255864832e+18 7.664390730037317632e+18
2.110210066443361894e+19 1.914178594134366618e+19 1.722049069190192128e+19 1.551150466826562150e+19 1.397653918892550963e+19 1.260066552163147776e+19 1.136614837477586330e+19 1.025782463479507558e+19 9.276552744612820992e+18 8.417439288255862784e+18 7.664390730037317632e+18
2.110210066443361894e+19 1.914178594134367027e+19 1.722049069190191514e+19 1.551150466826561946e+19 1.397653918892550963e+19 1.260066552163148186e+19 1.136614837477585920e+19 1.025782463479507968e+19 9.276552744612823040e+18 8.417439288255862784e+18 7.664390730037317632e+18
2.110210066443361894e+19 1.914178594134366208e+19 1.722049069190191309e+19 1.551150466826562150e+19 1.397653918892551168e+19 1.260066552163147571e+19 1.136614837477586330e+19 1.025782463479508173e+19 9.276552744612823040e+18 8.417439288255862784e+18 7.664390730037315584e+18
2.110210066443361894e+19 1.914178594134366208e+19 1.722049069190191309e+19 1.551150466826562150e+19 1.397653918892551168e+19 1.260066552163147366e+19 1.136614837477586330e+19 1.025782463479507763e+19 9.276552744612825088e+18 8.417439288255862784e+18 7.664390730037314560e+18
2.110210066443362304e+19 1.914178594134366208e+19 1.722049069190191309e+19 1.551150466826562355e+19 1.397653918892551168e+19 1.260066552163147162e+19 1.136614837477586125e+19 1.025782463479507763e+19 9.276552744612820992e+18 8.417439288255862784e+18 7.664390730037314560e+18
2.110210066443363123e+19 1.914178594134367027e+19 1.722049069190191718e+19 1.551150466826562765e+19 1.397653918892551578e+19 1.260066552163147366e+19 1.136614837477586125e+19 1.025782463479507968e+19 9.276552744612820992e+18 8.417439288255862784e+18 7.664390730037313536e+18
2.110210066443363123e+19 1.914178594134367027e+19 1.722049069190191514e+19 1.551150466826562560e+19 1.397653918892551782e+19 1.260066552163147571e+19 1.136614837477586125e+19 1.025782463479507763e+19 9.276552744612820992e+18 8.417439288255865856e+18 7.664390730037312512e+18
2.110210066443362714e+19 1.914178594134367027e+19 1.722049069190191718e+19 1.551150466826562355e+19 1.397653918892552192e+19 1.260066552163147366e+19 1.136614837477585920e+19 1.025782463479507763e+19 9.276552744612820992e+18 8.417439288255863808e+18 7.664390730037311488e+18
2.110210066443363123e+19 1.914178594134367027e+19 1.722049069190190899e+19 1.551150466826561946e+19 1.397653918892552397e+19 1.260066552163147571e+19 1.136614837477586125e+19 1.025782463479507558e+19 9.276552744612823040e+18 8.417439288255863808e+18 7.664390730037311488e+18
2.110210066443363533e+19 1.914178594134366618e+19 1.722049069190191104e+19 1.551150466826561946e+19 1.397653918892552397e+19 1.260066552163147162e+19 1.136614837477586125e+19 1.025782463479507558e+19 9.276552744612823040e+18 8.417439288255865856e+18 7.664390730037310464e+18
2.110210066443363123e+19 1.914178594134366208e+19 1.722049069190191514e+19 1.551150466826562150e+19 1.397653918892552192e+19 1.260066552163146957e+19 1.136614837477586330e+19 1.025782463479507149e+19 9.276552744612820992e+18 8.417439288255865856e+18 7.664390730037311488e+18
2.110210066443363123e+19 1.914178594134366208e+19 1.722049069190191923e+19 1.551150466826562150e+19 1.397653918892551987e+19 1.260066552163146752e+19 1.136614837477586739e+19 1.025782463479507149e+19 9.276552744612820992e+18 8.417439288255865856e+18 7.664390730037311488e+18
2.110210066443363123e+19 1.914178594134366618e+19 1.722049069190191514e+19 1.551150466826562150e+19 1.397653918892551987e+19 1.260066552163146752e+19 1.136614837477586534e+19 1.025782463479507354e+19 9.276552744612820992e+18 8.417439288255865856e+18 7.664390730037311488e+18
2.110210066443363123e+19 1.914178594134366618e+19 1.722049069190191309e+19 1.551150466826562560e+19 1.397653918892551578e+19 1.260066552163146547e+19 1.136614837477586534e+19 1.025782463479507354e+19 9.276552744612823040e+18 8.417439288255866880e+18 7.664390730037313536e+18
2.110210066443362714e+19 1.914178594134367027e+19 1.722049069190191309e+19 1.551150466826562970e+19 1.397653918892551373e+19 1.260066552163146957e+19 1.136614837477586944e+19 1.025782463479507558e+19 9.276552744612823040e+18 8.417439288255866880e+18 7.664390730037313536e+18
2.110210066443362714e+19 1.914178594134367437e+19 1.722049069190191718e+19 1.551150466826562970e+19 1.397653918892551168e+19 1.260066552163146752e+19 1.136614837477587149e+19 1.025782463479507558e+19 9.276552744612825088e+18 8.417439288255865856e+18 7.664390730037311488e+18
2.110210066443362714e+19 1.914178594134367027e+19 1.722049069190191923e+19 1.551150466826562765e+19 1.397653918892551373e+19 1.260066552163147162e+19 1.136614837477586944e+19 1.025782463479507968e+19 9.276552744612823040e+18 8.417439288255868928e+18 7.664390730037310464e+18
2.110210066443362304e+19 1.914178594134367437e+19 1.722049069190191923e+19 1.551150466826562970e+19 1.397653918892551373e+19 1.260066552163146957e+19 1.136614837477587354e+19 1.025782463479507968e+19 9.276552744612823040e+18 8.417439288255869952e+18 7.664390730037311488e+18
2.110210066443361894e+19 1.914178594134367846e+19 1.722049069190190899e+19 1.551150466826562970e+19 1.397653918892551373e+19 1.260066552163146752e+19 1.136614837477587354e+19 1.025782463479508378e+19 9.276552744612823040e+18 8.417439288255869952e+18 7.664390730037312512e+18
2.110210066443361485e+19 1.914178594134367846e+19 1.722049069190191309e+19 1.551150466826563174e+19 1.397653918892551168e+19 1.260066552163146957e+19 1.136614837477587354e+19 1.025782463479508173e+19 9.276552744612823040e+18 8.417439288255870976e+18 7.664390730037315584e+18
2.110210066443361485e+19 1.914178594134367437e+19 1.722049069190191718e+19 1.551150466826563174e+19 1.397653918892551168e+19 1.260066552163147162e+19 1.136614837477587558e+19 1.025782463479507968e+19 9.276552744612825088e+18 8.417439288255873024e+18 7.664390730037314560e+18
2.110210066443361485e+19 1.914178594134368256e+19 1.722049069190191309e+19 1.551150466826562970e+19 1.397653918892551373e+19 1.260066552163146957e+19 1.136614837477587354e+19 1.025782463479507968e+19 9.276552744612823040e+18 8.417439288255873024e+18 7.664390730037314560e+18
2.110210066443361894e+19 1.914178594134368666e+19 1.722049069190191718e+19 1.551150466826562970e+19 1.397653918892551782e+19 1.260066552163147366e+19 1.136614837477587558e+19 1.025782463479507763e+19 9.276552744612823040e+18 8.417439288255873024e+18 7.664390730037313536e+18
2.110210066443361894e+19 1.914178594134368666e+19 1.722049069190191718e+19 1.551150466826563174e+19 1.397653918892551987e+19 1.260066552163147366e+19 1.136614837477587763e+19 1.025782463479508173e+19 9.276552744612825088e+18 8.417439288255869952e+18 7.664390730037316608e+18
2.110210066443361485e+19 1.914178594134369075e+19 1.722049069190192128e+19 1.551150466826563379e+19 1.397653918892551987e+19 1.260066552163147571e+19 1.136614837477587968e+19 1.025782463479507763e+19 9.276552744612825088e+18 8.417439288255869952e+18 7.664390730037317632e+18
2.110210066443361485e+19 1.914178594134369075e+19 1.722049069190191923e+19 1.551150466826563379e+19 1.397653918892552192e+19 1.260066552163147571e+19 1.136614837477587763e+19 1.025782463479507763e+19 9.276552744612823040e+18 8.417439288255869952e+18 7.664390730037317632e+18
2.110210066443361075e+19 1.914178594134369485e+19 1.722049069190192128e+19 1.551150466826563994e+19 1.397653918892551578e+19 1.260066552163147776e+19 1.136614837477588378e+19 1.025782463479507763e+19 9.276552744612823040e+18 8.417439288255872000e+18 7.664390730037318656e+18
2.110210066443361485e+19 1.914178594134369485e+19 1.722049069190191923e+19 1.551150466826563994e+19 1.397653918892551987e+19 1.260066552163147571e+19 1.136614837477588582e+19 1.025782463479507968e+19 9.276552744612827136e+18 8.417439288255874048e+18 7.664390730037317632e+18
2.110210066443361075e+19 1.914178594134369485e+19 1.722049069190192128e+19 1.551150466826564403e+19 1.397653918892551987e+19 1.260066552163148186e+19 1.136614837477588992e+19 1.025782463479507968e+19 9.276552744612823040e+18 8.417439288255872000e+18 7.664390730037315584e+18
2.110210066443361485e+19 1.914178594134369485e+19 1.722049069190192333e+19 1.551150466826564403e+19 1.397653918892551782e+19 1.260066552163148186e+19 1.136614837477588582e+19 1.025782463479507968e+19 9.276552744612820992e+18 8.417439288255873024e+18 7.664390730037317632e+18
2.110210066443361075e+19 1.914178594134369894e+19 1.722049069190192742e+19 1.551150466826564403e+19 1.397653918892551578e+19 1.260066552163148390e+19 1.136614837477588582e+19 1.025782463479508173e+19 9.276552744612823040e+18 8.417439288255872000e+18 7.664390730037317632e+18
2.110210066443361485e+19 1.914178594134369485e+19 1.722049069190192538e+19 1.551150466826564608e+19 1.397653918892551373e+19 1.260066552163148595e+19 1.136614837477589402e+19 1.025782463479508378e+19 9.276552744612823040e+18 8.417439288255870976e+18 7.664390730037318656e+18
2.110210066443362304e+19 1.914178594134369894e+19 1.722049069190192333e+19 1.551150466826564403e+19 1.397653918892551373e+19 1.260066552163148390e+19 1.136614837477589402e+19 1.025782463479508582e+19 9.276552744612818944e+18 8.417439288255869952e+18 7.664390730037317632e+18
2.110210066443362304e+19 1.914178594134370304e+19 1.722049069190191923e+19 1.551150466826564608e+19 1.397653918892551373e+19 1.260066552163147571e+19 1.136614837477589197e+19 1.025782463479508582e+19 9.276552744612823040e+18 8.417439288255870976e+18 7.664390730037319680e+18
2.110210066443361894e+19 1.914178594134369894e+19 1.722049069190191718e+19 1.551150466826564608e+19 1.397653918892551373e+19 1.260066552163147366e+19 1.136614837477588992e+19 1.025782463479508378e+19 9.276552744612827136e+18 8.417439288255869952e+18 7.664390730037320704e+18
2.110210066443361894e+19 1.914178594134371123e+19 1.722049069190191923e+19 1.551150466826564608e+19 1.397653918892550963e+19 1.260066552163146957e+19 1.136614837477589197e+19 1.025782463479508378e+19 9.276552744612827136e+18 8.417439288255867904e+18 7.664390730037319680e+18
2.110210066443362304e+19 1.914178594134371123e+19 1.722049069190191923e+19 1.551150466826565018e+19 1.397653918892550758e+19 1.260066552163146957e+19 1.136614837477588992e+19 1.025782463479508378e+19 9.276552744612827136e+18 8.417439288255869952e+18 7.664390730037320704e+18
2.110210066443362714e+19 1.914178594134371123e+19 1.722049069190192333e+19 1.551150466826565018e+19 1.397653918892550963e+19 1.260066552163146957e+19 1.136614837477588992e+19 1.025782463479508173e+19 9.276552744612827136e+18 8.417439288255872000e+18 7.664390730037319680e+18
2.110210066443362714e+19 1.914178594134371123e+19 1.722049069190191718e+19 1.551150466826564608e+19 1.397653918892550963e+19 1.260066552163146547e+19 1.136614837477588992e+19 1.025782463479508173e+19 9.276552744612827136e+18 8.417439288255870976e+18 7.664390730037316608e+18
2.110210066443362714e+19 1.914178594134371942e+19 1.722049069190192128e+19 1.551150466826565018e+19 1.397653918892551168e+19 1.260066552163146547e+19 1.136614837477589402e+19 1.025782463479508173e+19 9.276552744612827136e+18 8.417439288255872000e+18 7.664390730037315584e+18
2.110210066443362304e+19 1.914178594134371533e+19 1.722049069190192333e+19 1.551150466826564813e+19 1.397653918892551373e+19 1.260066552163146138e+19 1.136614837477589402e+19 1.025782463479508173e+19 9.276552744612829184e+18 8.417439288255870976e+18 7.664390730037315584e+18
2.110210066443362304e+19 1.914178594134371942e+19 1.722049069190192333e+19 1.551150466826565222e+19 1.397653918892551373e+19 1.260066552163146547e+19 1.136614837477589402e+19 1.025782463479508173e+19 9.276552744612829184e+18 8.417439288255873024e+18 7.664390730037316608e+18
2.110210066443361894e+19 1.914178594134372352e+19 1.722049069190192128e+19 1.551150466826565222e+19 1.397653918892551373e+19 1.260066552163145933e+19 1.136614837477589606e+19 1.025782463479508173e+19 9.276552744612827136e+18 8.417439288255872000e+18 7.664390730037319680e+18
2.110210066443361485e+19 1.914178594134372762e+19 1.722049069190192333e+19 1.551150466826565222e+19 1.397653918892551168e+19 1.260066552163145523e+19 1.136614837477589811e+19 1.025782463479508173e+19 9.276552744612829184e+18 8.417439288255873024e+18 7.664390730037319680e+18
2.110210066443361075e+19 1.914178594134372762e+19 1.722049069190191718e+19 1.551150466826565427e+19 1.397653918892550144e+19 1.260066552163145318e+19 1.136614837477589606e+19 1.025782463479508173e+19 9.276552744612827136e+18 8.417439288255874048e+18 7.664390730037319680e+18
2.110210066443361485e+19 1.914178594134372762e+19 1.722049069190191104e+19 1.551150466826565018e+19 1.397653918892549530e+19 1.260066552163145114e+19 1.136614837477589606e+19 1.025782463479508378e+19 9.276552744612827136e+18 8.417439288255875072e+18 7.664390730037321728e+18
2.110210066443361485e+19 1.914178594134373581e+19 1.722049069190191104e+19 1.551150466826565018e+19 1.397653918892549530e+19 1.260066552163145318e+19 1.136614837477589811e+19 1.025782463479508378e+19 9.276552744612827136e+18 8.417439288255874048e+18 7.664390730037318656e+18
2.110210066443361485e+19 1.914178594134373581e+19 1.722049069190191309e+19 1.551150466826565222e+19 1.397653918892549530e+19 1.260066552163144909e+19 1.136614837477590016e+19 1.025782463479508378e+19 9.276552744612827136e+18 8.417439288255876096e+18 7.664390730037320704e+18
2.110210066443361075e+19 1.914178594134373581e+19 1.722049069190191514e+19 1.551150466826565222e+19 1.397653918892549325e+19 1.260066552163144704e+19 1.136614837477590016e+19 1.025782463479508378e+19 9.276552744612829184e+18 8.417439288255876096e+18 7.664390730037321728e+18
2.110210066443361075e+19 1.914178594134374400e+19 1.722049069190191309e+19 1.551150466826565018e+19 1.397653918892548710e+19 1.260066552163144909e+19 1.136614837477590221e+19 1.025782463479508582e+19 9.276552744612827136e+18 8.417439288255876096e+18 7.664390730037320704e+18
2.110210066443360256e+19 1.914178594134374400e+19 1.722049069190191514e+19 1.551150466826564608e+19 1.397653918892549530e+19 1.260066552163144909e+19 1.136614837477590016e+19 1.025782463479508582e+19 9.276552744612829184e+18 8.417439288255877120e+18 7.664390730037317632e+18
2.110210066443360256e+19 1.914178594134374400e+19 1.722049069190191514e+19 1.551150466826565018e+19 1.397653918892549530e+19 1.260066552163144909e+19 1.136614837477589811e+19 1.025782463479508582e+19 9.276552744612827136e+18 8.417439288255878144e+18 7.664390730037318656e+18
2.110210066443359846e+19 1.914178594134373990e+19 1.722049069190191718e+19 1.551150466826565018e+19 1.397653918892549120e+19 1.260066552163144704e+19 1.136614837477589606e+19 1.025782463479508787e+19 9.276552744612827136e+18 8.417439288255877120e+18 7.664390730037315584e+18
2.110210066443360256e+19 1.914178594134374400e+19 1.722049069190191923e+19 1.551150466826564813e+19 1.397653918892549120e+19 1.260066552163145114e+19 1.136614837477589606e+19 1.025782463479508582e+19 9.276552744612825088e+18 8.417439288255877120e+18 7.664390730037314560e+18
2.110210066443359846e+19 1.914178594134373581e+19 1.722049069190191718e+19 1.551150466826565018e+19 1.397653918892549325e+19 1.260066552163144499e+19 1.136614837477590016e+19 1.025782463479508582e+19 9.276552744612827136e+18 8.417439288255876096e+18 7.664390730037311488e+18
2.110210066443359027e+19 1.914178594134373171e+19 1.722049069190191718e+19 1.551150466826564813e+19 1.397653918892549120e+19 1.260066552163144090e+19 1.136614837477589606e+19 1.025782463479508787e+19 9.276552744612827136e+18 8.417439288255875072e+18 7.664390730037311488e+18
2.110210066443359027e+19 1.914178594134373171e+19 1.722049069190191514e+19 1.551150466826564813e+19 1.397653918892549325e+19 1.260066552163144294e+19 1.136614837477589402e+19 1.025782463479508787e+19 9.276552744612825088e+18 8.417439288255874048e+18 7.664390730037309440e+18
2.110210066443359437e+19 1.914178594134373171e+19 1.722049069190191514e+19 1.551150466826565018e+19 1.397653918892549325e+19 1.260066552163144704e+19 1.136614837477589402e+19 1.025782463479508378e+19 9.276552744612825088e+18 8.417439288255874048e+18 7.664390730037308416e+18
2.110210066443359437e+19 1.914178594134372762e+19 1.722049069190191718e+19 1.551150466826565018e+19 1.397653918892549120e+19 1.260066552163144704e+19 1.136614837477589402e+19 1.025782463479508378e+19 9.276552744612825088e+18 8.417439288255873024e+18 7.664390730037309440e+18
2.110210066443359437e+19 1.914178594134372352e+19 1.722049069190191514e+19 1.551150466826565222e+19 1.397653918892548710e+19 1.260066552163144704e+19 1.136614837477589402e+19 1.025782463479508378e+19 9.276552744612823040e+18 8.417439288255872000e+18 7.664390730037307392e+18
2.110210066443359846e+19 1.914178594134372352e+19 1.722049069190190899e+19 1.551150466826565427e+19 1.397653918892548506e+19 1.260066552163144909e+19 1.136614837477589197e+19 1.025782463479508378e+19 9.276552744612823040e+18 8.417439288255873024e+18 7.664390730037306368e+18
2.110210066443359846e+19 1.914178594134372762e+19 1.722049069190190694e+19 1.551150466826565222e+19 1.397653918892547891e+19 1.260066552163144704e+19 1.136614837477589606e+19 1.025782463479507968e+19 9.276552744612820992e+18 8.417439288255872000e+18 7.664390730037306368e+18
2.110210066443359437e+19 1.914178594134372352e+19 1.722049069190190285e+19 1.551150466826565632e+19 1.397653918892547686e+19 1.260066552163145318e+19 1.136614837477589402e+19 1.025782463479508173e+19 9.276552744612823040e+18 8.417439288255874048e+18 7.664390730037308416e+18
2.110210066443359437e+19 1.914178594134372762e+19 1.722049069190190490e+19 1.551150466826565427e+19 1.397653918892547482e+19 1.260066552163145318e+19 1.136614837477589811e+19 1.025782463479507968e+19 9.276552744612820992e+18 8.417439288255874048e+18 7.664390730037309440e+18
2.110210066443359027e+19 1.914178594134373171e+19 1.722049069190190694e+19 1.551150466826565632e+19 1.397653918892547482e+19 1.260066552163145523e+19 1.136614837477589606e+19 1.025782463479507763e+19 9.276552744612818944e+18 8.417439288255874048e+18 7.664390730037308416e+18
2.110210066443359437e+19 1.914178594134373171e+19 1.722049069190190899e+19 1.551150466826565427e+19 1.397653918892547891e+19 1.260066552163145318e+19 1.136614837477589402e+19 1.025782463479508582e+19 9.276552744612820992e+18 8.417439288255873024e+18 7.664390730037310464e+18
2.110210066443359027e+19 1.914178594134373581e+19 1.722049069190190899e+19 1.551150466826565222e+19 1.397653918892547686e+19 1.260066552163145318e+19 1.136614837477589197e+19 1.025782463479508787e+19 9.276552744612823040e+18 8.417439288255872000e+18 7.664390730037309440e+18
2.110210066443359027e+19 1.914178594134372352e+19 1.722049069190190694e+19 1.551150466826565222e+19 1.397653918892548096e+19 1.260066552163145114e+19 1.136614837477588992e+19 1.025782463479509606e+19 9.276552744612820992e+18 8.417439288255869952e+18 7.664390730037310464e+18
2.110210066443359027e+19 1.914178594134372762e+19 1.722049069190190899e+19 1.551150466826565427e+19 1.397653918892547482e+19 1.260066552163144909e+19 1.136614837477588992e+19 1.025782463479509197e+19 9.276552744612823040e+18 8.417439288255869952e+18 7.664390730037311488e+18
2.110210066443359027e+19 1.914178594134372352e+19 1.722049069190191104e+19 1.551150466826565427e+19 1.397653918892547482e+19 1.260066552163145318e+19 1.136614837477588992e+19 1.025782463479508992e+19 9.276552744612820992e+18 8.417439288255870976e+18 7.664390730037313536e+18
2.110210066443359437e+19 1.914178594134372762e+19 1.722049069190190899e+19 1.551150466826565222e+19 1.397653918892547686e+19 1.260066552163145318e+19 1.136614837477588992e+19 1.025782463479508787e+19 9.276552744612823040e+18 8.417439288255870976e+18 7.664390730037313536e+18
2.110210066443359027e+19 1.914178594134373171e+19 1.722049069190190694e+19 1.551150466826565427e+19 1.397653918892547686e+19 1.260066552163145728e+19 1.136614837477589197e+19 1.025782463479509197e+19 9.276552744612820992e+18 8.417439288255869952e+18 7.664390730037314560e+18
2.110210066443359027e+19 1.914178594134373171e+19 1.722049069190189875e+19 1.551150466826565427e+19 1.397653918892548096e+19 1.260066552163145114e+19 1.136614837477588992e+19 1.025782463479509197e+19 9.276552744612818944e+18 8.417439288255869952e+18 7.664390730037316608e+18
2.110210066443358618e+19 1.914178594134373171e+19 1.722049069190190490e+19 1.551150466826565427e+19 1.397653918892547277e+19 1.260066552163144704e+19 1.136614837477589197e+19 1.025782463479508992e+19 9.276552744612818944e+18 8.417439288255868928e+18 7.664390730037314560e+18
2.110210066443359027e+19 1.914178594134373171e+19 1.722049069190190080e+19 1.551150466826565632e+19 1.397653918892547072e+19 1.260066552163144909e+19 1.136614837477589811e+19 1.025782463479508787e+19 9.276552744612818944e+18 8.417439288255870976e+18 7.664390730037316608e+18
2.110210066443358618e+19 1.914178594134372762e+19 1.722049069190190285e+19 1.551150466826565427e+19 1.397653918892547072e+19 1.260066552163144499e+19 1.136614837477589606e+19 1.025782463479508787e+19 9.276552744612820992e+18 8.417439288255870976e+18 7.664390730037320704e+18
2.110210066443358618e+19 1.914178594134373171e+19 1.722049069190190285e+19 1.551150466826565632e+19 1.397653918892547277e+19 1.260066552163144090e+19 1.136614837477589402e+19 1.025782463479508582e+19 9.276552744612820992e+18 8.417439288255870976e+18 7.664390730037319680e+18
2.110210066443359027e+19 1.914178594134372762e+19 1.722049069190190285e+19 1.551150466826565837e+19 1.397653918892547072e+19 1.260066552163144499e+19 1.136614837477589606e+19 1.025782463479508787e+19 9.276552744612823040e+18 8.417439288255873024e+18 7.664390730037321728e+18
2.110210066443359027e+19 1.914178594134372762e+19 1.722049069190190080e+19 1.551150466826565837e+19 1.397653918892546867e+19 1.260066552163144909e+19 1.136614837477590221e+19 1.025782463479508787e+19 9.276552744612823040e+18 8.417439288255874048e+18 7.664390730037320704e+18
2.110210066443358618e+19 1.914178594134373171e+19 1.722049069190189670e+19 1.551150466826565632e+19 1.397653918892547072e+19 1.260066552163144499e+19 1.136614837477589811e+19 1.025782463479508378e+19 9.276552744612820992e+18 8.417439288255874048e+18 7.664390730037318656e+18
2.110210066443358618e+19 1.914178594134372762e+19 1.722049069190189875e+19 1.551150466826565632e+19 1.397653918892546867e+19 1.260066552163144294e+19 1.136614837477590016e+19 1.025782463479507968e+19 9.276552744612823040e+18 8.417439288255875072e+18 7.664390730037318656e+18
2.110210066443358618e+19 1.914178594134372352e+19 1.722049069190190285e+19 1.551150466826565427e+19 1.397653918892546253e+19 1.260066552163144499e+19 1.136614837477590835e+19 1.025782463479507763e+19 9.276552744612823040e+18 8.417439288255875072e+18 7.664390730037318656e+18
2.110210066443359027e+19 1.914178594134371942e+19 1.722049069190190694e+19 1.551150466826565632e+19 1.397653918892546662e+19 1.260066552163144704e+19 1.136614837477590630e+19 1.025782463479508173e+19 9.276552744612823040e+18 8.417439288255877120e+18 7.664390730037315584e+18
2.110210066443359027e+19 1.914178594134372352e+19 1.722049069190191309e+19 1.551150466826565632e+19 1.397653918892546867e+19 1.260066552163144499e+19 1.136614837477590630e+19 1.025782463479508582e+19 9.276552744612823040e+18 8.417439288255877120e+18 7.664390730037318656e+18
2.110210066443359027e+19 1.914178594134372352e+19 1.722049069190190694e+19 1.551150466826565427e+19 1.397653918892546662e+19 1.260066552163144294e+19 1.136614837477590630e+19 1.025782463479508992e+19 9.276552744612820992e+18 8.417439288255876096e+18 7.664390730037316608e+18
2.110210066443358618e+19 1.914178594134372762e+19 1.722049069190190490e+19 1.551150466826565222e+19 1.397653918892546867e+19 1.260066552163144499e+19 1.136614837477590426e+19 1.025782463479509197e+19 9.276552744612820992e+18 8.417439288255876096e+18 7.664390730037313536e+18
2.110210066443357798e+19 1.914178594134372762e+19 1.722049069190190490e+19 1.551150466826564608e+19 1.397653918892547277e+19 1.260066552163144499e+19 1.136614837477590630e+19 1.025782463479508992e+19 9.276552744612818944e+18 8.417439288255877120e+18 7.664390730037312512e+18
2.110210066443358208e+19 1.914178594134372352e+19 1.722049069190191104e+19 1.551150466826564608e+19 1.397653918892546662e+19 1.260066552163144909e+19 1.136614837477590835e+19 1.025782463479508787e+19 9.276552744612820992e+18 8.417439288255877120e+18 7.664390730037312512e+18
2.110210066443358208e+19 1.914178594134372762e+19 1.722049069190190899e+19 1.551150466826564813e+19 1.397653918892546867e+19 1.260066552163144909e+19 1.136614837477591245e+19 1.025782463479509197e+19 9.276552744612820992e+18 8.417439288255877120e+18 7.664390730037312512e+18
2.110210066443358618e+19 1.914178594134372352e+19 1.722049069190190490e+19 1.551150466826565018e+19 1.397653918892546867e+19 1.260066552163144909e+19 1.136614837477591654e+19 1.025782463479509197e+19 9.276552744612820992e+18 8.417439288255874048e+18 7.664390730037315584e+18
2.110210066443359027e+19 1.914178594134372352e+19 1.722049069190190490e+19 1.551150466826564608e+19 1.397653918892546867e+19 1.260066552163145318e+19 1.136614837477591654e+19 1.025782463479508787e+19 9.276552744612818944e+18 8.417439288255874048e+18 7.664390730037316608e+18
2.110210066443359027e+19 1.914178594134372352e+19 1.722049069190189875e+19 1.551150466826564813e+19 1.397653918892547072e+19 1.260066552163145728e+19 1.136614837477591859e+19 1.025782463479508787e+19 9.276552744612820992e+18 8.417439288255875072e+18 7.664390730037314560e+18
2.110210066443358618e+19 1.914178594134372352e+19 1.722049069190189875e+19 1.551150466826565018e+19 1.397653918892546867e+19 1.260066552163145933e+19 1.136614837477592269e+19 1.025782463479508582e+19 9.276552744612816896e+18 8.417439288255877120e+18 7.664390730037314560e+18
2.110210066443358208e+19 1.914178594134371942e+19 1.722049069190189670e+19 1.551150466826565222e+19 1.397653918892547072e+19 1.260066552163145728e+19 1.136614837477591654e+19 1.025782463479508787e+19 9.276552744612816896e+18 8.417439288255877120e+18 7.664390730037314560e+18
2.110210066443357798e+19 1.914178594134371942e+19 1.722049069190189466e+19 1.551150466826565427e+19 1.397653918892546662e+19 1.260066552163145933e+19 1.136614837477591654e+19 1.025782463479508582e+19 9.276552744612818944e+18 8.417439288255874048e+18 7.664390730037314560e+18
2.110210066443357798e+19 1.914178594134371942e+19 1.722049069190189875e+19 1.551150466826565427e+19 1.397653918892547277e+19 1.260066552163145318e+19 1.136614837477591654e+19 1.025782463479508992e+19 9.276552744612818944e+18 8.417439288255874048e+18 7.664390730037313536e+18
2.110210066443357798e+19 1.914178594134372352e+19 1.722049069190190080e+19 1.551150466826565427e+19 1.397653918892547277e+19 1.260066552163145114e+19 1.136614837477591654e+19 1.025782463479508582e+19 9.276552744612820992e+18 8.417439288255872000e+18 7.664390730037315584e+18
2.110210066443357798e+19 1.914178594134371942e+19 1.722049069190189466e+19 1.551150466826565222e+19 1.397653918892547072e+19 1.260066552163145728e+19 1.136614837477591245e+19 1.025782463479509197e+19 9.276552744612818944e+18 8.417439288255874048e+18 7.664390730037318656e+18
2.110210066443357389e+19 1.914178594134371533e+19 1.722049069190189466e+19 1.551150466826564813e+19 1.397653918892547277e+19 1.260066552163145523e+19 1.136614837477591654e+19 1.025782463479508992e+19 9.276552744612818944e+18 8.417439288255875072e+18 7.664390730037318656e+18
2.110210066443357798e+19 1.914178594134371942e+19 1.722049069190189261e+19 1.551150466826564813e+19 1.397653918892546253e+19 1.260066552163145114e+19 1.136614837477591859e+19 1.025782463479508992e+19 9.276552744612820992e+18 8.417439288255873024e+18 7.664390730037321728e+18
2.110210066443357798e+19 1.914178594134371533e+19 1.722049069190189056e+19 1.551150466826564608e+19 1.397653918892546048e+19 1.260066552163145114e+19 1.136614837477592064e+19 1.025782463479509402e+19 9.276552744612823040e+18 8.417439288255876096e+18 7.664390730037321728e+18
2.110210066443357798e+19 1.914178594134371533e+19 1.722049069190188646e+19 1.551150466826564403e+19 1.397653918892546048e+19 1.260066552163144909e+19 1.136614837477591450e+19 1.025782463479509606e+19 9.276552744612820992e+18 8.417439288255876096e+18 7.664390730037320704e+18
2.110210066443357798e+19 1.914178594134371123e+19 1.722049069190188851e+19 1.551150466826564813e+19 1.397653918892546253e+19 1.260066552163144704e+19 1.136614837477591450e+19 1.025782463479509606e+19 9.276552744612820992e+18 8.417439288255875072e+18 7.664390730037320704e+18
2.110210066443357798e+19 1.914178594134371123e+19 1.722049069190189056e+19 1.551150466826564403e+19 1.397653918892545843e+19 1.260066552163144090e+19 1.136614837477591245e+19 1.025782463479509811e+19 9.276552744612820992e+18 8.417439288255874048e+18 7.664390730037322752e+18
2.110210066443357798e+19 1.914178594134371123e+19 1.722049069190188851e+19 1.551150466826564403e+19 1.397653918892545638e+19 1.260066552163144090e+19 1.136614837477591654e+19 1.025782463479509811e+19 9.276552744612820992e+18 8.417439288255873024e+18 7.664390730037319680e+18
2.110210066443357798e+19 1.914178594134371123e+19 1.722049069190189056e+19 1.551150466826564403e+19 1.397653918892545638e+19 1.260066552163144294e+19 1.136614837477591859e+19 1.025782463479509402e+19 9.276552744612825088e+18 8.417439288255874048e+18 7.664390730037321728e+18
2.110210066443357798e+19 1.914178594134371123e+19 1.722049069190189466e+19 1.551150466826563994e+19 1.397653918892545638e+19 1.260066552163144090e+19 1.136614837477591654e+19 1.025782463479508787e+19 9.276552744612820992e+18 8.417439288255874048e+18 7.664390730037320704e+18
2.110210066443357798e+19 1.914178594134371123e+19 1.722049069190189261e+19 1.551150466826563994e+19 1.397653918892545434e+19 1.260066552163143680e+19 1.136614837477591450e+19 1.025782463479508582e+19 9.276552744612823040e+18 8.417439288255876096e+18 7.664390730037318656e+18
2.110210066443358208e+19 1.914178594134370714e+19 1.722049069190189466e+19 1.551150466826563994e+19 1.397653918892545434e+19 1.260066552163143475e+19 1.136614837477591654e+19 1.025782463479508787e+19 9.276552744612820992e+18 8.417439288255877120e+18 7.664390730037319680e+18
2.110210066443358208e+19 1.914178594134370714e+19 1.722049069190189466e+19 1.551150466826563994e+19 1.397653918892545638e+19 1.260066552163144090e+19 1.136614837477591450e+19 1.025782463479508787e+19 9.276552744612820992e+18 8.417439288255877120e+18 7.664390730037317632e+18
2.110210066443358208e+19 1.914178594134371123e+19 1.722049069190190285e+19 1.551150466826563994e+19 1.397653918892545843e+19 1.260066552163144294e+19 1.136614837477591450e+19 1.025782463479508787e+19 9.276552744612818944e+18 8.417439288255878144e+18 7.664390730037318656e+18
2.110210066443358618e+19 1.914178594134371123e+19 1.722049069190189466e+19 1.551150466826564198e+19 1.397653918892545434e+19 1.260066552163144090e+19 1.136614837477591654e+19 1.025782463479508992e+19 9.276552744612818944e+18 8.417439288255878144e+18 7.664390730037318656e+18
2.110210066443358208e+19 1.914178594134371942e+19 1.722049069190189670e+19 1.551150466826564198e+19 1.397653918892545434e+19 1.260066552163144294e+19 1.136614837477591654e+19 1.025782463479509197e+19 9.276552744612820992e+18 8.417439288255879168e+18 7.664390730037318656e+18
2.110210066443358208e+19 1.914178594134371533e+19 1.722049069190189875e+19 1.551150466826563994e+19 1.397653918892545024e+19 1.260066552163144704e+19 1.136614837477591654e+19 1.025782463479508992e+19 9.276552744612823040e+18 8.417439288255879168e+18 7.664390730037319680e+18
2.110210066443358208e+19 1.914178594134371942e+19 1.722049069190190285e+19 1.551150466826563789e+19 1.397653918892544819e+19 1.260066552163144704e+19 1.136614837477591245e+19 1.025782463479509606e+19 9.276552744612820992e+18 8.417439288255878144e+18 7.664390730037318656e+18
2.110210066443357798e+19 1.914178594134371942e+19 1.722049069190190080e+19 1.551150466826564198e+19 1.397653918892544614e+19 1.260066552163144704e+19 1.136614837477590835e+19 1.025782463479509402e+19 9.276552744612818944e+18 8.417439288255879168e+18 7.664390730037318656e+18
2.110210066443357798e+19 1.914178594134372352e+19 1.722049069190190080e+19 1.551150466826563994e+19 1.397653918892544000e+19 1.260066552163144090e+19 1.136614837477590426e+19 1.025782463479508992e+19 9.276552744612816896e+18 8.417439288255879168e+18 7.664390730037319680e+18
2.110210066443357798e+19 1.914178594134371533e+19 1.722049069190190080e+19 1.551150466826564198e+19 1.397653918892544000e+19 1.260066552163144294e+19 1.136614837477590835e+19 1.025782463479508582e+19 9.276552744612816896e+18 8.417439288255878144e+18 7.664390730037318656e+18
2.110210066443358208e+19 1.914178594134371533e+19 1.722049069190190285e+19 1.551150466826564403e+19 1.397653918892544205e+19 1.260066552163144294e+19 1.136614837477591040e+19 1.025782463479508173e+19 9.276552744612820992e+18 8.417439288255880192e+18 7.664390730037321728e+18
2.110210066443358208e+19 1.914178594134371123e+19 1.722049069190190490e+19 1.551150466826564608e+19 1.397653918892544205e+19 1.260066552163144499e+19 1.136614837477591040e+19 1.025782463479507968e+19 9.276552744612816896e+18 8.417439288255879168e+18 7.664390730037319680e+18
2.110210066443359027e+19 1.914178594134371123e+19 1.722049069190190490e+19 1.551150466826564403e+19 1.397653918892544205e+19 1.260066552163144499e+19 1.136614837477591245e+19 1.025782463479508378e+19 9.276552744612818944e+18 8.417439288255881216e+18 7.664390730037320704e+18
2.110210066443359437e+19 1.914178594134371533e+19 1.722049069190190285e+19 1.551150466826564198e+19 1.397653918892544614e+19 1.260066552163144090e+19 1.136614837477591040e+19 1.025782463479507968e+19 9.276552744612818944e+18 8.417439288255880192e+18 7.664390730037320704e+18
2.110210066443358618e+19 1.914178594134371533e+19 1.722049069190189875e+19 1.551150466826563789e+19 1.397653918892544819e+19 1.260066552163143475e+19 1.136614837477591040e+19 1.025782463479507763e+19 9.276552744612816896e+18 8.417439288255879168e+18 7.664390730037320704e+18
2.110210066443358618e+19 1.914178594134371533e+19 1.722049069190189875e+19 1.551150466826563994e+19 1.397653918892545229e+19 1.260066552163143270e+19 1.136614837477591245e+19 1.025782463479507354e+19 9.276552744612816896e+18 8.417439288255880192e+18 7.664390730037320704e+18
2.110210066443358618e+19 1.914178594134371533e+19 1.722049069190189261e+19 1.551150466826563584e+19 1.397653918892545229e+19 1.260066552163142861e+19 1.136614837477590835e+19 1.025782463479507354e+19 9.276552744612814848e+18 8.417439288255880192e+18 7.664390730037320704e+18
2.110210066443358208e+19 1.914178594134371533e+19 1.722049069190189670e+19 1.551150466826563789e+19 1.397653918892545638e+19 1.260066552163143066e+19 1.136614837477590835e+19 1.025782463479507558e+19 9.276552744612814848e+18 8.417439288255877120e+18 7.664390730037320704e+18
2.110210066443358208e+19 1.914178594134370714e+19 1.722049069190189875e+19 1.551150466826563789e+19 1.397653918892545229e+19 1.260066552163143270e+19 1.136614837477590835e+19 1.025782463479507354e+19 9.276552744612812800e+18 8.417439288255876096e+18 7.664390730037320704e+18
2.110210066443357798e+19 1.914178594134371533e+19 1.722049069190190080e+19 1.551150466826563994e+19 1.397653918892545024e+19 1.260066552163143270e+19 1.136614837477590835e+19 1.025782463479507149e+19 9.276552744612812800e+18 8.417439288255878144e+18 7.664390730037320704e+18
2.110210066443358208e+19 1.914178594134371123e+19 1.722049069190189670e+19 1.551150466826563994e+19 1.397653918892545024e+19 1.260066552163143475e+19 1.136614837477590630e+19 1.025782463479506739e+19 9.276552744612810752e+18 8.417439288255876096e+18 7.664390730037318656e+18
2.110210066443358208e+19 1.914178594134371942e+19 1.722049069190189261e+19 1.551150466826564198e+19 1.397653918892544614e+19 1.260066552163143475e+19 1.136614837477590426e+19 1.025782463479506534e+19 9.276552744612812800e+18 8.417439288255874048e+18 7.664390730037318656e+18
2.110210066443358208e+19 1.914178594134371123e+19 1.722049069190189875e+19 1.551150466826564403e+19 1.397653918892544614e+19 1.260066552163143270e+19 1.136614837477590630e+19 1.025782463479506944e+19 9.276552744612812800e+18 8.417439288255874048e+18 7.664390730037319680e+18
2.110210066443358618e+19 1.914178594134370714e+19 1.722049069190189875e+19 1.551150466826564198e+19 1.397653918892543795e+19 1.260066552163143475e+19 1.136614837477590630e+19 1.025782463479506944e+19 9.276552744612812800e+18 8.417439288255875072e+18 7.664390730037319680e+18
2.110210066443358208e+19 1.914178594134370714e+19 1.722049069190189875e+19 1.551150466826563994e+19 1.397653918892543590e+19 1.260066552163143475e+19 1.136614837477590426e+19 1.025782463479507149e+19 9.276552744612810752e+18 8.417439288255874048e+18 7.664390730037320704e+18
2.110210066443358618e+19 1.914178594134370304e+19 1.722049069190190285e+19 1.551150466826564198e+19 1.397653918892543181e+19 1.260066552163143680e+19 1.136614837477590426e+19 1.025782463479506944e+19 9.276552744612810752e+18 8.417439288255875072e+18 7.664390730037319680e+18
2.110210066443358208e+19 1.914178594134370304e+19 1.722049069190190285e+19 1.551150466826564403e+19 1.397653918892543181e+19 1.260066552163143680e+19 1.136614837477590630e+19 1.025782463479507354e+19 9.276552744612812800e+18 8.417439288255873024e+18 7.664390730037318656e+18
2.110210066443357798e+19 1.914178594134371123e+19 1.722049069190190694e+19 1.551150466826563994e+19 1.397653918892542976e+19 1.260066552163143475e+19 1.136614837477590426e+19 1.025782463479507763e+19 9.276552744612816896e+18 8.417439288255872000e+18 7.664390730037316608e+18
2.110210066443357798e+19 1.914178594134370714e+19 1.722049069190190285e+19 1.551150466826564198e+19 1.397653918892543386e+19 1.260066552163143680e+19 1.136614837477590630e+19 1.025782463479507558e+19 9.276552744612816896e+18 8.417439288255873024e+18 7.664390730037315584e+18
2.110210066443357798e+19 1.914178594134370304e+19 1.722049069190190694e+19 1.551150466826564198e+19 1.397653918892543795e+19 1.260066552163143270e+19 1.136614837477590426e+19 1.025782463479507354e+19 9.276552744612814848e+18 8.417439288255874048e+18 7.664390730037317632e+18
2.110210066443357798e+19 1.914178594134370304e+19 1.722049069190191514e+19 1.551150466826563994e+19 1.397653918892543795e+19 1.260066552163143270e+19 1.136614837477590426e+19 1.025782463479507354e+19 9.276552744612814848e+18 8.417439288255873024e+18 7.664390730037314560e+18
2.110210066443356979e+19 1.914178594134370714e+19 1.722049069190191104e+19 1.551150466826563584e+19 1.397653918892543590e+19 1.260066552163142246e+19 1.136614837477590630e+19 1.025782463479507149e+19 9.276552744612814848e+18 8.417439288255873024e+18 7.664390730037317632e+18
2.110210066443356979e+19 1.914178594134371123e+19 1.722049069190190694e+19 1.551150466826563584e+19 1.397653918892543386e+19 1.260066552163141837e+19 1.136614837477590221e+19 1.025782463479507149e+19 9.276552744612816896e+18 8.417439288255873024e+18 7.664390730037315584e+18
2.110210066443356979e+19 1.914178594134370714e+19 1.722049069190190285e+19 1.551150466826563789e+19 1.397653918892543386e+19 1.260066552163142656e+19 1.136614837477590630e+19 1.025782463479506944e+19 9.276552744612818944e+18 8.417439288255869952e+18 7.664390730037315584e+18
2.110210066443357389e+19 1.914178594134371123e+19 1.722049069190190899e+19 1.551150466826563789e+19 1.397653918892543590e+19 1.260066552163142656e+19 1.136614837477590426e+19 1.025782463479506944e+19 9.276552744612818944e+18 8.417439288255870976e+18 7.664390730037321728e+18
2.110210066443357389e+19 1.914178594134370304e+19 1.722049069190190694e+19 1.551150466826563584e+19 1.397653918892543590e+19 1.260066552163142246e+19 1.136614837477590016e+19 1.025782463479506739e+19 9.276552744612820992e+18 8.417439288255869952e+18 7.664390730037322752e+18
2.110210066443356570e+19 1.914178594134370304e+19 1.722049069190190694e+19 1.551150466826563584e+19 1.397653918892543386e+19 1.260066552163141837e+19 1.136614837477589606e+19 1.025782463479506534e+19 9.276552744612820992e+18 8.417439288255867904e+18 7.664390730037323776e+18
2.110210066443356979e+19 1.914178594134370304e+19 1.722049069190191104e+19 1.551150466826563789e+19 1.397653918892542976e+19 1.260066552163142042e+19 1.136614837477589402e+19 1.025782463479506330e+19 9.276552744612820992e+18 8.417439288255867904e+18 7.664390730037324800e+18
2.110210066443356570e+19 1.914178594134370304e+19 1.722049069190191104e+19 1.551150466826563994e+19 1.397653918892542566e+19 1.260066552163141632e+19 1.136614837477589197e+19 1.025782463479506330e+19 9.276552744612823040e+18 8.417439288255868928e+18 7.664390730037323776e+18
2.110210066443356570e+19 1.914178594134370714e+19 1.722049069190191309e+19 1.551150466826563994e+19 1.397653918892542976e+19 1.260066552163141632e+19 1.136614837477589606e+19 1.025782463479506944e+19 9.276552744612825088e+18 8.417439288255868928e+18 7.664390730037323776e+18
2.110210066443356570e+19 1.914178594134369485e+19 1.722049069190191104e+19 1.551150466826564198e+19 1.397653918892542566e+19 1.260066552163141837e+19 1.136614837477589606e+19 1.025782463479506534e+19 9.276552744612818944e+18 8.417439288255868928e+18 7.664390730037326848e+18
2.110210066443356979e+19 1.914178594134370304e+19 1.722049069190191104e+19 1.551150466826563789e+19 1.397653918892542771e+19 1.260066552163141427e+19 1.136614837477589197e+19 1.025782463479506330e+19 9.276552744612823040e+18 8.417439288255868928e+18 7.664390730037326848e+18
2.110210066443356979e+19 1.914178594134370304e+19 1.722049069190191104e+19 1.551150466826563584e+19 1.397653918892542566e+19 1.260066552163141632e+19 1.136614837477589811e+19 1.025782463479506330e+19 9.276552744612818944e+18 8.417439288255872000e+18 7.664390730037326848e+18
2.110210066443357389e+19 1.914178594134370714e+19 1.722049069190191104e+19 1.551150466826563174e+19 1.397653918892542976e+19 1.260066552163142246e+19 1.136614837477590016e+19 1.025782463479506125e+19 9.276552744612816896e+18 8.417439288255872000e+18 7.664390730037326848e+18
2.110210066443357389e+19 1.914178594134371123e+19 1.722049069190191104e+19 1.551150466826563174e+19 1.397653918892543181e+19 1.260066552163141632e+19 1.136614837477590016e+19 1.025782463479506125e+19 9.276552744612818944e+18 8.417439288255875072e+18 7.664390730037325824e+18
2.110210066443357798e+19 1.914178594134370304e+19 1.722049069190191104e+19 1.551150466826563174e+19 1.397653918892543386e+19 1.260066552163142042e+19 1.136614837477590221e+19 1.025782463479506534e+19 9.276552744612825088e+18 8.417439288255872000e+18 7.664390730037325824e+18
2.110210066443358208e+19 1.914178594134370304e+19 1.722049069190191514e+19 1.551150466826563379e+19 1.397653918892543386e+19 1.260066552163141632e+19 1.136614837477589606e+19 1.025782463479506330e+19 9.276552744612823040e+18 8.417439288255868928e+18 7.664390730037323776e+18
2.110210066443358208e+19 1.914178594134370304e+19 1.722049069190191718e+19 1.551150466826563174e+19 1.397653918892543386e+19 1.260066552163141018e+19 1.136614837477589606e+19 1.025782463479506534e+19 9.276552744612823040e+18 8.417439288255866880e+18 7.664390730037323776e+18
2.110210066443357798e+19 1.914178594134369894e+19 1.722049069190191923e+19 1.551150466826562970e+19 1.397653918892543590e+19 1.260066552163141018e+19 1.136614837477589606e+19 1.025782463479506125e+19 9.276552744612823040e+18 8.417439288255865856e+18 7.664390730037322752e+18
2.110210066443357389e+19 1.914178594134369485e+19 1.722049069190191514e+19 1.551150466826562970e+19 1.397653918892543386e+19 1.260066552163140608e+19 1.136614837477589197e+19 1.025782463479506125e+19 9.276552744612823040e+18 8.417439288255868928e+18 7.664390730037323776e+18
2.110210066443358208e+19 1.914178594134369894e+19 1.722049069190191514e+19 1.551150466826562560e+19 1.397653918892542976e+19 1.260066552163140608e+19 1.136614837477588992e+19 1.025782463479506125e+19 9.276552744612825088e+18 8.417439288255867904e+18 7.664390730037320704e+18
2.110210066443358618e+19 1.914178594134369894e+19 1.722049069190191718e+19 1.551150466826563174e+19 1.397653918892543386e+19 1.260066552163141018e+19 1.136614837477589197e+19 1.025782463479506125e+19 9.276552744612827136e+18 8.417439288255868928e+18 7.664390730037319680e+18
2.110210066443359027e+19 1.914178594134369485e+19 1.722049069190191309e+19 1.551150466826562970e+19 1.397653918892544000e+19 1.260066552163141018e+19 1.136614837477588992e+19 1.025782463479506125e+19 9.276552744612825088e+18 8.417439288255868928e+18 7.664390730037319680e+18
2.110210066443359027e+19 1.914178594134369894e+19 1.722049069190191104e+19 1.551150466826562765e+19 1.397653918892543590e+19 1.260066552163141427e+19 1.136614837477588787e+19 1.025782463479506739e+19 9.276552744612823040e+18 8.417439288255867904e+18 7.664390730037320704e+18
2.110210066443359846e+19 1.914178594134369485e+19 1.722049069190190899e+19 1.551150466826562765e+19 1.397653918892543590e+19 1.260066552163141222e+19 1.136614837477588992e+19 1.025782463479506944e+19 9.276552744612825088e+18 8.417439288255865856e+18 7.664390730037321728e+18
2.110210066443359437e+19 1.914178594134368666e+19 1.722049069190190899e+19 1.551150466826562765e+19 1.397653918892543181e+19 1.260066552163141837e+19 1.136614837477588787e+19 1.025782463479506330e+19 9.276552744612825088e+18 8.417439288255863808e+18 7.664390730037320704e+18
2.110210066443359027e+19 1.914178594134369075e+19 1.722049069190190899e+19 1.551150466826563174e+19 1.397653918892543590e+19 1.260066552163142042e+19 1.136614837477588378e+19 1.025782463479506125e+19 9.276552744612823040e+18 8.417439288255863808e+18 7.664390730037320704e+18
2.110210066443359027e+19 1.914178594134369075e+19 1.722049069190190899e+19 1.551150466826563789e+19 1.397653918892543181e+19 1.260066552163142042e+19 1.136614837477587968e+19 1.025782463479505715e+19 9.276552744612825088e+18 8.417439288255863808e+18 7.664390730037319680e+18
2.110210066443359027e+19 1.914178594134369485e+19 1.722049069190190285e+19 1.551150466826563584e+19 1.397653918892543590e+19 1.260066552163142246e+19 1.136614837477587763e+19 1.025782463479505715e+19 9.276552744612820992e+18 8.417439288255863808e+18 7.664390730037319680e+18
2.110210066443359027e+19 1.914178594134369485e+19 1.722049069190190490e+19 1.551150466826563789e+19 1.397653918892543590e+19 1.260066552163142656e+19 1.136614837477587763e+19 1.025782463479505715e+19 9.276552744612823040e+18 8.417439288255863808e+18 7.664390730037319680e+18
2.110210066443359027e+19 1.914178594134369485e+19 1.722049069190190285e+19 1.551150466826563584e+19 1.397653918892543386e+19 1.260066552163142042e+19 1.136614837477587558e+19 1.025782463479505715e+19 9.276552744612823040e+18 8.417439288255863808e+18 7.664390730037319680e+18
2.110210066443359437e+19 1.914178594134369894e+19 1.722049069190190694e+19 1.551150466826563379e+19 1.397653918892543795e+19 1.260066552163141837e+19 1.136614837477587558e+19 1.025782463479506330e+19 9.276552744612823040e+18 8.417439288255863808e+18 7.664390730037320704e+18
2.110210066443359846e+19 1.914178594134369894e+19 1.722049069190191104e+19 1.551150466826563584e+19 1.397653918892544205e+19 1.260066552163141632e+19 1.136614837477587558e+19 1.025782463479506330e+19 9.276552744612825088e+18 8.417439288255864832e+18 7.664390730037319680e+18
2.110210066443359437e+19 1.914178594134369894e+19 1.722049069190191309e+19 1.551150466826563584e+19 1.397653918892544410e+19 1.260066552163141427e+19 1.136614837477587149e+19 1.025782463479506125e+19 9.276552744612823040e+18 8.417439288255865856e+18 7.664390730037317632e+18
2.110210066443360666e+19 1.914178594134370304e+19 1.722049069190191104e+19 1.551150466826563789e+19 1.397653918892544205e+19 1.260066552163140813e+19 1.136614837477587558e+19 1.025782463479506330e+19 9.276552744612820992e+18 8.417439288255866880e+18 7.664390730037316608e+18
2.110210066443360256e+19 1.914178594134371123e+19 1.722049069190190694e+19 1.551150466826563584e+19 1.397653918892544205e+19 1.260066552163140813e+19 1.136614837477587149e+19 1.025782463479506534e+19 9.276552744612820992e+18 8.417439288255863808e+18 7.664390730037317632e+18
2.110210066443360256e+19 1.914178594134370714e+19 1.722049069190190490e+19 1.551150466826563584e+19 1.397653918892544205e+19 1.260066552163141018e+19 1.136614837477587149e+19 1.025782463479506330e+19 9.276552744612820992e+18 8.417439288255863808e+18 7.664390730037319680e+18
2.110210066443360256e+19 1.914178594134370304e+19 1.722049069190190285e+19 1.551150466826563379e+19 1.397653918892545024e+19 1.260066552163140813e+19 1.136614837477586739e+19 1.025782463479506330e+19 9.276552744612823040e+18 8.417439288255864832e+18 7.664390730037319680e+18
2.110210066443360256e+19 1.914178594134370714e+19 1.722049069190190694e+19 1.551150466826563379e+19 1.397653918892545024e+19 1.260066552163141018e+19 1.136614837477586739e+19 1.025782463479506330e+19 9.276552744612820992e+18 8.417439288255864832e+18 7.664390730037318656e+18
2.110210066443360256e+19 1.914178594134370304e+19 1.722049069190191309e+19 1.551150466826563584e+19 1.397653918892545229e+19 1.260066552163140813e+19 1.136614837477586125e+19 1.025782463479505920e+19 9.276552744612820992e+18 8.417439288255865856e+18 7.664390730037317632e+18
2.110210066443359437e+19 1.914178594134371123e+19 1.722049069190191104e+19 1.551150466826563174e+19 1.397653918892545024e+19 1.260066552163141018e+19 1.136614837477586125e+19 1.025782463479505920e+19 9.276552744612823040e+18 8.417439288255862784e+18 7.664390730037320704e+18
2.110210066443359846e+19 1.914178594134371533e+19 1.722049069190190080e+19 1.551150466826563174e+19 1.397653918892545229e+19 1.260066552163141222e+19 1.136614837477585715e+19 1.025782463479505920e+19 9.276552744612825088e+18 8.417439288255863808e+18 7.664390730037321728e+18
2.110210066443359846e+19 1.914178594134370304e+19 1.722049069190190080e+19 1.551150466826563379e+19 1.397653918892545229e+19 1.260066552163141427e+19 1.136614837477585715e+19 1.025782463479506330e+19 9.276552744612820992e+18 8.417439288255865856e+18 7.664390730037320704e+18
2.110210066443359846e+19 1.914178594134370304e+19 1.722049069190190080e+19 1.551150466826563379e+19 1.397653918892545434e+19 1.260066552163141018e+19 1.136614837477586125e+19 1.025782463479506330e+19 9.276552744612823040e+18 8.417439288255865856e+18 7.664390730037318656e+18
2.110210066443359437e+19 1.914178594134371123e+19 1.722049069190190080e+19 1.551150466826563174e+19 1.397653918892545843e+19 1.260066552163141018e+19 1.136614837477586125e+19 1.025782463479506534e+19 9.276552744612820992e+18 8.417439288255864832e+18 7.664390730037312512e+18
2.110210066443360256e+19 1.914178594134370714e+19 1.722049069190190080e+19 1.551150466826563789e+19 1.397653918892546048e+19 1.260066552163141427e+19 1.136614837477586125e+19 1.025782463479506739e+19 9.276552744612823040e+18 8.417439288255860736e+18 7.664390730037313536e+18
2.110210066443359437e+19 1.914178594134369894e+19 1.722049069190190080e+19 1.551150466826563584e+19 1.397653918892546253e+19 1.260066552163141018e+19 1.136614837477586534e+19 1.025782463479506534e+19 9.276552744612820992e+18 8.417439288255861760e+18 7.664390730037313536e+18
2.110210066443359846e+19 1.914178594134370714e+19 1.722049069190189875e+19 1.551150466826563994e+19 1.397653918892546662e+19 1.260066552163140403e+19 1.136614837477586534e+19 1.025782463479506534e+19 9.276552744612823040e+18 8.417439288255861760e+18 7.664390730037314560e+18
2.110210066443359846e+19 1.914178594134371123e+19 1.722049069190190080e+19 1.551150466826564403e+19 1.397653918892546867e+19 1.260066552163140403e+19 1.136614837477586944e+19 1.025782463479506534e+19 9.276552744612823040e+18 8.417439288255859712e+18 7.664390730037315584e+18
2.110210066443359437e+19 1.914178594134371123e+19 1.722049069190190285e+19 1.551150466826564198e+19 1.397653918892546662e+19 1.260066552163140403e+19 1.136614837477586739e+19 1.025782463479506739e+19 9.276552744612820992e+18 8.417439288255860736e+18 7.664390730037315584e+18
2.110210066443359846e+19 1.914178594134371942e+19 1.722049069190190490e+19 1.551150466826563994e+19 1.397653918892546458e+19 1.260066552163140608e+19 1.136614837477586944e+19 1.025782463479507149e+19 9.276552744612820992e+18 8.417439288255861760e+18 7.664390730037317632e+18
2.110210066443359846e+19 1.914178594134372352e+19 1.722049069190190490e+19 1.551150466826564198e+19 1.397653918892546458e+19 1.260066552163140403e+19 1.136614837477586944e+19 1.025782463479507354e+19 9.276552744612825088e+18 8.417439288255862784e+18 7.664390730037319680e+18
2.110210066443359846e+19 1.914178594134372352e+19 1.722049069190190694e+19 1.551150466826563994e+19 1.397653918892546458e+19 1.260066552163140403e+19 1.136614837477586739e+19 1.025782463479507558e+19 9.276552744612827136e+18 8.417439288255862784e+18 7.664390730037317632e+18
2.110210066443359846e+19 1.914178594134373171e+19 1.722049069190190490e+19 1.551150466826563994e+19 1.397653918892546253e+19 1.260066552163140403e+19 1.136614837477586944e+19 1.025782463479507968e+19 9.276552744612827136e+18 8.417439288255864832e+18 7.664390730037318656e+18
2.110210066443360256e+19 1.914178594134372762e+19 1.722049069190190285e+19 1.551150466826564198e+19 1.397653918892546458e+19 1.260066552163140608e+19 1.136614837477586330e+19 1.025782463479508582e+19 9.276552744612825088e+18 8.417439288255861760e+18 7.664390730037313536e+18
2.110210066443360256e+19 1.914178594134372352e+19 1.722049069190189875e+19 1.551150466826564198e+19 1.397653918892546458e+19 1.260066552163140608e+19 1.136614837477586739e+19 1.025782463479508582e+19 9.276552744612827136e+18 8.417439288255862784e+18 7.664390730037312512e+18
2.110210066443359437e+19 1.914178594134372352e+19 1.722049069190189875e+19 1.551150466826564198e+19 1.397653918892547072e+19 1.260066552163140813e+19 1.136614837477586739e+19 1.025782463479508992e+19 9.276552744612827136e+18 8.417439288255863808e+18 7.664390730037314560e+18
2.110210066443359846e+19 1.914178594134372352e+19 1.722049069190190080e+19 1.551150466826563584e+19 1.397653918892546458e+19 1.260066552163140813e+19 1.136614837477586739e+19 1.025782463479509197e+19 9.276552744612825088e+18 8.417439288255862784e+18 7.664390730037314560e+18
2.110210066443359437e+19 1.914178594134371123e+19 1.722049069190190285e+19 1.551150466826563789e+19 1.397653918892546867e+19 1.260066552163140813e+19 1.136614837477586944e+19 1.025782463479508787e+19 9.276552744612827136e+18 8.417439288255861760e+18 7.664390730037313536e+18
2.110210066443359437e+19 1.914178594134372352e+19 1.722049069190190080e+19 1.551150466826563994e+19 1.397653918892546458e+19 1.260066552163141222e+19 1.136614837477586739e+19 1.025782463479508992e+19 9.276552744612825088e+18 8.417439288255862784e+18 7.664390730037314560e+18
2.110210066443359437e+19 1.914178594134372352e+19 1.722049069190190694e+19 1.551150466826563994e+19 1.397653918892546048e+19 1.260066552163141222e+19 1.136614837477586739e+19 1.025782463479508787e+19 9.276552744612827136e+18 8.417439288255863808e+18 7.664390730037314560e+18
2.110210066443359027e+19 1.914178594134371942e+19 1.722049069190190694e+19 1.551150466826563994e+19 1.397653918892545638e+19 1.260066552163141018e+19 1.136614837477586739e+19 1.025782463479508582e+19 9.276552744612827136e+18 8.417439288255863808e+18 7.664390730037314560e+18
2.110210066443359437e+19 1.914178594134372352e+19 1.722049069190190490e+19 1.551150466826563789e+19 1.397653918892545638e+19 1.260066552163141018e+19 1.136614837477586944e+19 1.025782463479507968e+19 9.276552744612825088e+18 8.417439288255861760e+18 7.664390730037313536e+18
2.110210066443359846e+19 1.914178594134372762e+19 1.722049069190190490e+19 1.551150466826563994e+19 1.397653918892546048e+19 1.260066552163140403e+19 1.136614837477586944e+19 1.025782463479508173e+19 9.276552744612823040e+18 8.417439288255861760e+18 7.664390730037313536e+18
2.110210066443359846e+19 1.914178594134372762e+19 1.722049069190190694e+19 1.551150466826563789e+19 1.397653918892545638e+19 1.260066552163140608e+19 1.136614837477586944e+19 1.025782463479507968e+19 9.276552744612823040e+18 8.417439288255861760e+18 7.664390730037312512e+18
2.110210066443359846e+19 1.914178594134372352e+19 1.722049069190190080e+19 1.551150466826563994e+19 1.397653918892546253e+19 1.260066552163140608e+19 1.136614837477586944e+19 1.025782463479508582e+19 9.276552744612823040e+18 8.417439288255862784e+18 7.664390730037314560e+18
2.110210066443359437e+19 1.914178594134372762e+19 1.722049069190190285e+19 1.551150466826563994e+19 1.397653918892546253e+19 1.260066552163140403e+19 1.136614837477587149e+19 1.025782463479508992e+19 9.276552744612820992e+18 8.417439288255863808e+18 7.664390730037312512e+18
2.110210066443359437e+19 1.914178594134371942e+19 1.722049069190190490e+19 1.551150466826564198e+19 1.397653918892546867e+19 1.260066552163140813e+19 1.136614837477587354e+19 1.025782463479508787e+19 9.276552744612820992e+18 8.417439288255864832e+18 7.664390730037310464e+18
2.110210066443359846e+19 1.914178594134371942e+19 1.722049069190190490e+19 1.551150466826563994e+19 1.397653918892547482e+19 1.260066552163141018e+19 1.136614837477587354e+19 1.025782463479508992e+19 9.276552744612823040e+18 8.417439288255863808e+18 7.664390730037311488e+18
2.110210066443359846e+19 1.914178594134372352e+19 1.722049069190190694e+19 1.551150466826564403e+19 1.397653918892547277e+19 1.260066552163141018e+19 1.136614837477586944e+19 1.025782463479509197e+19 9.276552744612820992e+18 8.417439288255863808e+18 7.664390730037311488e+18
2.110210066443359437e+19 1.914178594134371942e+19 1.722049069190190080e+19 1.551150466826563789e+19 1.397653918892547277e+19 1.260066552163141427e+19 1.136614837477587149e+19 1.025782463479509606e+19 9.276552744612820992e+18 8.417439288255862784e+18 7.664390730037312512e+18
2.110210066443359846e+19 1.914178594134371533e+19 1.722049069190190080e+19 1.551150466826563994e+19 1.397653918892546662e+19 1.260066552163141837e+19 1.136614837477587149e+19 1.025782463479509606e+19 9.276552744612818944e+18 8.417439288255861760e+18 7.664390730037313536e+18
2.110210066443359027e+19 1.914178594134371533e+19 1.722049069190189875e+19 1.551150466826563379e+19 1.397653918892546458e+19 1.260066552163141632e+19 1.136614837477587354e+19 1.025782463479510016e+19 9.276552744612818944e+18 8.417439288255863808e+18 7.664390730037314560e+18
2.110210066443359437e+19 1.914178594134371123e+19 1.722049069190190490e+19 1.551150466826563584e+19 1.397653918892546458e+19 1.260066552163141018e+19 1.136614837477587149e+19 1.025782463479510221e+19 9.276552744612816896e+18 8.417439288255862784e+18 7.664390730037316608e+18
2.110210066443359437e+19 1.914178594134370714e+19 1.722049069190190694e+19 1.551150466826563174e+19 1.397653918892546048e+19 1.260066552163141427e+19 1.136614837477587149e+19 1.025782463479510630e+19 9.276552744612816896e+18 8.417439288255861760e+18 7.664390730037315584e+18
2.110210066443359846e+19 1.914178594134371123e+19 1.722049069190190694e+19 1.551150466826562765e+19 1.397653918892546253e+19 1.260066552163140608e+19 1.136614837477587149e+19 1.025782463479510630e+19 9.276552744612818944e+18 8.417439288255861760e+18 7.664390730037314560e+18
2.110210066443359437e+19 1.914178594134371533e+19 1.722049069190190899e+19 1.551150466826563174e+19 1.397653918892546253e+19 1.260066552163140403e+19 1.136614837477587558e+19 1.025782463479510835e+19 9.276552744612818944e+18 8.417439288255860736e+18 7.664390730037313536e+18
2.110210066443359027e+19 1.914178594134371533e+19 1.722049069190190899e+19 1.551150466826562970e+19 1.397653918892546253e+19 1.260066552163139994e+19 1.136614837477587558e+19 1.025782463479510630e+19 9.276552744612818944e+18 8.417439288255861760e+18 7.664390730037312512e+18
2.110210066443359437e+19 1.914178594134371123e+19 1.722049069190190899e+19 1.551150466826562560e+19 1.397653918892546253e+19 1.260066552163139789e+19 1.136614837477587763e+19 1.025782463479510221e+19 9.276552744612818944e+18 8.417439288255862784e+18 7.664390730037314560e+18
2.110210066443359027e+19 1.914178594134371123e+19 1.722049069190191514e+19 1.551150466826562765e+19 1.397653918892546048e+19 1.260066552163140198e+19 1.136614837477587354e+19 1.025782463479510426e+19 9.276552744612820992e+18 8.417439288255862784e+18 7.664390730037313536e+18
2.110210066443359027e+19 1.914178594134370714e+19 1.722049069190191309e+19 1.551150466826562970e+19 1.397653918892546662e+19 1.260066552163139994e+19 1.136614837477587149e+19 1.025782463479510221e+19 9.276552744612823040e+18 8.417439288255863808e+18 7.664390730037315584e+18
2.110210066443359027e+19 1.914178594134370304e+19 1.722049069190191309e+19 1.551150466826562970e+19 1.397653918892546458e+19 1.260066552163140608e+19 1.136614837477586944e+19 1.025782463479510016e+19 9.276552744612825088e+18 8.417439288255866880e+18 7.664390730037317632e+18
2.110210066443358618e+19 1.914178594134370304e+19 1.722049069190191514e+19 1.551150466826562765e+19 1.397653918892546662e+19 1.260066552163139994e+19 1.136614837477586739e+19 1.025782463479509811e+19 9.276552744612823040e+18 8.417439288255865856e+18 7.664390730037317632e+18
2.110210066443358618e+19 1.914178594134369894e+19 1.722049069190191718e+19 1.551150466826562765e+19 1.397653918892547277e+19 1.260066552163140403e+19 1.136614837477586944e+19 1.025782463479509811e+19 9.276552744612820992e+18 8.417439288255866880e+18 7.664390730037319680e+18
2.110210066443359027e+19 1.914178594134370304e+19 1.722049069190191923e+19 1.551150466826563174e+19 1.397653918892547686e+19 1.260066552163140403e+19 1.136614837477586944e+19 1.025782463479509606e+19 9.276552744612820992e+18 8.417439288255865856e+18 7.664390730037318656e+18
2.110210066443358618e+19 1.914178594134370304e+19 1.722049069190191514e+19 1.551150466826563174e+19 1.397653918892548096e+19 1.260066552163140403e+19 1.136614837477586739e+19 1.025782463479510016e+19 9.276552744612823040e+18 8.417439288255861760e+18 7.664390730037317632e+18
2.110210066443359027e+19 1.914178594134370304e+19 1.722049069190191104e+19 1.551150466826563174e+19 1.397653918892547482e+19 1.260066552163140813e+19 1.136614837477586330e+19 1.025782463479510221e+19 9.276552744612820992e+18 8.417439288255863808e+18 7.664390730037314560e+18
2.110210066443359437e+19 1.914178594134369894e+19 1.722049069190190490e+19 1.551150466826562970e+19 1.397653918892547686e+19 1.260066552163140198e+19 1.136614837477586330e+19 1.025782463479510016e+19 9.276552744612823040e+18 8.417439288255865856e+18 7.664390730037313536e+18
2.110210066443359437e+19 1.914178594134369075e+19 1.722049069190190285e+19 1.551150466826562765e+19 1.397653918892547482e+19 1.260066552163139994e+19 1.136614837477586534e+19 1.025782463479509811e+19 9.276552744612823040e+18 8.417439288255867904e+18 7.664390730037315584e+18
2.110210066443359846e+19 1.914178594134369485e+19 1.722049069190190285e+19 1.551150466826562765e+19 1.397653918892547072e+19 1.260066552163140608e+19 1.136614837477586534e+19 1.025782463479509811e+19 9.276552744612820992e+18 8.417439288255868928e+18 7.664390730037315584e+18
2.110210066443359027e+19 1.914178594134369894e+19 1.722049069190189875e+19 1.551150466826562560e+19 1.397653918892546867e+19 1.260066552163140813e+19 1.136614837477586330e+19 1.025782463479510016e+19 9.276552744612823040e+18 8.417439288255868928e+18 7.664390730037312512e+18
2.110210066443359027e+19 1.914178594134369894e+19 1.722049069190189261e+19 1.551150466826562765e+19 1.397653918892547072e+19 1.260066552163141018e+19 1.136614837477586739e+19 1.025782463479510221e+19 9.276552744612818944e+18 8.417439288255868928e+18 7.664390730037312512e+18
2.110210066443359437e+19 1.914178594134370304e+19 1.722049069190189056e+19 1.551150466826563174e+19 1.397653918892547277e+19 1.260066552163141632e+19 1.136614837477587558e+19 1.025782463479510016e+19 9.276552744612825088e+18 8.417439288255866880e+18 7.664390730037313536e+18
2.110210066443359437e+19 1.914178594134369894e+19 1.722049069190189261e+19 1.551150466826563174e+19 1.397653918892547072e+19 1.260066552163141837e+19 1.136614837477587558e+19 1.025782463479510016e+19 9.276552744612825088e+18 8.417439288255864832e+18 7.664390730037313536e+18
2.110210066443359846e+19 1.914178594134369894e+19 1.722049069190189056e+19 1.551150466826562970e+19 1.397653918892547482e+19 1.260066552163142042e+19 1.136614837477587558e+19 1.025782463479509811e+19 9.276552744612820992e+18 8.417439288255866880e+18 7.664390730037312512e+18
2.110210066443359437e+19 1.914178594134369894e+19 1.722049069190189261e+19 1.551150466826563174e+19 1.397653918892547277e+19 1.260066552163142042e+19 1.136614837477587558e+19 1.025782463479510221e+19 9.276552744612820992e+18 8.417439288255867904e+18 7.664390730037314560e+18
2.110210066443359846e+19 1.914178594134369894e+19 1.722049069190188442e+19 1.551150466826563174e+19 1.397653918892547277e+19 1.260066552163142042e+19 1.136614837477587354e+19 1.025782463479510016e+19 9.276552744612823040e+18 8.417439288255866880e+18 7.664390730037313536e+18
2.110210066443359846e+19 1.914178594134370304e+19 1.722049069190188032e+19 1.551150466826562970e+19 1.397653918892547482e+19 1.260066552163142042e+19 1.136614837477587149e+19 1.025782463479510016e+19 9.276552744612820992e+18 8.417439288255867904e+18 7.664390730037313536e+18
2.110210066443359846e+19 1.914178594134370304e+19 1.722049069190187827e+19 1.551150466826562765e+19 1.397653918892547482e+19 1.260066552163142656e+19 1.136614837477586739e+19 1.025782463479509811e+19 9.276552744612818944e+18 8.417439288255867904e+18 7.664390730037311488e+18
2.110210066443359027e+19 1.914178594134370304e+19 1.722049069190188032e+19 1.551150466826562970e+19 1.397653918892546867e+19 1.260066552163142656e+19 1.136614837477586739e+19 1.025782463479509606e+19 9.276552744612820992e+18 8.417439288255867904e+18 7.664390730037309440e+18
2.110210066443359027e+19 1.914178594134370714e+19 1.722049069190187827e+19 1.551150466826563174e+19 1.397653918892546867e+19 1.260066552163142656e+19 1.136614837477586944e+19 1.025782463479509402e+19 9.276552744612823040e+18 8.417439288255866880e+18 7.664390730037309440e+18
2.110210066443359437e+19 1.914178594134370714e+19 1.722049069190187827e+19 1.551150466826563174e+19 1.397653918892547072e+19 1.260066552163143066e+19 1.136614837477587149e+19 1.025782463479509606e+19 9.276552744612823040e+18 8.417439288255866880e+18 7.664390730037310464e+18
2.110210066443359846e+19 1.914178594134370304e+19 1.722049069190188032e+19 1.551150466826562765e+19 1.397653918892547072e+19 1.260066552163143066e+19 1.136614837477587149e+19 1.025782463479509197e+19 9.276552744612825088e+18 8.417439288255866880e+18 7.664390730037311488e+18
2.110210066443359437e+19 1.914178594134369894e+19 1.722049069190188032e+19 1.551150466826562560e+19 1.397653918892546867e+19 1.260066552163143066e+19 1.136614837477587354e+19 1.025782463479509402e+19 9.276552744612823040e+18 8.417439288255867904e+18 7.664390730037309440e+18
2.110210066443360256e+19 1.914178594134369894e+19 1.722049069190188032e+19 1.551150466826562560e+19 1.397653918892546867e+19 1.260066552163143475e+19 1.136614837477587354e+19 1.025782463479509606e+19 9.276552744612823040e+18 8.417439288255863808e+18 7.664390730037310464e+18
2.110210066443359846e+19 1.914178594134369894e+19 1.722049069190188442e+19 1.551150466826562355e+19 1.397653918892546662e+19 1.260066552163143680e+19 1.136614837477587149e+19 1.025782463479509811e+19 9.276552744612820992e+18 8.417439288255862784e+18 7.664390730037310464e+18
2.110210066443360256e+19 1.914178594134369485e+19 1.722049069190188646e+19 1.551150466826562560e+19 1.397653918892545843e+19 1.260066552163143885e+19 1.136614837477587149e+19 1.025782463479509606e+19 9.276552744612823040e+18 8.417439288255863808e+18 7.664390730037310464e+18
2.110210066443360256e+19 1.914178594134369485e+19 1.722049069190188237e+19 1.551150466826562355e+19 1.397653918892545843e+19 1.260066552163144294e+19 1.136614837477587149e+19 1.025782463479509811e+19 9.276552744612825088e+18 8.417439288255864832e+18 7.664390730037312512e+18
2.110210066443359846e+19 1.914178594134369075e+19 1.722049069190188032e+19 1.551150466826562765e+19 1.397653918892546048e+19 1.260066552163144294e+19 1.136614837477587558e+19 1.025782463479509811e+19 9.276552744612827136e+18 8.417439288255862784e+18 7.664390730037310464e+18
2.110210066443359846e+19 1.914178594134368666e+19 1.722049069190187827e+19 1.551150466826562970e+19 1.397653918892546048e+19 1.260066552163144294e+19 1.136614837477587558e+19 1.025782463479509606e+19 9.276552744612827136e+18 8.417439288255862784e+18 7.664390730037311488e+18
2.110210066443360256e+19 1.914178594134368666e+19 1.722049069190188032e+19 1.551150466826562970e+19 1.397653918892545843e+19 1.260066552163144294e+19 1.136614837477587558e+19 1.025782463479509606e+19 9.276552744612825088e+18 8.417439288255864832e+18 7.664390730037309440e+18
2.110210066443360256e+19 1.914178594134368666e+19 1.722049069190188442e+19 1.551150466826562765e+19 1.397653918892546253e+19 1.260066552163144294e+19 1.136614837477587763e+19 1.025782463479510221e+19 9.276552744612825088e+18 8.417439288255866880e+18 7.664390730037307392e+18
2.110210066443360666e+19 1.914178594134368666e+19 1.722049069190187827e+19 1.551150466826562765e+19 1.397653918892546458e+19 1.260066552163144499e+19 1.136614837477587763e+19 1.025782463479510221e+19 9.276552744612825088e+18 8.417439288255869952e+18 7.664390730037306368e+18
2.110210066443359846e+19 1.914178594134369075e+19 1.722049069190188032e+19 1.551150466826562765e+19 1.397653918892546253e+19 1.260066552163144499e+19 1.136614837477587558e+19 1.025782463479510016e+19 9.276552744612825088e+18 8.417439288255872000e+18 7.664390730037309440e+18
2.110210066443360256e+19 1.914178594134369075e+19 1.722049069190187827e+19 1.551150466826562765e+19 1.397653918892546662e+19 1.260066552163144499e+19 1.136614837477587558e+19 1.025782463479510221e+19 9.276552744612823040e+18 8.417439288255868928e+18 7.664390730037309440e+18
2.110210066443360256e+19 1.914178594134369075e+19 1.722049069190188032e+19 1.551150466826562560e+19 1.397653918892546458e+19 1.260066552163144090e+19 1.136614837477587558e+19 1.025782463479510221e+19 9.276552744612823040e+18 8.417439288255870976e+18 7.664390730037306368e+18
2.110210066443360256e+19 1.914178594134369075e+19 1.722049069190187622e+19 1.551150466826561946e+19 1.397653918892546253e+19 1.260066552163144909e+19 1.136614837477587763e+19 1.025782463479510630e+19 9.276552744612820992e+18 8.417439288255867904e+18 7.664390730037308416e+18
2.110210066443359846e+19 1.914178594134368666e+19 1.722049069190187622e+19 1.551150466826562150e+19 1.397653918892546662e+19 1.260066552163144294e+19 1.136614837477587968e+19 1.025782463479511040e+19 9.276552744612820992e+18 8.417439288255869952e+18 7.664390730037306368e+18
2.110210066443360256e+19 1.914178594134368666e+19 1.722049069190187827e+19 1.551150466826562150e+19 1.397653918892546867e+19 1.260066552163144090e+19 1.136614837477588582e+19 1.025782463479511040e+19 9.276552744612820992e+18 8.417439288255869952e+18 7.664390730037307392e+18
2.110210066443360256e+19 1.914178594134368256e+19 1.722049069190187622e+19 1.551150466826562355e+19 1.397653918892546662e+19 1.260066552163144294e+19 1.136614837477588787e+19 1.025782463479511040e+19 9.276552744612823040e+18 8.417439288255869952e+18 7.664390730037306368e+18
2.110210066443360256e+19 1.914178594134368256e+19 1.722049069190188442e+19 1.551150466826562150e+19 1.397653918892546458e+19 1.260066552163144499e+19 1.136614837477588582e+19 1.025782463479511040e+19 9.276552744612825088e+18 8.417439288255868928e+18 7.664390730037305344e+18
2.110210066443360666e+19 1.914178594134368256e+19 1.722049069190188237e+19 1.551150466826562560e+19 1.397653918892546662e+19 1.260066552163144909e+19 1.136614837477588378e+19 1.025782463479511654e+19 9.276552744612827136e+18 8.417439288255869952e+18 7.664390730037304320e+18
2.110210066443359846e+19 1.914178594134368256e+19 1.722049069190188442e+19 1.551150466826562355e+19 1.397653918892547277e+19 1.260066552163145114e+19 1.136614837477588173e+19 1.025782463479511040e+19 9.276552744612829184e+18 8.417439288255867904e+18 7.664390730037304320e+18
2.110210066443360256e+19 1.914178594134368256e+19 1.722049069190188442e+19 1.551150466826562150e+19 1.397653918892547277e+19 1.260066552163145728e+19 1.136614837477588173e+19 1.025782463479511450e+19 9.276552744612825088e+18 8.417439288255866880e+18 7.664390730037305344e+18
2.110210066443360256e+19 1.914178594134368666e+19 1.722049069190188442e+19 1.551150466826562355e+19 1.397653918892547277e+19 1.260066552163145933e+19 1.136614837477588173e+19 1.025782463479511245e+19 9.276552744612827136e+18 8.417439288255866880e+18 7.664390730037304320e+18
2.110210066443359846e+19 1.914178594134368666e+19 1.722049069190188646e+19 1.551150466826562150e+19 1.397653918892547482e+19 1.260066552163146138e+19 1.136614837477588173e+19 1.025782463479511654e+19 9.276552744612827136e+18 8.417439288255866880e+18 7.664390730037303296e+18
2.110210066443360256e+19 1.914178594134369485e+19 1.722049069190188646e+19 1.551150466826562150e+19 1.397653918892546867e+19 1.260066552163145728e+19 1.136614837477587763e+19 1.025782463479511450e+19 9.276552744612829184e+18 8.417439288255866880e+18 7.664390730037304320e+18
2.110210066443360256e+19 1.914178594134369075e+19 1.722049069190188032e+19 1.551150466826562355e+19 1.397653918892547277e+19 1.260066552163145523e+19 1.136614837477587763e+19 1.025782463479511450e+19 9.276552744612829184e+18 8.417439288255866880e+18 7.664390730037303296e+18
2.110210066443360666e+19 1.914178594134369075e+19 1.722049069190188237e+19 1.551150466826562355e+19 1.397653918892547482e+19 1.260066552163146138e+19 1.136614837477588173e+19 1.025782463479511245e+19 9.276552744612829184e+18 8.417439288255868928e+18 7.664390730037304320e+18
2.110210066443360666e+19 1.914178594134369485e+19 1.722049069190188237e+19 1.551150466826562355e+19 1.397653918892547686e+19 1.260066552163145728e+19 1.136614837477587968e+19 1.025782463479511654e+19 9.276552744612831232e+18 8.417439288255868928e+18 7.664390730037305344e+18
2.110210066443360256e+19 1.914178594134369075e+19 1.722049069190188646e+19 1.551150466826562150e+19 1.397653918892548096e+19 1.260066552163145318e+19 1.136614837477587558e+19 1.025782463479511654e+19 9.276552744612831232e+18 8.417439288255870976e+18 7.664390730037307392e+18
2.110210066443360256e+19 1.914178594134370304e+19 1.722049069190188851e+19 1.551150466826562355e+19 1.397653918892547891e+19 1.260066552163145523e+19 1.136614837477586944e+19 1.025782463479512269e+19 9.276552744612831232e+18 8.417439288255874048e+18 7.664390730037306368e+18
2.110210066443360256e+19 1.914178594134369894e+19 1.722049069190189056e+19 1.551150466826562765e+19 1.397653918892547686e+19 1.260066552163145318e+19 1.136614837477586944e+19 1.025782463479512474e+19 9.276552744612833280e+18 8.417439288255874048e+18 7.664390730037308416e+18
2.110210066443360666e+19 1.914178594134369894e+19 1.722049069190189056e+19 1.551150466826562765e+19 1.397653918892547686e+19 1.260066552163145318e+19 1.136614837477586534e+19 1.025782463479512474e+19 9.276552744612831232e+18 8.417439288255876096e+18 7.664390730037309440e+18
2.110210066443359846e+19 1.914178594134369894e+19 1.722049069190188442e+19 1.551150466826562560e+19 1.397653918892547482e+19 1.260066552163145523e+19 1.136614837477586534e+19 1.025782463479512883e+19 9.276552744612833280e+18 8.417439288255873024e+18 7.664390730037308416e+18
2.110210066443360256e+19 1.914178594134370304e+19 1.722049069190188646e+19 1.551150466826562355e+19 1.397653918892547482e+19 1.260066552163145523e+19 1.136614837477586330e+19 1.025782463479512883e+19 9.276552744612831232e+18 8.417439288255870976e+18 7.664390730037307392e+18
2.110210066443359437e+19 1.914178594134370714e+19 1.722049069190188237e+19 1.551150466826562355e+19 1.397653918892546662e+19 1.260066552163145728e+19 1.136614837477586739e+19 1.025782463479512678e+19 9.276552744612833280e+18 8.417439288255872000e+18 7.664390730037308416e+18
2.110210066443359027e+19 1.914178594134370304e+19 1.722049069190187418e+19 1.551150466826562355e+19 1.397653918892546253e+19 1.260066552163145523e+19 1.136614837477586739e+19 1.025782463479512474e+19 9.276552744612833280e+18 8.417439288255873024e+18 7.664390730037307392e+18
2.110210066443358618e+19 1.914178594134369894e+19 1.722049069190187622e+19 1.551150466826562355e+19 1.397653918892545638e+19 1.260066552163145318e+19 1.136614837477586739e+19 1.025782463479512883e+19 9.276552744612833280e+18 8.417439288255872000e+18 7.664390730037306368e+18
2.110210066443358618e+19 1.914178594134370304e+19 1.722049069190187213e+19 1.551150466826562765e+19 1.397653918892545638e+19 1.260066552163145728e+19 1.136614837477586944e+19 1.025782463479512883e+19 9.276552744612831232e+18 8.417439288255868928e+18 7.664390730037308416e+18
2.110210066443359027e+19 1.914178594134369894e+19 1.722049069190187418e+19 1.551150466826562765e+19 1.397653918892545638e+19 1.260066552163146138e+19 1.136614837477586944e+19 1.025782463479512678e+19 9.276552744612833280e+18 8.417439288255867904e+18 7.664390730037304320e+18
2.110210066443359027e+19 1.914178594134369894e+19 1.722049069190187418e+19 1.551150466826562765e+19 1.397653918892545638e+19 1.260066552163145728e+19 1.136614837477586534e+19 1.025782463479512269e+19 9.276552744612833280e+18 8.417439288255867904e+18 7.664390730037304320e+18
2.110210066443359437e+19 1.914178594134370304e+19 1.722049069190187418e+19 1.551150466826562765e+19 1.397653918892545843e+19 1.260066552163145523e+19 1.136614837477586739e+19 1.025782463479512064e+19 9.276552744612833280e+18 8.417439288255866880e+18 7.664390730037305344e+18
2.110210066443359027e+19 1.914178594134370714e+19 1.722049069190187213e+19 1.551150466826562560e+19 1.397653918892545843e+19 1.260066552163146138e+19 1.136614837477586534e+19 1.025782463479512064e+19 9.276552744612833280e+18 8.417439288255868928e+18 7.664390730037301248e+18
2.110210066443359437e+19 1.914178594134369894e+19 1.722049069190187008e+19 1.551150466826562560e+19 1.397653918892545843e+19 1.260066552163145933e+19 1.136614837477586534e+19 1.025782463479512269e+19 9.276552744612831232e+18 8.417439288255868928e+18 7.664390730037299200e+18
2.110210066443359027e+19 1.914178594134369894e+19 1.722049069190187418e+19 1.551150466826562970e+19 1.397653918892545638e+19 1.260066552163145933e+19 1.136614837477586330e+19 1.025782463479511859e+19 9.276552744612831232e+18 8.417439288255869952e+18 7.664390730037296128e+18
2.110210066443359027e+19 1.914178594134369485e+19 1.722049069190187827e+19 1.551150466826562765e+19 1.397653918892545843e+19 1.260066552163146138e+19 1.136614837477586330e+19 1.025782463479511654e+19 9.276552744612831232e+18 8.417439288255870976e+18 7.664390730037298176e+18
2.110210066443359437e+19 1.914178594134370714e+19 1.722049069190188032e+19 1.551150466826562765e+19 1.397653918892545638e+19 1.260066552163146342e+19 1.136614837477586125e+19 1.025782463479511654e+19 9.276552744612835328e+18 8.417439288255870976e+18 7.664390730037300224e+18
2.110210066443359846e+19 1.914178594134371123e+19 1.722049069190188032e+19 1.551150466826562765e+19 1.397653918892545843e+19 1.260066552163146547e+19 1.136614837477586125e+19 1.025782463479511245e+19 9.276552744612835328e+18 8.417439288255869952e+18 7.664390730037301248e+18
2.110210066443359437e+19 1.914178594134370714e+19 1.722049069190187827e+19 1.551150466826562765e+19 1.397653918892545843e+19 1.260066552163146547e+19 1.136614837477586330e+19 1.025782463479511450e+19 9.276552744612833280e+18 8.417439288255868928e+18 7.664390730037299200e+18
2.110210066443359846e+19 1.914178594134370714e+19 1.722049069190188032e+19 1.551150466826562765e+19 1.397653918892545843e+19 1.260066552163146138e+19 1.136614837477586125e+19 1.025782463479511654e+19 9.276552744612833280e+18 8.417439288255868928e+18 7.664390730037301248e+18
2.110210066443359846e+19 1.914178594134370714e+19 1.722049069190187827e+19 1.551150466826562970e+19 1.397653918892545638e+19 1.260066552163146138e+19 1.136614837477586534e+19 1.025782463479511859e+19 9.276552744612835328e+18 8.417439288255867904e+18 7.664390730037301248e+18
2.110210066443359437e+19 1.914178594134369075e+19 1.722049069190187622e+19 1.551150466826563174e+19 1.397653918892545843e+19 1.260066552163146138e+19 1.136614837477586125e+19 1.025782463479512269e+19 9.276552744612837376e+18 8.417439288255869952e+18 7.664390730037301248e+18
2.110210066443359846e+19 1.914178594134369485e+19 1.722049069190188237e+19 1.551150466826563174e+19 1.397653918892545843e+19 1.260066552163146547e+19 1.136614837477586330e+19 1.025782463479512064e+19 9.276552744612839424e+18 8.417439288255866880e+18 7.664390730037304320e+18
2.110210066443359027e+19 1.914178594134369075e+19 1.722049069190188237e+19 1.551150466826563584e+19 1.397653918892545229e+19 1.260066552163146752e+19 1.136614837477585920e+19 1.025782463479512269e+19 9.276552744612841472e+18 8.417439288255868928e+18 7.664390730037304320e+18
2.110210066443359027e+19 1.914178594134369485e+19 1.722049069190187213e+19 1.551150466826563379e+19 1.397653918892545434e+19 1.260066552163146957e+19 1.136614837477586330e+19 1.025782463479511859e+19 9.276552744612839424e+18 8.417439288255870976e+18 7.664390730037304320e+18
2.110210066443359437e+19 1.914178594134369485e+19 1.722049069190187622e+19 1.551150466826563379e+19 1.397653918892545638e+19 1.260066552163147571e+19 1.136614837477586534e+19 1.025782463479512474e+19 9.276552744612843520e+18 8.417439288255869952e+18 7.664390730037304320e+18
2.110210066443359846e+19 1.914178594134369894e+19 1.722049069190187827e+19 1.551150466826563994e+19 1.397653918892545638e+19 1.260066552163147162e+19 1.136614837477586534e+19 1.025782463479512269e+19 9.276552744612843520e+18 8.417439288255867904e+18 7.664390730037305344e+18
2.110210066443359437e+19 1.914178594134369894e+19 1.722049069190187622e+19 1.551150466826563789e+19 1.397653918892545434e+19 1.260066552163146957e+19 1.136614837477586534e+19 1.025782463479512064e+19 9.276552744612841472e+18 8.417439288255870976e+18 7.664390730037305344e+18
2.110210066443359437e+19 1.914178594134370304e+19 1.722049069190187418e+19 1.551150466826563789e+19 1.397653918892546048e+19 1.260066552163146957e+19 1.136614837477586125e+19 1.025782463479511859e+19 9.276552744612839424e+18 8.417439288255872000e+18 7.664390730037303296e+18
2.110210066443359437e+19 1.914178594134370304e+19 1.722049069190186803e+19 1.551150466826563584e+19 1.397653918892546048e+19 1.260066552163147162e+19 1.136614837477586125e+19 1.025782463479512474e+19 9.276552744612841472e+18 8.417439288255874048e+18 7.664390730037303296e+18
2.110210066443360256e+19 1.914178594134370304e+19 1.722049069190186803e+19 1.551150466826563379e+19 1.397653918892546253e+19 1.260066552163147366e+19 1.136614837477585920e+19 1.025782463479512269e+19 9.276552744612843520e+18 8.417439288255873024e+18 7.664390730037305344e+18
2.110210066443360256e+19 1.914178594134369894e+19 1.722049069190186598e+19 1.551150466826563584e+19 1.397653918892546048e+19 1.260066552163147162e+19 1.136614837477585920e+19 1.025782463479512064e+19 9.276552744612845568e+18 8.417439288255874048e+18 7.664390730037303296e+18
2.110210066443359437e+19 1.914178594134369894e+19 1.722049069190185779e+19 1.551150466826563789e+19 1.397653918892545638e+19 1.260066552163146957e+19 1.136614837477585715e+19 1.025782463479511859e+19 9.276552744612845568e+18 8.417439288255873024e+18 7.664390730037305344e+18
2.110210066443359846e+19 1.914178594134369485e+19 1.722049069190186189e+19 1.551150466826563789e+19 1.397653918892545843e+19 1.260066552163146957e+19 1.136614837477585306e+19 1.025782463479511654e+19 9.276552744612845568e+18 8.417439288255876096e+18 7.664390730037304320e+18
2.110210066443359846e+19 1.914178594134369894e+19 1.722049069190186803e+19 1.551150466826563584e+19 1.397653918892545843e+19 1.260066552163147162e+19 1.136614837477584691e+19 1.025782463479511654e+19 9.276552744612845568e+18 8.417439288255874048e+18 7.664390730037303296e+18
2.110210066443359437e+19 1.914178594134369894e+19 1.722049069190186598e+19 1.551150466826563174e+19 1.397653918892546048e+19 1.260066552163147571e+19 1.136614837477585306e+19 1.025782463479511245e+19 9.276552744612843520e+18 8.417439288255877120e+18 7.664390730037303296e+18
2.110210066443359846e+19 1.914178594134370714e+19 1.722049069190186598e+19 1.551150466826563379e+19 1.397653918892545638e+19 1.260066552163147162e+19 1.136614837477585306e+19 1.025782463479511654e+19 9.276552744612845568e+18 8.417439288255878144e+18 7.664390730037303296e+18
2.110210066443359437e+19 1.914178594134369894e+19 1.722049069190186394e+19 1.551150466826563174e+19 1.397653918892545638e+19 1.260066552163147571e+19 1.136614837477584896e+19 1.025782463479511450e+19 9.276552744612847616e+18 8.417439288255878144e+18 7.664390730037304320e+18
2.110210066443359437e+19 1.914178594134370304e+19 1.722049069190186189e+19 1.551150466826563174e+19 1.397653918892545434e+19 1.260066552163147981e+19 1.136614837477584896e+19 1.025782463479511450e+19 9.276552744612849664e+18 8.417439288255878144e+18 7.664390730037307392e+18
2.110210066443360256e+19 1.914178594134369894e+19 1.722049069190186189e+19 1.551150466826562970e+19 1.397653918892544614e+19 1.260066552163147981e+19 1.136614837477584486e+19 1.025782463479511450e+19 9.276552744612849664e+18 8.417439288255876096e+18 7.664390730037306368e+18
2.110210066443359027e+19 1.914178594134369485e+19 1.722049069190186598e+19 1.551150466826563174e+19 1.397653918892544205e+19 1.260066552163148800e+19 1.136614837477584077e+19 1.025782463479511859e+19 9.276552744612849664e+18 8.417439288255876096e+18 7.664390730037304320e+18
2.110210066443359027e+19 1.914178594134369485e+19 1.722049069190186803e+19 1.551150466826563379e+19 1.397653918892544000e+19 1.260066552163149005e+19 1.136614837477584282e+19 1.025782463479511245e+19 9.276552744612849664e+18 8.417439288255876096e+18 7.664390730037303296e+18
2.110210066443359846e+19 1.914178594134369485e+19 1.722049069190186394e+19 1.551150466826563174e+19 1.397653918892544000e+19 1.260066552163149210e+19 1.136614837477583872e+19 1.025782463479511040e+19 9.276552744612849664e+18 8.417439288255876096e+18 7.664390730037301248e+18
2.110210066443359846e+19 1.914178594134369485e+19 1.722049069190186598e+19 1.551150466826563174e+19 1.397653918892543590e+19 1.260066552163149619e+19 1.136614837477584077e+19 1.025782463479511245e+19 9.276552744612849664e+18 8.417439288255876096e+18 7.664390730037299200e+18
2.110210066443360256e+19 1.914178594134369485e+19 1.722049069190186189e+19 1.551150466826563174e+19 1.397653918892543795e+19 1.260066552163149619e+19 1.136614837477584077e+19 1.025782463479510835e+19 9.276552744612849664e+18 8.417439288255876096e+18 7.664390730037298176e+18
2.110210066443359437e+19 1.914178594134369485e+19 1.722049069190186189e+19 1.551150466826563174e+19 1.397653918892543590e+19 1.260066552163149824e+19 1.136614837477583872e+19 1.025782463479511245e+19 9.276552744612849664e+18 8.417439288255876096e+18 7.664390730037298176e+18
2.110210066443359027e+19 1.914178594134369894e+19 1.722049069190186598e+19 1.551150466826563379e+19 1.397653918892543590e+19 1.260066552163149619e+19 1.136614837477583462e+19 1.025782463479511450e+19 9.276552744612849664e+18 8.417439288255878144e+18 7.664390730037299200e+18
2.110210066443359437e+19 1.914178594134370304e+19 1.722049069190186598e+19 1.551150466826563174e+19 1.397653918892544205e+19 1.260066552163149414e+19 1.136614837477583258e+19 1.025782463479511654e+19 9.276552744612847616e+18 8.417439288255877120e+18 7.664390730037296128e+18
2.110210066443359437e+19 1.914178594134370304e+19 1.722049069190186803e+19 1.551150466826563174e+19 1.397653918892544205e+19 1.260066552163149210e+19 1.136614837477583258e+19 1.025782463479511654e+19 9.276552744612847616e+18 8.417439288255880192e+18 7.664390730037297152e+18
2.110210066443359846e+19 1.914178594134369894e+19 1.722049069190187008e+19 1.551150466826563174e+19 1.397653918892543590e+19 1.260066552163149824e+19 1.136614837477583258e+19 1.025782463479511450e+19 9.276552744612849664e+18 8.417439288255882240e+18 7.664390730037299200e+18
2.110210066443359437e+19 1.914178594134370304e+19 1.722049069190187008e+19 1.551150466826562970e+19 1.397653918892543181e+19 1.260066552163149824e+19 1.136614837477583462e+19 1.025782463479511654e+19 9.276552744612847616e+18 8.417439288255882240e+18 7.664390730037299200e+18
2.110210066443359437e+19 1.914178594134369894e+19 1.722049069190187622e+19 1.551150466826562765e+19 1.397653918892542976e+19 1.260066552163150234e+19 1.136614837477583053e+19 1.025782463479512064e+19 9.276552744612847616e+18 8.417439288255881216e+18 7.664390730037299200e+18
2.110210066443359027e+19 1.914178594134370714e+19 1.722049069190187418e+19 1.551150466826562560e+19 1.397653918892542976e+19 1.260066552163150848e+19 1.136614837477583053e+19 1.025782463479512474e+19 9.276552744612845568e+18 8.417439288255883264e+18 7.664390730037295104e+18
2.110210066443359437e+19 1.914178594134369894e+19 1.722049069190187418e+19 1.551150466826562765e+19 1.397653918892543181e+19 1.260066552163150848e+19 1.136614837477583462e+19 1.025782463479512678e+19 9.276552744612847616e+18 8.417439288255885312e+18 7.664390730037293056e+18
2.110210066443359027e+19 1.914178594134370304e+19 1.722049069190187008e+19 1.551150466826562560e+19 1.397653918892543181e+19 1.260066552163150848e+19 1.136614837477583667e+19 1.025782463479512883e+19 9.276552744612845568e+18 8.417439288255884288e+18 7.664390730037294080e+18
2.110210066443359027e+19 1.914178594134370714e+19 1.722049069190187008e+19 1.551150466826562560e+19 1.397653918892543386e+19 1.260066552163150848e+19 1.136614837477583872e+19 1.025782463479512883e+19 9.276552744612849664e+18 8.417439288255884288e+18 7.664390730037295104e+18
2.110210066443359437e+19 1.914178594134370304e+19 1.722049069190187827e+19 1.551150466826562560e+19 1.397653918892543590e+19 1.260066552163150643e+19 1.136614837477583872e+19 1.025782463479513088e+19 9.276552744612847616e+18 8.417439288255885312e+18 7.664390730037296128e+18
2.110210066443359437e+19 1.914178594134369894e+19 1.722049069190187827e+19 1.551150466826562150e+19 1.397653918892543590e+19 1.260066552163150438e+19 1.136614837477584077e+19 1.025782463479512883e+19 9.276552744612849664e+18 8.417439288255885312e+18 7.664390730037296128e+18
2.110210066443359437e+19 1.914178594134369894e+19 1.722049069190188032e+19 1.551150466826562150e+19 1.397653918892543590e+19 1.260066552163150234e+19 1.136614837477583462e+19 1.025782463479512269e+19 9.276552744612847616e+18 8.417439288255887360e+18 7.664390730037289984e+18
2.110210066443359437e+19 1.914178594134369485e+19 1.722049069190188646e+19 1.551150466826562150e+19 1.397653918892543795e+19 1.260066552163150438e+19 1.136614837477583462e+19 1.025782463479512064e+19 9.276552744612845568e+18 8.417439288255889408e+18 7.664390730037287936e+18
2.110210066443359437e+19 1.914178594134369485e+19 1.722049069190188646e+19 1.551150466826562150e+19 1.397653918892543590e+19 1.260066552163150438e+19 1.136614837477583462e+19 1.025782463479511654e+19 9.276552744612847616e+18 8.417439288255887360e+18 7.664390730037286912e+18
2.110210066443358618e+19 1.914178594134369485e+19 1.722049069190188442e+19 1.551150466826562355e+19 1.397653918892543795e+19 1.260066552163150438e+19 1.136614837477582848e+19 1.025782463479511654e+19 9.276552744612847616e+18 8.417439288255887360e+18 7.664390730037285888e+18
2.110210066443358618e+19 1.914178594134369894e+19 1.722049069190189056e+19 1.551150466826562150e+19 1.397653918892543386e+19 1.260066552163150234e+19 1.136614837477582643e+19 1.025782463479511654e+19 9.276552744612847616e+18 8.417439288255886336e+18 7.664390730037287936e+18
2.110210066443359027e+19 1.914178594134369485e+19 1.722049069190188851e+19 1.551150466826562560e+19 1.397653918892543181e+19 1.260066552163150234e+19 1.136614837477582643e+19 1.025782463479511859e+19 9.276552744612845568e+18 8.417439288255888384e+18 7.664390730037287936e+18
2.110210066443359027e+19 1.914178594134369075e+19 1.722049069190189466e+19 1.551150466826562355e+19 1.397653918892543386e+19 1.260066552163150029e+19 1.136614837477582643e+19 1.025782463479511245e+19 9.276552744612847616e+18 8.417439288255888384e+18 7.664390730037289984e+18
2.110210066443358618e+19 1.914178594134368666e+19 1.722049069190189875e+19 1.551150466826562150e+19 1.397653918892543590e+19 1.260066552163150438e+19 1.136614837477582643e+19 1.025782463479510835e+19 9.276552744612847616e+18 8.417439288255886336e+18 7.664390730037288960e+18
2.110210066443358618e+19 1.914178594134368666e+19 1.722049069190189875e+19 1.551150466826561946e+19 1.397653918892544000e+19 1.260066552163150848e+19 1.136614837477582234e+19 1.025782463479510630e+19 9.276552744612845568e+18 8.417439288255886336e+18 7.664390730037291008e+18
2.110210066443358618e+19 1.914178594134368256e+19 1.722049069190189670e+19 1.551150466826561946e+19 1.397653918892544410e+19 1.260066552163150234e+19 1.136614837477582029e+19 1.025782463479510221e+19 9.276552744612847616e+18 8.417439288255886336e+18 7.664390730037291008e+18
2.110210066443358618e+19 1.914178594134368256e+19 1.722049069190189670e+19 1.551150466826561946e+19 1.397653918892544205e+19 1.260066552163150438e+19 1.136614837477582234e+19 1.025782463479510016e+19 9.276552744612847616e+18 8.417439288255884288e+18 7.664390730037289984e+18
2.110210066443359027e+19 1.914178594134368256e+19 1.722049069190189670e+19 1.551150466826562150e+19 1.397653918892544205e+19 1.260066552163150234e+19 1.136614837477582643e+19 1.025782463479510221e+19 9.276552744612847616e+18 8.417439288255884288e+18 7.664390730037288960e+18
2.110210066443359027e+19 1.914178594134367846e+19 1.722049069190189466e+19 1.551150466826562560e+19 1.397653918892544205e+19 1.260066552163150029e+19 1.136614837477582643e+19 1.025782463479510016e+19 9.276552744612847616e+18 8.417439288255883264e+18 7.664390730037289984e+18
2.110210066443359027e+19 1.914178594134367437e+19 1.722049069190189261e+19 1.551150466826562355e+19 1.397653918892545024e+19 1.260066552163150029e+19 1.136614837477582643e+19 1.025782463479510426e+19 9.276552744612849664e+18 8.417439288255882240e+18 7.664390730037288960e+18
2.110210066443359437e+19 1.914178594134367437e+19 1.722049069190189466e+19 1.551150466826562560e+19 1.397653918892544614e+19 1.260066552163149619e+19 1.136614837477582029e+19 1.025782463479510630e+19 9.276552744612847616e+18 8.417439288255885312e+18 7.664390730037287936e+18
2.110210066443359027e+19 1.914178594134366618e+19 1.722049069190189875e+19 1.551150466826562560e+19 1.397653918892544819e+19 1.260066552163150029e+19 1.136614837477582438e+19 1.025782463479510630e+19 9.276552744612847616e+18 8.417439288255883264e+18 7.664390730037288960e+18
2.110210066443359027e+19 1.914178594134366208e+19 1.722049069190189875e+19 1.551150466826562970e+19 1.397653918892544410e+19 1.260066552163149824e+19 1.136614837477582438e+19 1.025782463479510630e+19 9.276552744612849664e+18 8.417439288255884288e+18 7.664390730037288960e+18
2.110210066443359027e+19 1.914178594134366618e+19 1.722049069190189670e+19 1.551150466826563174e+19 1.397653918892544205e+19 1.260066552163150029e+19 1.136614837477582643e+19 1.025782463479511040e+19 9.276552744612849664e+18 8.417439288255886336e+18 7.664390730037286912e+18
2.110210066443359846e+19 1.914178594134367027e+19 1.722049069190189670e+19 1.551150466826562765e+19 1.397653918892544000e+19 1.260066552163149414e+19 1.136614837477582643e+19 1.025782463479510835e+19 9.276552744612849664e+18 8.417439288255885312e+18 7.664390730037286912e+18
2.110210066443359437e+19 1.914178594134367027e+19 1.722049069190189261e+19 1.551150466826562765e+19 1.397653918892543590e+19 1.260066552163149005e+19 1.136614837477582438e+19 1.025782463479510426e+19 9.276552744612849664e+18 8.417439288255884288e+18 7.664390730037284864e+18
2.110210066443359846e+19 1.914178594134367027e+19 1.722049069190188851e+19 1.551150466826563379e+19 1.397653918892543590e+19 1.260066552163149005e+19 1.136614837477581824e+19 1.025782463479510630e+19 9.276552744612849664e+18 8.417439288255882240e+18 7.664390730037288960e+18
2.110210066443359846e+19 1.914178594134367437e+19 1.722049069190188646e+19 1.551150466826563174e+19 1.397653918892543386e+19 1.260066552163148800e+19 1.136614837477582029e+19 1.025782463479510221e+19 9.276552744612851712e+18 8.417439288255883264e+18 7.664390730037287936e+18
2.110210066443359027e+19 1.914178594134367437e+19 1.722049069190188032e+19 1.551150466826563379e+19 1.397653918892543590e+19 1.260066552163148800e+19 1.136614837477582029e+19 1.025782463479509811e+19 9.276552744612853760e+18 8.417439288255883264e+18 7.664390730037289984e+18
2.110210066443359027e+19 1.914178594134367437e+19 1.722049069190188032e+19 1.551150466826562970e+19 1.397653918892544000e+19 1.260066552163148390e+19 1.136614837477582234e+19 1.025782463479509402e+19 9.276552744612853760e+18 8.417439288255884288e+18 7.664390730037292032e+18
2.110210066443359437e+19 1.914178594134367027e+19 1.722049069190188237e+19 1.551150466826562765e+19 1.397653918892543590e+19 1.260066552163148186e+19 1.136614837477582234e+19 1.025782463479508992e+19 9.276552744612853760e+18 8.417439288255885312e+18 7.664390730037291008e+18
2.110210066443359027e+19 1.914178594134367846e+19 1.722049069190188032e+19 1.551150466826562970e+19 1.397653918892543795e+19 1.260066552163147981e+19 1.136614837477582029e+19 1.025782463479508992e+19 9.276552744612855808e+18 8.417439288255885312e+18 7.664390730037289984e+18
2.110210066443358618e+19 1.914178594134367846e+19 1.722049069190188442e+19 1.551150466826562560e+19 1.397653918892543386e+19 1.260066552163148390e+19 1.136614837477581619e+19 1.025782463479508378e+19 9.276552744612853760e+18 8.417439288255885312e+18 7.664390730037291008e+18
2.110210066443359027e+19 1.914178594134368256e+19 1.722049069190188646e+19 1.551150466826562970e+19 1.397653918892543386e+19 1.260066552163148390e+19 1.136614837477581619e+19 1.025782463479508173e+19 9.276552744612851712e+18 8.417439288255887360e+18 7.664390730037293056e+18
2.110210066443359027e+19 1.914178594134367846e+19 1.722049069190188032e+19 1.551150466826562970e+19 1.397653918892543590e+19 1.260066552163148595e+19 1.136614837477582234e+19 1.025782463479508173e+19 9.276552744612851712e+18 8.417439288255888384e+18 7.664390730037292032e+18
2.110210066443358618e+19 1.914178594134367027e+19 1.722049069190188032e+19 1.551150466826562765e+19 1.397653918892543386e+19 1.260066552163149005e+19 1.136614837477581824e+19 1.025782463479508582e+19 9.276552744612847616e+18 8.417439288255886336e+18 7.664390730037289984e+18
2.110210066443358618e+19 1.914178594134367437e+19 1.722049069190188442e+19 1.551150466826562560e+19 1.397653918892543386e+19 1.260066552163148595e+19 1.136614837477582029e+19 1.025782463479508787e+19 9.276552744612847616e+18 8.417439288255885312e+18 7.664390730037291008e+18
2.110210066443357798e+19 1.914178594134367846e+19 1.722049069190188442e+19 1.551150466826562560e+19 1.397653918892542771e+19 1.260066552163148390e+19 1.136614837477581824e+19 1.025782463479508992e+19 9.276552744612845568e+18 8.417439288255886336e+18 7.664390730037291008e+18
2.110210066443358208e+19 1.914178594134367846e+19 1.722049069190188646e+19 1.551150466826562560e+19 1.397653918892542976e+19 1.260066552163147776e+19 1.136614837477581824e+19 1.025782463479508787e+19 9.276552744612845568e+18 8.417439288255888384e+18 7.664390730037292032e+18
2.110210066443357798e+19 1.914178594134368256e+19 1.722049069190188237e+19 1.551150466826562560e+19 1.397653918892543181e+19 1.260066552163147571e+19 1.136614837477582234e+19 1.025782463479508992e+19 9.276552744612845568e+18 8.417439288255887360e+18 7.664390730037292032e+18
2.110210066443357389e+19 1.914178594134368256e+19 1.722049069190187622e+19 1.551150466826562355e+19 1.397653918892543590e+19 1.260066552163147981e+19 1.136614837477582234e+19 1.025782463479508787e+19 9.276552744612845568e+18 8.417439288255888384e+18 7.664390730037289984e+18
2.110210066443357389e+19 1.914178594134368666e+19 1.722049069190187827e+19 1.551150466826562560e+19 1.397653918892543386e+19 1.260066552163147776e+19 1.136614837477582234e+19 1.025782463479508992e+19 9.276552744612843520e+18 8.417439288255889408e+18 7.664390730037289984e+18
2.110210066443356979e+19 1.914178594134368256e+19 1.722049069190188237e+19 1.551150466826562560e+19 1.397653918892543590e+19 1.260066552163147776e+19 1.136614837477582438e+19 1.025782463479508992e+19 9.276552744612843520e+18 8.417439288255891456e+18 7.664390730037287936e+18
2.110210066443357389e+19 1.914178594134368256e+19 1.722049069190188237e+19 1.551150466826562560e+19 1.397653918892543795e+19 1.260066552163147981e+19 1.136614837477581824e+19 1.025782463479509197e+19 9.276552744612841472e+18 8.417439288255888384e+18 7.664390730037286912e+18
2.110210066443357798e+19 1.914178594134367846e+19 1.722049069190188442e+19 1.551150466826562355e+19 1.397653918892543590e+19 1.260066552163147776e+19 1.136614837477582234e+19 1.025782463479509197e+19 9.276552744612843520e+18 8.417439288255887360e+18 7.664390730037287936e+18
2.110210066443357389e+19 1.914178594134368256e+19 1.722049069190188032e+19 1.551150466826562355e+19 1.397653918892543590e+19 1.260066552163147366e+19 1.136614837477581824e+19 1.025782463479509402e+19 9.276552744612841472e+18 8.417439288255889408e+18 7.664390730037289984e+18
2.110210066443357798e+19 1.914178594134367846e+19 1.722049069190188442e+19 1.551150466826562560e+19 1.397653918892543590e+19 1.260066552163147571e+19 1.136614837477582234e+19 1.025782463479509197e+19 9.276552744612843520e+18 8.417439288255889408e+18 7.664390730037292032e+18
2.110210066443357798e+19 1.914178594134368256e+19 1.722049069190188442e+19 1.551150466826562355e+19 1.397653918892543590e+19 1.260066552163147981e+19 1.136614837477582848e+19 1.025782463479509197e+19 9.276552744612839424e+18 8.417439288255888384e+18 7.664390730037295104e+18
2.110210066443357798e+19 1.914178594134368256e+19 1.722049069190188646e+19 1.551150466826562150e+19 1.397653918892543590e+19 1.260066552163147981e+19 1.136614837477582643e+19 1.025782463479509402e+19 9.276552744612839424e+18 8.417439288255890432e+18 7.664390730037292032e+18
2.110210066443357798e+19 1.914178594134367437e+19 1.722049069190188646e+19 1.551150466826562765e+19 1.397653918892543590e+19 1.260066552163147776e+19 1.136614837477582438e+19 1.025782463479509402e+19 9.276552744612839424e+18 8.417439288255891456e+18 7.664390730037293056e+18
2.110210066443357798e+19 1.914178594134367437e+19 1.722049069190189056e+19 1.551150466826562150e+19 1.397653918892543795e+19 1.260066552163147981e+19 1.136614837477582438e+19 1.025782463479509402e+19 9.276552744612837376e+18 8.417439288255892480e+18 7.664390730037293056e+18
2.110210066443358208e+19 1.914178594134367437e+19 1.722049069190188646e+19 1.551150466826562150e+19 1.397653918892544000e+19 1.260066552163147571e+19 1.136614837477582643e+19 1.025782463479508992e+19 9.276552744612837376e+18 8.417439288255893504e+18 7.664390730037292032e+18
2.110210066443358208e+19 1.914178594134367437e+19 1.722049069190188851e+19 1.551150466826562150e+19 1.397653918892543795e+19 1.260066552163147981e+19 1.136614837477582234e+19 1.025782463479508992e+19 9.276552744612839424e+18 8.417439288255891456e+18 7.664390730037289984e+18
2.110210066443358618e+19 1.914178594134367027e+19 1.722049069190189056e+19 1.551150466826561946e+19 1.397653918892543795e+19 1.260066552163148390e+19 1.136614837477582029e+19 1.025782463479509197e+19 9.276552744612841472e+18 8.417439288255893504e+18 7.664390730037289984e+18
2.110210066443358208e+19 1.914178594134366618e+19 1.722049069190189670e+19 1.551150466826562355e+19 1.397653918892543590e+19 1.260066552163148595e+19 1.136614837477582029e+19 1.025782463479508787e+19 9.276552744612841472e+18 8.417439288255893504e+18 7.664390730037287936e+18
2.110210066443358618e+19 1.914178594134367437e+19 1.722049069190189261e+19 1.551150466826562355e+19 1.397653918892543795e+19 1.260066552163149005e+19 1.136614837477582848e+19 1.025782463479508992e+19 9.276552744612843520e+18 8.417439288255891456e+18 7.664390730037286912e+18
2.110210066443358618e+19 1.914178594134368256e+19 1.722049069190190080e+19 1.551150466826562150e+19 1.397653918892543590e+19 1.260066552163149005e+19 1.136614837477582848e+19 1.025782463479508992e+19 9.276552744612845568e+18 8.417439288255890432e+18 7.664390730037287936e+18
2.110210066443357798e+19 1.914178594134367846e+19 1.722049069190189466e+19 1.551150466826562150e+19 1.397653918892543795e+19 1.260066552163149005e+19 1.136614837477582438e+19 1.025782463479509197e+19 9.276552744612847616e+18 8.417439288255891456e+18 7.664390730037292032e+18
2.110210066443358208e+19 1.914178594134367846e+19 1.722049069190190080e+19 1.551150466826562150e+19 1.397653918892544000e+19 1.260066552163148595e+19 1.136614837477582643e+19 1.025782463479509197e+19 9.276552744612843520e+18 8.417439288255892480e+18 7.664390730037293056e+18
2.110210066443358208e+19 1.914178594134367027e+19 1.722049069190190490e+19 1.551150466826562355e+19 1.397653918892544000e+19 1.260066552163148595e+19 1.136614837477582438e+19 1.025782463479508992e+19 9.276552744612845568e+18 8.417439288255892480e+18 7.664390730037294080e+18
2.110210066443358208e+19 1.914178594134366618e+19 1.722049069190190285e+19 1.551150466826562355e+19 1.397653918892543795e+19 1.260066552163148800e+19 1.136614837477582234e+19 1.025782463479508787e+19 9.276552744612843520e+18 8.417439288255891456e+18 7.664390730037293056e+18
2.110210066443358208e+19 1.914178594134367437e+19 1.722049069190190490e+19 1.551150466826562560e+19 1.397653918892543795e+19 1.260066552163148800e+19 1.136614837477582029e+19 1.025782463479508787e+19 9.276552744612845568e+18 8.417439288255888384e+18 7.664390730037296128e+18
2.110210066443357798e+19 1.914178594134367437e+19 1.722049069190190285e+19 1.551150466826562560e+19 1.397653918892543795e+19 1.260066552163149005e+19 1.136614837477581824e+19 1.025782463479509197e+19 9.276552744612845568e+18 8.417439288255887360e+18 7.664390730037298176e+18
2.110210066443357798e+19 1.914178594134367437e+19 1.722049069190190490e+19 1.551150466826562970e+19 1.397653918892544000e+19 1.260066552163148800e+19 1.136614837477581824e+19 1.025782463479509402e+19 9.276552744612847616e+18 8.417439288255886336e+18 7.664390730037296128e+18
2.110210066443357389e+19 1.914178594134367027e+19 1.722049069190190490e+19 1.551150466826562970e+19 1.397653918892544205e+19 1.260066552163149210e+19 1.136614837477582029e+19 1.025782463479510016e+19 9.276552744612847616e+18 8.417439288255889408e+18 7.664390730037296128e+18
2.110210066443357798e+19 1.914178594134366208e+19 1.722049069190190694e+19 1.551150466826563379e+19 1.397653918892544410e+19 1.260066552163148800e+19 1.136614837477582234e+19 1.025782463479510016e+19 9.276552744612847616e+18 8.417439288255888384e+18 7.664390730037297152e+18
2.110210066443357389e+19 1.914178594134366618e+19 1.722049069190190694e+19 1.551150466826563174e+19 1.397653918892544205e+19 1.260066552163149210e+19 1.136614837477582029e+19 1.025782463479510016e+19 9.276552744612847616e+18 8.417439288255886336e+18 7.664390730037297152e+18
2.110210066443357798e+19 1.914178594134365798e+19 1.722049069190190899e+19 1.551150466826563584e+19 1.397653918892544000e+19 1.260066552163149414e+19 1.136614837477582234e+19 1.025782463479509402e+19 9.276552744612847616e+18 8.417439288255887360e+18 7.664390730037296128e+18
2.110210066443358208e+19 1.914178594134366208e+19 1.722049069190190899e+19 1.551150466826563584e+19 1.397653918892544000e+19 1.260066552163149005e+19 1.136614837477582234e+19 1.025782463479509811e+19 9.276552744612845568e+18 8.417439288255887360e+18 7.664390730037296128e+18
2.110210066443358618e+19 1.914178594134366208e+19 1.722049069190190490e+19 1.551150466826563174e+19 1.397653918892543795e+19 1.260066552163149005e+19 1.136614837477582029e+19 1.025782463479510016e+19 9.276552744612845568e+18 8.417439288255884288e+18 7.664390730037295104e+18
2.110210066443359027e+19 1.914178594134365798e+19 1.722049069190190490e+19 1.551150466826562765e+19 1.397653918892544410e+19 1.260066552163149005e+19 1.136614837477581414e+19 1.025782463479509811e+19 9.276552744612847616e+18 8.417439288255883264e+18 7.664390730037297152e+18
2.110210066443359437e+19 1.914178594134365798e+19 1.722049069190190490e+19 1.551150466826562765e+19 1.397653918892544205e+19 1.260066552163148390e+19 1.136614837477581619e+19 1.025782463479510221e+19 9.276552744612847616e+18 8.417439288255883264e+18 7.664390730037299200e+18
2.110210066443358618e+19 1.914178594134366208e+19 1.722049069190190899e+19 1.551150466826562560e+19 1.397653918892544000e+19 1.260066552163148390e+19 1.136614837477581414e+19 1.025782463479510016e+19 9.276552744612849664e+18 8.417439288255883264e+18 7.664390730037302272e+18
2.110210066443358208e+19 1.914178594134365798e+19 1.722049069190191104e+19 1.551150466826562560e+19 1.397653918892543795e+19 1.260066552163148390e+19 1.136614837477581414e+19 1.025782463479510630e+19 9.276552744612849664e+18 8.417439288255883264e+18 7.664390730037303296e+18
2.110210066443358208e+19 1.914178594134366208e+19 1.722049069190190694e+19 1.551150466826562970e+19 1.397653918892543795e+19 1.260066552163148595e+19 1.136614837477581619e+19 1.025782463479510630e+19 9.276552744612847616e+18 8.417439288255882240e+18 7.664390730037305344e+18
2.110210066443358208e+19 1.914178594134365798e+19 1.722049069190190899e+19 1.551150466826562970e+19 1.397653918892543795e+19 1.260066552163148595e+19 1.136614837477582029e+19 1.025782463479511040e+19 9.276552744612849664e+18 8.417439288255879168e+18 7.664390730037304320e+18
2.110210066443358208e+19 1.914178594134366208e+19 1.722049069190191309e+19 1.551150466826562765e+19 1.397653918892543795e+19 1.260066552163148595e+19 1.136614837477581824e+19 1.025782463479510426e+19 9.276552744612851712e+18 8.417439288255879168e+18 7.664390730037306368e+18
2.110210066443357798e+19 1.914178594134365389e+19 1.722049069190191923e+19 1.551150466826562765e+19 1.397653918892543590e+19 1.260066552163148800e+19 1.136614837477581414e+19 1.025782463479511040e+19 9.276552744612849664e+18 8.417439288255879168e+18 7.664390730037305344e+18
2.110210066443357798e+19 1.914178594134365389e+19 1.722049069190191923e+19 1.551150466826562765e+19 1.397653918892543386e+19 1.260066552163148800e+19 1.136614837477581824e+19 1.025782463479511450e+19 9.276552744612851712e+18 8.417439288255879168e+18 7.664390730037307392e+18
2.110210066443357389e+19 1.914178594134365389e+19 1.722049069190191923e+19 1.551150466826562355e+19 1.397653918892542976e+19 1.260066552163149210e+19 1.136614837477581824e+19 1.025782463479511245e+19 9.276552744612853760e+18 8.417439288255878144e+18 7.664390730037306368e+18
2.110210066443356979e+19 1.914178594134365389e+19 1.722049069190192538e+19 1.551150466826562355e+19 1.397653918892542976e+19 1.260066552163149005e+19 1.136614837477581619e+19 1.025782463479511450e+19 9.276552744612853760e+18 8.417439288255877120e+18 7.664390730037307392e+18
2.110210066443357389e+19 1.914178594134366208e+19 1.722049069190191923e+19 1.551150466826562560e+19 1.397653918892542566e+19 1.260066552163149414e+19 1.136614837477582029e+19 1.025782463479511654e+19 9.276552744612855808e+18 8.417439288255875072e+18 7.664390730037304320e+18
2.110210066443357389e+19 1.914178594134366208e+19 1.722049069190192128e+19 1.551150466826562765e+19 1.397653918892542771e+19 1.260066552163149619e+19 1.136614837477581619e+19 1.025782463479511859e+19 9.276552744612855808e+18 8.417439288255874048e+18 7.664390730037303296e+18
2.110210066443357389e+19 1.914178594134366618e+19 1.722049069190192128e+19 1.551150466826562355e+19 1.397653918892542976e+19 1.260066552163149824e+19 1.136614837477581619e+19 1.025782463479511859e+19 9.276552744612853760e+18 8.417439288255874048e+18 7.664390730037300224e+18
2.110210066443357389e+19 1.914178594134366208e+19 1.722049069190192742e+19 1.551150466826562355e+19 1.397653918892542771e+19 1.260066552163149619e+19 1.136614837477581619e+19 1.025782463479511859e+19 9.276552744612853760e+18 8.417439288255874048e+18 7.664390730037300224e+18
2.110210066443357389e+19 1.914178594134366208e+19 1.722049069190192333e+19 1.551150466826562765e+19 1.397653918892542976e+19 1.260066552163149414e+19 1.136614837477581619e+19 1.025782463479511654e+19 9.276552744612853760e+18 8.417439288255870976e+18 7.664390730037299200e+18
2.110210066443356979e+19 1.914178594134365798e+19 1.722049069190191923e+19 1.551150466826562560e+19 1.397653918892542976e+19 1.260066552163149210e+19 1.136614837477581414e+19 1.025782463479511245e+19 9.276552744612857856e+18 8.417439288255872000e+18 7.664390730037301248e+18
2.110210066443356979e+19 1.914178594134365389e+19 1.722049069190192333e+19 1.551150466826562355e+19 1.397653918892543181e+19 1.260066552163149210e+19 1.136614837477581005e+19 1.025782463479511654e+19 9.276552744612859904e+18 8.417439288255872000e+18 7.664390730037299200e+18
2.110210066443356979e+19 1.914178594134365389e+19 1.722049069190191923e+19 1.551150466826562355e+19 1.397653918892542976e+19 1.260066552163149414e+19 1.136614837477580800e+19 1.025782463479511245e+19 9.276552744612859904e+18 8.417439288255869952e+18 7.664390730037303296e+18
2.110210066443356979e+19 1.914178594134365389e+19 1.722049069190192742e+19 1.551150466826562150e+19 1.397653918892542976e+19 1.260066552163149619e+19 1.136614837477581210e+19 1.025782463479511450e+19 9.276552744612857856e+18 8.417439288255870976e+18 7.664390730037303296e+18
2.110210066443356570e+19 1.914178594134365389e+19 1.722049069190192538e+19 1.551150466826562355e+19 1.397653918892542976e+19 1.260066552163149619e+19 1.136614837477581005e+19 1.025782463479511654e+19 9.276552744612859904e+18 8.417439288255869952e+18 7.664390730037303296e+18
2.110210066443356570e+19 1.914178594134364979e+19 1.722049069190192333e+19 1.551150466826562560e+19 1.397653918892542976e+19 1.260066552163149824e+19 1.136614837477581005e+19 1.025782463479511654e+19 9.276552744612855808e+18 8.417439288255868928e+18 7.664390730037303296e+18
2.110210066443356160e+19 1.914178594134364979e+19 1.722049069190192333e+19 1.551150466826562355e+19 1.397653918892543181e+19 1.260066552163150234e+19 1.136614837477581210e+19 1.025782463479511859e+19 9.276552744612855808e+18 8.417439288255869952e+18 7.664390730037301248e+18
2.110210066443356160e+19 1.914178594134364979e+19 1.722049069190192538e+19 1.551150466826562560e+19 1.397653918892542976e+19 1.260066552163150643e+19 1.136614837477581414e+19 1.025782463479511859e+19 9.276552744612859904e+18 8.417439288255870976e+18 7.664390730037304320e+18
2.110210066443355341e+19 1.914178594134365389e+19 1.722049069190192947e+19 1.551150466826562560e+19 1.397653918892542566e+19 1.260066552163150234e+19 1.136614837477581210e+19 1.025782463479511654e+19 9.276552744612857856e+18 8.417439288255872000e+18 7.664390730037302272e+18
2.110210066443355750e+19 1.914178594134365389e+19 1.722049069190192947e+19 1.551150466826562560e+19 1.397653918892542566e+19 1.260066552163150029e+19 1.136614837477581414e+19 1.025782463479511859e+19 9.276552744612859904e+18 8.417439288255869952e+18 7.664390730037301248e+18
2.110210066443355750e+19 1.914178594134365798e+19 1.722049069190193357e+19 1.551150466826562560e+19 1.397653918892542771e+19 1.260066552163150848e+19 1.136614837477582029e+19 1.025782463479511245e+19 9.276552744612857856e+18 8.417439288255869952e+18 7.664390730037300224e+18
2.110210066443356160e+19 1.914178594134365389e+19 1.722049069190193766e+19 1.551150466826562355e+19 1.397653918892542771e+19 1.260066552163151258e+19 1.136614837477582029e+19 1.025782463479510835e+19 9.276552744612859904e+18 8.417439288255868928e+18 7.664390730037301248e+18
2.110210066443356160e+19 1.914178594134365798e+19 1.722049069190193971e+19 1.551150466826562150e+19 1.397653918892542566e+19 1.260066552163151053e+19 1.136614837477581414e+19 1.025782463479510426e+19 9.276552744612859904e+18 8.417439288255872000e+18 7.664390730037302272e+18
2.110210066443356160e+19 1.914178594134366208e+19 1.722049069190194381e+19 1.551150466826562150e+19 1.397653918892542771e+19 1.260066552163151462e+19 1.136614837477581414e+19 1.025782463479510835e+19 9.276552744612857856e+18 8.417439288255869952e+18 7.664390730037305344e+18
2.110210066443354931e+19 1.914178594134366208e+19 1.722049069190194176e+19 1.551150466826562355e+19 1.397653918892542362e+19 1.260066552163151053e+19 1.136614837477580800e+19 1.025782463479510630e+19 9.276552744612857856e+18 8.417439288255868928e+18 7.664390730037305344e+18
2.110210066443354931e+19 1.914178594134366208e+19 1.722049069190194586e+19 1.551150466826562765e+19 1.397653918892542157e+19 1.260066552163151053e+19 1.136614837477580595e+19 1.025782463479510426e+19 9.276552744612857856e+18 8.417439288255866880e+18 7.664390730037304320e+18
2.110210066443354931e+19 1.914178594134366208e+19 1.722049069190194586e+19 1.551150466826563174e+19 1.397653918892542362e+19 1.260066552163151258e+19 1.136614837477580595e+19 1.025782463479510426e+19 9.276552744612855808e+18 8.417439288255865856e+18 7.664390730037306368e+18
2.110210066443355341e+19 1.914178594134366618e+19 1.722049069190194790e+19 1.551150466826562970e+19 1.397653918892542362e+19 1.260066552163150848e+19 1.136614837477580595e+19 1.025782463479510221e+19 9.276552744612853760e+18 8.417439288255867904e+18 7.664390730037308416e+18
2.110210066443354931e+19 1.914178594134366618e+19 1.722049069190194790e+19 1.551150466826562970e+19 1.397653918892541952e+19 1.260066552163150234e+19 1.136614837477580390e+19 1.025782463479509811e+19 9.276552744612851712e+18 8.417439288255866880e+18 7.664390730037305344e+18
2.110210066443354522e+19 1.914178594134366208e+19 1.722049069190194790e+19 1.551150466826563379e+19 1.397653918892541542e+19 1.260066552163150029e+19 1.136614837477580390e+19 1.025782463479509606e+19 9.276552744612851712e+18 8.417439288255867904e+18 7.664390730037305344e+18
2.110210066443354931e+19 1.914178594134366208e+19 1.722049069190194995e+19 1.551150466826563379e+19 1.397653918892541542e+19 1.260066552163150643e+19 1.136614837477580390e+19 1.025782463479509811e+19 9.276552744612851712e+18 8.417439288255869952e+18 7.664390730037305344e+18
2.110210066443354522e+19 1.914178594134366208e+19 1.722049069190195200e+19 1.551150466826563174e+19 1.397653918892541747e+19 1.260066552163150234e+19 1.136614837477580186e+19 1.025782463479509811e+19 9.276552744612851712e+18 8.417439288255868928e+18 7.664390730037306368e+18
2.110210066443354522e+19 1.914178594134366208e+19 1.722049069190194790e+19 1.551150466826563174e+19 1.397653918892541338e+19 1.260066552163150438e+19 1.136614837477579981e+19 1.025782463479510016e+19 9.276552744612851712e+18 8.417439288255869952e+18 7.664390730037306368e+18
2.110210066443354112e+19 1.914178594134366208e+19 1.722049069190194995e+19 1.551150466826563379e+19 1.397653918892541747e+19 1.260066552163150029e+19 1.136614837477579981e+19 1.025782463479509606e+19 9.276552744612853760e+18 8.417439288255873024e+18 7.664390730037305344e+18
2.110210066443354112e+19 1.914178594134365389e+19 1.722049069190194790e+19 1.551150466826563379e+19 1.397653918892541542e+19 1.260066552163149824e+19 1.136614837477580186e+19 1.025782463479510016e+19 9.276552744612853760e+18 8.417439288255874048e+18 7.664390730037305344e+18
2.110210066443354112e+19 1.914178594134365389e+19 1.722049069190194790e+19 1.551150466826563174e+19 1.397653918892541747e+19 1.260066552163149824e+19 1.136614837477579981e+19 1.025782463479510016e+19 9.276552744612853760e+18 8.417439288255870976e+18 7.664390730037307392e+18
2.110210066443354522e+19 1.914178594134365389e+19 1.722049069190195200e+19 1.551150466826563174e+19 1.397653918892541747e+19 1.260066552163149824e+19 1.136614837477579981e+19 1.025782463479509811e+19 9.276552744612853760e+18 8.417439288255868928e+18 7.664390730037305344e+18
2.110210066443354112e+19 1.914178594134365389e+19 1.722049069190194586e+19 1.551150466826563174e+19 1.397653918892541542e+19 1.260066552163150029e+19 1.136614837477579981e+19 1.025782463479509606e+19 9.276552744612851712e+18 8.417439288255866880e+18 7.664390730037305344e+18
2.110210066443353702e+19 1.914178594134365389e+19 1.722049069190194176e+19 1.551150466826563379e+19 1.397653918892542157e+19 1.260066552163149619e+19 1.136614837477580186e+19 1.025782463479509606e+19 9.276552744612853760e+18 8.417439288255865856e+18 7.664390730037306368e+18
2.110210066443353702e+19 1.914178594134365389e+19 1.722049069190194176e+19 1.551150466826563379e+19 1.397653918892542157e+19 1.260066552163149414e+19 1.136614837477580186e+19 1.025782463479509811e+19 9.276552744612853760e+18 8.417439288255865856e+18 7.664390730037308416e+18
2.110210066443353702e+19 1.914178594134365389e+19 1.722049069190194381e+19 1.551150466826563584e+19 1.397653918892542362e+19 1.260066552163149414e+19 1.136614837477580390e+19 1.025782463479509606e+19 9.276552744612853760e+18 8.417439288255866880e+18 7.664390730037307392e+18
2.110210066443352883e+19 1.914178594134365798e+19 1.722049069190194995e+19 1.551150466826563379e+19 1.397653918892541952e+19 1.260066552163149619e+19 1.136614837477581005e+19 1.025782463479510630e+19 9.276552744612855808e+18 8.417439288255865856e+18 7.664390730037308416e+18
2.110210066443352474e+19 1.914178594134365389e+19 1.722049069190195200e+19 1.551150466826563174e+19 1.397653918892541952e+19 1.260066552163150029e+19 1.136614837477581005e+19 1.025782463479510221e+19 9.276552744612853760e+18 8.417439288255864832e+18 7.664390730037307392e+18
2.110210066443352883e+19 1.914178594134364979e+19 1.722049069190195405e+19 1.551150466826563174e+19 1.397653918892541747e+19 1.260066552163150029e+19 1.136614837477580390e+19 1.025782463479510426e+19 9.276552744612853760e+18 8.417439288255863808e+18 7.664390730037309440e+18
2.110210066443353293e+19 1.914178594134365389e+19 1.722049069190194790e+19 1.551150466826563174e+19 1.397653918892541952e+19 1.260066552163150029e+19 1.136614837477580595e+19 1.025782463479510630e+19 9.276552744612855808e+18 8.417439288255862784e+18 7.664390730037310464e+18
2.110210066443353293e+19 1.914178594134365389e+19 1.722049069190195405e+19 1.551150466826562970e+19 1.397653918892541952e+19 1.260066552163150234e+19 1.136614837477580800e+19 1.025782463479510426e+19 9.276552744612855808e+18 8.417439288255860736e+18 7.664390730037305344e+18
2.110210066443353702e+19 1.914178594134364979e+19 1.722049069190195200e+19 1.551150466826563174e+19 1.397653918892541747e+19 1.260066552163149824e+19 1.136614837477581005e+19 1.025782463479510426e+19 9.276552744612855808e+18 8.417439288255859712e+18 7.664390730037307392e+18
2.110210066443353702e+19 1.914178594134365798e+19 1.722049069190194995e+19 1.551150466826563379e+19 1.397653918892541952e+19 1.260066552163150234e+19 1.136614837477581005e+19 1.025782463479510426e+19 9.276552744612855808e+18 8.417439288255860736e+18 7.664390730037305344e+18
2.110210066443353293e+19 1.914178594134365389e+19 1.722049069190194790e+19 1.551150466826563584e+19 1.397653918892541952e+19 1.260066552163150643e+19 1.136614837477580186e+19 1.025782463479510835e+19 9.276552744612859904e+18 8.417439288255858688e+18 7.664390730037307392e+18
2.110210066443353293e+19 1.914178594134364979e+19 1.722049069190195405e+19 1.551150466826563789e+19 1.397653918892542157e+19 1.260066552163151053e+19 1.136614837477580800e+19 1.025782463479510835e+19 9.276552744612855808e+18 8.417439288255858688e+18 7.664390730037308416e+18
2.110210066443353702e+19 1.914178594134364979e+19 1.722049069190195200e+19 1.551150466826563584e+19 1.397653918892542157e+19 1.260066552163151053e+19 1.136614837477580595e+19 1.025782463479510835e+19 9.276552744612857856e+18 8.417439288255861760e+18 7.664390730037309440e+18
2.110210066443353702e+19 1.914178594134364570e+19 1.722049069190194995e+19 1.551150466826563584e+19 1.397653918892542566e+19 1.260066552163150848e+19 1.136614837477580595e+19 1.025782463479510835e+19 9.276552744612857856e+18 8.417439288255860736e+18 7.664390730037310464e+18
2.110210066443354112e+19 1.914178594134364160e+19 1.722049069190194790e+19 1.551150466826563379e+19 1.397653918892542157e+19 1.260066552163151258e+19 1.136614837477581005e+19 1.025782463479511040e+19 9.276552744612855808e+18 8.417439288255860736e+18 7.664390730037308416e+18
2.110210066443353702e+19 1.914178594134364160e+19 1.722049069190194586e+19 1.551150466826563379e+19 1.397653918892542566e+19 1.260066552163151462e+19 1.136614837477581005e+19 1.025782463479510426e+19 9.276552744612857856e+18 8.417439288255858688e+18 7.664390730037310464e+18
2.110210066443354522e+19 1.914178594134364570e+19 1.722049069190193766e+19 1.551150466826563379e+19 1.397653918892542771e+19 1.260066552163151462e+19 1.136614837477581005e+19 1.025782463479511245e+19 9.276552744612855808e+18 8.417439288255857664e+18 7.664390730037308416e+18
2.110210066443354522e+19 1.914178594134364160e+19 1.722049069190193971e+19 1.551150466826563379e+19 1.397653918892542771e+19 1.260066552163151258e+19 1.136614837477579981e+19 1.025782463479511859e+19 9.276552744612855808e+18 8.417439288255859712e+18 7.664390730037308416e+18
2.110210066443354522e+19 1.914178594134364979e+19 1.722049069190194176e+19 1.551150466826563174e+19 1.397653918892542771e+19 1.260066552163151462e+19 1.136614837477579776e+19 1.025782463479511450e+19 9.276552744612857856e+18 8.417439288255858688e+18 7.664390730037308416e+18
2.110210066443354931e+19 1.914178594134364979e+19 1.722049069190193357e+19 1.551150466826563174e+19 1.397653918892542566e+19 1.260066552163151667e+19 1.136614837477579981e+19 1.025782463479512064e+19 9.276552744612853760e+18 8.417439288255857664e+18 7.664390730037307392e+18
2.110210066443354931e+19 1.914178594134365389e+19 1.722049069190194176e+19 1.551150466826562970e+19 1.397653918892542771e+19 1.260066552163151258e+19 1.136614837477579981e+19 1.025782463479512474e+19 9.276552744612853760e+18 8.417439288255858688e+18 7.664390730037305344e+18
2.110210066443355341e+19 1.914178594134364979e+19 1.722049069190193971e+19 1.551150466826562560e+19 1.397653918892542976e+19 1.260066552163151462e+19 1.136614837477579981e+19 1.025782463479512474e+19 9.276552744612853760e+18 8.417439288255858688e+18 7.664390730037305344e+18
2.110210066443355341e+19 1.914178594134364979e+19 1.722049069190193971e+19 1.551150466826562970e+19 1.397653918892542976e+19 1.260066552163151258e+19 1.136614837477579776e+19 1.025782463479512474e+19 9.276552744612851712e+18 8.417439288255859712e+18 7.664390730037306368e+18
2.110210066443355341e+19 1.914178594134364160e+19 1.722049069190194586e+19 1.551150466826562765e+19 1.397653918892542976e+19 1.260066552163150848e+19 1.136614837477579776e+19 1.025782463479513088e+19 9.276552744612853760e+18 8.417439288255859712e+18 7.664390730037310464e+18
2.110210066443355750e+19 1.914178594134364979e+19 1.722049069190194790e+19 1.551150466826563174e+19 1.397653918892542976e+19 1.260066552163150643e+19 1.136614837477578957e+19 1.025782463479513293e+19 9.276552744612851712e+18 8.417439288255858688e+18 7.664390730037309440e+18
2.110210066443355341e+19 1.914178594134364570e+19 1.722049069190194995e+19 1.551150466826562970e+19 1.397653918892542976e+19 1.260066552163151258e+19 1.136614837477578342e+19 1.025782463479512883e+19 9.276552744612851712e+18 8.417439288255857664e+18 7.664390730037307392e+18
2.110210066443355750e+19 1.914178594134364570e+19 1.722049069190195610e+19 1.551150466826563379e+19 1.397653918892543181e+19 1.260066552163151258e+19 1.136614837477578138e+19 1.025782463479512883e+19 9.276552744612847616e+18 8.417439288255857664e+18 7.664390730037309440e+18
2.110210066443356160e+19 1.914178594134364570e+19 1.722049069190195610e+19 1.551150466826562970e+19 1.397653918892542976e+19 1.260066552163151462e+19 1.136614837477577933e+19 1.025782463479512678e+19 9.276552744612845568e+18 8.417439288255857664e+18 7.664390730037310464e+18
2.110210066443356160e+19 1.914178594134364160e+19 1.722049069190195814e+19 1.551150466826563379e+19 1.397653918892543181e+19 1.260066552163151462e+19 1.136614837477578138e+19 1.025782463479512678e+19 9.276552744612847616e+18 8.417439288255856640e+18 7.664390730037310464e+18
2.110210066443355750e+19 1.914178594134363341e+19 1.722049069190195814e+19 1.551150466826562970e+19 1.397653918892542976e+19 1.260066552163151462e+19 1.136614837477578138e+19 1.025782463479512474e+19 9.276552744612851712e+18 8.417439288255857664e+18 7.664390730037311488e+18
2.110210066443356160e+19 1.914178594134363750e+19 1.722049069190194995e+19 1.551150466826563174e+19 1.397653918892542976e+19 1.260066552163151667e+19 1.136614837477577728e+19 1.025782463479512678e+19 9.276552744612853760e+18 8.417439288255858688e+18 7.664390730037308416e+18
2.110210066443356160e+19 1.914178594134363341e+19 1.722049069190194790e+19 1.551150466826562970e+19 1.397653918892543181e+19 1.260066552163151667e+19 1.136614837477576909e+19 1.025782463479512883e+19 9.276552744612855808e+18 8.417439288255859712e+18 7.664390730037309440e+18
2.110210066443356570e+19 1.914178594134363341e+19 1.722049069190194381e+19 1.551150466826562355e+19 1.397653918892543181e+19 1.260066552163151872e+19 1.136614837477576704e+19 1.025782463479512269e+19 9.276552744612857856e+18 8.417439288255860736e+18 7.664390730037310464e+18
2.110210066443356570e+19 1.914178594134364160e+19 1.722049069190194586e+19 1.551150466826562355e+19 1.397653918892543181e+19 1.260066552163152077e+19 1.136614837477576704e+19 1.025782463479512269e+19 9.276552744612857856e+18 8.417439288255858688e+18 7.664390730037311488e+18
2.110210066443356979e+19 1.914178594134364160e+19 1.722049069190195200e+19 1.551150466826562355e+19 1.397653918892543386e+19 1.260066552163152282e+19 1.136614837477576704e+19 1.025782463479512269e+19 9.276552744612855808e+18 8.417439288255858688e+18 7.664390730037308416e+18
2.110210066443356979e+19 1.914178594134364570e+19 1.722049069190195200e+19 1.551150466826562355e+19 1.397653918892543181e+19 1.260066552163151667e+19 1.136614837477576499e+19 1.025782463479511859e+19 9.276552744612855808e+18 8.417439288255860736e+18 7.664390730037309440e+18
2.110210066443356979e+19 1.914178594134364570e+19 1.722049069190194995e+19 1.551150466826562355e+19 1.397653918892543386e+19 1.260066552163151258e+19 1.136614837477576294e+19 1.025782463479511859e+19 9.276552744612855808e+18 8.417439288255860736e+18 7.664390730037311488e+18
2.110210066443356979e+19 1.914178594134364160e+19 1.722049069190194790e+19 1.551150466826562560e+19 1.397653918892543181e+19 1.260066552163151053e+19 1.136614837477576294e+19 1.025782463479511859e+19 9.276552744612857856e+18 8.417439288255863808e+18 7.664390730037311488e+18
2.110210066443357389e+19 1.914178594134364160e+19 1.722049069190194586e+19 1.551150466826562560e+19 1.397653918892543181e+19 1.260066552163151053e+19 1.136614837477576090e+19 1.025782463479511859e+19 9.276552744612855808e+18 8.417439288255864832e+18 7.664390730037310464e+18
2.110210066443356979e+19 1.914178594134364570e+19 1.722049069190195200e+19 1.551150466826562560e+19 1.397653918892542976e+19 1.260066552163150848e+19 1.136614837477576090e+19 1.025782463479512064e+19 9.276552744612853760e+18 8.417439288255864832e+18 7.664390730037311488e+18
2.110210066443356570e+19 1.914178594134364570e+19 1.722049069190195200e+19 1.551150466826562970e+19 1.397653918892542976e+19 1.260066552163150643e+19 1.136614837477576294e+19 1.025782463479511654e+19 9.276552744612853760e+18 8.417439288255861760e+18 7.664390730037313536e+18
2.110210066443356160e+19 1.914178594134364570e+19 1.722049069190195200e+19 1.551150466826563174e+19 1.397653918892542566e+19 1.260066552163150438e+19 1.136614837477576499e+19 1.025782463479511654e+19 9.276552744612855808e+18 8.417439288255860736e+18 7.664390730037312512e+18
2.110210066443355750e+19 1.914178594134364979e+19 1.722049069190194790e+19 1.551150466826563379e+19 1.397653918892542976e+19 1.260066552163150643e+19 1.136614837477576090e+19 1.025782463479511859e+19 9.276552744612855808e+18 8.417439288255858688e+18 7.664390730037310464e+18
2.110210066443356160e+19 1.914178594134364570e+19 1.722049069190194381e+19 1.551150466826562765e+19 1.397653918892542362e+19 1.260066552163150643e+19 1.136614837477576090e+19 1.025782463479511654e+19 9.276552744612853760e+18 8.417439288255860736e+18 7.664390730037309440e+18
2.110210066443356160e+19 1.914178594134364160e+19 1.722049069190194176e+19 1.551150466826562765e+19 1.397653918892542362e+19 1.260066552163150438e+19 1.136614837477576294e+19 1.025782463479512064e+19 9.276552744612855808e+18 8.417439288255861760e+18 7.664390730037309440e+18
2.110210066443355750e+19 1.914178594134364160e+19 1.722049069190194995e+19 1.551150466826562560e+19 1.397653918892542566e+19 1.260066552163150234e+19 1.136614837477576090e+19 1.025782463479512064e+19 9.276552744612859904e+18 8.417439288255861760e+18 7.664390730037309440e+18
2.110210066443355341e+19 1.914178594134364570e+19 1.722049069190195200e+19 1.551150466826562560e+19 1.397653918892542157e+19 1.260066552163149824e+19 1.136614837477576090e+19 1.025782463479512064e+19 9.276552744612861952e+18 8.417439288255862784e+18 7.664390730037307392e+18
2.110210066443354931e+19 1.914178594134364160e+19 1.722049069190195405e+19 1.551150466826562560e+19 1.397653918892542157e+19 1.260066552163149824e+19 1.136614837477575885e+19 1.025782463479511859e+19 9.276552744612861952e+18 8.417439288255860736e+18 7.664390730037305344e+18
2.110210066443354931e+19 1.914178594134364160e+19 1.722049069190195405e+19 1.551150466826562765e+19 1.397653918892541952e+19 1.260066552163149824e+19 1.136614837477575475e+19 1.025782463479511859e+19 9.276552744612859904e+18 8.417439288255859712e+18 7.664390730037308416e+18
2.110210066443355341e+19 1.914178594134364160e+19 1.722049069190195200e+19 1.551150466826562765e+19 1.397653918892541952e+19 1.260066552163149619e+19 1.136614837477575680e+19 1.025782463479511654e+19 9.276552744612864000e+18 8.417439288255859712e+18 7.664390730037306368e+18
2.110210066443354522e+19 1.914178594134364160e+19 1.722049069190195814e+19 1.551150466826562970e+19 1.397653918892542157e+19 1.260066552163150234e+19 1.136614837477575270e+19 1.025782463479511245e+19 9.276552744612864000e+18 8.417439288255856640e+18 7.664390730037305344e+18
2.110210066443354112e+19 1.914178594134363750e+19 1.722049069190195814e+19 1.551150466826562970e+19 1.397653918892542362e+19 1.260066552163150029e+19 1.136614837477575270e+19 1.025782463479511245e+19 9.276552744612864000e+18 8.417439288255857664e+18 7.664390730037308416e+18
2.110210066443353702e+19 1.914178594134364160e+19 1.722049069190196019e+19 1.551150466826562765e+19 1.397653918892541952e+19 1.260066552163150029e+19 1.136614837477575270e+19 1.025782463479511450e+19 9.276552744612864000e+18 8.417439288255858688e+18 7.664390730037305344e+18
2.110210066443354112e+19 1.914178594134364570e+19 1.722049069190195814e+19 1.551150466826562970e+19 1.397653918892541952e+19 1.260066552163150234e+19 1.136614837477574861e+19 1.025782463479511040e+19 9.276552744612866048e+18 8.417439288255860736e+18 7.664390730037308416e+18
2.110210066443354112e+19 1.914178594134364979e+19 1.722049069190195610e+19 1.551150466826562765e+19 1.397653918892541747e+19 1.260066552163149824e+19 1.136614837477574451e+19 1.025782463479511040e+19 9.276552744612868096e+18 8.417439288255858688e+18 7.664390730037305344e+18
2.110210066443354112e+19 1.914178594134364570e+19 1.722049069190195405e+19 1.551150466826562560e+19 1.397653918892541747e+19 1.260066552163149824e+19 1.136614837477574861e+19 1.025782463479510835e+19 9.276552744612868096e+18 8.417439288255857664e+18 7.664390730037304320e+18
2.110210066443354522e+19 1.914178594134364570e+19 1.722049069190195200e+19 1.551150466826562765e+19 1.397653918892541542e+19 1.260066552163149619e+19 1.136614837477574861e+19 1.025782463479511040e+19 9.276552744612868096e+18 8.417439288255859712e+18 7.664390730037303296e+18
2.110210066443354931e+19 1.914178594134364979e+19 1.722049069190194790e+19 1.551150466826562560e+19 1.397653918892541338e+19 1.260066552163149824e+19 1.136614837477574861e+19 1.025782463479510835e+19 9.276552744612870144e+18 8.417439288255860736e+18 7.664390730037303296e+18
2.110210066443354522e+19 1.914178594134365389e+19 1.722049069190194381e+19 1.551150466826562560e+19 1.397653918892541338e+19 1.260066552163150029e+19 1.136614837477574246e+19 1.025782463479511040e+19 9.276552744612870144e+18 8.417439288255862784e+18 7.664390730037301248e+18
2.110210066443354522e+19 1.914178594134365389e+19 1.722049069190193766e+19 1.551150466826562560e+19 1.397653918892540928e+19 1.260066552163150029e+19 1.136614837477573837e+19 1.025782463479511450e+19 9.276552744612870144e+18 8.417439288255861760e+18 7.664390730037302272e+18
2.110210066443354522e+19 1.914178594134364979e+19 1.722049069190194381e+19 1.551150466826562560e+19 1.397653918892541133e+19 1.260066552163149824e+19 1.136614837477573632e+19 1.025782463479511040e+19 9.276552744612870144e+18 8.417439288255862784e+18 7.664390730037302272e+18
2.110210066443354522e+19 1.914178594134364979e+19 1.722049069190194586e+19 1.551150466826562970e+19 1.397653918892540928e+19 1.260066552163149824e+19 1.136614837477573632e+19 1.025782463479510835e+19 9.276552744612872192e+18 8.417439288255865856e+18 7.664390730037300224e+18
2.110210066443354522e+19 1.914178594134364979e+19 1.722049069190194790e+19 1.551150466826562970e+19 1.397653918892540928e+19 1.260066552163149619e+19 1.136614837477574042e+19 1.025782463479511245e+19 9.276552744612868096e+18 8.417439288255865856e+18 7.664390730037303296e+18
2.110210066443354112e+19 1.914178594134364979e+19 1.722049069190195200e+19 1.551150466826562970e+19 1.397653918892540928e+19 1.260066552163150029e+19 1.136614837477573632e+19 1.025782463479511245e+19 9.276552744612868096e+18 8.417439288255864832e+18 7.664390730037304320e+18
2.110210066443353702e+19 1.914178594134364160e+19 1.722049069190195610e+19 1.551150466826562970e+19 1.397653918892540928e+19 1.260066552163150643e+19 1.136614837477573427e+19 1.025782463479510835e+19 9.276552744612868096e+18 8.417439288255863808e+18 7.664390730037304320e+18
2.110210066443353702e+19 1.914178594134363750e+19 1.722049069190195405e+19 1.551150466826563584e+19 1.397653918892540928e+19 1.260066552163150438e+19 1.136614837477573222e+19 1.025782463479511040e+19 9.276552744612868096e+18 8.417439288255864832e+18 7.664390730037303296e+18
2.110210066443353702e+19 1.914178594134363750e+19 1.722049069190195405e+19 1.551150466826563379e+19 1.397653918892540928e+19 1.260066552163151462e+19 1.136614837477573632e+19 1.025782463479511450e+19 9.276552744612868096e+18 8.417439288255865856e+18 7.664390730037303296e+18
2.110210066443353293e+19 1.914178594134363750e+19 1.722049069190195200e+19 1.551150466826563789e+19 1.397653918892540928e+19 1.260066552163151258e+19 1.136614837477573427e+19 1.025782463479511859e+19 9.276552744612866048e+18 8.417439288255866880e+18 7.664390730037303296e+18
2.110210066443353702e+19 1.914178594134364160e+19 1.722049069190195405e+19 1.551150466826563789e+19 1.397653918892540928e+19 1.260066552163150643e+19 1.136614837477573837e+19 1.025782463479512064e+19 9.276552744612864000e+18 8.417439288255864832e+18 7.664390730037307392e+18
2.110210066443353293e+19 1.914178594134364570e+19 1.722049069190194995e+19 1.551150466826563584e+19 1.397653918892540723e+19 1.260066552163151053e+19 1.136614837477573632e+19 1.025782463479512269e+19 9.276552744612866048e+18 8.417439288255862784e+18 7.664390730037303296e+18
2.110210066443353293e+19 1.914178594134364160e+19 1.722049069190194995e+19 1.551150466826563994e+19 1.397653918892540928e+19 1.260066552163151258e+19 1.136614837477573427e+19 1.025782463479512269e+19 9.276552744612866048e+18 8.417439288255863808e+18 7.664390730037302272e+18
2.110210066443353702e+19 1.914178594134364160e+19 1.722049069190195405e+19 1.551150466826563994e+19 1.397653918892540928e+19 1.260066552163151053e+19 1.136614837477573837e+19 1.025782463479512269e+19 9.276552744612861952e+18 8.417439288255861760e+18 7.664390730037299200e+18
2.110210066443352883e+19 1.914178594134363750e+19 1.722049069190195814e+19 1.551150466826564198e+19 1.397653918892540723e+19 1.260066552163150848e+19 1.136614837477573427e+19 1.025782463479512064e+19 9.276552744612861952e+18 8.417439288255862784e+18 7.664390730037298176e+18
2.110210066443353293e+19 1.914178594134363341e+19 1.722049069190196224e+19 1.551150466826564198e+19 1.397653918892540723e+19 1.260066552163151258e+19 1.136614837477573222e+19 1.025782463479511859e+19 9.276552744612864000e+18 8.417439288255861760e+18 7.664390730037301248e+18
2.110210066443353702e+19 1.914178594134362931e+19 1.722049069190195814e+19 1.551150466826563994e+19 1.397653918892540518e+19 1.260066552163151258e+19 1.136614837477573427e+19 1.025782463479511859e+19 9.276552744612859904e+18 8.417439288255863808e+18 7.664390730037300224e+18
2.110210066443353702e+19 1.914178594134362522e+19 1.722049069190196019e+19 1.551150466826563789e+19 1.397653918892540723e+19 1.260066552163150848e+19 1.136614837477573427e+19 1.025782463479512064e+19 9.276552744612859904e+18 8.417439288255862784e+18 7.664390730037301248e+18
2.110210066443354112e+19 1.914178594134362112e+19 1.722049069190195405e+19 1.551150466826563994e+19 1.397653918892540518e+19 1.260066552163150438e+19 1.136614837477573632e+19 1.025782463479511859e+19 9.276552744612859904e+18 8.417439288255863808e+18 7.664390730037301248e+18
2.110210066443354112e+19 1.914178594134362522e+19 1.722049069190196429e+19 1.551150466826563994e+19 1.397653918892540723e+19 1.260066552163150848e+19 1.136614837477573222e+19 1.025782463479512064e+19 9.276552744612857856e+18 8.417439288255861760e+18 7.664390730037297152e+18
2.110210066443354112e+19 1.914178594134362112e+19 1.722049069190196429e+19 1.551150466826563994e+19 1.397653918892540314e+19 1.260066552163151053e+19 1.136614837477573222e+19 1.025782463479512064e+19 9.276552744612857856e+18 8.417439288255860736e+18 7.664390730037297152e+18
2.110210066443354112e+19 1.914178594134362112e+19 1.722049069190196429e+19 1.551150466826563584e+19 1.397653918892540314e+19 1.260066552163151053e+19 1.136614837477572813e+19 1.025782463479512064e+19 9.276552744612859904e+18 8.417439288255861760e+18 7.664390730037296128e+18
2.110210066443354112e+19 1.914178594134362522e+19 1.722049069190196634e+19 1.551150466826563789e+19 1.397653918892539904e+19 1.260066552163150643e+19 1.136614837477573018e+19 1.025782463479512064e+19 9.276552744612859904e+18 8.417439288255859712e+18 7.664390730037298176e+18
2.110210066443353702e+19 1.914178594134362112e+19 1.722049069190196019e+19 1.551150466826563584e+19 1.397653918892540314e+19 1.260066552163150234e+19 1.136614837477573222e+19 1.025782463479512064e+19 9.276552744612859904e+18 8.417439288255861760e+18 7.664390730037298176e+18
2.110210066443354112e+19 1.914178594134362522e+19 1.722049069190196224e+19 1.551150466826563584e+19 1.397653918892540109e+19 1.260066552163149619e+19 1.136614837477573632e+19 1.025782463479511859e+19 9.276552744612857856e+18 8.417439288255862784e+18 7.664390730037299200e+18
2.110210066443353702e+19 1.914178594134362522e+19 1.722049069190196224e+19 1.551150466826563789e+19 1.397653918892540109e+19 1.260066552163149619e+19 1.136614837477573222e+19 1.025782463479512064e+19 9.276552744612857856e+18 8.417439288255864832e+18 7.664390730037300224e+18
2.110210066443354112e+19 1.914178594134362112e+19 1.722049069190196634e+19 1.551150466826563994e+19 1.397653918892539904e+19 1.260066552163149824e+19 1.136614837477573427e+19 1.025782463479512269e+19 9.276552744612855808e+18 8.417439288255865856e+18 7.664390730037297152e+18
2.110210066443354522e+19 1.914178594134362522e+19 1.722049069190196224e+19 1.551150466826563789e+19 1.397653918892540314e+19 1.260066552163150234e+19 1.136614837477573222e+19 1.025782463479512678e+19 9.276552744612855808e+18 8.417439288255866880e+18 7.664390730037298176e+18
2.110210066443354522e+19 1.914178594134362522e+19 1.722049069190196634e+19 1.551150466826563584e+19 1.397653918892540518e+19 1.260066552163150643e+19 1.136614837477573427e+19 1.025782463479512678e+19 9.276552744612853760e+18 8.417439288255865856e+18 7.664390730037301248e+18
2.110210066443353702e+19 1.914178594134362112e+19 1.722049069190196634e+19 1.551150466826563789e+19 1.397653918892540723e+19 1.260066552163150234e+19 1.136614837477573427e+19 1.025782463479512474e+19 9.276552744612853760e+18 8.417439288255866880e+18 7.664390730037303296e+18
2.110210066443354112e+19 1.914178594134362522e+19 1.722049069190196429e+19 1.551150466826563789e+19 1.397653918892540723e+19 1.260066552163150438e+19 1.136614837477573427e+19 1.025782463479512269e+19 9.276552744612853760e+18 8.417439288255865856e+18 7.664390730037302272e+18
2.110210066443354931e+19 1.914178594134362522e+19 1.722049069190196634e+19 1.551150466826563584e+19 1.397653918892540928e+19 1.260066552163150848e+19 1.136614837477573222e+19 1.025782463479512064e+19 9.276552744612851712e+18 8.417439288255864832e+18 7.664390730037300224e+18
2.110210066443354931e+19 1.914178594134362112e+19 1.722049069190196634e+19 1.551150466826563584e+19 1.397653918892540928e+19 1.260066552163150848e+19 1.136614837477573632e+19 1.025782463479512269e+19 9.276552744612853760e+18 8.417439288255864832e+18 7.664390730037298176e+18
2.110210066443354931e+19 1.914178594134362112e+19 1.722049069190196019e+19 1.551150466826563584e+19 1.397653918892541133e+19 1.260066552163150234e+19 1.136614837477573222e+19 1.025782463479512474e+19 9.276552744612851712e+18 8.417439288255864832e+18 7.664390730037297152e+18
2.110210066443354931e+19 1.914178594134362112e+19 1.722049069190196224e+19 1.551150466826563584e+19 1.397653918892541133e+19 1.260066552163150234e+19 1.136614837477573018e+19 1.025782463479512883e+19 9.276552744612853760e+18 8.417439288255863808e+18 7.664390730037298176e+18
2.110210066443355341e+19 1.914178594134362112e+19 1.722049069190196224e+19 1.551150466826563379e+19 1.397653918892541133e+19 1.260066552163150643e+19 1.136614837477572608e+19 1.025782463479512269e+19 9.276552744612853760e+18 8.417439288255863808e+18 7.664390730037300224e+18
2.110210066443354931e+19 1.914178594134362112e+19 1.722049069190196429e+19 1.551150466826563789e+19 1.397653918892541133e+19 1.260066552163151053e+19 1.136614837477572403e+19 1.025782463479512064e+19 9.276552744612853760e+18 8.417439288255865856e+18 7.664390730037301248e+18
2.110210066443354931e+19 1.914178594134362112e+19 1.722049069190196019e+19 1.551150466826563584e+19 1.397653918892540723e+19 1.260066552163151053e+19 1.136614837477571994e+19 1.025782463479512064e+19 9.276552744612855808e+18 8.417439288255864832e+18 7.664390730037302272e+18
2.110210066443355341e+19 1.914178594134361702e+19 1.722049069190195814e+19 1.551150466826563584e+19 1.397653918892540928e+19 1.260066552163151667e+19 1.136614837477572403e+19 1.025782463479512269e+19 9.276552744612853760e+18 8.417439288255863808e+18 7.664390730037301248e+18
2.110210066443354931e+19 1.914178594134362112e+19 1.722049069190195200e+19 1.551150466826563789e+19 1.397653918892540928e+19 1.260066552163151258e+19 1.136614837477572608e+19 1.025782463479512678e+19 9.276552744612853760e+18 8.417439288255863808e+18 7.664390730037302272e+18
2.110210066443355341e+19 1.914178594134362112e+19 1.722049069190195200e+19 1.551150466826563789e+19 1.397653918892541133e+19 1.260066552163151258e+19 1.136614837477572813e+19 1.025782463479512883e+19 9.276552744612853760e+18 8.417439288255861760e+18 7.664390730037302272e+18
2.110210066443354522e+19 1.914178594134362112e+19 1.722049069190195405e+19 1.551150466826563994e+19 1.397653918892541133e+19 1.260066552163151053e+19 1.136614837477573018e+19 1.025782463479512678e+19 9.276552744612855808e+18 8.417439288255862784e+18 7.664390730037301248e+18
2.110210066443354112e+19 1.914178594134362112e+19 1.722049069190195200e+19 1.551150466826563994e+19 1.397653918892541542e+19 1.260066552163151258e+19 1.136614837477573427e+19 1.025782463479513088e+19 9.276552744612853760e+18 8.417439288255866880e+18 7.664390730037302272e+18
2.110210066443354112e+19 1.914178594134362112e+19 1.722049069190195405e+19 1.551150466826563789e+19 1.397653918892541338e+19 1.260066552163151667e+19 1.136614837477573018e+19 1.025782463479513293e+19 9.276552744612853760e+18 8.417439288255867904e+18 7.664390730037303296e+18
2.110210066443353702e+19 1.914178594134362112e+19 1.722049069190194790e+19 1.551150466826563994e+19 1.397653918892540928e+19 1.260066552163151462e+19 1.136614837477572813e+19 1.025782463479512883e+19 9.276552744612853760e+18 8.417439288255869952e+18 7.664390730037303296e+18
2.110210066443353293e+19 1.914178594134361702e+19 1.722049069190195814e+19 1.551150466826564198e+19 1.397653918892540928e+19 1.260066552163151462e+19 1.136614837477573427e+19 1.025782463479513088e+19 9.276552744612853760e+18 8.417439288255870976e+18 7.664390730037303296e+18
2.110210066443353293e+19 1.914178594134361293e+19 1.722049069190195610e+19 1.551150466826564198e+19 1.397653918892541133e+19 1.260066552163151667e+19 1.136614837477573427e+19 1.025782463479513088e+19 9.276552744612853760e+18 8.417439288255868928e+18 7.664390730037302272e+18
2.110210066443353702e+19 1.914178594134361702e+19 1.722049069190195610e+19 1.551150466826564403e+19 1.397653918892540928e+19 1.260066552163151872e+19 1.136614837477573427e+19 1.025782463479512883e+19 9.276552744612853760e+18 8.417439288255867904e+18 7.664390730037304320e+18
2.110210066443353702e+19 1.914178594134361702e+19 1.722049069190196019e+19 1.551150466826564403e+19 1.397653918892541133e+19 1.260066552163151258e+19 1.136614837477573222e+19 1.025782463479512678e+19 9.276552744612853760e+18 8.417439288255867904e+18 7.664390730037306368e+18
2.110210066443353293e+19 1.914178594134362112e+19 1.722049069190196224e+19 1.551150466826564403e+19 1.397653918892540723e+19 1.260066552163150643e+19 1.136614837477573427e+19 1.025782463479512474e+19 9.276552744612855808e+18 8.417439288255867904e+18 7.664390730037307392e+18
2.110210066443353293e+19 1.914178594134361702e+19 1.722049069190196019e+19 1.551150466826564403e+19 1.397653918892540928e+19 1.260066552163151462e+19 1.136614837477573222e+19 1.025782463479512269e+19 9.276552744612853760e+18 8.417439288255867904e+18 7.664390730037308416e+18
2.110210066443353702e+19 1.914178594134362112e+19 1.722049069190195610e+19 1.551150466826564198e+19 1.397653918892540723e+19 1.260066552163151258e+19 1.136614837477572813e+19 1.025782463479512269e+19 9.276552744612855808e+18 8.417439288255865856e+18 7.664390730037307392e+18
2.110210066443353293e+19 1.914178594134362112e+19 1.722049069190196019e+19 1.551150466826564198e+19 1.397653918892540928e+19 1.260066552163150848e+19 1.136614837477572608e+19 1.025782463479512269e+19 9.276552744612857856e+18 8.417439288255865856e+18 7.664390730037309440e+18
2.110210066443353702e+19 1.914178594134362112e+19 1.722049069190196224e+19 1.551150466826563994e+19 1.397653918892540723e+19 1.260066552163150848e+19 1.136614837477572403e+19 1.025782463479512064e+19 9.276552744612853760e+18 8.417439288255865856e+18 7.664390730037309440e+18
2.110210066443353293e+19 1.914178594134362522e+19 1.722049069190196429e+19 1.551150466826563789e+19 1.397653918892540723e+19 1.260066552163150438e+19 1.136614837477572198e+19 1.025782463479511450e+19 9.276552744612855808e+18 8.417439288255865856e+18 7.664390730037308416e+18
2.110210066443353702e+19 1.914178594134362112e+19 1.722049069190196224e+19 1.551150466826563584e+19 1.397653918892540723e+19 1.260066552163150234e+19 1.136614837477572198e+19 1.025782463479511859e+19 9.276552744612853760e+18 8.417439288255865856e+18 7.664390730037308416e+18
2.110210066443353293e+19 1.914178594134361702e+19 1.722049069190196019e+19 1.551150466826563379e+19 1.397653918892540518e+19 1.260066552163150029e+19 1.136614837477572813e+19 1.025782463479512064e+19 9.276552744612853760e+18 8.417439288255866880e+18 7.664390730037307392e+18
2.110210066443353293e+19 1.914178594134361702e+19 1.722049069190195814e+19 1.551150466826563584e+19 1.397653918892540518e+19 1.260066552163150029e+19 1.136614837477573018e+19 1.025782463479512269e+19 9.276552744612855808e+18 8.417439288255865856e+18 7.664390730037305344e+18
2.110210066443353702e+19 1.914178594134361702e+19 1.722049069190195610e+19 1.551150466826563584e+19 1.397653918892540518e+19 1.260066552163150029e+19 1.136614837477572608e+19 1.025782463479512064e+19 9.276552744612853760e+18 8.417439288255863808e+18 7.664390730037304320e+18
2.110210066443353293e+19 1.914178594134362522e+19 1.722049069190195814e+19 1.551150466826563584e+19 1.397653918892540109e+19 1.260066552163150234e+19 1.136614837477572608e+19 1.025782463479512064e+19 9.276552744612853760e+18 8.417439288255864832e+18 7.664390730037304320e+18
2.110210066443353702e+19 1.914178594134362522e+19 1.722049069190195610e+19 1.551150466826563789e+19 1.397653918892540314e+19 1.260066552163150438e+19 1.136614837477572608e+19 1.025782463479512474e+19 9.276552744612851712e+18 8.417439288255863808e+18 7.664390730037306368e+18
2.110210066443352883e+19 1.914178594134362931e+19 1.722049069190194995e+19 1.551150466826563789e+19 1.397653918892540314e+19 1.260066552163150848e+19 1.136614837477572198e+19 1.025782463479512269e+19 9.276552744612851712e+18 8.417439288255865856e+18 7.664390730037305344e+18
2.110210066443353293e+19 1.914178594134362931e+19 1.722049069190194790e+19 1.551150466826563994e+19 1.397653918892540109e+19 1.260066552163150643e+19 1.136614837477572403e+19 1.025782463479512678e+19 9.276552744612849664e+18 8.417439288255865856e+18 7.664390730037306368e+18
2.110210066443353702e+19 1.914178594134362931e+19 1.722049069190194176e+19 1.551150466826563789e+19 1.397653918892540109e+19 1.260066552163151053e+19 1.136614837477572198e+19 1.025782463479512678e+19 9.276552744612851712e+18 8.417439288255864832e+18 7.664390730037306368e+18
2.110210066443353702e+19 1.914178594134362522e+19 1.722049069190194381e+19 1.551150466826563789e+19 1.397653918892540109e+19 1.260066552163150848e+19 1.136614837477572403e+19 1.025782463479512883e+19 9.276552744612849664e+18 8.417439288255861760e+18 7.664390730037307392e+18
2.110210066443353702e+19 1.914178594134362112e+19 1.722049069190194176e+19 1.551150466826563584e+19 1.397653918892539699e+19 1.260066552163150643e+19 1.136614837477571994e+19 1.025782463479513293e+19 9.276552744612851712e+18 8.417439288255863808e+18 7.664390730037306368e+18
2.110210066443354112e+19 1.914178594134361702e+19 1.722049069190194176e+19 1.551150466826563584e+19 1.397653918892540109e+19 1.260066552163150029e+19 1.136614837477571994e+19 1.025782463479513088e+19 9.276552744612851712e+18 8.417439288255863808e+18 7.664390730037305344e+18
2.110210066443354112e+19 1.914178594134361702e+19 1.722049069190194586e+19 1.551150466826563174e+19 1.397653918892539494e+19 1.260066552163150029e+19 1.136614837477571584e+19 1.025782463479513293e+19 9.276552744612849664e+18 8.417439288255863808e+18 7.664390730037303296e+18
2.110210066443354522e+19 1.914178594134362112e+19 1.722049069190195200e+19 1.551150466826563584e+19 1.397653918892539904e+19 1.260066552163150029e+19 1.136614837477572198e+19 1.025782463479513702e+19 9.276552744612849664e+18 8.417439288255862784e+18 7.664390730037303296e+18
2.110210066443354112e+19 1.914178594134362112e+19 1.722049069190195200e+19 1.551150466826563174e+19 1.397653918892539904e+19 1.260066552163150643e+19 1.136614837477572403e+19 1.025782463479513088e+19 9.276552744612845568e+18 8.417439288255861760e+18 7.664390730037303296e+18
2.110210066443354522e+19 1.914178594134362112e+19 1.722049069190195610e+19 1.551150466826562970e+19 1.397653918892540109e+19 1.260066552163150438e+19 1.136614837477572813e+19 1.025782463479512883e+19 9.276552744612845568e+18 8.417439288255861760e+18 7.664390730037304320e+18
2.110210066443354112e+19 1.914178594134362112e+19 1.722049069190195200e+19 1.551150466826562765e+19 1.397653918892540314e+19 1.260066552163150643e+19 1.136614837477572608e+19 1.025782463479512883e+19 9.276552744612845568e+18 8.417439288255860736e+18 7.664390730037304320e+18
2.110210066443353702e+19 1.914178594134362112e+19 1.722049069190195610e+19 1.551150466826562765e+19 1.397653918892540109e+19 1.260066552163151053e+19 1.136614837477572403e+19 1.025782463479512678e+19 9.276552744612845568e+18 8.417439288255858688e+18 7.664390730037303296e+18
2.110210066443354112e+19 1.914178594134361702e+19 1.722049069190195814e+19 1.551150466826562765e+19 1.397653918892540314e+19 1.260066552163151053e+19 1.136614837477572813e+19 1.025782463479512678e+19 9.276552744612847616e+18 8.417439288255860736e+18 7.664390730037303296e+18
2.110210066443353702e+19 1.914178594134361702e+19 1.722049069190196224e+19 1.551150466826562355e+19 1.397653918892540109e+19 1.260066552163151053e+19 1.136614837477572608e+19 1.025782463479512883e+19 9.276552744612847616e+18 8.417439288255861760e+18 7.664390730037303296e+18
2.110210066443354112e+19 1.914178594134361293e+19 1.722049069190196429e+19 1.551150466826562355e+19 1.397653918892540314e+19 1.260066552163150848e+19 1.136614837477572403e+19 1.025782463479512883e+19 9.276552744612847616e+18 8.417439288255860736e+18 7.664390730037303296e+18
2.110210066443354522e+19 1.914178594134361293e+19 1.722049069190196634e+19 1.551150466826562765e+19 1.397653918892540518e+19 1.260066552163150848e+19 1.136614837477571994e+19 1.025782463479513293e+19 9.276552744612847616e+18 8.417439288255861760e+18 7.664390730037302272e+18
2.110210066443353702e+19 1.914178594134361702e+19 1.722049069190196634e+19 1.551150466826562355e+19 1.397653918892540723e+19 1.260066552163150848e+19 1.136614837477572198e+19 1.025782463479513293e+19 9.276552744612849664e+18 8.417439288255861760e+18 7.664390730037300224e+18
2.110210066443354112e+19 1.914178594134361702e+19 1.722049069190196429e+19 1.551150466826561741e+19 1.397653918892540928e+19 1.260066552163150029e+19 1.136614837477571789e+19 1.025782463479512883e+19 9.276552744612849664e+18 8.417439288255860736e+18 7.664390730037302272e+18
2.110210066443354522e+19 1.914178594134361293e+19 1.722049069190196634e+19 1.551150466826561331e+19 1.397653918892540518e+19 1.260066552163149824e+19 1.136614837477571584e+19 1.025782463479512883e+19 9.276552744612851712e+18 8.417439288255859712e+18 7.664390730037303296e+18
2.110210066443354112e+19 1.914178594134361293e+19 1.722049069190196634e+19 1.551150466826561126e+19 1.397653918892540314e+19 1.260066552163150029e+19 1.136614837477571379e+19 1.025782463479513293e+19 9.276552744612847616e+18 8.417439288255861760e+18 7.664390730037302272e+18
2.110210066443353293e+19 1.914178594134360883e+19 1.722049069190196838e+19 1.551150466826561536e+19 1.397653918892539904e+19 1.260066552163150029e+19 1.136614837477571379e+19 1.025782463479513088e+19 9.276552744612851712e+18 8.417439288255862784e+18 7.664390730037301248e+18
2.110210066443353293e+19 1.914178594134360883e+19 1.722049069190197043e+19 1.551150466826561126e+19 1.397653918892540109e+19 1.260066552163150029e+19 1.136614837477571174e+19 1.025782463479513088e+19 9.276552744612849664e+18 8.417439288255862784e+18 7.664390730037301248e+18
2.110210066443352883e+19 1.914178594134361293e+19 1.722049069190196838e+19 1.551150466826560922e+19 1.397653918892540109e+19 1.260066552163150234e+19 1.136614837477570970e+19 1.025782463479513293e+19 9.276552744612851712e+18 8.417439288255862784e+18 7.664390730037300224e+18
2.110210066443352883e+19 1.914178594134361702e+19 1.722049069190196634e+19 1.551150466826561126e+19 1.397653918892540109e+19 1.260066552163149619e+19 1.136614837477571174e+19 1.025782463479513498e+19 9.276552744612853760e+18 8.417439288255863808e+18 7.664390730037301248e+18
2.110210066443352064e+19 1.914178594134362112e+19 1.722049069190196838e+19 1.551150466826561126e+19 1.397653918892540518e+19 1.260066552163150029e+19 1.136614837477570970e+19 1.025782463479513498e+19 9.276552744612853760e+18 8.417439288255863808e+18 7.664390730037304320e+18
2.110210066443351654e+19 1.914178594134362112e+19 1.722049069190197043e+19 1.551150466826561126e+19 1.397653918892540314e+19 1.260066552163150438e+19 1.136614837477570970e+19 1.025782463479513498e+19 9.276552744612853760e+18 8.417439288255863808e+18 7.664390730037304320e+18
2.110210066443351654e+19 1.914178594134361293e+19 1.722049069190196429e+19 1.551150466826560922e+19 1.397653918892540518e+19 1.260066552163150234e+19 1.136614837477570970e+19 1.025782463479513702e+19 9.276552744612851712e+18 8.417439288255866880e+18 7.664390730037303296e+18
2.110210066443351654e+19 1.914178594134361293e+19 1.722049069190196429e+19 1.551150466826561536e+19 1.397653918892540723e+19 1.260066552163149824e+19 1.136614837477571174e+19 1.025782463479514112e+19 9.276552744612849664e+18 8.417439288255867904e+18 7.664390730037304320e+18
2.110210066443350835e+19 1.914178594134360474e+19 1.722049069190196634e+19 1.551150466826561536e+19 1.397653918892541133e+19 1.260066552163150029e+19 1.136614837477570970e+19 1.025782463479513498e+19 9.276552744612851712e+18 8.417439288255866880e+18 7.664390730037303296e+18
2.110210066443350835e+19 1.914178594134360474e+19 1.722049069190196224e+19 1.551150466826561331e+19 1.397653918892540928e+19 1.260066552163150029e+19 1.136614837477570765e+19 1.025782463479513498e+19 9.276552744612849664e+18 8.417439288255865856e+18 7.664390730037305344e+18
2.110210066443350426e+19 1.914178594134360883e+19 1.722049069190196429e+19 1.551150466826561126e+19 1.397653918892540518e+19 1.260066552163149619e+19 1.136614837477570355e+19 1.025782463479514112e+19 9.276552744612847616e+18 8.417439288255864832e+18 7.664390730037303296e+18
2.110210066443350835e+19 1.914178594134360474e+19 1.722049069190196224e+19 1.551150466826560717e+19 1.397653918892540518e+19 1.260066552163150438e+19 1.136614837477570150e+19 1.025782463479514522e+19 9.276552744612847616e+18 8.417439288255865856e+18 7.664390730037303296e+18
2.110210066443350426e+19 1.914178594134360474e+19 1.722049069190196019e+19 1.551150466826560512e+19 1.397653918892540723e+19 1.260066552163150234e+19 1.136614837477570560e+19 1.025782463479514931e+19 9.276552744612847616e+18 8.417439288255865856e+18 7.664390730037303296e+18
2.110210066443350426e+19 1.914178594134360883e+19 1.722049069190195814e+19 1.551150466826560307e+19 1.397653918892540518e+19 1.260066552163149824e+19 1.136614837477570355e+19 1.025782463479514931e+19 9.276552744612845568e+18 8.417439288255863808e+18 7.664390730037305344e+18
2.110210066443350426e+19 1.914178594134360883e+19 1.722049069190196224e+19 1.551150466826560512e+19 1.397653918892540314e+19 1.260066552163150029e+19 1.136614837477570765e+19 1.025782463479514522e+19 9.276552744612845568e+18 8.417439288255866880e+18 7.664390730037303296e+18
2.110210066443350016e+19 1.914178594134360474e+19 1.722049069190196224e+19 1.551150466826560512e+19 1.397653918892540109e+19 1.260066552163150029e+19 1.136614837477571174e+19 1.025782463479514726e+19 9.276552744612847616e+18 8.417439288255868928e+18 7.664390730037301248e+18
2.110210066443349606e+19 1.914178594134360064e+19 1.722049069190196224e+19 1.551150466826560922e+19 1.397653918892540109e+19 1.260066552163150029e+19 1.136614837477570765e+19 1.025782463479514931e+19 9.276552744612845568e+18 8.417439288255869952e+18 7.664390730037303296e+18
2.110210066443349606e+19 1.914178594134360064e+19 1.722049069190195814e+19 1.551150466826560717e+19 1.397653918892540109e+19 1.260066552163149619e+19 1.136614837477570355e+19 1.025782463479514931e+19 9.276552744612845568e+18 8.417439288255870976e+18 7.664390730037301248e+18
2.110210066443350016e+19 1.914178594134360474e+19 1.722049069190195610e+19 1.551150466826560717e+19 1.397653918892539904e+19 1.260066552163149414e+19 1.136614837477570355e+19 1.025782463479514726e+19 9.276552744612843520e+18 8.417439288255872000e+18 7.664390730037300224e+18
2.110210066443350426e+19 1.914178594134360883e+19 1.722049069190195405e+19 1.551150466826560512e+19 1.397653918892540109e+19 1.260066552163149619e+19 1.136614837477570150e+19 1.025782463479514522e+19 9.276552744612845568e+18 8.417439288255870976e+18 7.664390730037300224e+18
2.110210066443350016e+19 1.914178594134360474e+19 1.722049069190195814e+19 1.551150466826560922e+19 1.397653918892539904e+19 1.260066552163149414e+19 1.136614837477570150e+19 1.025782463479515136e+19 9.276552744612843520e+18 8.417439288255869952e+18 7.664390730037300224e+18
2.110210066443350016e+19 1.914178594134360474e+19 1.722049069190196019e+19 1.551150466826560717e+19 1.397653918892540109e+19 1.260066552163149619e+19 1.136614837477570150e+19 1.025782463479515341e+19 9.276552744612845568e+18 8.417439288255870976e+18 7.664390730037300224e+18
2.110210066443350426e+19 1.914178594134360064e+19 1.722049069190195814e+19 1.551150466826560922e+19 1.397653918892540518e+19 1.260066552163149414e+19 1.136614837477570560e+19 1.025782463479515341e+19 9.276552744612845568e+18 8.417439288255869952e+18 7.664390730037300224e+18
2.110210066443349606e+19 1.914178594134360474e+19 1.722049069190195610e+19 1.551150466826561126e+19 1.397653918892540314e+19 1.260066552163149619e+19 1.136614837477570765e+19 1.025782463479515341e+19 9.276552744612843520e+18 8.417439288255873024e+18 7.664390730037301248e+18
2.110210066443350426e+19 1.914178594134360474e+19 1.722049069190194790e+19 1.551150466826561331e+19 1.397653918892540518e+19 1.260066552163149619e+19 1.136614837477570765e+19 1.025782463479515341e+19 9.276552744612843520e+18 8.417439288255875072e+18 7.664390730037301248e+18
2.110210066443350016e+19 1.914178594134359654e+19 1.722049069190194995e+19 1.551150466826560922e+19 1.397653918892540928e+19 1.260066552163149210e+19 1.136614837477570765e+19 1.025782463479515341e+19 9.276552744612845568e+18 8.417439288255875072e+18 7.664390730037300224e+18
2.110210066443349606e+19 1.914178594134360064e+19 1.722049069190194995e+19 1.551150466826561536e+19 1.397653918892540928e+19 1.260066552163149005e+19 1.136614837477570765e+19 1.025782463479514931e+19 9.276552744612843520e+18 8.417439288255874048e+18 7.664390730037299200e+18
2.110210066443350016e+19 1.914178594134360064e+19 1.722049069190195200e+19 1.551150466826561741e+19 1.397653918892540928e+19 1.260066552163149005e+19 1.136614837477571174e+19 1.025782463479515546e+19 9.276552744612843520e+18 8.417439288255874048e+18 7.664390730037302272e+18
2.110210066443350016e+19 1.914178594134359654e+19 1.722049069190195814e+19 1.551150466826561536e+19 1.397653918892541133e+19 1.260066552163149619e+19 1.136614837477571174e+19 1.025782463479515750e+19 9.276552744612845568e+18 8.417439288255873024e+18 7.664390730037303296e+18
2.110210066443350016e+19 1.914178594134360064e+19 1.722049069190195610e+19 1.551150466826561536e+19 1.397653918892541338e+19 1.260066552163149824e+19 1.136614837477571174e+19 1.025782463479515955e+19 9.276552744612845568e+18 8.417439288255875072e+18 7.664390730037302272e+18
2.110210066443349606e+19 1.914178594134360064e+19 1.722049069190196019e+19 1.551150466826561741e+19 1.397653918892541338e+19 1.260066552163149414e+19 1.136614837477571174e+19 1.025782463479515955e+19 9.276552744612847616e+18 8.417439288255876096e+18 7.664390730037303296e+18
2.110210066443349197e+19 1.914178594134360064e+19 1.722049069190195814e+19 1.551150466826561946e+19 1.397653918892541542e+19 1.260066552163149619e+19 1.136614837477570970e+19 1.025782463479516160e+19 9.276552744612849664e+18 8.417439288255877120e+18 7.664390730037301248e+18
2.110210066443348787e+19 1.914178594134359654e+19 1.722049069190194995e+19 1.551150466826562150e+19 1.397653918892541747e+19 1.260066552163149619e+19 1.136614837477570765e+19 1.025782463479515955e+19 9.276552744612849664e+18 8.417439288255877120e+18 7.664390730037302272e+18
2.110210066443348787e+19 1.914178594134360474e+19 1.722049069190194381e+19 1.551150466826561946e+19 1.397653918892541747e+19 1.260066552163149619e+19 1.136614837477570765e+19 1.025782463479516160e+19 9.276552744612853760e+18 8.417439288255876096e+18 7.664390730037300224e+18
2.110210066443348787e+19 1.914178594134360064e+19 1.722049069190193766e+19 1.551150466826561946e+19 1.397653918892541542e+19 1.260066552163149414e+19 1.136614837477571174e+19 1.025782463479516570e+19 9.276552744612853760e+18 8.417439288255876096e+18 7.664390730037301248e+18
2.110210066443348787e+19 1.914178594134360064e+19 1.722049069190193562e+19 1.551150466826562150e+19 1.397653918892541952e+19 1.260066552163149414e+19 1.136614837477570765e+19 1.025782463479516160e+19 9.276552744612853760e+18 8.417439288255875072e+18 7.664390730037301248e+18
2.110210066443348787e+19 1.914178594134360474e+19 1.722049069190193152e+19 1.551150466826561946e+19 1.397653918892541952e+19 1.260066552163149005e+19 1.136614837477570560e+19 1.025782463479516160e+19 9.276552744612851712e+18 8.417439288255876096e+18 7.664390730037303296e+18
2.110210066443348787e+19 1.914178594134360474e+19 1.722049069190193766e+19 1.551150466826561741e+19 1.397653918892541952e+19 1.260066552163149414e+19 1.136614837477570970e+19 1.025782463479516774e+19 9.276552744612853760e+18 8.417439288255873024e+18 7.664390730037302272e+18
2.110210066443348787e+19 1.914178594134360474e+19 1.722049069190193766e+19 1.551150466826561536e+19 1.397653918892542157e+19 1.260066552163149414e+19 1.136614837477571174e+19 1.025782463479516774e+19 9.276552744612851712e+18 8.417439288255876096e+18 7.664390730037302272e+18
2.110210066443348787e+19 1.914178594134360474e+19 1.722049069190194381e+19 1.551150466826561741e+19 1.397653918892542362e+19 1.260066552163148800e+19 1.136614837477570970e+19 1.025782463479516979e+19 9.276552744612853760e+18 8.417439288255877120e+18 7.664390730037302272e+18
2.110210066443348787e+19 1.914178594134360474e+19 1.722049069190194176e+19 1.551150466826561331e+19 1.397653918892542362e+19 1.260066552163148390e+19 1.136614837477571174e+19 1.025782463479517594e+19 9.276552744612857856e+18 8.417439288255877120e+18 7.664390730037302272e+18
2.110210066443349606e+19 1.914178594134360064e+19 1.722049069190194381e+19 1.551150466826561741e+19 1.397653918892542362e+19 1.260066552163147776e+19 1.136614837477571174e+19 1.025782463479517389e+19 9.276552744612857856e+18 8.417439288255876096e+18 7.664390730037302272e+18
2.110210066443349197e+19 1.914178594134360474e+19 1.722049069190194995e+19 1.551150466826561536e+19 1.397653918892542362e+19 1.260066552163147571e+19 1.136614837477571584e+19 1.025782463479517184e+19 9.276552744612853760e+18 8.417439288255875072e+18 7.664390730037301248e+18
2.110210066443349197e+19 1.914178594134360064e+19 1.722049069190195405e+19 1.551150466826561536e+19 1.397653918892542771e+19 1.260066552163147366e+19 1.136614837477571584e+19 1.025782463479517184e+19 9.276552744612851712e+18 8.417439288255877120e+18 7.664390730037301248e+18
2.110210066443348787e+19 1.914178594134360064e+19 1.722049069190194790e+19 1.551150466826561331e+19 1.397653918892542976e+19 1.260066552163147981e+19 1.136614837477571379e+19 1.025782463479516979e+19 9.276552744612851712e+18 8.417439288255879168e+18 7.664390730037299200e+18
2.110210066443349197e+19 1.914178594134360474e+19 1.722049069190194790e+19 1.551150466826561536e+19 1.397653918892543181e+19 1.260066552163148186e+19 1.136614837477571584e+19 1.025782463479517184e+19 9.276552744612851712e+18 8.417439288255881216e+18 7.664390730037301248e+18
2.110210066443348787e+19 1.914178594134360474e+19 1.722049069190194995e+19 1.551150466826561946e+19 1.397653918892543590e+19 1.260066552163148390e+19 1.136614837477571584e+19 1.025782463479517389e+19 9.276552744612851712e+18 8.417439288255882240e+18 7.664390730037304320e+18
2.110210066443348378e+19 1.914178594134360883e+19 1.722049069190194790e+19 1.551150466826561946e+19 1.397653918892543590e+19 1.260066552163148186e+19 1.136614837477571584e+19 1.025782463479517594e+19 9.276552744612853760e+18 8.417439288255881216e+18 7.664390730037305344e+18
2.110210066443349197e+19 1.914178594134360883e+19 1.722049069190194995e+19 1.551150466826561946e+19 1.397653918892543590e+19 1.260066552163148595e+19 1.136614837477571584e+19 1.025782463479517798e+19 9.276552744612853760e+18 8.417439288255883264e+18 7.664390730037305344e+18
2.110210066443348378e+19 1.914178594134360883e+19 1.722049069190194586e+19 1.551150466826561946e+19 1.397653918892543590e+19 1.260066552163148390e+19 1.136614837477571584e+19 1.025782463479517594e+19 9.276552744612857856e+18 8.417439288255884288e+18 7.664390730037305344e+18
2.110210066443348787e+19 1.914178594134360883e+19 1.722049069190194995e+19 1.551150466826561946e+19 1.397653918892543181e+19 1.260066552163148390e+19 1.136614837477571584e+19 1.025782463479517594e+19 9.276552744612851712e+18 8.417439288255883264e+18 7.664390730037306368e+18
2.110210066443348378e+19 1.914178594134361293e+19 1.722049069190195200e+19 1.551150466826561741e+19 1.397653918892542976e+19 1.260066552163148390e+19 1.136614837477571379e+19 1.025782463479517389e+19 9.276552744612851712e+18 8.417439288255882240e+18 7.664390730037306368e+18
2.110210066443348378e+19 1.914178594134361293e+19 1.722049069190195405e+19 1.551150466826561331e+19 1.397653918892542976e+19 1.260066552163148186e+19 1.136614837477571379e+19 1.025782463479516979e+19 9.276552744612855808e+18 8.417439288255886336e+18 7.664390730037308416e+18
2.110210066443348787e+19 1.914178594134362112e+19 1.722049069190195610e+19 1.551150466826561536e+19 1.397653918892543181e+19 1.260066552163148390e+19 1.136614837477571789e+19 1.025782463479516774e+19 9.276552744612855808e+18 8.417439288255884288e+18 7.664390730037308416e+18
2.110210066443348378e+19 1.914178594134361702e+19 1.722049069190195200e+19 1.551150466826561331e+19 1.397653918892543590e+19 1.260066552163148800e+19 1.136614837477571994e+19 1.025782463479516160e+19 9.276552744612855808e+18 8.417439288255884288e+18 7.664390730037310464e+18
2.110210066443349197e+19 1.914178594134361702e+19 1.722049069190195200e+19 1.551150466826561536e+19 1.397653918892543386e+19 1.260066552163148800e+19 1.136614837477571789e+19 1.025782463479516365e+19 9.276552744612855808e+18 8.417439288255885312e+18 7.664390730037310464e+18
2.110210066443349197e+19 1.914178594134361702e+19 1.722049069190195200e+19 1.551150466826561331e+19 1.397653918892543181e+19 1.260066552163149005e+19 1.136614837477571174e+19 1.025782463479516365e+19 9.276552744612855808e+18 8.417439288255885312e+18 7.664390730037310464e+18
2.110210066443348787e+19 1.914178594134361293e+19 1.722049069190195610e+19 1.551150466826561536e+19 1.397653918892542771e+19 1.260066552163149210e+19 1.136614837477571379e+19 1.025782463479516160e+19 9.276552744612853760e+18 8.417439288255883264e+18 7.664390730037310464e+18
2.110210066443348787e+19 1.914178594134361702e+19 1.722049069190196019e+19 1.551150466826561946e+19 1.397653918892543181e+19 1.260066552163149005e+19 1.136614837477570970e+19 1.025782463479516365e+19 9.276552744612855808e+18 8.417439288255883264e+18 7.664390730037309440e+18
2.110210066443348787e+19 1.914178594134361702e+19 1.722049069190196224e+19 1.551150466826561536e+19 1.397653918892542976e+19 1.260066552163148800e+19 1.136614837477570970e+19 1.025782463479516365e+19 9.276552744612853760e+18 8.417439288255881216e+18 7.664390730037311488e+18
2.110210066443348378e+19 1.914178594134361702e+19 1.722049069190196224e+19 1.551150466826561126e+19 1.397653918892542976e+19 1.260066552163149414e+19 1.136614837477570765e+19 1.025782463479516160e+19 9.276552744612853760e+18 8.417439288255880192e+18 7.664390730037310464e+18
2.110210066443347968e+19 1.914178594134362112e+19 1.722049069190196224e+19 1.551150466826561536e+19 1.397653918892542976e+19 1.260066552163149210e+19 1.136614837477570765e+19 1.025782463479516365e+19 9.276552744612853760e+18 8.417439288255881216e+18 7.664390730037312512e+18
2.110210066443347968e+19 1.914178594134361702e+19 1.722049069190196634e+19 1.551150466826561536e+19 1.397653918892543181e+19 1.260066552163149005e+19 1.136614837477571174e+19 1.025782463479516774e+19 9.276552744612855808e+18 8.417439288255884288e+18 7.664390730037309440e+18
2.110210066443348378e+19 1.914178594134361702e+19 1.722049069190196429e+19 1.551150466826561331e+19 1.397653918892542566e+19 1.260066552163149005e+19 1.136614837477570765e+19 1.025782463479516979e+19 9.276552744612855808e+18 8.417439288255883264e+18 7.664390730037311488e+18
2.110210066443348378e+19 1.914178594134362112e+19 1.722049069190196634e+19 1.551150466826560922e+19 1.397653918892542362e+19 1.260066552163148595e+19 1.136614837477571174e+19 1.025782463479517184e+19 9.276552744612857856e+18 8.417439288255886336e+18 7.664390730037310464e+18
2.110210066443348378e+19 1.914178594134362112e+19 1.722049069190197043e+19 1.551150466826560922e+19 1.397653918892542566e+19 1.260066552163148595e+19 1.136614837477571174e+19 1.025782463479516570e+19 9.276552744612864000e+18 8.417439288255885312e+18 7.664390730037311488e+18
2.110210066443349197e+19 1.914178594134362522e+19 1.722049069190197043e+19 1.551150466826561331e+19 1.397653918892542976e+19 1.260066552163148390e+19 1.136614837477570970e+19 1.025782463479516570e+19 9.276552744612864000e+18 8.417439288255885312e+18 7.664390730037312512e+18
2.110210066443349197e+19 1.914178594134362112e+19 1.722049069190197453e+19 1.551150466826561331e+19 1.397653918892542976e+19 1.260066552163148800e+19 1.136614837477570560e+19 1.025782463479516365e+19 9.276552744612861952e+18 8.417439288255883264e+18 7.664390730037313536e+18
2.110210066443350016e+19 1.914178594134362522e+19 1.722049069190197248e+19 1.551150466826560922e+19 1.397653918892542566e+19 1.260066552163148800e+19 1.136614837477570150e+19 1.025782463479516979e+19 9.276552744612859904e+18 8.417439288255883264e+18 7.664390730037312512e+18
2.110210066443349606e+19 1.914178594134362112e+19 1.722049069190197248e+19 1.551150466826560922e+19 1.397653918892542566e+19 1.260066552163148186e+19 1.136614837477570150e+19 1.025782463479517184e+19 9.276552744612859904e+18 8.417439288255884288e+18 7.664390730037313536e+18
2.110210066443350016e+19 1.914178594134362112e+19 1.722049069190197248e+19 1.551150466826560717e+19 1.397653918892542362e+19 1.260066552163148595e+19 1.136614837477569536e+19 1.025782463479516570e+19 9.276552744612859904e+18 8.417439288255884288e+18 7.664390730037311488e+18
2.110210066443350426e+19 1.914178594134362522e+19 1.722049069190197043e+19 1.551150466826560922e+19 1.397653918892542566e+19 1.260066552163148186e+19 1.136614837477569536e+19 1.025782463479516774e+19 9.276552744612853760e+18 8.417439288255885312e+18 7.664390730037311488e+18
2.110210066443350016e+19 1.914178594134362112e+19 1.722049069190196634e+19 1.551150466826561126e+19 1.397653918892542566e+19 1.260066552163148595e+19 1.136614837477569741e+19 1.025782463479516774e+19 9.276552744612849664e+18 8.417439288255885312e+18 7.664390730037311488e+18
2.110210066443350426e+19 1.914178594134362112e+19 1.722049069190196429e+19 1.551150466826561126e+19 1.397653918892542771e+19 1.260066552163148595e+19 1.136614837477569741e+19 1.025782463479516979e+19 9.276552744612847616e+18 8.417439288255886336e+18 7.664390730037309440e+18
2.110210066443350016e+19 1.914178594134362522e+19 1.722049069190196634e+19 1.551150466826560922e+19 1.397653918892542976e+19 1.260066552163148390e+19 1.136614837477569741e+19 1.025782463479517184e+19 9.276552744612847616e+18 8.417439288255885312e+18 7.664390730037307392e+18
2.110210066443350016e+19 1.914178594134362931e+19 1.722049069190196019e+19 1.551150466826560512e+19 1.397653918892542976e+19 1.260066552163148595e+19 1.136614837477569536e+19 1.025782463479516979e+19 9.276552744612849664e+18 8.417439288255885312e+18 7.664390730037308416e+18
2.110210066443350426e+19 1.914178594134362112e+19 1.722049069190195610e+19 1.551150466826560512e+19 1.397653918892542976e+19 1.260066552163149414e+19 1.136614837477569126e+19 1.025782463479517184e+19 9.276552744612849664e+18 8.417439288255886336e+18 7.664390730037306368e+18
2.110210066443350426e+19 1.914178594134362522e+19 1.722049069190195814e+19 1.551150466826560307e+19 1.397653918892542976e+19 1.260066552163149414e+19 1.136614837477569536e+19 1.025782463479517389e+19 9.276552744612845568e+18 8.417439288255888384e+18 7.664390730037305344e+18
2.110210066443350016e+19 1.914178594134362931e+19 1.722049069190196019e+19 1.551150466826560102e+19 1.397653918892542976e+19 1.260066552163149210e+19 1.136614837477569331e+19 1.025782463479517594e+19 9.276552744612849664e+18 8.417439288255887360e+18 7.664390730037307392e+18
2.110210066443350016e+19 1.914178594134362522e+19 1.722049069190196224e+19 1.551150466826560102e+19 1.397653918892542771e+19 1.260066552163149210e+19 1.136614837477569741e+19 1.025782463479517184e+19 9.276552744612845568e+18 8.417439288255886336e+18 7.664390730037307392e+18
2.110210066443350016e+19 1.914178594134362522e+19 1.722049069190196634e+19 1.551150466826560102e+19 1.397653918892542362e+19 1.260066552163149210e+19 1.136614837477569741e+19 1.025782463479517389e+19 9.276552744612847616e+18 8.417439288255887360e+18 7.664390730037309440e+18
2.110210066443349606e+19 1.914178594134362112e+19 1.722049069190196429e+19 1.551150466826559898e+19 1.397653918892542771e+19 1.260066552163149210e+19 1.136614837477569536e+19 1.025782463479517184e+19 9.276552744612851712e+18 8.417439288255887360e+18 7.664390730037308416e+18
2.110210066443350016e+19 1.914178594134362112e+19 1.722049069190196429e+19 1.551150466826560307e+19 1.397653918892542566e+19 1.260066552163149210e+19 1.136614837477569536e+19 1.025782463479516979e+19 9.276552744612853760e+18 8.417439288255886336e+18 7.664390730037307392e+18
2.110210066443350016e+19 1.914178594134362522e+19 1.722049069190196634e+19 1.551150466826560307e+19 1.397653918892542771e+19 1.260066552163149210e+19 1.136614837477569331e+19 1.025782463479516774e+19 9.276552744612857856e+18 8.417439288255884288e+18 7.664390730037305344e+18
2.110210066443349606e+19 1.914178594134362522e+19 1.722049069190196429e+19 1.551150466826560307e+19 1.397653918892542771e+19 1.260066552163149619e+19 1.136614837477569126e+19 1.025782463479516365e+19 9.276552744612853760e+18 8.417439288255884288e+18 7.664390730037307392e+18
2.110210066443349197e+19 1.914178594134362112e+19 1.722049069190196634e+19 1.551150466826560512e+19 1.397653918892542771e+19 1.260066552163149210e+19 1.136614837477568717e+19 1.025782463479516365e+19 9.276552744612855808e+18 8.417439288255885312e+18 7.664390730037308416e+18
2.110210066443349606e+19 1.914178594134362112e+19 1.722049069190196838e+19 1.551150466826560102e+19 1.397653918892542976e+19 1.260066552163149619e+19 1.136614837477568717e+19 1.025782463479516365e+19 9.276552744612857856e+18 8.417439288255885312e+18 7.664390730037307392e+18
2.110210066443349606e+19 1.914178594134361293e+19 1.722049069190196838e+19 1.551150466826560102e+19 1.397653918892543386e+19 1.260066552163149414e+19 1.136614837477568717e+19 1.025782463479516774e+19 9.276552744612855808e+18 8.417439288255887360e+18 7.664390730037307392e+18
2.110210066443349197e+19 1.914178594134361702e+19 1.722049069190197248e+19 1.551150466826560307e+19 1.397653918892543590e+19 1.260066552163149619e+19 1.136614837477568512e+19 1.025782463479516774e+19 9.276552744612857856e+18 8.417439288255888384e+18 7.664390730037308416e+18
2.110210066443349197e+19 1.914178594134361702e+19 1.722049069190197658e+19 1.551150466826560307e+19 1.397653918892543590e+19 1.260066552163149824e+19 1.136614837477568307e+19 1.025782463479516570e+19 9.276552744612855808e+18 8.417439288255886336e+18 7.664390730037305344e+18
2.110210066443349197e+19 1.914178594134362522e+19 1.722049069190197043e+19 1.551150466826560307e+19 1.397653918892543181e+19 1.260066552163149210e+19 1.136614837477568307e+19 1.025782463479516979e+19 9.276552744612857856e+18 8.417439288255886336e+18 7.664390730037307392e+18
2.110210066443349197e+19 1.914178594134362112e+19 1.722049069190196838e+19 1.551150466826560922e+19 1.397653918892543590e+19 1.260066552163149210e+19 1.136614837477568102e+19 1.025782463479516979e+19 9.276552744612861952e+18 8.417439288255885312e+18 7.664390730037307392e+18
2.110210066443348787e+19 1.914178594134362522e+19 1.722049069190197453e+19 1.551150466826561126e+19 1.397653918892543590e+19 1.260066552163149005e+19 1.136614837477568102e+19 1.025782463479517184e+19 9.276552744612866048e+18 8.417439288255886336e+18 7.664390730037307392e+18
2.110210066443348378e+19 1.914178594134362112e+19 1.722049069190197248e+19 1.551150466826561331e+19 1.397653918892543386e+19 1.260066552163148595e+19 1.136614837477568717e+19 1.025782463479516979e+19 9.276552744612874240e+18 8.417439288255885312e+18 7.664390730037307392e+18
2.110210066443348787e+19 1.914178594134362112e+19 1.722049069190197658e+19 1.551150466826561126e+19 1.397653918892543386e+19 1.260066552163149005e+19 1.136614837477568307e+19 1.025782463479516979e+19 9.276552744612872192e+18 8.417439288255886336e+18 7.664390730037309440e+18
2.110210066443348787e+19 1.914178594134362112e+19 1.722049069190198067e+19 1.551150466826560512e+19 1.397653918892543181e+19 1.260066552163148800e+19 1.136614837477568307e+19 1.025782463479516979e+19 9.276552744612872192e+18 8.417439288255886336e+18 7.664390730037311488e+18
2.110210066443349606e+19 1.914178594134361702e+19 1.722049069190198067e+19 1.551150466826560922e+19 1.397653918892543386e+19 1.260066552163149005e+19 1.136614837477568717e+19 1.025782463479517389e+19 9.276552744612868096e+18 8.417439288255885312e+18 7.664390730037311488e+18
2.110210066443349197e+19 1.914178594134361702e+19 1.722049069190198067e+19 1.551150466826561126e+19 1.397653918892543181e+19 1.260066552163149210e+19 1.136614837477568922e+19 1.025782463479517184e+19 9.276552744612872192e+18 8.417439288255884288e+18 7.664390730037309440e+18
2.110210066443349197e+19 1.914178594134362112e+19 1.722049069190198477e+19 1.551150466826560922e+19 1.397653918892543795e+19 1.260066552163149005e+19 1.136614837477569331e+19 1.025782463479517389e+19 9.276552744612870144e+18 8.417439288255881216e+18 7.664390730037309440e+18
2.110210066443348378e+19 1.914178594134362112e+19 1.722049069190198477e+19 1.551150466826560922e+19 1.397653918892544000e+19 1.260066552163148800e+19 1.136614837477568922e+19 1.025782463479517798e+19 9.276552744612874240e+18 8.417439288255880192e+18 7.664390730037308416e+18
2.110210066443348378e+19 1.914178594134362112e+19 1.722049069190198067e+19 1.551150466826560717e+19 1.397653918892544000e+19 1.260066552163149210e+19 1.136614837477569126e+19 1.025782463479517184e+19 9.276552744612882432e+18 8.417439288255879168e+18 7.664390730037307392e+18
2.110210066443348378e+19 1.914178594134362112e+19 1.722049069190197248e+19 1.551150466826560307e+19 1.397653918892543795e+19 1.260066552163149210e+19 1.136614837477568922e+19 1.025782463479517798e+19 9.276552744612882432e+18 8.417439288255882240e+18 7.664390730037306368e+18
2.110210066443348787e+19 1.914178594134361702e+19 1.722049069190197453e+19 1.551150466826560307e+19 1.397653918892543795e+19 1.260066552163149005e+19 1.136614837477568102e+19 1.025782463479517389e+19 9.276552744612882432e+18 8.417439288255880192e+18 7.664390730037309440e+18
2.110210066443349606e+19 1.914178594134361702e+19 1.722049069190197658e+19 1.551150466826560307e+19 1.397653918892544000e+19 1.260066552163149210e+19 1.136614837477568512e+19 1.025782463479517389e+19 9.276552744612884480e+18 8.417439288255880192e+18 7.664390730037308416e+18
2.110210066443349606e+19 1.914178594134361293e+19 1.722049069190197862e+19 1.551150466826560102e+19 1.397653918892543795e+19 1.260066552163148800e+19 1.136614837477568102e+19 1.025782463479517389e+19 9.276552744612880384e+18 8.417439288255880192e+18 7.664390730037308416e+18
2.110210066443349197e+19 1.914178594134361702e+19 1.722049069190197453e+19 1.551150466826560102e+19 1.397653918892543590e+19 1.260066552163148595e+19 1.136614837477568307e+19 1.025782463479517594e+19 9.276552744612880384e+18 8.417439288255879168e+18 7.664390730037307392e+18
2.110210066443349197e+19 1.914178594134361293e+19 1.722049069190197658e+19 1.551150466826559693e+19 1.397653918892543795e+19 1.260066552163148595e+19 1.136614837477568922e+19 1.025782463479517594e+19 9.276552744612880384e+18 8.417439288255876096e+18 7.664390730037307392e+18
2.110210066443349197e+19 1.914178594134360883e+19 1.722049069190197248e+19 1.551150466826559693e+19 1.397653918892544000e+19 1.260066552163148390e+19 1.136614837477568717e+19 1.025782463479517389e+19 9.276552744612880384e+18 8.417439288255877120e+18 7.664390730037306368e+18
2.110210066443349197e+19 1.914178594134360474e+19 1.722049069190197248e+19 1.551150466826559898e+19 1.397653918892543795e+19 1.260066552163148390e+19 1.136614837477568922e+19 1.025782463479517184e+19 9.276552744612882432e+18 8.417439288255877120e+18 7.664390730037304320e+18
2.110210066443348787e+19 1.914178594134361293e+19 1.722049069190197043e+19 1.551150466826559898e+19 1.397653918892543590e+19 1.260066552163148800e+19 1.136614837477568922e+19 1.025782463479517389e+19 9.276552744612886528e+18 8.417439288255877120e+18 7.664390730037301248e+18
2.110210066443350016e+19 1.914178594134360883e+19 1.722049069190197248e+19 1.551150466826559898e+19 1.397653918892544205e+19 1.260066552163148595e+19 1.136614837477568717e+19 1.025782463479517798e+19 9.276552744612888576e+18 8.417439288255878144e+18 7.664390730037301248e+18
2.110210066443349197e+19 1.914178594134360474e+19 1.722049069190197043e+19 1.551150466826560102e+19 1.397653918892544000e+19 1.260066552163148800e+19 1.136614837477568512e+19 1.025782463479517798e+19 9.276552744612884480e+18 8.417439288255879168e+18 7.664390730037301248e+18
2.110210066443349197e+19 1.914178594134360883e+19 1.722049069190196838e+19 1.551150466826560717e+19 1.397653918892544205e+19 1.260066552163148595e+19 1.136614837477568512e+19 1.025782463479517594e+19 9.276552744612884480e+18 8.417439288255880192e+18 7.664390730037301248e+18
2.110210066443349606e+19 1.914178594134360883e+19 1.722049069190197453e+19 1.551150466826560922e+19 1.397653918892544000e+19 1.260066552163148390e+19 1.136614837477568307e+19 1.025782463479517798e+19 9.276552744612884480e+18 8.417439288255877120e+18 7.664390730037301248e+18
2.110210066443348787e+19 1.914178594134360883e+19 1.722049069190197453e+19 1.551150466826560922e+19 1.397653918892544000e+19 1.260066552163147776e+19 1.136614837477568512e+19 1.025782463479517798e+19 9.276552744612884480e+18 8.417439288255878144e+18 7.664390730037304320e+18
2.110210066443349197e+19 1.914178594134360883e+19 1.722049069190197658e+19 1.551150466826560512e+19 1.397653918892544000e+19 1.260066552163147981e+19 1.136614837477568512e+19 1.025782463479517798e+19 9.276552744612888576e+18 8.417439288255876096e+18 7.664390730037305344e+18
2.110210066443349606e+19 1.914178594134360883e+19 1.722049069190197658e+19 1.551150466826560922e+19 1.397653918892544000e+19 1.260066552163147981e+19 1.136614837477568307e+19 1.025782463479517389e+19 9.276552744612886528e+18 8.417439288255878144e+18 7.664390730037305344e+18
2.110210066443349197e+19 1.914178594134360883e+19 1.722049069190197043e+19 1.551150466826561331e+19 1.397653918892544205e+19 1.260066552163147981e+19 1.136614837477568102e+19 1.025782463479517389e+19 9.276552744612886528e+18 8.417439288255879168e+18 7.664390730037309440e+18
2.110210066443348378e+19 1.914178594134360474e+19 1.722049069190197248e+19 1.551150466826561126e+19 1.397653918892544000e+19 1.260066552163147981e+19 1.136614837477567898e+19 1.025782463479516774e+19 9.276552744612884480e+18 8.417439288255880192e+18 7.664390730037307392e+18
2.110210066443348787e+19 1.914178594134360883e+19 1.722049069190197043e+19 1.551150466826561331e+19 1.397653918892543795e+19 1.260066552163148186e+19 1.136614837477567898e+19 1.025782463479516774e+19 9.276552744612880384e+18 8.417439288255881216e+18 7.664390730037305344e+18
2.110210066443348378e+19 1.914178594134361293e+19 1.722049069190197043e+19 1.551150466826561331e+19 1.397653918892544205e+19 1.260066552163148595e+19 1.136614837477568102e+19 1.025782463479516365e+19 9.276552744612882432e+18 8.417439288255879168e+18 7.664390730037305344e+18
2.110210066443347558e+19 1.914178594134361702e+19 1.722049069190197248e+19 1.551150466826561536e+19 1.397653918892544205e+19 1.260066552163148800e+19 1.136614837477568307e+19 1.025782463479516570e+19 9.276552744612884480e+18 8.417439288255879168e+18 7.664390730037308416e+18
2.110210066443348378e+19 1.914178594134361702e+19 1.722049069190196429e+19 1.551150466826561331e+19 1.397653918892544205e+19 1.260066552163148800e+19 1.136614837477568102e+19 1.025782463479516979e+19 9.276552744612886528e+18 8.417439288255878144e+18 7.664390730037305344e+18
2.110210066443347968e+19 1.914178594134361293e+19 1.722049069190196838e+19 1.551150466826561536e+19 1.397653918892544614e+19 1.260066552163148800e+19 1.136614837477567898e+19 1.025782463479516979e+19 9.276552744612888576e+18 8.417439288255878144e+18 7.664390730037306368e+18
2.110210066443348787e+19 1.914178594134361293e+19 1.722049069190196429e+19 1.551150466826561126e+19 1.397653918892544000e+19 1.260066552163149005e+19 1.136614837477568307e+19 1.025782463479517594e+19 9.276552744612888576e+18 8.417439288255878144e+18 7.664390730037304320e+18
2.110210066443349197e+19 1.914178594134361293e+19 1.722049069190195814e+19 1.551150466826561126e+19 1.397653918892544205e+19 1.260066552163149210e+19 1.136614837477568102e+19 1.025782463479517594e+19 9.276552744612890624e+18 8.417439288255878144e+18 7.664390730037305344e+18
2.110210066443349606e+19 1.914178594134361293e+19 1.722049069190196019e+19 1.551150466826561126e+19 1.397653918892544000e+19 1.260066552163149414e+19 1.136614837477568102e+19 1.025782463479518208e+19 9.276552744612890624e+18 8.417439288255877120e+18 7.664390730037307392e+18
2.110210066443350016e+19 1.914178594134361702e+19 1.722049069190195610e+19 1.551150466826560922e+19 1.397653918892544205e+19 1.260066552163149005e+19 1.136614837477567693e+19 1.025782463479518208e+19 9.276552744612890624e+18 8.417439288255874048e+18 7.664390730037308416e+18
2.110210066443350016e+19 1.914178594134361293e+19 1.722049069190196019e+19 1.551150466826560922e+19 1.397653918892544410e+19 1.260066552163148800e+19 1.136614837477567898e+19 1.025782463479518618e+19 9.276552744612894720e+18 8.417439288255874048e+18 7.664390730037309440e+18
2.110210066443350426e+19 1.914178594134361293e+19 1.722049069190195610e+19 1.551150466826560922e+19 1.397653918892544410e+19 1.260066552163148800e+19 1.136614837477568102e+19 1.025782463479518822e+19 9.276552744612896768e+18 8.417439288255873024e+18 7.664390730037308416e+18
2.110210066443350426e+19 1.914178594134360883e+19 1.722049069190195610e+19 1.551150466826560922e+19 1.397653918892544410e+19 1.260066552163148390e+19 1.136614837477568102e+19 1.025782463479519027e+19 9.276552744612896768e+18 8.417439288255875072e+18 7.664390730037310464e+18
2.110210066443351245e+19 1.914178594134360883e+19 1.722049069190195814e+19 1.551150466826560717e+19 1.397653918892544819e+19 1.260066552163148800e+19 1.136614837477567898e+19 1.025782463479518618e+19 9.276552744612896768e+18 8.417439288255875072e+18 7.664390730037307392e+18
2.110210066443350835e+19 1.914178594134361293e+19 1.722049069190195405e+19 1.551150466826560922e+19 1.397653918892544819e+19 1.260066552163149005e+19 1.136614837477568102e+19 1.025782463479518822e+19 9.276552744612896768e+18 8.417439288255879168e+18 7.664390730037308416e+18
2.110210066443351245e+19 1.914178594134361293e+19 1.722049069190195405e+19 1.551150466826560717e+19 1.397653918892544819e+19 1.260066552163149005e+19 1.136614837477568102e+19 1.025782463479518618e+19 9.276552744612896768e+18 8.417439288255878144e+18 7.664390730037310464e+18
2.110210066443350835e+19 1.914178594134360474e+19 1.722049069190195405e+19 1.551150466826561126e+19 1.397653918892544614e+19 1.260066552163149210e+19 1.136614837477568102e+19 1.025782463479518822e+19 9.276552744612896768e+18 8.417439288255879168e+18 7.664390730037308416e+18
2.110210066443350835e+19 1.914178594134360064e+19 1.722049069190195200e+19 1.551150466826561126e+19 1.397653918892544614e+19 1.260066552163149414e+19 1.136614837477568102e+19 1.025782463479518822e+19 9.276552744612896768e+18 8.417439288255880192e+18 7.664390730037308416e+18
2.110210066443351245e+19 1.914178594134360064e+19 1.722049069190195610e+19 1.551150466826561536e+19 1.397653918892543795e+19 1.260066552163149210e+19 1.136614837477568307e+19 1.025782463479518618e+19 9.276552744612896768e+18 8.417439288255882240e+18 7.664390730037308416e+18
2.110210066443350426e+19 1.914178594134360064e+19 1.722049069190195200e+19 1.551150466826561126e+19 1.397653918892544000e+19 1.260066552163149210e+19 1.136614837477568512e+19 1.025782463479519027e+19 9.276552744612900864e+18 8.417439288255881216e+18 7.664390730037309440e+18
2.110210066443350016e+19 1.914178594134359654e+19 1.722049069190195405e+19 1.551150466826561126e+19 1.397653918892544205e+19 1.260066552163149005e+19 1.136614837477568512e+19 1.025782463479519437e+19 9.276552744612900864e+18 8.417439288255883264e+18 7.664390730037307392e+18
2.110210066443350835e+19 1.914178594134358835e+19 1.722049069190195200e+19 1.551150466826561126e+19 1.397653918892544614e+19 1.260066552163148390e+19 1.136614837477568512e+19 1.025782463479519437e+19 9.276552744612900864e+18 8.417439288255883264e+18 7.664390730037309440e+18
2.110210066443351245e+19 1.914178594134359654e+19 1.722049069190194995e+19 1.551150466826561331e+19 1.397653918892544410e+19 1.260066552163148800e+19 1.136614837477568717e+19 1.025782463479519642e+19 9.276552744612902912e+18 8.417439288255882240e+18 7.664390730037308416e+18
2.110210066443351245e+19 1.914178594134359654e+19 1.722049069190194995e+19 1.551150466826561536e+19 1.397653918892544410e+19 1.260066552163148800e+19 1.136614837477568512e+19 1.025782463479520051e+19 9.276552744612902912e+18 8.417439288255886336e+18 7.664390730037307392e+18
2.110210066443351245e+19 1.914178594134360064e+19 1.722049069190194790e+19 1.551150466826561536e+19 1.397653918892544410e+19 1.260066552163148186e+19 1.136614837477568102e+19 1.025782463479520256e+19 9.276552744612907008e+18 8.417439288255885312e+18 7.664390730037307392e+18
2.110210066443350835e+19 1.914178594134359654e+19 1.722049069190194995e+19 1.551150466826561331e+19 1.397653918892544410e+19 1.260066552163148390e+19 1.136614837477568102e+19 1.025782463479519846e+19 9.276552744612911104e+18 8.417439288255885312e+18 7.664390730037307392e+18
2.110210066443350426e+19 1.914178594134360064e+19 1.722049069190194995e+19 1.551150466826561331e+19 1.397653918892544614e+19 1.260066552163148186e+19 1.136614837477568307e+19 1.025782463479519846e+19 9.276552744612911104e+18 8.417439288255884288e+18 7.664390730037307392e+18
2.110210066443350835e+19 1.914178594134360064e+19 1.722049069190194790e+19 1.551150466826561331e+19 1.397653918892544205e+19 1.260066552163147981e+19 1.136614837477568307e+19 1.025782463479519642e+19 9.276552744612913152e+18 8.417439288255884288e+18 7.664390730037306368e+18
2.110210066443350835e+19 1.914178594134359654e+19 1.722049069190194995e+19 1.551150466826561331e+19 1.397653918892544410e+19 1.260066552163147981e+19 1.136614837477568102e+19 1.025782463479519846e+19 9.276552744612913152e+18 8.417439288255882240e+18 7.664390730037306368e+18
2.110210066443351654e+19 1.914178594134359654e+19 1.722049069190195200e+19 1.551150466826561536e+19 1.397653918892544410e+19 1.260066552163147981e+19 1.136614837477567898e+19 1.025782463479520461e+19 9.276552744612917248e+18 8.417439288255880192e+18 7.664390730037305344e+18
2.110210066443350835e+19 1.914178594134358835e+19 1.722049069190194586e+19 1.551150466826561946e+19 1.397653918892544000e+19 1.260066552163147571e+19 1.136614837477567693e+19 1.025782463479520870e+19 9.276552744612917248e+18 8.417439288255882240e+18 7.664390730037304320e+18
2.110210066443350426e+19 1.914178594134358426e+19 1.722049069190194381e+19 1.551150466826561946e+19 1.397653918892544614e+19 1.260066552163147571e+19 1.136614837477567693e+19 1.025782463479521075e+19 9.276552744612921344e+18 8.417439288255879168e+18 7.664390730037307392e+18
2.110210066443350426e+19 1.914178594134358016e+19 1.722049069190194381e+19 1.551150466826561741e+19 1.397653918892544614e+19 1.260066552163147571e+19 1.136614837477567898e+19 1.025782463479521075e+19 9.276552744612921344e+18 8.417439288255880192e+18 7.664390730037304320e+18
2.110210066443350426e+19 1.914178594134358016e+19 1.722049069190194381e+19 1.551150466826561741e+19 1.397653918892544614e+19 1.260066552163147571e+19 1.136614837477567693e+19 1.025782463479520870e+19 9.276552744612919296e+18 8.417439288255881216e+18 7.664390730037304320e+18
2.110210066443350835e+19 1.914178594134358426e+19 1.722049069190194586e+19 1.551150466826561536e+19 1.397653918892545229e+19 1.260066552163147571e+19 1.136614837477567693e+19 1.025782463479520461e+19 9.276552744612921344e+18 8.417439288255880192e+18 7.664390730037305344e+18
2.110210066443350426e+19 1.914178594134358835e+19 1.722049069190194381e+19 1.551150466826560922e+19 1.397653918892544614e+19 1.260066552163147776e+19 1.136614837477567898e+19 1.025782463479520461e+19 9.276552744612917248e+18 8.417439288255882240e+18 7.664390730037304320e+18
2.110210066443350426e+19 1.914178594134359245e+19 1.722049069190194790e+19 1.551150466826561331e+19 1.397653918892544614e+19 1.260066552163147571e+19 1.136614837477567488e+19 1.025782463479520666e+19 9.276552744612919296e+18 8.417439288255881216e+18 7.664390730037301248e+18
2.110210066443350835e+19 1.914178594134359245e+19 1.722049069190194790e+19 1.551150466826561331e+19 1.397653918892544614e+19 1.260066552163147981e+19 1.136614837477567693e+19 1.025782463479520870e+19 9.276552744612921344e+18 8.417439288255880192e+18 7.664390730037299200e+18
2.110210066443350426e+19 1.914178594134359654e+19 1.722049069190194995e+19 1.551150466826560922e+19 1.397653918892544819e+19 1.260066552163148390e+19 1.136614837477567693e+19 1.025782463479520666e+19 9.276552744612921344e+18 8.417439288255881216e+18 7.664390730037297152e+18
2.110210066443350426e+19 1.914178594134359245e+19 1.722049069190194790e+19 1.551150466826560922e+19 1.397653918892544819e+19 1.260066552163148800e+19 1.136614837477566874e+19 1.025782463479520051e+19 9.276552744612921344e+18 8.417439288255879168e+18 7.664390730037296128e+18
2.110210066443349606e+19 1.914178594134359245e+19 1.722049069190194176e+19 1.551150466826560717e+19 1.397653918892544614e+19 1.260066552163148390e+19 1.136614837477566874e+19 1.025782463479519846e+19 9.276552744612917248e+18 8.417439288255876096e+18 7.664390730037296128e+18
2.110210066443350016e+19 1.914178594134359654e+19 1.722049069190194176e+19 1.551150466826560307e+19 1.397653918892544819e+19 1.260066552163148390e+19 1.136614837477566874e+19 1.025782463479519846e+19 9.276552744612919296e+18 8.417439288255876096e+18 7.664390730037294080e+18
2.110210066443350426e+19 1.914178594134359245e+19 1.722049069190194176e+19 1.551150466826560102e+19 1.397653918892545024e+19 1.260066552163147981e+19 1.136614837477567283e+19 1.025782463479519846e+19 9.276552744612919296e+18 8.417439288255875072e+18 7.664390730037293056e+18
2.110210066443350835e+19 1.914178594134359245e+19 1.722049069190193766e+19 1.551150466826559898e+19 1.397653918892544819e+19 1.260066552163148390e+19 1.136614837477568102e+19 1.025782463479519846e+19 9.276552744612925440e+18 8.417439288255875072e+18 7.664390730037293056e+18
2.110210066443350835e+19 1.914178594134358426e+19 1.722049069190193766e+19 1.551150466826560102e+19 1.397653918892545024e+19 1.260066552163148186e+19 1.136614837477568102e+19 1.025782463479519642e+19 9.276552744612923392e+18 8.417439288255877120e+18 7.664390730037294080e+18
2.110210066443350835e+19 1.914178594134358426e+19 1.722049069190194176e+19 1.551150466826560102e+19 1.397653918892545229e+19 1.260066552163148390e+19 1.136614837477568307e+19 1.025782463479519642e+19 9.276552744612931584e+18 8.417439288255878144e+18 7.664390730037297152e+18
2.110210066443350835e+19 1.914178594134357606e+19 1.722049069190193766e+19 1.551150466826560102e+19 1.397653918892545434e+19 1.260066552163148390e+19 1.136614837477568307e+19 1.025782463479519027e+19 9.276552744612933632e+18 8.417439288255875072e+18 7.664390730037296128e+18
2.110210066443351245e+19 1.914178594134358426e+19 1.722049069190193766e+19 1.551150466826560102e+19 1.397653918892545229e+19 1.260066552163148390e+19 1.136614837477567898e+19 1.025782463479519232e+19 9.276552744612933632e+18 8.417439288255874048e+18 7.664390730037296128e+18
2.110210066443351245e+19 1.914178594134358016e+19 1.722049069190193152e+19 1.551150466826559693e+19 1.397653918892545229e+19 1.260066552163147981e+19 1.136614837477567283e+19 1.025782463479519027e+19 9.276552744612931584e+18 8.417439288255874048e+18 7.664390730037297152e+18
2.110210066443350835e+19 1.914178594134358016e+19 1.722049069190192947e+19 1.551150466826559693e+19 1.397653918892545024e+19 1.260066552163147366e+19 1.136614837477567283e+19 1.025782463479519027e+19 9.276552744612929536e+18 8.417439288255874048e+18 7.664390730037297152e+18
2.110210066443350835e+19 1.914178594134358016e+19 1.722049069190191923e+19 1.551150466826559898e+19 1.397653918892544819e+19 1.260066552163147366e+19 1.136614837477567283e+19 1.025782463479519232e+19 9.276552744612933632e+18 8.417439288255873024e+18 7.664390730037296128e+18
2.110210066443351654e+19 1.914178594134358835e+19 1.722049069190191923e+19 1.551150466826560102e+19 1.397653918892545024e+19 1.260066552163147366e+19 1.136614837477567283e+19 1.025782463479518822e+19 9.276552744612931584e+18 8.417439288255869952e+18 7.664390730037297152e+18
2.110210066443350835e+19 1.914178594134358426e+19 1.722049069190191718e+19 1.551150466826560102e+19 1.397653918892545024e+19 1.260066552163147571e+19 1.136614837477567078e+19 1.025782463479519232e+19 9.276552744612929536e+18 8.417439288255872000e+18 7.664390730037298176e+18
2.110210066443350426e+19 1.914178594134358016e+19 1.722049069190192128e+19 1.551150466826560307e+19 1.397653918892544614e+19 1.260066552163147366e+19 1.136614837477567078e+19 1.025782463479519232e+19 9.276552744612929536e+18 8.417439288255873024e+18 7.664390730037295104e+18
2.110210066443350426e+19 1.914178594134358426e+19 1.722049069190192333e+19 1.551150466826560307e+19 1.397653918892544614e+19 1.260066552163146752e+19 1.136614837477567283e+19 1.025782463479519232e+19 9.276552744612933632e+18 8.417439288255875072e+18 7.664390730037294080e+18
2.110210066443350426e+19 1.914178594134358016e+19 1.722049069190192742e+19 1.551150466826560102e+19 1.397653918892544614e+19 1.260066552163147366e+19 1.136614837477567693e+19 1.025782463479518822e+19 9.276552744612937728e+18 8.417439288255873024e+18 7.664390730037294080e+18
2.110210066443350426e+19 1.914178594134358016e+19 1.722049069190192538e+19 1.551150466826560307e+19 1.397653918892544410e+19 1.260066552163147162e+19 1.136614837477568102e+19 1.025782463479518618e+19 9.276552744612935680e+18 8.417439288255875072e+18 7.664390730037298176e+18
2.110210066443350426e+19 1.914178594134358016e+19 1.722049069190192333e+19 1.551150466826560512e+19 1.397653918892544000e+19 1.260066552163147366e+19 1.136614837477567693e+19 1.025782463479518618e+19 9.276552744612937728e+18 8.417439288255876096e+18 7.664390730037298176e+18
2.110210066443350426e+19 1.914178594134357606e+19 1.722049069190192128e+19 1.551150466826560307e+19 1.397653918892544205e+19 1.260066552163147366e+19 1.136614837477568102e+19 1.025782463479518822e+19 9.276552744612937728e+18 8.417439288255876096e+18 7.664390730037298176e+18
2.110210066443350835e+19 1.914178594134358016e+19 1.722049069190192128e+19 1.551150466826560102e+19 1.397653918892544410e+19 1.260066552163146957e+19 1.136614837477568512e+19 1.025782463479518822e+19 9.276552744612937728e+18 8.417439288255879168e+18 7.664390730037299200e+18
2.110210066443350835e+19 1.914178594134358016e+19 1.722049069190192538e+19 1.551150466826560102e+19 1.397653918892544205e+19 1.260066552163146957e+19 1.136614837477568512e+19 1.025782463479519232e+19 9.276552744612939776e+18 8.417439288255879168e+18 7.664390730037302272e+18
2.110210066443351245e+19 1.914178594134358016e+19 1.722049069190192538e+19 1.551150466826559898e+19 1.397653918892544614e+19 1.260066552163146957e+19 1.136614837477568512e+19 1.025782463479519437e+19 9.276552744612937728e+18 8.417439288255878144e+18 7.664390730037303296e+18
2.110210066443351654e+19 1.914178594134358016e+19 1.722049069190192742e+19 1.551150466826559898e+19 1.397653918892544614e+19 1.260066552163147162e+19 1.136614837477568512e+19 1.025782463479519232e+19 9.276552744612931584e+18 8.417439288255881216e+18 7.664390730037300224e+18
2.110210066443351654e+19 1.914178594134357606e+19 1.722049069190192538e+19 1.551150466826560307e+19 1.397653918892545024e+19 1.260066552163146547e+19 1.136614837477568717e+19 1.025782463479519437e+19 9.276552744612933632e+18 8.417439288255880192e+18 7.664390730037300224e+18
2.110210066443351654e+19 1.914178594134358016e+19 1.722049069190191923e+19 1.551150466826560307e+19 1.397653918892544819e+19 1.260066552163146957e+19 1.136614837477569126e+19 1.025782463479519642e+19 9.276552744612935680e+18 8.417439288255879168e+18 7.664390730037301248e+18
2.110210066443352474e+19 1.914178594134356787e+19 1.722049069190191923e+19 1.551150466826560102e+19 1.397653918892544819e+19 1.260066552163146957e+19 1.136614837477568717e+19 1.025782463479519642e+19 9.276552744612937728e+18 8.417439288255880192e+18 7.664390730037302272e+18
2.110210066443351654e+19 1.914178594134357197e+19 1.722049069190191923e+19 1.551150466826560307e+19 1.397653918892544819e+19 1.260066552163147366e+19 1.136614837477568922e+19 1.025782463479520051e+19 9.276552744612939776e+18 8.417439288255882240e+18 7.664390730037302272e+18
2.110210066443351654e+19 1.914178594134356787e+19 1.722049069190191923e+19 1.551150466826560512e+19 1.397653918892545024e+19 1.260066552163146752e+19 1.136614837477568922e+19 1.025782463479520256e+19 9.276552744612941824e+18 8.417439288255882240e+18 7.664390730037300224e+18
2.110210066443351245e+19 1.914178594134357197e+19 1.722049069190192128e+19 1.551150466826560512e+19 1.397653918892545024e+19 1.260066552163146752e+19 1.136614837477569126e+19 1.025782463479520051e+19 9.276552744612947968e+18 8.417439288255882240e+18 7.664390730037300224e+18
2.110210066443350426e+19 1.914178594134357606e+19 1.722049069190191923e+19 1.551150466826560512e+19 1.397653918892545229e+19 1.260066552163146547e+19 1.136614837477568512e+19 1.025782463479520051e+19 9.276552744612943872e+18 8.417439288255880192e+18 7.664390730037301248e+18
2.110210066443350835e+19 1.914178594134357606e+19 1.722049069190191514e+19 1.551150466826560512e+19 1.397653918892544614e+19 1.260066552163146547e+19 1.136614837477568512e+19 1.025782463479520051e+19 9.276552744612947968e+18 8.417439288255881216e+18 7.664390730037300224e+18
2.110210066443350835e+19 1.914178594134358426e+19 1.722049069190191514e+19 1.551150466826560102e+19 1.397653918892544410e+19 1.260066552163146138e+19 1.136614837477568307e+19 1.025782463479520461e+19 9.276552744612947968e+18 8.417439288255881216e+18 7.664390730037299200e+18
2.110210066443351654e+19 1.914178594134358426e+19 1.722049069190190899e+19 1.551150466826560717e+19 1.397653918892544410e+19 1.260066552163145523e+19 1.136614837477568307e+19 1.025782463479520461e+19 9.276552744612945920e+18 8.417439288255883264e+18 7.664390730037299200e+18
2.110210066443351245e+19 1.914178594134358426e+19 1.722049069190190899e+19 1.551150466826560922e+19 1.397653918892544410e+19 1.260066552163145933e+19 1.136614837477568102e+19 1.025782463479520461e+19 9.276552744612945920e+18 8.417439288255882240e+18 7.664390730037299200e+18
2.110210066443351654e+19 1.914178594134358426e+19 1.722049069190190899e+19 1.551150466826560717e+19 1.397653918892544410e+19 1.260066552163146138e+19 1.136614837477567898e+19 1.025782463479520461e+19 9.276552744612943872e+18 8.417439288255882240e+18 7.664390730037299200e+18
2.110210066443351654e+19 1.914178594134358426e+19 1.722049069190190899e+19 1.551150466826560512e+19 1.397653918892544614e+19 1.260066552163145933e+19 1.136614837477568102e+19 1.025782463479520256e+19 9.276552744612950016e+18 8.417439288255884288e+18 7.664390730037297152e+18
2.110210066443351654e+19 1.914178594134358016e+19 1.722049069190191309e+19 1.551150466826560922e+19 1.397653918892544819e+19 1.260066552163145318e+19 1.136614837477567693e+19 1.025782463479520461e+19 9.276552744612952064e+18 8.417439288255885312e+18 7.664390730037298176e+18
2.110210066443350835e+19 1.914178594134358426e+19 1.722049069190191104e+19 1.551150466826560922e+19 1.397653918892545024e+19 1.260066552163145523e+19 1.136614837477567078e+19 1.025782463479520666e+19 9.276552744612956160e+18 8.417439288255886336e+18 7.664390730037297152e+18
2.110210066443351245e+19 1.914178594134358426e+19 1.722049069190190694e+19 1.551150466826560922e+19 1.397653918892544819e+19 1.260066552163145933e+19 1.136614837477566874e+19 1.025782463479520666e+19 9.276552744612960256e+18 8.417439288255885312e+18 7.664390730037300224e+18
2.110210066443350426e+19 1.914178594134358016e+19 1.722049069190190899e+19 1.551150466826560922e+19 1.397653918892545024e+19 1.260066552163145728e+19 1.136614837477566669e+19 1.025782463479520256e+19 9.276552744612964352e+18 8.417439288255885312e+18 7.664390730037298176e+18
2.110210066443350835e+19 1.914178594134357197e+19 1.722049069190191514e+19 1.551150466826561126e+19 1.397653918892545024e+19 1.260066552163146138e+19 1.136614837477566874e+19 1.025782463479519846e+19 9.276552744612966400e+18 8.417439288255885312e+18 7.664390730037298176e+18
2.110210066443350426e+19 1.914178594134357197e+19 1.722049069190191309e+19 1.551150466826561331e+19 1.397653918892545024e+19 1.260066552163146138e+19 1.136614837477566669e+19 1.025782463479519846e+19 9.276552744612966400e+18 8.417439288255883264e+18 7.664390730037301248e+18
2.110210066443350835e+19 1.914178594134357197e+19 1.722049069190191923e+19 1.551150466826561331e+19 1.397653918892544819e+19 1.260066552163145933e+19 1.136614837477566259e+19 1.025782463479519846e+19 9.276552744612960256e+18 8.417439288255882240e+18 7.664390730037303296e+18
2.110210066443350835e+19 1.914178594134357197e+19 1.722049069190191923e+19 1.551150466826561331e+19 1.397653918892545229e+19 1.260066552163145933e+19 1.136614837477566259e+19 1.025782463479519437e+19 9.276552744612962304e+18 8.417439288255884288e+18 7.664390730037305344e+18
2.110210066443351245e+19 1.914178594134357606e+19 1.722049069190192333e+19 1.551150466826561331e+19 1.397653918892545229e+19 1.260066552163145933e+19 1.136614837477566464e+19 1.025782463479519642e+19 9.276552744612962304e+18 8.417439288255885312e+18 7.664390730037303296e+18
2.110210066443352064e+19 1.914178594134357197e+19 1.722049069190191923e+19 1.551150466826561536e+19 1.397653918892545229e+19 1.260066552163145728e+19 1.136614837477567283e+19 1.025782463479519437e+19 9.276552744612964352e+18 8.417439288255887360e+18 7.664390730037305344e+18
2.110210066443351654e+19 1.914178594134357197e+19 1.722049069190191514e+19 1.551150466826561331e+19 1.397653918892545434e+19 1.260066552163145523e+19 1.136614837477567283e+19 1.025782463479519232e+19 9.276552744612964352e+18 8.417439288255887360e+18 7.664390730037304320e+18
2.110210066443351654e+19 1.914178594134357197e+19 1.722049069190191104e+19 1.551150466826561126e+19 1.397653918892545843e+19 1.260066552163145114e+19 1.136614837477567693e+19 1.025782463479519027e+19 9.276552744612968448e+18 8.417439288255886336e+18 7.664390730037303296e+18
2.110210066443351245e+19 1.914178594134357606e+19 1.722049069190190899e+19 1.551150466826561331e+19 1.397653918892545843e+19 1.260066552163144499e+19 1.136614837477567693e+19 1.025782463479518822e+19 9.276552744612964352e+18 8.417439288255887360e+18 7.664390730037302272e+18
2.110210066443351245e+19 1.914178594134357606e+19 1.722049069190190694e+19 1.551150466826561536e+19 1.397653918892545843e+19 1.260066552163144704e+19 1.136614837477567693e+19 1.025782463479519027e+19 9.276552744612966400e+18 8.417439288255889408e+18 7.664390730037302272e+18
2.110210066443350835e+19 1.914178594134357606e+19 1.722049069190190899e+19 1.551150466826561536e+19 1.397653918892545843e+19 1.260066552163144499e+19 1.136614837477567283e+19 1.025782463479519232e+19 9.276552744612964352e+18 8.417439288255890432e+18 7.664390730037303296e+18
2.110210066443350835e+19 1.914178594134357197e+19 1.722049069190190285e+19 1.551150466826561536e+19 1.397653918892546253e+19 1.260066552163144499e+19 1.136614837477567488e+19 1.025782463479519437e+19 9.276552744612964352e+18 8.417439288255891456e+18 7.664390730037304320e+18
2.110210066443351654e+19 1.914178594134357606e+19 1.722049069190190490e+19 1.551150466826561536e+19 1.397653918892545843e+19 1.260066552163145114e+19 1.136614837477567488e+19 1.025782463479519232e+19 9.276552744612962304e+18 8.417439288255893504e+18 7.664390730037303296e+18
2.110210066443351654e+19 1.914178594134357197e+19 1.722049069190190080e+19 1.551150466826561126e+19 1.397653918892545434e+19 1.260066552163144704e+19 1.136614837477567693e+19 1.025782463479518822e+19 9.276552744612966400e+18 8.417439288255893504e+18 7.664390730037305344e+18
2.110210066443351654e+19 1.914178594134357606e+19 1.722049069190190285e+19 1.551150466826560717e+19 1.397653918892545229e+19 1.260066552163144294e+19 1.136614837477567283e+19 1.025782463479519027e+19 9.276552744612968448e+18 8.417439288255893504e+18 7.664390730037308416e+18
2.110210066443351245e+19 1.914178594134357197e+19 1.722049069190190080e+19 1.551150466826560717e+19 1.397653918892545229e+19 1.260066552163144294e+19 1.136614837477567283e+19 1.025782463479518822e+19 9.276552744612962304e+18 8.417439288255893504e+18 7.664390730037310464e+18
2.110210066443351245e+19 1.914178594134357197e+19 1.722049069190190694e+19 1.551150466826560717e+19 1.397653918892545229e+19 1.260066552163144499e+19 1.136614837477567283e+19 1.025782463479518822e+19 9.276552744612962304e+18 8.417439288255896576e+18 7.664390730037309440e+18
2.110210066443351654e+19 1.914178594134356787e+19 1.722049069190191514e+19 1.551150466826560922e+19 1.397653918892545434e+19 1.260066552163144704e+19 1.136614837477567078e+19 1.025782463479518618e+19 9.276552744612962304e+18 8.417439288255896576e+18 7.664390730037308416e+18
2.110210066443351245e+19 1.914178594134356787e+19 1.722049069190191309e+19 1.551150466826560717e+19 1.397653918892545434e+19 1.260066552163144499e+19 1.136614837477567283e+19 1.025782463479518618e+19 9.276552744612966400e+18 8.417439288255894528e+18 7.664390730037307392e+18
2.110210066443351654e+19 1.914178594134356787e+19 1.722049069190191514e+19 1.551150466826560922e+19 1.397653918892545229e+19 1.260066552163144294e+19 1.136614837477567078e+19 1.025782463479518822e+19 9.276552744612962304e+18 8.417439288255892480e+18 7.664390730037306368e+18
2.110210066443352064e+19 1.914178594134357197e+19 1.722049069190191309e+19 1.551150466826560717e+19 1.397653918892545229e+19 1.260066552163144499e+19 1.136614837477567078e+19 1.025782463479518822e+19 9.276552744612964352e+18 8.417439288255891456e+18 7.664390730037307392e+18
