4.010425 -0.020894 0.111899 4.208650e-08 0.00000962310 14.929575 0.284394 1.102101 4.010479 -0.005210 1.000000 
4.033495 -0.021014 0.071973 1.623962e-09 0.00000967846 14.906505 0.284514 1.142027 4.033550 -0.005210 1.000000 
4.033495 -0.021014 0.111899 3.571791e-08 0.00000967846 14.906505 0.284514 1.102101 4.033550 -0.005210 1.000000 
4.033495 -0.021014 0.151826 1.622876e-09 0.00000967846 14.906505 0.284514 1.062174 4.033550 -0.005210 1.000000 
4.056565 -0.021135 0.071973 1.630066e-09 0.00000973382 14.883435 0.284635 1.142027 4.056620 -0.005210 1.000000 
4.056565 -0.021135 0.111899 2.931581e-08 0.00000973382 14.883435 0.284635 1.102101 4.056620 -0.005210 1.000000 
4.079635 -0.021255 0.071973 1.633154e-09 0.00000978918 14.860365 0.284755 1.142027 4.079690 -0.005210 1.000000 
4.079635 -0.021255 0.111899 4.575219e-08 0.00000978918 14.860365 0.284755 1.102101 4.079690 -0.005210 1.000000 
4.079635 -0.021255 0.151826 1.636065e-09 0.00000978918 14.860365 0.284755 1.062174 4.079690 -0.005210 1.000000 
4.102705 -0.021375 0.111899 3.114131e-08 0.00000984453 14.837295 0.284875 1.102101 4.102761 -0.005210 1.000000 
4.125775 -0.021495 0.111899 2.466806e-08 0.00000989989 14.814225 0.284995 1.102101 4.125831 -0.005210 1.000000 
4.125775 -0.021495 0.151826 1.646466e-09 0.00000989989 14.814225 0.284995 1.062174 4.125831 -0.005210 1.000000 
4.148845 -0.021615 0.111899 1.484123e-08 0.00000995525 14.791155 0.285115 1.102101 4.148901 -0.005210 1.000000 
4.148845 -0.021615 0.151826 1.651151e-09 0.00000995525 14.791155 0.285115 1.062174 4.148901 -0.005210 1.000000 
4.171915 -0.021736 0.111899 1.653301e-08 0.00001001060 14.768085 0.285236 1.102101 4.171972 -0.005210 1.000000 
4.171915 -0.021736 0.151826 3.308067e-09 0.00001001060 14.768085 0.285236 1.062174 4.171972 -0.005210 1.000000 
4.194985 -0.021856 0.111899 9.964068e-09 0.00001006596 14.745015 0.285356 1.102101 4.195042 -0.005210 1.000000 
4.194985 -0.021856 0.151826 3.318912e-09 0.00001006596 14.745015 0.285356 1.062174 4.195042 -0.005210 1.000000 
4.218055 -0.021976 0.111899 6.657912e-09 0.00001012132 14.721945 0.285476 1.102101 4.218113 -0.005210 1.000000 
4.218055 -0.021976 0.151826 4.996857e-09 0.00001012132 14.721945 0.285476 1.062174 4.218113 -0.005210 1.000000 
4.241125 -0.022096 0.111899 6.675608e-09 0.00001017668 14.698875 0.285596 1.102101 4.241183 -0.005210 1.000000 
4.241125 -0.022096 0.151826 5.011081e-09 0.00001017668 14.698875 0.285596 1.062174 4.241183 -0.005210 1.000000 
4.264196 -0.022216 0.111899 3.352929e-09 0.00001023203 14.675804 0.285716 1.102101 4.264253 -0.005210 1.000000 
4.264196 -0.022216 0.151826 1.674918e-09 0.00001023203 14.675804 0.285716 1.062174 4.264253 -0.005210 1.000000 
4.287266 -0.022337 0.111899 5.036119e-09 0.00001028739 14.652734 0.285837 1.102101 4.287324 -0.005210 1.000000 
4.287266 -0.022337 0.151826 3.357837e-09 0.00001028739 14.652734 0.285837 1.062174 4.287324 -0.005210 1.000000 
4.310336 -0.022457 0.151826 5.053351e-09 0.00001034275 14.629664 0.285957 1.062174 4.310394 -0.005210 1.000000 
4.333406 -0.022577 0.111899 3.384492e-09 0.00001039810 14.606594 0.286077 1.102101 4.333465 -0.005210 1.000000 
4.333406 -0.022577 0.151826 1.690478e-09 0.00001039810 14.606594 0.286077 1.062174 4.333465 -0.005210 1.000000 
4.356476 -0.022697 0.151826 3.391819e-09 0.00001045346 14.583524 0.286197 1.062174 4.356535 -0.005210 1.000000 
4.379546 -0.022817 0.111899 1.699859e-09 0.00001050882 14.560454 0.286317 1.102101 4.379605 -0.005210 1.000000 
4.379546 -0.022817 0.151826 1.702453e-09 0.00001050882 14.560454 0.286317 1.062174 4.379605 -0.005210 1.000000 
4.402616 -0.022938 0.151826 1.708898e-09 0.00001056418 14.537384 0.286438 1.062174 4.402676 -0.005210 1.000000 
4.425686 -0.023058 0.151826 1.711420e-09 0.00001061953 14.514314 0.286558 1.062174 4.425746 -0.005210 1.000000 
4.448756 -0.023178 0.151826 1.717032e-09 0.00001067489 14.491244 0.286678 1.062174 4.448816 -0.005210 1.000000 
4.010466 -0.010447 0.071973 1.618019e-08 0.00000962310 14.929534 0.273947 1.142027 4.010479 -0.002605 1.000000 
4.010466 -0.010447 0.111899 1.278712e-07 0.00000962310 14.929534 0.273947 1.102101 4.010479 -0.002605 1.000000 
4.010466 -0.010447 0.151826 3.724033e-08 0.00000962310 14.929534 0.273947 1.062174 4.010479 -0.002605 1.000000 
4.033536 -0.010507 0.071973 1.299035e-08 0.00000967846 14.906464 0.274007 1.142027 4.033550 -0.002605 1.000000 
4.033536 -0.010507 0.111899 1.169132e-07 0.00000967846 14.906464 0.274007 1.102101 4.033550 -0.002605 1.000000 
4.033536 -0.010507 0.151826 4.872519e-08 0.00000967846 14.906464 0.274007 1.062174 4.033550 -0.002605 1.000000 
4.056606 -0.010567 0.071973 8.141249e-09 0.00000973382 14.883394 0.274067 1.142027 4.056620 -0.002605 1.000000 
4.056606 -0.010567 0.111899 9.609986e-08 0.00000973382 14.883394 0.274067 1.102101 4.056620 -0.002605 1.000000 
4.056606 -0.010567 0.151826 4.398282e-08 0.00000973382 14.883394 0.274067 1.062174 4.056620 -0.002605 1.000000 
4.079676 -0.010627 0.071973 4.896887e-09 0.00000978918 14.860324 0.274127 1.142027 4.079690 -0.002605 1.000000 
4.079676 -0.010627 0.111899 1.143639e-07 0.00000978918 14.860324 0.274127 1.102101 4.079690 -0.002605 1.000000 
4.079676 -0.010627 0.151826 5.229437e-08 0.00000978918 14.860324 0.274127 1.062174 4.079690 -0.002605 1.000000 
4.102747 -0.010688 0.071973 3.274530e-09 0.00000984453 14.837253 0.274188 1.142027 4.102761 -0.002605 1.000000 
4.102747 -0.010688 0.111899 8.686272e-08 0.00000984453 14.837253 0.274188 1.102101 4.102761 -0.002605 1.000000 
4.102747 -0.010688 0.151826 4.098021e-08 0.00000984453 14.837253 0.274188 1.062174 4.102761 -0.002605 1.000000 
4.125817 -0.010748 0.071973 3.283918e-09 0.00000989989 14.814183 0.274248 1.142027 4.125831 -0.002605 1.000000 
4.125817 -0.010748 0.111899 8.221284e-08 0.00000989989 14.814183 0.274248 1.102101 4.125831 -0.002605 1.000000 
4.125817 -0.010748 0.151826 6.577706e-08 0.00000989989 14.814183 0.274248 1.062174 4.125831 -0.002605 1.000000 
4.148887 -0.010808 0.071973 1.646586e-09 0.00000995525 14.791113 0.274308 1.142027 4.148901 -0.002605 1.000000 
4.148887 -0.010808 0.111899 8.904386e-08 0.00000995525 14.791113 0.274308 1.102101 4.148901 -0.002605 1.000000 
4.148887 -0.010808 0.151826 5.772735e-08 0.00000995525 14.791113 0.274308 1.062174 4.148901 -0.002605 1.000000 
4.171958 -0.010868 0.111899 6.449965e-08 0.00001001060 14.768042 0.274368 1.102101 4.171972 -0.002605 1.000000 
4.171958 -0.010868 0.151826 5.292949e-08 0.00001001060 14.768042 0.274368 1.062174 4.171972 -0.002605 1.000000 
4.195028 -0.010928 0.071973 3.317498e-09 0.00001006596 14.744972 0.274428 1.142027 4.195042 -0.002605 1.000000 
4.195028 -0.010928 0.111899 6.471734e-08 0.00001006596 14.744972 0.274428 1.102101 4.195042 -0.002605 1.000000 
4.195028 -0.010928 0.151826 7.302232e-08 0.00001006596 14.744972 0.274428 1.062174 4.195042 -0.002605 1.000000 
4.218098 -0.010988 0.071973 1.661530e-09 0.00001012132 14.721902 0.274488 1.142027 4.218113 -0.002605 1.000000 
4.218098 -0.010988 0.111899 5.160076e-08 0.00001012132 14.721902 0.274488 1.102101 4.218113 -0.002605 1.000000 
4.218098 -0.010988 0.151826 6.659145e-08 0.00001012132 14.721902 0.274488 1.062174 4.218113 -0.002605 1.000000 
4.241169 -0.011048 0.071973 1.667410e-09 0.00001017668 14.698831 0.274548 1.142027 4.241183 -0.002605 1.000000 
4.241169 -0.011048 0.111899 4.174903e-08 0.00001017668 14.698831 0.274548 1.102101 4.241183 -0.002605 1.000000 
4.241169 -0.011048 0.151826 5.010541e-08 0.00001017668 14.698831 0.274548 1.062174 4.241183 -0.002605 1.000000 
4.264239 -0.011108 0.111899 3.517925e-08 0.00001023203 14.675761 0.274608 1.102101 4.264253 -0.002605 1.000000 
4.264239 -0.011108 0.151826 7.539822e-08 0.00001023203 14.675761 0.274608 1.062174 4.264253 -0.002605 1.000000 
4.287309 -0.011168 0.111899 3.527892e-08 0.00001028739 14.652691 0.274668 1.102101 4.287324 -0.002605 1.000000 
4.287309 -0.011168 0.151826 5.716144e-08 0.00001028739 14.652691 0.274668 1.062174 4.287324 -0.002605 1.000000 
4.310380 -0.011228 0.111899 2.866027e-08 0.00001034275 14.629620 0.274728 1.102101 4.310394 -0.002605 1.000000 
4.310380 -0.011228 0.151826 6.405787e-08 0.00001034275 14.629620 0.274728 1.062174 4.310394 -0.002605 1.000000 
4.333450 -0.011289 0.071973 1.690102e-09 0.00001039810 14.606550 0.274789 1.142027 4.333465 -0.002605 1.000000 
4.333450 -0.011289 0.111899 2.366259e-08 0.00001039810 14.606550 0.274789 1.102101 4.333465 -0.002605 1.000000 
4.333450 -0.011289 0.151826 6.764562e-08 0.00001039810 14.606550 0.274789 1.062174 4.333465 -0.002605 1.000000 
4.356520 -0.011349 0.111899 8.475441e-09 0.00001045346 14.583480 0.274849 1.102101 4.356535 -0.002605 1.000000 
4.356520 -0.011349 0.151826 4.920666e-08 0.00001045346 14.583480 0.274849 1.062174 4.356535 -0.002605 1.000000 
4.379590 -0.011409 0.111899 1.361782e-08 0.00001050882 14.560410 0.274909 1.102101 4.379605 -0.002605 1.000000 
4.379590 -0.011409 0.151826 5.276580e-08 0.00001050882 14.560410 0.274909 1.062174 4.379605 -0.002605 1.000000 
4.402661 -0.011469 0.111899 1.024367e-08 0.00001056418 14.537339 0.274969 1.102101 4.402676 -0.002605 1.000000 
4.402661 -0.011469 0.151826 4.268932e-08 0.00001056418 14.537339 0.274969 1.062174 4.402676 -0.002605 1.000000 
4.425731 -0.011529 0.111899 6.848407e-09 0.00001061953 14.514269 0.275029 1.102101 4.425746 -0.002605 1.000000 
4.425731 -0.011529 0.151826 6.679169e-08 0.00001061953 14.514269 0.275029 1.062174 4.425746 -0.002605 1.000000 
4.448801 -0.011589 0.111899 3.432524e-09 0.00001067489 14.491199 0.275089 1.102101 4.448816 -0.002605 1.000000 
4.448801 -0.011589 0.151826 3.437517e-08 0.00001067489 14.491199 0.275089 1.062174 4.448816 -0.002605 1.000000 
4.471872 -0.011649 0.111899 6.894023e-09 0.00001073025 14.468128 0.275149 1.102101 4.471887 -0.002605 1.000000 
4.471872 -0.011649 0.151826 3.102770e-08 0.00001073025 14.468128 0.275149 1.062174 4.471887 -0.002605 1.000000 
4.494942 -0.011709 0.111899 3.457071e-09 0.00001078560 14.445058 0.275209 1.102101 4.494957 -0.002605 1.000000 
4.494942 -0.011709 0.151826 4.148464e-08 0.00001078560 14.445058 0.275209 1.062174 4.494957 -0.002605 1.000000 
4.518012 -0.011769 0.111899 6.937676e-09 0.00001084096 14.421988 0.275269 1.102101 4.518028 -0.002605 1.000000 
4.518012 -0.011769 0.151826 3.295269e-08 0.00001084096 14.421988 0.275269 1.062174 4.518028 -0.002605 1.000000 
4.541083 -0.011829 0.151826 3.654738e-08 0.00001089632 14.398917 0.275329 1.062174 4.541098 -0.002605 1.000000 
4.564153 -0.011889 0.111899 1.744155e-09 0.00001095168 14.375847 0.275389 1.102101 4.564168 -0.002605 1.000000 
4.564153 -0.011889 0.151826 2.967738e-08 0.00001095168 14.375847 0.275389 1.062174 4.564168 -0.002605 1.000000 
4.587223 -0.011950 0.111899 1.748526e-09 0.00001100703 14.352777 0.275450 1.102101 4.587239 -0.002605 1.000000 
4.587223 -0.011950 0.151826 2.452471e-08 0.00001100703 14.352777 0.275450 1.062174 4.587239 -0.002605 1.000000 
4.610293 -0.012010 0.151826 1.230322e-08 0.00001106239 14.329707 0.275510 1.062174 4.610309 -0.002605 1.000000 
4.633364 -0.012070 0.151826 1.939173e-08 0.00001111775 14.306636 0.275570 1.062174 4.633379 -0.002605 1.000000 
4.656434 -0.012130 0.151826 1.768142e-08 0.00001117310 14.283566 0.275630 1.062174 4.656450 -0.002605 1.000000 
4.679504 -0.012190 0.151826 1.774620e-08 0.00001122846 14.260496 0.275690 1.062174 4.679520 -0.002605 1.000000 
4.679504 -0.012190 0.191753 1.774675e-09 0.00001122846 14.260496 0.275690 1.022247 4.679520 -0.002605 1.000000 
4.702575 -0.012250 0.151826 3.556450e-09 0.00001128382 14.237425 0.275750 1.062174 4.702591 -0.002605 1.000000 
4.725645 -0.012310 0.151826 5.352386e-09 0.00001133918 14.214355 0.275810 1.062174 4.725661 -0.002605 1.000000 
4.748715 -0.012370 0.151826 1.790625e-09 0.00001139453 14.191285 0.275870 1.062174 4.748731 -0.002605 1.000000 
4.771786 -0.012430 0.151826 5.390018e-09 0.00001144989 14.168214 0.275930 1.062174 4.771802 -0.002605 1.000000 
4.771786 -0.012430 0.191753 1.795406e-09 0.00001144989 14.168214 0.275930 1.022247 4.771802 -0.002605 1.000000 
4.794856 -0.012490 0.151826 1.800080e-09 0.00001150525 14.145144 0.275990 1.062174 4.794872 -0.002605 1.000000 
4.817926 -0.012551 0.191753 1.810662e-09 0.00001156060 14.122074 0.276051 1.022247 4.817943 -0.002605 1.000000 
4.864067 -0.012671 0.191753 1.822435e-09 0.00001167132 14.075933 0.276171 1.022247 4.864083 -0.002605 1.000000 
4.887137 -0.012731 0.191753 1.825739e-09 0.00001172667 14.052863 0.276231 1.022247 4.887154 -0.002605 1.000000 
4.910207 -0.012791 0.191753 1.833933e-09 0.00001178203 14.029793 0.276291 1.022247 4.910224 -0.002605 1.000000 
4.010479 0.000000 0.071973 4.692258e-08 0.00000962310 14.929521 0.263500 1.142027 4.010479 0.000000 1.000000 
4.010479 0.000000 0.111899 2.168758e-07 0.00000962310 14.929521 0.263500 1.102101 4.010479 0.000000 1.000000 
4.010479 0.000000 0.151826 1.068558e-07 0.00000962310 14.929521 0.263500 1.062174 4.010479 0.000000 1.000000 
4.033550 0.000000 0.071973 3.571657e-08 0.00000967846 14.906450 0.263500 1.142027 4.033550 0.000000 1.000000 
4.033550 0.000000 0.111899 2.078690e-07 0.00000967846 14.906450 0.263500 1.102101 4.033550 0.000000 1.000000 
4.033550 0.000000 0.151826 1.559305e-07 0.00000967846 14.906450 0.263500 1.062174 4.033550 0.000000 1.000000 
4.056620 0.000000 0.071973 3.093507e-08 0.00000973382 14.883380 0.263500 1.142027 4.056620 0.000000 1.000000 
4.056620 0.000000 0.111899 1.954499e-07 0.00000973382 14.883380 0.263500 1.102101 4.056620 0.000000 1.000000 
4.056620 0.000000 0.151826 1.515483e-07 0.00000973382 14.883380 0.263500 1.062174 4.056620 0.000000 1.000000 
4.079690 0.000000 0.071973 2.286300e-08 0.00000978918 14.860310 0.263500 1.142027 4.079690 0.000000 1.000000 
4.079690 0.000000 0.111899 1.813667e-07 0.00000978918 14.860310 0.263500 1.102101 4.079690 0.000000 1.000000 
4.079690 0.000000 0.151826 1.585203e-07 0.00000978918 14.860310 0.263500 1.062174 4.079690 0.000000 1.000000 
4.102761 0.000000 0.071973 2.294903e-08 0.00000984453 14.837239 0.263500 1.142027 4.102761 0.000000 1.000000 
4.102761 0.000000 0.111899 1.622524e-07 0.00000984453 14.837239 0.263500 1.102101 4.102761 0.000000 1.000000 
4.102761 0.000000 0.151826 1.524662e-07 0.00000984453 14.837239 0.263500 1.062174 4.102761 0.000000 1.000000 
4.125831 0.000000 0.071973 1.643866e-08 0.00000989989 14.814169 0.263500 1.142027 4.125831 0.000000 1.000000 
4.125831 0.000000 0.111899 1.364530e-07 0.00000989989 14.814169 0.263500 1.102101 4.125831 0.000000 1.000000 
4.125831 0.000000 0.151826 1.677295e-07 0.00000989989 14.814169 0.263500 1.062174 4.125831 0.000000 1.000000 
4.148901 0.000000 0.071973 1.483312e-08 0.00000995525 14.791099 0.263500 1.142027 4.148901 0.000000 1.000000 
4.148901 0.000000 0.111899 1.137613e-07 0.00000995525 14.791099 0.263500 1.102101 4.148901 0.000000 1.000000 
4.148901 0.000000 0.151826 1.484731e-07 0.00000995525 14.791099 0.263500 1.062174 4.148901 0.000000 1.000000 
4.171972 0.000000 0.071973 2.149834e-08 0.00001001060 14.768028 0.263500 1.142027 4.171972 0.000000 1.000000 
4.171972 0.000000 0.111899 1.191102e-07 0.00001001060 14.768028 0.263500 1.102101 4.171972 0.000000 1.000000 
4.171972 0.000000 0.151826 1.770308e-07 0.00001001060 14.768028 0.263500 1.062174 4.171972 0.000000 1.000000 
4.195042 0.000000 0.071973 8.293416e-09 0.00001006596 14.744958 0.263500 1.142027 4.195042 0.000000 1.000000 
4.195042 0.000000 0.111899 9.623603e-08 0.00001006596 14.744958 0.263500 1.102101 4.195042 0.000000 1.000000 
4.195042 0.000000 0.151826 1.858976e-07 0.00001006596 14.744958 0.263500 1.062174 4.195042 0.000000 1.000000 
4.218113 0.000000 0.071973 9.989940e-09 0.00001012132 14.721887 0.263500 1.142027 4.218113 0.000000 1.000000 
4.218113 0.000000 0.111899 8.822445e-08 0.00001012132 14.721887 0.263500 1.102101 4.218113 0.000000 1.000000 
4.218113 0.000000 0.151826 1.648364e-07 0.00001012132 14.721887 0.263500 1.062174 4.218113 0.000000 1.000000 
4.241183 0.000000 0.071973 3.335948e-09 0.00001017668 14.698817 0.263500 1.142027 4.241183 0.000000 1.000000 
4.241183 0.000000 0.111899 1.018472e-07 0.00001017668 14.698817 0.263500 1.102101 4.241183 0.000000 1.000000 
4.241183 0.000000 0.151826 2.021028e-07 0.00001017668 14.698817 0.263500 1.062174 4.241183 0.000000 1.000000 
4.264253 0.000000 0.071973 8.374283e-09 0.00001023203 14.675747 0.263500 1.142027 4.264253 0.000000 1.000000 
4.264253 0.000000 0.111899 9.546567e-08 0.00001023203 14.675747 0.263500 1.102101 4.264253 0.000000 1.000000 
4.264253 0.000000 0.151826 1.960402e-07 0.00001023203 14.675747 0.263500 1.062174 4.264253 0.000000 1.000000 
4.287324 0.000000 0.071973 5.038864e-09 0.00001028739 14.652676 0.263500 1.142027 4.287324 0.000000 1.000000 
4.287324 0.000000 0.111899 6.552102e-08 0.00001028739 14.652676 0.263500 1.102101 4.287324 0.000000 1.000000 
4.287324 0.000000 0.151826 1.613518e-07 0.00001028739 14.652676 0.263500 1.062174 4.287324 0.000000 1.000000 
4.310394 0.000000 0.071973 3.367676e-09 0.00001034275 14.629606 0.263500 1.142027 4.310394 0.000000 1.000000 
4.310394 0.000000 0.111899 8.427511e-08 0.00001034275 14.629606 0.263500 1.102101 4.310394 0.000000 1.000000 
4.310394 0.000000 0.151826 1.938869e-07 0.00001034275 14.629606 0.263500 1.062174 4.310394 0.000000 1.000000 
4.310394 0.000000 0.191753 1.688465e-09 0.00001034275 14.629606 0.263500 1.022247 4.310394 0.000000 1.000000 
4.333465 0.000000 0.071973 3.379592e-09 0.00001039810 14.606535 0.263500 1.142027 4.333465 0.000000 1.000000 
4.333465 0.000000 0.111899 7.609797e-08 0.00001039810 14.606535 0.263500 1.102101 4.333465 0.000000 1.000000 
4.333465 0.000000 0.151826 1.996102e-07 0.00001039810 14.606535 0.263500 1.062174 4.333465 0.000000 1.000000 
4.356535 0.000000 0.071973 1.696056e-09 0.00001045346 14.583465 0.263500 1.142027 4.356535 0.000000 1.000000 
4.356535 0.000000 0.111899 6.106338e-08 0.00001045346 14.583465 0.263500 1.102101 4.356535 0.000000 1.000000 
4.356535 0.000000 0.151826 1.984646e-07 0.00001045346 14.583465 0.263500 1.062174 4.356535 0.000000 1.000000 
4.379605 0.000000 0.111899 4.083036e-08 0.00001050882 14.560395 0.263500 1.102101 4.379605 0.000000 1.000000 
4.379605 0.000000 0.151826 1.906430e-07 0.00001050882 14.560395 0.263500 1.062174 4.379605 0.000000 1.000000 
4.379605 0.000000 0.191753 5.113306e-09 0.00001050882 14.560395 0.263500 1.022247 4.379605 0.000000 1.000000 
4.402676 0.000000 0.111899 2.389727e-08 0.00001056418 14.537324 0.263500 1.102101 4.402676 0.000000 1.000000 
4.402676 0.000000 0.151826 1.741788e-07 0.00001056418 14.537324 0.263500 1.062174 4.402676 0.000000 1.000000 
4.402676 0.000000 0.191753 6.836329e-09 0.00001056418 14.537324 0.263500 1.022247 4.402676 0.000000 1.000000 
4.425746 0.000000 0.111899 3.939984e-08 0.00001061953 14.514254 0.263500 1.102101 4.425746 0.000000 1.000000 
4.425746 0.000000 0.151826 1.815688e-07 0.00001061953 14.514254 0.263500 1.062174 4.425746 0.000000 1.000000 
4.425746 0.000000 0.191753 1.370901e-08 0.00001061953 14.514254 0.263500 1.022247 4.425746 0.000000 1.000000 
4.448816 0.000000 0.111899 2.060364e-08 0.00001067489 14.491184 0.263500 1.102101 4.448816 0.000000 1.000000 
4.448816 0.000000 0.151826 1.580735e-07 0.00001067489 14.491184 0.263500 1.062174 4.448816 0.000000 1.000000 
4.448816 0.000000 0.191753 1.030928e-08 0.00001067489 14.491184 0.263500 1.022247 4.448816 0.000000 1.000000 
4.471887 0.000000 0.111899 1.722386e-08 0.00001073025 14.468113 0.263500 1.102101 4.471887 0.000000 1.000000 
4.471887 0.000000 0.151826 1.672161e-07 0.00001073025 14.468113 0.263500 1.062174 4.471887 0.000000 1.000000 
4.471887 0.000000 0.191753 3.966386e-08 0.00001073025 14.468113 0.263500 1.022247 4.471887 0.000000 1.000000 
4.494957 0.000000 0.111899 1.729010e-08 0.00001078560 14.445043 0.263500 1.102101 4.494957 0.000000 1.000000 
4.494957 0.000000 0.151826 1.798419e-07 0.00001078560 14.445043 0.263500 1.062174 4.494957 0.000000 1.000000 
4.494957 0.000000 0.191753 2.420591e-08 0.00001078560 14.445043 0.263500 1.022247 4.494957 0.000000 1.000000 
4.518028 0.000000 0.111899 6.936412e-09 0.00001084096 14.421972 0.263500 1.102101 4.518028 0.000000 1.000000 
4.518028 0.000000 0.151826 1.439871e-07 0.00001084096 14.421972 0.263500 1.062174 4.518028 0.000000 1.000000 
4.518028 0.000000 0.191753 3.471658e-08 0.00001084096 14.421972 0.263500 1.022247 4.518028 0.000000 1.000000 
4.541098 0.000000 0.111899 1.392159e-08 0.00001089632 14.398902 0.263500 1.102101 4.541098 0.000000 1.000000 
4.541098 0.000000 0.151826 1.200745e-07 0.00001089632 14.398902 0.263500 1.062174 4.541098 0.000000 1.000000 
4.541098 0.000000 0.191753 2.960379e-08 0.00001089632 14.398902 0.263500 1.022247 4.541098 0.000000 1.000000 
4.564168 0.000000 0.111899 2.268058e-08 0.00001095168 14.375832 0.263500 1.102101 4.564168 0.000000 1.000000 
4.564168 0.000000 0.151826 1.152221e-07 0.00001095168 14.375832 0.263500 1.062174 4.564168 0.000000 1.000000 
4.564168 0.000000 0.191753 4.714250e-08 0.00001095168 14.375832 0.263500 1.022247 4.564168 0.000000 1.000000 
4.587239 0.000000 0.111899 3.504209e-09 0.00001100703 14.352761 0.263500 1.102101 4.587239 0.000000 1.000000 
4.587239 0.000000 0.151826 1.436212e-07 0.00001100703 14.352761 0.263500 1.062174 4.587239 0.000000 1.000000 
4.587239 0.000000 0.191753 3.853658e-08 0.00001100703 14.352761 0.263500 1.022247 4.587239 0.000000 1.000000 
4.610309 0.000000 0.111899 1.053991e-08 0.00001106239 14.329691 0.263500 1.102101 4.610309 0.000000 1.000000 
4.610309 0.000000 0.151826 1.212433e-07 0.00001106239 14.329691 0.263500 1.062174 4.610309 0.000000 1.000000 
4.610309 0.000000 0.191753 4.744710e-08 0.00001106239 14.329691 0.263500 1.022247 4.610309 0.000000 1.000000 
4.633379 0.000000 0.111899 5.286111e-09 0.00001111775 14.306621 0.263500 1.102101 4.633379 0.000000 1.000000 
4.633379 0.000000 0.151826 1.180923e-07 0.00001111775 14.306621 0.263500 1.062174 4.633379 0.000000 1.000000 
4.633379 0.000000 0.191753 5.114287e-08 0.00001111775 14.306621 0.263500 1.022247 4.633379 0.000000 1.000000 
4.656450 0.000000 0.111899 3.533082e-09 0.00001117310 14.283550 0.263500 1.102101 4.656450 0.000000 1.000000 
4.656450 0.000000 0.151826 8.135793e-08 0.00001117310 14.283550 0.263500 1.062174 4.656450 0.000000 1.000000 
4.656450 0.000000 0.191753 5.660097e-08 0.00001117310 14.283550 0.263500 1.022247 4.656450 0.000000 1.000000 
4.679520 0.000000 0.151826 8.339288e-08 0.00001122846 14.260480 0.263500 1.062174 4.679520 0.000000 1.000000 
4.679520 0.000000 0.191753 5.502101e-08 0.00001122846 14.260480 0.263500 1.022247 4.679520 0.000000 1.000000 
4.702591 0.000000 0.111899 1.777971e-09 0.00001128382 14.237409 0.263500 1.102101 4.702591 0.000000 1.000000 
4.702591 0.000000 0.151826 5.517681e-08 0.00001128382 14.237409 0.263500 1.062174 4.702591 0.000000 1.000000 
4.702591 0.000000 0.191753 4.627249e-08 0.00001128382 14.237409 0.263500 1.022247 4.702591 0.000000 1.000000 
4.725661 0.000000 0.151826 5.535195e-08 0.00001133918 14.214339 0.263500 1.062174 4.725661 0.000000 1.000000 
4.725661 0.000000 0.191753 3.928565e-08 0.00001133918 14.214339 0.263500 1.022247 4.725661 0.000000 1.000000 
4.748731 0.000000 0.111899 5.367668e-09 0.00001139453 14.191269 0.263500 1.102101 4.748731 0.000000 1.000000 
4.748731 0.000000 0.151826 6.270001e-08 0.00001139453 14.191269 0.263500 1.062174 4.748731 0.000000 1.000000 
4.748731 0.000000 0.191753 6.452482e-08 0.00001139453 14.191269 0.263500 1.022247 4.748731 0.000000 1.000000 
4.771802 0.000000 0.151826 5.929214e-08 0.00001144989 14.168198 0.263500 1.062174 4.771802 0.000000 1.000000 
4.771802 0.000000 0.191753 7.370137e-08 0.00001144989 14.168198 0.263500 1.022247 4.771802 0.000000 1.000000 
4.794872 0.000000 0.151826 3.065081e-08 0.00001150525 14.145128 0.263500 1.062174 4.794872 0.000000 1.000000 
4.794872 0.000000 0.191753 6.131881e-08 0.00001150525 14.145128 0.263500 1.022247 4.794872 0.000000 1.000000 
4.817943 0.000000 0.151826 3.980047e-08 0.00001156060 14.122057 0.263500 1.062174 4.817943 0.000000 1.000000 
4.817943 0.000000 0.191753 6.514379e-08 0.00001156060 14.122057 0.263500 1.022247 4.817943 0.000000 1.000000 
4.841013 0.000000 0.151826 2.904061e-08 0.00001161596 14.098987 0.263500 1.062174 4.841013 0.000000 1.000000 
4.841013 0.000000 0.191753 6.534846e-08 0.00001161596 14.098987 0.263500 1.022247 4.841013 0.000000 1.000000 
4.864083 0.000000 0.151826 3.640963e-08 0.00001167132 14.075917 0.263500 1.062174 4.864083 0.000000 1.000000 
4.864083 0.000000 0.191753 5.825589e-08 0.00001167132 14.075917 0.263500 1.022247 4.864083 0.000000 1.000000 
4.887154 0.000000 0.151826 2.008568e-08 0.00001172667 14.052846 0.263500 1.062174 4.887154 0.000000 1.000000 
4.887154 0.000000 0.191753 6.943291e-08 0.00001172667 14.052846 0.263500 1.022247 4.887154 0.000000 1.000000 
4.910224 0.000000 0.151826 1.649016e-08 0.00001178203 14.029776 0.263500 1.062174 4.910224 0.000000 1.000000 
4.910224 0.000000 0.191753 6.232247e-08 0.00001178203 14.029776 0.263500 1.022247 4.910224 0.000000 1.000000 
4.933294 0.000000 0.151826 9.192449e-09 0.00001183739 14.006706 0.263500 1.062174 4.933294 0.000000 1.000000 
4.933294 0.000000 0.191753 5.884969e-08 0.00001183739 14.006706 0.263500 1.022247 4.933294 0.000000 1.000000 
4.956365 0.000000 0.151826 1.291242e-08 0.00001189275 13.983635 0.263500 1.062174 4.956365 0.000000 1.000000 
4.956365 0.000000 0.191753 4.982277e-08 0.00001189275 13.983635 0.263500 1.022247 4.956365 0.000000 1.000000 
4.979435 0.000000 0.151826 1.295896e-08 0.00001194810 13.960565 0.263500 1.062174 4.979435 0.000000 1.000000 
4.979435 0.000000 0.191753 6.294468e-08 0.00001194810 13.960565 0.263500 1.022247 4.979435 0.000000 1.000000 
5.002506 0.000000 0.151826 5.569896e-09 0.00001200346 13.937494 0.263500 1.062174 5.002506 0.000000 1.000000 
5.002506 0.000000 0.191753 5.201677e-08 0.00001200346 13.937494 0.263500 1.022247 5.002506 0.000000 1.000000 
5.025576 0.000000 0.191753 5.033338e-08 0.00001205882 13.914424 0.263500 1.022247 5.025576 0.000000 1.000000 
5.048646 0.000000 0.151826 3.736391e-09 0.00001211417 13.891354 0.263500 1.062174 5.048646 0.000000 1.000000 
5.048646 0.000000 0.191753 3.552135e-08 0.00001211417 13.891354 0.263500 1.022247 5.048646 0.000000 1.000000 
5.071717 0.000000 0.151826 1.873115e-09 0.00001216953 13.868283 0.263500 1.062174 5.071717 0.000000 1.000000 
5.071717 0.000000 0.191753 3.189795e-08 0.00001216953 13.868283 0.263500 1.022247 5.071717 0.000000 1.000000 
5.094787 0.000000 0.191753 4.515862e-08 0.00001222489 13.845213 0.263500 1.022247 5.094787 0.000000 1.000000 
5.117857 0.000000 0.191753 3.586912e-08 0.00001228025 13.822143 0.263500 1.022247 5.117857 0.000000 1.000000 
5.140928 0.000000 0.191753 1.514761e-08 0.00001233560 13.799072 0.263500 1.022247 5.140928 0.000000 1.000000 
5.140928 0.000000 0.231679 1.895253e-09 0.00001233560 13.799072 0.263500 0.982321 5.140928 0.000000 1.000000 
5.163998 0.000000 0.191753 2.281185e-08 0.00001239096 13.776002 0.263500 1.022247 5.163998 0.000000 1.000000 
5.163998 0.000000 0.231679 1.904232e-09 0.00001239096 13.776002 0.263500 0.982321 5.163998 0.000000 1.000000 
5.187069 0.000000 0.191753 2.670540e-08 0.00001244632 13.752931 0.263500 1.022247 5.187069 0.000000 1.000000 
5.210139 0.000000 0.191753 1.340150e-08 0.00001250167 13.729861 0.263500 1.022247 5.210139 0.000000 1.000000 
5.210139 0.000000 0.231679 1.916967e-09 0.00001250167 13.729861 0.263500 0.982321 5.210139 0.000000 1.000000 
5.233209 0.000000 0.191753 1.151494e-08 0.00001255703 13.706791 0.263500 1.022247 5.233209 0.000000 1.000000 
5.233209 0.000000 0.231679 1.920293e-09 0.00001255703 13.706791 0.263500 0.982321 5.233209 0.000000 1.000000 
5.256280 0.000000 0.191753 5.779565e-09 0.00001261239 13.683720 0.263500 1.022247 5.256280 0.000000 1.000000 
5.256280 0.000000 0.231679 1.929940e-09 0.00001261239 13.683720 0.263500 0.982321 5.256280 0.000000 1.000000 
5.279350 0.000000 0.191753 1.158923e-08 0.00001266775 13.660650 0.263500 1.022247 5.279350 0.000000 1.000000 
5.279350 0.000000 0.231679 3.866681e-09 0.00001266775 13.660650 0.263500 0.982321 5.279350 0.000000 1.000000 
5.302421 0.000000 0.191753 5.813250e-09 0.00001272310 13.637579 0.263500 1.022247 5.302421 0.000000 1.000000 
5.302421 0.000000 0.231679 3.882063e-09 0.00001272310 13.637579 0.263500 0.982321 5.302421 0.000000 1.000000 
5.325491 0.000000 0.191753 5.836611e-09 0.00001277846 13.614509 0.263500 1.022247 5.325491 0.000000 1.000000 
5.325491 0.000000 0.231679 3.896589e-09 0.00001277846 13.614509 0.263500 0.982321 5.325491 0.000000 1.000000 
5.348561 0.000000 0.191753 5.861325e-09 0.00001283382 13.591439 0.263500 1.022247 5.348561 0.000000 1.000000 
5.348561 0.000000 0.231679 5.858979e-09 0.00001283382 13.591439 0.263500 0.982321 5.348561 0.000000 1.000000 
5.371632 0.000000 0.191753 1.957639e-09 0.00001288917 13.568368 0.263500 1.022247 5.371632 0.000000 1.000000 
5.371632 0.000000 0.231679 1.961637e-09 0.00001288917 13.568368 0.263500 0.982321 5.371632 0.000000 1.000000 
5.394702 0.000000 0.191753 3.931488e-09 0.00001294453 13.545298 0.263500 1.022247 5.394702 0.000000 1.000000 
5.394702 0.000000 0.231679 1.965470e-09 0.00001294453 13.545298 0.263500 0.982321 5.394702 0.000000 1.000000 
5.417772 0.000000 0.191753 3.943929e-09 0.00001299989 13.522228 0.263500 1.022247 5.417772 0.000000 1.000000 
5.417772 0.000000 0.231679 5.923050e-09 0.00001299989 13.522228 0.263500 0.982321 5.417772 0.000000 1.000000 
5.440843 0.000000 0.231679 1.981144e-09 0.00001305525 13.499157 0.263500 0.982321 5.440843 0.000000 1.000000 
5.463913 0.000000 0.231679 3.972102e-09 0.00001311060 13.476087 0.263500 0.982321 5.463913 0.000000 1.000000 
5.486984 0.000000 0.231679 1.993265e-09 0.00001316596 13.453016 0.263500 0.982321 5.486984 0.000000 1.000000 
5.510054 0.000000 0.231679 2.001282e-09 0.00001322132 13.429946 0.263500 0.982321 5.510054 0.000000 1.000000 
4.010466 0.010447 0.032046 1.615694e-09 0.00000962310 14.929534 0.253053 1.181954 4.010479 0.002605 1.000000 
4.010466 0.010447 0.071973 7.282215e-08 0.00000962310 14.929534 0.253053 1.142027 4.010479 0.002605 1.000000 
4.010466 0.010447 0.111899 2.703621e-07 0.00000962310 14.929534 0.253053 1.102101 4.010479 0.002605 1.000000 
4.010466 0.010447 0.151826 2.121234e-07 0.00000962310 14.929534 0.253053 1.062174 4.010479 0.002605 1.000000 
4.033536 0.010507 0.032046 3.244770e-09 0.00000967846 14.906464 0.252993 1.181954 4.033550 0.002605 1.000000 
4.033536 0.010507 0.071973 8.117995e-08 0.00000967846 14.906464 0.252993 1.142027 4.033550 0.002605 1.000000 
4.033536 0.010507 0.111899 2.955346e-07 0.00000967846 14.906464 0.252993 1.102101 4.033550 0.002605 1.000000 
4.033536 0.010507 0.151826 2.485346e-07 0.00000967846 14.906464 0.252993 1.062174 4.033550 0.002605 1.000000 
4.056606 0.010567 0.032046 1.629546e-09 0.00000973382 14.883394 0.252933 1.181954 4.056620 0.002605 1.000000 
4.056606 0.010567 0.071973 6.187738e-08 0.00000973382 14.883394 0.252933 1.142027 4.056620 0.002605 1.000000 
4.056606 0.010567 0.111899 2.671087e-07 0.00000973382 14.883394 0.252933 1.102101 4.056620 0.002605 1.000000 
4.056606 0.010567 0.151826 2.818577e-07 0.00000973382 14.883394 0.252933 1.062174 4.056620 0.002605 1.000000 
4.079676 0.010627 0.071973 4.247933e-08 0.00000978918 14.860324 0.252873 1.142027 4.079690 0.002605 1.000000 
4.079676 0.010627 0.111899 2.483152e-07 0.00000978918 14.860324 0.252873 1.102101 4.079690 0.002605 1.000000 
4.079676 0.010627 0.151826 2.517236e-07 0.00000978918 14.860324 0.252873 1.062174 4.079690 0.002605 1.000000 
4.102747 0.010688 0.071973 5.242442e-08 0.00000984453 14.837253 0.252812 1.142027 4.102761 0.002605 1.000000 
4.102747 0.010688 0.111899 2.425740e-07 0.00000984453 14.837253 0.252812 1.102101 4.102761 0.002605 1.000000 
4.102747 0.010688 0.151826 2.672340e-07 0.00000984453 14.837253 0.252812 1.062174 4.102761 0.002605 1.000000 
4.125817 0.010748 0.071973 4.930278e-08 0.00000989989 14.814183 0.252752 1.142027 4.125831 0.002605 1.000000 
4.125817 0.010748 0.111899 2.219258e-07 0.00000989989 14.814183 0.252752 1.102101 4.125831 0.002605 1.000000 
4.125817 0.010748 0.151826 2.647547e-07 0.00000989989 14.814183 0.252752 1.062174 4.125831 0.002605 1.000000 
4.148887 0.010808 0.071973 3.956711e-08 0.00000995525 14.791113 0.252692 1.142027 4.148901 0.002605 1.000000 
4.148887 0.010808 0.111899 1.978950e-07 0.00000995525 14.791113 0.252692 1.102101 4.148901 0.002605 1.000000 
4.148887 0.010808 0.151826 3.084881e-07 0.00000995525 14.791113 0.252692 1.062174 4.148901 0.002605 1.000000 
4.171958 0.010868 0.071973 3.472806e-08 0.00001001060 14.768042 0.252632 1.142027 4.171972 0.002605 1.000000 
4.171958 0.010868 0.111899 2.018138e-07 0.00001001060 14.768042 0.252632 1.102101 4.171972 0.002605 1.000000 
4.171958 0.010868 0.151826 2.598030e-07 0.00001001060 14.768042 0.252632 1.062174 4.171972 0.002605 1.000000 
4.171958 0.010868 0.191753 1.655297e-09 0.00001001060 14.768042 0.252632 1.022247 4.171972 0.002605 1.000000 
4.195028 0.010928 0.071973 1.825008e-08 0.00001006596 14.744972 0.252572 1.142027 4.195042 0.002605 1.000000 
4.195028 0.010928 0.111899 2.090976e-07 0.00001006596 14.744972 0.252572 1.102101 4.195042 0.002605 1.000000 
4.195028 0.010928 0.151826 3.320073e-07 0.00001006596 14.744972 0.252572 1.062174 4.195042 0.002605 1.000000 
4.195028 0.010928 0.191753 1.660973e-09 0.00001006596 14.744972 0.252572 1.022247 4.195042 0.002605 1.000000 
4.218098 0.010988 0.071973 3.660219e-08 0.00001012132 14.721902 0.252512 1.142027 4.218113 0.002605 1.000000 
4.218098 0.010988 0.111899 1.748037e-07 0.00001012132 14.721902 0.252512 1.102101 4.218113 0.002605 1.000000 
4.218098 0.010988 0.151826 2.780927e-07 0.00001012132 14.721902 0.252512 1.062174 4.218113 0.002605 1.000000 
4.218098 0.010988 0.191753 3.330138e-09 0.00001012132 14.721902 0.252512 1.022247 4.218113 0.002605 1.000000 
4.241169 0.011048 0.071973 1.502319e-08 0.00001017668 14.698831 0.252452 1.142027 4.241183 0.002605 1.000000 
4.241169 0.011048 0.111899 1.769951e-07 0.00001017668 14.698831 0.252452 1.102101 4.241183 0.002605 1.000000 
4.241169 0.011048 0.151826 3.207077e-07 0.00001017668 14.698831 0.252452 1.062174 4.241183 0.002605 1.000000 
4.241169 0.011048 0.191753 6.683888e-09 0.00001017668 14.698831 0.252452 1.022247 4.241183 0.002605 1.000000 
4.264239 0.011108 0.071973 1.339447e-08 0.00001023203 14.675761 0.252392 1.142027 4.264253 0.002605 1.000000 
4.264239 0.011108 0.111899 1.691733e-07 0.00001023203 14.675761 0.252392 1.102101 4.264253 0.002605 1.000000 
4.264239 0.011108 0.151826 3.133269e-07 0.00001023203 14.675761 0.252392 1.062174 4.264253 0.002605 1.000000 
4.264239 0.011108 0.191753 2.513689e-08 0.00001023203 14.675761 0.252392 1.022247 4.264253 0.002605 1.000000 
4.287309 0.011168 0.071973 1.344389e-08 0.00001028739 14.652691 0.252332 1.142027 4.287324 0.002605 1.000000 
4.287309 0.011168 0.111899 1.361204e-07 0.00001028739 14.652691 0.252332 1.102101 4.287324 0.002605 1.000000 
4.287309 0.011168 0.151826 2.907737e-07 0.00001028739 14.652691 0.252332 1.062174 4.287324 0.002605 1.000000 
4.287309 0.011168 0.191753 2.017427e-08 0.00001028739 14.652691 0.252332 1.022247 4.287324 0.002605 1.000000 
4.310380 0.011228 0.071973 1.179082e-08 0.00001034275 14.629620 0.252272 1.142027 4.310394 0.002605 1.000000 
4.310380 0.011228 0.111899 1.382219e-07 0.00001034275 14.629620 0.252272 1.102101 4.310394 0.002605 1.000000 
4.310380 0.011228 0.151826 3.388897e-07 0.00001034275 14.629620 0.252272 1.062174 4.310394 0.002605 1.000000 
4.310380 0.011228 0.191753 1.517723e-08 0.00001034275 14.629620 0.252272 1.022247 4.310394 0.002605 1.000000 
4.333450 0.011289 0.071973 1.182354e-08 0.00001039810 14.606550 0.252211 1.142027 4.333465 0.002605 1.000000 
4.333450 0.011289 0.111899 1.369780e-07 0.00001039810 14.606550 0.252211 1.102101 4.333465 0.002605 1.000000 
4.333450 0.011289 0.151826 3.010815e-07 0.00001039810 14.606550 0.252211 1.062174 4.333465 0.002605 1.000000 
4.333450 0.011289 0.191753 3.721415e-08 0.00001039810 14.606550 0.252211 1.022247 4.333465 0.002605 1.000000 
4.356520 0.011349 0.071973 6.776022e-09 0.00001045346 14.583480 0.252151 1.142027 4.356535 0.002605 1.000000 
4.356520 0.011349 0.111899 1.221258e-07 0.00001045346 14.583480 0.252151 1.102101 4.356535 0.002605 1.000000 
4.356520 0.011349 0.151826 2.952738e-07 0.00001045346 14.583480 0.252151 1.062174 4.356535 0.002605 1.000000 
4.356520 0.011349 0.191753 3.903823e-08 0.00001045346 14.583480 0.252151 1.022247 4.356535 0.002605 1.000000 
4.379590 0.011409 0.071973 6.805732e-09 0.00001050882 14.560410 0.252091 1.142027 4.379605 0.002605 1.000000 
4.379590 0.011409 0.111899 1.088944e-07 0.00001050882 14.560410 0.252091 1.102101 4.379605 0.002605 1.000000 
4.379590 0.011409 0.151826 3.285469e-07 0.00001050882 14.560410 0.252091 1.062174 4.379605 0.002605 1.000000 
4.379590 0.011409 0.191753 7.662617e-08 0.00001050882 14.560410 0.252091 1.022247 4.379605 0.002605 1.000000 
4.402661 0.011469 0.071973 1.023610e-08 0.00001056418 14.537339 0.252031 1.142027 4.402676 0.002605 1.000000 
4.402661 0.011469 0.111899 1.007132e-07 0.00001056418 14.537339 0.252031 1.102101 4.402676 0.002605 1.000000 
4.402661 0.011469 0.151826 3.056535e-07 0.00001056418 14.537339 0.252031 1.062174 4.402676 0.002605 1.000000 
4.402661 0.011469 0.191753 5.978885e-08 0.00001056418 14.537339 0.252031 1.022247 4.402676 0.002605 1.000000 
4.425731 0.011529 0.071973 5.129741e-09 0.00001061953 14.514269 0.251971 1.142027 4.425746 0.002605 1.000000 
4.425731 0.011529 0.111899 6.849648e-08 0.00001061953 14.514269 0.251971 1.102101 4.425746 0.002605 1.000000 
4.425731 0.011529 0.151826 2.894828e-07 0.00001061953 14.514269 0.251971 1.062174 4.425746 0.002605 1.000000 
4.425731 0.011529 0.191753 7.366874e-08 0.00001061953 14.514269 0.251971 1.022247 4.425746 0.002605 1.000000 
4.448801 0.011589 0.111899 9.962716e-08 0.00001067489 14.491199 0.251911 1.102101 4.448816 0.002605 1.000000 
4.448801 0.011589 0.151826 2.869923e-07 0.00001067489 14.491199 0.251911 1.062174 4.448816 0.002605 1.000000 
4.448801 0.011589 0.191753 8.766677e-08 0.00001067489 14.491199 0.251911 1.022247 4.448816 0.002605 1.000000 
4.471872 0.011649 0.111899 6.548928e-08 0.00001073025 14.468128 0.251851 1.102101 4.471887 0.002605 1.000000 
4.471872 0.011649 0.151826 2.395942e-07 0.00001073025 14.468128 0.251851 1.062174 4.471887 0.002605 1.000000 
4.471872 0.011649 0.191753 1.172466e-07 0.00001073025 14.468128 0.251851 1.022247 4.471887 0.002605 1.000000 
4.494942 0.011709 0.071973 1.725916e-09 0.00001078560 14.445058 0.251791 1.142027 4.494957 0.002605 1.000000 
4.494942 0.011709 0.111899 4.839051e-08 0.00001078560 14.445058 0.251791 1.102101 4.494957 0.002605 1.000000 
4.494942 0.011709 0.151826 2.628232e-07 0.00001078560 14.445058 0.251791 1.062174 4.494957 0.002605 1.000000 
4.494942 0.011709 0.191753 1.452991e-07 0.00001078560 14.445058 0.251791 1.022247 4.494957 0.002605 1.000000 
4.518012 0.011769 0.071973 1.734477e-09 0.00001084096 14.421988 0.251731 1.142027 4.518028 0.002605 1.000000 
4.518012 0.011769 0.111899 5.721653e-08 0.00001084096 14.421988 0.251731 1.102101 4.518028 0.002605 1.000000 
4.518012 0.011769 0.151826 2.480876e-07 0.00001084096 14.421988 0.251731 1.062174 4.518028 0.002605 1.000000 
4.518012 0.011769 0.191753 1.214694e-07 0.00001084096 14.421988 0.251731 1.022247 4.518028 0.002605 1.000000 
4.541083 0.011829 0.111899 2.958551e-08 0.00001089632 14.398917 0.251671 1.102101 4.541098 0.002605 1.000000 
4.541083 0.011829 0.151826 2.697335e-07 0.00001089632 14.398917 0.251671 1.062174 4.541098 0.002605 1.000000 
4.541083 0.011829 0.191753 1.131444e-07 0.00001089632 14.398917 0.251671 1.022247 4.541098 0.002605 1.000000 
4.564153 0.011889 0.111899 6.629613e-08 0.00001095168 14.375847 0.251611 1.102101 4.564168 0.002605 1.000000 
4.564153 0.011889 0.151826 2.601246e-07 0.00001095168 14.375847 0.251611 1.062174 4.564168 0.002605 1.000000 
4.564153 0.011889 0.191753 1.589449e-07 0.00001095168 14.375847 0.251611 1.022247 4.564168 0.002605 1.000000 
4.587223 0.011950 0.111899 1.400823e-08 0.00001100703 14.352777 0.251550 1.102101 4.587239 0.002605 1.000000 
4.587223 0.011950 0.151826 2.347382e-07 0.00001100703 14.352777 0.251550 1.062174 4.587239 0.002605 1.000000 
4.587223 0.011950 0.191753 1.839618e-07 0.00001100703 14.352777 0.251550 1.022247 4.587239 0.002605 1.000000 
4.610293 0.012010 0.111899 2.633906e-08 0.00001106239 14.329707 0.251490 1.102101 4.610309 0.002605 1.000000 
4.610293 0.012010 0.151826 2.003228e-07 0.00001106239 14.329707 0.251490 1.062174 4.610309 0.002605 1.000000 
4.610293 0.012010 0.191753 1.634426e-07 0.00001106239 14.329707 0.251490 1.022247 4.610309 0.002605 1.000000 
4.633364 0.012070 0.111899 1.585535e-08 0.00001111775 14.306636 0.251430 1.102101 4.633379 0.002605 1.000000 
4.633364 0.012070 0.151826 1.921482e-07 0.00001111775 14.306636 0.251430 1.062174 4.633379 0.002605 1.000000 
4.633364 0.012070 0.191753 2.204497e-07 0.00001111775 14.306636 0.251430 1.022247 4.633379 0.002605 1.000000 
4.656434 0.012130 0.111899 2.298569e-08 0.00001117310 14.283566 0.251370 1.102101 4.656450 0.002605 1.000000 
4.656434 0.012130 0.151826 1.821586e-07 0.00001117310 14.283566 0.251370 1.062174 4.656450 0.002605 1.000000 
4.656434 0.012130 0.191753 1.751166e-07 0.00001117310 14.283566 0.251370 1.022247 4.656450 0.002605 1.000000 
4.679504 0.012190 0.111899 7.096347e-09 0.00001122846 14.260496 0.251310 1.102101 4.679520 0.002605 1.000000 
4.679504 0.012190 0.151826 2.040213e-07 0.00001122846 14.260496 0.251310 1.062174 4.679520 0.002605 1.000000 
4.679504 0.012190 0.191753 1.863318e-07 0.00001122846 14.260496 0.251310 1.022247 4.679520 0.002605 1.000000 
4.702575 0.012250 0.111899 1.601735e-08 0.00001128382 14.237425 0.251250 1.102101 4.702591 0.002605 1.000000 
4.702575 0.012250 0.151826 1.530577e-07 0.00001128382 14.237425 0.251250 1.062174 4.702591 0.002605 1.000000 
4.702575 0.012250 0.191753 2.278633e-07 0.00001128382 14.237425 0.251250 1.022247 4.702591 0.002605 1.000000 
4.725645 0.012310 0.111899 1.249878e-08 0.00001133918 14.214355 0.251190 1.102101 4.725661 0.002605 1.000000 
4.725645 0.012310 0.151826 1.375047e-07 0.00001133918 14.214355 0.251190 1.062174 4.725661 0.002605 1.000000 
4.725645 0.012310 0.191753 1.696668e-07 0.00001133918 14.214355 0.251190 1.022247 4.725661 0.002605 1.000000 
4.748715 0.012370 0.111899 1.432800e-08 0.00001139453 14.191285 0.251130 1.102101 4.748731 0.002605 1.000000 
4.748715 0.012370 0.151826 1.128509e-07 0.00001139453 14.191285 0.251130 1.062174 4.748731 0.002605 1.000000 
4.748715 0.012370 0.191753 2.114303e-07 0.00001139453 14.191285 0.251130 1.022247 4.748731 0.002605 1.000000 
4.771786 0.012430 0.111899 1.617030e-08 0.00001144989 14.168214 0.251070 1.102101 4.771802 0.002605 1.000000 
4.771786 0.012430 0.151826 1.311893e-07 0.00001144989 14.168214 0.251070 1.062174 4.771802 0.002605 1.000000 
4.771786 0.012430 0.191753 2.121174e-07 0.00001144989 14.168214 0.251070 1.022247 4.771802 0.002605 1.000000 
4.794856 0.012490 0.111899 7.216082e-09 0.00001150525 14.145144 0.251010 1.102101 4.794872 0.002605 1.000000 
4.794856 0.012490 0.151826 1.117912e-07 0.00001150525 14.145144 0.251010 1.062174 4.794872 0.002605 1.000000 
4.794856 0.012490 0.191753 1.893736e-07 0.00001150525 14.145144 0.251010 1.022247 4.794872 0.002605 1.000000 
4.817926 0.012551 0.111899 5.421471e-09 0.00001156060 14.122074 0.250949 1.102101 4.817943 0.002605 1.000000 
4.817926 0.012551 0.151826 8.501979e-08 0.00001156060 14.122074 0.250949 1.062174 4.817943 0.002605 1.000000 
4.817926 0.012551 0.191753 2.388479e-07 0.00001156060 14.122074 0.250949 1.022247 4.817943 0.002605 1.000000 
4.840996 0.012611 0.111899 7.252955e-09 0.00001161596 14.099004 0.250889 1.102101 4.841013 0.002605 1.000000 
4.840996 0.012611 0.151826 8.890875e-08 0.00001161596 14.099004 0.250889 1.062174 4.841013 0.002605 1.000000 
4.840996 0.012611 0.191753 2.305436e-07 0.00001161596 14.099004 0.250889 1.022247 4.841013 0.002605 1.000000 
4.864067 0.012671 0.111899 3.640453e-09 0.00001167132 14.075933 0.250829 1.102101 4.864083 0.002605 1.000000 
4.864067 0.012671 0.151826 7.646991e-08 0.00001167132 14.075933 0.250829 1.062174 4.864083 0.002605 1.000000 
4.864067 0.012671 0.191753 2.532010e-07 0.00001167132 14.075933 0.250829 1.022247 4.864083 0.002605 1.000000 
4.887137 0.012731 0.151826 7.305789e-08 0.00001172667 14.052863 0.250769 1.062174 4.887154 0.002605 1.000000 
4.887137 0.012731 0.191753 2.283784e-07 0.00001172667 14.052863 0.250769 1.022247 4.887154 0.002605 1.000000 
4.910207 0.012791 0.151826 8.064642e-08 0.00001178203 14.029793 0.250709 1.062174 4.910224 0.002605 1.000000 
4.910207 0.012791 0.191753 2.493272e-07 0.00001178203 14.029793 0.250709 1.022247 4.910224 0.002605 1.000000 
4.910207 0.012791 0.231679 9.172100e-09 0.00001178203 14.029793 0.250709 0.982321 4.910224 0.002605 1.000000 
4.933278 0.012851 0.111899 1.836188e-09 0.00001183739 14.006722 0.250649 1.102101 4.933294 0.002605 1.000000 
4.933278 0.012851 0.151826 5.883346e-08 0.00001183739 14.006722 0.250649 1.062174 4.933294 0.002605 1.000000 
4.933278 0.012851 0.191753 2.777188e-07 0.00001183739 14.006722 0.250649 1.022247 4.933294 0.002605 1.000000 
4.933278 0.012851 0.231679 7.357318e-09 0.00001183739 14.006722 0.250649 0.982321 4.933294 0.002605 1.000000 
4.956348 0.012911 0.151826 3.690305e-08 0.00001189275 13.983652 0.250589 1.062174 4.956365 0.002605 1.000000 
4.956348 0.012911 0.191753 2.343577e-07 0.00001189275 13.983652 0.250589 1.022247 4.956365 0.002605 1.000000 
4.956348 0.012911 0.231679 2.770144e-08 0.00001189275 13.983652 0.250589 0.982321 4.956365 0.002605 1.000000 
4.979418 0.012971 0.151826 5.368970e-08 0.00001194810 13.960582 0.250529 1.062174 4.979435 0.002605 1.000000 
4.979418 0.012971 0.191753 1.907231e-07 0.00001194810 13.960582 0.250529 1.022247 4.979435 0.002605 1.000000 
4.979418 0.012971 0.231679 1.666158e-08 0.00001194810 13.960582 0.250529 0.982321 4.979435 0.002605 1.000000 
5.002489 0.013031 0.151826 3.528554e-08 0.00001200346 13.937511 0.250469 1.062174 5.002506 0.002605 1.000000 
5.002489 0.013031 0.191753 2.191730e-07 0.00001200346 13.937511 0.250469 1.022247 5.002506 0.002605 1.000000 
5.002489 0.013031 0.231679 2.229429e-08 0.00001200346 13.937511 0.250469 0.982321 5.002506 0.002605 1.000000 
5.025559 0.013091 0.151826 2.608917e-08 0.00001205882 13.914441 0.250409 1.062174 5.025576 0.002605 1.000000 
5.025559 0.013091 0.191753 1.993969e-07 0.00001205882 13.914441 0.250409 1.022247 5.025576 0.002605 1.000000 
5.025559 0.013091 0.231679 3.540577e-08 0.00001205882 13.914441 0.250409 0.982321 5.025576 0.002605 1.000000 
5.048629 0.013152 0.151826 2.243491e-08 0.00001211417 13.891371 0.250348 1.062174 5.048646 0.002605 1.000000 
5.048629 0.013152 0.191753 2.056691e-07 0.00001211417 13.891371 0.250348 1.022247 5.048646 0.002605 1.000000 
5.048629 0.013152 0.231679 4.863584e-08 0.00001211417 13.891371 0.250348 0.982321 5.048646 0.002605 1.000000 
5.071700 0.013212 0.151826 1.500288e-08 0.00001216953 13.868300 0.250288 1.062174 5.071717 0.002605 1.000000 
5.071700 0.013212 0.191753 1.594559e-07 0.00001216953 13.868300 0.250288 1.022247 5.071717 0.002605 1.000000 
5.071700 0.013212 0.231679 4.504648e-08 0.00001216953 13.868300 0.250288 0.982321 5.071717 0.002605 1.000000 
5.094770 0.013272 0.151826 1.316948e-08 0.00001222489 13.845230 0.250228 1.062174 5.094787 0.002605 1.000000 
5.094770 0.013272 0.191753 1.750452e-07 0.00001222489 13.845230 0.250228 1.022247 5.094787 0.002605 1.000000 
5.094770 0.013272 0.231679 3.764286e-08 0.00001222489 13.845230 0.250228 0.982321 5.094787 0.002605 1.000000 
5.117840 0.013332 0.151826 1.888253e-08 0.00001228025 13.822160 0.250168 1.062174 5.117857 0.002605 1.000000 
5.117840 0.013332 0.191753 1.454052e-07 0.00001228025 13.822160 0.250168 1.022247 5.117857 0.002605 1.000000 
5.117840 0.013332 0.231679 7.745969e-08 0.00001228025 13.822160 0.250168 0.982321 5.117857 0.002605 1.000000 
5.140910 0.013392 0.151826 9.467993e-09 0.00001233560 13.799090 0.250108 1.062174 5.140928 0.002605 1.000000 
5.140910 0.013392 0.191753 1.383157e-07 0.00001233560 13.799090 0.250108 1.022247 5.140928 0.002605 1.000000 
5.140910 0.013392 0.231679 5.114532e-08 0.00001233560 13.799090 0.250108 0.982321 5.140928 0.002605 1.000000 
5.163981 0.013452 0.151826 9.499760e-09 0.00001239096 13.776019 0.250048 1.062174 5.163998 0.002605 1.000000 
5.163981 0.013452 0.191753 1.273628e-07 0.00001239096 13.776019 0.250048 1.022247 5.163998 0.002605 1.000000 
5.163981 0.013452 0.231679 6.655550e-08 0.00001239096 13.776019 0.250048 0.982321 5.163998 0.002605 1.000000 
5.187051 0.013512 0.151826 1.143805e-08 0.00001244632 13.752949 0.249988 1.062174 5.187069 0.002605 1.000000 
5.187051 0.013512 0.191753 1.373320e-07 0.00001244632 13.752949 0.249988 1.022247 5.187069 0.002605 1.000000 
5.187051 0.013512 0.231679 7.632526e-08 0.00001244632 13.752949 0.249988 0.982321 5.187069 0.002605 1.000000 
5.210121 0.013572 0.151826 5.737019e-09 0.00001250167 13.729879 0.249928 1.062174 5.210139 0.002605 1.000000 
5.210121 0.013572 0.191753 9.760651e-08 0.00001250167 13.729879 0.249928 1.022247 5.210139 0.002605 1.000000 
5.210121 0.013572 0.231679 7.849712e-08 0.00001250167 13.729879 0.249928 0.982321 5.210139 0.002605 1.000000 
5.233192 0.013632 0.151826 3.838840e-09 0.00001255703 13.706808 0.249868 1.062174 5.233209 0.002605 1.000000 
5.233192 0.013632 0.191753 1.094535e-07 0.00001255703 13.706808 0.249868 1.022247 5.233209 0.002605 1.000000 
5.233192 0.013632 0.231679 6.915027e-08 0.00001255703 13.706808 0.249868 0.982321 5.233209 0.002605 1.000000 
5.256262 0.013692 0.191753 9.825261e-08 0.00001261239 13.683738 0.249808 1.022247 5.256280 0.002605 1.000000 
5.256262 0.013692 0.231679 1.021639e-07 0.00001261239 13.683738 0.249808 0.982321 5.256280 0.002605 1.000000 
5.279332 0.013753 0.151826 1.931080e-09 0.00001266775 13.660668 0.249747 1.062174 5.279350 0.002605 1.000000 
5.279332 0.013753 0.191753 9.471453e-08 0.00001266775 13.660668 0.249747 1.022247 5.279350 0.002605 1.000000 
5.279332 0.013753 0.231679 1.024787e-07 0.00001266775 13.660668 0.249747 0.982321 5.279350 0.002605 1.000000 
5.302403 0.013813 0.151826 1.938515e-09 0.00001272310 13.637597 0.249687 1.062174 5.302421 0.002605 1.000000 
5.302403 0.013813 0.191753 9.117265e-08 0.00001272310 13.637597 0.249687 1.022247 5.302421 0.002605 1.000000 
5.302403 0.013813 0.231679 9.700773e-08 0.00001272310 13.637597 0.249687 0.982321 5.302421 0.002605 1.000000 
5.325473 0.013873 0.151826 1.944311e-09 0.00001277846 13.614527 0.249627 1.062174 5.325491 0.002605 1.000000 
5.325473 0.013873 0.191753 4.282072e-08 0.00001277846 13.614527 0.249627 1.022247 5.325491 0.002605 1.000000 
5.325473 0.013873 0.231679 1.090344e-07 0.00001277846 13.614527 0.249627 0.982321 5.325491 0.002605 1.000000 
5.348543 0.013933 0.191753 5.469507e-08 0.00001283382 13.591457 0.249567 1.022247 5.348561 0.002605 1.000000 
5.348543 0.013933 0.231679 1.094245e-07 0.00001283382 13.591457 0.249567 0.982321 5.348561 0.002605 1.000000 
5.371613 0.013993 0.151826 1.961907e-09 0.00001288917 13.568387 0.249507 1.062174 5.371632 0.002605 1.000000 
5.371613 0.013993 0.191753 4.899034e-08 0.00001288917 13.568387 0.249507 1.022247 5.371632 0.002605 1.000000 
5.371613 0.013993 0.231679 1.195716e-07 0.00001288917 13.568387 0.249507 0.982321 5.371632 0.002605 1.000000 
5.394684 0.014053 0.191753 4.522030e-08 0.00001294453 13.545316 0.249447 1.022247 5.394702 0.002605 1.000000 
5.394684 0.014053 0.231679 1.337147e-07 0.00001294453 13.545316 0.249447 0.982321 5.394702 0.002605 1.000000 
5.417754 0.014113 0.191753 2.959310e-08 0.00001299989 13.522246 0.249387 1.022247 5.417772 0.002605 1.000000 
5.417754 0.014113 0.231679 1.105133e-07 0.00001299989 13.522246 0.249387 0.982321 5.417772 0.002605 1.000000 
5.440824 0.014173 0.191753 3.562771e-08 0.00001305525 13.499176 0.249327 1.022247 5.440843 0.002605 1.000000 
5.440824 0.014173 0.231679 1.049408e-07 0.00001305525 13.499176 0.249327 0.982321 5.440843 0.002605 1.000000 
5.463895 0.014233 0.191753 2.383637e-08 0.00001311060 13.476105 0.249267 1.022247 5.463913 0.002605 1.000000 
5.463895 0.014233 0.231679 1.053141e-07 0.00001311060 13.476105 0.249267 0.982321 5.463913 0.002605 1.000000 
5.486965 0.014293 0.191753 1.196319e-08 0.00001316596 13.453035 0.249207 1.022247 5.486984 0.002605 1.000000 
5.486965 0.014293 0.231679 8.572925e-08 0.00001316596 13.453035 0.249207 0.982321 5.486984 0.002605 1.000000 
5.510035 0.014353 0.191753 1.000554e-08 0.00001322132 13.429965 0.249147 1.022247 5.510054 0.002605 1.000000 
5.510035 0.014353 0.231679 9.204164e-08 0.00001322132 13.429965 0.249147 0.982321 5.510054 0.002605 1.000000 
5.533106 0.014414 0.191753 8.025773e-09 0.00001327667 13.406894 0.249086 1.022247 5.533124 0.002605 1.000000 
5.533106 0.014414 0.231679 8.432725e-08 0.00001327667 13.406894 0.249086 0.982321 5.533124 0.002605 1.000000 
5.556176 0.014474 0.191753 1.409160e-08 0.00001333203 13.383824 0.249026 1.022247 5.556195 0.002605 1.000000 
5.556176 0.014474 0.231679 8.261289e-08 0.00001333203 13.383824 0.249026 0.982321 5.556195 0.002605 1.000000 
5.556176 0.014474 0.271606 2.017090e-09 0.00001333203 13.383824 0.249026 0.942394 5.556195 0.002605 1.000000 
5.579246 0.014534 0.191753 1.010490e-08 0.00001338739 13.360754 0.248966 1.022247 5.579265 0.002605 1.000000 
5.579246 0.014534 0.231679 8.692043e-08 0.00001338739 13.360754 0.248966 0.982321 5.579265 0.002605 1.000000 
5.602316 0.014594 0.191753 4.053086e-09 0.00001344275 13.337684 0.248906 1.022247 5.602335 0.002605 1.000000 
5.602316 0.014594 0.231679 9.127501e-08 0.00001344275 13.337684 0.248906 0.982321 5.602335 0.002605 1.000000 
5.602316 0.014594 0.271606 4.056599e-09 0.00001344275 13.337684 0.248906 0.942394 5.602335 0.002605 1.000000 
5.625387 0.014654 0.191753 2.034852e-09 0.00001349810 13.314613 0.248846 1.022247 5.625406 0.002605 1.000000 
5.625387 0.014654 0.231679 9.975334e-08 0.00001349810 13.314613 0.248846 0.982321 5.625406 0.002605 1.000000 
5.625387 0.014654 0.271606 4.072820e-09 0.00001349810 13.314613 0.248846 0.942394 5.625406 0.002605 1.000000 
5.648457 0.014714 0.191753 4.087803e-09 0.00001355346 13.291543 0.248786 1.022247 5.648476 0.002605 1.000000 
5.648457 0.014714 0.231679 6.945361e-08 0.00001355346 13.291543 0.248786 0.982321 5.648476 0.002605 1.000000 
5.648457 0.014714 0.271606 6.128681e-09 0.00001355346 13.291543 0.248786 0.942394 5.648476 0.002605 1.000000 
5.671527 0.014774 0.231679 7.786423e-08 0.00001360882 13.268473 0.248726 0.982321 5.671547 0.002605 1.000000 
5.671527 0.014774 0.271606 6.148135e-09 0.00001360882 13.268473 0.248726 0.942394 5.671547 0.002605 1.000000 
5.694598 0.014834 0.231679 5.759187e-08 0.00001366417 13.245402 0.248666 0.982321 5.694617 0.002605 1.000000 
5.694598 0.014834 0.271606 6.175750e-09 0.00001366417 13.245402 0.248666 0.942394 5.694617 0.002605 1.000000 
5.717668 0.014894 0.231679 5.777422e-08 0.00001371953 13.222332 0.248606 0.982321 5.717687 0.002605 1.000000 
5.717668 0.014894 0.271606 1.032050e-08 0.00001371953 13.222332 0.248606 0.942394 5.717687 0.002605 1.000000 
5.740738 0.014954 0.231679 5.593394e-08 0.00001377489 13.199262 0.248546 0.982321 5.740758 0.002605 1.000000 
5.740738 0.014954 0.271606 1.035195e-08 0.00001377489 13.199262 0.248546 0.942394 5.740758 0.002605 1.000000 
5.763809 0.015015 0.231679 3.116222e-08 0.00001383025 13.176191 0.248485 0.982321 5.763828 0.002605 1.000000 
5.763809 0.015015 0.271606 1.662427e-08 0.00001383025 13.176191 0.248485 0.942394 5.763828 0.002605 1.000000 
5.786879 0.015075 0.231679 3.335504e-08 0.00001388560 13.153121 0.248425 0.982321 5.786899 0.002605 1.000000 
5.786879 0.015075 0.271606 1.042940e-08 0.00001388560 13.153121 0.248425 0.942394 5.786899 0.002605 1.000000 
5.809949 0.015135 0.231679 3.138088e-08 0.00001394096 13.130051 0.248365 0.982321 5.809969 0.002605 1.000000 
5.809949 0.015135 0.271606 1.464954e-08 0.00001394096 13.130051 0.248365 0.942394 5.809969 0.002605 1.000000 
5.833020 0.015195 0.231679 1.469763e-08 0.00001399632 13.106980 0.248305 0.982321 5.833039 0.002605 1.000000 
5.833020 0.015195 0.271606 1.890462e-08 0.00001399632 13.106980 0.248305 0.942394 5.833039 0.002605 1.000000 
5.856090 0.015255 0.231679 2.949536e-08 0.00001405167 13.083910 0.248245 0.982321 5.856110 0.002605 1.000000 
5.856090 0.015255 0.271606 1.053400e-08 0.00001405167 13.083910 0.248245 0.942394 5.856110 0.002605 1.000000 
5.879160 0.015315 0.231679 1.903156e-08 0.00001410703 13.060840 0.248185 0.982321 5.879180 0.002605 1.000000 
5.879160 0.015315 0.271606 1.904596e-08 0.00001410703 13.060840 0.248185 0.942394 5.879180 0.002605 1.000000 
5.902230 0.015375 0.231679 1.485291e-08 0.00001416239 13.037770 0.248125 0.982321 5.902250 0.002605 1.000000 
5.902230 0.015375 0.271606 8.497980e-09 0.00001416239 13.037770 0.248125 0.942394 5.902250 0.002605 1.000000 
5.925301 0.015435 0.231679 1.490699e-08 0.00001421775 13.014699 0.248065 0.982321 5.925321 0.002605 1.000000 
5.925301 0.015435 0.271606 2.343202e-08 0.00001421775 13.014699 0.248065 0.942394 5.925321 0.002605 1.000000 
5.948371 0.015495 0.231679 1.281783e-08 0.00001427310 12.991629 0.248005 0.982321 5.948391 0.002605 1.000000 
5.948371 0.015495 0.271606 1.495957e-08 0.00001427310 12.991629 0.248005 0.942394 5.948391 0.002605 1.000000 
5.971441 0.015555 0.231679 2.146738e-09 0.00001432846 12.968559 0.247945 0.982321 5.971462 0.002605 1.000000 
5.971441 0.015555 0.271606 2.359134e-08 0.00001432846 12.968559 0.247945 0.942394 5.971462 0.002605 1.000000 
5.994512 0.015616 0.231679 6.455557e-09 0.00001438382 12.945488 0.247884 0.982321 5.994532 0.002605 1.000000 
5.994512 0.015616 0.271606 1.937208e-08 0.00001438382 12.945488 0.247884 0.942394 5.994532 0.002605 1.000000 
6.017582 0.015676 0.271606 1.512981e-08 0.00001443917 12.922418 0.247824 0.942394 6.017602 0.002605 1.000000 
6.040652 0.015736 0.271606 1.518430e-08 0.00001449453 12.899348 0.247764 0.942394 6.040673 0.002605 1.000000 
6.063723 0.015796 0.271606 8.705589e-09 0.00001454989 12.876277 0.247704 0.942394 6.063743 0.002605 1.000000 
6.086793 0.015856 0.231679 4.362584e-09 0.00001460525 12.853207 0.247644 0.982321 6.086813 0.002605 1.000000 
6.086793 0.015856 0.271606 8.732116e-09 0.00001460525 12.853207 0.247644 0.942394 6.086813 0.002605 1.000000 
6.132933 0.015976 0.271606 1.759186e-08 0.00001471596 12.807067 0.247524 0.942394 6.132954 0.002605 1.000000 
6.156004 0.016036 0.271606 1.103429e-08 0.00001477132 12.783996 0.247464 0.942394 6.156025 0.002605 1.000000 
6.179074 0.016096 0.271606 8.866974e-09 0.00001482667 12.760926 0.247404 0.942394 6.179095 0.002605 1.000000 
6.202144 0.016156 0.271606 8.889460e-09 0.00001488203 12.737856 0.247344 0.942394 6.202165 0.002605 1.000000 
6.248285 0.016277 0.271606 6.715167e-09 0.00001499275 12.691715 0.247223 0.942394 6.248306 0.002605 1.000000 
6.317496 0.016457 0.271606 2.263431e-09 0.00001515882 12.622504 0.247043 0.942394 6.317517 0.002605 1.000000 
6.340566 0.016517 0.271606 2.274937e-09 0.00001521417 12.599434 0.246983 0.942394 6.340588 0.002605 1.000000 
6.386707 0.016637 0.271606 4.582873e-09 0.00001532489 12.553293 0.246863 0.942394 6.386728 0.002605 1.000000 
4.010425 0.020894 0.032046 2.102769e-08 0.00000962310 14.929575 0.242606 1.181954 4.010479 0.005210 1.000000 
4.010425 0.020894 0.071973 1.035791e-07 0.00000962310 14.929575 0.242606 1.142027 4.010479 0.005210 1.000000 
4.010425 0.020894 0.111899 3.496919e-07 0.00000962310 14.929575 0.242606 1.102101 4.010479 0.005210 1.000000 
4.010425 0.020894 0.151826 3.109170e-07 0.00000962310 14.929575 0.242606 1.062174 4.010479 0.005210 1.000000 
4.033495 0.021014 0.032046 3.246590e-09 0.00000967846 14.906505 0.242486 1.181954 4.033550 0.005210 1.000000 
4.033495 0.021014 0.071973 1.250056e-07 0.00000967846 14.906505 0.242486 1.142027 4.033550 0.005210 1.000000 
4.033495 0.021014 0.111899 3.231730e-07 0.00000967846 14.906505 0.242486 1.102101 4.033550 0.005210 1.000000 
4.033495 0.021014 0.151826 3.167369e-07 0.00000967846 14.906505 0.242486 1.062174 4.033550 0.005210 1.000000 
4.056565 0.021135 0.032046 3.256316e-09 0.00000973382 14.883435 0.242365 1.181954 4.056620 0.005210 1.000000 
4.056565 0.021135 0.071973 1.009459e-07 0.00000973382 14.883435 0.242365 1.142027 4.056620 0.005210 1.000000 
4.056565 0.021135 0.111899 3.551243e-07 0.00000973382 14.883435 0.242365 1.102101 4.056620 0.005210 1.000000 
4.056565 0.021135 0.151826 3.747623e-07 0.00000973382 14.883435 0.242365 1.062174 4.056620 0.005210 1.000000 
4.079635 0.021255 0.032046 1.634271e-09 0.00000978918 14.860365 0.242245 1.181954 4.079690 0.005210 1.000000 
4.079635 0.021255 0.071973 8.820076e-08 0.00000978918 14.860365 0.242245 1.142027 4.079690 0.005210 1.000000 
4.079635 0.021255 0.111899 3.529348e-07 0.00000978918 14.860365 0.242245 1.102101 4.079690 0.005210 1.000000 
4.079635 0.021255 0.151826 3.171003e-07 0.00000978918 14.860365 0.242245 1.062174 4.079690 0.005210 1.000000 
4.102705 0.021375 0.071973 1.130374e-07 0.00000984453 14.837295 0.242125 1.142027 4.102761 0.005210 1.000000 
4.102705 0.021375 0.111899 3.458324e-07 0.00000984453 14.837295 0.242125 1.102101 4.102761 0.005210 1.000000 
4.102705 0.021375 0.151826 3.787219e-07 0.00000984453 14.837295 0.242125 1.062174 4.102761 0.005210 1.000000 
4.102705 0.021375 0.191753 1.641767e-09 0.00000984453 14.837295 0.242125 1.022247 4.102761 0.005210 1.000000 
4.125775 0.021495 0.071973 7.231001e-08 0.00000989989 14.814225 0.242005 1.142027 4.125831 0.005210 1.000000 
4.125775 0.021495 0.111899 3.090940e-07 0.00000989989 14.814225 0.242005 1.102101 4.125831 0.005210 1.000000 
4.125775 0.021495 0.151826 3.964040e-07 0.00000989989 14.814225 0.242005 1.062174 4.125831 0.005210 1.000000 
4.125775 0.021495 0.191753 1.644092e-09 0.00000989989 14.814225 0.242005 1.022247 4.125831 0.005210 1.000000 
4.148845 0.021615 0.032046 1.646521e-09 0.00000995525 14.791155 0.241885 1.181954 4.148901 0.005210 1.000000 
4.148845 0.021615 0.071973 5.275221e-08 0.00000995525 14.791155 0.241885 1.142027 4.148901 0.005210 1.000000 
4.148845 0.021615 0.111899 3.034567e-07 0.00000995525 14.791155 0.241885 1.102101 4.148901 0.005210 1.000000 
4.148845 0.021615 0.151826 4.025722e-07 0.00000995525 14.791155 0.241885 1.062174 4.148901 0.005210 1.000000 
4.148845 0.021615 0.191753 8.250856e-09 0.00000995525 14.791155 0.241885 1.022247 4.148901 0.005210 1.000000 
4.171915 0.021736 0.071973 5.789178e-08 0.00001001060 14.768085 0.241764 1.142027 4.171972 0.005210 1.000000 
4.171915 0.021736 0.111899 2.729868e-07 0.00001001060 14.768085 0.241764 1.102101 4.171972 0.005210 1.000000 
4.171915 0.021736 0.151826 3.921978e-07 0.00001001060 14.768085 0.241764 1.062174 4.171972 0.005210 1.000000 
4.171915 0.021736 0.191753 1.820414e-08 0.00001001060 14.768085 0.241764 1.022247 4.171972 0.005210 1.000000 
4.194985 0.021856 0.071973 6.469151e-08 0.00001006596 14.745015 0.241644 1.142027 4.195042 0.005210 1.000000 
4.194985 0.021856 0.111899 2.704737e-07 0.00001006596 14.745015 0.241644 1.102101 4.195042 0.005210 1.000000 
4.194985 0.021856 0.151826 4.299423e-07 0.00001006596 14.745015 0.241644 1.062174 4.195042 0.005210 1.000000 
4.194985 0.021856 0.191753 1.660982e-08 0.00001006596 14.745015 0.241644 1.022247 4.195042 0.005210 1.000000 
4.218055 0.021976 0.071973 7.652780e-08 0.00001012132 14.721945 0.241524 1.142027 4.218113 0.005210 1.000000 
4.218055 0.021976 0.111899 2.996120e-07 0.00001012132 14.721945 0.241524 1.102101 4.218113 0.005210 1.000000 
4.218055 0.021976 0.151826 4.046253e-07 0.00001012132 14.721945 0.241524 1.062174 4.218113 0.005210 1.000000 
4.218055 0.021976 0.191753 4.164266e-08 0.00001012132 14.721945 0.241524 1.022247 4.218113 0.005210 1.000000 
4.241125 0.022096 0.071973 5.006451e-08 0.00001017668 14.698875 0.241404 1.142027 4.241183 0.005210 1.000000 
4.241125 0.022096 0.111899 2.839294e-07 0.00001017668 14.698875 0.241404 1.102101 4.241183 0.005210 1.000000 
4.241125 0.022096 0.151826 3.808715e-07 0.00001017668 14.698875 0.241404 1.062174 4.241183 0.005210 1.000000 
4.241125 0.022096 0.191753 4.512161e-08 0.00001017668 14.698875 0.241404 1.022247 4.241183 0.005210 1.000000 
4.264196 0.022216 0.071973 4.353564e-08 0.00001023203 14.675804 0.241284 1.142027 4.264253 0.005210 1.000000 
4.264196 0.022216 0.111899 2.395185e-07 0.00001023203 14.675804 0.241284 1.102101 4.264253 0.005210 1.000000 
4.264196 0.022216 0.151826 3.988121e-07 0.00001023203 14.675804 0.241284 1.062174 4.264253 0.005210 1.000000 
4.264196 0.022216 0.191753 7.206023e-08 0.00001023203 14.675804 0.241284 1.022247 4.264253 0.005210 1.000000 
4.287266 0.022337 0.071973 4.871952e-08 0.00001028739 14.652734 0.241163 1.142027 4.287324 0.005210 1.000000 
4.287266 0.022337 0.111899 2.554307e-07 0.00001028739 14.652734 0.241163 1.102101 4.287324 0.005210 1.000000 
4.287266 0.022337 0.151826 3.966564e-07 0.00001028739 14.652734 0.241163 1.062174 4.287324 0.005210 1.000000 
4.287266 0.022337 0.191753 7.399628e-08 0.00001028739 14.652734 0.241163 1.022247 4.287324 0.005210 1.000000 
4.310336 0.022457 0.071973 2.527383e-08 0.00001034275 14.629664 0.241043 1.142027 4.310394 0.005210 1.000000 
4.310336 0.022457 0.111899 2.477787e-07 0.00001034275 14.629664 0.241043 1.102101 4.310394 0.005210 1.000000 
4.310336 0.022457 0.151826 4.333604e-07 0.00001034275 14.629664 0.241043 1.062174 4.310394 0.005210 1.000000 
4.310336 0.022457 0.191753 8.941677e-08 0.00001034275 14.629664 0.241043 1.022247 4.310394 0.005210 1.000000 
4.333406 0.022577 0.071973 3.549070e-08 0.00001039810 14.606594 0.240923 1.142027 4.333465 0.005210 1.000000 
4.333406 0.022577 0.111899 1.978444e-07 0.00001039810 14.606594 0.240923 1.102101 4.333465 0.005210 1.000000 
4.333406 0.022577 0.151826 3.754906e-07 0.00001039810 14.606594 0.240923 1.062174 4.333465 0.005210 1.000000 
4.333406 0.022577 0.191753 9.643898e-08 0.00001039810 14.606594 0.240923 1.022247 4.333465 0.005210 1.000000 
4.356476 0.022697 0.071973 1.864901e-08 0.00001045346 14.583524 0.240803 1.142027 4.356535 0.005210 1.000000 
4.356476 0.022697 0.111899 1.933499e-07 0.00001045346 14.583524 0.240803 1.102101 4.356535 0.005210 1.000000 
4.356476 0.022697 0.151826 4.293082e-07 0.00001045346 14.583524 0.240803 1.062174 4.356535 0.005210 1.000000 
4.356476 0.022697 0.191753 1.324145e-07 0.00001045346 14.583524 0.240803 1.022247 4.356535 0.005210 1.000000 
4.379546 0.022817 0.071973 3.061350e-08 0.00001050882 14.560454 0.240683 1.142027 4.379605 0.005210 1.000000 
4.379546 0.022817 0.111899 2.059048e-07 0.00001050882 14.560454 0.240683 1.102101 4.379605 0.005210 1.000000 
4.379546 0.022817 0.151826 4.391952e-07 0.00001050882 14.560454 0.240683 1.062174 4.379605 0.005210 1.000000 
4.379546 0.022817 0.191753 1.362049e-07 0.00001050882 14.560454 0.240683 1.022247 4.379605 0.005210 1.000000 
4.402616 0.022938 0.071973 8.528142e-09 0.00001056418 14.537384 0.240562 1.142027 4.402676 0.005210 1.000000 
4.402616 0.022938 0.111899 1.433793e-07 0.00001056418 14.537384 0.240562 1.102101 4.402676 0.005210 1.000000 
4.402616 0.022938 0.151826 4.388491e-07 0.00001056418 14.537384 0.240562 1.062174 4.402676 0.005210 1.000000 
4.402616 0.022938 0.191753 1.486298e-07 0.00001056418 14.537384 0.240562 1.022247 4.402676 0.005210 1.000000 
4.425686 0.023058 0.071973 1.197538e-08 0.00001061953 14.514314 0.240442 1.142027 4.425746 0.005210 1.000000 
4.425686 0.023058 0.111899 1.215809e-07 0.00001061953 14.514314 0.240442 1.102101 4.425746 0.005210 1.000000 
4.425686 0.023058 0.151826 3.768660e-07 0.00001061953 14.514314 0.240442 1.062174 4.425746 0.005210 1.000000 
4.425686 0.023058 0.191753 1.679454e-07 0.00001061953 14.514314 0.240442 1.022247 4.425746 0.005210 1.000000 
4.448756 0.023178 0.071973 1.202680e-08 0.00001067489 14.491244 0.240322 1.142027 4.448816 0.005210 1.000000 
4.448756 0.023178 0.111899 1.425844e-07 0.00001067489 14.491244 0.240322 1.102101 4.448816 0.005210 1.000000 
4.448756 0.023178 0.151826 3.935227e-07 0.00001067489 14.491244 0.240322 1.062174 4.448816 0.005210 1.000000 
4.448756 0.023178 0.191753 1.753641e-07 0.00001067489 14.491244 0.240322 1.022247 4.448816 0.005210 1.000000 
4.471826 0.023298 0.071973 1.377774e-08 0.00001073025 14.468174 0.240202 1.142027 4.471887 0.005210 1.000000 
4.471826 0.023298 0.111899 1.068358e-07 0.00001073025 14.468174 0.240202 1.102101 4.471887 0.005210 1.000000 
4.471826 0.023298 0.151826 3.775526e-07 0.00001073025 14.468174 0.240202 1.062174 4.471887 0.005210 1.000000 
4.471826 0.023298 0.191753 2.138075e-07 0.00001073025 14.468174 0.240202 1.022247 4.471887 0.005210 1.000000 
4.494896 0.023418 0.071973 6.910349e-09 0.00001078560 14.445104 0.240082 1.142027 4.494957 0.005210 1.000000 
4.494896 0.023418 0.111899 1.158409e-07 0.00001078560 14.445104 0.240082 1.102101 4.494957 0.005210 1.000000 
4.494896 0.023418 0.151826 3.856229e-07 0.00001078560 14.445104 0.240082 1.062174 4.494957 0.005210 1.000000 
4.494896 0.023418 0.191753 2.370431e-07 0.00001078560 14.445104 0.240082 1.022247 4.494957 0.005210 1.000000 
4.517966 0.023539 0.071973 1.039831e-08 0.00001084096 14.422034 0.239961 1.142027 4.518028 0.005210 1.000000 
4.517966 0.023539 0.111899 1.179202e-07 0.00001084096 14.422034 0.239961 1.102101 4.518028 0.005210 1.000000 
4.517966 0.023539 0.151826 3.625914e-07 0.00001084096 14.422034 0.239961 1.062174 4.518028 0.005210 1.000000 
4.517966 0.023539 0.191753 2.342855e-07 0.00001084096 14.422034 0.239961 1.022247 4.518028 0.005210 1.000000 
4.541036 0.023659 0.111899 7.655577e-08 0.00001089632 14.398964 0.239841 1.102101 4.541098 0.005210 1.000000 
4.541036 0.023659 0.151826 3.202154e-07 0.00001089632 14.398964 0.239841 1.062174 4.541098 0.005210 1.000000 
4.541036 0.023659 0.191753 2.733079e-07 0.00001089632 14.398964 0.239841 1.022247 4.541098 0.005210 1.000000 
4.564106 0.023779 0.071973 1.741994e-09 0.00001095168 14.375894 0.239721 1.142027 4.564168 0.005210 1.000000 
4.564106 0.023779 0.111899 7.853147e-08 0.00001095168 14.375894 0.239721 1.102101 4.564168 0.005210 1.000000 
4.564106 0.023779 0.151826 3.264768e-07 0.00001095168 14.375894 0.239721 1.062174 4.564168 0.005210 1.000000 
4.564106 0.023779 0.191753 2.514958e-07 0.00001095168 14.375894 0.239721 1.022247 4.564168 0.005210 1.000000 
4.587176 0.023899 0.111899 7.353817e-08 0.00001100703 14.352824 0.239601 1.102101 4.587239 0.005210 1.000000 
4.587176 0.023899 0.151826 3.520562e-07 0.00001100703 14.352824 0.239601 1.062174 4.587239 0.005210 1.000000 
4.587176 0.023899 0.191753 2.593048e-07 0.00001100703 14.352824 0.239601 1.022247 4.587239 0.005210 1.000000 
4.610247 0.024019 0.111899 8.606931e-08 0.00001106239 14.329753 0.239481 1.102101 4.610309 0.005210 1.000000 
4.610247 0.024019 0.151826 2.829162e-07 0.00001106239 14.329753 0.239481 1.062174 4.610309 0.005210 1.000000 
4.610247 0.024019 0.191753 2.953126e-07 0.00001106239 14.329753 0.239481 1.022247 4.610309 0.005210 1.000000 
4.633317 0.024139 0.111899 4.932709e-08 0.00001111775 14.306683 0.239361 1.102101 4.633379 0.005210 1.000000 
4.633317 0.024139 0.151826 3.243864e-07 0.00001111775 14.306683 0.239361 1.062174 4.633379 0.005210 1.000000 
4.633317 0.024139 0.191753 2.962468e-07 0.00001111775 14.306683 0.239361 1.022247 4.633379 0.005210 1.000000 
4.656387 0.024260 0.111899 6.362042e-08 0.00001117310 14.283613 0.239240 1.102101 4.656450 0.005210 1.000000 
4.656387 0.024260 0.151826 3.165777e-07 0.00001117310 14.283613 0.239240 1.062174 4.656450 0.005210 1.000000 
4.656387 0.024260 0.191753 3.591067e-07 0.00001117310 14.283613 0.239240 1.022247 4.656450 0.005210 1.000000 
4.679457 0.024380 0.111899 4.611603e-08 0.00001122846 14.260543 0.239120 1.102101 4.679520 0.005210 1.000000 
4.679457 0.024380 0.151826 2.661204e-07 0.00001122846 14.260543 0.239120 1.062174 4.679520 0.005210 1.000000 
4.679457 0.024380 0.191753 3.620534e-07 0.00001122846 14.260543 0.239120 1.022247 4.679520 0.005210 1.000000 
4.702527 0.024500 0.111899 5.159668e-08 0.00001128382 14.237473 0.239000 1.102101 4.702591 0.005210 1.000000 
4.702527 0.024500 0.151826 2.438382e-07 0.00001128382 14.237473 0.239000 1.062174 4.702591 0.005210 1.000000 
4.702527 0.024500 0.191753 3.169389e-07 0.00001128382 14.237473 0.239000 1.022247 4.702591 0.005210 1.000000 
4.725597 0.024620 0.111899 3.570084e-08 0.00001133918 14.214403 0.238880 1.102101 4.725661 0.005210 1.000000 
4.725597 0.024620 0.151826 2.553318e-07 0.00001133918 14.214403 0.238880 1.062174 4.725661 0.005210 1.000000 
4.725597 0.024620 0.191753 3.965050e-07 0.00001133918 14.214403 0.238880 1.022247 4.725661 0.005210 1.000000 
4.748667 0.024740 0.111899 3.580748e-08 0.00001139453 14.191333 0.238760 1.102101 4.748731 0.005210 1.000000 
4.748667 0.024740 0.151826 2.615598e-07 0.00001139453 14.191333 0.238760 1.062174 4.748731 0.005210 1.000000 
4.748667 0.024740 0.191753 3.422835e-07 0.00001139453 14.191333 0.238760 1.022247 4.748731 0.005210 1.000000 
4.748667 0.024740 0.231679 1.792611e-09 0.00001139453 14.191333 0.238760 0.982321 4.748731 0.005210 1.000000 
4.771737 0.024861 0.111899 2.695101e-08 0.00001144989 14.168263 0.238639 1.102101 4.771802 0.005210 1.000000 
4.771737 0.024861 0.151826 2.246507e-07 0.00001144989 14.168263 0.238639 1.062174 4.771802 0.005210 1.000000 
4.771737 0.024861 0.191753 3.667809e-07 0.00001144989 14.168263 0.238639 1.022247 4.771802 0.005210 1.000000 
4.771737 0.024861 0.231679 3.592950e-09 0.00001144989 14.168263 0.238639 0.982321 4.771802 0.005210 1.000000 
4.794807 0.024981 0.111899 2.343624e-08 0.00001150525 14.145193 0.238519 1.102101 4.794872 0.005210 1.000000 
4.794807 0.024981 0.151826 2.037633e-07 0.00001150525 14.145193 0.238519 1.062174 4.794872 0.005210 1.000000 
4.794807 0.024981 0.191753 3.860123e-07 0.00001150525 14.145193 0.238519 1.022247 4.794872 0.005210 1.000000 
4.794807 0.024981 0.231679 1.263225e-08 0.00001150525 14.145193 0.238519 0.982321 4.794872 0.005210 1.000000 
4.817877 0.025101 0.111899 1.989269e-08 0.00001156060 14.122123 0.238399 1.102101 4.817943 0.005210 1.000000 
4.817877 0.025101 0.151826 2.116465e-07 0.00001156060 14.122123 0.238399 1.062174 4.817943 0.005210 1.000000 
4.817877 0.025101 0.191753 3.854180e-07 0.00001156060 14.122123 0.238399 1.022247 4.817943 0.005210 1.000000 
4.817877 0.025101 0.231679 7.237759e-09 0.00001156060 14.122123 0.238399 0.982321 4.817943 0.005210 1.000000 
4.840947 0.025221 0.111899 1.632580e-08 0.00001161596 14.099053 0.238279 1.102101 4.841013 0.005210 1.000000 
4.840947 0.025221 0.151826 1.923738e-07 0.00001161596 14.099053 0.238279 1.062174 4.841013 0.005210 1.000000 
4.840947 0.025221 0.191753 3.794381e-07 0.00001161596 14.099053 0.238279 1.022247 4.841013 0.005210 1.000000 
4.840947 0.025221 0.231679 3.087824e-08 0.00001161596 14.099053 0.238279 0.982321 4.841013 0.005210 1.000000 
4.864017 0.025341 0.111899 2.002030e-08 0.00001167132 14.075983 0.238159 1.102101 4.864083 0.005210 1.000000 
4.864017 0.025341 0.151826 1.474922e-07 0.00001167132 14.075983 0.238159 1.062174 4.864083 0.005210 1.000000 
4.864017 0.025341 0.191753 3.661349e-07 0.00001167132 14.075983 0.238159 1.022247 4.864083 0.005210 1.000000 
4.864017 0.025341 0.231679 4.191754e-08 0.00001167132 14.075983 0.238159 0.982321 4.864083 0.005210 1.000000 
4.887087 0.025462 0.111899 2.373544e-08 0.00001172667 14.052913 0.238038 1.102101 4.887154 0.005210 1.000000 
4.887087 0.025462 0.151826 1.370009e-07 0.00001172667 14.052913 0.238038 1.062174 4.887154 0.005210 1.000000 
4.887087 0.025462 0.191753 3.435352e-07 0.00001172667 14.052913 0.238038 1.022247 4.887154 0.005210 1.000000 
4.887087 0.025462 0.231679 4.389399e-08 0.00001172667 14.052913 0.238038 0.982321 4.887154 0.005210 1.000000 
4.910157 0.025582 0.111899 1.281564e-08 0.00001178203 14.029843 0.237918 1.102101 4.910224 0.005210 1.000000 
4.910157 0.025582 0.151826 1.649556e-07 0.00001178203 14.029843 0.237918 1.062174 4.910224 0.005210 1.000000 
4.910157 0.025582 0.191753 3.867821e-07 0.00001178203 14.029843 0.237918 1.022247 4.910224 0.005210 1.000000 
4.910157 0.025582 0.231679 7.335078e-08 0.00001178203 14.029843 0.237918 0.982321 4.910224 0.005210 1.000000 
4.933227 0.025702 0.111899 5.511284e-09 0.00001183739 14.006773 0.237798 1.102101 4.933294 0.005210 1.000000 
4.933227 0.025702 0.151826 1.323767e-07 0.00001183739 14.006773 0.237798 1.062174 4.933294 0.005210 1.000000 
4.933227 0.025702 0.191753 3.917938e-07 0.00001183739 14.006773 0.237798 1.022247 4.933294 0.005210 1.000000 
4.933227 0.025702 0.231679 1.085282e-07 0.00001183739 14.006773 0.237798 0.982321 4.933294 0.005210 1.000000 
4.956298 0.025822 0.111899 7.380056e-09 0.00001189275 13.983702 0.237678 1.102101 4.956365 0.005210 1.000000 
4.956298 0.025822 0.151826 9.963042e-08 0.00001189275 13.983702 0.237678 1.062174 4.956365 0.005210 1.000000 
4.956298 0.025822 0.191753 3.672793e-07 0.00001189275 13.983702 0.237678 1.022247 4.956365 0.005210 1.000000 
4.956298 0.025822 0.231679 9.968123e-08 0.00001189275 13.983702 0.237678 0.982321 4.956365 0.005210 1.000000 
4.979368 0.025942 0.111899 5.554947e-09 0.00001194810 13.960632 0.237558 1.102101 4.979435 0.005210 1.000000 
4.979368 0.025942 0.151826 1.184261e-07 0.00001194810 13.960632 0.237558 1.062174 4.979435 0.005210 1.000000 
4.979368 0.025942 0.191753 4.166459e-07 0.00001194810 13.960632 0.237558 1.022247 4.979435 0.005210 1.000000 
4.979368 0.025942 0.231679 1.333670e-07 0.00001194810 13.960632 0.237558 0.982321 4.979435 0.005210 1.000000 
5.002438 0.026063 0.111899 1.855163e-09 0.00001200346 13.937562 0.237437 1.102101 5.002506 0.005210 1.000000 
5.002438 0.026063 0.151826 1.058512e-07 0.00001200346 13.937562 0.237437 1.062174 5.002506 0.005210 1.000000 
5.002438 0.026063 0.191753 3.102150e-07 0.00001200346 13.937562 0.237437 1.022247 5.002506 0.005210 1.000000 
5.002438 0.026063 0.231679 1.505110e-07 0.00001200346 13.937562 0.237437 0.982321 5.002506 0.005210 1.000000 
5.025508 0.026183 0.111899 1.863406e-09 0.00001205882 13.914492 0.237317 1.102101 5.025576 0.005210 1.000000 
5.025508 0.026183 0.151826 1.043456e-07 0.00001205882 13.914492 0.237317 1.062174 5.025576 0.005210 1.000000 
5.025508 0.026183 0.191753 3.336044e-07 0.00001205882 13.914492 0.237317 1.022247 5.025576 0.005210 1.000000 
5.025508 0.026183 0.231679 1.360748e-07 0.00001205882 13.914492 0.237317 0.982321 5.025576 0.005210 1.000000 
5.048578 0.026303 0.151826 8.597434e-08 0.00001211417 13.891422 0.237197 1.062174 5.048646 0.005210 1.000000 
5.048578 0.026303 0.191753 3.440772e-07 0.00001211417 13.891422 0.237197 1.022247 5.048646 0.005210 1.000000 
5.048578 0.026303 0.231679 1.571227e-07 0.00001211417 13.891422 0.237197 0.982321 5.048646 0.005210 1.000000 
5.071648 0.026423 0.111899 1.875889e-09 0.00001216953 13.868352 0.237077 1.102101 5.071717 0.005210 1.000000 
5.071648 0.026423 0.151826 6.000151e-08 0.00001216953 13.868352 0.237077 1.062174 5.071717 0.005210 1.000000 
5.071648 0.026423 0.191753 3.170553e-07 0.00001216953 13.868352 0.237077 1.022247 5.071717 0.005210 1.000000 
5.071648 0.026423 0.231679 1.520190e-07 0.00001216953 13.868352 0.237077 0.982321 5.071717 0.005210 1.000000 
5.094718 0.026543 0.151826 5.834359e-08 0.00001222489 13.845282 0.236957 1.062174 5.094787 0.005210 1.000000 
5.094718 0.026543 0.191753 2.861466e-07 0.00001222489 13.845282 0.236957 1.022247 5.094787 0.005210 1.000000 
5.094718 0.026543 0.231679 1.939489e-07 0.00001222489 13.845282 0.236957 0.982321 5.094787 0.005210 1.000000 
5.117788 0.026664 0.151826 4.531518e-08 0.00001228025 13.822212 0.236836 1.062174 5.117857 0.005210 1.000000 
5.117788 0.026664 0.191753 3.380888e-07 0.00001228025 13.822212 0.236836 1.022247 5.117857 0.005210 1.000000 
5.117788 0.026664 0.231679 1.851418e-07 0.00001228025 13.822212 0.236836 0.982321 5.117857 0.005210 1.000000 
5.140858 0.026784 0.151826 5.681572e-08 0.00001233560 13.799142 0.236716 1.062174 5.140928 0.005210 1.000000 
5.140858 0.026784 0.191753 3.013242e-07 0.00001233560 13.799142 0.236716 1.022247 5.140928 0.005210 1.000000 
5.140858 0.026784 0.231679 2.406996e-07 0.00001233560 13.799142 0.236716 0.982321 5.140928 0.005210 1.000000 
5.163928 0.026904 0.151826 3.611463e-08 0.00001239096 13.776072 0.236596 1.062174 5.163998 0.005210 1.000000 
5.163928 0.026904 0.191753 2.680518e-07 0.00001239096 13.776072 0.236596 1.022247 5.163998 0.005210 1.000000 
5.163928 0.026904 0.231679 2.395919e-07 0.00001239096 13.776072 0.236596 0.982321 5.163998 0.005210 1.000000 
5.186998 0.027024 0.151826 3.812825e-08 0.00001244632 13.753002 0.236476 1.062174 5.187069 0.005210 1.000000 
5.186998 0.027024 0.191753 2.460531e-07 0.00001244632 13.753002 0.236476 1.022247 5.187069 0.005210 1.000000 
5.186998 0.027024 0.231679 2.499551e-07 0.00001244632 13.753002 0.236476 0.982321 5.187069 0.005210 1.000000 
5.210068 0.027144 0.151826 2.295718e-08 0.00001250167 13.729932 0.236356 1.062174 5.210139 0.005210 1.000000 
5.210068 0.027144 0.191753 2.545735e-07 0.00001250167 13.729932 0.236356 1.022247 5.210139 0.005210 1.000000 
5.210068 0.027144 0.231679 2.527255e-07 0.00001250167 13.729932 0.236356 0.982321 5.210139 0.005210 1.000000 
5.233138 0.027265 0.151826 2.495446e-08 0.00001255703 13.706862 0.236235 1.062174 5.233209 0.005210 1.000000 
5.233138 0.027265 0.191753 2.304030e-07 0.00001255703 13.706862 0.236235 1.022247 5.233209 0.005210 1.000000 
5.233138 0.027265 0.231679 2.343832e-07 0.00001255703 13.706862 0.236235 0.982321 5.233209 0.005210 1.000000 
5.256208 0.027385 0.151826 2.310975e-08 0.00001261239 13.683792 0.236115 1.062174 5.256280 0.005210 1.000000 
5.256208 0.027385 0.191753 1.772719e-07 0.00001261239 13.683792 0.236115 1.022247 5.256280 0.005210 1.000000 
5.256208 0.027385 0.231679 3.103098e-07 0.00001261239 13.683792 0.236115 0.982321 5.256280 0.005210 1.000000 
5.279279 0.027505 0.151826 9.662711e-09 0.00001266775 13.660721 0.235995 1.062174 5.279350 0.005210 1.000000 
5.279279 0.027505 0.191753 2.029728e-07 0.00001266775 13.660721 0.235995 1.022247 5.279350 0.005210 1.000000 
5.279279 0.027505 0.231679 2.649544e-07 0.00001266775 13.660721 0.235995 0.982321 5.279350 0.005210 1.000000 
5.302349 0.027625 0.151826 9.697112e-09 0.00001272310 13.637651 0.235875 1.062174 5.302421 0.005210 1.000000 
5.302349 0.027625 0.191753 1.784742e-07 0.00001272310 13.637651 0.235875 1.022247 5.302421 0.005210 1.000000 
5.302349 0.027625 0.231679 3.143549e-07 0.00001272310 13.637651 0.235875 0.982321 5.302421 0.005210 1.000000 
5.325419 0.027745 0.151826 7.789754e-09 0.00001277846 13.614581 0.235755 1.062174 5.325491 0.005210 1.000000 
5.325419 0.027745 0.191753 1.673664e-07 0.00001277846 13.614581 0.235755 1.022247 5.325491 0.005210 1.000000 
5.325419 0.027745 0.231679 3.134285e-07 0.00001277846 13.614581 0.235755 0.982321 5.325491 0.005210 1.000000 
5.348489 0.027866 0.151826 3.907869e-09 0.00001283382 13.591511 0.235634 1.062174 5.348561 0.005210 1.000000 
5.348489 0.027866 0.191753 1.503520e-07 0.00001283382 13.591511 0.235634 1.022247 5.348561 0.005210 1.000000 
5.348489 0.027866 0.231679 3.282083e-07 0.00001283382 13.591511 0.235634 0.982321 5.348561 0.005210 1.000000 
5.348489 0.027866 0.271606 1.955255e-09 0.00001283382 13.591511 0.235634 0.942394 5.348561 0.005210 1.000000 
5.371559 0.027986 0.151826 7.831452e-09 0.00001288917 13.568441 0.235514 1.062174 5.371632 0.005210 1.000000 
5.371559 0.027986 0.191753 1.273735e-07 0.00001288917 13.568441 0.235514 1.022247 5.371632 0.005210 1.000000 
5.371559 0.027986 0.231679 3.802835e-07 0.00001288917 13.568441 0.235514 0.982321 5.371632 0.005210 1.000000 
5.394629 0.028106 0.151826 9.830614e-09 0.00001294453 13.545371 0.235394 1.062174 5.394702 0.005210 1.000000 
5.394629 0.028106 0.191753 1.317310e-07 0.00001294453 13.545371 0.235394 1.022247 5.394702 0.005210 1.000000 
5.394629 0.028106 0.231679 3.304535e-07 0.00001294453 13.545371 0.235394 0.982321 5.394702 0.005210 1.000000 
5.394629 0.028106 0.271606 5.905396e-09 0.00001294453 13.545371 0.235394 0.942394 5.394702 0.005210 1.000000 
5.417699 0.028226 0.151826 5.919417e-09 0.00001299989 13.522301 0.235274 1.062174 5.417772 0.005210 1.000000 
5.417699 0.028226 0.191753 1.301877e-07 0.00001299989 13.522301 0.235274 1.022247 5.417772 0.005210 1.000000 
5.417699 0.028226 0.231679 3.552495e-07 0.00001299989 13.522301 0.235274 0.982321 5.417772 0.005210 1.000000 
5.440769 0.028346 0.191753 1.049384e-07 0.00001305525 13.499231 0.235154 1.022247 5.440843 0.005210 1.000000 
5.440769 0.028346 0.231679 3.525340e-07 0.00001305525 13.499231 0.235154 0.982321 5.440843 0.005210 1.000000 
5.440769 0.028346 0.271606 1.386813e-08 0.00001305525 13.499231 0.235154 0.942394 5.440843 0.005210 1.000000 
5.463839 0.028466 0.151826 1.983367e-09 0.00001311060 13.476161 0.235034 1.062174 5.463913 0.005210 1.000000 
5.463839 0.028466 0.191753 9.929573e-08 0.00001311060 13.476161 0.235034 1.022247 5.463913 0.005210 1.000000 
5.463839 0.028466 0.231679 2.861759e-07 0.00001311060 13.476161 0.235034 0.982321 5.463913 0.005210 1.000000 
5.463839 0.028466 0.271606 1.591321e-08 0.00001311060 13.476161 0.235034 0.942394 5.463913 0.005210 1.000000 
5.486909 0.028587 0.191753 6.377271e-08 0.00001316596 13.453091 0.234913 1.022247 5.486984 0.005210 1.000000 
5.486909 0.028587 0.231679 2.910995e-07 0.00001316596 13.453091 0.234913 0.982321 5.486984 0.005210 1.000000 
5.486909 0.028587 0.271606 2.591720e-08 0.00001316596 13.453091 0.234913 0.942394 5.486984 0.005210 1.000000 
5.509979 0.028707 0.151826 2.001757e-09 0.00001322132 13.430021 0.234793 1.062174 5.510054 0.005210 1.000000 
5.509979 0.028707 0.191753 6.401465e-08 0.00001322132 13.430021 0.234793 1.022247 5.510054 0.005210 1.000000 
5.509979 0.028707 0.231679 3.260914e-07 0.00001322132 13.430021 0.234793 0.982321 5.510054 0.005210 1.000000 
5.509979 0.028707 0.271606 4.002161e-08 0.00001322132 13.430021 0.234793 0.942394 5.510054 0.005210 1.000000 
5.533049 0.028827 0.191753 7.626557e-08 0.00001327667 13.406951 0.234673 1.022247 5.533124 0.005210 1.000000 
5.533049 0.028827 0.231679 3.513468e-07 0.00001327667 13.406951 0.234673 0.982321 5.533124 0.005210 1.000000 
5.533049 0.028827 0.271606 8.232646e-08 0.00001327667 13.406951 0.234673 0.942394 5.533124 0.005210 1.000000 
5.556119 0.028947 0.191753 6.242741e-08 0.00001333203 13.383881 0.234553 1.022247 5.556195 0.005210 1.000000 
5.556119 0.028947 0.231679 3.001233e-07 0.00001333203 13.383881 0.234553 0.982321 5.556195 0.005210 1.000000 
5.556119 0.028947 0.271606 5.440465e-08 0.00001333203 13.383881 0.234553 0.942394 5.556195 0.005210 1.000000 
5.579189 0.029067 0.191753 4.848993e-08 0.00001338739 13.360811 0.234433 1.022247 5.579265 0.005210 1.000000 
5.579189 0.029067 0.231679 3.031979e-07 0.00001338739 13.360811 0.234433 0.982321 5.579265 0.005210 1.000000 
5.579189 0.029067 0.271606 9.097751e-08 0.00001338739 13.360811 0.234433 0.942394 5.579265 0.005210 1.000000 
5.602259 0.029188 0.191753 4.866094e-08 0.00001344275 13.337741 0.234312 1.022247 5.602335 0.005210 1.000000 
5.602259 0.029188 0.231679 2.636950e-07 0.00001344275 13.337741 0.234312 0.982321 5.602335 0.005210 1.000000 
5.602259 0.029188 0.271606 8.520691e-08 0.00001344275 13.337741 0.234312 0.942394 5.602335 0.005210 1.000000 
5.625330 0.029308 0.191753 3.255538e-08 0.00001349810 13.314670 0.234192 1.022247 5.625406 0.005210 1.000000 
5.625330 0.029308 0.231679 2.666951e-07 0.00001349810 13.314670 0.234192 0.982321 5.625406 0.005210 1.000000 
5.625330 0.029308 0.271606 6.312095e-08 0.00001349810 13.314670 0.234192 0.942394 5.625406 0.005210 1.000000 
5.648400 0.029428 0.191753 3.675286e-08 0.00001355346 13.291600 0.234072 1.022247 5.648476 0.005210 1.000000 
5.648400 0.029428 0.231679 2.266942e-07 0.00001355346 13.291600 0.234072 0.982321 5.648476 0.005210 1.000000 
5.648400 0.029428 0.271606 8.375469e-08 0.00001355346 13.291600 0.234072 0.942394 5.648476 0.005210 1.000000 
5.671470 0.029548 0.191753 2.457675e-08 0.00001360882 13.268530 0.233952 1.022247 5.671547 0.005210 1.000000 
5.671470 0.029548 0.231679 2.172512e-07 0.00001360882 13.268530 0.233952 0.982321 5.671547 0.005210 1.000000 
5.671470 0.029548 0.271606 1.599284e-07 0.00001360882 13.268530 0.233952 0.942394 5.671547 0.005210 1.000000 
5.694540 0.029668 0.191753 1.438259e-08 0.00001366417 13.245460 0.233832 1.022247 5.694617 0.005210 1.000000 
5.694540 0.029668 0.231679 1.994665e-07 0.00001366417 13.245460 0.233832 0.982321 5.694617 0.005210 1.000000 
5.694540 0.029668 0.271606 1.584299e-07 0.00001366417 13.245460 0.233832 0.942394 5.694617 0.005210 1.000000 
5.717610 0.029789 0.191753 1.855016e-08 0.00001371953 13.222390 0.233711 1.022247 5.717687 0.005210 1.000000 
5.717610 0.029789 0.231679 2.373641e-07 0.00001371953 13.222390 0.233711 0.982321 5.717687 0.005210 1.000000 
5.717610 0.029789 0.271606 1.548113e-07 0.00001371953 13.222390 0.233711 0.942394 5.717687 0.005210 1.000000 
5.740680 0.029909 0.191753 2.070351e-08 0.00001377489 13.199320 0.233591 1.022247 5.740758 0.005210 1.000000 
5.740680 0.029909 0.231679 1.905118e-07 0.00001377489 13.199320 0.233591 0.982321 5.740758 0.005210 1.000000 
5.740680 0.029909 0.271606 1.491636e-07 0.00001377489 13.199320 0.233591 0.942394 5.740758 0.005210 1.000000 
5.763750 0.030029 0.191753 1.038500e-08 0.00001383025 13.176250 0.233471 1.022247 5.763828 0.005210 1.000000 
5.763750 0.030029 0.231679 1.724624e-07 0.00001383025 13.176250 0.233471 0.982321 5.763828 0.005210 1.000000 
5.763750 0.030029 0.271606 1.808241e-07 0.00001383025 13.176250 0.233471 0.942394 5.763828 0.005210 1.000000 
5.786820 0.030149 0.191753 6.250576e-09 0.00001388560 13.153180 0.233351 1.022247 5.786899 0.005210 1.000000 
5.786820 0.030149 0.231679 1.856058e-07 0.00001388560 13.153180 0.233351 0.982321 5.786899 0.005210 1.000000 
5.786820 0.030149 0.271606 1.439627e-07 0.00001388560 13.153180 0.233351 0.942394 5.786899 0.005210 1.000000 
5.809890 0.030269 0.191753 2.092353e-09 0.00001394096 13.130110 0.233231 1.022247 5.809969 0.005210 1.000000 
5.809890 0.030269 0.231679 1.339297e-07 0.00001394096 13.130110 0.233231 0.982321 5.809969 0.005210 1.000000 
5.809890 0.030269 0.271606 1.591057e-07 0.00001394096 13.130110 0.233231 0.942394 5.809969 0.005210 1.000000 
5.832960 0.030390 0.191753 4.197703e-09 0.00001399632 13.107040 0.233110 1.022247 5.833039 0.005210 1.000000 
5.832960 0.030390 0.231679 1.302047e-07 0.00001399632 13.107040 0.233110 0.982321 5.833039 0.005210 1.000000 
5.832960 0.030390 0.271606 1.512522e-07 0.00001399632 13.107040 0.233110 0.942394 5.833039 0.005210 1.000000 
5.856030 0.030510 0.191753 2.104696e-09 0.00001405167 13.083970 0.232990 1.022247 5.856110 0.005210 1.000000 
5.856030 0.030510 0.231679 1.011458e-07 0.00001405167 13.083970 0.232990 0.982321 5.856110 0.005210 1.000000 
5.856030 0.030510 0.271606 2.023490e-07 0.00001405167 13.083970 0.232990 0.942394 5.856110 0.005210 1.000000 
5.879100 0.030630 0.231679 9.724883e-08 0.00001410703 13.060900 0.232870 0.982321 5.879180 0.005210 1.000000 
5.879100 0.030630 0.271606 2.326766e-07 0.00001410703 13.060900 0.232870 0.942394 5.879180 0.005210 1.000000 
5.902170 0.030750 0.191753 2.123600e-09 0.00001416239 13.037830 0.232750 1.022247 5.902250 0.005210 1.000000 
5.902170 0.030750 0.231679 7.428748e-08 0.00001416239 13.037830 0.232750 0.982321 5.902250 0.005210 1.000000 
5.902170 0.030750 0.271606 1.910739e-07 0.00001416239 13.037830 0.232750 0.942394 5.902250 0.005210 1.000000 
5.925240 0.030870 0.191753 2.128325e-09 0.00001421775 13.014760 0.232630 1.022247 5.925321 0.005210 1.000000 
5.925240 0.030870 0.231679 8.521575e-08 0.00001421775 13.014760 0.232630 0.982321 5.925321 0.005210 1.000000 
5.925240 0.030870 0.271606 2.045126e-07 0.00001421775 13.014760 0.232630 0.942394 5.925321 0.005210 1.000000 
5.948310 0.030991 0.231679 5.984794e-08 0.00001427310 12.991690 0.232509 0.982321 5.948391 0.005210 1.000000 
5.948310 0.030991 0.271606 2.352164e-07 0.00001427310 12.991690 0.232509 0.942394 5.948391 0.005210 1.000000 
5.971381 0.031111 0.231679 7.723171e-08 0.00001432846 12.968619 0.232389 0.982321 5.971462 0.005210 1.000000 
5.971381 0.031111 0.271606 1.995417e-07 0.00001432846 12.968619 0.232389 0.942394 5.971462 0.005210 1.000000 
5.994451 0.031231 0.191753 2.150098e-09 0.00001438382 12.945549 0.232269 1.022247 5.994532 0.005210 1.000000 
5.994451 0.031231 0.231679 4.736050e-08 0.00001438382 12.945549 0.232269 0.982321 5.994532 0.005210 1.000000 
5.994451 0.031231 0.271606 1.980971e-07 0.00001438382 12.945549 0.232269 0.942394 5.994532 0.005210 1.000000 
6.017521 0.031351 0.231679 3.455966e-08 0.00001443917 12.922479 0.232149 0.982321 6.017602 0.005210 1.000000 
6.017521 0.031351 0.271606 1.923248e-07 0.00001443917 12.922479 0.232149 0.942394 6.017602 0.005210 1.000000 
6.040591 0.031471 0.231679 4.118546e-08 0.00001449453 12.899409 0.232029 0.982321 6.040673 0.005210 1.000000 
6.040591 0.031471 0.271606 2.082165e-07 0.00001449453 12.899409 0.232029 0.942394 6.040673 0.005210 1.000000 
6.040591 0.031471 0.311532 2.166772e-09 0.00001449453 12.899409 0.232029 0.902468 6.040673 0.005210 1.000000 
6.063661 0.031592 0.231679 2.610220e-08 0.00001454989 12.876339 0.231908 0.982321 6.063743 0.005210 1.000000 
6.063661 0.031592 0.271606 2.198175e-07 0.00001454989 12.876339 0.231908 0.942394 6.063743 0.005210 1.000000 
6.063661 0.031592 0.311532 8.708869e-09 0.00001454989 12.876339 0.231908 0.902468 6.063743 0.005210 1.000000 
6.086731 0.031712 0.231679 3.056561e-08 0.00001460525 12.853269 0.231788 0.982321 6.086813 0.005210 1.000000 
6.086731 0.031712 0.271606 2.096903e-07 0.00001460525 12.853269 0.231788 0.942394 6.086813 0.005210 1.000000 
6.086731 0.031712 0.311532 1.529875e-08 0.00001460525 12.853269 0.231788 0.902468 6.086813 0.005210 1.000000 
6.109801 0.031832 0.231679 2.629174e-08 0.00001466060 12.830199 0.231668 0.982321 6.109884 0.005210 1.000000 
6.109801 0.031832 0.271606 2.257929e-07 0.00001466060 12.830199 0.231668 0.942394 6.109884 0.005210 1.000000 
6.109801 0.031832 0.311532 1.534798e-08 0.00001466060 12.830199 0.231668 0.902468 6.109884 0.005210 1.000000 
6.132871 0.031952 0.231679 1.319375e-08 0.00001471596 12.807129 0.231548 0.982321 6.132954 0.005210 1.000000 
6.132871 0.031952 0.271606 1.825783e-07 0.00001471596 12.807129 0.231548 0.942394 6.132954 0.005210 1.000000 
6.132871 0.031952 0.311532 1.321094e-08 0.00001471596 12.807129 0.231548 0.902468 6.132954 0.005210 1.000000 
6.155941 0.032072 0.231679 1.545175e-08 0.00001477132 12.784059 0.231428 0.982321 6.156025 0.005210 1.000000 
6.155941 0.032072 0.271606 1.788499e-07 0.00001477132 12.784059 0.231428 0.942394 6.156025 0.005210 1.000000 
6.155941 0.032072 0.311532 2.208483e-08 0.00001477132 12.784059 0.231428 0.902468 6.156025 0.005210 1.000000 
6.179011 0.032193 0.231679 1.328536e-08 0.00001482667 12.760989 0.231307 0.982321 6.179095 0.005210 1.000000 
6.179011 0.032193 0.271606 1.905615e-07 0.00001482667 12.760989 0.231307 0.942394 6.179095 0.005210 1.000000 
6.179011 0.032193 0.311532 3.323861e-08 0.00001482667 12.760989 0.231307 0.902468 6.179095 0.005210 1.000000 
6.202081 0.032313 0.231679 8.889092e-09 0.00001488203 12.737919 0.231187 0.982321 6.202165 0.005210 1.000000 
6.202081 0.032313 0.271606 1.601123e-07 0.00001488203 12.737919 0.231187 0.942394 6.202165 0.005210 1.000000 
6.202081 0.032313 0.311532 3.559056e-08 0.00001488203 12.737919 0.231187 0.902468 6.202165 0.005210 1.000000 
6.225151 0.032433 0.231679 6.691807e-09 0.00001493739 12.714849 0.231067 0.982321 6.225236 0.005210 1.000000 
6.225151 0.032433 0.271606 1.494886e-07 0.00001493739 12.714849 0.231067 0.942394 6.225236 0.005210 1.000000 
6.225151 0.032433 0.311532 3.350192e-08 0.00001493739 12.714849 0.231067 0.902468 6.225236 0.005210 1.000000 
6.248221 0.032553 0.231679 8.959319e-09 0.00001499275 12.691779 0.230947 0.982321 6.248306 0.005210 1.000000 
6.248221 0.032553 0.271606 1.343755e-07 0.00001499275 12.691779 0.230947 0.942394 6.248306 0.005210 1.000000 
6.248221 0.032553 0.311532 4.034138e-08 0.00001499275 12.691779 0.230947 0.902468 6.248306 0.005210 1.000000 
6.271291 0.032673 0.231679 2.245897e-09 0.00001504810 12.668709 0.230827 0.982321 6.271377 0.005210 1.000000 
6.271291 0.032673 0.271606 9.216563e-08 0.00001504810 12.668709 0.230827 0.942394 6.271377 0.005210 1.000000 
6.271291 0.032673 0.311532 5.397983e-08 0.00001504810 12.668709 0.230827 0.902468 6.271377 0.005210 1.000000 
6.294362 0.032793 0.271606 8.799149e-08 0.00001510346 12.645638 0.230707 0.942394 6.294447 0.005210 1.000000 
6.294362 0.032793 0.311532 4.287789e-08 0.00001510346 12.645638 0.230707 0.902468 6.294447 0.005210 1.000000 
6.317432 0.032914 0.271606 7.926672e-08 0.00001515882 12.622568 0.230586 0.942394 6.317517 0.005210 1.000000 
6.317432 0.032914 0.311532 7.022040e-08 0.00001515882 12.622568 0.230586 0.902468 6.317517 0.005210 1.000000 
6.340502 0.033034 0.271606 9.091112e-08 0.00001521417 12.599498 0.230466 0.942394 6.340588 0.005210 1.000000 
6.340502 0.033034 0.311532 7.502868e-08 0.00001521417 12.599498 0.230466 0.902468 6.340588 0.005210 1.000000 
6.363572 0.033154 0.231679 2.280385e-09 0.00001526953 12.576428 0.230346 0.982321 6.363658 0.005210 1.000000 
6.363572 0.033154 0.271606 7.299115e-08 0.00001526953 12.576428 0.230346 0.942394 6.363658 0.005210 1.000000 
6.363572 0.033154 0.311532 6.843411e-08 0.00001526953 12.576428 0.230346 0.902468 6.363658 0.005210 1.000000 
6.386642 0.033274 0.271606 5.492465e-08 0.00001532489 12.553358 0.230226 0.942394 6.386728 0.005210 1.000000 
6.386642 0.033274 0.311532 7.101790e-08 0.00001532489 12.553358 0.230226 0.902468 6.386728 0.005210 1.000000 
6.409712 0.033394 0.271606 6.662904e-08 0.00001538025 12.530288 0.230106 0.942394 6.409799 0.005210 1.000000 
6.409712 0.033394 0.311532 5.745580e-08 0.00001538025 12.530288 0.230106 0.902468 6.409799 0.005210 1.000000 
6.432782 0.033515 0.271606 5.533965e-08 0.00001543560 12.507218 0.229985 0.942394 6.432869 0.005210 1.000000 
6.432782 0.033515 0.311532 1.037894e-07 0.00001543560 12.507218 0.229985 0.902468 6.432869 0.005210 1.000000 
6.455852 0.033635 0.271606 4.165112e-08 0.00001549096 12.484148 0.229865 0.942394 6.455940 0.005210 1.000000 
6.455852 0.033635 0.311532 8.336813e-08 0.00001549096 12.484148 0.229865 0.902468 6.455940 0.005210 1.000000 
6.478922 0.033755 0.271606 2.787295e-08 0.00001554632 12.461078 0.229745 0.942394 6.479010 0.005210 1.000000 
6.478922 0.033755 0.311532 9.758168e-08 0.00001554632 12.461078 0.229745 0.902468 6.479010 0.005210 1.000000 
6.501992 0.033875 0.271606 3.032452e-08 0.00001560167 12.438008 0.229625 0.942394 6.502080 0.005210 1.000000 
6.501992 0.033875 0.311532 8.394918e-08 0.00001560167 12.438008 0.229625 0.902468 6.502080 0.005210 1.000000 
6.525062 0.033995 0.271606 2.340946e-08 0.00001565703 12.414938 0.229505 0.942394 6.525151 0.005210 1.000000 
6.525062 0.033995 0.311532 7.961504e-08 0.00001565703 12.414938 0.229505 0.902468 6.525151 0.005210 1.000000 
6.548132 0.034116 0.271606 9.395364e-09 0.00001571239 12.391868 0.229384 0.942394 6.548221 0.005210 1.000000 
6.548132 0.034116 0.311532 1.174653e-07 0.00001571239 12.391868 0.229384 0.902468 6.548221 0.005210 1.000000 
6.571202 0.034236 0.271606 1.178968e-08 0.00001576775 12.368798 0.229264 0.942394 6.571292 0.005210 1.000000 
6.571202 0.034236 0.311532 8.723217e-08 0.00001576775 12.368798 0.229264 0.902468 6.571292 0.005210 1.000000 
6.594272 0.034356 0.271606 1.892592e-08 0.00001582310 12.345728 0.229144 0.942394 6.594362 0.005210 1.000000 
6.594272 0.034356 0.311532 7.577419e-08 0.00001582310 12.345728 0.229144 0.902468 6.594362 0.005210 1.000000 
6.617342 0.034476 0.271606 9.497085e-09 0.00001587846 12.322658 0.229024 0.942394 6.617432 0.005210 1.000000 
6.617342 0.034476 0.311532 8.314325e-08 0.00001587846 12.322658 0.229024 0.902468 6.617432 0.005210 1.000000 
6.640413 0.034596 0.271606 4.766332e-09 0.00001593382 12.299587 0.228904 0.942394 6.640503 0.005210 1.000000 
6.640413 0.034596 0.311532 4.054115e-08 0.00001593382 12.299587 0.228904 0.902468 6.640503 0.005210 1.000000 
6.663483 0.034717 0.271606 2.397379e-09 0.00001598917 12.276517 0.228783 0.942394 6.663573 0.005210 1.000000 
6.663483 0.034717 0.311532 8.857925e-08 0.00001598917 12.276517 0.228783 0.902468 6.663573 0.005210 1.000000 
6.686553 0.034837 0.271606 4.810801e-09 0.00001604453 12.253447 0.228663 0.942394 6.686643 0.005210 1.000000 
6.686553 0.034837 0.311532 6.486538e-08 0.00001604453 12.253447 0.228663 0.902468 6.686643 0.005210 1.000000 
6.709623 0.034957 0.271606 2.412089e-09 0.00001609989 12.230377 0.228543 0.942394 6.709714 0.005210 1.000000 
6.709623 0.034957 0.311532 5.546492e-08 0.00001609989 12.230377 0.228543 0.902468 6.709714 0.005210 1.000000 
6.732693 0.035077 0.271606 4.839026e-09 0.00001615525 12.207307 0.228423 0.942394 6.732784 0.005210 1.000000 
6.732693 0.035077 0.311532 7.263100e-08 0.00001615525 12.207307 0.228423 0.902468 6.732784 0.005210 1.000000 
6.732693 0.035077 0.351459 2.422773e-09 0.00001615525 12.207307 0.228423 0.862541 6.732784 0.005210 1.000000 
6.755763 0.035197 0.311532 4.131814e-08 0.00001621060 12.184237 0.228303 0.902468 6.755855 0.005210 1.000000 
6.778833 0.035318 0.311532 5.364557e-08 0.00001626596 12.161167 0.228182 0.902468 6.778925 0.005210 1.000000 
6.778833 0.035318 0.351459 2.441107e-09 0.00001626596 12.161167 0.228182 0.862541 6.778925 0.005210 1.000000 
6.801903 0.035438 0.311532 6.368630e-08 0.00001632132 12.138097 0.228062 0.902468 6.801995 0.005210 1.000000 
6.801903 0.035438 0.351459 2.453778e-09 0.00001632132 12.138097 0.228062 0.862541 6.801995 0.005210 1.000000 
6.824973 0.035558 0.271606 2.457885e-09 0.00001637667 12.115027 0.227942 0.942394 6.825066 0.005210 1.000000 
6.824973 0.035558 0.311532 3.686727e-08 0.00001637667 12.115027 0.227942 0.902468 6.825066 0.005210 1.000000 
6.824973 0.035558 0.351459 9.839152e-09 0.00001637667 12.115027 0.227942 0.862541 6.825066 0.005210 1.000000 
6.848043 0.035678 0.311532 3.698868e-08 0.00001643203 12.091957 0.227822 0.902468 6.848136 0.005210 1.000000 
6.848043 0.035678 0.351459 2.469703e-09 0.00001643203 12.091957 0.227822 0.862541 6.848136 0.005210 1.000000 
6.871113 0.035798 0.311532 1.486390e-08 0.00001648739 12.068887 0.227702 0.902468 6.871206 0.005210 1.000000 
6.871113 0.035798 0.351459 1.981933e-08 0.00001648739 12.068887 0.227702 0.862541 6.871206 0.005210 1.000000 
6.894183 0.035919 0.311532 1.988707e-08 0.00001654275 12.045817 0.227581 0.902468 6.894277 0.005210 1.000000 
6.894183 0.035919 0.351459 7.457280e-09 0.00001654275 12.045817 0.227581 0.862541 6.894277 0.005210 1.000000 
6.917253 0.036039 0.311532 1.248319e-08 0.00001659810 12.022747 0.227461 0.902468 6.917347 0.005210 1.000000 
6.917253 0.036039 0.351459 7.482047e-09 0.00001659810 12.022747 0.227461 0.862541 6.917347 0.005210 1.000000 
6.940323 0.036159 0.311532 1.252127e-08 0.00001665346 11.999677 0.227341 0.902468 6.940418 0.005210 1.000000 
6.940323 0.036159 0.351459 1.753618e-08 0.00001665346 11.999677 0.227341 0.862541 6.940418 0.005210 1.000000 
6.963393 0.036279 0.311532 1.759688e-08 0.00001670882 11.976607 0.227221 0.902468 6.963488 0.005210 1.000000 
6.963393 0.036279 0.351459 2.013268e-08 0.00001670882 11.976607 0.227221 0.862541 6.963488 0.005210 1.000000 
6.986464 0.036399 0.311532 2.523424e-09 0.00001676417 11.953536 0.227101 0.902468 6.986558 0.005210 1.000000 
6.986464 0.036399 0.351459 7.574708e-09 0.00001676417 11.953536 0.227101 0.862541 6.986558 0.005210 1.000000 
7.009534 0.036520 0.311532 1.773957e-08 0.00001681953 11.930466 0.226980 0.902468 7.009629 0.005210 1.000000 
7.009534 0.036520 0.351459 2.787376e-08 0.00001681953 11.930466 0.226980 0.862541 7.009629 0.005210 1.000000 
7.032604 0.036640 0.311532 5.093331e-09 0.00001687489 11.907396 0.226860 0.902468 7.032699 0.005210 1.000000 
7.032604 0.036640 0.351459 7.637617e-09 0.00001687489 11.907396 0.226860 0.862541 7.032699 0.005210 1.000000 
7.055674 0.036760 0.311532 1.021878e-08 0.00001693025 11.884326 0.226740 0.902468 7.055770 0.005210 1.000000 
7.055674 0.036760 0.351459 1.276958e-08 0.00001693025 11.884326 0.226740 0.862541 7.055770 0.005210 1.000000 
7.078744 0.036880 0.311532 2.567874e-09 0.00001698560 11.861256 0.226620 0.902468 7.078840 0.005210 1.000000 
7.078744 0.036880 0.351459 1.025761e-08 0.00001698560 11.861256 0.226620 0.862541 7.078840 0.005210 1.000000 
7.101814 0.037000 0.311532 2.571669e-09 0.00001704096 11.838186 0.226500 0.902468 7.101910 0.005210 1.000000 
7.101814 0.037000 0.351459 2.317419e-08 0.00001704096 11.838186 0.226500 0.862541 7.101910 0.005210 1.000000 
7.124884 0.037120 0.351459 1.550696e-08 0.00001709632 11.815116 0.226380 0.862541 7.124981 0.005210 1.000000 
7.147954 0.037241 0.351459 5.186794e-09 0.00001715167 11.792046 0.226259 0.862541 7.148051 0.005210 1.000000 
7.171024 0.037361 0.351459 2.606988e-09 0.00001720703 11.768976 0.226139 0.862541 7.171121 0.005210 1.000000 
7.194094 0.037481 0.351459 7.834851e-09 0.00001726239 11.745906 0.226019 0.862541 7.194192 0.005210 1.000000 
7.217164 0.037601 0.351459 2.629275e-09 0.00001731775 11.722836 0.225899 0.862541 7.217262 0.005210 1.000000 
7.240234 0.037721 0.351459 5.270986e-09 0.00001737310 11.699766 0.225779 0.862541 7.240333 0.005210 1.000000 
7.263304 0.037842 0.351459 2.650526e-09 0.00001742846 11.676696 0.225658 0.862541 7.263403 0.005210 1.000000 
7.286374 0.037962 0.351459 5.317216e-09 0.00001748382 11.653626 0.225538 0.862541 7.286473 0.005210 1.000000 
7.309445 0.038082 0.351459 8.003174e-09 0.00001753917 11.630555 0.225418 0.862541 7.309544 0.005210 1.000000 
7.332515 0.038202 0.351459 2.676537e-09 0.00001759453 11.607485 0.225298 0.862541 7.332614 0.005210 1.000000 
7.355585 0.038322 0.351459 2.690869e-09 0.00001764989 11.584415 0.225178 0.862541 7.355684 0.005210 1.000000 
7.378655 0.038443 0.351459 2.702671e-09 0.00001770525 11.561345 0.225057 0.862541 7.378755 0.005210 1.000000 
7.470935 0.038923 0.351459 2.739356e-09 0.00001792667 11.469065 0.224577 0.862541 7.471036 0.005210 1.000000 
4.010357 0.031341 0.032046 9.701738e-09 0.00000962310 14.929643 0.232159 1.181954 4.010479 0.007815 1.000000 
4.010357 0.031341 0.071973 2.006957e-07 0.00000962310 14.929643 0.232159 1.142027 4.010479 0.007815 1.000000 
4.010357 0.031341 0.111899 4.840298e-07 0.00000962310 14.929643 0.232159 1.102101 4.010479 0.007815 1.000000 
4.010357 0.031341 0.151826 3.821792e-07 0.00000962310 14.929643 0.232159 1.062174 4.010479 0.007815 1.000000 
4.033426 0.031521 0.032046 1.298759e-08 0.00000967846 14.906574 0.231979 1.181954 4.033550 0.007815 1.000000 
4.033426 0.031521 0.071973 1.671717e-07 0.00000967846 14.906574 0.231979 1.142027 4.033550 0.007815 1.000000 
4.033426 0.031521 0.111899 3.880945e-07 0.00000967846 14.906574 0.231979 1.102101 4.033550 0.007815 1.000000 
4.033426 0.031521 0.151826 4.564479e-07 0.00000967846 14.906574 0.231979 1.062174 4.033550 0.007815 1.000000 
4.056496 0.031702 0.032046 1.139841e-08 0.00000973382 14.883504 0.231798 1.181954 4.056620 0.007815 1.000000 
4.056496 0.031702 0.071973 1.449123e-07 0.00000973382 14.883504 0.231798 1.142027 4.056620 0.007815 1.000000 
4.056496 0.031702 0.111899 4.186001e-07 0.00000973382 14.883504 0.231798 1.102101 4.056620 0.007815 1.000000 
4.056496 0.031702 0.151826 3.715560e-07 0.00000973382 14.883504 0.231798 1.062174 4.056620 0.007815 1.000000 
4.056496 0.031702 0.191753 1.629242e-09 0.00000973382 14.883504 0.231798 1.022247 4.056620 0.007815 1.000000 
4.079566 0.031882 0.032046 4.897292e-09 0.00000978918 14.860434 0.231618 1.181954 4.079690 0.007815 1.000000 
4.079566 0.031882 0.071973 1.567949e-07 0.00000978918 14.860434 0.231618 1.142027 4.079690 0.007815 1.000000 
4.079566 0.031882 0.111899 4.477129e-07 0.00000978918 14.860434 0.231618 1.102101 4.079690 0.007815 1.000000 
4.079566 0.031882 0.151826 4.380679e-07 0.00000978918 14.860434 0.231618 1.062174 4.079690 0.007815 1.000000 
4.079566 0.031882 0.191753 3.271666e-09 0.00000978918 14.860434 0.231618 1.022247 4.079690 0.007815 1.000000 
4.102635 0.032062 0.032046 4.910079e-09 0.00000984453 14.837365 0.231438 1.181954 4.102761 0.007815 1.000000 
4.102635 0.032062 0.071973 1.359696e-07 0.00000984453 14.837365 0.231438 1.142027 4.102761 0.007815 1.000000 
4.102635 0.032062 0.111899 4.081151e-07 0.00000984453 14.837365 0.231438 1.102101 4.102761 0.007815 1.000000 
4.102635 0.032062 0.151826 4.853374e-07 0.00000984453 14.837365 0.231438 1.062174 4.102761 0.007815 1.000000 
4.102635 0.032062 0.191753 9.841480e-09 0.00000984453 14.837365 0.231438 1.022247 4.102761 0.007815 1.000000 
4.125705 0.032243 0.071973 1.249166e-07 0.00000989989 14.814295 0.231257 1.142027 4.125831 0.007815 1.000000 
4.125705 0.032243 0.111899 3.847081e-07 0.00000989989 14.814295 0.231257 1.102101 4.125831 0.007815 1.000000 
4.125705 0.032243 0.151826 4.604992e-07 0.00000989989 14.814295 0.231257 1.062174 4.125831 0.007815 1.000000 
4.125705 0.032243 0.191753 1.480485e-08 0.00000989989 14.814295 0.231257 1.022247 4.125831 0.007815 1.000000 
4.148775 0.032423 0.032046 6.594722e-09 0.00000995525 14.791225 0.231077 1.181954 4.148901 0.007815 1.000000 
4.148775 0.032423 0.071973 1.104517e-07 0.00000995525 14.791225 0.231077 1.142027 4.148901 0.007815 1.000000 
4.148775 0.032423 0.111899 4.057311e-07 0.00000995525 14.791225 0.231077 1.102101 4.148901 0.007815 1.000000 
4.148775 0.032423 0.151826 4.866909e-07 0.00000995525 14.791225 0.231077 1.062174 4.148901 0.007815 1.000000 
4.148775 0.032423 0.191753 1.815254e-08 0.00000995525 14.791225 0.231077 1.022247 4.148901 0.007815 1.000000 
4.171844 0.032603 0.032046 1.652080e-09 0.00001001060 14.768156 0.230897 1.181954 4.171972 0.007815 1.000000 
4.171844 0.032603 0.071973 9.921087e-08 0.00001001060 14.768156 0.230897 1.142027 4.171972 0.007815 1.000000 
4.171844 0.032603 0.111899 3.755272e-07 0.00001001060 14.768156 0.230897 1.102101 4.171972 0.007815 1.000000 
4.171844 0.032603 0.151826 4.782845e-07 0.00001001060 14.768156 0.230897 1.062174 4.171972 0.007815 1.000000 
4.171844 0.032603 0.191753 5.131438e-08 0.00001001060 14.768156 0.230897 1.022247 4.171972 0.007815 1.000000 
4.194914 0.032783 0.071973 8.129877e-08 0.00001006596 14.745086 0.230717 1.142027 4.195042 0.007815 1.000000 
4.194914 0.032783 0.111899 4.165135e-07 0.00001006596 14.745086 0.230717 1.102101 4.195042 0.007815 1.000000 
4.194914 0.032783 0.151826 4.565413e-07 0.00001006596 14.745086 0.230717 1.062174 4.195042 0.007815 1.000000 
4.194914 0.032783 0.191753 6.476149e-08 0.00001006596 14.745086 0.230717 1.022247 4.195042 0.007815 1.000000 
4.217984 0.032964 0.071973 8.487384e-08 0.00001012132 14.722016 0.230536 1.142027 4.218113 0.007815 1.000000 
4.217984 0.032964 0.111899 3.945183e-07 0.00001012132 14.722016 0.230536 1.102101 4.218113 0.007815 1.000000 
4.217984 0.032964 0.151826 4.662826e-07 0.00001012132 14.722016 0.230536 1.062174 4.218113 0.007815 1.000000 
4.217984 0.032964 0.191753 5.663823e-08 0.00001012132 14.722016 0.230536 1.022247 4.218113 0.007815 1.000000 
4.241053 0.033144 0.071973 6.343865e-08 0.00001017668 14.698947 0.230356 1.142027 4.241183 0.007815 1.000000 
4.241053 0.033144 0.111899 3.874217e-07 0.00001017668 14.698947 0.230356 1.102101 4.241183 0.007815 1.000000 
4.241053 0.033144 0.151826 4.577063e-07 0.00001017668 14.698947 0.230356 1.062174 4.241183 0.007815 1.000000 
4.241053 0.033144 0.191753 7.689424e-08 0.00001017668 14.698947 0.230356 1.022247 4.241183 0.007815 1.000000 
4.264123 0.033324 0.071973 6.193804e-08 0.00001023203 14.675877 0.230176 1.142027 4.264253 0.007815 1.000000 
4.264123 0.033324 0.111899 3.366964e-07 0.00001023203 14.675877 0.230176 1.102101 4.264253 0.007815 1.000000 
4.264123 0.033324 0.151826 4.759401e-07 0.00001023203 14.675877 0.230176 1.062174 4.264253 0.007815 1.000000 
4.264123 0.033324 0.191753 1.173192e-07 0.00001023203 14.675877 0.230176 1.022247 4.264253 0.007815 1.000000 
4.287193 0.033505 0.071973 5.373190e-08 0.00001028739 14.652807 0.229995 1.142027 4.287324 0.007815 1.000000 
4.287193 0.033505 0.111899 3.393956e-07 0.00001028739 14.652807 0.229995 1.102101 4.287324 0.007815 1.000000 
4.287193 0.033505 0.151826 4.875129e-07 0.00001028739 14.652807 0.229995 1.062174 4.287324 0.007815 1.000000 
4.287193 0.033505 0.191753 1.395413e-07 0.00001028739 14.652807 0.229995 1.022247 4.287324 0.007815 1.000000 
4.310263 0.033685 0.071973 8.425069e-08 0.00001034275 14.629737 0.229815 1.142027 4.310394 0.007815 1.000000 
4.310263 0.033685 0.111899 3.051281e-07 0.00001034275 14.629737 0.229815 1.102101 4.310394 0.007815 1.000000 
4.310263 0.033685 0.151826 4.738601e-07 0.00001034275 14.629737 0.229815 1.062174 4.310394 0.007815 1.000000 
4.310263 0.033685 0.191753 1.416842e-07 0.00001034275 14.629737 0.229815 1.022247 4.310394 0.007815 1.000000 
4.333332 0.033865 0.071973 3.719264e-08 0.00001039810 14.606668 0.229635 1.142027 4.333465 0.007815 1.000000 
4.333332 0.033865 0.111899 3.229968e-07 0.00001039810 14.606668 0.229635 1.102101 4.333465 0.007815 1.000000 
4.333332 0.033865 0.151826 4.854631e-07 0.00001039810 14.606668 0.229635 1.062174 4.333465 0.007815 1.000000 
4.333332 0.033865 0.191753 1.708924e-07 0.00001039810 14.606668 0.229635 1.022247 4.333465 0.007815 1.000000 
4.356402 0.034046 0.071973 4.238906e-08 0.00001045346 14.583598 0.229454 1.142027 4.356535 0.007815 1.000000 
4.356402 0.034046 0.111899 2.951621e-07 0.00001045346 14.583598 0.229454 1.102101 4.356535 0.007815 1.000000 
4.356402 0.034046 0.151826 5.209633e-07 0.00001045346 14.583598 0.229454 1.062174 4.356535 0.007815 1.000000 
4.356402 0.034046 0.191753 1.935021e-07 0.00001045346 14.583598 0.229454 1.022247 4.356535 0.007815 1.000000 
4.379472 0.034226 0.071973 4.932376e-08 0.00001050882 14.560528 0.229274 1.142027 4.379605 0.007815 1.000000 
4.379472 0.034226 0.111899 2.501253e-07 0.00001050882 14.560528 0.229274 1.102101 4.379605 0.007815 1.000000 
4.379472 0.034226 0.151826 4.919497e-07 0.00001050882 14.560528 0.229274 1.062174 4.379605 0.007815 1.000000 
4.379472 0.034226 0.191753 2.196085e-07 0.00001050882 14.560528 0.229274 1.022247 4.379605 0.007815 1.000000 
4.402541 0.034406 0.071973 3.242674e-08 0.00001056418 14.537459 0.229094 1.142027 4.402676 0.007815 1.000000 
4.402541 0.034406 0.111899 2.748221e-07 0.00001056418 14.537459 0.229094 1.102101 4.402676 0.007815 1.000000 
4.402541 0.034406 0.151826 4.234685e-07 0.00001056418 14.537459 0.229094 1.062174 4.402676 0.007815 1.000000 
4.402541 0.034406 0.191753 1.930477e-07 0.00001056418 14.537459 0.229094 1.022247 4.402676 0.007815 1.000000 
4.425611 0.034586 0.071973 1.883232e-08 0.00001061953 14.514389 0.228914 1.142027 4.425746 0.007815 1.000000 
4.425611 0.034586 0.111899 2.346182e-07 0.00001061953 14.514389 0.228914 1.102101 4.425746 0.007815 1.000000 
4.425611 0.034586 0.151826 4.727762e-07 0.00001061953 14.514389 0.228914 1.062174 4.425746 0.007815 1.000000 
4.425611 0.034586 0.191753 2.759004e-07 0.00001061953 14.514389 0.228914 1.022247 4.425746 0.007815 1.000000 
4.448681 0.034767 0.071973 1.372717e-08 0.00001067489 14.491319 0.228733 1.142027 4.448816 0.007815 1.000000 
4.448681 0.034767 0.111899 2.456322e-07 0.00001067489 14.491319 0.228733 1.102101 4.448816 0.007815 1.000000 
4.448681 0.034767 0.151826 4.811648e-07 0.00001067489 14.491319 0.228733 1.062174 4.448816 0.007815 1.000000 
4.448681 0.034767 0.191753 2.802199e-07 0.00001067489 14.491319 0.228733 1.022247 4.448816 0.007815 1.000000 
4.471750 0.034947 0.071973 1.723748e-08 0.00001073025 14.468250 0.228553 1.142027 4.471887 0.007815 1.000000 
4.471750 0.034947 0.111899 2.756974e-07 0.00001073025 14.468250 0.228553 1.102101 4.471887 0.007815 1.000000 
4.471750 0.034947 0.151826 4.637164e-07 0.00001073025 14.468250 0.228553 1.062174 4.471887 0.007815 1.000000 
4.471750 0.034947 0.191753 2.759241e-07 0.00001073025 14.468250 0.228553 1.022247 4.471887 0.007815 1.000000 
4.494820 0.035127 0.071973 1.382633e-08 0.00001078560 14.445180 0.228373 1.142027 4.494957 0.007815 1.000000 
4.494820 0.035127 0.111899 2.160994e-07 0.00001078560 14.445180 0.228373 1.102101 4.494957 0.007815 1.000000 
4.494820 0.035127 0.151826 4.340942e-07 0.00001078560 14.445180 0.228373 1.062174 4.494957 0.007815 1.000000 
4.494820 0.035127 0.191753 3.183215e-07 0.00001078560 14.445180 0.228373 1.022247 4.494957 0.007815 1.000000 
4.517890 0.035308 0.071973 6.931478e-09 0.00001084096 14.422110 0.228192 1.142027 4.518028 0.007815 1.000000 
4.517890 0.035308 0.111899 1.820863e-07 0.00001084096 14.422110 0.228192 1.102101 4.518028 0.007815 1.000000 
4.517890 0.035308 0.151826 4.597393e-07 0.00001084096 14.422110 0.228192 1.062174 4.518028 0.007815 1.000000 
4.517890 0.035308 0.191753 3.071596e-07 0.00001084096 14.422110 0.228192 1.022247 4.518028 0.007815 1.000000 
4.540959 0.035488 0.071973 1.739292e-08 0.00001089632 14.399041 0.228012 1.142027 4.541098 0.007815 1.000000 
4.540959 0.035488 0.111899 1.600525e-07 0.00001089632 14.399041 0.228012 1.102101 4.541098 0.007815 1.000000 
4.540959 0.035488 0.151826 4.246411e-07 0.00001089632 14.399041 0.228012 1.062174 4.541098 0.007815 1.000000 
4.540959 0.035488 0.191753 3.743144e-07 0.00001089632 14.399041 0.228012 1.022247 4.541098 0.007815 1.000000 
4.564029 0.035668 0.071973 6.977737e-09 0.00001095168 14.375971 0.227832 1.142027 4.564168 0.007815 1.000000 
4.564029 0.035668 0.111899 1.692845e-07 0.00001095168 14.375971 0.227832 1.102101 4.564168 0.007815 1.000000 
4.564029 0.035668 0.151826 4.330345e-07 0.00001095168 14.375971 0.227832 1.062174 4.564168 0.007815 1.000000 
4.564029 0.035668 0.191753 3.702810e-07 0.00001095168 14.375971 0.227832 1.022247 4.564168 0.007815 1.000000 
4.587099 0.035848 0.071973 6.999453e-09 0.00001100703 14.352901 0.227652 1.142027 4.587239 0.007815 1.000000 
4.587099 0.035848 0.111899 1.698222e-07 0.00001100703 14.352901 0.227652 1.102101 4.587239 0.007815 1.000000 
4.587099 0.035848 0.151826 4.361398e-07 0.00001100703 14.352901 0.227652 1.062174 4.587239 0.007815 1.000000 
4.587099 0.035848 0.191753 3.995097e-07 0.00001100703 14.352901 0.227652 1.022247 4.587239 0.007815 1.000000 
4.610168 0.036029 0.111899 1.123971e-07 0.00001106239 14.329832 0.227471 1.102101 4.610309 0.007815 1.000000 
4.610168 0.036029 0.151826 4.270288e-07 0.00001106239 14.329832 0.227471 1.062174 4.610309 0.007815 1.000000 
4.610168 0.036029 0.191753 4.166288e-07 0.00001106239 14.329832 0.227471 1.022247 4.610309 0.007815 1.000000 
4.633238 0.036209 0.071973 1.760222e-09 0.00001111775 14.306762 0.227291 1.142027 4.633379 0.007815 1.000000 
4.633238 0.036209 0.111899 1.074877e-07 0.00001111775 14.306762 0.227291 1.102101 4.633379 0.007815 1.000000 
4.633238 0.036209 0.151826 3.825291e-07 0.00001111775 14.306762 0.227291 1.062174 4.633379 0.007815 1.000000 
4.633238 0.036209 0.191753 4.708475e-07 0.00001111775 14.306762 0.227291 1.022247 4.633379 0.007815 1.000000 
4.656308 0.036389 0.071973 3.531917e-09 0.00001117310 14.283692 0.227111 1.142027 4.656450 0.007815 1.000000 
4.656308 0.036389 0.111899 1.219914e-07 0.00001117310 14.283692 0.227111 1.102101 4.656450 0.007815 1.000000 
4.656308 0.036389 0.151826 4.173479e-07 0.00001117310 14.283692 0.227111 1.062174 4.656450 0.007815 1.000000 
4.656308 0.036389 0.191753 4.493544e-07 0.00001117310 14.283692 0.227111 1.022247 4.656450 0.007815 1.000000 
4.656308 0.036389 0.231679 1.769280e-09 0.00001117310 14.283692 0.227111 0.982321 4.656450 0.007815 1.000000 
4.679377 0.036570 0.071973 1.773343e-09 0.00001122846 14.260623 0.226930 1.142027 4.679520 0.007815 1.000000 
4.679377 0.036570 0.111899 9.399213e-08 0.00001122846 14.260623 0.226930 1.102101 4.679520 0.007815 1.000000 
4.679377 0.036570 0.151826 4.009825e-07 0.00001122846 14.260623 0.226930 1.062174 4.679520 0.007815 1.000000 
4.679377 0.036570 0.191753 4.277304e-07 0.00001122846 14.260623 0.226930 1.022247 4.679520 0.007815 1.000000 
4.679377 0.036570 0.231679 3.549660e-09 0.00001122846 14.260623 0.226930 0.982321 4.679520 0.007815 1.000000 
4.702447 0.036750 0.111899 7.117160e-08 0.00001128382 14.237553 0.226750 1.102101 4.702591 0.007815 1.000000 
4.702447 0.036750 0.151826 4.360816e-07 0.00001128382 14.237553 0.226750 1.062174 4.702591 0.007815 1.000000 
4.702447 0.036750 0.191753 4.825920e-07 0.00001128382 14.237553 0.226750 1.022247 4.702591 0.007815 1.000000 
4.702447 0.036750 0.231679 1.425308e-08 0.00001128382 14.237553 0.226750 0.982321 4.702591 0.007815 1.000000 
4.725517 0.036930 0.111899 6.781119e-08 0.00001133918 14.214483 0.226570 1.102101 4.725661 0.007815 1.000000 
4.725517 0.036930 0.151826 3.981781e-07 0.00001133918 14.214483 0.226570 1.062174 4.725661 0.007815 1.000000 
4.725517 0.036930 0.191753 4.698256e-07 0.00001133918 14.214483 0.226570 1.022247 4.725661 0.007815 1.000000 
4.725517 0.036930 0.231679 2.143714e-08 0.00001133918 14.214483 0.226570 0.982321 4.725661 0.007815 1.000000 
4.748586 0.037110 0.111899 6.087625e-08 0.00001139453 14.191414 0.226390 1.102101 4.748731 0.007815 1.000000 
4.748586 0.037110 0.151826 3.690197e-07 0.00001139453 14.191414 0.226390 1.062174 4.748731 0.007815 1.000000 
4.748586 0.037110 0.191753 5.107504e-07 0.00001139453 14.191414 0.226390 1.022247 4.748731 0.007815 1.000000 
4.748586 0.037110 0.231679 2.689021e-08 0.00001139453 14.191414 0.226390 0.982321 4.748731 0.007815 1.000000 
4.771656 0.037291 0.111899 7.184088e-08 0.00001144989 14.168344 0.226209 1.102101 4.771802 0.007815 1.000000 
4.771656 0.037291 0.151826 3.558961e-07 0.00001144989 14.168344 0.226209 1.062174 4.771802 0.007815 1.000000 
4.771656 0.037291 0.191753 4.980178e-07 0.00001144989 14.168344 0.226209 1.022247 4.771802 0.007815 1.000000 
4.771656 0.037291 0.231679 5.753848e-08 0.00001144989 14.168344 0.226209 0.982321 4.771802 0.007815 1.000000 
4.794726 0.037471 0.111899 5.406993e-08 0.00001150525 14.145274 0.226029 1.102101 4.794872 0.007815 1.000000 
4.794726 0.037471 0.151826 3.119479e-07 0.00001150525 14.145274 0.226029 1.062174 4.794872 0.007815 1.000000 
4.794726 0.037471 0.191753 5.032502e-07 0.00001150525 14.145274 0.226029 1.022247 4.794872 0.007815 1.000000 
4.794726 0.037471 0.231679 5.411879e-08 0.00001150525 14.145274 0.226029 0.982321 4.794872 0.007815 1.000000 
4.817795 0.037651 0.111899 4.701772e-08 0.00001156060 14.122205 0.225849 1.102101 4.817943 0.007815 1.000000 
4.817795 0.037651 0.151826 3.274273e-07 0.00001156060 14.122205 0.225849 1.062174 4.817943 0.007815 1.000000 
4.817795 0.037651 0.191753 5.212187e-07 0.00001156060 14.122205 0.225849 1.022247 4.817943 0.007815 1.000000 
4.817795 0.037651 0.231679 9.050637e-08 0.00001156060 14.122205 0.225849 0.982321 4.817943 0.007815 1.000000 
4.840865 0.037832 0.111899 4.535465e-08 0.00001161596 14.099135 0.225668 1.102101 4.841013 0.007815 1.000000 
4.840865 0.037832 0.151826 3.375697e-07 0.00001161596 14.099135 0.225668 1.062174 4.841013 0.007815 1.000000 
4.840865 0.037832 0.191753 5.138072e-07 0.00001161596 14.099135 0.225668 1.022247 4.841013 0.007815 1.000000 
4.840865 0.037832 0.231679 9.625102e-08 0.00001161596 14.099135 0.225668 0.982321 4.841013 0.007815 1.000000 
4.863935 0.038012 0.111899 4.913589e-08 0.00001167132 14.076065 0.225488 1.102101 4.864083 0.007815 1.000000 
4.863935 0.038012 0.151826 2.986247e-07 0.00001167132 14.076065 0.225488 1.062174 4.864083 0.007815 1.000000 
4.863935 0.038012 0.191753 5.081967e-07 0.00001167132 14.076065 0.225488 1.022247 4.864083 0.007815 1.000000 
4.863935 0.038012 0.231679 1.111549e-07 0.00001167132 14.076065 0.225488 0.982321 4.864083 0.007815 1.000000 
4.887004 0.038192 0.111899 3.286021e-08 0.00001172667 14.052996 0.225308 1.102101 4.887154 0.007815 1.000000 
4.887004 0.038192 0.151826 2.703644e-07 0.00001172667 14.052996 0.225308 1.062174 4.887154 0.007815 1.000000 
4.887004 0.038192 0.191753 5.372964e-07 0.00001172667 14.052996 0.225308 1.022247 4.887154 0.007815 1.000000 
4.887004 0.038192 0.231679 1.316130e-07 0.00001172667 14.052996 0.225308 0.982321 4.887154 0.007815 1.000000 
4.910074 0.038372 0.111899 3.297195e-08 0.00001178203 14.029926 0.225128 1.102101 4.910224 0.007815 1.000000 
4.910074 0.038372 0.151826 2.180611e-07 0.00001178203 14.029926 0.225128 1.062174 4.910224 0.007815 1.000000 
4.910074 0.038372 0.191753 4.711776e-07 0.00001178203 14.029926 0.225128 1.022247 4.910224 0.007815 1.000000 
4.910074 0.038372 0.231679 1.999101e-07 0.00001178203 14.029926 0.225128 0.982321 4.910224 0.007815 1.000000 
4.933144 0.038553 0.111899 2.022215e-08 0.00001183739 14.006856 0.224947 1.102101 4.933294 0.007815 1.000000 
4.933144 0.038553 0.151826 2.445466e-07 0.00001183739 14.006856 0.224947 1.062174 4.933294 0.007815 1.000000 
4.933144 0.038553 0.191753 5.297200e-07 0.00001183739 14.006856 0.224947 1.022247 4.933294 0.007815 1.000000 
4.933144 0.038553 0.231679 2.060930e-07 0.00001183739 14.006856 0.224947 0.982321 4.933294 0.007815 1.000000 
4.956213 0.038733 0.111899 1.842858e-08 0.00001189275 13.983787 0.224767 1.102101 4.956365 0.007815 1.000000 
4.956213 0.038733 0.151826 1.937036e-07 0.00001189275 13.983787 0.224767 1.062174 4.956365 0.007815 1.000000 
4.956213 0.038733 0.191753 5.370237e-07 0.00001189275 13.983787 0.224767 1.022247 4.956365 0.007815 1.000000 
4.956213 0.038733 0.231679 1.993849e-07 0.00001189275 13.983787 0.224767 0.982321 4.956365 0.007815 1.000000 
4.979283 0.038913 0.111899 1.294756e-08 0.00001194810 13.960717 0.224587 1.102101 4.979435 0.007815 1.000000 
4.979283 0.038913 0.151826 2.405891e-07 0.00001194810 13.960717 0.224587 1.062174 4.979435 0.007815 1.000000 
4.979283 0.038913 0.191753 5.258495e-07 0.00001194810 13.960717 0.224587 1.022247 4.979435 0.007815 1.000000 
4.979283 0.038913 0.231679 2.389077e-07 0.00001194810 13.960717 0.224587 0.982321 4.979435 0.007815 1.000000 
5.002353 0.039094 0.111899 1.113758e-08 0.00001200346 13.937647 0.224406 1.102101 5.002506 0.007815 1.000000 
5.002353 0.039094 0.151826 1.968510e-07 0.00001200346 13.937647 0.224406 1.062174 5.002506 0.007815 1.000000 
5.002353 0.039094 0.191753 4.941257e-07 0.00001200346 13.937647 0.224406 1.022247 5.002506 0.007815 1.000000 
5.002353 0.039094 0.231679 2.434403e-07 0.00001200346 13.937647 0.224406 0.982321 5.002506 0.007815 1.000000 
5.025423 0.039274 0.111899 5.587629e-09 0.00001205882 13.914577 0.224226 1.102101 5.025576 0.007815 1.000000 
5.025423 0.039274 0.151826 1.937633e-07 0.00001205882 13.914577 0.224226 1.062174 5.025576 0.007815 1.000000 
5.025423 0.039274 0.191753 5.106663e-07 0.00001205882 13.914577 0.224226 1.022247 5.025576 0.007815 1.000000 
5.025423 0.039274 0.231679 2.871249e-07 0.00001205882 13.914577 0.224226 0.982321 5.025576 0.007815 1.000000 
5.048492 0.039454 0.111899 3.741103e-09 0.00001211417 13.891508 0.224046 1.102101 5.048646 0.007815 1.000000 
5.048492 0.039454 0.151826 1.645037e-07 0.00001211417 13.891508 0.224046 1.062174 5.048646 0.007815 1.000000 
5.048492 0.039454 0.191753 4.693248e-07 0.00001211417 13.891508 0.224046 1.022247 5.048646 0.007815 1.000000 
5.048492 0.039454 0.231679 3.385687e-07 0.00001211417 13.891508 0.224046 0.982321 5.048646 0.007815 1.000000 
5.071562 0.039635 0.111899 3.745881e-09 0.00001216953 13.868438 0.223865 1.102101 5.071717 0.007815 1.000000 
5.071562 0.039635 0.151826 1.369220e-07 0.00001216953 13.868438 0.223865 1.062174 5.071717 0.007815 1.000000 
5.071562 0.039635 0.191753 4.765132e-07 0.00001216953 13.868438 0.223865 1.022247 5.071717 0.007815 1.000000 
5.071562 0.039635 0.231679 3.021577e-07 0.00001216953 13.868438 0.223865 0.982321 5.071717 0.007815 1.000000 
5.094632 0.039815 0.111899 3.757667e-09 0.00001222489 13.845368 0.223685 1.102101 5.094787 0.007815 1.000000 
5.094632 0.039815 0.151826 1.430213e-07 0.00001222489 13.845368 0.223685 1.062174 5.094787 0.007815 1.000000 
5.094632 0.039815 0.191753 3.877809e-07 0.00001222489 13.845368 0.223685 1.022247 5.094787 0.007815 1.000000 
5.094632 0.039815 0.231679 3.389503e-07 0.00001222489 13.845368 0.223685 0.982321 5.094787 0.007815 1.000000 
5.117701 0.039995 0.111899 1.887147e-09 0.00001228025 13.822299 0.223505 1.102101 5.117857 0.007815 1.000000 
5.117701 0.039995 0.151826 1.246028e-07 0.00001228025 13.822299 0.223505 1.062174 5.117857 0.007815 1.000000 
5.117701 0.039995 0.191753 4.702468e-07 0.00001228025 13.822299 0.223505 1.022247 5.117857 0.007815 1.000000 
5.117701 0.039995 0.231679 3.306040e-07 0.00001228025 13.822299 0.223505 0.982321 5.117857 0.007815 1.000000 
5.140771 0.040175 0.111899 1.891100e-09 0.00001233560 13.799229 0.223325 1.102101 5.140928 0.007815 1.000000 
5.140771 0.040175 0.151826 1.098524e-07 0.00001233560 13.799229 0.223325 1.062174 5.140928 0.007815 1.000000 
5.140771 0.040175 0.191753 4.358139e-07 0.00001233560 13.799229 0.223325 1.022247 5.140928 0.007815 1.000000 
5.140771 0.040175 0.231679 3.430982e-07 0.00001233560 13.799229 0.223325 0.982321 5.140928 0.007815 1.000000 
5.163841 0.040356 0.151826 1.254480e-07 0.00001239096 13.776159 0.223144 1.062174 5.163998 0.007815 1.000000 
5.163841 0.040356 0.191753 4.373128e-07 0.00001239096 13.776159 0.223144 1.022247 5.163998 0.007815 1.000000 
5.163841 0.040356 0.231679 3.518639e-07 0.00001239096 13.776159 0.223144 0.982321 5.163998 0.007815 1.000000 
5.186910 0.040536 0.151826 8.391593e-08 0.00001244632 13.753090 0.222964 1.062174 5.187069 0.007815 1.000000 
5.186910 0.040536 0.191753 3.815036e-07 0.00001244632 13.753090 0.222964 1.022247 5.187069 0.007815 1.000000 
5.186910 0.040536 0.231679 3.339221e-07 0.00001244632 13.753090 0.222964 0.982321 5.187069 0.007815 1.000000 
5.209980 0.040716 0.151826 8.034952e-08 0.00001250167 13.730020 0.222784 1.062174 5.210139 0.007815 1.000000 
5.209980 0.040716 0.191753 3.866542e-07 0.00001250167 13.730020 0.222784 1.022247 5.210139 0.007815 1.000000 
5.209980 0.040716 0.231679 4.269918e-07 0.00001250167 13.730020 0.222784 0.982321 5.210139 0.007815 1.000000 
5.233050 0.040897 0.151826 7.103749e-08 0.00001255703 13.706950 0.222603 1.062174 5.233209 0.007815 1.000000 
5.233050 0.040897 0.191753 3.802420e-07 0.00001255703 13.706950 0.222603 1.022247 5.233209 0.007815 1.000000 
5.233050 0.040897 0.231679 4.457018e-07 0.00001255703 13.706950 0.222603 0.982321 5.233209 0.007815 1.000000 
5.233050 0.040897 0.271606 1.923539e-09 0.00001255703 13.706950 0.222603 0.942394 5.233209 0.007815 1.000000 
5.256119 0.041077 0.151826 5.392876e-08 0.00001261239 13.683881 0.222423 1.062174 5.256280 0.007815 1.000000 
5.256119 0.041077 0.191753 3.487938e-07 0.00001261239 13.683881 0.222423 1.022247 5.256280 0.007815 1.000000 
5.256119 0.041077 0.231679 4.876887e-07 0.00001261239 13.683881 0.222423 0.982321 5.256280 0.007815 1.000000 
5.256119 0.041077 0.271606 1.925581e-09 0.00001261239 13.683881 0.222423 0.942394 5.256280 0.007815 1.000000 
5.279189 0.041257 0.151826 4.638321e-08 0.00001266775 13.660811 0.222243 1.062174 5.279350 0.007815 1.000000 
5.279189 0.041257 0.191753 3.499323e-07 0.00001266775 13.660811 0.222243 1.022247 5.279350 0.007815 1.000000 
5.279189 0.041257 0.231679 5.163938e-07 0.00001266775 13.660811 0.222243 0.982321 5.279350 0.007815 1.000000 
5.279189 0.041257 0.271606 3.867572e-09 0.00001266775 13.660811 0.222243 0.942394 5.279350 0.007815 1.000000 
5.302259 0.041437 0.151826 4.265501e-08 0.00001272310 13.637741 0.222063 1.062174 5.302421 0.007815 1.000000 
5.302259 0.041437 0.191753 3.608097e-07 0.00001272310 13.637741 0.222063 1.022247 5.302421 0.007815 1.000000 
5.302259 0.041437 0.231679 4.657186e-07 0.00001272310 13.637741 0.222063 0.982321 5.302421 0.007815 1.000000 
5.302259 0.041437 0.271606 9.708747e-09 0.00001272310 13.637741 0.222063 0.942394 5.302421 0.007815 1.000000 
5.325328 0.041618 0.151826 4.280960e-08 0.00001277846 13.614672 0.221882 1.062174 5.325491 0.007815 1.000000 
5.325328 0.041618 0.191753 2.939156e-07 0.00001277846 13.614672 0.221882 1.022247 5.325491 0.007815 1.000000 
5.325328 0.041618 0.231679 5.686082e-07 0.00001277846 13.614672 0.221882 0.982321 5.325491 0.007815 1.000000 
5.325328 0.041618 0.271606 1.558457e-08 0.00001277846 13.614672 0.221882 0.942394 5.325491 0.007815 1.000000 
5.348398 0.041798 0.151826 3.513003e-08 0.00001283382 13.591602 0.221702 1.062174 5.348561 0.007815 1.000000 
5.348398 0.041798 0.191753 2.909716e-07 0.00001283382 13.591602 0.221702 1.022247 5.348561 0.007815 1.000000 
5.348398 0.041798 0.231679 5.412056e-07 0.00001283382 13.591602 0.221702 0.982321 5.348561 0.007815 1.000000 
5.348398 0.041798 0.271606 4.494743e-08 0.00001283382 13.591602 0.221702 0.942394 5.348561 0.007815 1.000000 
5.371468 0.041978 0.151826 3.916649e-08 0.00001288917 13.568532 0.221522 1.062174 5.371632 0.007815 1.000000 
5.371468 0.041978 0.191753 2.900343e-07 0.00001288917 13.568532 0.221522 1.022247 5.371632 0.007815 1.000000 
5.371468 0.041978 0.231679 5.234233e-07 0.00001288917 13.568532 0.221522 0.982321 5.371632 0.007815 1.000000 
5.371468 0.041978 0.271606 7.449053e-08 0.00001288917 13.568532 0.221522 0.942394 5.371632 0.007815 1.000000 
5.394537 0.042159 0.151826 2.554182e-08 0.00001294453 13.545463 0.221341 1.062174 5.394702 0.007815 1.000000 
5.394537 0.042159 0.191753 2.418231e-07 0.00001294453 13.545463 0.221341 1.022247 5.394702 0.007815 1.000000 
5.394537 0.042159 0.231679 5.467650e-07 0.00001294453 13.545463 0.221341 0.982321 5.394702 0.007815 1.000000 
5.394537 0.042159 0.271606 6.494438e-08 0.00001294453 13.545463 0.221341 0.942394 5.394702 0.007815 1.000000 
5.417607 0.042339 0.151826 1.971476e-08 0.00001299989 13.522393 0.221161 1.062174 5.417772 0.007815 1.000000 
5.417607 0.042339 0.191753 2.367594e-07 0.00001299989 13.522393 0.221161 1.022247 5.417772 0.007815 1.000000 
5.417607 0.042339 0.231679 5.052666e-07 0.00001299989 13.522393 0.221161 0.982321 5.417772 0.007815 1.000000 
5.417607 0.042339 0.271606 8.887177e-08 0.00001299989 13.522393 0.221161 0.942394 5.417772 0.007815 1.000000 
5.440677 0.042519 0.151826 1.384928e-08 0.00001305525 13.499323 0.220981 1.062174 5.440843 0.007815 1.000000 
5.440677 0.042519 0.191753 2.256868e-07 0.00001305525 13.499323 0.220981 1.022247 5.440843 0.007815 1.000000 
5.440677 0.042519 0.231679 5.148930e-07 0.00001305525 13.499323 0.220981 0.982321 5.440843 0.007815 1.000000 
5.440677 0.042519 0.271606 1.069542e-07 0.00001305525 13.499323 0.220981 0.942394 5.440843 0.007815 1.000000 
5.463746 0.042699 0.151826 7.941022e-09 0.00001311060 13.476254 0.220801 1.062174 5.463913 0.007815 1.000000 
5.463746 0.042699 0.191753 2.184689e-07 0.00001311060 13.476254 0.220801 1.022247 5.463913 0.007815 1.000000 
5.463746 0.042699 0.231679 5.484566e-07 0.00001311060 13.476254 0.220801 0.982321 5.463913 0.007815 1.000000 
5.463746 0.042699 0.271606 1.451242e-07 0.00001311060 13.476254 0.220801 0.942394 5.463913 0.007815 1.000000 
5.486816 0.042880 0.151826 3.984985e-09 0.00001316596 13.453184 0.220620 1.062174 5.486984 0.007815 1.000000 
5.486816 0.042880 0.191753 1.973418e-07 0.00001316596 13.453184 0.220620 1.022247 5.486984 0.007815 1.000000 
5.486816 0.042880 0.231679 5.404119e-07 0.00001316596 13.453184 0.220620 0.982321 5.486984 0.007815 1.000000 
5.486816 0.042880 0.271606 1.475893e-07 0.00001316596 13.453184 0.220620 0.942394 5.486984 0.007815 1.000000 
5.509886 0.043060 0.151826 3.992680e-09 0.00001322132 13.430114 0.220440 1.062174 5.510054 0.007815 1.000000 
5.509886 0.043060 0.191753 2.119666e-07 0.00001322132 13.430114 0.220440 1.022247 5.510054 0.007815 1.000000 
5.509886 0.043060 0.231679 4.362120e-07 0.00001322132 13.430114 0.220440 0.982321 5.510054 0.007815 1.000000 
5.509886 0.043060 0.271606 1.821305e-07 0.00001322132 13.430114 0.220440 0.942394 5.510054 0.007815 1.000000 
5.532955 0.043240 0.151826 1.003159e-08 0.00001327667 13.407045 0.220260 1.062174 5.533124 0.007815 1.000000 
5.532955 0.043240 0.191753 1.726002e-07 0.00001327667 13.407045 0.220260 1.022247 5.533124 0.007815 1.000000 
5.532955 0.043240 0.231679 4.818194e-07 0.00001327667 13.407045 0.220260 0.982321 5.533124 0.007815 1.000000 
5.532955 0.043240 0.271606 1.847531e-07 0.00001327667 13.407045 0.220260 0.942394 5.533124 0.007815 1.000000 
5.556025 0.043421 0.151826 2.012718e-09 0.00001333203 13.383975 0.220079 1.062174 5.556195 0.007815 1.000000 
5.556025 0.043421 0.191753 1.369456e-07 0.00001333203 13.383975 0.220079 1.022247 5.556195 0.007815 1.000000 
5.556025 0.043421 0.231679 4.331387e-07 0.00001333203 13.383975 0.220079 0.982321 5.556195 0.007815 1.000000 
5.556025 0.043421 0.271606 1.732791e-07 0.00001333203 13.383975 0.220079 0.942394 5.556195 0.007815 1.000000 
5.579095 0.043601 0.191753 1.374202e-07 0.00001338739 13.360905 0.219899 1.022247 5.579265 0.007815 1.000000 
5.579095 0.043601 0.231679 4.730421e-07 0.00001338739 13.360905 0.219899 0.982321 5.579265 0.007815 1.000000 
5.579095 0.043601 0.271606 2.386199e-07 0.00001338739 13.360905 0.219899 0.942394 5.579265 0.007815 1.000000 
5.602164 0.043781 0.191753 1.297748e-07 0.00001344275 13.337836 0.219719 1.022247 5.602335 0.007815 1.000000 
5.602164 0.043781 0.231679 4.219258e-07 0.00001344275 13.337836 0.219719 0.982321 5.602335 0.007815 1.000000 
5.602164 0.043781 0.271606 2.252213e-07 0.00001344275 13.337836 0.219719 0.942394 5.602335 0.007815 1.000000 
5.625234 0.043962 0.191753 8.951758e-08 0.00001349810 13.314766 0.219538 1.022247 5.625406 0.007815 1.000000 
5.625234 0.043962 0.231679 4.986864e-07 0.00001349810 13.314766 0.219538 0.982321 5.625406 0.007815 1.000000 
5.625234 0.043962 0.271606 2.768679e-07 0.00001349810 13.314766 0.219538 0.942394 5.625406 0.007815 1.000000 
5.648304 0.044142 0.191753 1.163700e-07 0.00001355346 13.291696 0.219358 1.022247 5.648476 0.007815 1.000000 
5.648304 0.044142 0.231679 4.717952e-07 0.00001355346 13.291696 0.219358 0.982321 5.648476 0.007815 1.000000 
5.648304 0.044142 0.271606 3.309615e-07 0.00001355346 13.291696 0.219358 0.942394 5.648476 0.007815 1.000000 
5.671373 0.044322 0.191753 8.193174e-08 0.00001360882 13.268627 0.219178 1.022247 5.671547 0.007815 1.000000 
5.671373 0.044322 0.231679 3.914733e-07 0.00001360882 13.268627 0.219178 0.982321 5.671547 0.007815 1.000000 
5.671373 0.044322 0.271606 2.890374e-07 0.00001360882 13.268627 0.219178 0.942394 5.671547 0.007815 1.000000 
5.694443 0.044502 0.191753 6.578538e-08 0.00001366417 13.245557 0.218998 1.022247 5.694617 0.007815 1.000000 
5.694443 0.044502 0.231679 3.845889e-07 0.00001366417 13.245557 0.218998 0.982321 5.694617 0.007815 1.000000 
5.694443 0.044502 0.271606 3.498051e-07 0.00001366417 13.245557 0.218998 0.942394 5.694617 0.007815 1.000000 
5.717513 0.044683 0.191753 6.190002e-08 0.00001371953 13.222487 0.218817 1.022247 5.717687 0.007815 1.000000 
5.717513 0.044683 0.231679 4.189804e-07 0.00001371953 13.222487 0.218817 0.982321 5.717687 0.007815 1.000000 
5.717513 0.044683 0.271606 3.282501e-07 0.00001371953 13.222487 0.218817 0.942394 5.717687 0.007815 1.000000 
5.740582 0.044863 0.191753 6.210803e-08 0.00001377489 13.199418 0.218637 1.022247 5.740758 0.007815 1.000000 
5.740582 0.044863 0.231679 3.665320e-07 0.00001377489 13.199418 0.218637 0.982321 5.740758 0.007815 1.000000 
5.740582 0.044863 0.271606 3.397545e-07 0.00001377489 13.199418 0.218637 0.942394 5.740758 0.007815 1.000000 
5.763652 0.045043 0.191753 3.531705e-08 0.00001383025 13.176348 0.218457 1.022247 5.763828 0.007815 1.000000 
5.763652 0.045043 0.231679 3.512508e-07 0.00001383025 13.176348 0.218457 0.982321 5.763828 0.007815 1.000000 
5.763652 0.045043 0.271606 4.303247e-07 0.00001383025 13.176348 0.218457 0.942394 5.763828 0.007815 1.000000 
5.786722 0.045224 0.191753 4.793892e-08 0.00001388560 13.153278 0.218276 1.022247 5.786899 0.007815 1.000000 
5.786722 0.045224 0.231679 3.649711e-07 0.00001388560 13.153278 0.218276 0.982321 5.786899 0.007815 1.000000 
5.786722 0.045224 0.271606 3.672056e-07 0.00001388560 13.153278 0.218276 0.942394 5.786899 0.007815 1.000000 
5.809792 0.045404 0.191753 4.392101e-08 0.00001394096 13.130208 0.218096 1.022247 5.809969 0.007815 1.000000 
5.809792 0.045404 0.231679 3.431804e-07 0.00001394096 13.130208 0.218096 0.982321 5.809969 0.007815 1.000000 
5.809792 0.045404 0.271606 4.710060e-07 0.00001394096 13.130208 0.218096 0.942394 5.809969 0.007815 1.000000 
5.832861 0.045584 0.191753 1.469051e-08 0.00001399632 13.107139 0.217916 1.022247 5.833039 0.007815 1.000000 
5.832861 0.045584 0.231679 3.024488e-07 0.00001399632 13.107139 0.217916 0.982321 5.833039 0.007815 1.000000 
5.832861 0.045584 0.271606 4.474893e-07 0.00001399632 13.107139 0.217916 0.942394 5.833039 0.007815 1.000000 
5.855931 0.045764 0.191753 3.790550e-08 0.00001405167 13.084069 0.217736 1.022247 5.856110 0.007815 1.000000 
5.855931 0.045764 0.231679 3.244969e-07 0.00001405167 13.084069 0.217736 0.982321 5.856110 0.007815 1.000000 
5.855931 0.045764 0.271606 4.891538e-07 0.00001405167 13.084069 0.217736 0.942394 5.856110 0.007815 1.000000 
5.879001 0.045945 0.191753 3.382321e-08 0.00001410703 13.060999 0.217555 1.022247 5.879180 0.007815 1.000000 
5.879001 0.045945 0.231679 2.368545e-07 0.00001410703 13.060999 0.217555 0.982321 5.879180 0.007815 1.000000 
5.879001 0.045945 0.271606 4.781148e-07 0.00001410703 13.060999 0.217555 0.942394 5.879180 0.007815 1.000000 
5.879001 0.045945 0.311532 2.119337e-09 0.00001410703 13.060999 0.217555 0.902468 5.879180 0.007815 1.000000 
5.902070 0.046125 0.191753 2.333392e-08 0.00001416239 13.037930 0.217375 1.022247 5.902250 0.007815 1.000000 
5.902070 0.046125 0.231679 2.568303e-07 0.00001416239 13.037930 0.217375 0.982321 5.902250 0.007815 1.000000 
5.902070 0.046125 0.271606 4.479645e-07 0.00001416239 13.037930 0.217375 0.942394 5.902250 0.007815 1.000000 
5.902070 0.046125 0.311532 2.123405e-09 0.00001416239 13.037930 0.217375 0.902468 5.902250 0.007815 1.000000 
5.925140 0.046305 0.191753 1.916362e-08 0.00001421775 13.014860 0.217195 1.022247 5.925321 0.007815 1.000000 
5.925140 0.046305 0.231679 2.853658e-07 0.00001421775 13.014860 0.217195 0.982321 5.925321 0.007815 1.000000 
5.925140 0.046305 0.271606 4.581028e-07 0.00001421775 13.014860 0.217195 0.942394 5.925321 0.007815 1.000000 
5.925140 0.046305 0.311532 2.344486e-08 0.00001421775 13.014860 0.217195 0.902468 5.925321 0.007815 1.000000 
5.948210 0.046486 0.191753 2.135881e-08 0.00001427310 12.991790 0.217014 1.022247 5.948391 0.007815 1.000000 
5.948210 0.046486 0.231679 2.180228e-07 0.00001427310 12.991790 0.217014 0.982321 5.948391 0.007815 1.000000 
5.948210 0.046486 0.271606 4.981624e-07 0.00001427310 12.991790 0.217014 0.942394 5.948391 0.007815 1.000000 
5.948210 0.046486 0.311532 2.140289e-08 0.00001427310 12.991790 0.217014 0.902468 5.948391 0.007815 1.000000 
5.971279 0.046666 0.191753 8.578988e-09 0.00001432846 12.968721 0.216834 1.022247 5.971462 0.007815 1.000000 
5.971279 0.046666 0.231679 2.101751e-07 0.00001432846 12.968721 0.216834 0.982321 5.971462 0.007815 1.000000 
5.971279 0.046666 0.271606 5.579156e-07 0.00001432846 12.968721 0.216834 0.942394 5.971462 0.007815 1.000000 
5.971279 0.046666 0.311532 4.078167e-08 0.00001432846 12.968721 0.216834 0.902468 5.971462 0.007815 1.000000 
5.994349 0.046846 0.191753 2.151390e-09 0.00001438382 12.945651 0.216654 1.022247 5.994532 0.007815 1.000000 
5.994349 0.046846 0.231679 1.894285e-07 0.00001438382 12.945651 0.216654 0.982321 5.994532 0.007815 1.000000 
5.994349 0.046846 0.271606 4.780070e-07 0.00001438382 12.945651 0.216654 0.942394 5.994532 0.007815 1.000000 
5.994349 0.046846 0.311532 5.384106e-08 0.00001438382 12.945651 0.216654 0.902468 5.994532 0.007815 1.000000 
6.017419 0.047026 0.191753 4.314923e-09 0.00001443917 12.922581 0.216474 1.022247 6.017602 0.007815 1.000000 
6.017419 0.047026 0.231679 1.317556e-07 0.00001443917 12.922581 0.216474 0.982321 6.017602 0.007815 1.000000 
6.017419 0.047026 0.271606 5.272945e-07 0.00001443917 12.922581 0.216474 0.942394 6.017602 0.007815 1.000000 
6.017419 0.047026 0.311532 6.485193e-08 0.00001443917 12.922581 0.216474 0.902468 6.017602 0.007815 1.000000 
6.040488 0.047207 0.191753 2.163551e-09 0.00001449453 12.899512 0.216293 1.022247 6.040673 0.007815 1.000000 
6.040488 0.047207 0.231679 1.517166e-07 0.00001449453 12.899512 0.216293 0.982321 6.040673 0.007815 1.000000 
6.040488 0.047207 0.271606 4.944602e-07 0.00001449453 12.899512 0.216293 0.942394 6.040673 0.007815 1.000000 
6.040488 0.047207 0.311532 9.977547e-08 0.00001449453 12.899512 0.216293 0.902468 6.040673 0.007815 1.000000 
6.063558 0.047387 0.231679 1.348914e-07 0.00001454989 12.876442 0.216113 0.982321 6.063743 0.007815 1.000000 
6.063558 0.047387 0.271606 4.832120e-07 0.00001454989 12.876442 0.216113 0.942394 6.063743 0.007815 1.000000 
6.063558 0.047387 0.311532 1.414948e-07 0.00001454989 12.876442 0.216113 0.902468 6.063743 0.007815 1.000000 
6.086628 0.047567 0.231679 1.113589e-07 0.00001460525 12.853372 0.215933 0.982321 6.086813 0.007815 1.000000 
6.086628 0.047567 0.271606 4.630927e-07 0.00001460525 12.853372 0.215933 0.942394 6.086813 0.007815 1.000000 
6.086628 0.047567 0.311532 1.420237e-07 0.00001460525 12.853372 0.215933 0.902468 6.086813 0.007815 1.000000 
6.109697 0.047748 0.231679 8.983273e-08 0.00001466060 12.830303 0.215752 0.982321 6.109884 0.007815 1.000000 
6.109697 0.047748 0.271606 4.625099e-07 0.00001466060 12.830303 0.215752 0.942394 6.109884 0.007815 1.000000 
6.109697 0.047748 0.311532 1.491325e-07 0.00001466060 12.830303 0.215752 0.902468 6.109884 0.007815 1.000000 
6.132767 0.047928 0.231679 8.137109e-08 0.00001471596 12.807233 0.215572 0.982321 6.132954 0.007815 1.000000 
6.132767 0.047928 0.271606 4.334339e-07 0.00001471596 12.807233 0.215572 0.942394 6.132954 0.007815 1.000000 
6.132767 0.047928 0.311532 1.562631e-07 0.00001471596 12.807233 0.215572 0.902468 6.132954 0.007815 1.000000 
6.155837 0.048108 0.231679 8.385084e-08 0.00001477132 12.784163 0.215392 0.982321 6.156025 0.007815 1.000000 
6.155837 0.048108 0.271606 4.636589e-07 0.00001477132 12.784163 0.215392 0.942394 6.156025 0.007815 1.000000 
6.155837 0.048108 0.311532 1.899352e-07 0.00001477132 12.784163 0.215392 0.902468 6.156025 0.007815 1.000000 
6.178906 0.048288 0.231679 7.308205e-08 0.00001482667 12.761094 0.215212 0.982321 6.179095 0.007815 1.000000 
6.178906 0.048288 0.271606 3.767100e-07 0.00001482667 12.761094 0.215212 0.942394 6.179095 0.007815 1.000000 
6.178906 0.048288 0.311532 2.061110e-07 0.00001482667 12.761094 0.215212 0.902468 6.179095 0.007815 1.000000 
6.201976 0.048469 0.231679 5.778160e-08 0.00001488203 12.738024 0.215031 0.982321 6.202165 0.007815 1.000000 
6.201976 0.048469 0.271606 4.469222e-07 0.00001488203 12.738024 0.215031 0.942394 6.202165 0.007815 1.000000 
6.201976 0.048469 0.311532 2.157940e-07 0.00001488203 12.738024 0.215031 0.902468 6.202165 0.007815 1.000000 
6.225046 0.048649 0.231679 4.907594e-08 0.00001493739 12.714954 0.214851 0.982321 6.225236 0.007815 1.000000 
6.225046 0.048649 0.271606 4.017695e-07 0.00001493739 12.714954 0.214851 0.942394 6.225236 0.007815 1.000000 
6.225046 0.048649 0.311532 2.567416e-07 0.00001493739 12.714954 0.214851 0.902468 6.225236 0.007815 1.000000 
6.248115 0.048829 0.231679 5.150567e-08 0.00001499275 12.691885 0.214671 0.982321 6.248306 0.007815 1.000000 
6.248115 0.048829 0.271606 3.673190e-07 0.00001499275 12.691885 0.214671 0.942394 6.248306 0.007815 1.000000 
6.248115 0.048829 0.311532 2.464623e-07 0.00001499275 12.691885 0.214671 0.902468 6.248306 0.007815 1.000000 
6.271185 0.049010 0.231679 3.147233e-08 0.00001504810 12.668815 0.214490 0.982321 6.271377 0.007815 1.000000 
6.271185 0.049010 0.271606 3.597049e-07 0.00001504810 12.668815 0.214490 0.942394 6.271377 0.007815 1.000000 
6.271185 0.049010 0.311532 2.675790e-07 0.00001504810 12.668815 0.214490 0.902468 6.271377 0.007815 1.000000 
6.294255 0.049190 0.231679 4.059940e-08 0.00001510346 12.645745 0.214310 0.982321 6.294447 0.007815 1.000000 
6.294255 0.049190 0.271606 2.865224e-07 0.00001510346 12.645745 0.214310 0.942394 6.294447 0.007815 1.000000 
6.294255 0.049190 0.311532 2.843641e-07 0.00001510346 12.645745 0.214310 0.902468 6.294447 0.007815 1.000000 
6.317324 0.049370 0.231679 3.847166e-08 0.00001515882 12.622676 0.214130 0.982321 6.317517 0.007815 1.000000 
6.317324 0.049370 0.271606 3.034271e-07 0.00001515882 12.622676 0.214130 0.942394 6.317517 0.007815 1.000000 
6.317324 0.049370 0.311532 3.420669e-07 0.00001515882 12.622676 0.214130 0.902468 6.317517 0.007815 1.000000 
6.340394 0.049551 0.231679 2.044281e-08 0.00001521417 12.599606 0.213949 0.982321 6.340588 0.007815 1.000000 
6.340394 0.049551 0.271606 2.932241e-07 0.00001521417 12.599606 0.213949 0.942394 6.340588 0.007815 1.000000 
6.340394 0.049551 0.311532 3.160053e-07 0.00001521417 12.599606 0.213949 0.902468 6.340588 0.007815 1.000000 
6.363464 0.049731 0.231679 2.281014e-08 0.00001526953 12.576536 0.213769 0.982321 6.363658 0.007815 1.000000 
6.363464 0.049731 0.271606 2.577062e-07 0.00001526953 12.576536 0.213769 0.942394 6.363658 0.007815 1.000000 
6.363464 0.049731 0.311532 3.468101e-07 0.00001526953 12.576536 0.213769 0.902468 6.363658 0.007815 1.000000 
6.386533 0.049911 0.231679 1.144414e-08 0.00001532489 12.553467 0.213589 0.982321 6.386728 0.007815 1.000000 
6.386533 0.049911 0.271606 2.449408e-07 0.00001532489 12.553467 0.213589 0.942394 6.386728 0.007815 1.000000 
6.386533 0.049911 0.311532 3.938584e-07 0.00001532489 12.553467 0.213589 0.902468 6.386728 0.007815 1.000000 
6.409603 0.050091 0.231679 1.148165e-08 0.00001538025 12.530397 0.213409 0.982321 6.409799 0.007815 1.000000 
6.409603 0.050091 0.271606 2.435519e-07 0.00001538025 12.530397 0.213409 0.942394 6.409799 0.007815 1.000000 
6.409603 0.050091 0.311532 4.137410e-07 0.00001538025 12.530397 0.213409 0.902468 6.409799 0.007815 1.000000 
6.432673 0.050272 0.231679 1.153169e-08 0.00001543560 12.507327 0.213228 0.982321 6.432869 0.007815 1.000000 
6.432673 0.050272 0.271606 2.121539e-07 0.00001543560 12.507327 0.213228 0.942394 6.432869 0.007815 1.000000 
6.432673 0.050272 0.311532 4.013957e-07 0.00001543560 12.507327 0.213228 0.902468 6.432869 0.007815 1.000000 
6.455742 0.050452 0.231679 9.260600e-09 0.00001549096 12.484258 0.213048 0.982321 6.455940 0.007815 1.000000 
6.455742 0.050452 0.271606 2.245192e-07 0.00001549096 12.484258 0.213048 0.942394 6.455940 0.007815 1.000000 
6.455742 0.050452 0.311532 4.746756e-07 0.00001549096 12.484258 0.213048 0.902468 6.455940 0.007815 1.000000 
6.478812 0.050632 0.231679 2.324244e-09 0.00001554632 12.461188 0.212868 0.982321 6.479010 0.007815 1.000000 
6.478812 0.050632 0.271606 1.393941e-07 0.00001554632 12.461188 0.212868 0.942394 6.479010 0.007815 1.000000 
6.478812 0.050632 0.311532 4.718014e-07 0.00001554632 12.461188 0.212868 0.902468 6.479010 0.007815 1.000000 
6.501882 0.050813 0.231679 9.312899e-09 0.00001560167 12.438118 0.212687 0.982321 6.502080 0.007815 1.000000 
6.501882 0.050813 0.271606 1.585547e-07 0.00001560167 12.438118 0.212687 0.942394 6.502080 0.007815 1.000000 
6.501882 0.050813 0.311532 4.548951e-07 0.00001560167 12.438118 0.212687 0.902468 6.502080 0.007815 1.000000 
6.524951 0.050993 0.231679 2.337332e-09 0.00001565703 12.415049 0.212507 0.982321 6.525151 0.007815 1.000000 
6.524951 0.050993 0.271606 1.263719e-07 0.00001565703 12.415049 0.212507 0.942394 6.525151 0.007815 1.000000 
6.524951 0.050993 0.311532 4.729158e-07 0.00001565703 12.415049 0.212507 0.902468 6.525151 0.007815 1.000000 
6.524951 0.050993 0.351459 4.687190e-09 0.00001565703 12.415049 0.212507 0.862541 6.525151 0.007815 1.000000 
6.548021 0.051173 0.271606 1.080425e-07 0.00001571239 12.391979 0.212327 0.942394 6.548221 0.007815 1.000000 
6.548021 0.051173 0.311532 4.582611e-07 0.00001571239 12.391979 0.212327 0.902468 6.548221 0.007815 1.000000 
6.548021 0.051173 0.351459 1.175175e-08 0.00001571239 12.391979 0.212327 0.862541 6.548221 0.007815 1.000000 
6.571091 0.051353 0.271606 9.666651e-08 0.00001576775 12.368909 0.212147 0.942394 6.571292 0.007815 1.000000 
6.571091 0.051353 0.311532 4.646575e-07 0.00001576775 12.368909 0.212147 0.902468 6.571292 0.007815 1.000000 
6.571091 0.051353 0.351459 1.415299e-08 0.00001576775 12.368909 0.212147 0.862541 6.571292 0.007815 1.000000 
6.594161 0.051534 0.271606 1.041287e-07 0.00001582310 12.345839 0.211966 0.942394 6.594362 0.007815 1.000000 
6.594161 0.051534 0.311532 4.498346e-07 0.00001582310 12.345839 0.211966 0.902468 6.594362 0.007815 1.000000 
6.594161 0.051534 0.351459 5.211260e-08 0.00001582310 12.345839 0.211966 0.862541 6.594362 0.007815 1.000000 
6.617230 0.051714 0.271606 1.021393e-07 0.00001587846 12.322770 0.211786 0.942394 6.617432 0.007815 1.000000 
6.617230 0.051714 0.311532 4.182493e-07 0.00001587846 12.322770 0.211786 0.902468 6.617432 0.007815 1.000000 
6.617230 0.051714 0.351459 5.466339e-08 0.00001587846 12.322770 0.211786 0.862541 6.617432 0.007815 1.000000 
6.640300 0.051894 0.271606 5.005948e-08 0.00001593382 12.299700 0.211606 0.942394 6.640503 0.007815 1.000000 
6.640300 0.051894 0.311532 3.434541e-07 0.00001593382 12.299700 0.211606 0.902468 6.640503 0.007815 1.000000 
6.640300 0.051894 0.351459 6.921449e-08 0.00001593382 12.299700 0.211606 0.862541 6.640503 0.007815 1.000000 
6.663370 0.052075 0.271606 6.221792e-08 0.00001598917 12.276630 0.211425 0.942394 6.663573 0.007815 1.000000 
6.663370 0.052075 0.311532 3.902089e-07 0.00001598917 12.276630 0.211425 0.902468 6.663573 0.007815 1.000000 
6.663370 0.052075 0.351459 9.580892e-08 0.00001598917 12.276630 0.211425 0.862541 6.663573 0.007815 1.000000 
6.686439 0.052255 0.271606 6.243913e-08 0.00001604453 12.253561 0.211245 0.942394 6.686643 0.007815 1.000000 
6.686439 0.052255 0.311532 3.604310e-07 0.00001604453 12.253561 0.211245 0.902468 6.686643 0.007815 1.000000 
6.686439 0.052255 0.351459 1.178129e-07 0.00001604453 12.253561 0.211245 0.862541 6.686643 0.007815 1.000000 
6.709509 0.052435 0.271606 4.821189e-08 0.00001609989 12.230491 0.211065 0.942394 6.709714 0.007815 1.000000 
6.709509 0.052435 0.311532 3.955768e-07 0.00001609989 12.230491 0.211065 0.902468 6.709714 0.007815 1.000000 
6.709509 0.052435 0.351459 1.134106e-07 0.00001609989 12.230491 0.211065 0.862541 6.709714 0.007815 1.000000 
6.732579 0.052615 0.271606 3.388497e-08 0.00001615525 12.207421 0.210885 0.942394 6.732784 0.007815 1.000000 
6.732579 0.052615 0.311532 3.995008e-07 0.00001615525 12.207421 0.210885 0.902468 6.732784 0.007815 1.000000 
6.732579 0.052615 0.351459 1.356142e-07 0.00001615525 12.207421 0.210885 0.862541 6.732784 0.007815 1.000000 
6.755648 0.052796 0.271606 3.400615e-08 0.00001621060 12.184352 0.210704 0.942394 6.755855 0.007815 1.000000 
6.755648 0.052796 0.311532 3.087158e-07 0.00001621060 12.184352 0.210704 0.902468 6.755855 0.007815 1.000000 
6.755648 0.052796 0.351459 1.482801e-07 0.00001621060 12.184352 0.210704 0.862541 6.755855 0.007815 1.000000 
6.778718 0.052976 0.271606 4.879501e-08 0.00001626596 12.161282 0.210524 0.942394 6.778925 0.007815 1.000000 
6.778718 0.052976 0.311532 3.098467e-07 0.00001626596 12.161282 0.210524 0.902468 6.778925 0.007815 1.000000 
6.778718 0.052976 0.351459 1.854793e-07 0.00001626596 12.161282 0.210524 0.862541 6.778925 0.007815 1.000000 
6.801788 0.053156 0.271606 2.938225e-08 0.00001632132 12.138212 0.210344 0.942394 6.801995 0.007815 1.000000 
6.801788 0.053156 0.311532 2.938506e-07 0.00001632132 12.138212 0.210344 0.902468 6.801995 0.007815 1.000000 
6.801788 0.053156 0.351459 1.959601e-07 0.00001632132 12.138212 0.210344 0.862541 6.801995 0.007815 1.000000 
6.824857 0.053337 0.271606 2.211211e-08 0.00001637667 12.115143 0.210163 0.942394 6.825066 0.007815 1.000000 
6.824857 0.053337 0.311532 2.359831e-07 0.00001637667 12.115143 0.210163 0.902468 6.825066 0.007815 1.000000 
6.824857 0.053337 0.351459 2.114580e-07 0.00001637667 12.115143 0.210163 0.862541 6.825066 0.007815 1.000000 
6.847927 0.053517 0.271606 9.862644e-09 0.00001643203 12.092073 0.209983 0.942394 6.848136 0.007815 1.000000 
6.847927 0.053517 0.311532 2.121592e-07 0.00001643203 12.092073 0.209983 0.902468 6.848136 0.007815 1.000000 
6.847927 0.053517 0.351459 2.345276e-07 0.00001643203 12.092073 0.209983 0.862541 6.848136 0.007815 1.000000 
6.870997 0.053697 0.271606 9.899363e-09 0.00001648739 12.069003 0.209803 0.942394 6.871206 0.007815 1.000000 
6.870997 0.053697 0.311532 2.303760e-07 0.00001648739 12.069003 0.209803 0.902468 6.871206 0.007815 1.000000 
6.870997 0.053697 0.351459 2.204958e-07 0.00001648739 12.069003 0.209803 0.862541 6.871206 0.007815 1.000000 
6.894066 0.053878 0.271606 1.491557e-08 0.00001654275 12.045934 0.209622 0.942394 6.894277 0.007815 1.000000 
6.894066 0.053878 0.311532 2.212808e-07 0.00001654275 12.045934 0.209622 0.902468 6.894277 0.007815 1.000000 
6.894066 0.053878 0.351459 2.586515e-07 0.00001654275 12.045934 0.209622 0.862541 6.894277 0.007815 1.000000 
6.917136 0.054058 0.271606 9.978321e-09 0.00001659810 12.022864 0.209442 0.942394 6.917347 0.007815 1.000000 
6.917136 0.054058 0.311532 1.871934e-07 0.00001659810 12.022864 0.209442 0.902468 6.917347 0.007815 1.000000 
6.917136 0.054058 0.351459 2.546498e-07 0.00001659810 12.022864 0.209442 0.862541 6.917347 0.007815 1.000000 
6.940206 0.054238 0.311532 1.904052e-07 0.00001665346 11.999794 0.209262 0.902468 6.940418 0.007815 1.000000 
6.940206 0.054238 0.351459 2.756803e-07 0.00001665346 11.999794 0.209262 0.862541 6.940418 0.007815 1.000000 
6.963275 0.054418 0.271606 2.516902e-09 0.00001670882 11.976725 0.209082 0.942394 6.963488 0.007815 1.000000 
6.963275 0.054418 0.311532 1.433455e-07 0.00001670882 11.976725 0.209082 0.902468 6.963488 0.007815 1.000000 
6.963275 0.054418 0.351459 2.692106e-07 0.00001670882 11.976725 0.209082 0.862541 6.963488 0.007815 1.000000 
6.986345 0.054599 0.311532 1.489510e-07 0.00001676417 11.953655 0.208901 0.902468 6.986558 0.007815 1.000000 
6.986345 0.054599 0.351459 2.222722e-07 0.00001676417 11.953655 0.208901 0.862541 6.986558 0.007815 1.000000 
7.009415 0.054779 0.311532 1.292664e-07 0.00001681953 11.930585 0.208721 0.902468 7.009629 0.007815 1.000000 
7.009415 0.054779 0.351459 3.498869e-07 0.00001681953 11.930585 0.208721 0.862541 7.009629 0.007815 1.000000 
7.032484 0.054959 0.311532 9.158059e-08 0.00001687489 11.907516 0.208541 0.902468 7.032699 0.007815 1.000000 
7.032484 0.054959 0.351459 3.105750e-07 0.00001687489 11.907516 0.208541 0.862541 7.032699 0.007815 1.000000 
7.055554 0.055140 0.311532 9.448923e-08 0.00001693025 11.884446 0.208360 0.902468 7.055770 0.007815 1.000000 
7.055554 0.055140 0.351459 3.015310e-07 0.00001693025 11.884446 0.208360 0.862541 7.055770 0.007815 1.000000 
7.078624 0.055320 0.311532 8.205680e-08 0.00001698560 11.861376 0.208180 0.902468 7.078840 0.007815 1.000000 
7.078624 0.055320 0.351459 3.437401e-07 0.00001698560 11.861376 0.208180 0.862541 7.078840 0.007815 1.000000 
7.101693 0.055500 0.311532 7.976877e-08 0.00001704096 11.838307 0.208000 0.902468 7.101910 0.007815 1.000000 
7.101693 0.055500 0.351459 3.141220e-07 0.00001704096 11.838307 0.208000 0.862541 7.101910 0.007815 1.000000 
7.124763 0.055680 0.311532 7.751849e-08 0.00001709632 11.815237 0.207820 0.902468 7.124981 0.007815 1.000000 
7.124763 0.055680 0.351459 2.559366e-07 0.00001709632 11.815237 0.207820 0.862541 7.124981 0.007815 1.000000 
7.147833 0.055861 0.311532 5.447708e-08 0.00001715167 11.792167 0.207639 0.902468 7.148051 0.007815 1.000000 
7.147833 0.055861 0.351459 3.140642e-07 0.00001715167 11.792167 0.207639 0.862541 7.148051 0.007815 1.000000 
7.147833 0.055861 0.391385 7.785510e-09 0.00001715167 11.792167 0.207639 0.822615 7.148051 0.007815 1.000000 
7.170902 0.056041 0.311532 3.384822e-08 0.00001720703 11.769098 0.207459 0.902468 7.171121 0.007815 1.000000 
7.170902 0.056041 0.351459 3.360748e-07 0.00001720703 11.769098 0.207459 0.862541 7.171121 0.007815 1.000000 
7.170902 0.056041 0.391385 2.343988e-08 0.00001720703 11.769098 0.207459 0.822615 7.171121 0.007815 1.000000 
7.193972 0.056221 0.311532 3.660841e-08 0.00001726239 11.746028 0.207279 0.902468 7.194192 0.007815 1.000000 
7.193972 0.056221 0.351459 3.321343e-07 0.00001726239 11.746028 0.207279 0.862541 7.194192 0.007815 1.000000 
7.193972 0.056221 0.391385 3.401566e-08 0.00001726239 11.746028 0.207279 0.822615 7.194192 0.007815 1.000000 
7.217042 0.056402 0.311532 2.099615e-08 0.00001731775 11.722958 0.207098 0.902468 7.217262 0.007815 1.000000 
7.217042 0.056402 0.351459 3.281385e-07 0.00001731775 11.722958 0.207098 0.862541 7.217262 0.007815 1.000000 
7.217042 0.056402 0.391385 4.728568e-08 0.00001731775 11.722958 0.207098 0.822615 7.217262 0.007815 1.000000 
7.240111 0.056582 0.311532 2.108172e-08 0.00001737310 11.699889 0.206918 0.902468 7.240333 0.007815 1.000000 
7.240111 0.056582 0.351459 2.978474e-07 0.00001737310 11.699889 0.206918 0.862541 7.240333 0.007815 1.000000 
7.240111 0.056582 0.391385 4.483497e-08 0.00001737310 11.699889 0.206918 0.822615 7.240333 0.007815 1.000000 
7.263181 0.056762 0.311532 2.645250e-08 0.00001742846 11.676819 0.206738 0.902468 7.263403 0.007815 1.000000 
7.263181 0.056762 0.351459 2.804143e-07 0.00001742846 11.676819 0.206738 0.862541 7.263403 0.007815 1.000000 
7.263181 0.056762 0.391385 5.294385e-08 0.00001742846 11.676819 0.206738 0.822615 7.263403 0.007815 1.000000 
7.286251 0.056942 0.311532 1.328039e-08 0.00001748382 11.653749 0.206558 0.902468 7.286473 0.007815 1.000000 
7.286251 0.056942 0.351459 2.709771e-07 0.00001748382 11.653749 0.206558 0.862541 7.286473 0.007815 1.000000 
7.286251 0.056942 0.391385 6.115522e-08 0.00001748382 11.653749 0.206558 0.822615 7.286473 0.007815 1.000000 
7.309320 0.057123 0.311532 8.003721e-09 0.00001753917 11.630680 0.206377 0.902468 7.309544 0.007815 1.000000 
7.309320 0.057123 0.351459 2.267256e-07 0.00001753917 11.630680 0.206377 0.862541 7.309544 0.007815 1.000000 
7.309320 0.057123 0.391385 7.736362e-08 0.00001753917 11.630680 0.206377 0.822615 7.309544 0.007815 1.000000 
7.332390 0.057303 0.311532 1.070560e-08 0.00001759453 11.607610 0.206197 0.902468 7.332614 0.007815 1.000000 
7.332390 0.057303 0.351459 2.061906e-07 0.00001759453 11.607610 0.206197 0.862541 7.332614 0.007815 1.000000 
7.332390 0.057303 0.391385 1.125118e-07 0.00001759453 11.607610 0.206197 0.822615 7.332614 0.007815 1.000000 
7.355460 0.057483 0.311532 8.058059e-09 0.00001764989 11.584540 0.206017 0.902468 7.355684 0.007815 1.000000 
7.355460 0.057483 0.351459 2.500317e-07 0.00001764989 11.584540 0.206017 0.862541 7.355684 0.007815 1.000000 
7.355460 0.057483 0.391385 7.259604e-08 0.00001764989 11.584540 0.206017 0.822615 7.355684 0.007815 1.000000 
7.378530 0.057664 0.311532 2.702933e-09 0.00001770525 11.561470 0.205836 0.902468 7.378755 0.007815 1.000000 
7.378530 0.057664 0.351459 2.024548e-07 0.00001770525 11.561470 0.205836 0.862541 7.378755 0.007815 1.000000 
7.378530 0.057664 0.391385 9.181049e-08 0.00001770525 11.561470 0.205836 0.822615 7.378755 0.007815 1.000000 
7.401599 0.057844 0.311532 2.708922e-09 0.00001776060 11.538401 0.205656 0.902468 7.401825 0.007815 1.000000 
7.401599 0.057844 0.351459 1.842279e-07 0.00001776060 11.538401 0.205656 0.862541 7.401825 0.007815 1.000000 
7.401599 0.057844 0.391385 1.165520e-07 0.00001776060 11.538401 0.205656 0.822615 7.401825 0.007815 1.000000 
7.424669 0.058024 0.311532 2.723786e-09 0.00001781596 11.515331 0.205476 0.902468 7.424896 0.007815 1.000000 
7.424669 0.058024 0.351459 1.578135e-07 0.00001781596 11.515331 0.205476 0.862541 7.424896 0.007815 1.000000 
7.424669 0.058024 0.391385 1.306107e-07 0.00001781596 11.515331 0.205476 0.822615 7.424896 0.007815 1.000000 
7.447739 0.058204 0.311532 2.727390e-09 0.00001787132 11.492261 0.205296 0.902468 7.447966 0.007815 1.000000 
7.447739 0.058204 0.351459 1.283824e-07 0.00001787132 11.492261 0.205296 0.862541 7.447966 0.007815 1.000000 
7.447739 0.058204 0.391385 1.393431e-07 0.00001787132 11.492261 0.205296 0.822615 7.447966 0.007815 1.000000 
7.470808 0.058385 0.351459 1.206422e-07 0.00001792667 11.469192 0.205115 0.862541 7.471036 0.007815 1.000000 
7.470808 0.058385 0.391385 1.865370e-07 0.00001792667 11.469192 0.205115 0.822615 7.471036 0.007815 1.000000 
7.493878 0.058565 0.351459 1.184108e-07 0.00001798203 11.446122 0.204935 0.862541 7.494107 0.007815 1.000000 
7.493878 0.058565 0.391385 1.735783e-07 0.00001798203 11.446122 0.204935 0.822615 7.494107 0.007815 1.000000 
7.516948 0.058745 0.351459 9.676890e-08 0.00001803739 11.423052 0.204755 0.862541 7.517177 0.007815 1.000000 
7.516948 0.058745 0.391385 1.742561e-07 0.00001803739 11.423052 0.204755 0.822615 7.517177 0.007815 1.000000 
7.540017 0.058926 0.351459 5.831122e-08 0.00001809275 11.399983 0.204574 0.862541 7.540248 0.007815 1.000000 
7.540017 0.058926 0.391385 1.527046e-07 0.00001809275 11.399983 0.204574 0.822615 7.540248 0.007815 1.000000 
7.563087 0.059106 0.351459 3.901462e-08 0.00001814810 11.376913 0.204394 0.862541 7.563318 0.007815 1.000000 
7.563087 0.059106 0.391385 1.672486e-07 0.00001814810 11.376913 0.204394 0.822615 7.563318 0.007815 1.000000 
7.586157 0.059286 0.351459 5.035810e-08 0.00001820346 11.353843 0.204214 0.862541 7.586388 0.007815 1.000000 
7.586157 0.059286 0.391385 1.791495e-07 0.00001820346 11.353843 0.204214 0.822615 7.586388 0.007815 1.000000 
7.609226 0.059467 0.351459 3.651473e-08 0.00001825882 11.330774 0.204033 0.862541 7.609459 0.007815 1.000000 
7.609226 0.059467 0.391385 2.332974e-07 0.00001825882 11.330774 0.204033 0.822615 7.609459 0.007815 1.000000 
7.632296 0.059647 0.351459 2.821481e-08 0.00001831417 11.307704 0.203853 0.862541 7.632529 0.007815 1.000000 
7.632296 0.059647 0.391385 1.693009e-07 0.00001831417 11.307704 0.203853 0.822615 7.632529 0.007815 1.000000 
7.655366 0.059827 0.351459 2.549638e-08 0.00001836953 11.284634 0.203673 0.862541 7.655599 0.007815 1.000000 
7.655366 0.059827 0.391385 1.473424e-07 0.00001836953 11.284634 0.203673 0.822615 7.655599 0.007815 1.000000 
7.678435 0.060007 0.351459 1.707550e-08 0.00001842489 11.261565 0.203493 0.862541 7.678670 0.007815 1.000000 
7.678435 0.060007 0.391385 1.422608e-07 0.00001842489 11.261565 0.203493 0.822615 7.678670 0.007815 1.000000 
7.701505 0.060188 0.351459 1.429622e-08 0.00001848025 11.238495 0.203312 0.862541 7.701740 0.007815 1.000000 
7.701505 0.060188 0.391385 1.799791e-07 0.00001848025 11.238495 0.203312 0.822615 7.701740 0.007815 1.000000 
7.724575 0.060368 0.351459 1.145815e-08 0.00001853560 11.215425 0.203132 0.862541 7.724811 0.007815 1.000000 
7.724575 0.060368 0.391385 1.950607e-07 0.00001853560 11.215425 0.203132 0.822615 7.724811 0.007815 1.000000 
7.747644 0.060548 0.351459 2.877929e-09 0.00001859096 11.192356 0.202952 0.862541 7.747881 0.007815 1.000000 
7.747644 0.060548 0.391385 1.958818e-07 0.00001859096 11.192356 0.202952 0.822615 7.747881 0.007815 1.000000 
7.770714 0.060729 0.351459 2.891236e-09 0.00001864632 11.169286 0.202771 0.862541 7.770951 0.007815 1.000000 
7.770714 0.060729 0.391385 1.764444e-07 0.00001864632 11.169286 0.202771 0.822615 7.770951 0.007815 1.000000 
7.793784 0.060909 0.391385 1.248818e-07 0.00001870167 11.146216 0.202591 0.822615 7.794022 0.007815 1.000000 
7.793784 0.060909 0.431312 8.719847e-09 0.00001870167 11.146216 0.202591 0.782688 7.794022 0.007815 1.000000 
7.816853 0.061089 0.391385 1.458292e-07 0.00001875703 11.123147 0.202411 0.822615 7.817092 0.007815 1.000000 
7.816853 0.061089 0.431312 8.754523e-09 0.00001875703 11.123147 0.202411 0.782688 7.817092 0.007815 1.000000 
7.839923 0.061269 0.391385 1.434318e-07 0.00001881239 11.100077 0.202231 0.822615 7.840162 0.007815 1.000000 
7.839923 0.061269 0.431312 1.172204e-08 0.00001881239 11.100077 0.202231 0.782688 7.840162 0.007815 1.000000 
7.862993 0.061450 0.351459 2.935352e-09 0.00001886775 11.077007 0.202050 0.862541 7.863233 0.007815 1.000000 
7.862993 0.061450 0.391385 1.352612e-07 0.00001886775 11.077007 0.202050 0.822615 7.863233 0.007815 1.000000 
7.862993 0.061450 0.431312 1.764941e-08 0.00001886775 11.077007 0.202050 0.782688 7.863233 0.007815 1.000000 
7.886062 0.061630 0.351459 5.904561e-09 0.00001892310 11.053938 0.201870 0.862541 7.886303 0.007815 1.000000 
7.886062 0.061630 0.391385 1.417454e-07 0.00001892310 11.053938 0.201870 0.822615 7.886303 0.007815 1.000000 
7.886062 0.061630 0.431312 2.361514e-08 0.00001892310 11.053938 0.201870 0.782688 7.886303 0.007815 1.000000 
7.909132 0.061810 0.391385 1.037614e-07 0.00001897846 11.030868 0.201690 0.822615 7.909374 0.007815 1.000000 
7.909132 0.061810 0.431312 3.261896e-08 0.00001897846 11.030868 0.201690 0.782688 7.909374 0.007815 1.000000 
7.932202 0.061991 0.391385 8.039661e-08 0.00001903382 11.007798 0.201509 0.822615 7.932444 0.007815 1.000000 
7.932202 0.061991 0.431312 3.870250e-08 0.00001903382 11.007798 0.201509 0.782688 7.932444 0.007815 1.000000 
7.955271 0.062171 0.391385 9.264720e-08 0.00001908917 10.984729 0.201329 0.822615 7.955514 0.007815 1.000000 
7.955271 0.062171 0.431312 2.992063e-08 0.00001908917 10.984729 0.201329 0.782688 7.955514 0.007815 1.000000 
7.978341 0.062351 0.391385 8.108770e-08 0.00001914453 10.961659 0.201149 0.822615 7.978585 0.007815 1.000000 
7.978341 0.062351 0.431312 3.306715e-08 0.00001914453 10.961659 0.201149 0.782688 7.978585 0.007815 1.000000 
8.001411 0.062531 0.391385 6.334997e-08 0.00001919989 10.938589 0.200969 0.822615 8.001655 0.007815 1.000000 
8.001411 0.062531 0.431312 6.936384e-08 0.00001919989 10.938589 0.200969 0.782688 8.001655 0.007815 1.000000 
8.024480 0.062712 0.391385 6.963823e-08 0.00001925525 10.915520 0.200788 0.822615 8.024726 0.007815 1.000000 
8.024480 0.062712 0.431312 5.451506e-08 0.00001925525 10.915520 0.200788 0.782688 8.024726 0.007815 1.000000 
8.047550 0.062892 0.391385 4.563259e-08 0.00001931060 10.892450 0.200608 0.822615 8.047796 0.007815 1.000000 
8.047550 0.062892 0.431312 3.954608e-08 0.00001931060 10.892450 0.200608 0.782688 8.047796 0.007815 1.000000 
8.070620 0.063072 0.391385 3.053584e-08 0.00001936596 10.869380 0.200428 0.822615 8.070866 0.007815 1.000000 
8.070620 0.063072 0.431312 6.411898e-08 0.00001936596 10.869380 0.200428 0.782688 8.070866 0.007815 1.000000 
8.093690 0.063253 0.391385 3.374013e-08 0.00001942132 10.846310 0.200247 0.822615 8.093937 0.007815 1.000000 
8.093690 0.063253 0.431312 5.522069e-08 0.00001942132 10.846310 0.200247 0.782688 8.093937 0.007815 1.000000 
8.116759 0.063433 0.391385 2.465239e-08 0.00001947667 10.823241 0.200067 0.822615 8.117007 0.007815 1.000000 
8.116759 0.063433 0.431312 8.318028e-08 0.00001947667 10.823241 0.200067 0.782688 8.117007 0.007815 1.000000 
8.139829 0.063613 0.391385 9.271539e-09 0.00001953203 10.800171 0.199887 0.822615 8.140077 0.007815 1.000000 
8.139829 0.063613 0.431312 8.042504e-08 0.00001953203 10.800171 0.199887 0.782688 8.140077 0.007815 1.000000 
4.010261 0.041788 0.032046 1.779719e-08 0.00000962310 14.929739 0.221712 1.181954 4.010479 0.010420 1.000000 
4.010261 0.041788 0.071973 2.572934e-07 0.00000962310 14.929739 0.221712 1.142027 4.010479 0.010420 1.000000 
4.010261 0.041788 0.111899 4.743695e-07 0.00000962310 14.929739 0.221712 1.102101 4.010479 0.010420 1.000000 
4.010261 0.041788 0.151826 4.486494e-07 0.00000962310 14.929739 0.221712 1.062174 4.010479 0.010420 1.000000 
4.033331 0.042028 0.032046 1.947883e-08 0.00000967846 14.906669 0.221472 1.181954 4.033550 0.010420 1.000000 
4.033331 0.042028 0.071973 1.980509e-07 0.00000967846 14.906669 0.221472 1.142027 4.033550 0.010420 1.000000 
4.033331 0.042028 0.111899 4.709639e-07 0.00000967846 14.906669 0.221472 1.102101 4.033550 0.010420 1.000000 
4.033331 0.042028 0.151826 4.369694e-07 0.00000967846 14.906669 0.221472 1.062174 4.033550 0.010420 1.000000 
4.056400 0.042269 0.032046 1.627248e-08 0.00000973382 14.883600 0.221231 1.181954 4.056620 0.010420 1.000000 
4.056400 0.042269 0.071973 2.068023e-07 0.00000973382 14.883600 0.221231 1.142027 4.056620 0.010420 1.000000 
4.056400 0.042269 0.111899 4.495769e-07 0.00000973382 14.883600 0.221231 1.102101 4.056620 0.010420 1.000000 
4.056400 0.042269 0.151826 4.888887e-07 0.00000973382 14.883600 0.221231 1.062174 4.056620 0.010420 1.000000 
4.056400 0.042269 0.191753 1.141096e-08 0.00000973382 14.883600 0.221231 1.022247 4.056620 0.010420 1.000000 
4.079469 0.042509 0.032046 1.959671e-08 0.00000978918 14.860531 0.220991 1.181954 4.079690 0.010420 1.000000 
4.079469 0.042509 0.071973 1.976569e-07 0.00000978918 14.860531 0.220991 1.142027 4.079690 0.010420 1.000000 
4.079469 0.042509 0.111899 5.000136e-07 0.00000978918 14.860531 0.220991 1.102101 4.079690 0.010420 1.000000 
4.079469 0.042509 0.151826 4.854557e-07 0.00000978918 14.860531 0.220991 1.062174 4.079690 0.010420 1.000000 
4.079469 0.042509 0.191753 1.471962e-08 0.00000978918 14.860531 0.220991 1.022247 4.079690 0.010420 1.000000 
4.102538 0.042749 0.032046 6.550210e-09 0.00000984453 14.837462 0.220751 1.181954 4.102761 0.010420 1.000000 
4.102538 0.042749 0.071973 1.933475e-07 0.00000984453 14.837462 0.220751 1.142027 4.102761 0.010420 1.000000 
4.102538 0.042749 0.111899 4.966354e-07 0.00000984453 14.837462 0.220751 1.102101 4.102761 0.010420 1.000000 
4.102538 0.042749 0.151826 4.820589e-07 0.00000984453 14.837462 0.220751 1.062174 4.102761 0.010420 1.000000 
4.102538 0.042749 0.191753 2.296713e-08 0.00000984453 14.837462 0.220751 1.022247 4.102761 0.010420 1.000000 
4.125607 0.042990 0.032046 8.212538e-09 0.00000989989 14.814393 0.220510 1.181954 4.125831 0.010420 1.000000 
4.125607 0.042990 0.071973 1.774984e-07 0.00000989989 14.814393 0.220510 1.142027 4.125831 0.010420 1.000000 
4.125607 0.042990 0.111899 4.390007e-07 0.00000989989 14.814393 0.220510 1.102101 4.125831 0.010420 1.000000 
4.125607 0.042990 0.151826 4.984156e-07 0.00000989989 14.814393 0.220510 1.062174 4.125831 0.010420 1.000000 
4.125607 0.042990 0.191753 4.276692e-08 0.00000989989 14.814393 0.220510 1.022247 4.125831 0.010420 1.000000 
4.148676 0.043230 0.032046 4.943387e-09 0.00000995525 14.791324 0.220270 1.181954 4.148901 0.010420 1.000000 
4.148676 0.043230 0.071973 1.665232e-07 0.00000995525 14.791324 0.220270 1.142027 4.148901 0.010420 1.000000 
4.148676 0.043230 0.111899 4.370216e-07 0.00000995525 14.791324 0.220270 1.102101 4.148901 0.010420 1.000000 
4.148676 0.043230 0.151826 5.229786e-07 0.00000995525 14.791324 0.220270 1.062174 4.148901 0.010420 1.000000 
4.148676 0.043230 0.191753 4.786314e-08 0.00000995525 14.791324 0.220270 1.022247 4.148901 0.010420 1.000000 
4.171745 0.043471 0.032046 4.954882e-09 0.00001001060 14.768255 0.220029 1.181954 4.171972 0.010420 1.000000 
4.171745 0.043471 0.071973 1.620626e-07 0.00001001060 14.768255 0.220029 1.142027 4.171972 0.010420 1.000000 
4.171745 0.043471 0.111899 4.532584e-07 0.00001001060 14.768255 0.220029 1.102101 4.171972 0.010420 1.000000 
4.171745 0.043471 0.151826 5.279456e-07 0.00001001060 14.768255 0.220029 1.062174 4.171972 0.010420 1.000000 
4.171745 0.043471 0.191753 8.443588e-08 0.00001001060 14.768255 0.220029 1.022247 4.171972 0.010420 1.000000 
4.194815 0.043711 0.071973 1.409968e-07 0.00001006596 14.745185 0.219789 1.142027 4.195042 0.010420 1.000000 
4.194815 0.043711 0.111899 4.099322e-07 0.00001006596 14.745185 0.219789 1.102101 4.195042 0.010420 1.000000 
4.194815 0.043711 0.151826 5.411719e-07 0.00001006596 14.745185 0.219789 1.062174 4.195042 0.010420 1.000000 
4.194815 0.043711 0.191753 8.799362e-08 0.00001006596 14.745185 0.219789 1.022247 4.195042 0.010420 1.000000 
4.217884 0.043951 0.071973 1.264697e-07 0.00001012132 14.722116 0.219549 1.142027 4.218113 0.010420 1.000000 
4.217884 0.043951 0.111899 4.544422e-07 0.00001012132 14.722116 0.219549 1.102101 4.218113 0.010420 1.000000 
4.217884 0.043951 0.151826 5.345618e-07 0.00001012132 14.722116 0.219549 1.062174 4.218113 0.010420 1.000000 
4.217884 0.043951 0.191753 9.828698e-08 0.00001012132 14.722116 0.219549 1.022247 4.218113 0.010420 1.000000 
4.240953 0.044192 0.071973 1.268557e-07 0.00001017668 14.699047 0.219308 1.142027 4.241183 0.010420 1.000000 
4.240953 0.044192 0.111899 3.857229e-07 0.00001017668 14.699047 0.219308 1.102101 4.241183 0.010420 1.000000 
4.240953 0.044192 0.151826 4.777855e-07 0.00001017668 14.699047 0.219308 1.062174 4.241183 0.010420 1.000000 
4.240953 0.044192 0.191753 1.336901e-07 0.00001017668 14.699047 0.219308 1.022247 4.241183 0.010420 1.000000 
4.264022 0.044432 0.071973 1.121820e-07 0.00001023203 14.675978 0.219068 1.142027 4.264253 0.010420 1.000000 
4.264022 0.044432 0.111899 3.936398e-07 0.00001023203 14.675978 0.219068 1.102101 4.264253 0.010420 1.000000 
4.264022 0.044432 0.151826 5.077569e-07 0.00001023203 14.675978 0.219068 1.062174 4.264253 0.010420 1.000000 
4.264022 0.044432 0.191753 1.525271e-07 0.00001023203 14.675978 0.219068 1.022247 4.264253 0.010420 1.000000 
4.287091 0.044673 0.071973 8.060240e-08 0.00001028739 14.652909 0.218827 1.142027 4.287324 0.010420 1.000000 
4.287091 0.044673 0.111899 3.831191e-07 0.00001028739 14.652909 0.218827 1.102101 4.287324 0.010420 1.000000 
4.287091 0.044673 0.151826 5.143868e-07 0.00001028739 14.652909 0.218827 1.062174 4.287324 0.010420 1.000000 
4.287091 0.044673 0.191753 1.664733e-07 0.00001028739 14.652909 0.218827 1.022247 4.287324 0.010420 1.000000 
4.310160 0.044913 0.071973 8.760999e-08 0.00001034275 14.629840 0.218587 1.142027 4.310394 0.010420 1.000000 
4.310160 0.044913 0.111899 3.708224e-07 0.00001034275 14.629840 0.218587 1.102101 4.310394 0.010420 1.000000 
4.310160 0.044913 0.151826 5.244059e-07 0.00001034275 14.629840 0.218587 1.062174 4.310394 0.010420 1.000000 
4.310160 0.044913 0.191753 2.361355e-07 0.00001034275 14.629840 0.218587 1.022247 4.310394 0.010420 1.000000 
4.333229 0.045153 0.071973 6.084885e-08 0.00001039810 14.606771 0.218347 1.142027 4.333465 0.010420 1.000000 
4.333229 0.045153 0.111899 3.381950e-07 0.00001039810 14.606771 0.218347 1.102101 4.333465 0.010420 1.000000 
4.333229 0.045153 0.151826 4.923069e-07 0.00001039810 14.606771 0.218347 1.062174 4.333465 0.010420 1.000000 
4.333229 0.045153 0.191753 2.199937e-07 0.00001039810 14.606771 0.218347 1.022247 4.333465 0.010420 1.000000 
4.356298 0.045394 0.071973 7.969592e-08 0.00001045346 14.583702 0.218106 1.142027 4.356535 0.010420 1.000000 
4.356298 0.045394 0.111899 3.087350e-07 0.00001045346 14.583702 0.218106 1.102101 4.356535 0.010420 1.000000 
4.356298 0.045394 0.151826 5.243177e-07 0.00001045346 14.583702 0.218106 1.062174 4.356535 0.010420 1.000000 
4.356298 0.045394 0.191753 2.834718e-07 0.00001045346 14.583702 0.218106 1.022247 4.356535 0.010420 1.000000 
4.379368 0.045634 0.071973 4.762856e-08 0.00001050882 14.560632 0.217866 1.142027 4.379605 0.010420 1.000000 
4.379368 0.045634 0.111899 3.454462e-07 0.00001050882 14.560632 0.217866 1.102101 4.379605 0.010420 1.000000 
4.379368 0.045634 0.151826 5.430062e-07 0.00001050882 14.560632 0.217866 1.062174 4.379605 0.010420 1.000000 
4.379368 0.045634 0.191753 2.605107e-07 0.00001050882 14.560632 0.217866 1.022247 4.379605 0.010420 1.000000 
4.402437 0.045874 0.071973 5.118316e-08 0.00001056418 14.537563 0.217626 1.142027 4.402676 0.010420 1.000000 
4.402437 0.045874 0.111899 3.516207e-07 0.00001056418 14.537563 0.217626 1.102101 4.402676 0.010420 1.000000 
4.402437 0.045874 0.151826 5.601030e-07 0.00001056418 14.537563 0.217626 1.062174 4.402676 0.010420 1.000000 
4.402437 0.045874 0.191753 2.818459e-07 0.00001056418 14.537563 0.217626 1.022247 4.402676 0.010420 1.000000 
4.425506 0.046115 0.071973 2.910781e-08 0.00001061953 14.514494 0.217385 1.142027 4.425746 0.010420 1.000000 
4.425506 0.046115 0.111899 2.910950e-07 0.00001061953 14.514494 0.217385 1.102101 4.425746 0.010420 1.000000 
4.425506 0.046115 0.151826 5.635920e-07 0.00001061953 14.514494 0.217385 1.062174 4.425746 0.010420 1.000000 
4.425506 0.046115 0.191753 3.032939e-07 0.00001061953 14.514494 0.217385 1.022247 4.425746 0.010420 1.000000 
4.448575 0.046355 0.071973 3.948941e-08 0.00001067489 14.491425 0.217145 1.142027 4.448816 0.010420 1.000000 
4.448575 0.046355 0.111899 3.366794e-07 0.00001067489 14.491425 0.217145 1.102101 4.448816 0.010420 1.000000 
4.448575 0.046355 0.151826 5.103940e-07 0.00001067489 14.491425 0.217145 1.062174 4.448816 0.010420 1.000000 
4.448575 0.046355 0.191753 3.696168e-07 0.00001067489 14.491425 0.217145 1.022247 4.448816 0.010420 1.000000 
4.471644 0.046596 0.071973 3.444981e-08 0.00001073025 14.468356 0.216904 1.142027 4.471887 0.010420 1.000000 
4.471644 0.046596 0.111899 3.015790e-07 0.00001073025 14.468356 0.216904 1.102101 4.471887 0.010420 1.000000 
4.471644 0.046596 0.151826 5.205864e-07 0.00001073025 14.468356 0.216904 1.062174 4.471887 0.010420 1.000000 
4.471644 0.046596 0.191753 3.500879e-07 0.00001073025 14.468356 0.216904 1.022247 4.471887 0.010420 1.000000 
4.494713 0.046836 0.071973 2.593402e-08 0.00001078560 14.445287 0.216664 1.142027 4.494957 0.010420 1.000000 
4.494713 0.046836 0.111899 2.506457e-07 0.00001078560 14.445287 0.216664 1.102101 4.494957 0.010420 1.000000 
4.494713 0.046836 0.151826 5.464822e-07 0.00001078560 14.445287 0.216664 1.062174 4.494957 0.010420 1.000000 
4.494713 0.046836 0.191753 3.598193e-07 0.00001078560 14.445287 0.216664 1.022247 4.494957 0.010420 1.000000 
4.517782 0.047076 0.071973 2.773531e-08 0.00001084096 14.422218 0.216424 1.142027 4.518028 0.010420 1.000000 
4.517782 0.047076 0.111899 2.722688e-07 0.00001084096 14.422218 0.216424 1.102101 4.518028 0.010420 1.000000 
4.517782 0.047076 0.151826 4.632589e-07 0.00001084096 14.422218 0.216424 1.062174 4.518028 0.010420 1.000000 
4.517782 0.047076 0.191753 4.025940e-07 0.00001084096 14.422218 0.216424 1.022247 4.518028 0.010420 1.000000 
4.540851 0.047317 0.071973 1.390941e-08 0.00001089632 14.399149 0.216183 1.142027 4.541098 0.010420 1.000000 
4.540851 0.047317 0.111899 2.679437e-07 0.00001089632 14.399149 0.216183 1.102101 4.541098 0.010420 1.000000 
4.540851 0.047317 0.151826 5.064982e-07 0.00001089632 14.399149 0.216183 1.062174 4.541098 0.010420 1.000000 
4.540851 0.047317 0.191753 4.526709e-07 0.00001089632 14.399149 0.216183 1.022247 4.541098 0.010420 1.000000 
4.563921 0.047557 0.071973 1.396121e-08 0.00001095168 14.376079 0.215943 1.142027 4.564168 0.010420 1.000000 
4.563921 0.047557 0.111899 2.391228e-07 0.00001095168 14.376079 0.215943 1.102101 4.564168 0.010420 1.000000 
4.563921 0.047557 0.151826 5.046300e-07 0.00001095168 14.376079 0.215943 1.062174 4.564168 0.010420 1.000000 
4.563921 0.047557 0.191753 4.506292e-07 0.00001095168 14.376079 0.215943 1.022247 4.564168 0.010420 1.000000 
4.586990 0.047798 0.071973 1.399989e-08 0.00001100703 14.353010 0.215702 1.142027 4.587239 0.010420 1.000000 
4.586990 0.047798 0.111899 2.048511e-07 0.00001100703 14.353010 0.215702 1.102101 4.587239 0.010420 1.000000 
4.586990 0.047798 0.151826 5.202707e-07 0.00001100703 14.353010 0.215702 1.062174 4.587239 0.010420 1.000000 
4.586990 0.047798 0.191753 4.695611e-07 0.00001100703 14.353010 0.215702 1.022247 4.587239 0.010420 1.000000 
4.610059 0.048038 0.071973 8.779137e-09 0.00001106239 14.329941 0.215462 1.142027 4.610309 0.010420 1.000000 
4.610059 0.048038 0.111899 2.055303e-07 0.00001106239 14.329941 0.215462 1.102101 4.610309 0.010420 1.000000 
4.610059 0.048038 0.151826 5.534986e-07 0.00001106239 14.329941 0.215462 1.062174 4.610309 0.010420 1.000000 
4.610059 0.048038 0.191753 5.167921e-07 0.00001106239 14.329941 0.215462 1.022247 4.610309 0.010420 1.000000 
4.633128 0.048278 0.071973 7.047054e-09 0.00001111775 14.306872 0.215222 1.142027 4.633379 0.010420 1.000000 
4.633128 0.048278 0.111899 1.850337e-07 0.00001111775 14.306872 0.215222 1.102101 4.633379 0.010420 1.000000 
4.633128 0.048278 0.151826 5.023673e-07 0.00001111775 14.306872 0.215222 1.062174 4.633379 0.010420 1.000000 
4.633128 0.048278 0.191753 4.796582e-07 0.00001111775 14.306872 0.215222 1.022247 4.633379 0.010420 1.000000 
4.633128 0.048278 0.231679 5.291167e-09 0.00001111775 14.306872 0.215222 0.982321 4.633379 0.010420 1.000000 
4.656197 0.048519 0.111899 1.785532e-07 0.00001117310 14.283803 0.214981 1.102101 4.656450 0.010420 1.000000 
4.656197 0.048519 0.151826 5.111025e-07 0.00001117310 14.283803 0.214981 1.062174 4.656450 0.010420 1.000000 
4.656197 0.048519 0.191753 5.573358e-07 0.00001117310 14.283803 0.214981 1.022247 4.656450 0.010420 1.000000 
4.656197 0.048519 0.231679 7.082757e-09 0.00001117310 14.283803 0.214981 0.982321 4.656450 0.010420 1.000000 
4.679266 0.048759 0.071973 1.770705e-09 0.00001122846 14.260734 0.214741 1.142027 4.679520 0.010420 1.000000 
4.679266 0.048759 0.111899 1.365341e-07 0.00001122846 14.260734 0.214741 1.102101 4.679520 0.010420 1.000000 
4.679266 0.048759 0.151826 5.180602e-07 0.00001122846 14.260734 0.214741 1.062174 4.679520 0.010420 1.000000 
4.679266 0.048759 0.191753 5.307082e-07 0.00001122846 14.260734 0.214741 1.022247 4.679520 0.010420 1.000000 
4.679266 0.048759 0.231679 1.775670e-08 0.00001122846 14.260734 0.214741 0.982321 4.679520 0.010420 1.000000 
4.702335 0.048999 0.111899 1.547694e-07 0.00001128382 14.237665 0.214501 1.102101 4.702591 0.010420 1.000000 
4.702335 0.048999 0.151826 4.805937e-07 0.00001128382 14.237665 0.214501 1.062174 4.702591 0.010420 1.000000 
4.702335 0.048999 0.191753 5.840239e-07 0.00001128382 14.237665 0.214501 1.022247 4.702591 0.010420 1.000000 
4.702335 0.048999 0.231679 2.849644e-08 0.00001128382 14.237665 0.214501 0.982321 4.702591 0.010420 1.000000 
4.725404 0.049240 0.111899 1.053089e-07 0.00001133918 14.214596 0.214260 1.102101 4.725661 0.010420 1.000000 
4.725404 0.049240 0.151826 4.767446e-07 0.00001133918 14.214596 0.214260 1.062174 4.725661 0.010420 1.000000 
4.725404 0.049240 0.191753 5.823520e-07 0.00001133918 14.214596 0.214260 1.022247 4.725661 0.010420 1.000000 
4.725404 0.049240 0.231679 5.002465e-08 0.00001133918 14.214596 0.214260 0.982321 4.725661 0.010420 1.000000 
4.748474 0.049480 0.111899 1.217732e-07 0.00001139453 14.191526 0.214020 1.102101 4.748731 0.010420 1.000000 
4.748474 0.049480 0.151826 4.102488e-07 0.00001139453 14.191526 0.214020 1.062174 4.748731 0.010420 1.000000 
4.748474 0.049480 0.191753 5.842791e-07 0.00001139453 14.191526 0.214020 1.022247 4.748731 0.010420 1.000000 
4.748474 0.049480 0.231679 7.889080e-08 0.00001139453 14.191526 0.214020 0.982321 4.748731 0.010420 1.000000 
4.771543 0.049721 0.111899 1.167960e-07 0.00001144989 14.168457 0.213779 1.102101 4.771802 0.010420 1.000000 
4.771543 0.049721 0.151826 4.637031e-07 0.00001144989 14.168457 0.213779 1.062174 4.771802 0.010420 1.000000 
4.771543 0.049721 0.191753 5.897221e-07 0.00001144989 14.168457 0.213779 1.022247 4.771802 0.010420 1.000000 
4.771543 0.049721 0.231679 8.632386e-08 0.00001144989 14.168457 0.213779 0.982321 4.771802 0.010420 1.000000 
4.794612 0.049961 0.111899 8.651742e-08 0.00001150525 14.145388 0.213539 1.102101 4.794872 0.010420 1.000000 
4.794612 0.049961 0.151826 4.453889e-07 0.00001150525 14.145388 0.213539 1.062174 4.794872 0.010420 1.000000 
4.794612 0.049961 0.191753 5.916824e-07 0.00001150525 14.145388 0.213539 1.022247 4.794872 0.010420 1.000000 
4.794612 0.049961 0.231679 9.924123e-08 0.00001150525 14.145388 0.213539 0.982321 4.794872 0.010420 1.000000 
4.817681 0.050201 0.111899 7.235046e-08 0.00001156060 14.122319 0.213299 1.102101 4.817943 0.010420 1.000000 
4.817681 0.050201 0.151826 4.214699e-07 0.00001156060 14.122319 0.213299 1.062174 4.817943 0.010420 1.000000 
4.817681 0.050201 0.191753 5.990003e-07 0.00001156060 14.122319 0.213299 1.022247 4.817943 0.010420 1.000000 
4.817681 0.050201 0.231679 1.411984e-07 0.00001156060 14.122319 0.213299 0.982321 4.817943 0.010420 1.000000 
4.840750 0.050442 0.111899 6.349304e-08 0.00001161596 14.099250 0.213058 1.102101 4.841013 0.010420 1.000000 
4.840750 0.050442 0.151826 3.793225e-07 0.00001161596 14.099250 0.213058 1.062174 4.841013 0.010420 1.000000 
4.840750 0.050442 0.191753 5.845954e-07 0.00001161596 14.099250 0.213058 1.022247 4.841013 0.010420 1.000000 
4.840750 0.050442 0.231679 1.671037e-07 0.00001161596 14.099250 0.213058 0.982321 4.841013 0.010420 1.000000 
4.863819 0.050682 0.111899 5.824843e-08 0.00001167132 14.076181 0.212818 1.102101 4.864083 0.010420 1.000000 
4.863819 0.050682 0.151826 3.805440e-07 0.00001167132 14.076181 0.212818 1.062174 4.864083 0.010420 1.000000 
4.863819 0.050682 0.191753 5.810871e-07 0.00001167132 14.076181 0.212818 1.022247 4.864083 0.010420 1.000000 
4.863819 0.050682 0.231679 2.131639e-07 0.00001167132 14.076181 0.212818 0.982321 4.864083 0.010420 1.000000 
4.886888 0.050923 0.111899 7.120736e-08 0.00001172667 14.053112 0.212577 1.102101 4.887154 0.010420 1.000000 
4.886888 0.050923 0.151826 3.745390e-07 0.00001172667 14.053112 0.212577 1.062174 4.887154 0.010420 1.000000 
4.886888 0.050923 0.191753 5.683109e-07 0.00001172667 14.053112 0.212577 1.022247 4.887154 0.010420 1.000000 
4.886888 0.050923 0.231679 2.047429e-07 0.00001172667 14.053112 0.212577 0.982321 4.887154 0.010420 1.000000 
4.909958 0.051163 0.111899 4.946399e-08 0.00001178203 14.030042 0.212337 1.102101 4.910224 0.010420 1.000000 
4.909958 0.051163 0.151826 3.665509e-07 0.00001178203 14.030042 0.212337 1.062174 4.910224 0.010420 1.000000 
4.909958 0.051163 0.191753 5.537027e-07 0.00001178203 14.030042 0.212337 1.022247 4.910224 0.010420 1.000000 
4.909958 0.051163 0.231679 2.164127e-07 0.00001178203 14.030042 0.212337 0.982321 4.910224 0.010420 1.000000 
4.933027 0.051403 0.111899 6.984826e-08 0.00001183739 14.006973 0.212097 1.102101 4.933294 0.010420 1.000000 
4.933027 0.051403 0.151826 3.126045e-07 0.00001183739 14.006973 0.212097 1.062174 4.933294 0.010420 1.000000 
4.933027 0.051403 0.191753 5.334777e-07 0.00001183739 14.006973 0.212097 1.022247 4.933294 0.010420 1.000000 
4.933027 0.051403 0.231679 2.539074e-07 0.00001183739 14.006973 0.212097 0.982321 4.933294 0.010420 1.000000 
4.956096 0.051644 0.111899 3.687654e-08 0.00001189275 13.983904 0.211856 1.102101 4.956365 0.010420 1.000000 
4.956096 0.051644 0.151826 3.671376e-07 0.00001189275 13.983904 0.211856 1.062174 4.956365 0.010420 1.000000 
4.956096 0.051644 0.191753 5.924444e-07 0.00001189275 13.983904 0.211856 1.022247 4.956365 0.010420 1.000000 
4.956096 0.051644 0.231679 2.677014e-07 0.00001189275 13.983904 0.211856 0.982321 4.956365 0.010420 1.000000 
4.979165 0.051884 0.111899 2.404444e-08 0.00001194810 13.960835 0.211616 1.102101 4.979435 0.010420 1.000000 
4.979165 0.051884 0.151826 3.183188e-07 0.00001194810 13.960835 0.211616 1.062174 4.979435 0.010420 1.000000 
4.979165 0.051884 0.191753 5.851274e-07 0.00001194810 13.960835 0.211616 1.022247 4.979435 0.010420 1.000000 
4.979165 0.051884 0.231679 2.389301e-07 0.00001194810 13.960835 0.211616 0.982321 4.979435 0.010420 1.000000 
5.002234 0.052124 0.111899 2.412753e-08 0.00001200346 13.937766 0.211376 1.102101 5.002506 0.010420 1.000000 
5.002234 0.052124 0.151826 3.194146e-07 0.00001200346 13.937766 0.211376 1.062174 5.002506 0.010420 1.000000 
5.002234 0.052124 0.191753 5.554619e-07 0.00001200346 13.937766 0.211376 1.022247 5.002506 0.010420 1.000000 
5.002234 0.052124 0.231679 3.121949e-07 0.00001200346 13.937766 0.211376 0.982321 5.002506 0.010420 1.000000 
5.025303 0.052365 0.111899 3.910599e-08 0.00001205882 13.914697 0.211135 1.102101 5.025576 0.010420 1.000000 
5.025303 0.052365 0.151826 2.776342e-07 0.00001205882 13.914697 0.211135 1.062174 5.025576 0.010420 1.000000 
5.025303 0.052365 0.191753 5.553845e-07 0.00001205882 13.914697 0.211135 1.022247 5.025576 0.010420 1.000000 
5.025303 0.052365 0.231679 3.430617e-07 0.00001205882 13.914697 0.211135 0.982321 5.025576 0.010420 1.000000 
5.048372 0.052605 0.111899 1.120724e-08 0.00001211417 13.891628 0.210895 1.102101 5.048646 0.010420 1.000000 
5.048372 0.052605 0.151826 2.616597e-07 0.00001211417 13.891628 0.210895 1.062174 5.048646 0.010420 1.000000 
5.048372 0.052605 0.191753 5.423626e-07 0.00001211417 13.891628 0.210895 1.022247 5.048646 0.010420 1.000000 
5.048372 0.052605 0.231679 3.684964e-07 0.00001211417 13.891628 0.210895 0.982321 5.048646 0.010420 1.000000 
5.071441 0.052846 0.111899 1.499713e-08 0.00001216953 13.868559 0.210654 1.102101 5.071717 0.010420 1.000000 
5.071441 0.052846 0.151826 2.400402e-07 0.00001216953 13.868559 0.210654 1.062174 5.071717 0.010420 1.000000 
5.071441 0.052846 0.191753 5.797190e-07 0.00001216953 13.868559 0.210654 1.022247 5.071717 0.010420 1.000000 
5.071441 0.052846 0.231679 3.828633e-07 0.00001216953 13.868559 0.210654 0.982321 5.071717 0.010420 1.000000 
5.094511 0.053086 0.111899 5.641219e-09 0.00001222489 13.845489 0.210414 1.102101 5.094787 0.010420 1.000000 
5.094511 0.053086 0.151826 2.032042e-07 0.00001222489 13.845489 0.210414 1.062174 5.094787 0.010420 1.000000 
5.094511 0.053086 0.191753 5.327632e-07 0.00001222489 13.845489 0.210414 1.022247 5.094787 0.010420 1.000000 
5.094511 0.053086 0.231679 4.463087e-07 0.00001222489 13.845489 0.210414 0.982321 5.094787 0.010420 1.000000 
5.117580 0.053326 0.111899 5.660483e-09 0.00001228025 13.822420 0.210174 1.102101 5.117857 0.010420 1.000000 
5.117580 0.053326 0.151826 2.416400e-07 0.00001228025 13.822420 0.210174 1.062174 5.117857 0.010420 1.000000 
5.117580 0.053326 0.191753 5.572153e-07 0.00001228025 13.822420 0.210174 1.022247 5.117857 0.010420 1.000000 
5.117580 0.053326 0.231679 4.515633e-07 0.00001228025 13.822420 0.210174 0.982321 5.117857 0.010420 1.000000 
5.140649 0.053567 0.111899 5.680183e-09 0.00001233560 13.799351 0.209933 1.102101 5.140928 0.010420 1.000000 
5.140649 0.053567 0.151826 1.780571e-07 0.00001233560 13.799351 0.209933 1.062174 5.140928 0.010420 1.000000 
5.140649 0.053567 0.191753 5.798882e-07 0.00001233560 13.799351 0.209933 1.022247 5.140928 0.010420 1.000000 
5.140649 0.053567 0.231679 4.663355e-07 0.00001233560 13.799351 0.209933 0.982321 5.140928 0.010420 1.000000 
5.163718 0.053807 0.151826 1.786439e-07 0.00001239096 13.776282 0.209693 1.062174 5.163998 0.010420 1.000000 
5.163718 0.053807 0.191753 5.323415e-07 0.00001239096 13.776282 0.209693 1.022247 5.163998 0.010420 1.000000 
5.163718 0.053807 0.231679 5.648907e-07 0.00001239096 13.776282 0.209693 0.982321 5.163998 0.010420 1.000000 
5.186787 0.054048 0.111899 1.906386e-09 0.00001244632 13.753213 0.209452 1.102101 5.187069 0.010420 1.000000 
5.186787 0.054048 0.151826 1.525459e-07 0.00001244632 13.753213 0.209452 1.062174 5.187069 0.010420 1.000000 
5.186787 0.054048 0.191753 5.456190e-07 0.00001244632 13.753213 0.209452 1.022247 5.187069 0.010420 1.000000 
5.186787 0.054048 0.231679 5.000108e-07 0.00001244632 13.753213 0.209452 0.982321 5.187069 0.010420 1.000000 
5.186787 0.054048 0.271606 1.911426e-09 0.00001244632 13.753213 0.209452 0.942394 5.187069 0.010420 1.000000 
5.209856 0.054288 0.151826 1.492415e-07 0.00001250167 13.730144 0.209212 1.062174 5.210139 0.010420 1.000000 
5.209856 0.054288 0.191753 4.784965e-07 0.00001250167 13.730144 0.209212 1.022247 5.210139 0.010420 1.000000 
5.209856 0.054288 0.231679 5.456978e-07 0.00001250167 13.730144 0.209212 0.982321 5.210139 0.010420 1.000000 
5.209856 0.054288 0.271606 1.916279e-09 0.00001250167 13.730144 0.209212 0.942394 5.210139 0.010420 1.000000 
5.232925 0.054528 0.151826 1.497182e-07 0.00001255703 13.707075 0.208972 1.062174 5.233209 0.010420 1.000000 
5.232925 0.054528 0.191753 5.127581e-07 0.00001255703 13.707075 0.208972 1.022247 5.233209 0.010420 1.000000 
5.232925 0.054528 0.231679 5.475604e-07 0.00001255703 13.707075 0.208972 0.982321 5.233209 0.010420 1.000000 
5.232925 0.054528 0.271606 7.687231e-09 0.00001255703 13.707075 0.208972 0.942394 5.233209 0.010420 1.000000 
5.255994 0.054769 0.151826 1.039948e-07 0.00001261239 13.684006 0.208731 1.062174 5.256280 0.010420 1.000000 
5.255994 0.054769 0.191753 4.893955e-07 0.00001261239 13.684006 0.208731 1.022247 5.256280 0.010420 1.000000 
5.255994 0.054769 0.231679 5.782618e-07 0.00001261239 13.684006 0.208731 0.982321 5.256280 0.010420 1.000000 
5.255994 0.054769 0.271606 2.121360e-08 0.00001261239 13.684006 0.208731 0.942394 5.256280 0.010420 1.000000 
5.279064 0.055009 0.151826 9.664264e-08 0.00001266775 13.660936 0.208491 1.062174 5.279350 0.010420 1.000000 
5.279064 0.055009 0.191753 4.697867e-07 0.00001266775 13.660936 0.208491 1.022247 5.279350 0.010420 1.000000 
5.279064 0.055009 0.231679 6.092621e-07 0.00001266775 13.660936 0.208491 0.982321 5.279350 0.010420 1.000000 
5.279064 0.055009 0.271606 2.516353e-08 0.00001266775 13.660936 0.208491 0.942394 5.279350 0.010420 1.000000 
5.302133 0.055249 0.151826 9.499473e-08 0.00001272310 13.637867 0.208251 1.062174 5.302421 0.010420 1.000000 
5.302133 0.055249 0.191753 4.404130e-07 0.00001272310 13.637867 0.208251 1.022247 5.302421 0.010420 1.000000 
5.302133 0.055249 0.231679 5.997241e-07 0.00001272310 13.637867 0.208251 0.982321 5.302421 0.010420 1.000000 
5.302133 0.055249 0.271606 4.660326e-08 0.00001272310 13.637867 0.208251 0.942394 5.302421 0.010420 1.000000 
5.325202 0.055490 0.151826 7.782318e-08 0.00001277846 13.614798 0.208010 1.062174 5.325491 0.010420 1.000000 
5.325202 0.055490 0.191753 4.885460e-07 0.00001277846 13.614798 0.208010 1.022247 5.325491 0.010420 1.000000 
5.325202 0.055490 0.231679 6.250576e-07 0.00001277846 13.614798 0.208010 0.982321 5.325491 0.010420 1.000000 
5.325202 0.055490 0.271606 6.035935e-08 0.00001277846 13.614798 0.208010 0.942394 5.325491 0.010420 1.000000 
5.348271 0.055730 0.151826 6.247453e-08 0.00001283382 13.591729 0.207770 1.062174 5.348561 0.010420 1.000000 
5.348271 0.055730 0.191753 4.159643e-07 0.00001283382 13.591729 0.207770 1.022247 5.348561 0.010420 1.000000 
5.348271 0.055730 0.231679 6.271533e-07 0.00001283382 13.591729 0.207770 0.982321 5.348561 0.010420 1.000000 
5.348271 0.055730 0.271606 8.794505e-08 0.00001283382 13.591729 0.207770 0.942394 5.348561 0.010420 1.000000 
5.371340 0.055971 0.151826 5.681187e-08 0.00001288917 13.568660 0.207529 1.062174 5.371632 0.010420 1.000000 
5.371340 0.055971 0.191753 4.742338e-07 0.00001288917 13.568660 0.207529 1.022247 5.371632 0.010420 1.000000 
5.371340 0.055971 0.231679 6.704420e-07 0.00001288917 13.568660 0.207529 0.982321 5.371632 0.010420 1.000000 
5.371340 0.055971 0.271606 1.215990e-07 0.00001288917 13.568660 0.207529 0.942394 5.371632 0.010420 1.000000 
5.394409 0.056211 0.151826 3.537460e-08 0.00001294453 13.545591 0.207289 1.062174 5.394702 0.010420 1.000000 
5.394409 0.056211 0.191753 4.305572e-07 0.00001294453 13.545591 0.207289 1.022247 5.394702 0.010420 1.000000 
5.394409 0.056211 0.231679 5.842127e-07 0.00001294453 13.545591 0.207289 0.982321 5.394702 0.010420 1.000000 
5.394409 0.056211 0.271606 1.357639e-07 0.00001294453 13.545591 0.207289 0.942394 5.394702 0.010420 1.000000 
5.417478 0.056451 0.151826 3.943108e-08 0.00001299989 13.522522 0.207049 1.062174 5.417772 0.010420 1.000000 
5.417478 0.056451 0.191753 3.945907e-07 0.00001299989 13.522522 0.207049 1.022247 5.417772 0.010420 1.000000 
5.417478 0.056451 0.231679 6.355750e-07 0.00001299989 13.522522 0.207049 0.982321 5.417772 0.010420 1.000000 
5.417478 0.056451 0.271606 1.875531e-07 0.00001299989 13.522522 0.207049 0.942394 5.417772 0.010420 1.000000 
5.440547 0.056692 0.151826 3.760326e-08 0.00001305525 13.499453 0.206808 1.062174 5.440843 0.010420 1.000000 
5.440547 0.056692 0.191753 3.859826e-07 0.00001305525 13.499453 0.206808 1.022247 5.440843 0.010420 1.000000 
5.440547 0.056692 0.231679 6.079525e-07 0.00001305525 13.499453 0.206808 0.982321 5.440843 0.010420 1.000000 
5.440547 0.056692 0.271606 2.040711e-07 0.00001305525 13.499453 0.206808 0.942394 5.440843 0.010420 1.000000 
5.463617 0.056932 0.151826 2.779299e-08 0.00001311060 13.476383 0.206568 1.062174 5.463913 0.010420 1.000000 
5.463617 0.056932 0.191753 3.495399e-07 0.00001311060 13.476383 0.206568 1.022247 5.463913 0.010420 1.000000 
5.463617 0.056932 0.231679 6.637801e-07 0.00001311060 13.476383 0.206568 0.982321 5.463913 0.010420 1.000000 
5.463617 0.056932 0.271606 2.146456e-07 0.00001311060 13.476383 0.206568 0.942394 5.463913 0.010420 1.000000 
5.486686 0.057173 0.151826 3.585484e-08 0.00001316596 13.453314 0.206327 1.062174 5.486984 0.010420 1.000000 
5.486686 0.057173 0.191753 3.308485e-07 0.00001316596 13.453314 0.206327 1.022247 5.486984 0.010420 1.000000 
5.486686 0.057173 0.231679 6.101300e-07 0.00001316596 13.453314 0.206327 0.982321 5.486984 0.010420 1.000000 
5.486686 0.057173 0.271606 2.452686e-07 0.00001316596 13.453314 0.206327 0.942394 5.486984 0.010420 1.000000 
5.509755 0.057413 0.151826 3.197884e-08 0.00001322132 13.430245 0.206087 1.062174 5.510054 0.010420 1.000000 
5.509755 0.057413 0.191753 3.220303e-07 0.00001322132 13.430245 0.206087 1.022247 5.510054 0.010420 1.000000 
5.509755 0.057413 0.231679 6.623161e-07 0.00001322132 13.430245 0.206087 0.982321 5.510054 0.010420 1.000000 
5.509755 0.057413 0.271606 2.441875e-07 0.00001322132 13.430245 0.206087 0.942394 5.510054 0.010420 1.000000 
5.532824 0.057653 0.151826 1.404579e-08 0.00001327667 13.407176 0.205847 1.062174 5.533124 0.010420 1.000000 
5.532824 0.057653 0.191753 2.809373e-07 0.00001327667 13.407176 0.205847 1.022247 5.533124 0.010420 1.000000 
5.532824 0.057653 0.231679 6.103171e-07 0.00001327667 13.407176 0.205847 0.982321 5.533124 0.010420 1.000000 
5.532824 0.057653 0.271606 2.791374e-07 0.00001327667 13.407176 0.205847 0.942394 5.533124 0.010420 1.000000 
5.555893 0.057894 0.151826 1.208114e-08 0.00001333203 13.384107 0.205606 1.062174 5.556195 0.010420 1.000000 
5.555893 0.057894 0.191753 3.383201e-07 0.00001333203 13.384107 0.205606 1.022247 5.556195 0.010420 1.000000 
5.555893 0.057894 0.231679 5.942943e-07 0.00001333203 13.384107 0.205606 0.982321 5.556195 0.010420 1.000000 
5.555893 0.057894 0.271606 3.224607e-07 0.00001333203 13.384107 0.205606 0.942394 5.556195 0.010420 1.000000 
5.578962 0.058134 0.151826 4.034462e-09 0.00001338739 13.361038 0.205366 1.062174 5.579265 0.010420 1.000000 
5.578962 0.058134 0.191753 2.626408e-07 0.00001338739 13.361038 0.205366 1.022247 5.579265 0.010420 1.000000 
5.578962 0.058134 0.231679 6.084913e-07 0.00001338739 13.361038 0.205366 0.982321 5.579265 0.010420 1.000000 
5.578962 0.058134 0.271606 3.417223e-07 0.00001338739 13.361038 0.205366 0.942394 5.579265 0.010420 1.000000 
5.602031 0.058374 0.191753 2.737418e-07 0.00001344275 13.337969 0.205126 1.022247 5.602335 0.010420 1.000000 
5.602031 0.058374 0.231679 5.821892e-07 0.00001344275 13.337969 0.205126 0.982321 5.602335 0.010420 1.000000 
5.602031 0.058374 0.271606 3.855369e-07 0.00001344275 13.337969 0.205126 0.942394 5.602335 0.010420 1.000000 
5.625100 0.058615 0.151826 4.067154e-09 0.00001349810 13.314900 0.204885 1.062174 5.625406 0.010420 1.000000 
5.625100 0.058615 0.191753 2.237913e-07 0.00001349810 13.314900 0.204885 1.022247 5.625406 0.010420 1.000000 
5.625100 0.058615 0.231679 5.963788e-07 0.00001349810 13.314900 0.204885 0.982321 5.625406 0.010420 1.000000 
5.625100 0.058615 0.271606 3.889381e-07 0.00001349810 13.314900 0.204885 0.942394 5.625406 0.010420 1.000000 
5.648170 0.058855 0.191753 1.816912e-07 0.00001355346 13.291830 0.204645 1.022247 5.648476 0.010420 1.000000 
5.648170 0.058855 0.231679 6.311696e-07 0.00001355346 13.291830 0.204645 0.982321 5.648476 0.010420 1.000000 
5.648170 0.058855 0.271606 4.311310e-07 0.00001355346 13.291830 0.204645 0.942394 5.648476 0.010420 1.000000 
5.671239 0.059096 0.151826 4.098210e-09 0.00001360882 13.268761 0.204404 1.062174 5.671547 0.010420 1.000000 
5.671239 0.059096 0.191753 1.864839e-07 0.00001360882 13.268761 0.204404 1.022247 5.671547 0.010420 1.000000 
5.671239 0.059096 0.231679 6.189313e-07 0.00001360882 13.268761 0.204404 0.982321 5.671547 0.010420 1.000000 
5.671239 0.059096 0.271606 4.346881e-07 0.00001360882 13.268761 0.204404 0.942394 5.671547 0.010420 1.000000 
5.694308 0.059336 0.151826 2.058508e-09 0.00001366417 13.245692 0.204164 1.062174 5.694617 0.010420 1.000000 
5.694308 0.059336 0.191753 1.788271e-07 0.00001366417 13.245692 0.204164 1.022247 5.694617 0.010420 1.000000 
5.694308 0.059336 0.231679 5.881716e-07 0.00001366417 13.245692 0.204164 0.982321 5.694617 0.010420 1.000000 
5.694308 0.059336 0.271606 5.288030e-07 0.00001366417 13.245692 0.204164 0.942394 5.694617 0.010420 1.000000 
5.717377 0.059576 0.191753 1.341194e-07 0.00001371953 13.222623 0.203924 1.022247 5.717687 0.010420 1.000000 
5.717377 0.059576 0.231679 5.591878e-07 0.00001371953 13.222623 0.203924 0.982321 5.717687 0.010420 1.000000 
5.717377 0.059576 0.271606 5.595012e-07 0.00001371953 13.222623 0.203924 0.942394 5.717687 0.010420 1.000000 
5.740446 0.059817 0.191753 1.242145e-07 0.00001377489 13.199554 0.203683 1.022247 5.740758 0.010420 1.000000 
5.740446 0.059817 0.231679 5.508619e-07 0.00001377489 13.199554 0.203683 0.982321 5.740758 0.010420 1.000000 
5.740446 0.059817 0.271606 5.304350e-07 0.00001377489 13.199554 0.203683 0.942394 5.740758 0.010420 1.000000 
5.763515 0.060057 0.191753 9.763834e-08 0.00001383025 13.176485 0.203443 1.022247 5.763828 0.010420 1.000000 
5.763515 0.060057 0.231679 5.299530e-07 0.00001383025 13.176485 0.203443 0.982321 5.763828 0.010420 1.000000 
5.763515 0.060057 0.271606 5.633752e-07 0.00001383025 13.176485 0.203443 0.942394 5.763828 0.010420 1.000000 
5.786584 0.060298 0.191753 8.336599e-08 0.00001388560 13.153416 0.203202 1.022247 5.786899 0.010420 1.000000 
5.786584 0.060298 0.231679 5.422325e-07 0.00001388560 13.153416 0.203202 0.982321 5.786899 0.010420 1.000000 
5.786584 0.060298 0.271606 6.279804e-07 0.00001388560 13.153416 0.203202 0.942394 5.786899 0.010420 1.000000 
5.809654 0.060538 0.191753 7.739549e-08 0.00001394096 13.130346 0.202962 1.022247 5.809969 0.010420 1.000000 
5.809654 0.060538 0.231679 4.918127e-07 0.00001394096 13.130346 0.202962 0.982321 5.809969 0.010420 1.000000 
5.809654 0.060538 0.271606 5.568778e-07 0.00001394096 13.130346 0.202962 0.942394 5.809969 0.010420 1.000000 
5.832723 0.060778 0.191753 9.237041e-08 0.00001399632 13.107277 0.202722 1.022247 5.833039 0.010420 1.000000 
5.832723 0.060778 0.231679 4.956413e-07 0.00001399632 13.107277 0.202722 0.982321 5.833039 0.010420 1.000000 
5.832723 0.060778 0.271606 6.051052e-07 0.00001399632 13.107277 0.202722 0.942394 5.833039 0.010420 1.000000 
5.832723 0.060778 0.311532 1.471645e-08 0.00001399632 13.107277 0.202722 0.902468 5.833039 0.010420 1.000000 
5.855792 0.061019 0.191753 5.055489e-08 0.00001405167 13.084208 0.202481 1.022247 5.856110 0.010420 1.000000 
5.855792 0.061019 0.231679 4.994495e-07 0.00001405167 13.084208 0.202481 0.982321 5.856110 0.010420 1.000000 
5.855792 0.061019 0.271606 6.367164e-07 0.00001405167 13.084208 0.202481 0.942394 5.856110 0.010420 1.000000 
5.855792 0.061019 0.311532 2.952429e-08 0.00001405167 13.084208 0.202481 0.902468 5.856110 0.010420 1.000000 
5.878861 0.061259 0.191753 3.384368e-08 0.00001410703 13.061139 0.202241 1.022247 5.879180 0.010420 1.000000 
5.878861 0.061259 0.231679 4.314543e-07 0.00001410703 13.061139 0.202241 0.982321 5.879180 0.010420 1.000000 
5.878861 0.061259 0.271606 6.749270e-07 0.00001410703 13.061139 0.202241 0.942394 5.879180 0.010420 1.000000 
5.878861 0.061259 0.311532 4.233678e-08 0.00001410703 13.061139 0.202241 0.902468 5.879180 0.010420 1.000000 
5.901930 0.061500 0.191753 5.092162e-08 0.00001416239 13.038070 0.202000 1.022247 5.902250 0.010420 1.000000 
5.901930 0.061500 0.231679 4.881671e-07 0.00001416239 13.038070 0.202000 0.982321 5.902250 0.010420 1.000000 
5.901930 0.061500 0.271606 6.517816e-07 0.00001416239 13.038070 0.202000 0.942394 5.902250 0.010420 1.000000 
5.901930 0.061500 0.311532 4.461548e-08 0.00001416239 13.038070 0.202000 0.902468 5.902250 0.010420 1.000000 
5.924999 0.061740 0.191753 3.407511e-08 0.00001421775 13.015001 0.201760 1.022247 5.925321 0.010420 1.000000 
5.924999 0.061740 0.231679 4.237976e-07 0.00001421775 13.015001 0.201760 0.982321 5.925321 0.010420 1.000000 
5.924999 0.061740 0.271606 6.583264e-07 0.00001421775 13.015001 0.201760 0.942394 5.925321 0.010420 1.000000 
5.924999 0.061740 0.311532 1.001811e-07 0.00001421775 13.015001 0.201760 0.902468 5.925321 0.010420 1.000000 
5.948068 0.061980 0.191753 3.418651e-08 0.00001427310 12.991932 0.201520 1.022247 5.948391 0.010420 1.000000 
5.948068 0.061980 0.231679 3.398455e-07 0.00001427310 12.991932 0.201520 0.982321 5.948391 0.010420 1.000000 
5.948068 0.061980 0.271606 7.269777e-07 0.00001427310 12.991932 0.201520 0.942394 5.948391 0.010420 1.000000 
5.948068 0.061980 0.311532 1.261954e-07 0.00001427310 12.991932 0.201520 0.902468 5.948391 0.010420 1.000000 
5.971137 0.062221 0.191753 3.646003e-08 0.00001432846 12.968863 0.201279 1.022247 5.971462 0.010420 1.000000 
5.971137 0.062221 0.231679 3.775106e-07 0.00001432846 12.968863 0.201279 0.982321 5.971462 0.010420 1.000000 
5.971137 0.062221 0.271606 6.630776e-07 0.00001432846 12.968863 0.201279 0.942394 5.971462 0.010420 1.000000 
5.971137 0.062221 0.311532 1.673580e-07 0.00001432846 12.968863 0.201279 0.902468 5.971462 0.010420 1.000000 
5.994207 0.062461 0.191753 2.796298e-08 0.00001438382 12.945793 0.201039 1.022247 5.994532 0.010420 1.000000 
5.994207 0.062461 0.231679 3.143010e-07 0.00001438382 12.945793 0.201039 0.982321 5.994532 0.010420 1.000000 
5.994207 0.062461 0.271606 6.374253e-07 0.00001438382 12.945793 0.201039 0.942394 5.994532 0.010420 1.000000 
5.994207 0.062461 0.311532 1.701822e-07 0.00001438382 12.945793 0.201039 0.902468 5.994532 0.010420 1.000000 
6.017276 0.062701 0.191753 8.634539e-09 0.00001443917 12.922724 0.200799 1.022247 6.017602 0.010420 1.000000 
6.017276 0.062701 0.231679 3.132376e-07 0.00001443917 12.922724 0.200799 0.982321 6.017602 0.010420 1.000000 
6.017276 0.062701 0.271606 6.655982e-07 0.00001443917 12.922724 0.200799 0.942394 6.017602 0.010420 1.000000 
6.017276 0.062701 0.311532 1.772390e-07 0.00001443917 12.922724 0.200799 0.902468 6.017602 0.010420 1.000000 
6.040345 0.062942 0.191753 4.331881e-09 0.00001449453 12.899655 0.200558 1.022247 6.040673 0.010420 1.000000 
6.040345 0.062942 0.231679 3.533576e-07 0.00001449453 12.899655 0.200558 0.982321 6.040673 0.010420 1.000000 
6.040345 0.062942 0.271606 6.700852e-07 0.00001449453 12.899655 0.200558 0.942394 6.040673 0.010420 1.000000 
6.040345 0.062942 0.311532 2.777155e-07 0.00001449453 12.899655 0.200558 0.902468 6.040673 0.010420 1.000000 
6.063414 0.063182 0.191753 1.087277e-08 0.00001454989 12.876586 0.200318 1.022247 6.063743 0.010420 1.000000 
6.063414 0.063182 0.231679 2.762671e-07 0.00001454989 12.876586 0.200318 0.982321 6.063743 0.010420 1.000000 
6.063414 0.063182 0.271606 6.637890e-07 0.00001454989 12.876586 0.200318 0.942394 6.063743 0.010420 1.000000 
6.063414 0.063182 0.311532 2.960805e-07 0.00001454989 12.876586 0.200318 0.902468 6.063743 0.010420 1.000000 
6.086483 0.063423 0.231679 2.423656e-07 0.00001460525 12.853517 0.200077 0.982321 6.086813 0.010420 1.000000 
6.086483 0.063423 0.271606 6.967623e-07 0.00001460525 12.853517 0.200077 0.942394 6.086813 0.010420 1.000000 
6.086483 0.063423 0.311532 2.862692e-07 0.00001460525 12.853517 0.200077 0.902468 6.086813 0.010420 1.000000 
6.109552 0.063663 0.191753 2.186673e-09 0.00001466060 12.830448 0.199837 1.022247 6.109884 0.010420 1.000000 
6.109552 0.063663 0.231679 2.760897e-07 0.00001466060 12.830448 0.199837 0.982321 6.109884 0.010420 1.000000 
6.109552 0.063663 0.271606 6.050271e-07 0.00001466060 12.830448 0.199837 0.942394 6.109884 0.010420 1.000000 
6.109552 0.063663 0.311532 2.894860e-07 0.00001466060 12.830448 0.199837 0.902468 6.109884 0.010420 1.000000 
6.132621 0.063903 0.231679 2.265129e-07 0.00001471596 12.807379 0.199597 0.982321 6.132954 0.010420 1.000000 
6.132621 0.063903 0.271606 6.336196e-07 0.00001471596 12.807379 0.199597 0.942394 6.132954 0.010420 1.000000 
6.132621 0.063903 0.311532 3.301457e-07 0.00001471596 12.807379 0.199597 0.902468 6.132954 0.010420 1.000000 
6.155690 0.064144 0.231679 2.317643e-07 0.00001477132 12.784310 0.199356 0.982321 6.156025 0.010420 1.000000 
6.155690 0.064144 0.271606 6.138248e-07 0.00001477132 12.784310 0.199356 0.942394 6.156025 0.010420 1.000000 
6.155690 0.064144 0.311532 3.622505e-07 0.00001477132 12.784310 0.199356 0.902468 6.156025 0.010420 1.000000 
6.178760 0.064384 0.191753 2.215438e-09 0.00001482667 12.761240 0.199116 1.022247 6.179095 0.010420 1.000000 
6.178760 0.064384 0.231679 2.325685e-07 0.00001482667 12.761240 0.199116 0.982321 6.179095 0.010420 1.000000 
6.178760 0.064384 0.271606 6.315391e-07 0.00001482667 12.761240 0.199116 0.942394 6.179095 0.010420 1.000000 
6.178760 0.064384 0.311532 3.657342e-07 0.00001482667 12.761240 0.199116 0.902468 6.179095 0.010420 1.000000 
6.201829 0.064625 0.231679 1.711454e-07 0.00001488203 12.738171 0.198875 0.982321 6.202165 0.010420 1.000000 
6.201829 0.064625 0.271606 6.071406e-07 0.00001488203 12.738171 0.198875 0.942394 6.202165 0.010420 1.000000 
6.201829 0.064625 0.311532 4.204750e-07 0.00001488203 12.738171 0.198875 0.902468 6.202165 0.010420 1.000000 
6.224898 0.064865 0.231679 1.650927e-07 0.00001493739 12.715102 0.198635 0.982321 6.225236 0.010420 1.000000 
6.224898 0.064865 0.271606 6.963092e-07 0.00001493739 12.715102 0.198635 0.942394 6.225236 0.010420 1.000000 
6.224898 0.064865 0.311532 4.219642e-07 0.00001493739 12.715102 0.198635 0.902468 6.225236 0.010420 1.000000 
6.247967 0.065105 0.231679 1.298833e-07 0.00001499275 12.692033 0.198395 0.982321 6.248306 0.010420 1.000000 
6.247967 0.065105 0.271606 6.226729e-07 0.00001499275 12.692033 0.198395 0.942394 6.248306 0.010420 1.000000 
6.247967 0.065105 0.311532 4.369209e-07 0.00001499275 12.692033 0.198395 0.902468 6.248306 0.010420 1.000000 
6.271036 0.065346 0.231679 1.348340e-07 0.00001504810 12.668964 0.198154 0.982321 6.271377 0.010420 1.000000 
6.271036 0.065346 0.271606 5.642840e-07 0.00001504810 12.668964 0.198154 0.942394 6.271377 0.010420 1.000000 
6.271036 0.065346 0.311532 5.217046e-07 0.00001504810 12.668964 0.198154 0.902468 6.271377 0.010420 1.000000 
6.294105 0.065586 0.231679 9.699174e-08 0.00001510346 12.645895 0.197914 0.982321 6.294447 0.010420 1.000000 
6.294105 0.065586 0.271606 5.843933e-07 0.00001510346 12.645895 0.197914 0.942394 6.294447 0.010420 1.000000 
6.294105 0.065586 0.311532 6.003533e-07 0.00001510346 12.645895 0.197914 0.902468 6.294447 0.010420 1.000000 
6.317174 0.065826 0.231679 7.242180e-08 0.00001515882 12.622826 0.197674 0.982321 6.317517 0.010420 1.000000 
6.317174 0.065826 0.271606 6.204395e-07 0.00001515882 12.622826 0.197674 0.942394 6.317517 0.010420 1.000000 
6.317174 0.065826 0.311532 5.912325e-07 0.00001515882 12.622826 0.197674 0.902468 6.317517 0.010420 1.000000 
6.340243 0.066067 0.231679 5.907081e-08 0.00001521417 12.599757 0.197433 0.982321 6.340588 0.010420 1.000000 
6.340243 0.066067 0.271606 5.204178e-07 0.00001521417 12.599757 0.197433 0.942394 6.340588 0.010420 1.000000 
6.340243 0.066067 0.311532 6.206295e-07 0.00001521417 12.599757 0.197433 0.902468 6.340588 0.010420 1.000000 
6.363313 0.066307 0.231679 7.295975e-08 0.00001526953 12.576687 0.197193 0.982321 6.363658 0.010420 1.000000 
6.363313 0.066307 0.271606 4.561631e-07 0.00001526953 12.576687 0.197193 0.942394 6.363658 0.010420 1.000000 
6.363313 0.066307 0.311532 6.115308e-07 0.00001526953 12.576687 0.197193 0.902468 6.363658 0.010420 1.000000 
6.386382 0.066548 0.231679 4.578337e-08 0.00001532489 12.553618 0.196952 0.982321 6.386728 0.010420 1.000000 
6.386382 0.066548 0.271606 4.784040e-07 0.00001532489 12.553618 0.196952 0.942394 6.386728 0.010420 1.000000 
6.386382 0.066548 0.311532 6.390360e-07 0.00001532489 12.553618 0.196952 0.902468 6.386728 0.010420 1.000000 
6.386382 0.066548 0.351459 2.293278e-09 0.00001532489 12.553618 0.196952 0.862541 6.386728 0.010420 1.000000 
6.409451 0.066788 0.231679 3.904437e-08 0.00001538025 12.530549 0.196712 0.982321 6.409799 0.010420 1.000000 
6.409451 0.066788 0.271606 4.710649e-07 0.00001538025 12.530549 0.196712 0.942394 6.409799 0.010420 1.000000 
6.409451 0.066788 0.311532 6.412910e-07 0.00001538025 12.530549 0.196712 0.902468 6.409799 0.010420 1.000000 
6.409451 0.066788 0.351459 9.200126e-09 0.00001538025 12.530549 0.196712 0.862541 6.409799 0.010420 1.000000 
6.432520 0.067028 0.231679 2.765549e-08 0.00001543560 12.507480 0.196472 0.982321 6.432869 0.010420 1.000000 
6.432520 0.067028 0.271606 4.750864e-07 0.00001543560 12.507480 0.196472 0.942394 6.432869 0.010420 1.000000 
6.432520 0.067028 0.311532 6.945136e-07 0.00001543560 12.507480 0.196472 0.902468 6.432869 0.010420 1.000000 
6.432520 0.067028 0.351459 2.539253e-08 0.00001543560 12.507480 0.196472 0.862541 6.432869 0.010420 1.000000 
6.455589 0.067269 0.231679 2.777361e-08 0.00001549096 12.484411 0.196231 0.982321 6.455940 0.010420 1.000000 
6.455589 0.067269 0.271606 4.513772e-07 0.00001549096 12.484411 0.196231 0.942394 6.455940 0.010420 1.000000 
6.455589 0.067269 0.311532 7.086478e-07 0.00001549096 12.484411 0.196231 0.902468 6.455940 0.010420 1.000000 
6.455589 0.067269 0.351459 3.473116e-08 0.00001549096 12.484411 0.196231 0.862541 6.455940 0.010420 1.000000 
6.478658 0.067509 0.231679 3.249731e-08 0.00001554632 12.461342 0.195991 0.982321 6.479010 0.010420 1.000000 
6.478658 0.067509 0.271606 4.158117e-07 0.00001554632 12.461342 0.195991 0.942394 6.479010 0.010420 1.000000 
6.478658 0.067509 0.311532 7.925669e-07 0.00001554632 12.461342 0.195991 0.902468 6.479010 0.010420 1.000000 
6.478658 0.067509 0.351459 6.972643e-08 0.00001554632 12.461342 0.195991 0.862541 6.479010 0.010420 1.000000 
6.501727 0.067750 0.231679 1.864686e-08 0.00001560167 12.438273 0.195750 0.982321 6.502080 0.010420 1.000000 
6.501727 0.067750 0.271606 4.033820e-07 0.00001560167 12.438273 0.195750 0.942394 6.502080 0.010420 1.000000 
6.501727 0.067750 0.311532 7.604329e-07 0.00001560167 12.438273 0.195750 0.902468 6.502080 0.010420 1.000000 
6.501727 0.067750 0.351459 9.100772e-08 0.00001560167 12.438273 0.195750 0.862541 6.502080 0.010420 1.000000 
6.524797 0.067990 0.231679 1.169359e-08 0.00001565703 12.415203 0.195510 0.982321 6.525151 0.010420 1.000000 
6.524797 0.067990 0.271606 3.955153e-07 0.00001565703 12.415203 0.195510 0.942394 6.525151 0.010420 1.000000 
6.524797 0.067990 0.311532 7.000763e-07 0.00001565703 12.415203 0.195510 0.902468 6.525151 0.010420 1.000000 
6.524797 0.067990 0.351459 9.838491e-08 0.00001565703 12.415203 0.195510 0.862541 6.525151 0.010420 1.000000 
6.547866 0.068230 0.231679 1.643319e-08 0.00001571239 12.392134 0.195270 0.982321 6.548221 0.010420 1.000000 
6.547866 0.068230 0.271606 3.194633e-07 0.00001571239 12.392134 0.195270 0.942394 6.548221 0.010420 1.000000 
6.547866 0.068230 0.311532 7.520058e-07 0.00001571239 12.392134 0.195270 0.902468 6.548221 0.010420 1.000000 
6.547866 0.068230 0.351459 1.293076e-07 0.00001571239 12.392134 0.195270 0.862541 6.548221 0.010420 1.000000 
6.570935 0.068471 0.231679 2.353817e-09 0.00001576775 12.369065 0.195029 0.982321 6.571292 0.010420 1.000000 
6.570935 0.068471 0.271606 3.065049e-07 0.00001576775 12.369065 0.195029 0.942394 6.571292 0.010420 1.000000 
6.570935 0.068471 0.311532 7.194174e-07 0.00001576775 12.369065 0.195029 0.902468 6.571292 0.010420 1.000000 
6.570935 0.068471 0.351459 1.675411e-07 0.00001576775 12.369065 0.195029 0.862541 6.571292 0.010420 1.000000 
6.594004 0.068711 0.231679 7.093045e-09 0.00001582310 12.345996 0.194789 0.982321 6.594362 0.010420 1.000000 
6.594004 0.068711 0.271606 2.934750e-07 0.00001582310 12.345996 0.194789 0.942394 6.594362 0.010420 1.000000 
6.594004 0.068711 0.311532 6.984132e-07 0.00001582310 12.345996 0.194789 0.902468 6.594362 0.010420 1.000000 
6.594004 0.068711 0.351459 2.345172e-07 0.00001582310 12.345996 0.194789 0.862541 6.594362 0.010420 1.000000 
6.617073 0.068951 0.231679 2.371461e-09 0.00001587846 12.322927 0.194549 0.982321 6.617432 0.010420 1.000000 
6.617073 0.068951 0.271606 2.898041e-07 0.00001587846 12.322927 0.194549 0.942394 6.617432 0.010420 1.000000 
6.617073 0.068951 0.311532 7.247683e-07 0.00001587846 12.322927 0.194549 0.902468 6.617432 0.010420 1.000000 
6.617073 0.068951 0.351459 2.234357e-07 0.00001587846 12.322927 0.194549 0.862541 6.617432 0.010420 1.000000 
6.640142 0.069192 0.271606 2.336662e-07 0.00001593382 12.299858 0.194308 0.942394 6.640503 0.010420 1.000000 
6.640142 0.069192 0.311532 6.798105e-07 0.00001593382 12.299858 0.194308 0.902468 6.640503 0.010420 1.000000 
6.640142 0.069192 0.351459 2.553354e-07 0.00001593382 12.299858 0.194308 0.862541 6.640503 0.010420 1.000000 
6.663211 0.069432 0.271606 1.890639e-07 0.00001598917 12.276789 0.194068 0.942394 6.663573 0.010420 1.000000 
6.663211 0.069432 0.311532 6.800313e-07 0.00001598917 12.276789 0.194068 0.902468 6.663573 0.010420 1.000000 
6.663211 0.069432 0.351459 2.633969e-07 0.00001598917 12.276789 0.194068 0.862541 6.663573 0.010420 1.000000 
6.686280 0.069673 0.271606 1.705285e-07 0.00001604453 12.253720 0.193827 0.942394 6.686643 0.010420 1.000000 
6.686280 0.069673 0.311532 7.330130e-07 0.00001604453 12.253720 0.193827 0.902468 6.686643 0.010420 1.000000 
6.686280 0.069673 0.351459 3.125309e-07 0.00001604453 12.253720 0.193827 0.862541 6.686643 0.010420 1.000000 
6.709350 0.069913 0.271606 1.760548e-07 0.00001609989 12.230650 0.193587 0.942394 6.709714 0.010420 1.000000 
6.709350 0.069913 0.311532 6.922844e-07 0.00001609989 12.230650 0.193587 0.902468 6.709714 0.010420 1.000000 
6.709350 0.069913 0.351459 3.813095e-07 0.00001609989 12.230650 0.193587 0.862541 6.709714 0.010420 1.000000 
6.732419 0.070153 0.271606 1.645688e-07 0.00001615525 12.207581 0.193347 0.942394 6.732784 0.010420 1.000000 
6.732419 0.070153 0.311532 6.730917e-07 0.00001615525 12.207581 0.193347 0.902468 6.732784 0.010420 1.000000 
6.732419 0.070153 0.351459 3.900003e-07 0.00001615525 12.207581 0.193347 0.862541 6.732784 0.010420 1.000000 
6.755488 0.070394 0.271606 1.579372e-07 0.00001621060 12.184512 0.193106 0.942394 6.755855 0.010420 1.000000 
6.755488 0.070394 0.311532 6.950522e-07 0.00001621060 12.184512 0.193106 0.902468 6.755855 0.010420 1.000000 
6.755488 0.070394 0.351459 4.085054e-07 0.00001621060 12.184512 0.193106 0.862541 6.755855 0.010420 1.000000 
6.778557 0.070634 0.271606 1.170639e-07 0.00001626596 12.161443 0.192866 0.942394 6.778925 0.010420 1.000000 
6.778557 0.070634 0.311532 6.611540e-07 0.00001626596 12.161443 0.192866 0.902468 6.778925 0.010420 1.000000 
6.778557 0.070634 0.351459 4.661713e-07 0.00001626596 12.161443 0.192866 0.862541 6.778925 0.010420 1.000000 
6.801626 0.070875 0.271606 1.027833e-07 0.00001632132 12.138374 0.192625 0.942394 6.801995 0.010420 1.000000 
6.801626 0.070875 0.311532 5.926491e-07 0.00001632132 12.138374 0.192625 0.902468 6.801995 0.010420 1.000000 
6.801626 0.070875 0.351459 4.948701e-07 0.00001632132 12.138374 0.192625 0.862541 6.801995 0.010420 1.000000 
6.824695 0.071115 0.271606 1.007216e-07 0.00001637667 12.115305 0.192385 0.942394 6.825066 0.010420 1.000000 
6.824695 0.071115 0.311532 5.949065e-07 0.00001637667 12.115305 0.192385 0.902468 6.825066 0.010420 1.000000 
6.824695 0.071115 0.351459 5.410208e-07 0.00001637667 12.115305 0.192385 0.862541 6.825066 0.010420 1.000000 
6.847764 0.071355 0.271606 7.400570e-08 0.00001643203 12.092236 0.192145 0.942394 6.848136 0.010420 1.000000 
6.847764 0.071355 0.311532 5.379149e-07 0.00001643203 12.092236 0.192145 0.902468 6.848136 0.010420 1.000000 
6.847764 0.071355 0.351459 5.702077e-07 0.00001643203 12.092236 0.192145 0.862541 6.848136 0.010420 1.000000 
6.870833 0.071596 0.271606 5.448468e-08 0.00001648739 12.069167 0.191904 0.942394 6.871206 0.010420 1.000000 
6.870833 0.071596 0.311532 5.870645e-07 0.00001648739 12.069167 0.191904 0.902468 6.871206 0.010420 1.000000 
6.870833 0.071596 0.351459 5.748252e-07 0.00001648739 12.069167 0.191904 0.862541 6.871206 0.010420 1.000000 
6.893903 0.071836 0.271606 5.466502e-08 0.00001654275 12.046097 0.191664 0.942394 6.894277 0.010420 1.000000 
6.893903 0.071836 0.311532 5.942919e-07 0.00001654275 12.046097 0.191664 0.902468 6.894277 0.010420 1.000000 
6.893903 0.071836 0.351459 6.343150e-07 0.00001654275 12.046097 0.191664 0.862541 6.894277 0.010420 1.000000 
6.916972 0.072076 0.271606 2.744547e-08 0.00001659810 12.023028 0.191424 0.942394 6.917347 0.010420 1.000000 
6.916972 0.072076 0.311532 5.215737e-07 0.00001659810 12.023028 0.191424 0.902468 6.917347 0.010420 1.000000 
6.916972 0.072076 0.351459 6.566821e-07 0.00001659810 12.023028 0.191424 0.862541 6.917347 0.010420 1.000000 
6.940041 0.072317 0.271606 3.006339e-08 0.00001665346 11.999959 0.191183 0.942394 6.940418 0.010420 1.000000 
6.940041 0.072317 0.311532 4.936229e-07 0.00001665346 11.999959 0.191183 0.902468 6.940418 0.010420 1.000000 
6.940041 0.072317 0.351459 6.692717e-07 0.00001665346 11.999959 0.191183 0.862541 6.940418 0.010420 1.000000 
6.963110 0.072557 0.271606 2.261674e-08 0.00001670882 11.976890 0.190943 0.942394 6.963488 0.010420 1.000000 
6.963110 0.072557 0.311532 4.855036e-07 0.00001670882 11.976890 0.190943 0.902468 6.963488 0.010420 1.000000 
6.963110 0.072557 0.351459 7.170965e-07 0.00001670882 11.976890 0.190943 0.862541 6.963488 0.010420 1.000000 
6.986179 0.072798 0.271606 2.019226e-08 0.00001676417 11.953821 0.190702 0.942394 6.986558 0.010420 1.000000 
6.986179 0.072798 0.311532 4.696466e-07 0.00001676417 11.953821 0.190702 0.902468 6.986558 0.010420 1.000000 
6.986179 0.072798 0.351459 7.855191e-07 0.00001676417 11.953821 0.190702 0.862541 6.986558 0.010420 1.000000 
7.009248 0.073038 0.271606 1.012913e-08 0.00001681953 11.930752 0.190462 0.942394 7.009629 0.010420 1.000000 
7.009248 0.073038 0.311532 4.054998e-07 0.00001681953 11.930752 0.190462 0.902468 7.009629 0.010420 1.000000 
7.009248 0.073038 0.351459 7.656507e-07 0.00001681953 11.930752 0.190462 0.862541 7.009629 0.010420 1.000000 
7.009248 0.073038 0.391385 5.078733e-09 0.00001681953 11.930752 0.190462 0.822615 7.009629 0.010420 1.000000 
7.032317 0.073278 0.271606 7.638412e-09 0.00001687489 11.907683 0.190222 0.942394 7.032699 0.010420 1.000000 
7.032317 0.073278 0.311532 4.375626e-07 0.00001687489 11.907683 0.190222 0.902468 7.032699 0.010420 1.000000 
7.032317 0.073278 0.351459 8.170692e-07 0.00001687489 11.907683 0.190222 0.862541 7.032699 0.010420 1.000000 
7.032317 0.073278 0.391385 1.273888e-08 0.00001687489 11.907683 0.190222 0.822615 7.032699 0.010420 1.000000 
7.055386 0.073519 0.271606 2.554280e-09 0.00001693025 11.884614 0.189981 0.942394 7.055770 0.010420 1.000000 
7.055386 0.073519 0.311532 3.243616e-07 0.00001693025 11.884614 0.189981 0.902468 7.055770 0.010420 1.000000 
7.055386 0.073519 0.351459 7.435283e-07 0.00001693025 11.884614 0.189981 0.862541 7.055770 0.010420 1.000000 
7.055386 0.073519 0.391385 3.835767e-08 0.00001693025 11.884614 0.189981 0.822615 7.055770 0.010420 1.000000 
7.078456 0.073759 0.271606 5.119153e-09 0.00001698560 11.861544 0.189741 0.942394 7.078840 0.010420 1.000000 
7.078456 0.073759 0.311532 3.179588e-07 0.00001698560 11.861544 0.189741 0.902468 7.078840 0.010420 1.000000 
7.078456 0.073759 0.351459 8.079987e-07 0.00001698560 11.861544 0.189741 0.862541 7.078840 0.010420 1.000000 
7.078456 0.073759 0.391385 6.929804e-08 0.00001698560 11.861544 0.189741 0.822615 7.078840 0.010420 1.000000 
7.101525 0.074000 0.311532 3.268529e-07 0.00001704096 11.838475 0.189500 0.902468 7.101910 0.010420 1.000000 
7.101525 0.074000 0.351459 7.056565e-07 0.00001704096 11.838475 0.189500 0.862541 7.101910 0.010420 1.000000 
7.101525 0.074000 0.391385 1.391220e-07 0.00001704096 11.838475 0.189500 0.822615 7.101910 0.010420 1.000000 
7.124594 0.074240 0.271606 2.578680e-09 0.00001709632 11.815406 0.189260 0.942394 7.124981 0.010420 1.000000 
7.124594 0.074240 0.311532 2.351549e-07 0.00001709632 11.815406 0.189260 0.902468 7.124981 0.010420 1.000000 
7.124594 0.074240 0.351459 7.858730e-07 0.00001709632 11.815406 0.189260 0.862541 7.124981 0.010420 1.000000 
7.124594 0.074240 0.391385 1.215284e-07 0.00001709632 11.815406 0.189260 0.822615 7.124981 0.010420 1.000000 
7.147663 0.074480 0.271606 2.589350e-09 0.00001715167 11.792337 0.189020 0.942394 7.148051 0.010420 1.000000 
7.147663 0.074480 0.311532 1.893650e-07 0.00001715167 11.792337 0.189020 0.902468 7.148051 0.010420 1.000000 
7.147663 0.074480 0.351459 8.356550e-07 0.00001715167 11.792337 0.189020 0.862541 7.148051 0.010420 1.000000 
7.147663 0.074480 0.391385 1.401571e-07 0.00001715167 11.792337 0.189020 0.822615 7.148051 0.010420 1.000000 
7.170732 0.074721 0.311532 2.265576e-07 0.00001720703 11.769268 0.188779 0.902468 7.171121 0.010420 1.000000 
7.170732 0.074721 0.351459 7.790048e-07 0.00001720703 11.769268 0.188779 0.862541 7.171121 0.010420 1.000000 
7.170732 0.074721 0.391385 2.163071e-07 0.00001720703 11.769268 0.188779 0.822615 7.171121 0.010420 1.000000 
7.193801 0.074961 0.311532 2.038771e-07 0.00001726239 11.746199 0.188539 0.902468 7.194192 0.010420 1.000000 
7.193801 0.074961 0.351459 7.088781e-07 0.00001726239 11.746199 0.188539 0.862541 7.194192 0.010420 1.000000 
7.193801 0.074961 0.391385 2.380847e-07 0.00001726239 11.746199 0.188539 0.822615 7.194192 0.010420 1.000000 
7.216870 0.075202 0.311532 1.338875e-07 0.00001731775 11.723130 0.188298 0.902468 7.217262 0.010420 1.000000 
7.216870 0.075202 0.351459 7.641471e-07 0.00001731775 11.723130 0.188298 0.862541 7.217262 0.010420 1.000000 
7.216870 0.075202 0.391385 2.626738e-07 0.00001731775 11.723130 0.188298 0.822615 7.217262 0.010420 1.000000 
7.239940 0.075442 0.311532 1.870288e-07 0.00001737310 11.700060 0.188058 0.902468 7.240333 0.010420 1.000000 
7.239940 0.075442 0.351459 7.143837e-07 0.00001737310 11.700060 0.188058 0.862541 7.240333 0.010420 1.000000 
7.239940 0.075442 0.391385 2.768294e-07 0.00001737310 11.700060 0.188058 0.822615 7.240333 0.010420 1.000000 
7.263009 0.075682 0.311532 1.190194e-07 0.00001742846 11.676991 0.187818 0.902468 7.263403 0.010420 1.000000 
7.263009 0.075682 0.351459 7.621724e-07 0.00001742846 11.676991 0.187818 0.862541 7.263403 0.010420 1.000000 
7.263009 0.075682 0.391385 3.441356e-07 0.00001742846 11.676991 0.187818 0.822615 7.263403 0.010420 1.000000 
7.286078 0.075923 0.311532 1.142284e-07 0.00001748382 11.653922 0.187577 0.902468 7.286473 0.010420 1.000000 
7.286078 0.075923 0.351459 7.040274e-07 0.00001748382 11.653922 0.187577 0.862541 7.286473 0.010420 1.000000 
7.286078 0.075923 0.391385 4.331761e-07 0.00001748382 11.653922 0.187577 0.822615 7.286473 0.010420 1.000000 
7.309147 0.076163 0.311532 8.528987e-08 0.00001753917 11.630853 0.187337 0.902468 7.309544 0.010420 1.000000 
7.309147 0.076163 0.351459 7.255206e-07 0.00001753917 11.630853 0.187337 0.862541 7.309544 0.010420 1.000000 
7.309147 0.076163 0.391385 3.682075e-07 0.00001753917 11.630853 0.187337 0.822615 7.309544 0.010420 1.000000 
7.332216 0.076403 0.311532 8.028340e-08 0.00001759453 11.607784 0.187097 0.902468 7.332614 0.010420 1.000000 
7.332216 0.076403 0.351459 6.935557e-07 0.00001759453 11.607784 0.187097 0.862541 7.332614 0.010420 1.000000 
7.332216 0.076403 0.391385 4.473602e-07 0.00001759453 11.607784 0.187097 0.822615 7.332614 0.010420 1.000000 
7.355285 0.076644 0.311532 6.720659e-08 0.00001764989 11.584715 0.186856 0.902468 7.355684 0.010420 1.000000 
7.355285 0.076644 0.351459 7.070216e-07 0.00001764989 11.584715 0.186856 0.862541 7.355684 0.010420 1.000000 
7.355285 0.076644 0.391385 4.221648e-07 0.00001764989 11.584715 0.186856 0.822615 7.355684 0.010420 1.000000 
7.378354 0.076884 0.311532 4.586677e-08 0.00001770525 11.561646 0.186616 0.902468 7.378755 0.010420 1.000000 
7.378354 0.076884 0.351459 6.018871e-07 0.00001770525 11.561646 0.186616 0.862541 7.378755 0.010420 1.000000 
7.378354 0.076884 0.391385 4.428109e-07 0.00001770525 11.561646 0.186616 0.822615 7.378755 0.010420 1.000000 
7.401423 0.077125 0.311532 3.792908e-08 0.00001776060 11.538577 0.186375 0.902468 7.401825 0.010420 1.000000 
7.401423 0.077125 0.351459 5.826516e-07 0.00001776060 11.538577 0.186375 0.862541 7.401825 0.010420 1.000000 
7.401423 0.077125 0.391385 4.880001e-07 0.00001776060 11.538577 0.186375 0.822615 7.401825 0.010420 1.000000 
7.424493 0.077365 0.311532 4.079105e-08 0.00001781596 11.515507 0.186135 0.902468 7.424896 0.010420 1.000000 
7.424493 0.077365 0.351459 5.387405e-07 0.00001781596 11.515507 0.186135 0.862541 7.424896 0.010420 1.000000 
7.424493 0.077365 0.391385 5.279804e-07 0.00001781596 11.515507 0.186135 0.822615 7.424896 0.010420 1.000000 
7.447562 0.077605 0.311532 3.547875e-08 0.00001787132 11.492438 0.185895 0.902468 7.447966 0.010420 1.000000 
7.447562 0.077605 0.351459 5.135189e-07 0.00001787132 11.492438 0.185895 0.862541 7.447966 0.010420 1.000000 
7.447562 0.077605 0.391385 5.765977e-07 0.00001787132 11.492438 0.185895 0.822615 7.447966 0.010420 1.000000 
7.470631 0.077846 0.311532 3.015076e-08 0.00001792667 11.469369 0.185654 0.902468 7.471036 0.010420 1.000000 
7.470631 0.077846 0.351459 5.019563e-07 0.00001792667 11.469369 0.185654 0.862541 7.471036 0.010420 1.000000 
7.470631 0.077846 0.391385 5.624904e-07 0.00001792667 11.469369 0.185654 0.822615 7.471036 0.010420 1.000000 
7.493700 0.078086 0.311532 2.200332e-08 0.00001798203 11.446300 0.185414 0.902468 7.494107 0.010420 1.000000 
7.493700 0.078086 0.351459 3.827823e-07 0.00001798203 11.446300 0.185414 0.862541 7.494107 0.010420 1.000000 
7.493700 0.078086 0.391385 6.115558e-07 0.00001798203 11.446300 0.185414 0.822615 7.494107 0.010420 1.000000 
7.516769 0.078327 0.311532 2.210723e-08 0.00001803739 11.423231 0.185173 0.902468 7.517177 0.010420 1.000000 
7.516769 0.078327 0.351459 5.004602e-07 0.00001803739 11.423231 0.185173 0.862541 7.517177 0.010420 1.000000 
7.516769 0.078327 0.391385 7.357126e-07 0.00001803739 11.423231 0.185173 0.822615 7.517177 0.010420 1.000000 
7.539838 0.078567 0.311532 2.776865e-09 0.00001809275 11.400162 0.184933 0.902468 7.540248 0.010420 1.000000 
7.539838 0.078567 0.351459 4.024953e-07 0.00001809275 11.400162 0.184933 0.862541 7.540248 0.010420 1.000000 
7.539838 0.078567 0.391385 7.747662e-07 0.00001809275 11.400162 0.184933 0.822615 7.540248 0.010420 1.000000 
7.562907 0.078807 0.311532 5.566482e-09 0.00001814810 11.377093 0.184693 0.902468 7.563318 0.010420 1.000000 
7.562907 0.078807 0.351459 3.455618e-07 0.00001814810 11.377093 0.184693 0.862541 7.563318 0.010420 1.000000 
7.562907 0.078807 0.391385 7.388977e-07 0.00001814810 11.377093 0.184693 0.822615 7.563318 0.010420 1.000000 
7.585976 0.079048 0.351459 2.994603e-07 0.00001820346 11.354024 0.184452 0.862541 7.586388 0.010420 1.000000 
7.585976 0.079048 0.391385 7.866644e-07 0.00001820346 11.354024 0.184452 0.822615 7.586388 0.010420 1.000000 
7.585976 0.079048 0.431312 1.400948e-08 0.00001820346 11.354024 0.184452 0.782688 7.586388 0.010420 1.000000 
7.609046 0.079288 0.311532 2.810003e-09 0.00001825882 11.330954 0.184212 0.902468 7.609459 0.010420 1.000000 
7.609046 0.079288 0.351459 3.624315e-07 0.00001825882 11.330954 0.184212 0.862541 7.609459 0.010420 1.000000 
7.609046 0.079288 0.391385 8.460923e-07 0.00001825882 11.330954 0.184212 0.822615 7.609459 0.010420 1.000000 
7.609046 0.079288 0.431312 1.969622e-08 0.00001825882 11.330954 0.184212 0.782688 7.609459 0.010420 1.000000 
7.632115 0.079528 0.351459 3.047156e-07 0.00001831417 11.307885 0.183972 0.862541 7.632529 0.010420 1.000000 
7.632115 0.079528 0.391385 7.959215e-07 0.00001831417 11.307885 0.183972 0.822615 7.632529 0.010420 1.000000 
7.632115 0.079528 0.431312 3.386956e-08 0.00001831417 11.307885 0.183972 0.782688 7.632529 0.010420 1.000000 
7.655184 0.079769 0.351459 2.379263e-07 0.00001836953 11.284816 0.183731 0.862541 7.655599 0.010420 1.000000 
7.655184 0.079769 0.391385 7.934535e-07 0.00001836953 11.284816 0.183731 0.822615 7.655599 0.010420 1.000000 
7.655184 0.079769 0.431312 6.519019e-08 0.00001836953 11.284816 0.183731 0.782688 7.655599 0.010420 1.000000 
7.678253 0.080009 0.351459 2.645207e-07 0.00001842489 11.261747 0.183491 0.862541 7.678670 0.010420 1.000000 
7.678253 0.080009 0.391385 8.165874e-07 0.00001842489 11.261747 0.183491 0.822615 7.678670 0.010420 1.000000 
7.678253 0.080009 0.431312 5.408568e-08 0.00001842489 11.261747 0.183491 0.782688 7.678670 0.010420 1.000000 
7.701322 0.080250 0.351459 1.999167e-07 0.00001848025 11.238678 0.183250 0.862541 7.701740 0.010420 1.000000 
7.701322 0.080250 0.391385 8.341879e-07 0.00001848025 11.238678 0.183250 0.822615 7.701740 0.010420 1.000000 
7.701322 0.080250 0.431312 1.114515e-07 0.00001848025 11.238678 0.183250 0.782688 7.701740 0.010420 1.000000 
7.724391 0.080490 0.351459 1.892451e-07 0.00001853560 11.215609 0.183010 0.862541 7.724811 0.010420 1.000000 
7.724391 0.080490 0.391385 8.146995e-07 0.00001853560 11.215609 0.183010 0.822615 7.724811 0.010420 1.000000 
7.724391 0.080490 0.431312 1.348580e-07 0.00001853560 11.215609 0.183010 0.782688 7.724811 0.010420 1.000000 
7.747460 0.080730 0.351459 1.208742e-07 0.00001859096 11.192540 0.182770 0.862541 7.747881 0.010420 1.000000 
7.747460 0.080730 0.391385 8.065483e-07 0.00001859096 11.192540 0.182770 0.822615 7.747881 0.010420 1.000000 
7.747460 0.080730 0.431312 1.700433e-07 0.00001859096 11.192540 0.182770 0.782688 7.747881 0.010420 1.000000 
7.770529 0.080971 0.351459 1.069145e-07 0.00001864632 11.169471 0.182529 0.862541 7.770951 0.010420 1.000000 
7.770529 0.080971 0.391385 8.069874e-07 0.00001864632 11.169471 0.182529 0.822615 7.770951 0.010420 1.000000 
7.770529 0.080971 0.431312 2.257148e-07 0.00001864632 11.169471 0.182529 0.782688 7.770951 0.010420 1.000000 
7.793599 0.081211 0.351459 1.219426e-07 0.00001870167 11.146401 0.182289 0.862541 7.794022 0.010420 1.000000 
7.793599 0.081211 0.391385 7.638507e-07 0.00001870167 11.146401 0.182289 0.822615 7.794022 0.010420 1.000000 
7.793599 0.081211 0.431312 2.062588e-07 0.00001870167 11.146401 0.182289 0.782688 7.794022 0.010420 1.000000 
7.816668 0.081452 0.351459 9.909958e-08 0.00001875703 11.123332 0.182048 0.862541 7.817092 0.010420 1.000000 
7.816668 0.081452 0.391385 7.144340e-07 0.00001875703 11.123332 0.182048 0.822615 7.817092 0.010420 1.000000 
7.816668 0.081452 0.431312 2.771788e-07 0.00001875703 11.123332 0.182048 0.782688 7.817092 0.010420 1.000000 
7.839737 0.081692 0.351459 7.611150e-08 0.00001881239 11.100263 0.181808 0.862541 7.840162 0.010420 1.000000 
7.839737 0.081692 0.391385 6.998430e-07 0.00001881239 11.100263 0.181808 0.822615 7.840162 0.010420 1.000000 
7.839737 0.081692 0.431312 2.665483e-07 0.00001881239 11.100263 0.181808 0.782688 7.840162 0.010420 1.000000 
7.862806 0.081932 0.351459 6.172211e-08 0.00001886775 11.077194 0.181568 0.862541 7.863233 0.010420 1.000000 
7.862806 0.081932 0.391385 6.468663e-07 0.00001886775 11.077194 0.181568 0.822615 7.863233 0.010420 1.000000 
7.862806 0.081932 0.431312 3.059224e-07 0.00001886775 11.077194 0.181568 0.782688 7.863233 0.010420 1.000000 
7.885875 0.082173 0.351459 3.542901e-08 0.00001892310 11.054125 0.181327 0.862541 7.886303 0.010420 1.000000 
7.885875 0.082173 0.391385 6.761692e-07 0.00001892310 11.054125 0.181327 0.822615 7.886303 0.010420 1.000000 
7.885875 0.082173 0.431312 3.603814e-07 0.00001892310 11.054125 0.181327 0.782688 7.886303 0.010420 1.000000 
7.908944 0.082413 0.351459 4.148485e-08 0.00001897846 11.031056 0.181087 0.862541 7.909374 0.010420 1.000000 
7.908944 0.082413 0.391385 5.958823e-07 0.00001897846 11.031056 0.181087 0.822615 7.909374 0.010420 1.000000 
7.908944 0.082413 0.431312 3.707216e-07 0.00001897846 11.031056 0.181087 0.782688 7.909374 0.010420 1.000000 
7.932013 0.082653 0.351459 3.868516e-08 0.00001903382 11.007987 0.180847 0.862541 7.932444 0.010420 1.000000 
7.932013 0.082653 0.391385 6.371548e-07 0.00001903382 11.007987 0.180847 0.822615 7.932444 0.010420 1.000000 
7.932013 0.082653 0.431312 4.438133e-07 0.00001903382 11.007987 0.180847 0.782688 7.932444 0.010420 1.000000 
7.955083 0.082894 0.351459 2.391289e-08 0.00001908917 10.984917 0.180606 0.862541 7.955514 0.010420 1.000000 
7.955083 0.082894 0.391385 5.680850e-07 0.00001908917 10.984917 0.180606 0.822615 7.955514 0.010420 1.000000 
7.955083 0.082894 0.431312 5.263736e-07 0.00001908917 10.984917 0.180606 0.782688 7.955514 0.010420 1.000000 
7.978152 0.083134 0.351459 1.499735e-08 0.00001914453 10.961848 0.180366 0.862541 7.978585 0.010420 1.000000 
7.978152 0.083134 0.391385 5.373991e-07 0.00001914453 10.961848 0.180366 0.822615 7.978585 0.010420 1.000000 
7.978152 0.083134 0.431312 5.016489e-07 0.00001914453 10.961848 0.180366 0.782688 7.978585 0.010420 1.000000 
8.001221 0.083375 0.351459 9.038029e-09 0.00001919989 10.938779 0.180125 0.862541 8.001655 0.010420 1.000000 
8.001221 0.083375 0.391385 4.492533e-07 0.00001919989 10.938779 0.180125 0.822615 8.001655 0.010420 1.000000 
8.001221 0.083375 0.431312 5.550184e-07 0.00001919989 10.938779 0.180125 0.782688 8.001655 0.010420 1.000000 
8.024290 0.083615 0.391385 4.329666e-07 0.00001925525 10.915710 0.179885 0.822615 8.024726 0.010420 1.000000 
8.024290 0.083615 0.431312 6.511990e-07 0.00001925525 10.915710 0.179885 0.782688 8.024726 0.010420 1.000000 
8.047359 0.083855 0.391385 4.652189e-07 0.00001931060 10.892641 0.179645 0.822615 8.047796 0.010420 1.000000 
8.047359 0.083855 0.431312 5.809990e-07 0.00001931060 10.892641 0.179645 0.782688 8.047796 0.010420 1.000000 
8.070428 0.084096 0.351459 6.106441e-09 0.00001936596 10.869572 0.179404 0.862541 8.070866 0.010420 1.000000 
8.070428 0.084096 0.391385 3.511463e-07 0.00001936596 10.869572 0.179404 0.822615 8.070866 0.010420 1.000000 
8.070428 0.084096 0.431312 6.262775e-07 0.00001936596 10.869572 0.179404 0.782688 8.070866 0.010420 1.000000 
8.093497 0.084336 0.391385 3.556348e-07 0.00001942132 10.846503 0.179164 0.822615 8.093937 0.010420 1.000000 
8.093497 0.084336 0.431312 6.780030e-07 0.00001942132 10.846503 0.179164 0.782688 8.093937 0.010420 1.000000 
8.116566 0.084577 0.391385 3.109908e-07 0.00001947667 10.823434 0.178923 0.822615 8.117007 0.010420 1.000000 
8.116566 0.084577 0.431312 6.653285e-07 0.00001947667 10.823434 0.178923 0.782688 8.117007 0.010420 1.000000 
8.139636 0.084817 0.391385 2.133313e-07 0.00001953203 10.800364 0.178683 0.822615 8.140077 0.010420 1.000000 
8.139636 0.084817 0.431312 7.610713e-07 0.00001953203 10.800364 0.178683 0.782688 8.140077 0.010420 1.000000 
4.010139 0.052234 0.032046 1.779298e-08 0.00000962310 14.929861 0.211266 1.181954 4.010479 0.013025 1.000000 
4.010139 0.052234 0.071973 2.734995e-07 0.00000962310 14.929861 0.211266 1.142027 4.010479 0.013025 1.000000 
4.010139 0.052234 0.111899 4.938036e-07 0.00000962310 14.929861 0.211266 1.102101 4.010479 0.013025 1.000000 
4.010139 0.052234 0.151826 4.567028e-07 0.00000962310 14.929861 0.211266 1.062174 4.010479 0.013025 1.000000 
4.033207 0.052535 0.032046 1.947364e-08 0.00000967846 14.906793 0.210965 1.181954 4.033550 0.013025 1.000000 
4.033207 0.052535 0.071973 2.922456e-07 0.00000967846 14.906793 0.210965 1.142027 4.033550 0.013025 1.000000 
4.033207 0.052535 0.111899 5.147867e-07 0.00000967846 14.906793 0.210965 1.102101 4.033550 0.013025 1.000000 
4.033207 0.052535 0.151826 5.068644e-07 0.00000967846 14.906793 0.210965 1.062174 4.033550 0.013025 1.000000 
4.056276 0.052835 0.032046 2.441731e-08 0.00000973382 14.883724 0.210665 1.181954 4.056620 0.013025 1.000000 
4.056276 0.052835 0.071973 2.539984e-07 0.00000973382 14.883724 0.210665 1.142027 4.056620 0.013025 1.000000 
4.056276 0.052835 0.111899 4.919622e-07 0.00000973382 14.883724 0.210665 1.102101 4.056620 0.013025 1.000000 
4.056276 0.052835 0.151826 4.742077e-07 0.00000973382 14.883724 0.210665 1.062174 4.056620 0.013025 1.000000 
4.056276 0.052835 0.191753 1.140584e-08 0.00000973382 14.883724 0.210665 1.022247 4.056620 0.013025 1.000000 
4.079344 0.053136 0.032046 2.122534e-08 0.00000978918 14.860656 0.210364 1.181954 4.079690 0.013025 1.000000 
4.079344 0.053136 0.071973 2.384688e-07 0.00000978918 14.860656 0.210364 1.142027 4.079690 0.013025 1.000000 
4.079344 0.053136 0.111899 4.722235e-07 0.00000978918 14.860656 0.210364 1.102101 4.079690 0.013025 1.000000 
4.079344 0.053136 0.151826 5.132697e-07 0.00000978918 14.860656 0.210364 1.062174 4.079690 0.013025 1.000000 
4.079344 0.053136 0.191753 1.144437e-08 0.00000978918 14.860656 0.210364 1.022247 4.079690 0.013025 1.000000 
4.102413 0.053436 0.032046 6.555135e-09 0.00000984453 14.837587 0.210064 1.181954 4.102761 0.013025 1.000000 
4.102413 0.053436 0.071973 2.130008e-07 0.00000984453 14.837587 0.210064 1.142027 4.102761 0.013025 1.000000 
4.102413 0.053436 0.111899 4.425592e-07 0.00000984453 14.837587 0.210064 1.102101 4.102761 0.013025 1.000000 
4.102413 0.053436 0.151826 5.083181e-07 0.00000984453 14.837587 0.210064 1.062174 4.102761 0.013025 1.000000 
4.102413 0.053436 0.191753 2.459657e-08 0.00000984453 14.837587 0.210064 1.022247 4.102761 0.013025 1.000000 
4.125481 0.053737 0.032046 8.211914e-09 0.00000989989 14.814519 0.209763 1.181954 4.125831 0.013025 1.000000 
4.125481 0.053737 0.071973 2.202474e-07 0.00000989989 14.814519 0.209763 1.142027 4.125831 0.013025 1.000000 
4.125481 0.053737 0.111899 4.784633e-07 0.00000989989 14.814519 0.209763 1.102101 4.125831 0.013025 1.000000 
4.125481 0.053737 0.151826 5.230525e-07 0.00000989989 14.814519 0.209763 1.062174 4.125831 0.013025 1.000000 
4.125481 0.053737 0.191753 4.771852e-08 0.00000989989 14.814519 0.209763 1.022247 4.125831 0.013025 1.000000 
4.148550 0.054037 0.032046 1.153846e-08 0.00000995525 14.791450 0.209463 1.181954 4.148901 0.013025 1.000000 
4.148550 0.054037 0.071973 1.714196e-07 0.00000995525 14.791450 0.209463 1.142027 4.148901 0.013025 1.000000 
4.148550 0.054037 0.111899 4.386910e-07 0.00000995525 14.791450 0.209463 1.102101 4.148901 0.013025 1.000000 
4.148550 0.054037 0.151826 5.427661e-07 0.00000995525 14.791450 0.209463 1.062174 4.148901 0.013025 1.000000 
4.148550 0.054037 0.191753 8.085516e-08 0.00000995525 14.791450 0.209463 1.022247 4.148901 0.013025 1.000000 
4.171618 0.054338 0.032046 3.304398e-09 0.00001001060 14.768382 0.209162 1.181954 4.171972 0.013025 1.000000 
4.171618 0.054338 0.071973 1.620624e-07 0.00001001060 14.768382 0.209162 1.142027 4.171972 0.013025 1.000000 
4.171618 0.054338 0.111899 4.698549e-07 0.00001001060 14.768382 0.209162 1.102101 4.171972 0.013025 1.000000 
4.171618 0.054338 0.151826 5.196313e-07 0.00001001060 14.768382 0.209162 1.062174 4.171972 0.013025 1.000000 
4.171618 0.054338 0.191753 9.434621e-08 0.00001001060 14.768382 0.209162 1.022247 4.171972 0.013025 1.000000 
4.194686 0.054638 0.032046 3.316012e-09 0.00001006596 14.745314 0.208862 1.181954 4.195042 0.013025 1.000000 
4.194686 0.054638 0.071973 1.775163e-07 0.00001006596 14.745314 0.208862 1.142027 4.195042 0.013025 1.000000 
4.194686 0.054638 0.111899 4.331329e-07 0.00001006596 14.745314 0.208862 1.102101 4.195042 0.013025 1.000000 
4.194686 0.054638 0.151826 5.478647e-07 0.00001006596 14.745314 0.208862 1.062174 4.195042 0.013025 1.000000 
4.194686 0.054638 0.191753 1.062727e-07 0.00001006596 14.745314 0.208862 1.022247 4.195042 0.013025 1.000000 
4.217755 0.054939 0.032046 1.662684e-09 0.00001012132 14.722245 0.208561 1.181954 4.218113 0.013025 1.000000 
4.217755 0.054939 0.071973 1.497981e-07 0.00001012132 14.722245 0.208561 1.142027 4.218113 0.013025 1.000000 
4.217755 0.054939 0.111899 4.327747e-07 0.00001012132 14.722245 0.208561 1.102101 4.218113 0.013025 1.000000 
4.217755 0.054939 0.151826 5.595550e-07 0.00001012132 14.722245 0.208561 1.062174 4.218113 0.013025 1.000000 
4.217755 0.054939 0.191753 1.282545e-07 0.00001012132 14.722245 0.208561 1.022247 4.218113 0.013025 1.000000 
4.240823 0.055239 0.071973 1.535650e-07 0.00001017668 14.699177 0.208261 1.142027 4.241183 0.013025 1.000000 
4.240823 0.055239 0.111899 4.425052e-07 0.00001017668 14.699177 0.208261 1.102101 4.241183 0.013025 1.000000 
4.240823 0.055239 0.151826 5.830173e-07 0.00001017668 14.699177 0.208261 1.062174 4.241183 0.013025 1.000000 
4.240823 0.055239 0.191753 1.437015e-07 0.00001017668 14.699177 0.208261 1.022247 4.241183 0.013025 1.000000 
4.263892 0.055540 0.071973 1.222312e-07 0.00001023203 14.676108 0.207960 1.142027 4.264253 0.013025 1.000000 
4.263892 0.055540 0.111899 4.271444e-07 0.00001023203 14.676108 0.207960 1.102101 4.264253 0.013025 1.000000 
4.263892 0.055540 0.151826 5.362715e-07 0.00001023203 14.676108 0.207960 1.062174 4.264253 0.013025 1.000000 
4.263892 0.055540 0.191753 1.726697e-07 0.00001023203 14.676108 0.207960 1.022247 4.264253 0.013025 1.000000 
4.286960 0.055840 0.071973 1.007723e-07 0.00001028739 14.653040 0.207660 1.142027 4.287324 0.013025 1.000000 
4.286960 0.055840 0.111899 4.234556e-07 0.00001028739 14.653040 0.207660 1.102101 4.287324 0.013025 1.000000 
4.286960 0.055840 0.151826 5.546852e-07 0.00001028739 14.653040 0.207660 1.062174 4.287324 0.013025 1.000000 
4.286960 0.055840 0.191753 1.933515e-07 0.00001028739 14.653040 0.207660 1.022247 4.287324 0.013025 1.000000 
4.310029 0.056141 0.071973 1.078468e-07 0.00001034275 14.629971 0.207359 1.142027 4.310394 0.013025 1.000000 
4.310029 0.056141 0.111899 4.315389e-07 0.00001034275 14.629971 0.207359 1.102101 4.310394 0.013025 1.000000 
4.310029 0.056141 0.151826 5.834657e-07 0.00001034275 14.629971 0.207359 1.062174 4.310394 0.013025 1.000000 
4.310029 0.056141 0.191753 2.108522e-07 0.00001034275 14.629971 0.207359 1.022247 4.310394 0.013025 1.000000 
4.333097 0.056441 0.071973 8.282656e-08 0.00001039810 14.606903 0.207059 1.142027 4.333465 0.013025 1.000000 
4.333097 0.056441 0.111899 4.075122e-07 0.00001039810 14.606903 0.207059 1.102101 4.333465 0.013025 1.000000 
4.333097 0.056441 0.151826 5.802170e-07 0.00001039810 14.606903 0.207059 1.062174 4.333465 0.013025 1.000000 
4.333097 0.056441 0.191753 2.368929e-07 0.00001039810 14.606903 0.207059 1.022247 4.333465 0.013025 1.000000 
4.356165 0.056742 0.071973 7.799991e-08 0.00001045346 14.583835 0.206758 1.142027 4.356535 0.013025 1.000000 
4.356165 0.056742 0.111899 3.613064e-07 0.00001045346 14.583835 0.206758 1.102101 4.356535 0.013025 1.000000 
4.356165 0.056742 0.151826 5.124466e-07 0.00001045346 14.583835 0.206758 1.062174 4.356535 0.013025 1.000000 
4.356165 0.056742 0.191753 2.359393e-07 0.00001045346 14.583835 0.206758 1.022247 4.356535 0.013025 1.000000 
4.379234 0.057042 0.071973 8.845236e-08 0.00001050882 14.560766 0.206458 1.142027 4.379605 0.013025 1.000000 
4.379234 0.057042 0.111899 3.658516e-07 0.00001050882 14.560766 0.206458 1.102101 4.379605 0.013025 1.000000 
4.379234 0.057042 0.151826 5.634513e-07 0.00001050882 14.560766 0.206458 1.062174 4.379605 0.013025 1.000000 
4.379234 0.057042 0.191753 2.758371e-07 0.00001050882 14.560766 0.206458 1.022247 4.379605 0.013025 1.000000 
4.402302 0.057342 0.071973 5.290647e-08 0.00001056418 14.537698 0.206158 1.142027 4.402676 0.013025 1.000000 
4.402302 0.057342 0.111899 3.465423e-07 0.00001056418 14.537698 0.206158 1.102101 4.402676 0.013025 1.000000 
4.402302 0.057342 0.151826 5.925773e-07 0.00001056418 14.537698 0.206158 1.062174 4.402676 0.013025 1.000000 
4.402302 0.057342 0.191753 2.801070e-07 0.00001056418 14.537698 0.206158 1.022247 4.402676 0.013025 1.000000 
4.425371 0.057643 0.071973 5.649846e-08 0.00001061953 14.514629 0.205857 1.142027 4.425746 0.013025 1.000000 
4.425371 0.057643 0.111899 3.424978e-07 0.00001061953 14.514629 0.205857 1.102101 4.425746 0.013025 1.000000 
4.425371 0.057643 0.151826 5.532796e-07 0.00001061953 14.514629 0.205857 1.062174 4.425746 0.013025 1.000000 
4.425371 0.057643 0.191753 3.444335e-07 0.00001061953 14.514629 0.205857 1.022247 4.425746 0.013025 1.000000 
4.448439 0.057943 0.071973 3.948570e-08 0.00001067489 14.491561 0.205557 1.142027 4.448816 0.013025 1.000000 
4.448439 0.057943 0.111899 3.675885e-07 0.00001067489 14.491561 0.205557 1.102101 4.448816 0.013025 1.000000 
4.448439 0.057943 0.151826 5.104089e-07 0.00001067489 14.491561 0.205557 1.062174 4.448816 0.013025 1.000000 
4.448439 0.057943 0.191753 3.661345e-07 0.00001067489 14.491561 0.205557 1.022247 4.448816 0.013025 1.000000 
4.471508 0.058244 0.071973 3.445344e-08 0.00001073025 14.468492 0.205256 1.142027 4.471887 0.013025 1.000000 
4.471508 0.058244 0.111899 3.187724e-07 0.00001073025 14.468492 0.205256 1.102101 4.471887 0.013025 1.000000 
4.471508 0.058244 0.151826 5.602575e-07 0.00001073025 14.468492 0.205256 1.062174 4.471887 0.013025 1.000000 
4.471508 0.058244 0.191753 3.449026e-07 0.00001073025 14.468492 0.205256 1.022247 4.471887 0.013025 1.000000 
4.494576 0.058544 0.071973 3.801291e-08 0.00001078560 14.445424 0.204956 1.142027 4.494957 0.013025 1.000000 
4.494576 0.058544 0.111899 3.077539e-07 0.00001078560 14.445424 0.204956 1.102101 4.494957 0.013025 1.000000 
4.494576 0.058544 0.151826 5.551024e-07 0.00001078560 14.445424 0.204956 1.062174 4.494957 0.013025 1.000000 
4.494576 0.058544 0.191753 3.961732e-07 0.00001078560 14.445424 0.204956 1.022247 4.494957 0.013025 1.000000 
4.517644 0.058845 0.071973 2.946462e-08 0.00001084096 14.422356 0.204655 1.142027 4.518028 0.013025 1.000000 
4.517644 0.058845 0.111899 3.052270e-07 0.00001084096 14.422356 0.204655 1.102101 4.518028 0.013025 1.000000 
4.517644 0.058845 0.151826 5.274479e-07 0.00001084096 14.422356 0.204655 1.062174 4.518028 0.013025 1.000000 
4.517644 0.058845 0.191753 4.026581e-07 0.00001084096 14.422356 0.204655 1.022247 4.518028 0.013025 1.000000 
4.540713 0.059145 0.071973 2.782261e-08 0.00001089632 14.399287 0.204355 1.142027 4.541098 0.013025 1.000000 
4.540713 0.059145 0.111899 2.992558e-07 0.00001089632 14.399287 0.204355 1.102101 4.541098 0.013025 1.000000 
4.540713 0.059145 0.151826 4.960149e-07 0.00001089632 14.399287 0.204355 1.062174 4.541098 0.013025 1.000000 
4.540713 0.059145 0.191753 4.353027e-07 0.00001089632 14.399287 0.204355 1.022247 4.541098 0.013025 1.000000 
4.563781 0.059446 0.071973 2.268567e-08 0.00001095168 14.376219 0.204054 1.142027 4.564168 0.013025 1.000000 
4.563781 0.059446 0.111899 2.705172e-07 0.00001095168 14.376219 0.204054 1.102101 4.564168 0.013025 1.000000 
4.563781 0.059446 0.151826 5.639728e-07 0.00001095168 14.376219 0.204054 1.062174 4.564168 0.013025 1.000000 
4.563781 0.059446 0.191753 4.768209e-07 0.00001095168 14.376219 0.204054 1.022247 4.564168 0.013025 1.000000 
4.586850 0.059746 0.071973 1.400247e-08 0.00001100703 14.353150 0.203754 1.142027 4.587239 0.013025 1.000000 
4.586850 0.059746 0.111899 2.538632e-07 0.00001100703 14.353150 0.203754 1.102101 4.587239 0.013025 1.000000 
4.586850 0.059746 0.151826 5.395321e-07 0.00001100703 14.353150 0.203754 1.062174 4.587239 0.013025 1.000000 
4.586850 0.059746 0.191753 5.257030e-07 0.00001100703 14.353150 0.203754 1.022247 4.587239 0.013025 1.000000 
4.609918 0.060047 0.071973 2.105921e-08 0.00001106239 14.330082 0.203453 1.142027 4.610309 0.013025 1.000000 
4.609918 0.060047 0.111899 2.213184e-07 0.00001106239 14.330082 0.203453 1.102101 4.610309 0.013025 1.000000 
4.609918 0.060047 0.151826 5.254190e-07 0.00001106239 14.330082 0.203453 1.062174 4.610309 0.013025 1.000000 
4.609918 0.060047 0.191753 5.502411e-07 0.00001106239 14.330082 0.203453 1.022247 4.610309 0.013025 1.000000 
4.632986 0.060347 0.071973 5.285779e-09 0.00001111775 14.307014 0.203153 1.142027 4.633379 0.013025 1.000000 
4.632986 0.060347 0.111899 2.308386e-07 0.00001111775 14.307014 0.203153 1.102101 4.633379 0.013025 1.000000 
4.632986 0.060347 0.151826 5.341653e-07 0.00001111775 14.307014 0.203153 1.062174 4.633379 0.013025 1.000000 
4.632986 0.060347 0.191753 5.114013e-07 0.00001111775 14.307014 0.203153 1.022247 4.633379 0.013025 1.000000 
4.632986 0.060347 0.231679 7.062190e-09 0.00001111775 14.307014 0.203153 0.982321 4.633379 0.013025 1.000000 
4.656055 0.060648 0.071973 1.059727e-08 0.00001117310 14.283945 0.202852 1.142027 4.656450 0.013025 1.000000 
4.656055 0.060648 0.111899 2.386653e-07 0.00001117310 14.283945 0.202852 1.102101 4.656450 0.013025 1.000000 
4.656055 0.060648 0.151826 5.694821e-07 0.00001117310 14.283945 0.202852 1.062174 4.656450 0.013025 1.000000 
4.656055 0.060648 0.191753 5.626333e-07 0.00001117310 14.283945 0.202852 1.022247 4.656450 0.013025 1.000000 
4.656055 0.060648 0.231679 2.301215e-08 0.00001117310 14.283945 0.202852 0.982321 4.656450 0.013025 1.000000 
4.679123 0.060948 0.071973 5.313592e-09 0.00001122846 14.260877 0.202552 1.142027 4.679520 0.013025 1.000000 
4.679123 0.060948 0.111899 1.968288e-07 0.00001122846 14.260877 0.202552 1.102101 4.679520 0.013025 1.000000 
4.679123 0.060948 0.151826 4.879589e-07 0.00001122846 14.260877 0.202552 1.062174 4.679520 0.013025 1.000000 
4.679123 0.060948 0.191753 5.342335e-07 0.00001122846 14.260877 0.202552 1.022247 4.679520 0.013025 1.000000 
4.679123 0.060948 0.231679 4.084253e-08 0.00001122846 14.260877 0.202552 0.982321 4.679520 0.013025 1.000000 
4.702192 0.061249 0.071973 1.779788e-09 0.00001128382 14.237808 0.202251 1.142027 4.702591 0.013025 1.000000 
4.702192 0.061249 0.111899 1.868275e-07 0.00001128382 14.237808 0.202251 1.102101 4.702591 0.013025 1.000000 
4.702192 0.061249 0.151826 5.054938e-07 0.00001128382 14.237808 0.202251 1.062174 4.702591 0.013025 1.000000 
4.702192 0.061249 0.191753 5.983744e-07 0.00001128382 14.237808 0.202251 1.022247 4.702591 0.013025 1.000000 
4.702192 0.061249 0.231679 3.740200e-08 0.00001128382 14.237808 0.202251 0.982321 4.702591 0.013025 1.000000 
4.725260 0.061549 0.111899 1.677934e-07 0.00001133918 14.214740 0.201951 1.102101 4.725661 0.013025 1.000000 
4.725260 0.061549 0.151826 4.571628e-07 0.00001133918 14.214740 0.201951 1.062174 4.725661 0.013025 1.000000 
4.725260 0.061549 0.191753 5.108757e-07 0.00001133918 14.214740 0.201951 1.022247 4.725661 0.013025 1.000000 
4.725260 0.061549 0.231679 7.863301e-08 0.00001133918 14.214740 0.201951 0.982321 4.725661 0.013025 1.000000 
4.748329 0.061850 0.111899 1.378923e-07 0.00001139453 14.191671 0.201650 1.102101 4.748731 0.013025 1.000000 
4.748329 0.061850 0.151826 5.177380e-07 0.00001139453 14.191671 0.201650 1.062174 4.748731 0.013025 1.000000 
4.748329 0.061850 0.191753 5.806946e-07 0.00001139453 14.191671 0.201650 1.022247 4.748731 0.013025 1.000000 
4.748329 0.061850 0.231679 7.352259e-08 0.00001139453 14.191671 0.201650 0.982321 4.748731 0.013025 1.000000 
4.771397 0.062150 0.111899 1.311225e-07 0.00001144989 14.168603 0.201350 1.102101 4.771802 0.013025 1.000000 
4.771397 0.062150 0.151826 5.283947e-07 0.00001144989 14.168603 0.201350 1.062174 4.771802 0.013025 1.000000 
4.771397 0.062150 0.191753 5.861400e-07 0.00001144989 14.168603 0.201350 1.022247 4.771802 0.013025 1.000000 
4.771397 0.062150 0.231679 1.349074e-07 0.00001144989 14.168603 0.201350 0.982321 4.771802 0.013025 1.000000 
4.794465 0.062451 0.111899 1.081484e-07 0.00001150525 14.145535 0.201049 1.102101 4.794872 0.013025 1.000000 
4.794465 0.062451 0.151826 4.472233e-07 0.00001150525 14.145535 0.201049 1.062174 4.794872 0.013025 1.000000 
4.794465 0.062451 0.191753 5.989654e-07 0.00001150525 14.145535 0.201049 1.022247 4.794872 0.013025 1.000000 
4.794465 0.062451 0.231679 1.263212e-07 0.00001150525 14.145535 0.201049 0.982321 4.794872 0.013025 1.000000 
4.817534 0.062751 0.111899 1.229420e-07 0.00001156060 14.122466 0.200749 1.102101 4.817943 0.013025 1.000000 
4.817534 0.062751 0.151826 4.323448e-07 0.00001156060 14.122466 0.200749 1.062174 4.817943 0.013025 1.000000 
4.817534 0.062751 0.191753 6.315404e-07 0.00001156060 14.122466 0.200749 1.022247 4.817943 0.013025 1.000000 
4.817534 0.062751 0.231679 1.502319e-07 0.00001156060 14.122466 0.200749 0.982321 4.817943 0.013025 1.000000 
4.840602 0.063052 0.111899 1.088540e-07 0.00001161596 14.099398 0.200448 1.102101 4.841013 0.013025 1.000000 
4.840602 0.063052 0.151826 4.446686e-07 0.00001161596 14.099398 0.200448 1.062174 4.841013 0.013025 1.000000 
4.840602 0.063052 0.191753 6.118463e-07 0.00001161596 14.099398 0.200448 1.022247 4.841013 0.013025 1.000000 
4.840602 0.063052 0.231679 1.616506e-07 0.00001161596 14.099398 0.200448 0.982321 4.841013 0.013025 1.000000 
4.863671 0.063352 0.111899 1.019387e-07 0.00001167132 14.076329 0.200148 1.102101 4.864083 0.013025 1.000000 
4.863671 0.063352 0.151826 4.442677e-07 0.00001167132 14.076329 0.200148 1.062174 4.864083 0.013025 1.000000 
4.863671 0.063352 0.191753 6.047219e-07 0.00001167132 14.076329 0.200148 1.022247 4.864083 0.013025 1.000000 
4.863671 0.063352 0.231679 1.986192e-07 0.00001167132 14.076329 0.200148 0.982321 4.864083 0.013025 1.000000 
4.886739 0.063653 0.111899 8.216137e-08 0.00001172667 14.053261 0.199847 1.102101 4.887154 0.013025 1.000000 
4.886739 0.063653 0.151826 4.110592e-07 0.00001172667 14.053261 0.199847 1.062174 4.887154 0.013025 1.000000 
4.886739 0.063653 0.191753 5.920722e-07 0.00001172667 14.053261 0.199847 1.022247 4.887154 0.013025 1.000000 
4.886739 0.063653 0.231679 2.705328e-07 0.00001172667 14.053261 0.199847 0.982321 4.887154 0.013025 1.000000 
4.909808 0.063953 0.111899 8.061358e-08 0.00001178203 14.030192 0.199547 1.102101 4.910224 0.013025 1.000000 
4.909808 0.063953 0.151826 3.903730e-07 0.00001178203 14.030192 0.199547 1.062174 4.910224 0.013025 1.000000 
4.909808 0.063953 0.191753 5.592202e-07 0.00001178203 14.030192 0.199547 1.022247 4.910224 0.013025 1.000000 
4.909808 0.063953 0.231679 2.237373e-07 0.00001178203 14.030192 0.199547 0.982321 4.910224 0.013025 1.000000 
4.932876 0.064253 0.111899 7.718578e-08 0.00001183739 14.007124 0.199247 1.102101 4.933294 0.013025 1.000000 
4.932876 0.064253 0.151826 3.934541e-07 0.00001183739 14.007124 0.199247 1.062174 4.933294 0.013025 1.000000 
4.932876 0.064253 0.191753 6.218086e-07 0.00001183739 14.007124 0.199247 1.022247 4.933294 0.013025 1.000000 
4.932876 0.064253 0.231679 2.980686e-07 0.00001183739 14.007124 0.199247 0.982321 4.933294 0.013025 1.000000 
4.955944 0.064554 0.111899 4.241578e-08 0.00001189275 13.984056 0.198946 1.102101 4.956365 0.013025 1.000000 
4.955944 0.064554 0.151826 3.468344e-07 0.00001189275 13.984056 0.198946 1.062174 4.956365 0.013025 1.000000 
4.955944 0.064554 0.191753 6.256114e-07 0.00001189275 13.984056 0.198946 1.022247 4.956365 0.013025 1.000000 
4.955944 0.064554 0.231679 3.009134e-07 0.00001189275 13.984056 0.198946 0.982321 4.956365 0.013025 1.000000 
4.979013 0.064854 0.111899 3.330337e-08 0.00001194810 13.960987 0.198646 1.102101 4.979435 0.013025 1.000000 
4.979013 0.064854 0.151826 3.609239e-07 0.00001194810 13.960987 0.198646 1.062174 4.979435 0.013025 1.000000 
4.979013 0.064854 0.191753 6.276586e-07 0.00001194810 13.960987 0.198646 1.022247 4.979435 0.013025 1.000000 
4.979013 0.064854 0.231679 3.852700e-07 0.00001194810 13.960987 0.198646 0.982321 4.979435 0.013025 1.000000 
5.002081 0.065155 0.111899 3.710675e-08 0.00001200346 13.937919 0.198345 1.102101 5.002506 0.013025 1.000000 
5.002081 0.065155 0.151826 3.379861e-07 0.00001200346 13.937919 0.198345 1.062174 5.002506 0.013025 1.000000 
5.002081 0.065155 0.191753 5.424918e-07 0.00001200346 13.937919 0.198345 1.022247 5.002506 0.013025 1.000000 
5.002081 0.065155 0.231679 3.568024e-07 0.00001200346 13.937919 0.198345 0.982321 5.002506 0.013025 1.000000 
5.025150 0.065455 0.111899 2.048028e-08 0.00001205882 13.914850 0.198045 1.102101 5.025576 0.013025 1.000000 
5.025150 0.065455 0.151826 3.204023e-07 0.00001205882 13.914850 0.198045 1.062174 5.025576 0.013025 1.000000 
5.025150 0.065455 0.191753 6.039041e-07 0.00001205882 13.914850 0.198045 1.022247 5.025576 0.013025 1.000000 
5.025150 0.065455 0.231679 3.915618e-07 0.00001205882 13.914850 0.198045 0.982321 5.025576 0.013025 1.000000 
5.048218 0.065756 0.111899 1.682152e-08 0.00001211417 13.891782 0.197744 1.102101 5.048646 0.013025 1.000000 
5.048218 0.065756 0.151826 3.476690e-07 0.00001211417 13.891782 0.197744 1.062174 5.048646 0.013025 1.000000 
5.048218 0.065756 0.191753 6.002147e-07 0.00001211417 13.891782 0.197744 1.022247 5.048646 0.013025 1.000000 
5.048218 0.065756 0.231679 4.452543e-07 0.00001211417 13.891782 0.197744 0.982321 5.048646 0.013025 1.000000 
5.071287 0.066056 0.111899 1.874867e-08 0.00001216953 13.868713 0.197444 1.102101 5.071717 0.013025 1.000000 
5.071287 0.066056 0.151826 2.794625e-07 0.00001216953 13.868713 0.197444 1.062174 5.071717 0.013025 1.000000 
5.071287 0.066056 0.191753 6.060801e-07 0.00001216953 13.868713 0.197444 1.022247 5.071717 0.013025 1.000000 
5.071287 0.066056 0.231679 3.978145e-07 0.00001216953 13.868713 0.197444 0.982321 5.071717 0.013025 1.000000 
5.094355 0.066357 0.111899 1.127658e-08 0.00001222489 13.845645 0.197143 1.102101 5.094787 0.013025 1.000000 
5.094355 0.066357 0.151826 2.766328e-07 0.00001222489 13.845645 0.197143 1.062174 5.094787 0.013025 1.000000 
5.094355 0.066357 0.191753 6.080386e-07 0.00001222489 13.845645 0.197143 1.022247 5.094787 0.013025 1.000000 
5.094355 0.066357 0.231679 5.046845e-07 0.00001222489 13.845645 0.197143 0.982321 5.094787 0.013025 1.000000 
5.117423 0.066657 0.111899 7.555363e-09 0.00001228025 13.822577 0.196843 1.102101 5.117857 0.013025 1.000000 
5.117423 0.066657 0.151826 2.284437e-07 0.00001228025 13.822577 0.196843 1.062174 5.117857 0.013025 1.000000 
5.117423 0.066657 0.191753 5.553092e-07 0.00001228025 13.822577 0.196843 1.022247 5.117857 0.013025 1.000000 
5.117423 0.066657 0.231679 5.139318e-07 0.00001228025 13.822577 0.196843 0.982321 5.117857 0.013025 1.000000 
5.140492 0.066958 0.111899 9.459806e-09 0.00001233560 13.799508 0.196542 1.102101 5.140928 0.013025 1.000000 
5.140492 0.066958 0.151826 2.443564e-07 0.00001233560 13.799508 0.196542 1.062174 5.140928 0.013025 1.000000 
5.140492 0.066958 0.191753 5.931174e-07 0.00001233560 13.799508 0.196542 1.022247 5.140928 0.013025 1.000000 
5.140492 0.066958 0.231679 5.156327e-07 0.00001233560 13.799508 0.196542 0.982321 5.140928 0.013025 1.000000 
5.163560 0.067258 0.111899 1.900327e-09 0.00001239096 13.776440 0.196242 1.102101 5.163998 0.013025 1.000000 
5.163560 0.067258 0.151826 2.394201e-07 0.00001239096 13.776440 0.196242 1.062174 5.163998 0.013025 1.000000 
5.163560 0.067258 0.191753 5.437303e-07 0.00001239096 13.776440 0.196242 1.022247 5.163998 0.013025 1.000000 
5.163560 0.067258 0.231679 5.763476e-07 0.00001239096 13.776440 0.196242 0.982321 5.163998 0.013025 1.000000 
5.186629 0.067559 0.111899 1.904074e-09 0.00001244632 13.753371 0.195941 1.102101 5.187069 0.013025 1.000000 
5.186629 0.067559 0.151826 2.250266e-07 0.00001244632 13.753371 0.195941 1.062174 5.187069 0.013025 1.000000 
5.186629 0.067559 0.191753 5.532322e-07 0.00001244632 13.753371 0.195941 1.022247 5.187069 0.013025 1.000000 
5.186629 0.067559 0.231679 5.897250e-07 0.00001244632 13.753371 0.195941 0.982321 5.187069 0.013025 1.000000 
5.186629 0.067559 0.271606 1.911496e-09 0.00001244632 13.753371 0.195941 0.942394 5.187069 0.013025 1.000000 
5.209697 0.067859 0.151826 2.123354e-07 0.00001250167 13.730303 0.195641 1.062174 5.210139 0.013025 1.000000 
5.209697 0.067859 0.191753 5.129502e-07 0.00001250167 13.730303 0.195641 1.022247 5.210139 0.013025 1.000000 
5.209697 0.067859 0.231679 6.204366e-07 0.00001250167 13.730303 0.195641 0.982321 5.210139 0.013025 1.000000 
5.209697 0.067859 0.271606 3.828953e-09 0.00001250167 13.730303 0.195641 0.942394 5.210139 0.013025 1.000000 
5.232766 0.068160 0.151826 1.823606e-07 0.00001255703 13.707234 0.195340 1.062174 5.233209 0.013025 1.000000 
5.232766 0.068160 0.191753 5.127735e-07 0.00001255703 13.707234 0.195340 1.022247 5.233209 0.013025 1.000000 
5.232766 0.068160 0.231679 6.723959e-07 0.00001255703 13.707234 0.195340 0.982321 5.233209 0.013025 1.000000 
5.232766 0.068160 0.271606 2.306874e-08 0.00001255703 13.707234 0.195340 0.942394 5.233209 0.013025 1.000000 
5.255834 0.068460 0.151826 1.694733e-07 0.00001261239 13.684166 0.195040 1.062174 5.256280 0.013025 1.000000 
5.255834 0.068460 0.191753 5.606869e-07 0.00001261239 13.684166 0.195040 1.022247 5.256280 0.013025 1.000000 
5.255834 0.068460 0.231679 6.727161e-07 0.00001261239 13.684166 0.195040 0.982321 5.256280 0.013025 1.000000 
5.255834 0.068460 0.271606 3.083910e-08 0.00001261239 13.684166 0.195040 0.942394 5.256280 0.013025 1.000000 
5.278902 0.068761 0.151826 1.643076e-07 0.00001266775 13.661098 0.194739 1.062174 5.279350 0.013025 1.000000 
5.278902 0.068761 0.191753 4.968626e-07 0.00001266775 13.661098 0.194739 1.022247 5.279350 0.013025 1.000000 
5.278902 0.068761 0.231679 6.479333e-07 0.00001266775 13.661098 0.194739 0.982321 5.279350 0.013025 1.000000 
5.278902 0.068761 0.271606 4.641836e-08 0.00001266775 13.661098 0.194739 0.942394 5.279350 0.013025 1.000000 
5.301971 0.069061 0.151826 1.221963e-07 0.00001272310 13.638029 0.194439 1.062174 5.302421 0.013025 1.000000 
5.301971 0.069061 0.191753 5.314903e-07 0.00001272310 13.638029 0.194439 1.022247 5.302421 0.013025 1.000000 
5.301971 0.069061 0.231679 6.442688e-07 0.00001272310 13.638029 0.194439 0.982321 5.302421 0.013025 1.000000 
5.301971 0.069061 0.271606 6.599421e-08 0.00001272310 13.638029 0.194439 0.942394 5.302421 0.013025 1.000000 
5.325039 0.069362 0.151826 1.439759e-07 0.00001277846 13.614961 0.194138 1.062174 5.325491 0.013025 1.000000 
5.325039 0.069362 0.191753 4.457481e-07 0.00001277846 13.614961 0.194138 1.022247 5.325491 0.013025 1.000000 
5.325039 0.069362 0.231679 7.340790e-07 0.00001277846 13.614961 0.194138 0.982321 5.325491 0.013025 1.000000 
5.325039 0.069362 0.271606 1.168683e-07 0.00001277846 13.614961 0.194138 0.942394 5.325491 0.013025 1.000000 
5.348108 0.069662 0.151826 1.171257e-07 0.00001283382 13.591892 0.193838 1.062174 5.348561 0.013025 1.000000 
5.348108 0.069662 0.191753 5.663714e-07 0.00001283382 13.591892 0.193838 1.022247 5.348561 0.013025 1.000000 
5.348108 0.069662 0.231679 6.368932e-07 0.00001283382 13.591892 0.193838 0.982321 5.348561 0.013025 1.000000 
5.348108 0.069662 0.271606 1.035868e-07 0.00001283382 13.591892 0.193838 0.942394 5.348561 0.013025 1.000000 
5.371176 0.069963 0.151826 8.422654e-08 0.00001288917 13.568824 0.193537 1.062174 5.371632 0.013025 1.000000 
5.371176 0.069963 0.191753 4.781391e-07 0.00001288917 13.568824 0.193537 1.022247 5.371632 0.013025 1.000000 
5.371176 0.069963 0.231679 6.391280e-07 0.00001288917 13.568824 0.193537 0.982321 5.371632 0.013025 1.000000 
5.371176 0.069963 0.271606 1.568912e-07 0.00001288917 13.568824 0.193537 0.942394 5.371632 0.013025 1.000000 
5.394244 0.070263 0.151826 6.486785e-08 0.00001294453 13.545756 0.193237 1.062174 5.394702 0.013025 1.000000 
5.394244 0.070263 0.191753 4.601049e-07 0.00001294453 13.545756 0.193237 1.022247 5.394702 0.013025 1.000000 
5.394244 0.070263 0.231679 6.963419e-07 0.00001294453 13.545756 0.193237 0.982321 5.394702 0.013025 1.000000 
5.394244 0.070263 0.271606 1.574228e-07 0.00001294453 13.545756 0.193237 0.942394 5.394702 0.013025 1.000000 
5.417313 0.070564 0.151826 6.706287e-08 0.00001299989 13.522687 0.192936 1.062174 5.417772 0.013025 1.000000 
5.417313 0.070564 0.191753 4.655692e-07 0.00001299989 13.522687 0.192936 1.022247 5.417772 0.013025 1.000000 
5.417313 0.070564 0.231679 7.026904e-07 0.00001299989 13.522687 0.192936 0.982321 5.417772 0.013025 1.000000 
5.417313 0.070564 0.271606 1.697962e-07 0.00001299989 13.522687 0.192936 0.942394 5.417772 0.013025 1.000000 
5.440381 0.070864 0.151826 5.342066e-08 0.00001305525 13.499619 0.192636 1.062174 5.440843 0.013025 1.000000 
5.440381 0.070864 0.191753 5.246316e-07 0.00001305525 13.499619 0.192636 1.022247 5.440843 0.013025 1.000000 
5.440381 0.070864 0.231679 6.515969e-07 0.00001305525 13.499619 0.192636 0.982321 5.440843 0.013025 1.000000 
5.440381 0.070864 0.271606 2.080136e-07 0.00001305525 13.499619 0.192636 0.942394 5.440843 0.013025 1.000000 
5.463450 0.071165 0.151826 4.169053e-08 0.00001311060 13.476550 0.192335 1.062174 5.463913 0.013025 1.000000 
5.463450 0.071165 0.191753 4.608523e-07 0.00001311060 13.476550 0.192335 1.022247 5.463913 0.013025 1.000000 
5.463450 0.071165 0.231679 6.935276e-07 0.00001311060 13.476550 0.192335 0.982321 5.463913 0.013025 1.000000 
5.463450 0.071165 0.271606 2.783083e-07 0.00001311060 13.476550 0.192335 0.942394 5.463913 0.013025 1.000000 
5.486518 0.071465 0.151826 3.985433e-08 0.00001316596 13.453482 0.192035 1.062174 5.486984 0.013025 1.000000 
5.486518 0.071465 0.191753 4.285794e-07 0.00001316596 13.453482 0.192035 1.022247 5.486984 0.013025 1.000000 
5.486518 0.071465 0.231679 6.480610e-07 0.00001316596 13.453482 0.192035 0.982321 5.486984 0.013025 1.000000 
5.486518 0.071465 0.271606 3.051858e-07 0.00001316596 13.453482 0.192035 0.942394 5.486984 0.013025 1.000000 
5.509587 0.071765 0.151826 3.598096e-08 0.00001322132 13.430413 0.191735 1.062174 5.510054 0.013025 1.000000 
5.509587 0.071765 0.191753 3.959546e-07 0.00001322132 13.430413 0.191735 1.022247 5.510054 0.013025 1.000000 
5.509587 0.071765 0.231679 6.923009e-07 0.00001322132 13.430413 0.191735 0.982321 5.510054 0.013025 1.000000 
5.509587 0.071765 0.271606 3.122194e-07 0.00001322132 13.430413 0.191735 0.942394 5.510054 0.013025 1.000000 
5.532655 0.072066 0.151826 3.008030e-08 0.00001327667 13.407345 0.191434 1.062174 5.533124 0.013025 1.000000 
5.532655 0.072066 0.191753 3.773254e-07 0.00001327667 13.407345 0.191434 1.022247 5.533124 0.013025 1.000000 
5.532655 0.072066 0.231679 7.167070e-07 0.00001327667 13.407345 0.191434 0.982321 5.533124 0.013025 1.000000 
5.532655 0.072066 0.271606 3.655798e-07 0.00001327667 13.407345 0.191434 0.942394 5.533124 0.013025 1.000000 
5.555723 0.072366 0.151826 2.214388e-08 0.00001333203 13.384277 0.191134 1.062174 5.556195 0.013025 1.000000 
5.555723 0.072366 0.191753 3.886158e-07 0.00001333203 13.384277 0.191134 1.022247 5.556195 0.013025 1.000000 
5.555723 0.072366 0.231679 6.708167e-07 0.00001333203 13.384277 0.191134 0.982321 5.556195 0.013025 1.000000 
5.555723 0.072366 0.271606 3.989892e-07 0.00001333203 13.384277 0.191134 0.942394 5.556195 0.013025 1.000000 
5.578792 0.072667 0.151826 1.816909e-08 0.00001338739 13.361208 0.190833 1.062174 5.579265 0.013025 1.000000 
5.578792 0.072667 0.191753 3.152322e-07 0.00001338739 13.361208 0.190833 1.022247 5.579265 0.013025 1.000000 
5.578792 0.072667 0.231679 6.488646e-07 0.00001338739 13.361208 0.190833 0.982321 5.579265 0.013025 1.000000 
5.578792 0.072667 0.271606 3.761241e-07 0.00001338739 13.361208 0.190833 0.942394 5.579265 0.013025 1.000000 
5.601860 0.072967 0.151826 1.013444e-08 0.00001344275 13.338140 0.190533 1.062174 5.602335 0.013025 1.000000 
5.601860 0.072967 0.191753 2.859312e-07 0.00001344275 13.338140 0.190533 1.022247 5.602335 0.013025 1.000000 
5.601860 0.072967 0.231679 6.674242e-07 0.00001344275 13.338140 0.190533 0.982321 5.602335 0.013025 1.000000 
5.601860 0.072967 0.271606 4.241246e-07 0.00001344275 13.338140 0.190533 0.942394 5.602335 0.013025 1.000000 
5.624929 0.073268 0.191753 2.828246e-07 0.00001349810 13.315071 0.190232 1.022247 5.625406 0.013025 1.000000 
5.624929 0.073268 0.231679 6.818925e-07 0.00001349810 13.315071 0.190232 0.982321 5.625406 0.013025 1.000000 
5.624929 0.073268 0.271606 4.886069e-07 0.00001349810 13.315071 0.190232 0.942394 5.625406 0.013025 1.000000 
5.647997 0.073568 0.191753 2.715547e-07 0.00001355346 13.292003 0.189932 1.022247 5.648476 0.013025 1.000000 
5.647997 0.073568 0.231679 6.351918e-07 0.00001355346 13.292003 0.189932 0.982321 5.648476 0.013025 1.000000 
5.647997 0.073568 0.271606 5.087678e-07 0.00001355346 13.292003 0.189932 0.942394 5.648476 0.013025 1.000000 
5.671066 0.073869 0.191753 2.253861e-07 0.00001360882 13.268934 0.189631 1.022247 5.671547 0.013025 1.000000 
5.671066 0.073869 0.231679 6.251799e-07 0.00001360882 13.268934 0.189631 0.982321 5.671547 0.013025 1.000000 
5.671066 0.073869 0.271606 5.433510e-07 0.00001360882 13.268934 0.189631 0.942394 5.671547 0.013025 1.000000 
5.694134 0.074169 0.191753 2.466802e-07 0.00001366417 13.245866 0.189331 1.022247 5.694617 0.013025 1.000000 
5.694134 0.074169 0.231679 6.478733e-07 0.00001366417 13.245866 0.189331 0.982321 5.694617 0.013025 1.000000 
5.694134 0.074169 0.271606 5.760562e-07 0.00001366417 13.245866 0.189331 0.942394 5.694617 0.013025 1.000000 
5.717202 0.074470 0.191753 2.001341e-07 0.00001371953 13.222798 0.189030 1.022247 5.717687 0.013025 1.000000 
5.717202 0.074470 0.231679 6.872650e-07 0.00001371953 13.222798 0.189030 0.982321 5.717687 0.013025 1.000000 
5.717202 0.074470 0.271606 6.545241e-07 0.00001371953 13.222798 0.189030 0.942394 5.717687 0.013025 1.000000 
5.740271 0.074770 0.191753 2.049366e-07 0.00001377489 13.199729 0.188730 1.022247 5.740758 0.013025 1.000000 
5.740271 0.074770 0.231679 5.715999e-07 0.00001377489 13.199729 0.188730 0.982321 5.740758 0.013025 1.000000 
5.740271 0.074770 0.271606 6.049745e-07 0.00001377489 13.199729 0.188730 0.942394 5.740758 0.013025 1.000000 
5.763339 0.075071 0.191753 1.495760e-07 0.00001383025 13.176661 0.188429 1.022247 5.763828 0.013025 1.000000 
5.763339 0.075071 0.231679 6.255400e-07 0.00001383025 13.176661 0.188429 0.982321 5.763828 0.013025 1.000000 
5.763339 0.075071 0.271606 6.819469e-07 0.00001383025 13.176661 0.188429 0.942394 5.763828 0.013025 1.000000 
5.763339 0.075071 0.311532 2.082266e-09 0.00001383025 13.176661 0.188429 0.902468 5.763828 0.013025 1.000000 
5.786408 0.075371 0.191753 1.417337e-07 0.00001388560 13.153592 0.188129 1.022247 5.786899 0.013025 1.000000 
5.786408 0.075371 0.231679 6.088946e-07 0.00001388560 13.153592 0.188129 0.982321 5.786899 0.013025 1.000000 
5.786408 0.075371 0.271606 6.738396e-07 0.00001388560 13.153592 0.188129 0.942394 5.786899 0.013025 1.000000 
5.786408 0.075371 0.311532 2.083641e-09 0.00001388560 13.153592 0.188129 0.902468 5.786899 0.013025 1.000000 
5.809476 0.075672 0.191753 1.401496e-07 0.00001394096 13.130524 0.187828 1.022247 5.809969 0.013025 1.000000 
5.809476 0.075672 0.231679 5.566656e-07 0.00001394096 13.130524 0.187828 0.982321 5.809969 0.013025 1.000000 
5.809476 0.075672 0.271606 6.867839e-07 0.00001394096 13.130524 0.187828 0.942394 5.809969 0.013025 1.000000 
5.809476 0.075672 0.311532 2.094673e-08 0.00001394096 13.130524 0.187828 0.902468 5.809969 0.013025 1.000000 
5.832545 0.075972 0.191753 1.280490e-07 0.00001399632 13.107455 0.187528 1.022247 5.833039 0.013025 1.000000 
5.832545 0.075972 0.231679 5.376493e-07 0.00001399632 13.107455 0.187528 0.982321 5.833039 0.013025 1.000000 
5.832545 0.075972 0.271606 6.974955e-07 0.00001399632 13.107455 0.187528 0.942394 5.833039 0.013025 1.000000 
5.832545 0.075972 0.311532 3.152061e-08 0.00001399632 13.107455 0.187528 0.902468 5.833039 0.013025 1.000000 
5.855613 0.076273 0.191753 1.053205e-07 0.00001405167 13.084387 0.187227 1.022247 5.856110 0.013025 1.000000 
5.855613 0.076273 0.231679 5.015783e-07 0.00001405167 13.084387 0.187227 0.982321 5.856110 0.013025 1.000000 
5.855613 0.076273 0.271606 7.125901e-07 0.00001405167 13.084387 0.187227 0.942394 5.856110 0.013025 1.000000 
5.855613 0.076273 0.311532 5.482696e-08 0.00001405167 13.084387 0.187227 0.902468 5.856110 0.013025 1.000000 
5.878681 0.076573 0.191753 6.553745e-08 0.00001410703 13.061319 0.186927 1.022247 5.879180 0.013025 1.000000 
5.878681 0.076573 0.231679 5.879808e-07 0.00001410703 13.061319 0.186927 0.982321 5.879180 0.013025 1.000000 
5.878681 0.076573 0.271606 6.855252e-07 0.00001410703 13.061319 0.186927 0.942394 5.879180 0.013025 1.000000 
5.878681 0.076573 0.311532 7.193919e-08 0.00001410703 13.061319 0.186927 0.902468 5.879180 0.013025 1.000000 
5.901750 0.076874 0.191753 7.425657e-08 0.00001416239 13.038250 0.186626 1.022247 5.902250 0.013025 1.000000 
5.901750 0.076874 0.231679 5.220688e-07 0.00001416239 13.038250 0.186626 0.982321 5.902250 0.013025 1.000000 
5.901750 0.076874 0.271606 7.601750e-07 0.00001416239 13.038250 0.186626 0.942394 5.902250 0.013025 1.000000 
5.901750 0.076874 0.311532 8.922032e-08 0.00001416239 13.038250 0.186626 0.902468 5.902250 0.013025 1.000000 
5.924818 0.077174 0.191753 7.238460e-08 0.00001421775 13.015182 0.186326 1.022247 5.925321 0.013025 1.000000 
5.924818 0.077174 0.231679 5.047464e-07 0.00001421775 13.015182 0.186326 0.982321 5.925321 0.013025 1.000000 
5.924818 0.077174 0.271606 7.116583e-07 0.00001421775 13.015182 0.186326 0.942394 5.925321 0.013025 1.000000 
5.924818 0.077174 0.311532 1.555841e-07 0.00001421775 13.015182 0.186326 0.902468 5.925321 0.013025 1.000000 
5.947887 0.077475 0.191753 5.555914e-08 0.00001427310 12.992113 0.186025 1.022247 5.948391 0.013025 1.000000 
5.947887 0.077475 0.231679 4.744468e-07 0.00001427310 12.992113 0.186025 0.982321 5.948391 0.013025 1.000000 
5.947887 0.077475 0.271606 7.783692e-07 0.00001427310 12.992113 0.186025 0.942394 5.948391 0.013025 1.000000 
5.947887 0.077475 0.311532 1.454510e-07 0.00001427310 12.992113 0.186025 0.902468 5.948391 0.013025 1.000000 
5.970955 0.077775 0.191753 6.002956e-08 0.00001432846 12.969045 0.185725 1.022247 5.971462 0.013025 1.000000 
5.970955 0.077775 0.231679 4.954803e-07 0.00001432846 12.969045 0.185725 0.982321 5.971462 0.013025 1.000000 
5.970955 0.077775 0.271606 7.746227e-07 0.00001432846 12.969045 0.185725 0.942394 5.971462 0.013025 1.000000 
5.970955 0.077775 0.311532 1.888934e-07 0.00001432846 12.969045 0.185725 0.902468 5.971462 0.013025 1.000000 
5.994024 0.078076 0.191753 5.378536e-08 0.00001438382 12.945976 0.185424 1.022247 5.994532 0.013025 1.000000 
5.994024 0.078076 0.231679 4.133126e-07 0.00001438382 12.945976 0.185424 0.982321 5.994532 0.013025 1.000000 
5.994024 0.078076 0.271606 6.977857e-07 0.00001438382 12.945976 0.185424 0.942394 5.994532 0.013025 1.000000 
5.994024 0.078076 0.311532 2.240186e-07 0.00001438382 12.945976 0.185424 0.902468 5.994532 0.013025 1.000000 
6.017092 0.078376 0.191753 3.237940e-08 0.00001443917 12.922908 0.185124 1.022247 6.017602 0.013025 1.000000 
6.017092 0.078376 0.231679 4.363570e-07 0.00001443917 12.922908 0.185124 0.982321 6.017602 0.013025 1.000000 
6.017092 0.078376 0.271606 7.736154e-07 0.00001443917 12.922908 0.185124 0.942394 6.017602 0.013025 1.000000 
6.017092 0.078376 0.311532 2.356561e-07 0.00001443917 12.922908 0.185124 0.902468 6.017602 0.013025 1.000000 
6.040160 0.078676 0.191753 3.683328e-08 0.00001449453 12.899840 0.184824 1.022247 6.040673 0.013025 1.000000 
6.040160 0.078676 0.231679 3.794102e-07 0.00001449453 12.899840 0.184824 0.982321 6.040673 0.013025 1.000000 
6.040160 0.078676 0.271606 7.222349e-07 0.00001449453 12.899840 0.184824 0.942394 6.040673 0.013025 1.000000 
6.040160 0.078676 0.311532 2.755161e-07 0.00001449453 12.899840 0.184824 0.902468 6.040673 0.013025 1.000000 
6.063229 0.078977 0.191753 3.913612e-08 0.00001454989 12.876771 0.184523 1.022247 6.063743 0.013025 1.000000 
6.063229 0.078977 0.231679 4.067956e-07 0.00001454989 12.876771 0.184523 0.982321 6.063743 0.013025 1.000000 
6.063229 0.078977 0.271606 7.878511e-07 0.00001454989 12.876771 0.184523 0.942394 6.063743 0.013025 1.000000 
6.063229 0.078977 0.311532 3.461198e-07 0.00001454989 12.876771 0.184523 0.902468 6.063743 0.013025 1.000000 
6.086297 0.079277 0.191753 6.541446e-09 0.00001460525 12.853703 0.184223 1.022247 6.086813 0.013025 1.000000 
6.086297 0.079277 0.231679 3.231636e-07 0.00001460525 12.853703 0.184223 0.982321 6.086813 0.013025 1.000000 
6.086297 0.079277 0.271606 7.536169e-07 0.00001460525 12.853703 0.184223 0.942394 6.086813 0.013025 1.000000 
6.086297 0.079277 0.311532 3.889468e-07 0.00001460525 12.853703 0.184223 0.902468 6.086813 0.013025 1.000000 
6.109366 0.079578 0.191753 1.094812e-08 0.00001466060 12.830634 0.183922 1.022247 6.109884 0.013025 1.000000 
6.109366 0.079578 0.231679 3.615113e-07 0.00001466060 12.830634 0.183922 0.982321 6.109884 0.013025 1.000000 
6.109366 0.079578 0.271606 8.066790e-07 0.00001466060 12.830634 0.183922 0.942394 6.109884 0.013025 1.000000 
6.109366 0.079578 0.311532 3.837862e-07 0.00001466060 12.830634 0.183922 0.902468 6.109884 0.013025 1.000000 
6.132434 0.079878 0.231679 3.100736e-07 0.00001471596 12.807566 0.183622 0.982321 6.132954 0.013025 1.000000 
6.132434 0.079878 0.271606 6.798055e-07 0.00001471596 12.807566 0.183622 0.942394 6.132954 0.013025 1.000000 
6.132434 0.079878 0.311532 5.237685e-07 0.00001471596 12.807566 0.183622 0.902468 6.132954 0.013025 1.000000 
6.155502 0.080179 0.191753 4.410480e-09 0.00001477132 12.784498 0.183321 1.022247 6.156025 0.013025 1.000000 
6.155502 0.080179 0.231679 3.288116e-07 0.00001477132 12.784498 0.183321 0.982321 6.156025 0.013025 1.000000 
6.155502 0.080179 0.271606 7.461615e-07 0.00001477132 12.784498 0.183321 0.942394 6.156025 0.013025 1.000000 
6.155502 0.080179 0.311532 4.682540e-07 0.00001477132 12.784498 0.183321 0.902468 6.156025 0.013025 1.000000 
6.178571 0.080479 0.231679 2.945677e-07 0.00001482667 12.761429 0.183021 0.982321 6.179095 0.013025 1.000000 
6.178571 0.080479 0.271606 7.113009e-07 0.00001482667 12.761429 0.183021 0.942394 6.179095 0.013025 1.000000 
6.178571 0.080479 0.311532 5.142992e-07 0.00001482667 12.761429 0.183021 0.902468 6.179095 0.013025 1.000000 
6.201639 0.080780 0.191753 4.442965e-09 0.00001488203 12.738361 0.182720 1.022247 6.202165 0.013025 1.000000 
6.201639 0.080780 0.231679 2.911862e-07 0.00001488203 12.738361 0.182720 0.982321 6.202165 0.013025 1.000000 
6.201639 0.080780 0.271606 6.960064e-07 0.00001488203 12.738361 0.182720 0.942394 6.202165 0.013025 1.000000 
6.201639 0.080780 0.311532 5.272820e-07 0.00001488203 12.738361 0.182720 0.902468 6.202165 0.013025 1.000000 
6.224708 0.081080 0.231679 2.565894e-07 0.00001493739 12.715292 0.182420 0.982321 6.225236 0.013025 1.000000 
6.224708 0.081080 0.271606 6.806948e-07 0.00001493739 12.715292 0.182420 0.942394 6.225236 0.013025 1.000000 
6.224708 0.081080 0.311532 5.045744e-07 0.00001493739 12.715292 0.182420 0.902468 6.225236 0.013025 1.000000 
6.247776 0.081381 0.231679 2.395694e-07 0.00001499275 12.692224 0.182119 0.982321 6.248306 0.013025 1.000000 
6.247776 0.081381 0.271606 6.249929e-07 0.00001499275 12.692224 0.182119 0.942394 6.248306 0.013025 1.000000 
6.247776 0.081381 0.311532 5.984021e-07 0.00001499275 12.692224 0.182119 0.902468 6.248306 0.013025 1.000000 
6.270845 0.081681 0.231679 2.224367e-07 0.00001504810 12.669155 0.181819 0.982321 6.271377 0.013025 1.000000 
6.270845 0.081681 0.271606 7.103440e-07 0.00001504810 12.669155 0.181819 0.942394 6.271377 0.013025 1.000000 
6.270845 0.081681 0.311532 6.567708e-07 0.00001504810 12.669155 0.181819 0.902468 6.271377 0.013025 1.000000 
6.293913 0.081982 0.231679 1.939478e-07 0.00001510346 12.646087 0.181518 0.982321 6.294447 0.013025 1.000000 
6.293913 0.081982 0.271606 6.678690e-07 0.00001510346 12.646087 0.181518 0.942394 6.294447 0.013025 1.000000 
6.293913 0.081982 0.311532 6.952487e-07 0.00001510346 12.646087 0.181518 0.902468 6.294447 0.013025 1.000000 
6.316981 0.082282 0.231679 1.833665e-07 0.00001515882 12.623019 0.181218 0.982321 6.317517 0.013025 1.000000 
6.316981 0.082282 0.271606 6.929516e-07 0.00001515882 12.623019 0.181218 0.942394 6.317517 0.013025 1.000000 
6.316981 0.082282 0.311532 7.385215e-07 0.00001515882 12.623019 0.181218 0.902468 6.317517 0.013025 1.000000 
6.340050 0.082583 0.231679 1.499131e-07 0.00001521417 12.599950 0.180917 0.982321 6.340588 0.013025 1.000000 
6.340050 0.082583 0.271606 6.500224e-07 0.00001521417 12.599950 0.180917 0.942394 6.340588 0.013025 1.000000 
6.340050 0.082583 0.311532 8.048380e-07 0.00001521417 12.599950 0.180917 0.902468 6.340588 0.013025 1.000000 
6.363118 0.082883 0.231679 1.094368e-07 0.00001526953 12.576882 0.180617 0.982321 6.363658 0.013025 1.000000 
6.363118 0.082883 0.271606 6.159069e-07 0.00001526953 12.576882 0.180617 0.942394 6.363658 0.013025 1.000000 
6.363118 0.082883 0.311532 7.394093e-07 0.00001526953 12.576882 0.180617 0.902468 6.363658 0.013025 1.000000 
6.386187 0.083184 0.231679 1.121401e-07 0.00001532489 12.553813 0.180316 0.982321 6.386728 0.013025 1.000000 
6.386187 0.083184 0.271606 6.273186e-07 0.00001532489 12.553813 0.180316 0.942394 6.386728 0.013025 1.000000 
6.386187 0.083184 0.311532 8.153277e-07 0.00001532489 12.553813 0.180316 0.902468 6.386728 0.013025 1.000000 
6.386187 0.083184 0.351459 4.584643e-09 0.00001532489 12.553813 0.180316 0.862541 6.386728 0.013025 1.000000 
6.409255 0.083484 0.231679 6.659940e-08 0.00001538025 12.530745 0.180016 0.982321 6.409799 0.013025 1.000000 
6.409255 0.083484 0.271606 6.043190e-07 0.00001538025 12.530745 0.180016 0.942394 6.409799 0.013025 1.000000 
6.409255 0.083484 0.311532 8.137767e-07 0.00001538025 12.530745 0.180016 0.902468 6.409799 0.013025 1.000000 
6.409255 0.083484 0.351459 2.530113e-08 0.00001538025 12.530745 0.180016 0.862541 6.409799 0.013025 1.000000 
6.432324 0.083785 0.231679 5.300597e-08 0.00001543560 12.507676 0.179715 0.982321 6.432869 0.013025 1.000000 
6.432324 0.083785 0.271606 5.719748e-07 0.00001543560 12.507676 0.179715 0.942394 6.432869 0.013025 1.000000 
6.432324 0.083785 0.311532 8.490490e-07 0.00001543560 12.507676 0.179715 0.902468 6.432869 0.013025 1.000000 
6.432324 0.083785 0.351459 5.308325e-08 0.00001543560 12.507676 0.179715 0.862541 6.432869 0.013025 1.000000 
6.455392 0.084085 0.231679 5.783515e-08 0.00001549096 12.484608 0.179415 0.982321 6.455940 0.013025 1.000000 
6.455392 0.084085 0.271606 5.763131e-07 0.00001549096 12.484608 0.179415 0.942394 6.455940 0.013025 1.000000 
6.455392 0.084085 0.311532 8.753459e-07 0.00001549096 12.484608 0.179415 0.902468 6.455940 0.013025 1.000000 
6.455392 0.084085 0.351459 9.726304e-08 0.00001549096 12.484608 0.179415 0.862541 6.455940 0.013025 1.000000 
6.478460 0.084386 0.231679 4.411130e-08 0.00001554632 12.461540 0.179114 0.982321 6.479010 0.013025 1.000000 
6.478460 0.084386 0.271606 5.598436e-07 0.00001554632 12.461540 0.179114 0.942394 6.479010 0.013025 1.000000 
6.478460 0.084386 0.311532 7.972105e-07 0.00001554632 12.461540 0.179114 0.902468 6.479010 0.013025 1.000000 
6.478460 0.084386 0.351459 9.532790e-08 0.00001554632 12.461540 0.179114 0.862541 6.479010 0.013025 1.000000 
6.501529 0.084686 0.231679 4.895506e-08 0.00001560167 12.438471 0.178814 0.982321 6.502080 0.013025 1.000000 
6.501529 0.084686 0.271606 5.153127e-07 0.00001560167 12.438471 0.178814 0.942394 6.502080 0.013025 1.000000 
6.501529 0.084686 0.311532 8.281511e-07 0.00001560167 12.438471 0.178814 0.902468 6.502080 0.013025 1.000000 
6.501529 0.084686 0.351459 1.633624e-07 0.00001560167 12.438471 0.178814 0.862541 6.502080 0.013025 1.000000 
6.524597 0.084987 0.231679 3.040991e-08 0.00001565703 12.415403 0.178513 0.982321 6.525151 0.013025 1.000000 
6.524597 0.084987 0.271606 4.493436e-07 0.00001565703 12.415403 0.178513 0.942394 6.525151 0.013025 1.000000 
6.524597 0.084987 0.311532 8.593533e-07 0.00001565703 12.415403 0.178513 0.902468 6.525151 0.013025 1.000000 
6.524597 0.084987 0.351459 1.967349e-07 0.00001565703 12.415403 0.178513 0.862541 6.525151 0.013025 1.000000 
6.547666 0.085287 0.231679 3.287870e-08 0.00001571239 12.392334 0.178213 0.982321 6.548221 0.013025 1.000000 
6.547666 0.085287 0.271606 5.121436e-07 0.00001571239 12.392334 0.178213 0.942394 6.548221 0.013025 1.000000 
6.547666 0.085287 0.311532 8.860093e-07 0.00001571239 12.392334 0.178213 0.902468 6.548221 0.013025 1.000000 
6.547666 0.085287 0.351459 2.491899e-07 0.00001571239 12.392334 0.178213 0.862541 6.548221 0.013025 1.000000 
6.570734 0.085588 0.231679 2.591934e-08 0.00001576775 12.369266 0.177912 0.982321 6.571292 0.013025 1.000000 
6.570734 0.085588 0.271606 4.384978e-07 0.00001576775 12.369266 0.177912 0.942394 6.571292 0.013025 1.000000 
6.570734 0.085588 0.311532 8.327661e-07 0.00001576775 12.369266 0.177912 0.902468 6.571292 0.013025 1.000000 
6.570734 0.085588 0.351459 3.044174e-07 0.00001576775 12.369266 0.177912 0.862541 6.571292 0.013025 1.000000 
6.593803 0.085888 0.231679 1.419743e-08 0.00001582310 12.346197 0.177612 0.982321 6.594362 0.013025 1.000000 
6.593803 0.085888 0.271606 4.046904e-07 0.00001582310 12.346197 0.177612 0.942394 6.594362 0.013025 1.000000 
6.593803 0.085888 0.311532 8.618812e-07 0.00001582310 12.346197 0.177612 0.902468 6.594362 0.013025 1.000000 
6.593803 0.085888 0.351459 3.102199e-07 0.00001582310 12.346197 0.177612 0.862541 6.594362 0.013025 1.000000 
6.616871 0.086188 0.231679 9.497430e-09 0.00001587846 12.323129 0.177312 0.982321 6.617432 0.013025 1.000000 
6.616871 0.086188 0.271606 3.514782e-07 0.00001587846 12.323129 0.177312 0.942394 6.617432 0.013025 1.000000 
6.616871 0.086188 0.311532 8.603396e-07 0.00001587846 12.323129 0.177312 0.902468 6.617432 0.013025 1.000000 
6.616871 0.086188 0.351459 2.971831e-07 0.00001587846 12.323129 0.177312 0.862541 6.617432 0.013025 1.000000 
6.639939 0.086489 0.231679 7.154308e-09 0.00001593382 12.300061 0.177011 0.982321 6.640503 0.013025 1.000000 
6.639939 0.086489 0.271606 3.337560e-07 0.00001593382 12.300061 0.177011 0.942394 6.640503 0.013025 1.000000 
6.639939 0.086489 0.311532 8.586773e-07 0.00001593382 12.300061 0.177011 0.902468 6.640503 0.013025 1.000000 
6.639939 0.086489 0.351459 3.722283e-07 0.00001593382 12.300061 0.177011 0.862541 6.640503 0.013025 1.000000 
6.663008 0.086789 0.271606 3.397785e-07 0.00001598917 12.276992 0.176711 0.942394 6.663573 0.013025 1.000000 
6.663008 0.086789 0.311532 8.379861e-07 0.00001598917 12.276992 0.176711 0.902468 6.663573 0.013025 1.000000 
6.663008 0.086789 0.351459 4.143420e-07 0.00001598917 12.276992 0.176711 0.862541 6.663573 0.013025 1.000000 
6.686076 0.087090 0.231679 2.397115e-09 0.00001604453 12.253924 0.176410 0.982321 6.686643 0.013025 1.000000 
6.686076 0.087090 0.271606 2.954982e-07 0.00001604453 12.253924 0.176410 0.942394 6.686643 0.013025 1.000000 
6.686076 0.087090 0.311532 8.483519e-07 0.00001604453 12.253924 0.176410 0.902468 6.686643 0.013025 1.000000 
6.686076 0.087090 0.351459 4.592112e-07 0.00001604453 12.253924 0.176410 0.862541 6.686643 0.013025 1.000000 
6.709145 0.087390 0.271606 2.483650e-07 0.00001609989 12.230855 0.176110 0.942394 6.709714 0.013025 1.000000 
6.709145 0.087390 0.311532 7.816238e-07 0.00001609989 12.230855 0.176110 0.902468 6.709714 0.013025 1.000000 
6.709145 0.087390 0.351459 5.188458e-07 0.00001609989 12.230855 0.176110 0.862541 6.709714 0.013025 1.000000 
6.732213 0.087691 0.271606 3.024757e-07 0.00001615525 12.207787 0.175809 0.942394 6.732784 0.013025 1.000000 
6.732213 0.087691 0.311532 7.336366e-07 0.00001615525 12.207787 0.175809 0.902468 6.732784 0.013025 1.000000 
6.732213 0.087691 0.351459 5.353148e-07 0.00001615525 12.207787 0.175809 0.862541 6.732784 0.013025 1.000000 
6.755282 0.087991 0.271606 2.332298e-07 0.00001621060 12.184718 0.175509 0.942394 6.755855 0.013025 1.000000 
6.755282 0.087991 0.311532 7.218128e-07 0.00001621060 12.184718 0.175509 0.902468 6.755855 0.013025 1.000000 
6.755282 0.087991 0.351459 5.567557e-07 0.00001621060 12.184718 0.175509 0.862541 6.755855 0.013025 1.000000 
6.778350 0.088292 0.271606 1.926463e-07 0.00001626596 12.161650 0.175208 0.942394 6.778925 0.013025 1.000000 
6.778350 0.088292 0.311532 7.879503e-07 0.00001626596 12.161650 0.175208 0.902468 6.778925 0.013025 1.000000 
6.778350 0.088292 0.351459 5.954973e-07 0.00001626596 12.161650 0.175208 0.862541 6.778925 0.013025 1.000000 
6.801418 0.088592 0.271606 1.884700e-07 0.00001632132 12.138582 0.174908 0.942394 6.801995 0.013025 1.000000 
6.801418 0.088592 0.311532 8.106134e-07 0.00001632132 12.138582 0.174908 0.902468 6.801995 0.013025 1.000000 
6.801418 0.088592 0.351459 5.928135e-07 0.00001632132 12.138582 0.174908 0.862541 6.801995 0.013025 1.000000 
6.824487 0.088893 0.271606 1.375915e-07 0.00001637667 12.115513 0.174607 0.942394 6.825066 0.013025 1.000000 
6.824487 0.088893 0.311532 7.104356e-07 0.00001637667 12.115513 0.174607 0.902468 6.825066 0.013025 1.000000 
6.824487 0.088893 0.351459 6.565925e-07 0.00001637667 12.115513 0.174607 0.862541 6.825066 0.013025 1.000000 
6.847555 0.089193 0.271606 1.406030e-07 0.00001643203 12.092445 0.174307 0.942394 6.848136 0.013025 1.000000 
6.847555 0.089193 0.311532 7.279815e-07 0.00001643203 12.092445 0.174307 0.902468 6.848136 0.013025 1.000000 
6.847555 0.089193 0.351459 7.257885e-07 0.00001643203 12.092445 0.174307 0.862541 6.848136 0.013025 1.000000 
6.870624 0.089494 0.271606 1.262714e-07 0.00001648739 12.069376 0.174006 0.942394 6.871206 0.013025 1.000000 
6.870624 0.089494 0.311532 6.439548e-07 0.00001648739 12.069376 0.174006 0.902468 6.871206 0.013025 1.000000 
6.870624 0.089494 0.351459 6.814493e-07 0.00001648739 12.069376 0.174006 0.862541 6.871206 0.013025 1.000000 
6.893692 0.089794 0.271606 7.454036e-08 0.00001654275 12.046308 0.173706 0.942394 6.894277 0.013025 1.000000 
6.893692 0.089794 0.311532 7.085942e-07 0.00001654275 12.046308 0.173706 0.902468 6.894277 0.013025 1.000000 
6.893692 0.089794 0.351459 8.582674e-07 0.00001654275 12.046308 0.173706 0.862541 6.894277 0.013025 1.000000 
6.916760 0.090095 0.271606 9.479605e-08 0.00001659810 12.023240 0.173405 0.942394 6.917347 0.013025 1.000000 
6.916760 0.090095 0.311532 7.163370e-07 0.00001659810 12.023240 0.173405 0.902468 6.917347 0.013025 1.000000 
6.916760 0.090095 0.351459 7.990858e-07 0.00001659810 12.023240 0.173405 0.862541 6.917347 0.013025 1.000000 
6.939829 0.090395 0.271606 7.260648e-08 0.00001665346 12.000171 0.173105 0.942394 6.940418 0.013025 1.000000 
6.939829 0.090395 0.311532 6.389076e-07 0.00001665346 12.000171 0.173105 0.902468 6.940418 0.013025 1.000000 
6.939829 0.090395 0.351459 8.998398e-07 0.00001665346 12.000171 0.173105 0.862541 6.940418 0.013025 1.000000 
6.962897 0.090696 0.271606 5.781102e-08 0.00001670882 11.977103 0.172804 0.942394 6.963488 0.013025 1.000000 
6.962897 0.090696 0.311532 6.362366e-07 0.00001670882 11.977103 0.172804 0.902468 6.963488 0.013025 1.000000 
6.962897 0.090696 0.351459 8.957991e-07 0.00001670882 11.977103 0.172804 0.862541 6.963488 0.013025 1.000000 
6.962897 0.090696 0.391385 1.762446e-08 0.00001670882 11.977103 0.172804 0.822615 6.963488 0.013025 1.000000 
6.985966 0.090996 0.271606 3.786267e-08 0.00001676417 11.954034 0.172504 0.942394 6.986558 0.013025 1.000000 
6.985966 0.090996 0.311532 5.933397e-07 0.00001676417 11.954034 0.172504 0.902468 6.986558 0.013025 1.000000 
6.985966 0.090996 0.351459 9.472086e-07 0.00001676417 11.954034 0.172504 0.862541 6.986558 0.013025 1.000000 
6.985966 0.090996 0.391385 2.528552e-08 0.00001676417 11.954034 0.172504 0.822615 6.986558 0.013025 1.000000 
7.009034 0.091297 0.271606 4.053651e-08 0.00001681953 11.930966 0.172203 0.942394 7.009629 0.013025 1.000000 
7.009034 0.091297 0.311532 6.158829e-07 0.00001681953 11.930966 0.172203 0.902468 7.009629 0.013025 1.000000 
7.009034 0.091297 0.351459 9.583889e-07 0.00001681953 11.930966 0.172203 0.862541 7.009629 0.013025 1.000000 
7.009034 0.091297 0.391385 6.595301e-08 0.00001681953 11.930966 0.172203 0.822615 7.009629 0.013025 1.000000 
7.032103 0.091597 0.271606 2.544123e-08 0.00001687489 11.907897 0.171903 0.942394 7.032699 0.013025 1.000000 
7.032103 0.091597 0.311532 5.800948e-07 0.00001687489 11.907897 0.171903 0.902468 7.032699 0.013025 1.000000 
7.032103 0.091597 0.351459 9.392422e-07 0.00001687489 11.907897 0.171903 0.862541 7.032699 0.013025 1.000000 
7.032103 0.091597 0.391385 1.069555e-07 0.00001687489 11.907897 0.171903 0.822615 7.032699 0.013025 1.000000 
7.055171 0.091898 0.271606 2.551981e-08 0.00001693025 11.884829 0.171602 0.942394 7.055770 0.013025 1.000000 
7.055171 0.091898 0.311532 5.440332e-07 0.00001693025 11.884829 0.171602 0.902468 7.055770 0.013025 1.000000 
7.055171 0.091898 0.351459 9.071537e-07 0.00001693025 11.884829 0.171602 0.862541 7.055770 0.013025 1.000000 
7.055171 0.091898 0.391385 1.278061e-07 0.00001693025 11.884829 0.171602 0.822615 7.055770 0.013025 1.000000 
7.078239 0.092198 0.271606 2.306235e-08 0.00001698560 11.861761 0.171302 0.942394 7.078840 0.013025 1.000000 
7.078239 0.092198 0.311532 4.897181e-07 0.00001698560 11.861761 0.171302 0.902468 7.078840 0.013025 1.000000 
7.078239 0.092198 0.351459 9.618907e-07 0.00001698560 11.861761 0.171302 0.862541 7.078840 0.013025 1.000000 
7.078239 0.092198 0.391385 1.513837e-07 0.00001698560 11.861761 0.171302 0.822615 7.078840 0.013025 1.000000 
7.101308 0.092499 0.271606 1.029362e-08 0.00001704096 11.838692 0.171001 0.942394 7.101910 0.013025 1.000000 
7.101308 0.092499 0.311532 4.916922e-07 0.00001704096 11.838692 0.171001 0.902468 7.101910 0.013025 1.000000 
7.101308 0.092499 0.351459 8.986530e-07 0.00001704096 11.838692 0.171001 0.862541 7.101910 0.013025 1.000000 
7.101308 0.092499 0.391385 2.137868e-07 0.00001704096 11.838692 0.171001 0.822615 7.101910 0.013025 1.000000 
7.124376 0.092799 0.271606 5.162444e-09 0.00001709632 11.815624 0.170701 0.942394 7.124981 0.013025 1.000000 
7.124376 0.092799 0.311532 4.831358e-07 0.00001709632 11.815624 0.170701 0.902468 7.124981 0.013025 1.000000 
7.124376 0.092799 0.351459 9.564176e-07 0.00001709632 11.815624 0.170701 0.862541 7.124981 0.013025 1.000000 
7.124376 0.092799 0.391385 2.017190e-07 0.00001709632 11.815624 0.170701 0.822615 7.124981 0.013025 1.000000 
7.147445 0.093099 0.271606 5.188906e-09 0.00001715167 11.792555 0.170401 0.942394 7.148051 0.013025 1.000000 
7.147445 0.093099 0.311532 4.124632e-07 0.00001715167 11.792555 0.170401 0.902468 7.148051 0.013025 1.000000 
7.147445 0.093099 0.351459 8.927607e-07 0.00001715167 11.792555 0.170401 0.862541 7.148051 0.013025 1.000000 
7.147445 0.093099 0.391385 2.959385e-07 0.00001715167 11.792555 0.170401 0.822615 7.148051 0.013025 1.000000 
7.170513 0.093400 0.271606 2.601229e-09 0.00001720703 11.769487 0.170100 0.942394 7.171121 0.013025 1.000000 
7.170513 0.093400 0.311532 4.141131e-07 0.00001720703 11.769487 0.170100 0.902468 7.171121 0.013025 1.000000 
7.170513 0.093400 0.351459 9.952528e-07 0.00001720703 11.769487 0.170100 0.862541 7.171121 0.013025 1.000000 
7.170513 0.093400 0.391385 3.284350e-07 0.00001720703 11.769487 0.170100 0.822615 7.171121 0.013025 1.000000 
7.193582 0.093700 0.311532 3.425073e-07 0.00001726239 11.746418 0.169800 0.902468 7.194192 0.013025 1.000000 
7.193582 0.093700 0.351459 9.311051e-07 0.00001726239 11.746418 0.169800 0.862541 7.194192 0.013025 1.000000 
7.193582 0.093700 0.391385 3.951826e-07 0.00001726239 11.746418 0.169800 0.822615 7.194192 0.013025 1.000000 
7.216650 0.094001 0.311532 2.860940e-07 0.00001731775 11.723350 0.169499 0.902468 7.217262 0.013025 1.000000 
7.216650 0.094001 0.351459 9.190164e-07 0.00001731775 11.723350 0.169499 0.862541 7.217262 0.013025 1.000000 
7.216650 0.094001 0.391385 3.520140e-07 0.00001731775 11.723350 0.169499 0.822615 7.217262 0.013025 1.000000 
7.239718 0.094301 0.311532 3.003362e-07 0.00001737310 11.700282 0.169199 0.902468 7.240333 0.013025 1.000000 
7.239718 0.094301 0.351459 8.935632e-07 0.00001737310 11.700282 0.169199 0.862541 7.240333 0.013025 1.000000 
7.239718 0.094301 0.391385 4.930550e-07 0.00001737310 11.700282 0.169199 0.822615 7.240333 0.013025 1.000000 
7.262787 0.094602 0.311532 2.565928e-07 0.00001742846 11.677213 0.168898 0.902468 7.263403 0.013025 1.000000 
7.262787 0.094602 0.351459 8.707376e-07 0.00001742846 11.677213 0.168898 0.862541 7.263403 0.013025 1.000000 
7.262787 0.094602 0.391385 5.030224e-07 0.00001742846 11.677213 0.168898 0.822615 7.263403 0.013025 1.000000 
7.285855 0.094902 0.311532 2.496700e-07 0.00001748382 11.654145 0.168598 0.902468 7.286473 0.013025 1.000000 
7.285855 0.094902 0.351459 8.714743e-07 0.00001748382 11.654145 0.168598 0.862541 7.286473 0.013025 1.000000 
7.285855 0.094902 0.391385 5.076906e-07 0.00001748382 11.654145 0.168598 0.822615 7.286473 0.013025 1.000000 
7.308924 0.095203 0.311532 2.212966e-07 0.00001753917 11.631076 0.168297 0.902468 7.309544 0.013025 1.000000 
7.308924 0.095203 0.351459 9.149259e-07 0.00001753917 11.631076 0.168297 0.862541 7.309544 0.013025 1.000000 
7.308924 0.095203 0.391385 5.656733e-07 0.00001753917 11.631076 0.168297 0.822615 7.309544 0.013025 1.000000 
7.331992 0.095503 0.311532 1.819972e-07 0.00001759453 11.608008 0.167997 0.902468 7.332614 0.013025 1.000000 
7.331992 0.095503 0.351459 8.649441e-07 0.00001759453 11.608008 0.167997 0.862541 7.332614 0.013025 1.000000 
7.331992 0.095503 0.391385 6.108279e-07 0.00001759453 11.608008 0.167997 0.822615 7.332614 0.013025 1.000000 
7.355061 0.095804 0.311532 1.773806e-07 0.00001764989 11.584939 0.167696 0.902468 7.355684 0.013025 1.000000 
7.355061 0.095804 0.351459 9.114090e-07 0.00001764989 11.584939 0.167696 0.862541 7.355684 0.013025 1.000000 
7.355061 0.095804 0.391385 7.181592e-07 0.00001764989 11.584939 0.167696 0.822615 7.355684 0.013025 1.000000 
7.378129 0.096104 0.311532 1.510588e-07 0.00001770525 11.561871 0.167396 0.902468 7.378755 0.013025 1.000000 
7.378129 0.096104 0.351459 7.881350e-07 0.00001770525 11.561871 0.167396 0.862541 7.378755 0.013025 1.000000 
7.378129 0.096104 0.391385 7.156216e-07 0.00001770525 11.561871 0.167396 0.822615 7.378755 0.013025 1.000000 
7.401197 0.096405 0.311532 1.083901e-07 0.00001776060 11.538803 0.167095 0.902468 7.401825 0.013025 1.000000 
7.401197 0.096405 0.351459 8.889072e-07 0.00001776060 11.538803 0.167095 0.862541 7.401825 0.013025 1.000000 
7.401197 0.096405 0.391385 8.188131e-07 0.00001776060 11.538803 0.167095 0.822615 7.401825 0.013025 1.000000 
7.424266 0.096705 0.311532 9.512828e-08 0.00001781596 11.515734 0.166795 0.902468 7.424896 0.013025 1.000000 
7.424266 0.096705 0.351459 7.999196e-07 0.00001781596 11.515734 0.166795 0.862541 7.424896 0.013025 1.000000 
7.424266 0.096705 0.391385 8.274693e-07 0.00001781596 11.515734 0.166795 0.822615 7.424896 0.013025 1.000000 
7.447334 0.097006 0.311532 8.737337e-08 0.00001787132 11.492666 0.166494 0.902468 7.447966 0.013025 1.000000 
7.447334 0.097006 0.351459 7.539059e-07 0.00001787132 11.492666 0.166494 0.862541 7.447966 0.013025 1.000000 
7.447334 0.097006 0.391385 8.444645e-07 0.00001787132 11.492666 0.166494 0.822615 7.447966 0.013025 1.000000 
7.470403 0.097306 0.311532 6.305647e-08 0.00001792667 11.469597 0.166194 0.902468 7.471036 0.013025 1.000000 
7.470403 0.097306 0.351459 7.213467e-07 0.00001792667 11.469597 0.166194 0.862541 7.471036 0.013025 1.000000 
7.470403 0.097306 0.391385 8.835343e-07 0.00001792667 11.469597 0.166194 0.822615 7.471036 0.013025 1.000000 
7.493471 0.097607 0.311532 3.852595e-08 0.00001798203 11.446529 0.165893 0.902468 7.494107 0.013025 1.000000 
7.493471 0.097607 0.351459 6.856676e-07 0.00001798203 11.446529 0.165893 0.862541 7.494107 0.013025 1.000000 
7.493471 0.097607 0.391385 9.119212e-07 0.00001798203 11.446529 0.165893 0.822615 7.494107 0.013025 1.000000 
7.516540 0.097907 0.311532 3.868561e-08 0.00001803739 11.423460 0.165593 0.902468 7.517177 0.013025 1.000000 
7.516540 0.097907 0.351459 6.857013e-07 0.00001803739 11.423460 0.165593 0.862541 7.517177 0.013025 1.000000 
7.516540 0.097907 0.391385 1.031731e-06 0.00001803739 11.423460 0.165593 0.822615 7.517177 0.013025 1.000000 
7.539608 0.098208 0.311532 3.050699e-08 0.00001809275 11.400392 0.165292 0.902468 7.540248 0.013025 1.000000 
7.539608 0.098208 0.351459 6.690270e-07 0.00001809275 11.400392 0.165292 0.862541 7.540248 0.013025 1.000000 
7.539608 0.098208 0.391385 1.052431e-06 0.00001809275 11.400392 0.165292 0.822615 7.540248 0.013025 1.000000 
7.539608 0.098208 0.431312 5.564497e-09 0.00001809275 11.400392 0.165292 0.782688 7.540248 0.013025 1.000000 
7.562676 0.098508 0.311532 1.671737e-08 0.00001814810 11.377324 0.164992 0.902468 7.563318 0.013025 1.000000 
7.562676 0.098508 0.351459 5.992273e-07 0.00001814810 11.377324 0.164992 0.862541 7.563318 0.013025 1.000000 
7.562676 0.098508 0.391385 1.012193e-06 0.00001814810 11.377324 0.164992 0.822615 7.563318 0.013025 1.000000 
7.562676 0.098508 0.431312 4.184330e-08 0.00001814810 11.377324 0.164992 0.782688 7.563318 0.013025 1.000000 
7.585745 0.098809 0.311532 1.677562e-08 0.00001820346 11.354255 0.164691 0.902468 7.586388 0.013025 1.000000 
7.585745 0.098809 0.351459 4.645712e-07 0.00001820346 11.354255 0.164691 0.862541 7.586388 0.013025 1.000000 
7.585745 0.098809 0.391385 1.122538e-06 0.00001820346 11.354255 0.164691 0.822615 7.586388 0.013025 1.000000 
7.585745 0.098809 0.431312 8.124817e-08 0.00001820346 11.354255 0.164691 0.782688 7.586388 0.013025 1.000000 
7.608813 0.099109 0.311532 1.403017e-08 0.00001825882 11.331187 0.164391 0.902468 7.609459 0.013025 1.000000 
7.608813 0.099109 0.351459 5.507290e-07 0.00001825882 11.331187 0.164391 0.862541 7.609459 0.013025 1.000000 
7.608813 0.099109 0.391385 1.118900e-06 0.00001825882 11.331187 0.164391 0.822615 7.609459 0.013025 1.000000 
7.608813 0.099109 0.431312 1.349961e-07 0.00001825882 11.331187 0.164391 0.782688 7.609459 0.013025 1.000000 
7.631882 0.099410 0.311532 5.642347e-09 0.00001831417 11.308118 0.164090 0.902468 7.632529 0.013025 1.000000 
7.631882 0.099410 0.351459 4.626443e-07 0.00001831417 11.308118 0.164090 0.862541 7.632529 0.013025 1.000000 
7.631882 0.099410 0.391385 1.058389e-06 0.00001831417 11.308118 0.164090 0.822615 7.632529 0.013025 1.000000 
7.631882 0.099410 0.431312 1.467943e-07 0.00001831417 11.308118 0.164090 0.782688 7.632529 0.013025 1.000000 
7.654950 0.099710 0.351459 4.390447e-07 0.00001836953 11.285050 0.163790 0.862541 7.655599 0.013025 1.000000 
7.654950 0.099710 0.391385 1.156169e-06 0.00001836953 11.285050 0.163790 0.822615 7.655599 0.013025 1.000000 
7.654950 0.099710 0.431312 1.474088e-07 0.00001836953 11.285050 0.163790 0.782688 7.655599 0.013025 1.000000 
7.678018 0.100011 0.351459 4.209361e-07 0.00001842489 11.261982 0.163489 0.862541 7.678670 0.013025 1.000000 
7.678018 0.100011 0.391385 1.007382e-06 0.00001842489 11.261982 0.163489 0.822615 7.678670 0.013025 1.000000 
7.678018 0.100011 0.431312 2.333995e-07 0.00001842489 11.261982 0.163489 0.782688 7.678670 0.013025 1.000000 
7.701087 0.100311 0.351459 4.054978e-07 0.00001848025 11.238913 0.163189 0.862541 7.701740 0.013025 1.000000 
7.701087 0.100311 0.391385 1.025762e-06 0.00001848025 11.238913 0.163189 0.822615 7.701740 0.013025 1.000000 
7.701087 0.100311 0.431312 3.000393e-07 0.00001848025 11.238913 0.163189 0.782688 7.701740 0.013025 1.000000 
7.724155 0.100611 0.351459 3.699497e-07 0.00001853560 11.215845 0.162889 0.862541 7.724811 0.013025 1.000000 
7.724155 0.100611 0.391385 1.044206e-06 0.00001853560 11.215845 0.162889 0.822615 7.724811 0.013025 1.000000 
7.724155 0.100611 0.431312 3.185258e-07 0.00001853560 11.215845 0.162889 0.782688 7.724811 0.013025 1.000000 
7.747224 0.100912 0.351459 3.714291e-07 0.00001859096 11.192776 0.162588 0.862541 7.747881 0.013025 1.000000 
7.747224 0.100912 0.391385 1.106101e-06 0.00001859096 11.192776 0.162588 0.822615 7.747881 0.013025 1.000000 
7.747224 0.100912 0.431312 3.947531e-07 0.00001859096 11.192776 0.162588 0.782688 7.747881 0.013025 1.000000 
7.770292 0.101212 0.351459 2.890515e-07 0.00001864632 11.169708 0.162288 0.862541 7.770951 0.013025 1.000000 
7.770292 0.101212 0.391385 9.804948e-07 0.00001864632 11.169708 0.162288 0.822615 7.770951 0.013025 1.000000 
7.770292 0.101212 0.431312 4.513825e-07 0.00001864632 11.169708 0.162288 0.782688 7.770951 0.013025 1.000000 
7.793361 0.101513 0.351459 2.699980e-07 0.00001870167 11.146639 0.161987 0.862541 7.794022 0.013025 1.000000 
7.793361 0.101513 0.391385 1.007793e-06 0.00001870167 11.146639 0.161987 0.822615 7.794022 0.013025 1.000000 
7.793361 0.101513 0.431312 4.938148e-07 0.00001870167 11.146639 0.161987 0.782688 7.794022 0.013025 1.000000 
7.816429 0.101813 0.351459 2.186018e-07 0.00001875703 11.123571 0.161687 0.862541 7.817092 0.013025 1.000000 
7.816429 0.101813 0.391385 9.272529e-07 0.00001875703 11.123571 0.161687 0.822615 7.817092 0.013025 1.000000 
7.816429 0.101813 0.431312 5.309595e-07 0.00001875703 11.123571 0.161687 0.782688 7.817092 0.013025 1.000000 
7.839497 0.102114 0.351459 2.195330e-07 0.00001881239 11.100503 0.161386 0.862541 7.840162 0.013025 1.000000 
7.839497 0.102114 0.391385 1.022073e-06 0.00001881239 11.100503 0.161386 0.822615 7.840162 0.013025 1.000000 
7.839497 0.102114 0.431312 5.800234e-07 0.00001881239 11.100503 0.161386 0.782688 7.840162 0.013025 1.000000 
7.862566 0.102414 0.351459 1.646130e-07 0.00001886775 11.077434 0.161086 0.862541 7.863233 0.013025 1.000000 
7.862566 0.102414 0.391385 9.380873e-07 0.00001886775 11.077434 0.161086 0.822615 7.863233 0.013025 1.000000 
7.862566 0.102414 0.431312 6.119076e-07 0.00001886775 11.077434 0.161086 0.782688 7.863233 0.013025 1.000000 
7.885634 0.102715 0.351459 1.505388e-07 0.00001892310 11.054366 0.160785 0.862541 7.886303 0.013025 1.000000 
7.885634 0.102715 0.391385 1.003854e-06 0.00001892310 11.054366 0.160785 0.822615 7.886303 0.013025 1.000000 
7.885634 0.102715 0.431312 6.115358e-07 0.00001892310 11.054366 0.160785 0.782688 7.886303 0.013025 1.000000 
7.908703 0.103015 0.351459 1.303704e-07 0.00001897846 11.031297 0.160485 0.862541 7.909374 0.013025 1.000000 
7.908703 0.103015 0.391385 9.517710e-07 0.00001897846 11.031297 0.160485 0.822615 7.909374 0.013025 1.000000 
7.908703 0.103015 0.431312 7.090417e-07 0.00001897846 11.031297 0.160485 0.782688 7.909374 0.013025 1.000000 
7.931771 0.103316 0.351459 1.100880e-07 0.00001903382 11.008229 0.160184 0.862541 7.932444 0.013025 1.000000 
7.931771 0.103316 0.391385 9.081534e-07 0.00001903382 11.008229 0.160184 0.822615 7.932444 0.013025 1.000000 
7.931771 0.103316 0.431312 6.792883e-07 0.00001903382 11.008229 0.160184 0.782688 7.932444 0.013025 1.000000 
7.954840 0.103616 0.351459 8.369976e-08 0.00001908917 10.985160 0.159884 0.862541 7.955514 0.013025 1.000000 
7.954840 0.103616 0.391385 8.461644e-07 0.00001908917 10.985160 0.159884 0.822615 7.955514 0.013025 1.000000 
7.954840 0.103616 0.431312 8.016067e-07 0.00001908917 10.985160 0.159884 0.782688 7.955514 0.013025 1.000000 
7.977908 0.103917 0.351459 5.102759e-08 0.00001914453 10.962092 0.159583 0.862541 7.978585 0.013025 1.000000 
7.977908 0.103917 0.391385 7.716976e-07 0.00001914453 10.962092 0.159583 0.822615 7.978585 0.013025 1.000000 
7.977908 0.103917 0.431312 8.741916e-07 0.00001914453 10.962092 0.159583 0.782688 7.978585 0.013025 1.000000 
8.000976 0.104217 0.351459 4.217021e-08 0.00001919989 10.939024 0.159283 0.862541 8.001655 0.013025 1.000000 
8.000976 0.104217 0.391385 8.231834e-07 0.00001919989 10.939024 0.159283 0.822615 8.001655 0.013025 1.000000 
8.000976 0.104217 0.431312 9.621563e-07 0.00001919989 10.939024 0.159283 0.782688 8.001655 0.013025 1.000000 
8.024045 0.104518 0.351459 3.025471e-08 0.00001925525 10.915955 0.158982 0.862541 8.024726 0.013025 1.000000 
8.024045 0.104518 0.391385 7.751215e-07 0.00001925525 10.915955 0.158982 0.822615 8.024726 0.013025 1.000000 
8.024045 0.104518 0.431312 1.054242e-06 0.00001925525 10.915955 0.158982 0.782688 8.024726 0.013025 1.000000 
8.047113 0.104818 0.351459 2.129191e-08 0.00001931060 10.892887 0.158682 0.862541 8.047796 0.013025 1.000000 
8.047113 0.104818 0.391385 7.570777e-07 0.00001931060 10.892887 0.158682 0.822615 8.047796 0.013025 1.000000 
8.047113 0.104818 0.431312 1.019126e-06 0.00001931060 10.892887 0.158682 0.782688 8.047796 0.013025 1.000000 
8.070182 0.105119 0.351459 1.525716e-08 0.00001936596 10.869818 0.158381 0.862541 8.070866 0.013025 1.000000 
8.070182 0.105119 0.391385 6.809738e-07 0.00001936596 10.869818 0.158381 0.822615 8.070866 0.013025 1.000000 
8.070182 0.105119 0.431312 1.044718e-06 0.00001936596 10.869818 0.158381 0.782688 8.070866 0.013025 1.000000 
8.093250 0.105419 0.351459 3.071463e-09 0.00001942132 10.846750 0.158081 0.862541 8.093937 0.013025 1.000000 
8.093250 0.105419 0.391385 6.255767e-07 0.00001942132 10.846750 0.158081 0.822615 8.093937 0.013025 1.000000 
8.093250 0.105419 0.431312 1.156536e-06 0.00001942132 10.846750 0.158081 0.782688 8.093937 0.013025 1.000000 
8.116319 0.105720 0.391385 6.743936e-07 0.00001947667 10.823681 0.157780 0.822615 8.117007 0.013025 1.000000 
8.116319 0.105720 0.431312 1.210804e-06 0.00001947667 10.823681 0.157780 0.782688 8.117007 0.013025 1.000000 
8.116319 0.105720 0.471239 1.541978e-08 0.00001947667 10.823681 0.157780 0.742761 8.117007 0.013025 1.000000 
8.139387 0.106020 0.391385 6.154385e-07 0.00001953203 10.800613 0.157480 0.822615 8.140077 0.013025 1.000000 
8.139387 0.106020 0.431312 1.203563e-06 0.00001953203 10.800613 0.157480 0.782688 8.140077 0.013025 1.000000 
8.139387 0.106020 0.471239 3.715337e-08 0.00001953203 10.800613 0.157480 0.742761 8.140077 0.013025 1.000000 
4.009989 0.062680 0.032046 2.911302e-08 0.00000962310 14.930011 0.200820 1.181954 4.010479 0.015630 1.000000 
4.009989 0.062680 0.071973 2.928827e-07 0.00000962310 14.930011 0.200820 1.142027 4.010479 0.015630 1.000000 
4.009989 0.062680 0.111899 5.407355e-07 0.00000962310 14.930011 0.200820 1.102101 4.010479 0.015630 1.000000 
4.009989 0.062680 0.151826 4.372878e-07 0.00000962310 14.930011 0.200820 1.062174 4.010479 0.015630 1.000000 
4.009989 0.062680 0.191753 1.618001e-09 0.00000962310 14.930011 0.200820 1.022247 4.010479 0.015630 1.000000 
4.033057 0.063041 0.032046 3.083299e-08 0.00000967846 14.906943 0.200459 1.181954 4.033550 0.015630 1.000000 
4.033057 0.063041 0.071973 2.710545e-07 0.00000967846 14.906943 0.200459 1.142027 4.033550 0.015630 1.000000 
4.033057 0.063041 0.111899 5.066879e-07 0.00000967846 14.906943 0.200459 1.102101 4.033550 0.015630 1.000000 
4.033057 0.063041 0.151826 4.792363e-07 0.00000967846 14.906943 0.200459 1.062174 4.033550 0.015630 1.000000 
4.033057 0.063041 0.191753 1.624829e-09 0.00000967846 14.906943 0.200459 1.022247 4.033550 0.015630 1.000000 
4.056124 0.063402 0.032046 1.301608e-08 0.00000973382 14.883876 0.200098 1.181954 4.056620 0.015630 1.000000 
4.056124 0.063402 0.071973 2.474964e-07 0.00000973382 14.883876 0.200098 1.142027 4.056620 0.015630 1.000000 
4.056124 0.063402 0.111899 5.114878e-07 0.00000973382 14.883876 0.200098 1.102101 4.056620 0.015630 1.000000 
4.056124 0.063402 0.151826 4.693241e-07 0.00000973382 14.883876 0.200098 1.062174 4.056620 0.015630 1.000000 
4.056124 0.063402 0.191753 1.304222e-08 0.00000973382 14.883876 0.200098 1.022247 4.056620 0.015630 1.000000 
4.079192 0.063762 0.032046 1.633522e-08 0.00000978918 14.860808 0.199738 1.181954 4.079690 0.015630 1.000000 
4.079192 0.063762 0.071973 2.515256e-07 0.00000978918 14.860808 0.199738 1.142027 4.079690 0.015630 1.000000 
4.079192 0.063762 0.111899 4.901552e-07 0.00000978918 14.860808 0.199738 1.102101 4.079690 0.015630 1.000000 
4.079192 0.063762 0.151826 5.410242e-07 0.00000978918 14.860808 0.199738 1.062174 4.079690 0.015630 1.000000 
4.079192 0.063762 0.191753 1.471625e-08 0.00000978918 14.860808 0.199738 1.022247 4.079690 0.015630 1.000000 
4.102260 0.064123 0.032046 1.801259e-08 0.00000984453 14.837740 0.199377 1.181954 4.102761 0.015630 1.000000 
4.102260 0.064123 0.071973 2.326227e-07 0.00000984453 14.837740 0.199377 1.142027 4.102761 0.015630 1.000000 
4.102260 0.064123 0.111899 5.048042e-07 0.00000984453 14.837740 0.199377 1.102101 4.102761 0.015630 1.000000 
4.102260 0.064123 0.151826 4.951492e-07 0.00000984453 14.837740 0.199377 1.062174 4.102761 0.015630 1.000000 
4.102260 0.064123 0.191753 3.115832e-08 0.00000984453 14.837740 0.199377 1.022247 4.102761 0.015630 1.000000 
4.125327 0.064483 0.032046 6.571386e-09 0.00000989989 14.814673 0.199017 1.181954 4.125831 0.015630 1.000000 
4.125327 0.064483 0.071973 2.119703e-07 0.00000989989 14.814673 0.199017 1.142027 4.125831 0.015630 1.000000 
4.125327 0.064483 0.111899 4.800626e-07 0.00000989989 14.814673 0.199017 1.102101 4.125831 0.015630 1.000000 
4.125327 0.064483 0.151826 5.016828e-07 0.00000989989 14.814673 0.199017 1.062174 4.125831 0.015630 1.000000 
4.125327 0.064483 0.191753 3.455060e-08 0.00000989989 14.814673 0.199017 1.022247 4.125831 0.015630 1.000000 
4.148395 0.064844 0.032046 1.318637e-08 0.00000995525 14.791605 0.198656 1.181954 4.148901 0.015630 1.000000 
4.148395 0.064844 0.071973 2.077325e-07 0.00000995525 14.791605 0.198656 1.142027 4.148901 0.015630 1.000000 
4.148395 0.064844 0.111899 4.568332e-07 0.00000995525 14.791605 0.198656 1.102101 4.148901 0.015630 1.000000 
4.148395 0.064844 0.151826 5.131174e-07 0.00000995525 14.791605 0.198656 1.062174 4.148901 0.015630 1.000000 
4.148395 0.064844 0.191753 8.251274e-08 0.00000995525 14.791605 0.198656 1.022247 4.148901 0.015630 1.000000 
4.171462 0.065204 0.032046 3.307220e-09 0.00001001060 14.768538 0.198296 1.181954 4.171972 0.015630 1.000000 
4.171462 0.065204 0.071973 2.067190e-07 0.00001001060 14.768538 0.198296 1.142027 4.171972 0.015630 1.000000 
4.171462 0.065204 0.111899 5.326936e-07 0.00001001060 14.768538 0.198296 1.102101 4.171972 0.015630 1.000000 
4.171462 0.065204 0.151826 5.179960e-07 0.00001001060 14.768538 0.198296 1.062174 4.171972 0.015630 1.000000 
4.171462 0.065204 0.191753 7.947169e-08 0.00001001060 14.768538 0.198296 1.022247 4.171972 0.015630 1.000000 
4.194530 0.065565 0.032046 3.317850e-09 0.00001006596 14.745470 0.197935 1.181954 4.195042 0.015630 1.000000 
4.194530 0.065565 0.071973 1.891017e-07 0.00001006596 14.745470 0.197935 1.142027 4.195042 0.015630 1.000000 
4.194530 0.065565 0.111899 4.579937e-07 0.00001006596 14.745470 0.197935 1.102101 4.195042 0.015630 1.000000 
4.194530 0.065565 0.151826 5.412166e-07 0.00001006596 14.745470 0.197935 1.062174 4.195042 0.015630 1.000000 
4.194530 0.065565 0.191753 6.974068e-08 0.00001006596 14.745470 0.197935 1.022247 4.195042 0.015630 1.000000 
4.217597 0.065926 0.071973 1.514129e-07 0.00001012132 14.722403 0.197574 1.142027 4.218113 0.015630 1.000000 
4.217597 0.065926 0.111899 4.727815e-07 0.00001012132 14.722403 0.197574 1.102101 4.218113 0.015630 1.000000 
4.217597 0.065926 0.151826 5.745364e-07 0.00001012132 14.722403 0.197574 1.062174 4.218113 0.015630 1.000000 
4.217597 0.065926 0.191753 1.132470e-07 0.00001012132 14.722403 0.197574 1.022247 4.218113 0.015630 1.000000 
4.240665 0.066286 0.071973 1.602273e-07 0.00001017668 14.699335 0.197214 1.142027 4.241183 0.015630 1.000000 
4.240665 0.066286 0.111899 4.291968e-07 0.00001017668 14.699335 0.197214 1.102101 4.241183 0.015630 1.000000 
4.240665 0.066286 0.151826 5.045409e-07 0.00001017668 14.699335 0.197214 1.062174 4.241183 0.015630 1.000000 
4.240665 0.066286 0.191753 1.520558e-07 0.00001017668 14.699335 0.197214 1.022247 4.241183 0.015630 1.000000 
4.263733 0.066647 0.071973 1.356232e-07 0.00001023203 14.676267 0.196853 1.142027 4.264253 0.015630 1.000000 
4.263733 0.066647 0.111899 4.204772e-07 0.00001023203 14.676267 0.196853 1.102101 4.264253 0.015630 1.000000 
4.263733 0.066647 0.151826 5.764541e-07 0.00001023203 14.676267 0.196853 1.062174 4.264253 0.015630 1.000000 
4.263733 0.066647 0.191753 1.575482e-07 0.00001023203 14.676267 0.196853 1.022247 4.264253 0.015630 1.000000 
4.286800 0.067007 0.071973 1.091748e-07 0.00001028739 14.653200 0.196493 1.142027 4.287324 0.015630 1.000000 
4.286800 0.067007 0.111899 4.318502e-07 0.00001028739 14.653200 0.196493 1.102101 4.287324 0.015630 1.000000 
4.286800 0.067007 0.151826 6.119105e-07 0.00001028739 14.653200 0.196493 1.062174 4.287324 0.015630 1.000000 
4.286800 0.067007 0.191753 1.765544e-07 0.00001028739 14.653200 0.196493 1.022247 4.287324 0.015630 1.000000 
4.309868 0.067368 0.071973 1.398635e-07 0.00001034275 14.630132 0.196132 1.142027 4.310394 0.015630 1.000000 
4.309868 0.067368 0.111899 4.163038e-07 0.00001034275 14.630132 0.196132 1.102101 4.310394 0.015630 1.000000 
4.309868 0.067368 0.151826 5.413169e-07 0.00001034275 14.630132 0.196132 1.062174 4.310394 0.015630 1.000000 
4.309868 0.067368 0.191753 1.923043e-07 0.00001034275 14.630132 0.196132 1.022247 4.310394 0.015630 1.000000 
4.332935 0.067728 0.071973 9.803817e-08 0.00001039810 14.607065 0.195772 1.142027 4.333465 0.015630 1.000000 
4.332935 0.067728 0.111899 4.108781e-07 0.00001039810 14.607065 0.195772 1.102101 4.333465 0.015630 1.000000 
4.332935 0.067728 0.151826 5.514083e-07 0.00001039810 14.607065 0.195772 1.062174 4.333465 0.015630 1.000000 
4.332935 0.067728 0.191753 2.183098e-07 0.00001039810 14.607065 0.195772 1.022247 4.333465 0.015630 1.000000 
4.356003 0.068089 0.071973 1.085161e-07 0.00001045346 14.583997 0.195411 1.142027 4.356535 0.015630 1.000000 
4.356003 0.068089 0.111899 3.935397e-07 0.00001045346 14.583997 0.195411 1.102101 4.356535 0.015630 1.000000 
4.356003 0.068089 0.151826 5.548820e-07 0.00001045346 14.583997 0.195411 1.062174 4.356535 0.015630 1.000000 
4.356003 0.068089 0.191753 2.546168e-07 0.00001045346 14.583997 0.195411 1.022247 4.356535 0.015630 1.000000 
4.379070 0.068450 0.071973 8.504804e-08 0.00001050882 14.560930 0.195050 1.142027 4.379605 0.015630 1.000000 
4.379070 0.068450 0.111899 3.947996e-07 0.00001050882 14.560930 0.195050 1.102101 4.379605 0.015630 1.000000 
4.379070 0.068450 0.151826 5.753426e-07 0.00001050882 14.560930 0.195050 1.062174 4.379605 0.015630 1.000000 
4.379070 0.068450 0.191753 2.571336e-07 0.00001050882 14.560930 0.195050 1.022247 4.379605 0.015630 1.000000 
4.402138 0.068810 0.071973 4.947560e-08 0.00001056418 14.537862 0.194690 1.142027 4.402676 0.015630 1.000000 
4.402138 0.068810 0.111899 3.755361e-07 0.00001056418 14.537862 0.194690 1.102101 4.402676 0.015630 1.000000 
4.402138 0.068810 0.151826 5.379592e-07 0.00001056418 14.537862 0.194690 1.062174 4.402676 0.015630 1.000000 
4.402138 0.068810 0.191753 2.647690e-07 0.00001056418 14.537862 0.194690 1.022247 4.402676 0.015630 1.000000 
4.425205 0.069171 0.071973 5.476740e-08 0.00001061953 14.514795 0.194329 1.142027 4.425746 0.015630 1.000000 
4.425205 0.069171 0.111899 3.287460e-07 0.00001061953 14.514795 0.194329 1.102101 4.425746 0.015630 1.000000 
4.425205 0.069171 0.151826 5.772844e-07 0.00001061953 14.514795 0.194329 1.062174 4.425746 0.015630 1.000000 
4.425205 0.069171 0.191753 3.324793e-07 0.00001061953 14.514795 0.194329 1.022247 4.425746 0.015630 1.000000 
4.448273 0.069531 0.071973 5.666731e-08 0.00001067489 14.491727 0.193969 1.142027 4.448816 0.015630 1.000000 
4.448273 0.069531 0.111899 3.384190e-07 0.00001067489 14.491727 0.193969 1.102101 4.448816 0.015630 1.000000 
4.448273 0.069531 0.151826 5.448083e-07 0.00001067489 14.491727 0.193969 1.062174 4.448816 0.015630 1.000000 
4.448273 0.069531 0.191753 3.128417e-07 0.00001067489 14.491727 0.193969 1.022247 4.448816 0.015630 1.000000 
4.471341 0.069892 0.071973 4.307039e-08 0.00001073025 14.468659 0.193608 1.142027 4.471887 0.015630 1.000000 
4.471341 0.069892 0.111899 3.411871e-07 0.00001073025 14.468659 0.193608 1.102101 4.471887 0.015630 1.000000 
4.471341 0.069892 0.151826 5.964888e-07 0.00001073025 14.468659 0.193608 1.062174 4.471887 0.015630 1.000000 
4.471341 0.069892 0.191753 3.466502e-07 0.00001073025 14.468659 0.193608 1.022247 4.471887 0.015630 1.000000 
4.494408 0.070252 0.071973 2.937072e-08 0.00001078560 14.445592 0.193248 1.142027 4.494957 0.015630 1.000000 
4.494408 0.070252 0.111899 3.129194e-07 0.00001078560 14.445592 0.193248 1.102101 4.494957 0.015630 1.000000 
4.494408 0.070252 0.151826 5.655409e-07 0.00001078560 14.445592 0.193248 1.062174 4.494957 0.015630 1.000000 
4.494408 0.070252 0.191753 3.684971e-07 0.00001078560 14.445592 0.193248 1.022247 4.494957 0.015630 1.000000 
4.517476 0.070613 0.071973 2.253940e-08 0.00001084096 14.422524 0.192887 1.142027 4.518028 0.015630 1.000000 
4.517476 0.070613 0.111899 3.451103e-07 0.00001084096 14.422524 0.192887 1.102101 4.518028 0.015630 1.000000 
4.517476 0.070613 0.151826 5.516981e-07 0.00001084096 14.422524 0.192887 1.062174 4.518028 0.015630 1.000000 
4.517476 0.070613 0.191753 3.696940e-07 0.00001084096 14.422524 0.192887 1.022247 4.518028 0.015630 1.000000 
4.540543 0.070974 0.071973 1.914377e-08 0.00001089632 14.399457 0.192526 1.142027 4.541098 0.015630 1.000000 
4.540543 0.070974 0.111899 2.835173e-07 0.00001089632 14.399457 0.192526 1.102101 4.541098 0.015630 1.000000 
4.540543 0.070974 0.151826 5.290998e-07 0.00001089632 14.399457 0.192526 1.062174 4.541098 0.015630 1.000000 
4.540543 0.070974 0.191753 4.596392e-07 0.00001089632 14.399457 0.192526 1.022247 4.541098 0.015630 1.000000 
4.563611 0.071334 0.071973 1.745025e-08 0.00001095168 14.376389 0.192166 1.142027 4.564168 0.015630 1.000000 
4.563611 0.071334 0.111899 2.635183e-07 0.00001095168 14.376389 0.192166 1.102101 4.564168 0.015630 1.000000 
4.563611 0.071334 0.151826 5.360317e-07 0.00001095168 14.376389 0.192166 1.062174 4.564168 0.015630 1.000000 
4.563611 0.071334 0.191753 4.628503e-07 0.00001095168 14.376389 0.192166 1.022247 4.564168 0.015630 1.000000 
4.586678 0.071695 0.071973 1.574868e-08 0.00001100703 14.353322 0.191805 1.142027 4.587239 0.015630 1.000000 
4.586678 0.071695 0.111899 2.644335e-07 0.00001100703 14.353322 0.191805 1.102101 4.587239 0.015630 1.000000 
4.586678 0.071695 0.151826 5.570298e-07 0.00001100703 14.353322 0.191805 1.062174 4.587239 0.015630 1.000000 
4.586678 0.071695 0.191753 4.695836e-07 0.00001100703 14.353322 0.191805 1.022247 4.587239 0.015630 1.000000 
4.586678 0.071695 0.231679 1.752452e-09 0.00001100703 14.353322 0.191805 0.982321 4.587239 0.015630 1.000000 
4.609746 0.072055 0.071973 7.017350e-09 0.00001106239 14.330254 0.191445 1.142027 4.610309 0.015630 1.000000 
4.609746 0.072055 0.111899 2.265726e-07 0.00001106239 14.330254 0.191445 1.102101 4.610309 0.015630 1.000000 
4.609746 0.072055 0.151826 5.517994e-07 0.00001106239 14.330254 0.191445 1.062174 4.610309 0.015630 1.000000 
4.609746 0.072055 0.191753 4.957062e-07 0.00001106239 14.330254 0.191445 1.022247 4.610309 0.015630 1.000000 
4.632814 0.072416 0.071973 1.761420e-08 0.00001111775 14.307186 0.191084 1.142027 4.633379 0.015630 1.000000 
4.632814 0.072416 0.111899 2.466724e-07 0.00001111775 14.307186 0.191084 1.102101 4.633379 0.015630 1.000000 
4.632814 0.072416 0.151826 5.182351e-07 0.00001111775 14.307186 0.191084 1.062174 4.633379 0.015630 1.000000 
4.632814 0.072416 0.191753 5.025913e-07 0.00001111775 14.307186 0.191084 1.022247 4.633379 0.015630 1.000000 
4.632814 0.072416 0.231679 8.822337e-09 0.00001111775 14.307186 0.191084 0.982321 4.633379 0.015630 1.000000 
4.655881 0.072776 0.071973 5.301388e-09 0.00001117310 14.284119 0.190724 1.142027 4.656450 0.015630 1.000000 
4.655881 0.072776 0.111899 2.192069e-07 0.00001117310 14.284119 0.190724 1.102101 4.656450 0.015630 1.000000 
4.655881 0.072776 0.151826 5.163854e-07 0.00001117310 14.284119 0.190724 1.062174 4.656450 0.015630 1.000000 
4.655881 0.072776 0.191753 5.112996e-07 0.00001117310 14.284119 0.190724 1.022247 4.656450 0.015630 1.000000 
4.655881 0.072776 0.231679 2.124033e-08 0.00001117310 14.284119 0.190724 0.982321 4.656450 0.015630 1.000000 
4.678949 0.073137 0.071973 5.319607e-09 0.00001122846 14.261051 0.190363 1.142027 4.679520 0.015630 1.000000 
4.678949 0.073137 0.111899 2.217077e-07 0.00001122846 14.261051 0.190363 1.102101 4.679520 0.015630 1.000000 
4.678949 0.073137 0.151826 5.234107e-07 0.00001122846 14.261051 0.190363 1.062174 4.679520 0.015630 1.000000 
4.678949 0.073137 0.191753 5.288721e-07 0.00001122846 14.261051 0.190363 1.022247 4.679520 0.015630 1.000000 
4.678949 0.073137 0.231679 3.550830e-08 0.00001122846 14.261051 0.190363 0.982321 4.679520 0.015630 1.000000 
4.702016 0.073498 0.071973 1.776330e-09 0.00001128382 14.237984 0.190002 1.142027 4.702591 0.015630 1.000000 
4.702016 0.073498 0.111899 2.117406e-07 0.00001128382 14.237984 0.190002 1.102101 4.702591 0.015630 1.000000 
4.702016 0.073498 0.151826 5.108735e-07 0.00001128382 14.237984 0.190002 1.062174 4.702591 0.015630 1.000000 
4.702016 0.073498 0.191753 6.356713e-07 0.00001128382 14.237984 0.190002 1.022247 4.702591 0.015630 1.000000 
4.702016 0.073498 0.231679 2.849935e-08 0.00001128382 14.237984 0.190002 0.982321 4.702591 0.015630 1.000000 
4.725084 0.073858 0.111899 1.356428e-07 0.00001133918 14.214916 0.189642 1.102101 4.725661 0.015630 1.000000 
4.725084 0.073858 0.151826 5.143358e-07 0.00001133918 14.214916 0.189642 1.062174 4.725661 0.015630 1.000000 
4.725084 0.073858 0.191753 5.573743e-07 0.00001133918 14.214916 0.189642 1.022247 4.725661 0.015630 1.000000 
4.725084 0.073858 0.231679 6.075249e-08 0.00001133918 14.214916 0.189642 0.982321 4.725661 0.015630 1.000000 
4.748151 0.074219 0.111899 1.647466e-07 0.00001139453 14.191849 0.189281 1.102101 4.748731 0.015630 1.000000 
4.748151 0.074219 0.151826 4.854356e-07 0.00001139453 14.191849 0.189281 1.062174 4.748731 0.015630 1.000000 
4.748151 0.074219 0.191753 5.178971e-07 0.00001139453 14.191849 0.189281 1.022247 4.748731 0.015630 1.000000 
4.748151 0.074219 0.231679 8.066923e-08 0.00001139453 14.191849 0.189281 0.982321 4.748731 0.015630 1.000000 
4.771219 0.074579 0.111899 1.347398e-07 0.00001144989 14.168781 0.188921 1.102101 4.771802 0.015630 1.000000 
4.771219 0.074579 0.151826 4.600628e-07 0.00001144989 14.168781 0.188921 1.062174 4.771802 0.015630 1.000000 
4.771219 0.074579 0.191753 5.447951e-07 0.00001144989 14.168781 0.188921 1.022247 4.771802 0.015630 1.000000 
4.771219 0.074579 0.231679 9.711414e-08 0.00001144989 14.168781 0.188921 0.982321 4.771802 0.015630 1.000000 
4.794286 0.074940 0.111899 1.477811e-07 0.00001150525 14.145714 0.188560 1.102101 4.794872 0.015630 1.000000 
4.794286 0.074940 0.151826 4.435580e-07 0.00001150525 14.145714 0.188560 1.062174 4.794872 0.015630 1.000000 
4.794286 0.074940 0.191753 6.439431e-07 0.00001150525 14.145714 0.188560 1.022247 4.794872 0.015630 1.000000 
4.794286 0.074940 0.231679 1.028600e-07 0.00001150525 14.145714 0.188560 0.982321 4.794872 0.015630 1.000000 
4.817354 0.075300 0.111899 1.012553e-07 0.00001156060 14.122646 0.188200 1.102101 4.817943 0.015630 1.000000 
4.817354 0.075300 0.151826 4.215020e-07 0.00001156060 14.122646 0.188200 1.062174 4.817943 0.015630 1.000000 
4.817354 0.075300 0.191753 5.664586e-07 0.00001156060 14.122646 0.188200 1.022247 4.817943 0.015630 1.000000 
4.817354 0.075300 0.231679 1.665538e-07 0.00001156060 14.122646 0.188200 0.982321 4.817943 0.015630 1.000000 
4.840422 0.075661 0.111899 1.106525e-07 0.00001161596 14.099578 0.187839 1.102101 4.841013 0.015630 1.000000 
4.840422 0.075661 0.151826 4.809369e-07 0.00001161596 14.099578 0.187839 1.062174 4.841013 0.015630 1.000000 
4.840422 0.075661 0.191753 6.209315e-07 0.00001161596 14.099578 0.187839 1.022247 4.841013 0.015630 1.000000 
4.840422 0.075661 0.231679 1.979502e-07 0.00001161596 14.099578 0.187839 0.982321 4.841013 0.015630 1.000000 
4.863489 0.076022 0.111899 9.101310e-08 0.00001167132 14.076511 0.187478 1.102101 4.864083 0.015630 1.000000 
4.863489 0.076022 0.151826 4.697796e-07 0.00001167132 14.076511 0.187478 1.062174 4.864083 0.015630 1.000000 
4.863489 0.076022 0.191753 6.029402e-07 0.00001167132 14.076511 0.187478 1.022247 4.864083 0.015630 1.000000 
4.863489 0.076022 0.231679 2.168725e-07 0.00001167132 14.076511 0.187478 0.982321 4.864083 0.015630 1.000000 
4.886557 0.076382 0.111899 8.765465e-08 0.00001172667 14.053443 0.187118 1.102101 4.887154 0.015630 1.000000 
4.886557 0.076382 0.151826 4.512259e-07 0.00001172667 14.053443 0.187118 1.062174 4.887154 0.015630 1.000000 
4.886557 0.076382 0.191753 6.322870e-07 0.00001172667 14.053443 0.187118 1.022247 4.887154 0.015630 1.000000 
4.886557 0.076382 0.231679 2.266738e-07 0.00001172667 14.053443 0.187118 0.982321 4.887154 0.015630 1.000000 
4.909624 0.076743 0.111899 9.527828e-08 0.00001178203 14.030376 0.186757 1.102101 4.910224 0.015630 1.000000 
4.909624 0.076743 0.151826 4.068427e-07 0.00001178203 14.030376 0.186757 1.062174 4.910224 0.015630 1.000000 
4.909624 0.076743 0.191753 6.306860e-07 0.00001178203 14.030376 0.186757 1.022247 4.910224 0.015630 1.000000 
4.909624 0.076743 0.231679 2.750892e-07 0.00001178203 14.030376 0.186757 0.982321 4.910224 0.015630 1.000000 
4.932692 0.077103 0.111899 5.514187e-08 0.00001183739 14.007308 0.186397 1.102101 4.933294 0.015630 1.000000 
4.932692 0.077103 0.151826 4.081847e-07 0.00001183739 14.007308 0.186397 1.062174 4.933294 0.015630 1.000000 
4.932692 0.077103 0.191753 6.143762e-07 0.00001183739 14.007308 0.186397 1.022247 4.933294 0.015630 1.000000 
4.932692 0.077103 0.231679 2.502395e-07 0.00001183739 14.007308 0.186397 0.982321 4.933294 0.015630 1.000000 
4.955759 0.077464 0.111899 7.745563e-08 0.00001189275 13.984241 0.186036 1.102101 4.956365 0.015630 1.000000 
4.955759 0.077464 0.151826 3.671220e-07 0.00001189275 13.984241 0.186036 1.062174 4.956365 0.015630 1.000000 
4.955759 0.077464 0.191753 6.440819e-07 0.00001189275 13.984241 0.186036 1.022247 4.956365 0.015630 1.000000 
4.955759 0.077464 0.231679 2.788256e-07 0.00001189275 13.984241 0.186036 0.982321 4.956365 0.015630 1.000000 
4.978827 0.077824 0.111899 4.810629e-08 0.00001194810 13.961173 0.185676 1.102101 4.979435 0.015630 1.000000 
4.978827 0.077824 0.151826 3.461083e-07 0.00001194810 13.961173 0.185676 1.062174 4.979435 0.015630 1.000000 
4.978827 0.077824 0.191753 6.239388e-07 0.00001194810 13.961173 0.185676 1.022247 4.979435 0.015630 1.000000 
4.978827 0.077824 0.231679 3.352272e-07 0.00001194810 13.961173 0.185676 0.982321 4.979435 0.015630 1.000000 
5.001895 0.078185 0.111899 4.268818e-08 0.00001200346 13.938105 0.185315 1.102101 5.002506 0.015630 1.000000 
5.001895 0.078185 0.151826 3.806222e-07 0.00001200346 13.938105 0.185315 1.062174 5.002506 0.015630 1.000000 
5.001895 0.078185 0.191753 6.613575e-07 0.00001200346 13.938105 0.185315 1.022247 5.002506 0.015630 1.000000 
5.001895 0.078185 0.231679 3.549714e-07 0.00001200346 13.938105 0.185315 0.982321 5.002506 0.015630 1.000000 
5.024962 0.078546 0.111899 3.165927e-08 0.00001205882 13.915038 0.184954 1.102101 5.025576 0.015630 1.000000 
5.024962 0.078546 0.151826 3.371797e-07 0.00001205882 13.915038 0.184954 1.062174 5.025576 0.015630 1.000000 
5.024962 0.078546 0.191753 6.057284e-07 0.00001205882 13.915038 0.184954 1.022247 5.025576 0.015630 1.000000 
5.024962 0.078546 0.231679 3.766200e-07 0.00001205882 13.915038 0.184954 0.982321 5.025576 0.015630 1.000000 
5.048030 0.078906 0.111899 2.054664e-08 0.00001211417 13.891970 0.184594 1.102101 5.048646 0.015630 1.000000 
5.048030 0.078906 0.151826 3.009491e-07 0.00001211417 13.891970 0.184594 1.062174 5.048646 0.015630 1.000000 
5.048030 0.078906 0.191753 6.151937e-07 0.00001211417 13.891970 0.184594 1.022247 5.048646 0.015630 1.000000 
5.048030 0.078906 0.231679 3.685088e-07 0.00001211417 13.891970 0.184594 0.982321 5.048646 0.015630 1.000000 
5.071097 0.079267 0.111899 7.499258e-09 0.00001216953 13.868903 0.184233 1.102101 5.071717 0.015630 1.000000 
5.071097 0.079267 0.151826 3.207071e-07 0.00001216953 13.868903 0.184233 1.062174 5.071717 0.015630 1.000000 
5.071097 0.079267 0.191753 6.190533e-07 0.00001216953 13.868903 0.184233 1.022247 5.071717 0.015630 1.000000 
5.071097 0.079267 0.231679 3.978742e-07 0.00001216953 13.868903 0.184233 0.982321 5.071717 0.015630 1.000000 
5.094165 0.079627 0.111899 1.693090e-08 0.00001222489 13.845835 0.183873 1.102101 5.094787 0.015630 1.000000 
5.094165 0.079627 0.151826 3.180244e-07 0.00001222489 13.845835 0.183873 1.062174 5.094787 0.015630 1.000000 
5.094165 0.079627 0.191753 6.306250e-07 0.00001222489 13.845835 0.183873 1.022247 5.094787 0.015630 1.000000 
5.094165 0.079627 0.231679 4.650949e-07 0.00001222489 13.845835 0.183873 0.982321 5.094787 0.015630 1.000000 
5.117232 0.079988 0.111899 9.431037e-09 0.00001228025 13.822768 0.183512 1.102101 5.117857 0.015630 1.000000 
5.117232 0.079988 0.151826 2.907237e-07 0.00001228025 13.822768 0.183512 1.062174 5.117857 0.015630 1.000000 
5.117232 0.079988 0.191753 6.402790e-07 0.00001228025 13.822768 0.183512 1.022247 5.117857 0.015630 1.000000 
5.117232 0.079988 0.231679 4.666433e-07 0.00001228025 13.822768 0.183512 0.982321 5.117857 0.015630 1.000000 
5.140300 0.080348 0.111899 5.676668e-09 0.00001233560 13.799700 0.183152 1.102101 5.140928 0.015630 1.000000 
5.140300 0.080348 0.151826 2.632520e-07 0.00001233560 13.799700 0.183152 1.062174 5.140928 0.015630 1.000000 
5.140300 0.080348 0.191753 5.760762e-07 0.00001233560 13.799700 0.183152 1.022247 5.140928 0.015630 1.000000 
5.140300 0.080348 0.231679 4.757666e-07 0.00001233560 13.799700 0.183152 0.982321 5.140928 0.015630 1.000000 
5.163368 0.080709 0.111899 5.695204e-09 0.00001239096 13.776632 0.182791 1.102101 5.163998 0.015630 1.000000 
5.163368 0.080709 0.151826 2.452052e-07 0.00001239096 13.776632 0.182791 1.062174 5.163998 0.015630 1.000000 
5.163368 0.080709 0.191753 6.008185e-07 0.00001239096 13.776632 0.182791 1.022247 5.163998 0.015630 1.000000 
5.163368 0.080709 0.231679 5.135076e-07 0.00001239096 13.776632 0.182791 0.982321 5.163998 0.015630 1.000000 
5.186435 0.081069 0.151826 1.964187e-07 0.00001244632 13.753565 0.182431 1.062174 5.187069 0.015630 1.000000 
5.186435 0.081069 0.191753 5.779877e-07 0.00001244632 13.753565 0.182431 1.022247 5.187069 0.015630 1.000000 
5.186435 0.081069 0.231679 5.801069e-07 0.00001244632 13.753565 0.182431 0.982321 5.187069 0.015630 1.000000 
5.186435 0.081069 0.271606 1.907229e-09 0.00001244632 13.753565 0.182431 0.942394 5.187069 0.015630 1.000000 
5.209503 0.081430 0.111899 3.825823e-09 0.00001250167 13.730497 0.182070 1.102101 5.210139 0.015630 1.000000 
5.209503 0.081430 0.151826 2.008674e-07 0.00001250167 13.730497 0.182070 1.062174 5.210139 0.015630 1.000000 
5.209503 0.081430 0.191753 5.531209e-07 0.00001250167 13.730497 0.182070 1.022247 5.210139 0.015630 1.000000 
5.209503 0.081430 0.231679 5.897192e-07 0.00001250167 13.730497 0.182070 0.982321 5.210139 0.015630 1.000000 
5.209503 0.081430 0.271606 3.831534e-09 0.00001250167 13.730497 0.182070 0.942394 5.210139 0.015630 1.000000 
5.232570 0.081791 0.151826 1.785090e-07 0.00001255703 13.707430 0.181709 1.062174 5.233209 0.015630 1.000000 
5.232570 0.081791 0.191753 5.914919e-07 0.00001255703 13.707430 0.181709 1.022247 5.233209 0.015630 1.000000 
5.232570 0.081791 0.231679 5.878761e-07 0.00001255703 13.707430 0.181709 0.982321 5.233209 0.015630 1.000000 
5.232570 0.081791 0.271606 9.611584e-09 0.00001255703 13.707430 0.181709 0.942394 5.233209 0.015630 1.000000 
5.255638 0.082151 0.151826 1.521387e-07 0.00001261239 13.684362 0.181349 1.062174 5.256280 0.015630 1.000000 
5.255638 0.082151 0.191753 5.375600e-07 0.00001261239 13.684362 0.181349 1.022247 5.256280 0.015630 1.000000 
5.255638 0.082151 0.231679 6.303141e-07 0.00001261239 13.684362 0.181349 0.982321 5.256280 0.015630 1.000000 
5.255638 0.082151 0.271606 2.699637e-08 0.00001261239 13.684362 0.181349 0.942394 5.256280 0.015630 1.000000 
5.278705 0.082512 0.151826 1.739543e-07 0.00001266775 13.661295 0.180988 1.062174 5.279350 0.015630 1.000000 
5.278705 0.082512 0.191753 5.122932e-07 0.00001266775 13.661295 0.180988 1.022247 5.279350 0.015630 1.000000 
5.278705 0.082512 0.231679 6.788346e-07 0.00001266775 13.661295 0.180988 0.982321 5.279350 0.015630 1.000000 
5.278705 0.082512 0.271606 5.225174e-08 0.00001266775 13.661295 0.180988 0.942394 5.279350 0.015630 1.000000 
5.301773 0.082872 0.151826 1.357356e-07 0.00001272310 13.638227 0.180628 1.062174 5.302421 0.015630 1.000000 
5.301773 0.082872 0.191753 5.528708e-07 0.00001272310 13.638227 0.180628 1.022247 5.302421 0.015630 1.000000 
5.301773 0.082872 0.231679 6.734128e-07 0.00001272310 13.638227 0.180628 0.982321 5.302421 0.015630 1.000000 
5.301773 0.082872 0.271606 7.571502e-08 0.00001272310 13.638227 0.180628 0.942394 5.302421 0.015630 1.000000 
5.324840 0.083233 0.151826 1.128181e-07 0.00001277846 13.615160 0.180267 1.062174 5.325491 0.015630 1.000000 
5.324840 0.083233 0.191753 5.527370e-07 0.00001277846 13.615160 0.180267 1.022247 5.325491 0.015630 1.000000 
5.324840 0.083233 0.231679 6.892900e-07 0.00001277846 13.615160 0.180267 0.982321 5.325491 0.015630 1.000000 
5.324840 0.083233 0.271606 9.347477e-08 0.00001277846 13.615160 0.180267 0.942394 5.325491 0.015630 1.000000 
5.347908 0.083593 0.151826 1.268900e-07 0.00001283382 13.592092 0.179907 1.062174 5.348561 0.015630 1.000000 
5.347908 0.083593 0.191753 4.863098e-07 0.00001283382 13.592092 0.179907 1.022247 5.348561 0.015630 1.000000 
5.347908 0.083593 0.231679 6.681831e-07 0.00001283382 13.592092 0.179907 0.982321 5.348561 0.015630 1.000000 
5.347908 0.083593 0.271606 1.055502e-07 0.00001283382 13.592092 0.179907 0.942394 5.348561 0.015630 1.000000 
5.370976 0.083954 0.151826 9.990016e-08 0.00001288917 13.569024 0.179546 1.062174 5.371632 0.015630 1.000000 
5.370976 0.083954 0.191753 5.075084e-07 0.00001288917 13.569024 0.179546 1.022247 5.371632 0.015630 1.000000 
5.370976 0.083954 0.231679 6.900869e-07 0.00001288917 13.569024 0.179546 0.982321 5.371632 0.015630 1.000000 
5.370976 0.083954 0.271606 1.451033e-07 0.00001288917 13.569024 0.179546 0.942394 5.371632 0.015630 1.000000 
5.394043 0.084315 0.151826 8.453886e-08 0.00001294453 13.545957 0.179185 1.062174 5.394702 0.015630 1.000000 
5.394043 0.084315 0.191753 5.032850e-07 0.00001294453 13.545957 0.179185 1.022247 5.394702 0.015630 1.000000 
5.394043 0.084315 0.231679 6.884642e-07 0.00001294453 13.545957 0.179185 0.982321 5.394702 0.015630 1.000000 
5.394043 0.084315 0.271606 1.613420e-07 0.00001294453 13.545957 0.179185 0.942394 5.394702 0.015630 1.000000 
5.417111 0.084675 0.151826 6.114335e-08 0.00001299989 13.522889 0.178825 1.062174 5.417772 0.015630 1.000000 
5.417111 0.084675 0.191753 4.892780e-07 0.00001299989 13.522889 0.178825 1.022247 5.417772 0.015630 1.000000 
5.417111 0.084675 0.231679 6.808666e-07 0.00001299989 13.522889 0.178825 0.982321 5.417772 0.015630 1.000000 
5.417111 0.084675 0.271606 1.717718e-07 0.00001299989 13.522889 0.178825 0.942394 5.417772 0.015630 1.000000 
5.440178 0.085036 0.151826 5.937645e-08 0.00001305525 13.499822 0.178464 1.062174 5.440843 0.015630 1.000000 
5.440178 0.085036 0.191753 4.335264e-07 0.00001305525 13.499822 0.178464 1.022247 5.440843 0.015630 1.000000 
5.440178 0.085036 0.231679 7.228988e-07 0.00001305525 13.499822 0.178464 0.982321 5.440843 0.015630 1.000000 
5.440178 0.085036 0.271606 2.060078e-07 0.00001305525 13.499822 0.178464 0.942394 5.440843 0.015630 1.000000 
5.463246 0.085396 0.151826 4.964625e-08 0.00001311060 13.476754 0.178104 1.062174 5.463913 0.015630 1.000000 
5.463246 0.085396 0.191753 3.873120e-07 0.00001311060 13.476754 0.178104 1.022247 5.463913 0.015630 1.000000 
5.463246 0.085396 0.231679 6.775988e-07 0.00001311060 13.476754 0.178104 0.982321 5.463913 0.015630 1.000000 
5.463246 0.085396 0.271606 2.345698e-07 0.00001311060 13.476754 0.178104 0.942394 5.463913 0.015630 1.000000 
5.486313 0.085757 0.151826 4.181030e-08 0.00001316596 13.453687 0.177743 1.062174 5.486984 0.015630 1.000000 
5.486313 0.085757 0.191753 3.986233e-07 0.00001316596 13.453687 0.177743 1.022247 5.486984 0.015630 1.000000 
5.486313 0.085757 0.231679 6.779036e-07 0.00001316596 13.453687 0.177743 0.982321 5.486984 0.015630 1.000000 
5.486313 0.085757 0.271606 2.872498e-07 0.00001316596 13.453687 0.177743 0.942394 5.486984 0.015630 1.000000 
5.509381 0.086117 0.151826 3.597688e-08 0.00001322132 13.430619 0.177383 1.062174 5.510054 0.015630 1.000000 
5.509381 0.086117 0.191753 3.779604e-07 0.00001322132 13.430619 0.177383 1.022247 5.510054 0.015630 1.000000 
5.509381 0.086117 0.231679 7.382797e-07 0.00001322132 13.430619 0.177383 0.982321 5.510054 0.015630 1.000000 
5.509381 0.086117 0.271606 2.582083e-07 0.00001322132 13.430619 0.177383 0.942394 5.510054 0.015630 1.000000 
5.532449 0.086478 0.151826 3.208445e-08 0.00001327667 13.407551 0.177022 1.062174 5.533124 0.015630 1.000000 
5.532449 0.086478 0.191753 4.294592e-07 0.00001327667 13.407551 0.177022 1.022247 5.533124 0.015630 1.000000 
5.532449 0.086478 0.231679 6.786089e-07 0.00001327667 13.407551 0.177022 0.982321 5.533124 0.015630 1.000000 
5.532449 0.086478 0.271606 2.911880e-07 0.00001327667 13.407551 0.177022 0.942394 5.533124 0.015630 1.000000 
5.555516 0.086839 0.151826 2.013179e-08 0.00001333203 13.384484 0.176661 1.062174 5.556195 0.015630 1.000000 
5.555516 0.086839 0.191753 3.645086e-07 0.00001333203 13.384484 0.176661 1.022247 5.556195 0.015630 1.000000 
5.555516 0.086839 0.231679 6.587501e-07 0.00001333203 13.384484 0.176661 0.982321 5.556195 0.015630 1.000000 
5.555516 0.086839 0.271606 3.103271e-07 0.00001333203 13.384484 0.176661 0.942394 5.556195 0.015630 1.000000 
5.578584 0.087199 0.151826 2.019734e-08 0.00001338739 13.361416 0.176301 1.062174 5.579265 0.015630 1.000000 
5.578584 0.087199 0.191753 3.151751e-07 0.00001338739 13.361416 0.176301 1.022247 5.579265 0.015630 1.000000 
5.578584 0.087199 0.231679 6.994086e-07 0.00001338739 13.361416 0.176301 0.982321 5.579265 0.015630 1.000000 
5.578584 0.087199 0.271606 3.356735e-07 0.00001338739 13.361416 0.176301 0.942394 5.579265 0.015630 1.000000 
5.601651 0.087560 0.151826 1.824165e-08 0.00001344275 13.338349 0.175940 1.062174 5.602335 0.015630 1.000000 
5.601651 0.087560 0.191753 3.264715e-07 0.00001344275 13.338349 0.175940 1.022247 5.602335 0.015630 1.000000 
5.601651 0.087560 0.231679 6.998323e-07 0.00001344275 13.338349 0.175940 0.982321 5.602335 0.015630 1.000000 
5.601651 0.087560 0.271606 4.038399e-07 0.00001344275 13.338349 0.175940 0.942394 5.602335 0.015630 1.000000 
5.624719 0.087920 0.151826 1.016601e-08 0.00001349810 13.315281 0.175580 1.062174 5.625406 0.015630 1.000000 
5.624719 0.087920 0.191753 3.112799e-07 0.00001349810 13.315281 0.175580 1.022247 5.625406 0.015630 1.000000 
5.624719 0.087920 0.231679 6.838810e-07 0.00001349810 13.315281 0.175580 0.982321 5.625406 0.015630 1.000000 
5.624719 0.087920 0.271606 4.540814e-07 0.00001349810 13.315281 0.175580 0.942394 5.625406 0.015630 1.000000 
5.647786 0.088281 0.151826 6.123417e-09 0.00001355346 13.292214 0.175219 1.062174 5.648476 0.015630 1.000000 
5.647786 0.088281 0.191753 2.940470e-07 0.00001355346 13.292214 0.175219 1.022247 5.648476 0.015630 1.000000 
5.647786 0.088281 0.231679 6.413820e-07 0.00001355346 13.292214 0.175219 0.982321 5.648476 0.015630 1.000000 
5.647786 0.088281 0.271606 4.536442e-07 0.00001355346 13.292214 0.175219 0.942394 5.648476 0.015630 1.000000 
5.670854 0.088641 0.191753 2.560678e-07 0.00001360882 13.269146 0.174859 1.022247 5.671547 0.015630 1.000000 
5.670854 0.088641 0.231679 6.312728e-07 0.00001360882 13.269146 0.174859 0.982321 5.671547 0.015630 1.000000 
5.670854 0.088641 0.271606 5.023498e-07 0.00001360882 13.269146 0.174859 0.942394 5.671547 0.015630 1.000000 
5.693921 0.089002 0.151826 2.054208e-09 0.00001366417 13.246079 0.174498 1.062174 5.694617 0.015630 1.000000 
5.693921 0.089002 0.191753 2.713800e-07 0.00001366417 13.246079 0.174498 1.022247 5.694617 0.015630 1.000000 
5.693921 0.089002 0.231679 6.128407e-07 0.00001366417 13.246079 0.174498 0.982321 5.694617 0.015630 1.000000 
5.693921 0.089002 0.271606 5.369359e-07 0.00001366417 13.246079 0.174498 0.942394 5.694617 0.015630 1.000000 
5.716989 0.089363 0.191753 1.959961e-07 0.00001371953 13.223011 0.174137 1.022247 5.717687 0.015630 1.000000 
5.716989 0.089363 0.231679 6.335681e-07 0.00001371953 13.223011 0.174137 0.982321 5.717687 0.015630 1.000000 
5.716989 0.089363 0.271606 5.780933e-07 0.00001371953 13.223011 0.174137 0.942394 5.717687 0.015630 1.000000 
5.740057 0.089723 0.191753 1.904997e-07 0.00001377489 13.199943 0.173777 1.022247 5.740758 0.015630 1.000000 
5.740057 0.089723 0.231679 6.730153e-07 0.00001377489 13.199943 0.173777 0.982321 5.740758 0.015630 1.000000 
5.740057 0.089723 0.271606 5.718112e-07 0.00001377489 13.199943 0.173777 0.942394 5.740758 0.015630 1.000000 
5.763124 0.090084 0.191753 2.077406e-07 0.00001383025 13.176876 0.173416 1.022247 5.763828 0.015630 1.000000 
5.763124 0.090084 0.231679 6.587793e-07 0.00001383025 13.176876 0.173416 0.982321 5.763828 0.015630 1.000000 
5.763124 0.090084 0.271606 6.070581e-07 0.00001383025 13.176876 0.173416 0.942394 5.763828 0.015630 1.000000 
5.786192 0.090444 0.191753 1.626305e-07 0.00001388560 13.153808 0.173056 1.022247 5.786899 0.015630 1.000000 
5.786192 0.090444 0.231679 6.131337e-07 0.00001388560 13.153808 0.173056 0.982321 5.786899 0.015630 1.000000 
5.786192 0.090444 0.271606 6.425418e-07 0.00001388560 13.153808 0.173056 0.942394 5.786899 0.015630 1.000000 
5.786192 0.090444 0.311532 4.178878e-09 0.00001388560 13.153808 0.173056 0.902468 5.786899 0.015630 1.000000 
5.809259 0.090805 0.191753 1.652578e-07 0.00001394096 13.130741 0.172695 1.022247 5.809969 0.015630 1.000000 
5.809259 0.090805 0.231679 6.048061e-07 0.00001394096 13.130741 0.172695 0.982321 5.809969 0.015630 1.000000 
5.809259 0.090805 0.271606 6.993097e-07 0.00001394096 13.130741 0.172695 0.942394 5.809969 0.015630 1.000000 
5.809259 0.090805 0.311532 8.374583e-09 0.00001394096 13.130741 0.172695 0.902468 5.809969 0.015630 1.000000 
5.832327 0.091165 0.191753 1.238450e-07 0.00001399632 13.107673 0.172335 1.022247 5.833039 0.015630 1.000000 
5.832327 0.091165 0.231679 6.195020e-07 0.00001399632 13.107673 0.172335 0.982321 5.833039 0.015630 1.000000 
5.832327 0.091165 0.271606 6.954724e-07 0.00001399632 13.107673 0.172335 0.942394 5.833039 0.015630 1.000000 
5.832327 0.091165 0.311532 2.312856e-08 0.00001399632 13.107673 0.172335 0.902468 5.833039 0.015630 1.000000 
5.855394 0.091526 0.191753 1.263952e-07 0.00001405167 13.084606 0.171974 1.022247 5.856110 0.015630 1.000000 
5.855394 0.091526 0.231679 5.436714e-07 0.00001405167 13.084606 0.171974 0.982321 5.856110 0.015630 1.000000 
5.855394 0.091526 0.271606 7.399641e-07 0.00001405167 13.084606 0.171974 0.942394 5.856110 0.015630 1.000000 
5.855394 0.091526 0.311532 4.217164e-08 0.00001405167 13.084606 0.171974 0.902468 5.856110 0.015630 1.000000 
5.878462 0.091887 0.191753 1.014607e-07 0.00001410703 13.061538 0.171613 1.022247 5.879180 0.015630 1.000000 
5.878462 0.091887 0.231679 5.541060e-07 0.00001410703 13.061538 0.171613 0.982321 5.879180 0.015630 1.000000 
5.878462 0.091887 0.271606 7.383788e-07 0.00001410703 13.061538 0.171613 0.942394 5.879180 0.015630 1.000000 
5.878462 0.091887 0.311532 4.021923e-08 0.00001410703 13.061538 0.171613 0.902468 5.879180 0.015630 1.000000 
5.901530 0.092247 0.191753 9.757184e-08 0.00001416239 13.038470 0.171253 1.022247 5.902250 0.015630 1.000000 
5.901530 0.092247 0.231679 5.136085e-07 0.00001416239 13.038470 0.171253 0.982321 5.902250 0.015630 1.000000 
5.901530 0.092247 0.271606 7.028114e-07 0.00001416239 13.038470 0.171253 0.942394 5.902250 0.015630 1.000000 
5.901530 0.092247 0.311532 1.019357e-07 0.00001416239 13.038470 0.171253 0.902468 5.902250 0.015630 1.000000 
5.924597 0.092608 0.191753 7.238024e-08 0.00001421775 13.015403 0.170892 1.022247 5.925321 0.015630 1.000000 
5.924597 0.092608 0.231679 5.217703e-07 0.00001421775 13.015403 0.170892 0.982321 5.925321 0.015630 1.000000 
5.924597 0.092608 0.271606 7.607350e-07 0.00001421775 13.015403 0.170892 0.942394 5.925321 0.015630 1.000000 
5.924597 0.092608 0.311532 1.363958e-07 0.00001421775 13.015403 0.170892 0.902468 5.925321 0.015630 1.000000 
5.947665 0.092968 0.191753 6.621293e-08 0.00001427310 12.992335 0.170532 1.022247 5.948391 0.015630 1.000000 
5.947665 0.092968 0.231679 5.322065e-07 0.00001427310 12.992335 0.170532 0.982321 5.948391 0.015630 1.000000 
5.947665 0.092968 0.271606 7.591620e-07 0.00001427310 12.992335 0.170532 0.942394 5.948391 0.015630 1.000000 
5.947665 0.092968 0.311532 1.368740e-07 0.00001427310 12.992335 0.170532 0.902468 5.948391 0.015630 1.000000 
5.970732 0.093329 0.191753 4.073371e-08 0.00001432846 12.969268 0.170171 1.022247 5.971462 0.015630 1.000000 
5.970732 0.093329 0.231679 5.255415e-07 0.00001432846 12.969268 0.170171 0.982321 5.971462 0.015630 1.000000 
5.970732 0.093329 0.271606 7.210040e-07 0.00001432846 12.969268 0.170171 0.942394 5.971462 0.015630 1.000000 
5.970732 0.093329 0.311532 1.760050e-07 0.00001432846 12.969268 0.170171 0.902468 5.971462 0.015630 1.000000 
5.993800 0.093689 0.191753 3.225724e-08 0.00001438382 12.946200 0.169811 1.022247 5.994532 0.015630 1.000000 
5.993800 0.093689 0.231679 4.993935e-07 0.00001438382 12.946200 0.169811 0.982321 5.994532 0.015630 1.000000 
5.993800 0.093689 0.271606 7.213534e-07 0.00001438382 12.946200 0.169811 0.942394 5.994532 0.015630 1.000000 
5.993800 0.093689 0.311532 1.917162e-07 0.00001438382 12.946200 0.169811 0.902468 5.994532 0.015630 1.000000 
6.016867 0.094050 0.191753 3.238224e-08 0.00001443917 12.923133 0.169450 1.022247 6.017602 0.015630 1.000000 
6.016867 0.094050 0.231679 4.730180e-07 0.00001443917 12.923133 0.169450 0.982321 6.017602 0.015630 1.000000 
6.016867 0.094050 0.271606 7.433993e-07 0.00001443917 12.923133 0.169450 0.942394 6.017602 0.015630 1.000000 
6.016867 0.094050 0.311532 2.291413e-07 0.00001443917 12.923133 0.169450 0.902468 6.017602 0.015630 1.000000 
6.039935 0.094411 0.191753 2.817708e-08 0.00001449453 12.900065 0.169089 1.022247 6.040673 0.015630 1.000000 
6.039935 0.094411 0.231679 4.596221e-07 0.00001449453 12.900065 0.169089 0.982321 6.040673 0.015630 1.000000 
6.039935 0.094411 0.271606 7.438456e-07 0.00001449453 12.900065 0.169089 0.942394 6.040673 0.015630 1.000000 
6.039935 0.094411 0.311532 2.517021e-07 0.00001449453 12.900065 0.169089 0.902468 6.040673 0.015630 1.000000 
6.063002 0.094771 0.191753 2.175024e-08 0.00001454989 12.876998 0.168729 1.022247 6.063743 0.015630 1.000000 
6.063002 0.094771 0.231679 4.242226e-07 0.00001454989 12.876998 0.168729 0.982321 6.063743 0.015630 1.000000 
6.063002 0.094771 0.271606 7.312716e-07 0.00001454989 12.876998 0.168729 0.942394 6.063743 0.015630 1.000000 
6.063002 0.094771 0.311532 2.895650e-07 0.00001454989 12.876998 0.168729 0.902468 6.063743 0.015630 1.000000 
6.086070 0.095132 0.191753 1.308960e-08 0.00001460525 12.853930 0.168368 1.022247 6.086813 0.015630 1.000000 
6.086070 0.095132 0.231679 3.449285e-07 0.00001460525 12.853930 0.168368 0.982321 6.086813 0.015630 1.000000 
6.086070 0.095132 0.271606 7.448740e-07 0.00001460525 12.853930 0.168368 0.942394 6.086813 0.015630 1.000000 
6.086070 0.095132 0.311532 3.517450e-07 0.00001460525 12.853930 0.168368 0.902468 6.086813 0.015630 1.000000 
6.109138 0.095492 0.191753 2.190255e-08 0.00001466060 12.830862 0.168008 1.022247 6.109884 0.015630 1.000000 
6.109138 0.095492 0.231679 3.593468e-07 0.00001466060 12.830862 0.168008 0.982321 6.109884 0.015630 1.000000 
6.109138 0.095492 0.271606 8.307827e-07 0.00001466060 12.830862 0.168008 0.942394 6.109884 0.015630 1.000000 
6.109138 0.095492 0.311532 3.552524e-07 0.00001466060 12.830862 0.168008 0.902468 6.109884 0.015630 1.000000 
6.132205 0.095853 0.231679 3.518672e-07 0.00001471596 12.807795 0.167647 0.982321 6.132954 0.015630 1.000000 
6.132205 0.095853 0.271606 6.951641e-07 0.00001471596 12.807795 0.167647 0.942394 6.132954 0.015630 1.000000 
6.132205 0.095853 0.311532 3.609029e-07 0.00001471596 12.807795 0.167647 0.902468 6.132954 0.015630 1.000000 
6.155273 0.096213 0.231679 3.001899e-07 0.00001477132 12.784727 0.167287 0.982321 6.156025 0.015630 1.000000 
6.155273 0.096213 0.271606 7.064634e-07 0.00001477132 12.784727 0.167287 0.942394 6.156025 0.015630 1.000000 
6.155273 0.096213 0.311532 3.843354e-07 0.00001477132 12.784727 0.167287 0.902468 6.156025 0.015630 1.000000 
6.178340 0.096574 0.191753 4.424138e-09 0.00001482667 12.761660 0.166926 1.022247 6.179095 0.015630 1.000000 
6.178340 0.096574 0.231679 3.256115e-07 0.00001482667 12.761660 0.166926 0.982321 6.179095 0.015630 1.000000 
6.178340 0.096574 0.271606 7.157397e-07 0.00001482667 12.761660 0.166926 0.942394 6.179095 0.015630 1.000000 
6.178340 0.096574 0.311532 4.277635e-07 0.00001482667 12.761660 0.166926 0.902468 6.179095 0.015630 1.000000 
6.201408 0.096935 0.191753 2.218107e-09 0.00001488203 12.738592 0.166565 1.022247 6.202165 0.015630 1.000000 
6.201408 0.096935 0.231679 2.667722e-07 0.00001488203 12.738592 0.166565 0.982321 6.202165 0.015630 1.000000 
6.201408 0.096935 0.271606 7.004834e-07 0.00001488203 12.738592 0.166565 0.942394 6.202165 0.015630 1.000000 
6.201408 0.096935 0.311532 4.583171e-07 0.00001488203 12.738592 0.166565 0.902468 6.202165 0.015630 1.000000 
6.224475 0.097295 0.231679 3.145617e-07 0.00001493739 12.715525 0.166205 0.982321 6.225236 0.015630 1.000000 
6.224475 0.097295 0.271606 7.543711e-07 0.00001493739 12.715525 0.166205 0.942394 6.225236 0.015630 1.000000 
6.224475 0.097295 0.311532 5.760325e-07 0.00001493739 12.715525 0.166205 0.902468 6.225236 0.015630 1.000000 
6.247543 0.097656 0.231679 2.283425e-07 0.00001499275 12.692457 0.165844 0.982321 6.248306 0.015630 1.000000 
6.247543 0.097656 0.271606 6.338547e-07 0.00001499275 12.692457 0.165844 0.942394 6.248306 0.015630 1.000000 
6.247543 0.097656 0.311532 5.713365e-07 0.00001499275 12.692457 0.165844 0.902468 6.248306 0.015630 1.000000 
6.270611 0.098016 0.231679 2.359591e-07 0.00001504810 12.669389 0.165484 0.982321 6.271377 0.015630 1.000000 
6.270611 0.098016 0.271606 6.586672e-07 0.00001504810 12.669389 0.165484 0.942394 6.271377 0.015630 1.000000 
6.270611 0.098016 0.311532 5.689775e-07 0.00001504810 12.669389 0.165484 0.902468 6.271377 0.015630 1.000000 
6.293678 0.098377 0.231679 2.413194e-07 0.00001510346 12.646322 0.165123 0.982321 6.294447 0.015630 1.000000 
6.293678 0.098377 0.271606 6.813162e-07 0.00001510346 12.646322 0.165123 0.942394 6.294447 0.015630 1.000000 
6.293678 0.098377 0.311532 6.320250e-07 0.00001510346 12.646322 0.165123 0.902468 6.294447 0.015630 1.000000 
6.316746 0.098737 0.231679 1.811102e-07 0.00001515882 12.623254 0.164763 0.982321 6.317517 0.015630 1.000000 
6.316746 0.098737 0.271606 6.747652e-07 0.00001515882 12.623254 0.164763 0.942394 6.317517 0.015630 1.000000 
6.316746 0.098737 0.311532 6.750893e-07 0.00001515882 12.623254 0.164763 0.902468 6.317517 0.015630 1.000000 
6.339813 0.099098 0.231679 1.272142e-07 0.00001521417 12.600187 0.164402 0.982321 6.340588 0.015630 1.000000 
6.339813 0.099098 0.271606 7.159210e-07 0.00001521417 12.600187 0.164402 0.942394 6.340588 0.015630 1.000000 
6.339813 0.099098 0.311532 7.685713e-07 0.00001521417 12.600187 0.164402 0.902468 6.340588 0.015630 1.000000 
6.362881 0.099459 0.231679 1.550693e-07 0.00001526953 12.577119 0.164041 0.982321 6.363658 0.015630 1.000000 
6.362881 0.099459 0.271606 6.934933e-07 0.00001526953 12.577119 0.164041 0.942394 6.363658 0.015630 1.000000 
6.362881 0.099459 0.311532 7.690714e-07 0.00001526953 12.577119 0.164041 0.902468 6.363658 0.015630 1.000000 
6.362881 0.099459 0.351459 2.278851e-09 0.00001526953 12.577119 0.164041 0.862541 6.363658 0.015630 1.000000 
6.385948 0.099819 0.231679 9.610205e-08 0.00001532489 12.554052 0.163681 0.982321 6.386728 0.015630 1.000000 
6.385948 0.099819 0.271606 6.066357e-07 0.00001532489 12.554052 0.163681 0.942394 6.386728 0.015630 1.000000 
6.385948 0.099819 0.311532 8.543205e-07 0.00001532489 12.554052 0.163681 0.902468 6.386728 0.015630 1.000000 
6.385948 0.099819 0.351459 4.589647e-09 0.00001532489 12.554052 0.163681 0.862541 6.386728 0.015630 1.000000 
6.409016 0.100180 0.231679 8.266323e-08 0.00001538025 12.530984 0.163320 0.982321 6.409799 0.015630 1.000000 
6.409016 0.100180 0.271606 5.767959e-07 0.00001538025 12.530984 0.163320 0.942394 6.409799 0.015630 1.000000 
6.409016 0.100180 0.311532 8.022896e-07 0.00001538025 12.530984 0.163320 0.902468 6.409799 0.015630 1.000000 
6.409016 0.100180 0.351459 2.299834e-08 0.00001538025 12.530984 0.163320 0.862541 6.409799 0.015630 1.000000 
6.432083 0.100540 0.231679 9.910904e-08 0.00001543560 12.507917 0.162960 0.982321 6.432869 0.015630 1.000000 
6.432083 0.100540 0.271606 5.858331e-07 0.00001543560 12.507917 0.162960 0.942394 6.432869 0.015630 1.000000 
6.432083 0.100540 0.311532 8.422269e-07 0.00001543560 12.507917 0.162960 0.902468 6.432869 0.015630 1.000000 
6.432083 0.100540 0.351459 5.538633e-08 0.00001543560 12.507917 0.162960 0.862541 6.432869 0.015630 1.000000 
6.455151 0.100901 0.231679 6.709464e-08 0.00001549096 12.484849 0.162599 0.982321 6.455940 0.015630 1.000000 
6.455151 0.100901 0.271606 6.296771e-07 0.00001549096 12.484849 0.162599 0.942394 6.455940 0.015630 1.000000 
6.455151 0.100901 0.311532 8.012644e-07 0.00001549096 12.484849 0.162599 0.902468 6.455940 0.015630 1.000000 
6.455151 0.100901 0.351459 7.414969e-08 0.00001549096 12.484849 0.162599 0.862541 6.455940 0.015630 1.000000 
6.478219 0.101261 0.231679 6.734417e-08 0.00001554632 12.461781 0.162239 0.982321 6.479010 0.015630 1.000000 
6.478219 0.101261 0.271606 5.320061e-07 0.00001554632 12.461781 0.162239 0.942394 6.479010 0.015630 1.000000 
6.478219 0.101261 0.311532 8.180464e-07 0.00001554632 12.461781 0.162239 0.902468 6.479010 0.015630 1.000000 
6.478219 0.101261 0.351459 9.065744e-08 0.00001554632 12.461781 0.162239 0.862541 6.479010 0.015630 1.000000 
6.501286 0.101622 0.231679 4.661785e-08 0.00001560167 12.438714 0.161878 0.982321 6.502080 0.015630 1.000000 
6.501286 0.101622 0.271606 5.433209e-07 0.00001560167 12.438714 0.161878 0.942394 6.502080 0.015630 1.000000 
6.501286 0.101622 0.311532 7.768312e-07 0.00001560167 12.438714 0.161878 0.902468 6.502080 0.015630 1.000000 
6.501286 0.101622 0.351459 1.213537e-07 0.00001560167 12.438714 0.161878 0.862541 6.502080 0.015630 1.000000 
6.524354 0.101983 0.231679 2.807433e-08 0.00001565703 12.415646 0.161517 0.982321 6.525151 0.015630 1.000000 
6.524354 0.101983 0.271606 4.797050e-07 0.00001565703 12.415646 0.161517 0.942394 6.525151 0.015630 1.000000 
6.524354 0.101983 0.311532 8.452995e-07 0.00001565703 12.415646 0.161517 0.902468 6.525151 0.015630 1.000000 
6.524354 0.101983 0.351459 1.569681e-07 0.00001565703 12.415646 0.161517 0.862541 6.525151 0.015630 1.000000 
6.547421 0.102343 0.231679 2.817272e-08 0.00001571239 12.392579 0.161157 0.982321 6.548221 0.015630 1.000000 
6.547421 0.102343 0.271606 4.815496e-07 0.00001571239 12.392579 0.161157 0.942394 6.548221 0.015630 1.000000 
6.547421 0.102343 0.311532 8.766452e-07 0.00001571239 12.392579 0.161157 0.902468 6.548221 0.015630 1.000000 
6.547421 0.102343 0.351459 1.528135e-07 0.00001571239 12.392579 0.161157 0.862541 6.548221 0.015630 1.000000 
6.570489 0.102704 0.231679 2.121212e-08 0.00001576775 12.369511 0.160796 0.982321 6.571292 0.015630 1.000000 
6.570489 0.102704 0.271606 4.597401e-07 0.00001576775 12.369511 0.160796 0.942394 6.571292 0.015630 1.000000 
6.570489 0.102704 0.311532 8.609681e-07 0.00001576775 12.369511 0.160796 0.902468 6.571292 0.015630 1.000000 
6.570489 0.102704 0.351459 1.840280e-07 0.00001576775 12.369511 0.160796 0.862541 6.571292 0.015630 1.000000 
6.593556 0.103064 0.231679 1.656829e-08 0.00001582310 12.346444 0.160436 0.982321 6.594362 0.015630 1.000000 
6.593556 0.103064 0.271606 4.236330e-07 0.00001582310 12.346444 0.160436 0.942394 6.594362 0.015630 1.000000 
6.593556 0.103064 0.311532 8.925333e-07 0.00001582310 12.346444 0.160436 0.902468 6.594362 0.015630 1.000000 
6.593556 0.103064 0.351459 2.581624e-07 0.00001582310 12.346444 0.160436 0.862541 6.594362 0.015630 1.000000 
6.616624 0.103425 0.231679 9.493272e-09 0.00001587846 12.323376 0.160075 0.982321 6.617432 0.015630 1.000000 
6.616624 0.103425 0.271606 4.370964e-07 0.00001587846 12.323376 0.160075 0.942394 6.617432 0.015630 1.000000 
6.616624 0.103425 0.311532 8.912048e-07 0.00001587846 12.323376 0.160075 0.902468 6.617432 0.015630 1.000000 
6.616624 0.103425 0.351459 2.686094e-07 0.00001587846 12.323376 0.160075 0.862541 6.617432 0.015630 1.000000 
6.639692 0.103785 0.231679 7.153709e-09 0.00001593382 12.300308 0.159715 0.982321 6.640503 0.015630 1.000000 
6.639692 0.103785 0.271606 4.172325e-07 0.00001593382 12.300308 0.159715 0.942394 6.640503 0.015630 1.000000 
6.639692 0.103785 0.311532 8.826924e-07 0.00001593382 12.300308 0.159715 0.902468 6.640503 0.015630 1.000000 
6.639692 0.103785 0.351459 2.959081e-07 0.00001593382 12.300308 0.159715 0.862541 6.640503 0.015630 1.000000 
6.662759 0.104146 0.231679 2.392630e-09 0.00001598917 12.277241 0.159354 0.982321 6.663573 0.015630 1.000000 
6.662759 0.104146 0.271606 4.092574e-07 0.00001598917 12.277241 0.159354 0.942394 6.663573 0.015630 1.000000 
6.662759 0.104146 0.311532 8.475313e-07 0.00001598917 12.277241 0.159354 0.902468 6.663573 0.015630 1.000000 
6.662759 0.104146 0.351459 3.784189e-07 0.00001598917 12.277241 0.159354 0.862541 6.663573 0.015630 1.000000 
6.685827 0.104507 0.271606 3.291072e-07 0.00001604453 12.254173 0.158993 0.942394 6.686643 0.015630 1.000000 
6.685827 0.104507 0.311532 8.436017e-07 0.00001604453 12.254173 0.158993 0.902468 6.686643 0.015630 1.000000 
6.685827 0.104507 0.351459 4.110810e-07 0.00001604453 12.254173 0.158993 0.862541 6.686643 0.015630 1.000000 
6.708894 0.104867 0.271606 2.676172e-07 0.00001609989 12.231106 0.158633 0.942394 6.709714 0.015630 1.000000 
6.708894 0.104867 0.311532 8.563186e-07 0.00001609989 12.231106 0.158633 0.902468 6.709714 0.015630 1.000000 
6.708894 0.104867 0.351459 4.343105e-07 0.00001609989 12.231106 0.158633 0.862541 6.709714 0.015630 1.000000 
6.731962 0.105228 0.271606 2.710392e-07 0.00001615525 12.208038 0.158272 0.942394 6.732784 0.015630 1.000000 
6.731962 0.105228 0.311532 8.232066e-07 0.00001615525 12.208038 0.158272 0.902468 6.732784 0.015630 1.000000 
6.731962 0.105228 0.351459 5.062355e-07 0.00001615525 12.208038 0.158272 0.862541 6.732784 0.015630 1.000000 
6.755029 0.105588 0.271606 2.429425e-07 0.00001621060 12.184971 0.157912 0.942394 6.755855 0.015630 1.000000 
6.755029 0.105588 0.311532 8.019840e-07 0.00001621060 12.184971 0.157912 0.902468 6.755855 0.015630 1.000000 
6.755029 0.105588 0.351459 4.838448e-07 0.00001621060 12.184971 0.157912 0.862541 6.755855 0.015630 1.000000 
6.778097 0.105949 0.271606 2.487505e-07 0.00001626596 12.161903 0.157551 0.942394 6.778925 0.015630 1.000000 
6.778097 0.105949 0.311532 7.440953e-07 0.00001626596 12.161903 0.157551 0.902468 6.778925 0.015630 1.000000 
6.778097 0.105949 0.351459 4.881458e-07 0.00001626596 12.161903 0.157551 0.862541 6.778925 0.015630 1.000000 
6.801165 0.106309 0.271606 2.301136e-07 0.00001632132 12.138835 0.157191 0.942394 6.801995 0.015630 1.000000 
6.801165 0.106309 0.311532 7.469265e-07 0.00001632132 12.138835 0.157191 0.902468 6.801995 0.015630 1.000000 
6.801165 0.106309 0.351459 6.075615e-07 0.00001632132 12.138835 0.157191 0.862541 6.801995 0.015630 1.000000 
6.824232 0.106670 0.271606 1.818334e-07 0.00001637667 12.115768 0.156830 0.942394 6.825066 0.015630 1.000000 
6.824232 0.106670 0.311532 7.226521e-07 0.00001637667 12.115768 0.156830 0.902468 6.825066 0.015630 1.000000 
6.824232 0.106670 0.351459 6.615096e-07 0.00001637667 12.115768 0.156830 0.862541 6.825066 0.015630 1.000000 
6.847300 0.107031 0.271606 1.430749e-07 0.00001643203 12.092700 0.156469 0.942394 6.848136 0.015630 1.000000 
6.847300 0.107031 0.311532 8.488505e-07 0.00001643203 12.092700 0.156469 0.902468 6.848136 0.015630 1.000000 
6.847300 0.107031 0.351459 6.418459e-07 0.00001643203 12.092700 0.156469 0.862541 6.848136 0.015630 1.000000 
6.870367 0.107391 0.271606 1.312169e-07 0.00001648739 12.069633 0.156109 0.942394 6.871206 0.015630 1.000000 
6.870367 0.107391 0.311532 7.133505e-07 0.00001648739 12.069633 0.156109 0.902468 6.871206 0.015630 1.000000 
6.870367 0.107391 0.351459 7.656254e-07 0.00001648739 12.069633 0.156109 0.862541 6.871206 0.015630 1.000000 
6.893435 0.107752 0.271606 1.168079e-07 0.00001654275 12.046565 0.155748 0.942394 6.894277 0.015630 1.000000 
6.893435 0.107752 0.311532 6.863083e-07 0.00001654275 12.046565 0.155748 0.902468 6.894277 0.015630 1.000000 
6.893435 0.107752 0.351459 7.786032e-07 0.00001654275 12.046565 0.155748 0.862541 6.894277 0.015630 1.000000 
6.916502 0.108112 0.271606 1.197727e-07 0.00001659810 12.023498 0.155388 0.942394 6.917347 0.015630 1.000000 
6.916502 0.108112 0.311532 7.013957e-07 0.00001659810 12.023498 0.155388 0.902468 6.917347 0.015630 1.000000 
6.916502 0.108112 0.351459 8.091439e-07 0.00001659810 12.023498 0.155388 0.862541 6.917347 0.015630 1.000000 
6.939570 0.108473 0.271606 1.177168e-07 0.00001665346 12.000430 0.155027 0.942394 6.940418 0.015630 1.000000 
6.939570 0.108473 0.311532 6.714180e-07 0.00001665346 12.000430 0.155027 0.902468 6.940418 0.015630 1.000000 
6.939570 0.108473 0.351459 7.670495e-07 0.00001665346 12.000430 0.155027 0.862541 6.940418 0.015630 1.000000 
6.962637 0.108833 0.271606 7.039727e-08 0.00001670882 11.977363 0.154667 0.942394 6.963488 0.015630 1.000000 
6.962637 0.108833 0.311532 6.187024e-07 0.00001670882 11.977363 0.154667 0.902468 6.963488 0.015630 1.000000 
6.962637 0.108833 0.351459 9.635201e-07 0.00001670882 11.977363 0.154667 0.862541 6.963488 0.015630 1.000000 
6.985705 0.109194 0.271606 6.559987e-08 0.00001676417 11.954295 0.154306 0.942394 6.986558 0.015630 1.000000 
6.985705 0.109194 0.311532 6.589796e-07 0.00001676417 11.954295 0.154306 0.902468 6.986558 0.015630 1.000000 
6.985705 0.109194 0.351459 9.193697e-07 0.00001676417 11.954295 0.154306 0.862541 6.986558 0.015630 1.000000 
6.985705 0.109194 0.391385 2.273969e-08 0.00001676417 11.954295 0.154306 0.822615 6.986558 0.015630 1.000000 
7.008773 0.109555 0.271606 4.053556e-08 0.00001681953 11.931227 0.153945 0.942394 7.009629 0.015630 1.000000 
7.008773 0.109555 0.311532 6.032214e-07 0.00001681953 11.931227 0.153945 0.902468 7.009629 0.015630 1.000000 
7.008773 0.109555 0.351459 8.798726e-07 0.00001681953 11.931227 0.153945 0.862541 7.009629 0.015630 1.000000 
7.008773 0.109555 0.391385 5.328910e-08 0.00001681953 11.931227 0.153945 0.822615 7.009629 0.015630 1.000000 
7.031840 0.109915 0.271606 3.816347e-08 0.00001687489 11.908160 0.153585 0.942394 7.032699 0.015630 1.000000 
7.031840 0.109915 0.311532 5.927452e-07 0.00001687489 11.908160 0.153585 0.902468 7.032699 0.015630 1.000000 
7.031840 0.109915 0.351459 9.112452e-07 0.00001687489 11.908160 0.153585 0.862541 7.032699 0.015630 1.000000 
7.031840 0.109915 0.391385 6.365941e-08 0.00001687489 11.908160 0.153585 0.822615 7.032699 0.015630 1.000000 
7.054908 0.110276 0.271606 2.297128e-08 0.00001693025 11.885092 0.153224 0.942394 7.055770 0.015630 1.000000 
7.054908 0.110276 0.311532 5.158908e-07 0.00001693025 11.885092 0.153224 0.902468 7.055770 0.015630 1.000000 
7.054908 0.110276 0.351459 8.892425e-07 0.00001693025 11.885092 0.153224 0.862541 7.055770 0.015630 1.000000 
7.054908 0.110276 0.391385 1.073455e-07 0.00001693025 11.885092 0.153224 0.822615 7.055770 0.015630 1.000000 
7.077975 0.110636 0.271606 7.690471e-09 0.00001698560 11.862025 0.152864 0.942394 7.078840 0.015630 1.000000 
7.077975 0.110636 0.311532 5.384240e-07 0.00001698560 11.862025 0.152864 0.902468 7.078840 0.015630 1.000000 
7.077975 0.110636 0.351459 9.439366e-07 0.00001698560 11.862025 0.152864 0.862541 7.078840 0.015630 1.000000 
7.077975 0.110636 0.391385 1.564945e-07 0.00001698560 11.862025 0.152864 0.822615 7.078840 0.015630 1.000000 
7.101043 0.110997 0.271606 1.027938e-08 0.00001704096 11.838957 0.152503 0.942394 7.101910 0.015630 1.000000 
7.101043 0.110997 0.311532 5.456894e-07 0.00001704096 11.838957 0.152503 0.902468 7.101910 0.015630 1.000000 
7.101043 0.110997 0.351459 9.811060e-07 0.00001704096 11.838957 0.152503 0.862541 7.101910 0.015630 1.000000 
7.101043 0.110997 0.391385 1.648835e-07 0.00001704096 11.838957 0.152503 0.822615 7.101910 0.015630 1.000000 
7.124110 0.111357 0.271606 5.160059e-09 0.00001709632 11.815890 0.152143 0.942394 7.124981 0.015630 1.000000 
7.124110 0.111357 0.311532 4.987687e-07 0.00001709632 11.815890 0.152143 0.902468 7.124981 0.015630 1.000000 
7.124110 0.111357 0.351459 9.797025e-07 0.00001709632 11.815890 0.152143 0.862541 7.124981 0.015630 1.000000 
7.124110 0.111357 0.391385 1.991212e-07 0.00001709632 11.815890 0.152143 0.822615 7.124981 0.015630 1.000000 
7.147178 0.111718 0.311532 4.150611e-07 0.00001715167 11.792822 0.151782 0.902468 7.148051 0.015630 1.000000 
7.147178 0.111718 0.351459 9.628096e-07 0.00001715167 11.792822 0.151782 0.862541 7.148051 0.015630 1.000000 
7.147178 0.111718 0.391385 2.310616e-07 0.00001715167 11.792822 0.151782 0.822615 7.148051 0.015630 1.000000 
7.170246 0.112079 0.311532 3.827989e-07 0.00001720703 11.769754 0.151421 0.902468 7.171121 0.015630 1.000000 
7.170246 0.112079 0.351459 9.118691e-07 0.00001720703 11.769754 0.151421 0.862541 7.171121 0.015630 1.000000 
7.170246 0.112079 0.391385 2.814530e-07 0.00001720703 11.769754 0.151421 0.822615 7.171121 0.015630 1.000000 
7.193313 0.112439 0.311532 4.078693e-07 0.00001726239 11.746687 0.151061 0.902468 7.194192 0.015630 1.000000 
7.193313 0.112439 0.351459 9.311235e-07 0.00001726239 11.746687 0.151061 0.862541 7.194192 0.015630 1.000000 
7.193313 0.112439 0.391385 3.244134e-07 0.00001726239 11.746687 0.151061 0.822615 7.194192 0.015630 1.000000 
7.216381 0.112800 0.311532 3.070186e-07 0.00001731775 11.723619 0.150700 0.902468 7.217262 0.015630 1.000000 
7.216381 0.112800 0.351459 9.740723e-07 0.00001731775 11.723619 0.150700 0.862541 7.217262 0.015630 1.000000 
7.216381 0.112800 0.391385 3.730379e-07 0.00001731775 11.723619 0.150700 0.822615 7.217262 0.015630 1.000000 
7.239448 0.113160 0.311532 3.478287e-07 0.00001737310 11.700552 0.150340 0.902468 7.240333 0.015630 1.000000 
7.239448 0.113160 0.351459 9.200761e-07 0.00001737310 11.700552 0.150340 0.862541 7.240333 0.015630 1.000000 
7.239448 0.113160 0.391385 4.350681e-07 0.00001737310 11.700552 0.150340 0.822615 7.240333 0.015630 1.000000 
7.262516 0.113521 0.311532 3.253510e-07 0.00001742846 11.677484 0.149979 0.902468 7.263403 0.015630 1.000000 
7.262516 0.113521 0.351459 8.891861e-07 0.00001742846 11.677484 0.149979 0.862541 7.263403 0.015630 1.000000 
7.262516 0.113521 0.391385 4.182774e-07 0.00001742846 11.677484 0.149979 0.822615 7.263403 0.015630 1.000000 
7.285583 0.113881 0.311532 2.443793e-07 0.00001748382 11.654417 0.149619 0.902468 7.286473 0.015630 1.000000 
7.285583 0.113881 0.351459 9.326285e-07 0.00001748382 11.654417 0.149619 0.862541 7.286473 0.015630 1.000000 
7.285583 0.113881 0.391385 5.369148e-07 0.00001748382 11.654417 0.149619 0.822615 7.286473 0.015630 1.000000 
7.308651 0.114242 0.311532 2.186275e-07 0.00001753917 11.631349 0.149258 0.902468 7.309544 0.015630 1.000000 
7.308651 0.114242 0.351459 9.255784e-07 0.00001753917 11.631349 0.149258 0.862541 7.309544 0.015630 1.000000 
7.308651 0.114242 0.391385 5.203439e-07 0.00001753917 11.631349 0.149258 0.822615 7.309544 0.015630 1.000000 
7.331718 0.114603 0.311532 1.953894e-07 0.00001759453 11.608282 0.148897 0.902468 7.332614 0.015630 1.000000 
7.331718 0.114603 0.351459 9.050875e-07 0.00001759453 11.608282 0.148897 0.862541 7.332614 0.015630 1.000000 
7.331718 0.114603 0.391385 5.278110e-07 0.00001759453 11.608282 0.148897 0.822615 7.332614 0.015630 1.000000 
7.354786 0.114963 0.311532 1.693276e-07 0.00001764989 11.585214 0.148537 0.902468 7.355684 0.015630 1.000000 
7.354786 0.114963 0.351459 9.221047e-07 0.00001764989 11.585214 0.148537 0.862541 7.355684 0.015630 1.000000 
7.354786 0.114963 0.391385 6.186008e-07 0.00001764989 11.585214 0.148537 0.822615 7.355684 0.015630 1.000000 
7.377854 0.115324 0.311532 1.483511e-07 0.00001770525 11.562146 0.148176 0.902468 7.378755 0.015630 1.000000 
7.377854 0.115324 0.351459 8.744972e-07 0.00001770525 11.562146 0.148176 0.862541 7.378755 0.015630 1.000000 
7.377854 0.115324 0.391385 6.804869e-07 0.00001770525 11.562146 0.148176 0.822615 7.378755 0.015630 1.000000 
7.400921 0.115684 0.311532 1.300140e-07 0.00001776060 11.539079 0.147816 0.902468 7.401825 0.015630 1.000000 
7.400921 0.115684 0.351459 7.967967e-07 0.00001776060 11.539079 0.147816 0.862541 7.401825 0.015630 1.000000 
7.400921 0.115684 0.391385 7.672051e-07 0.00001776060 11.539079 0.147816 0.822615 7.401825 0.015630 1.000000 
7.423989 0.116045 0.311532 8.431303e-08 0.00001781596 11.516011 0.147455 0.902468 7.424896 0.015630 1.000000 
7.423989 0.116045 0.351459 8.352672e-07 0.00001781596 11.516011 0.147455 0.862541 7.424896 0.015630 1.000000 
7.423989 0.116045 0.391385 8.139075e-07 0.00001781596 11.516011 0.147455 0.822615 7.424896 0.015630 1.000000 
7.447056 0.116405 0.311532 8.737697e-08 0.00001787132 11.492944 0.147095 0.902468 7.447966 0.015630 1.000000 
7.447056 0.116405 0.351459 7.102264e-07 0.00001787132 11.492944 0.147095 0.862541 7.447966 0.015630 1.000000 
7.447056 0.116405 0.391385 7.924457e-07 0.00001787132 11.492944 0.147095 0.822615 7.447966 0.015630 1.000000 
7.470124 0.116766 0.311532 6.854743e-08 0.00001792667 11.469876 0.146734 0.902468 7.471036 0.015630 1.000000 
7.470124 0.116766 0.351459 7.789090e-07 0.00001792667 11.469876 0.146734 0.862541 7.471036 0.015630 1.000000 
7.470124 0.116766 0.391385 8.587915e-07 0.00001792667 11.469876 0.146734 0.822615 7.471036 0.015630 1.000000 
7.493191 0.117127 0.311532 5.504155e-08 0.00001798203 11.446809 0.146373 0.902468 7.494107 0.015630 1.000000 
7.493191 0.117127 0.351459 7.159285e-07 0.00001798203 11.446809 0.146373 0.862541 7.494107 0.015630 1.000000 
7.493191 0.117127 0.391385 9.007878e-07 0.00001798203 11.446809 0.146373 0.822615 7.494107 0.015630 1.000000 
7.516259 0.117487 0.311532 3.592809e-08 0.00001803739 11.423741 0.146013 0.902468 7.517177 0.015630 1.000000 
7.516259 0.117487 0.351459 7.547541e-07 0.00001803739 11.423741 0.146013 0.862541 7.517177 0.015630 1.000000 
7.516259 0.117487 0.391385 8.655888e-07 0.00001803739 11.423741 0.146013 0.822615 7.517177 0.015630 1.000000 
7.539327 0.117848 0.311532 3.883599e-08 0.00001809275 11.400673 0.145652 0.902468 7.540248 0.015630 1.000000 
7.539327 0.117848 0.351459 5.967594e-07 0.00001809275 11.400673 0.145652 0.862541 7.540248 0.015630 1.000000 
7.539327 0.117848 0.391385 9.165272e-07 0.00001809275 11.400673 0.145652 0.822615 7.540248 0.015630 1.000000 
7.539327 0.117848 0.431312 1.112029e-08 0.00001809275 11.400673 0.145652 0.782688 7.540248 0.015630 1.000000 
7.562394 0.118208 0.311532 2.787508e-08 0.00001814810 11.377606 0.145292 0.902468 7.563318 0.015630 1.000000 
7.562394 0.118208 0.351459 5.741571e-07 0.00001814810 11.377606 0.145292 0.862541 7.563318 0.015630 1.000000 
7.562394 0.118208 0.391385 1.012139e-06 0.00001814810 11.377606 0.145292 0.822615 7.563318 0.015630 1.000000 
7.562394 0.118208 0.431312 1.954153e-08 0.00001814810 11.377606 0.145292 0.782688 7.563318 0.015630 1.000000 
7.585462 0.118569 0.351459 6.352496e-07 0.00001820346 11.354538 0.144931 0.862541 7.586388 0.015630 1.000000 
7.585462 0.118569 0.391385 1.072230e-06 0.00001820346 11.354538 0.144931 0.822615 7.586388 0.015630 1.000000 
7.585462 0.118569 0.431312 4.201100e-08 0.00001820346 11.354538 0.144931 0.782688 7.586388 0.015630 1.000000 
7.608529 0.118929 0.311532 5.617387e-09 0.00001825882 11.331471 0.144571 0.902468 7.609459 0.015630 1.000000 
7.608529 0.118929 0.351459 5.225689e-07 0.00001825882 11.331471 0.144571 0.862541 7.609459 0.015630 1.000000 
7.608529 0.118929 0.391385 1.065377e-06 0.00001825882 11.331471 0.144571 0.822615 7.609459 0.015630 1.000000 
7.608529 0.118929 0.431312 5.344019e-08 0.00001825882 11.331471 0.144571 0.782688 7.609459 0.015630 1.000000 
7.631597 0.119290 0.311532 5.633595e-09 0.00001831417 11.308403 0.144210 0.902468 7.632529 0.015630 1.000000 
7.631597 0.119290 0.351459 4.881377e-07 0.00001831417 11.308403 0.144210 0.862541 7.632529 0.015630 1.000000 
7.631597 0.119290 0.391385 1.092258e-06 0.00001831417 11.308403 0.144210 0.822615 7.632529 0.015630 1.000000 
7.631597 0.119290 0.431312 1.129680e-07 0.00001831417 11.308403 0.144210 0.782688 7.632529 0.015630 1.000000 
7.654664 0.119651 0.311532 2.826173e-09 0.00001836953 11.285336 0.143849 0.902468 7.655599 0.015630 1.000000 
7.654664 0.119651 0.351459 4.815424e-07 0.00001836953 11.285336 0.143849 0.862541 7.655599 0.015630 1.000000 
7.654664 0.119651 0.391385 1.059833e-06 0.00001836953 11.285336 0.143849 0.822615 7.655599 0.015630 1.000000 
7.654664 0.119651 0.431312 1.644165e-07 0.00001836953 11.285336 0.143849 0.782688 7.655599 0.015630 1.000000 
7.677732 0.120011 0.351459 4.407862e-07 0.00001842489 11.262268 0.143489 0.862541 7.678670 0.015630 1.000000 
7.677732 0.120011 0.391385 1.084103e-06 0.00001842489 11.262268 0.143489 0.822615 7.678670 0.015630 1.000000 
7.677732 0.120011 0.431312 1.736254e-07 0.00001842489 11.262268 0.143489 0.782688 7.678670 0.015630 1.000000 
7.700799 0.120372 0.351459 4.226369e-07 0.00001848025 11.239201 0.143128 0.862541 7.701740 0.015630 1.000000 
7.700799 0.120372 0.391385 1.100041e-06 0.00001848025 11.239201 0.143128 0.822615 7.701740 0.015630 1.000000 
7.700799 0.120372 0.431312 2.000277e-07 0.00001848025 11.239201 0.143128 0.782688 7.701740 0.015630 1.000000 
7.723867 0.120732 0.351459 3.928403e-07 0.00001853560 11.216133 0.142768 0.862541 7.724811 0.015630 1.000000 
7.723867 0.120732 0.391385 1.058690e-06 0.00001853560 11.216133 0.142768 0.822615 7.724811 0.015630 1.000000 
7.723867 0.120732 0.431312 2.784389e-07 0.00001853560 11.216133 0.142768 0.782688 7.724811 0.015630 1.000000 
7.746935 0.121093 0.351459 3.195934e-07 0.00001859096 11.193065 0.142407 0.862541 7.747881 0.015630 1.000000 
7.746935 0.121093 0.391385 1.019636e-06 0.00001859096 11.193065 0.142407 0.822615 7.747881 0.015630 1.000000 
7.746935 0.121093 0.431312 3.717372e-07 0.00001859096 11.193065 0.142407 0.782688 7.747881 0.015630 1.000000 
7.770002 0.121453 0.351459 3.325010e-07 0.00001864632 11.169998 0.142047 0.862541 7.770951 0.015630 1.000000 
7.770002 0.121453 0.391385 1.021064e-06 0.00001864632 11.169998 0.142047 0.822615 7.770951 0.015630 1.000000 
7.770002 0.121453 0.431312 3.067388e-07 0.00001864632 11.169998 0.142047 0.782688 7.770951 0.015630 1.000000 
7.793070 0.121814 0.351459 2.496637e-07 0.00001870167 11.146930 0.141686 0.862541 7.794022 0.015630 1.000000 
7.793070 0.121814 0.391385 1.028163e-06 0.00001870167 11.146930 0.141686 0.822615 7.794022 0.015630 1.000000 
7.793070 0.121814 0.431312 4.009829e-07 0.00001870167 11.146930 0.141686 0.782688 7.794022 0.015630 1.000000 
7.816137 0.122175 0.351459 2.594215e-07 0.00001875703 11.123863 0.141325 0.862541 7.817092 0.015630 1.000000 
7.816137 0.122175 0.391385 1.073235e-06 0.00001875703 11.123863 0.141325 0.822615 7.817092 0.015630 1.000000 
7.816137 0.122175 0.431312 4.522151e-07 0.00001875703 11.123863 0.141325 0.782688 7.817092 0.015630 1.000000 
7.839205 0.122535 0.351459 2.019874e-07 0.00001881239 11.100795 0.140965 0.862541 7.840162 0.015630 1.000000 
7.839205 0.122535 0.391385 9.840958e-07 0.00001881239 11.100795 0.140965 0.822615 7.840162 0.015630 1.000000 
7.839205 0.122535 0.431312 4.979602e-07 0.00001881239 11.100795 0.140965 0.782688 7.840162 0.015630 1.000000 
7.862272 0.122896 0.351459 1.822440e-07 0.00001886775 11.077728 0.140604 0.862541 7.863233 0.015630 1.000000 
7.862272 0.122896 0.391385 1.008669e-06 0.00001886775 11.077728 0.140604 0.822615 7.863233 0.015630 1.000000 
7.862272 0.122896 0.431312 4.794611e-07 0.00001886775 11.077728 0.140604 0.782688 7.863233 0.015630 1.000000 
7.885340 0.123256 0.351459 1.328263e-07 0.00001892310 11.054660 0.140244 0.862541 7.886303 0.015630 1.000000 
7.885340 0.123256 0.391385 9.154120e-07 0.00001892310 11.054660 0.140244 0.822615 7.886303 0.015630 1.000000 
7.885340 0.123256 0.431312 6.498647e-07 0.00001892310 11.054660 0.140244 0.782688 7.886303 0.015630 1.000000 
7.908408 0.123617 0.351459 1.244820e-07 0.00001897846 11.031592 0.139883 0.862541 7.909374 0.015630 1.000000 
7.908408 0.123617 0.391385 9.073609e-07 0.00001897846 11.031592 0.139883 0.822615 7.909374 0.015630 1.000000 
7.908408 0.123617 0.431312 6.526214e-07 0.00001897846 11.031592 0.139883 0.782688 7.909374 0.015630 1.000000 
7.931475 0.123977 0.351459 8.632452e-08 0.00001903382 11.008525 0.139523 0.862541 7.932444 0.015630 1.000000 
7.931475 0.123977 0.391385 9.498129e-07 0.00001903382 11.008525 0.139523 0.822615 7.932444 0.015630 1.000000 
7.931475 0.123977 0.431312 6.642882e-07 0.00001903382 11.008525 0.139523 0.782688 7.932444 0.015630 1.000000 
7.954543 0.124338 0.351459 8.666547e-08 0.00001908917 10.985457 0.139162 0.862541 7.955514 0.015630 1.000000 
7.954543 0.124338 0.391385 9.358616e-07 0.00001908917 10.985457 0.139162 0.822615 7.955514 0.015630 1.000000 
7.954543 0.124338 0.431312 8.435356e-07 0.00001908917 10.985457 0.139162 0.782688 7.955514 0.015630 1.000000 
7.977610 0.124699 0.351459 8.402033e-08 0.00001914453 10.962390 0.138801 0.862541 7.978585 0.015630 1.000000 
7.977610 0.124699 0.391385 8.257051e-07 0.00001914453 10.962390 0.138801 0.822615 7.978585 0.015630 1.000000 
7.977610 0.124699 0.431312 7.930047e-07 0.00001914453 10.962390 0.138801 0.782688 7.978585 0.015630 1.000000 
8.000678 0.125059 0.351459 5.725031e-08 0.00001919989 10.939322 0.138441 0.862541 8.001655 0.015630 1.000000 
8.000678 0.125059 0.391385 9.316413e-07 0.00001919989 10.939322 0.138441 0.822615 8.001655 0.015630 1.000000 
8.000678 0.125059 0.431312 8.657379e-07 0.00001919989 10.939322 0.138441 0.782688 8.001655 0.015630 1.000000 
8.023745 0.125420 0.351459 3.329014e-08 0.00001925525 10.916255 0.138080 0.862541 8.024726 0.015630 1.000000 
8.023745 0.125420 0.391385 8.144718e-07 0.00001925525 10.916255 0.138080 0.822615 8.024726 0.015630 1.000000 
8.023745 0.125420 0.431312 9.026562e-07 0.00001925525 10.916255 0.138080 0.782688 8.024726 0.015630 1.000000 
8.046813 0.125780 0.351459 2.128835e-08 0.00001931060 10.893187 0.137720 0.862541 8.047796 0.015630 1.000000 
8.046813 0.125780 0.391385 7.449731e-07 0.00001931060 10.893187 0.137720 0.822615 8.047796 0.015630 1.000000 
8.046813 0.125780 0.431312 9.096135e-07 0.00001931060 10.893187 0.137720 0.782688 8.047796 0.015630 1.000000 
8.069880 0.126141 0.351459 1.526992e-08 0.00001936596 10.870120 0.137359 0.862541 8.070866 0.015630 1.000000 
8.069880 0.126141 0.391385 6.717298e-07 0.00001936596 10.870120 0.137359 0.822615 8.070866 0.015630 1.000000 
8.069880 0.126141 0.431312 9.653614e-07 0.00001936596 10.870120 0.137359 0.782688 8.070866 0.015630 1.000000 
8.092948 0.126501 0.351459 9.197288e-09 0.00001942132 10.847052 0.136999 0.862541 8.093937 0.015630 1.000000 
8.092948 0.126501 0.391385 7.114377e-07 0.00001942132 10.847052 0.136999 0.822615 8.093937 0.015630 1.000000 
8.092948 0.126501 0.431312 1.079847e-06 0.00001942132 10.847052 0.136999 0.782688 8.093937 0.015630 1.000000 
8.116016 0.126862 0.351459 3.074063e-09 0.00001947667 10.823984 0.136638 0.862541 8.117007 0.015630 1.000000 
8.116016 0.126862 0.391385 6.220851e-07 0.00001947667 10.823984 0.136638 0.822615 8.117007 0.015630 1.000000 
8.116016 0.126862 0.431312 1.164568e-06 0.00001947667 10.823984 0.136638 0.782688 8.117007 0.015630 1.000000 
8.139083 0.127223 0.391385 5.380299e-07 0.00001953203 10.800917 0.136277 0.822615 8.140077 0.015630 1.000000 
8.139083 0.127223 0.431312 1.203493e-06 0.00001953203 10.800917 0.136277 0.782688 8.140077 0.015630 1.000000 
8.139083 0.127223 0.471239 9.282303e-09 0.00001953203 10.800917 0.136277 0.742761 8.140077 0.015630 1.000000 
4.009812 0.073126 0.032046 2.103166e-08 0.00000962310 14.930188 0.190374 1.181954 4.010479 0.018235 1.000000 
4.009812 0.073126 0.071973 2.783470e-07 0.00000962310 14.930188 0.190374 1.142027 4.010479 0.018235 1.000000 
4.009812 0.073126 0.111899 5.100373e-07 0.00000962310 14.930188 0.190374 1.102101 4.010479 0.018235 1.000000 
4.009812 0.073126 0.151826 3.951415e-07 0.00000962310 14.930188 0.190374 1.062174 4.010479 0.018235 1.000000 
4.032879 0.073547 0.032046 3.245043e-08 0.00000967846 14.907121 0.189953 1.181954 4.033550 0.018235 1.000000 
4.032879 0.073547 0.071973 2.500068e-07 0.00000967846 14.907121 0.189953 1.142027 4.033550 0.018235 1.000000 
4.032879 0.073547 0.111899 4.823342e-07 0.00000967846 14.907121 0.189953 1.102101 4.033550 0.018235 1.000000 
4.032879 0.073547 0.151826 4.272278e-07 0.00000967846 14.907121 0.189953 1.062174 4.033550 0.018235 1.000000 
4.055946 0.073967 0.032046 2.116259e-08 0.00000973382 14.884054 0.189533 1.181954 4.056620 0.018235 1.000000 
4.055946 0.073967 0.071973 2.312066e-07 0.00000973382 14.884054 0.189533 1.142027 4.056620 0.018235 1.000000 
4.055946 0.073967 0.111899 5.000991e-07 0.00000973382 14.884054 0.189533 1.102101 4.056620 0.018235 1.000000 
4.055946 0.073967 0.151826 4.138829e-07 0.00000973382 14.884054 0.189533 1.062174 4.056620 0.018235 1.000000 
4.079012 0.074388 0.032046 9.795585e-09 0.00000978918 14.860988 0.189112 1.181954 4.079690 0.018235 1.000000 
4.079012 0.074388 0.071973 1.845854e-07 0.00000978918 14.860988 0.189112 1.142027 4.079690 0.018235 1.000000 
4.079012 0.074388 0.111899 4.754156e-07 0.00000978918 14.860988 0.189112 1.102101 4.079690 0.018235 1.000000 
4.079012 0.074388 0.151826 4.544359e-07 0.00000978918 14.860988 0.189112 1.062174 4.079690 0.018235 1.000000 
4.079012 0.074388 0.191753 1.145017e-08 0.00000978918 14.860988 0.189112 1.022247 4.079690 0.018235 1.000000 
4.102079 0.074809 0.032046 9.835050e-09 0.00000984453 14.837921 0.188691 1.181954 4.102761 0.018235 1.000000 
4.102079 0.074809 0.071973 2.130245e-07 0.00000984453 14.837921 0.188691 1.142027 4.102761 0.018235 1.000000 
4.102079 0.074809 0.111899 4.769855e-07 0.00000984453 14.837921 0.188691 1.102101 4.102761 0.018235 1.000000 
4.102079 0.074809 0.151826 5.377620e-07 0.00000984453 14.837921 0.188691 1.062174 4.102761 0.018235 1.000000 
4.102079 0.074809 0.191753 3.280759e-08 0.00000984453 14.837921 0.188691 1.022247 4.102761 0.018235 1.000000 
4.125145 0.075229 0.032046 1.315263e-08 0.00000989989 14.814855 0.188271 1.181954 4.125831 0.018235 1.000000 
4.125145 0.075229 0.071973 1.971964e-07 0.00000989989 14.814855 0.188271 1.142027 4.125831 0.018235 1.000000 
4.125145 0.075229 0.111899 5.244931e-07 0.00000989989 14.814855 0.188271 1.102101 4.125831 0.018235 1.000000 
4.125145 0.075229 0.151826 5.098261e-07 0.00000989989 14.814855 0.188271 1.062174 4.125831 0.018235 1.000000 
4.125145 0.075229 0.191753 2.631877e-08 0.00000989989 14.814855 0.188271 1.022247 4.125831 0.018235 1.000000 
4.148212 0.075650 0.032046 3.299842e-09 0.00000995525 14.791788 0.187850 1.181954 4.148901 0.018235 1.000000 
4.148212 0.075650 0.071973 2.060566e-07 0.00000995525 14.791788 0.187850 1.142027 4.148901 0.018235 1.000000 
4.148212 0.075650 0.111899 5.046486e-07 0.00000995525 14.791788 0.187850 1.102101 4.148901 0.018235 1.000000 
4.148212 0.075650 0.151826 4.834083e-07 0.00000995525 14.791788 0.187850 1.062174 4.148901 0.018235 1.000000 
4.148212 0.075650 0.191753 4.786814e-08 0.00000995525 14.791788 0.187850 1.022247 4.148901 0.018235 1.000000 
4.171278 0.076071 0.032046 1.652957e-09 0.00001001060 14.768722 0.187429 1.181954 4.171972 0.018235 1.000000 
4.171278 0.076071 0.071973 2.050636e-07 0.00001001060 14.768722 0.187429 1.142027 4.171972 0.018235 1.000000 
4.171278 0.076071 0.111899 4.483108e-07 0.00001001060 14.768722 0.187429 1.102101 4.171972 0.018235 1.000000 
4.171278 0.076071 0.151826 4.914856e-07 0.00001001060 14.768722 0.187429 1.062174 4.171972 0.018235 1.000000 
4.171278 0.076071 0.191753 5.461514e-08 0.00001001060 14.768722 0.187429 1.022247 4.171972 0.018235 1.000000 
4.194345 0.076491 0.032046 1.656140e-09 0.00001006596 14.745655 0.187009 1.181954 4.195042 0.018235 1.000000 
4.194345 0.076491 0.071973 1.642244e-07 0.00001006596 14.745655 0.187009 1.142027 4.195042 0.018235 1.000000 
4.194345 0.076491 0.111899 4.961860e-07 0.00001006596 14.745655 0.187009 1.102101 4.195042 0.018235 1.000000 
4.194345 0.076491 0.151826 4.980058e-07 0.00001006596 14.745655 0.187009 1.062174 4.195042 0.018235 1.000000 
4.194345 0.076491 0.191753 5.644299e-08 0.00001006596 14.745655 0.187009 1.022247 4.195042 0.018235 1.000000 
4.217411 0.076912 0.071973 1.697365e-07 0.00001012132 14.722589 0.186588 1.142027 4.218113 0.018235 1.000000 
4.217411 0.076912 0.111899 4.428338e-07 0.00001012132 14.722589 0.186588 1.102101 4.218113 0.018235 1.000000 
4.217411 0.076912 0.151826 5.262132e-07 0.00001012132 14.722589 0.186588 1.062174 4.218113 0.018235 1.000000 
4.217411 0.076912 0.191753 8.996830e-08 0.00001012132 14.722589 0.186588 1.022247 4.218113 0.018235 1.000000 
4.240478 0.077333 0.071973 1.519039e-07 0.00001017668 14.699522 0.186167 1.142027 4.241183 0.018235 1.000000 
4.240478 0.077333 0.111899 4.509103e-07 0.00001017668 14.699522 0.186167 1.102101 4.241183 0.018235 1.000000 
4.240478 0.077333 0.151826 5.078384e-07 0.00001017668 14.699522 0.186167 1.062174 4.241183 0.018235 1.000000 
4.240478 0.077333 0.191753 9.357656e-08 0.00001017668 14.699522 0.186167 1.022247 4.241183 0.018235 1.000000 
4.263544 0.077753 0.071973 1.406465e-07 0.00001023203 14.676456 0.185747 1.142027 4.264253 0.018235 1.000000 
4.263544 0.077753 0.111899 4.389200e-07 0.00001023203 14.676456 0.185747 1.102101 4.264253 0.018235 1.000000 
4.263544 0.077753 0.151826 5.327978e-07 0.00001023203 14.676456 0.185747 1.062174 4.264253 0.018235 1.000000 
4.263544 0.077753 0.191753 1.173459e-07 0.00001023203 14.676456 0.185747 1.022247 4.264253 0.018235 1.000000 
4.286611 0.078174 0.071973 1.209446e-07 0.00001028739 14.653389 0.185326 1.142027 4.287324 0.018235 1.000000 
4.286611 0.078174 0.111899 4.150588e-07 0.00001028739 14.653389 0.185326 1.102101 4.287324 0.018235 1.000000 
4.286611 0.078174 0.151826 5.143999e-07 0.00001028739 14.653389 0.185326 1.062174 4.287324 0.018235 1.000000 
4.286611 0.078174 0.191753 1.361914e-07 0.00001028739 14.653389 0.185326 1.022247 4.287324 0.018235 1.000000 
4.309678 0.078595 0.071973 9.097883e-08 0.00001034275 14.630322 0.184905 1.142027 4.310394 0.018235 1.000000 
4.309678 0.078595 0.111899 4.129768e-07 0.00001034275 14.630322 0.184905 1.102101 4.310394 0.018235 1.000000 
4.309678 0.078595 0.151826 5.817483e-07 0.00001034275 14.630322 0.184905 1.062174 4.310394 0.018235 1.000000 
4.309678 0.078595 0.191753 1.416767e-07 0.00001034275 14.630322 0.184905 1.022247 4.310394 0.018235 1.000000 
4.332744 0.079015 0.071973 1.081710e-07 0.00001039810 14.607256 0.184485 1.142027 4.333465 0.018235 1.000000 
4.332744 0.079015 0.111899 3.889006e-07 0.00001039810 14.607256 0.184485 1.102101 4.333465 0.018235 1.000000 
4.332744 0.079015 0.151826 5.582457e-07 0.00001039810 14.607256 0.184485 1.062174 4.333465 0.018235 1.000000 
4.332744 0.079015 0.191753 1.962857e-07 0.00001039810 14.607256 0.184485 1.022247 4.333465 0.018235 1.000000 
4.355811 0.079436 0.071973 9.666352e-08 0.00001045346 14.584189 0.184064 1.142027 4.356535 0.018235 1.000000 
4.355811 0.079436 0.111899 3.850015e-07 0.00001045346 14.584189 0.184064 1.102101 4.356535 0.018235 1.000000 
4.355811 0.079436 0.151826 5.769239e-07 0.00001045346 14.584189 0.184064 1.062174 4.356535 0.018235 1.000000 
4.355811 0.079436 0.191753 2.121755e-07 0.00001045346 14.584189 0.184064 1.022247 4.356535 0.018235 1.000000 
4.378877 0.079857 0.071973 6.803221e-08 0.00001050882 14.561123 0.183643 1.142027 4.379605 0.018235 1.000000 
4.378877 0.079857 0.111899 4.151445e-07 0.00001050882 14.561123 0.183643 1.102101 4.379605 0.018235 1.000000 
4.378877 0.079857 0.151826 5.464445e-07 0.00001050882 14.561123 0.183643 1.062174 4.379605 0.018235 1.000000 
4.378877 0.079857 0.191753 2.009142e-07 0.00001050882 14.561123 0.183643 1.022247 4.379605 0.018235 1.000000 
4.401944 0.080277 0.071973 6.314485e-08 0.00001056418 14.538056 0.183223 1.142027 4.402676 0.018235 1.000000 
4.401944 0.080277 0.111899 3.652969e-07 0.00001056418 14.538056 0.183223 1.102101 4.402676 0.018235 1.000000 
4.401944 0.080277 0.151826 5.755019e-07 0.00001056418 14.538056 0.183223 1.062174 4.402676 0.018235 1.000000 
4.401944 0.080277 0.191753 2.527973e-07 0.00001056418 14.538056 0.183223 1.022247 4.402676 0.018235 1.000000 
4.425010 0.080698 0.071973 5.478407e-08 0.00001061953 14.514990 0.182802 1.142027 4.425746 0.018235 1.000000 
4.425010 0.080698 0.111899 3.647572e-07 0.00001061953 14.514990 0.182802 1.102101 4.425746 0.018235 1.000000 
4.425010 0.080698 0.151826 5.378853e-07 0.00001061953 14.514990 0.182802 1.062174 4.425746 0.018235 1.000000 
4.425010 0.080698 0.191753 2.810076e-07 0.00001061953 14.514990 0.182802 1.022247 4.425746 0.018235 1.000000 
4.448077 0.081119 0.071973 3.777567e-08 0.00001067489 14.491923 0.182381 1.142027 4.448816 0.018235 1.000000 
4.448077 0.081119 0.111899 3.504542e-07 0.00001067489 14.491923 0.182381 1.102101 4.448816 0.018235 1.000000 
4.448077 0.081119 0.151826 5.379130e-07 0.00001067489 14.491923 0.182381 1.062174 4.448816 0.018235 1.000000 
4.448077 0.081119 0.191753 2.922499e-07 0.00001067489 14.491923 0.182381 1.022247 4.448816 0.018235 1.000000 
4.471143 0.081539 0.071973 3.272195e-08 0.00001073025 14.468857 0.181961 1.142027 4.471887 0.018235 1.000000 
4.471143 0.081539 0.111899 3.222457e-07 0.00001073025 14.468857 0.181961 1.102101 4.471887 0.018235 1.000000 
4.471143 0.081539 0.151826 5.481718e-07 0.00001073025 14.468857 0.181961 1.062174 4.471887 0.018235 1.000000 
4.471143 0.081539 0.191753 2.983331e-07 0.00001073025 14.468857 0.181961 1.022247 4.471887 0.018235 1.000000 
4.494210 0.081960 0.071973 2.591361e-08 0.00001078560 14.445790 0.181540 1.142027 4.494957 0.018235 1.000000 
4.494210 0.081960 0.111899 3.267247e-07 0.00001078560 14.445790 0.181540 1.102101 4.494957 0.018235 1.000000 
4.494210 0.081960 0.151826 5.447893e-07 0.00001078560 14.445790 0.181540 1.062174 4.494957 0.018235 1.000000 
4.494210 0.081960 0.191753 3.511393e-07 0.00001078560 14.445790 0.181540 1.022247 4.494957 0.018235 1.000000 
4.517276 0.082381 0.071973 1.907823e-08 0.00001084096 14.422724 0.181119 1.142027 4.518028 0.018235 1.000000 
4.517276 0.082381 0.111899 3.329645e-07 0.00001084096 14.422724 0.181119 1.102101 4.518028 0.018235 1.000000 
4.517276 0.082381 0.151826 5.343341e-07 0.00001084096 14.422724 0.181119 1.062174 4.518028 0.018235 1.000000 
4.517276 0.082381 0.191753 3.367092e-07 0.00001084096 14.422724 0.181119 1.022247 4.518028 0.018235 1.000000 
4.540343 0.082801 0.071973 1.738534e-08 0.00001089632 14.399657 0.180699 1.142027 4.541098 0.018235 1.000000 
4.540343 0.082801 0.111899 2.470743e-07 0.00001089632 14.399657 0.180699 1.102101 4.541098 0.018235 1.000000 
4.540343 0.082801 0.151826 5.064955e-07 0.00001089632 14.399657 0.180699 1.062174 4.541098 0.018235 1.000000 
4.540343 0.082801 0.191753 3.760333e-07 0.00001089632 14.399657 0.180699 1.022247 4.541098 0.018235 1.000000 
4.563410 0.083222 0.071973 1.744102e-08 0.00001095168 14.376590 0.180278 1.142027 4.564168 0.018235 1.000000 
4.563410 0.083222 0.111899 2.810126e-07 0.00001095168 14.376590 0.180278 1.102101 4.564168 0.018235 1.000000 
4.563410 0.083222 0.151826 5.447299e-07 0.00001095168 14.376590 0.180278 1.062174 4.564168 0.018235 1.000000 
4.563410 0.083222 0.191753 3.877351e-07 0.00001095168 14.376590 0.180278 1.022247 4.564168 0.018235 1.000000 
4.586476 0.083643 0.071973 1.749945e-09 0.00001100703 14.353524 0.179857 1.142027 4.587239 0.018235 1.000000 
4.586476 0.083643 0.111899 2.573806e-07 0.00001100703 14.353524 0.179857 1.102101 4.587239 0.018235 1.000000 
4.586476 0.083643 0.151826 5.605456e-07 0.00001100703 14.353524 0.179857 1.062174 4.587239 0.018235 1.000000 
4.586476 0.083643 0.191753 4.082443e-07 0.00001100703 14.353524 0.179857 1.022247 4.587239 0.018235 1.000000 
4.609543 0.084063 0.071973 5.269042e-09 0.00001106239 14.330457 0.179437 1.142027 4.610309 0.018235 1.000000 
4.609543 0.084063 0.111899 2.125460e-07 0.00001106239 14.330457 0.179437 1.102101 4.610309 0.018235 1.000000 
4.609543 0.084063 0.151826 5.464897e-07 0.00001106239 14.330457 0.179437 1.062174 4.610309 0.018235 1.000000 
4.609543 0.084063 0.191753 5.009704e-07 0.00001106239 14.330457 0.179437 1.022247 4.610309 0.018235 1.000000 
4.632609 0.084484 0.071973 5.291919e-09 0.00001111775 14.307391 0.179016 1.142027 4.633379 0.018235 1.000000 
4.632609 0.084484 0.111899 2.713669e-07 0.00001111775 14.307391 0.179016 1.102101 4.633379 0.018235 1.000000 
4.632609 0.084484 0.151826 5.447634e-07 0.00001111775 14.307391 0.179016 1.062174 4.633379 0.018235 1.000000 
4.632609 0.084484 0.191753 4.514520e-07 0.00001111775 14.307391 0.179016 1.022247 4.633379 0.018235 1.000000 
4.632609 0.084484 0.231679 1.766239e-09 0.00001111775 14.307391 0.179016 0.982321 4.633379 0.018235 1.000000 
4.655676 0.084905 0.071973 3.537302e-09 0.00001117310 14.284324 0.178595 1.142027 4.656450 0.018235 1.000000 
4.655676 0.084905 0.111899 2.227452e-07 0.00001117310 14.284324 0.178595 1.102101 4.656450 0.018235 1.000000 
4.655676 0.084905 0.151826 5.695019e-07 0.00001117310 14.284324 0.178595 1.062174 4.656450 0.018235 1.000000 
4.655676 0.084905 0.191753 4.865414e-07 0.00001117310 14.284324 0.178595 1.022247 4.656450 0.018235 1.000000 
4.655676 0.084905 0.231679 1.767118e-09 0.00001117310 14.284324 0.178595 0.982321 4.656450 0.018235 1.000000 
4.678742 0.085325 0.071973 3.546051e-09 0.00001122846 14.261258 0.178175 1.142027 4.679520 0.018235 1.000000 
4.678742 0.085325 0.111899 1.649298e-07 0.00001122846 14.261258 0.178175 1.102101 4.679520 0.018235 1.000000 
4.678742 0.085325 0.151826 4.826133e-07 0.00001122846 14.261258 0.178175 1.062174 4.679520 0.018235 1.000000 
4.678742 0.085325 0.191753 4.987914e-07 0.00001122846 14.261258 0.178175 1.022247 4.679520 0.018235 1.000000 
4.678742 0.085325 0.231679 1.242262e-08 0.00001122846 14.261258 0.178175 0.982321 4.679520 0.018235 1.000000 
4.701809 0.085746 0.111899 1.725823e-07 0.00001128382 14.238191 0.177754 1.102101 4.702591 0.018235 1.000000 
4.701809 0.085746 0.151826 4.841154e-07 0.00001128382 14.238191 0.177754 1.062174 4.702591 0.018235 1.000000 
4.701809 0.085746 0.191753 5.181492e-07 0.00001128382 14.238191 0.177754 1.022247 4.702591 0.018235 1.000000 
4.701809 0.085746 0.231679 1.959406e-08 0.00001128382 14.238191 0.177754 0.982321 4.702591 0.018235 1.000000 
4.724875 0.086167 0.111899 1.981190e-07 0.00001133918 14.215125 0.177333 1.102101 4.725661 0.018235 1.000000 
4.724875 0.086167 0.151826 4.732157e-07 0.00001133918 14.215125 0.177333 1.062174 4.725661 0.018235 1.000000 
4.724875 0.086167 0.191753 5.573586e-07 0.00001133918 14.215125 0.177333 1.022247 4.725661 0.018235 1.000000 
4.724875 0.086167 0.231679 3.217054e-08 0.00001133918 14.215125 0.177333 0.982321 4.725661 0.018235 1.000000 
4.747942 0.086587 0.111899 1.539941e-07 0.00001139453 14.192058 0.176913 1.102101 4.748731 0.018235 1.000000 
4.747942 0.086587 0.151826 4.945014e-07 0.00001139453 14.192058 0.176913 1.062174 4.748731 0.018235 1.000000 
4.747942 0.086587 0.191753 5.430329e-07 0.00001139453 14.192058 0.176913 1.022247 4.748731 0.018235 1.000000 
4.747942 0.086587 0.231679 5.198865e-08 0.00001139453 14.192058 0.176913 0.982321 4.748731 0.018235 1.000000 
4.771008 0.087008 0.111899 1.275463e-07 0.00001144989 14.168992 0.176492 1.102101 4.771802 0.018235 1.000000 
4.771008 0.087008 0.151826 5.050005e-07 0.00001144989 14.168992 0.176492 1.062174 4.771802 0.018235 1.000000 
4.771008 0.087008 0.191753 6.148967e-07 0.00001144989 14.168992 0.176492 1.022247 4.771802 0.018235 1.000000 
4.771008 0.087008 0.231679 7.373488e-08 0.00001144989 14.168992 0.176492 0.982321 4.771802 0.018235 1.000000 
4.794075 0.087428 0.111899 1.099563e-07 0.00001150525 14.145925 0.176072 1.102101 4.794872 0.018235 1.000000 
4.794075 0.087428 0.151826 4.850426e-07 0.00001150525 14.145925 0.176072 1.062174 4.794872 0.018235 1.000000 
4.794075 0.087428 0.191753 5.609549e-07 0.00001150525 14.145925 0.176072 1.022247 4.794872 0.018235 1.000000 
4.794075 0.087428 0.231679 8.118949e-08 0.00001150525 14.145925 0.176072 0.982321 4.794872 0.018235 1.000000 
4.817142 0.087849 0.111899 1.157361e-07 0.00001156060 14.122858 0.175651 1.102101 4.817943 0.018235 1.000000 
4.817142 0.087849 0.151826 4.540798e-07 0.00001156060 14.122858 0.175651 1.062174 4.817943 0.018235 1.000000 
4.817142 0.087849 0.191753 5.646329e-07 0.00001156060 14.122858 0.175651 1.022247 4.817943 0.018235 1.000000 
4.817142 0.087849 0.231679 7.059851e-08 0.00001156060 14.122858 0.175651 0.982321 4.817943 0.018235 1.000000 
4.840208 0.088270 0.111899 9.070908e-08 0.00001161596 14.099792 0.175230 1.102101 4.841013 0.018235 1.000000 
4.840208 0.088270 0.151826 4.046874e-07 0.00001161596 14.099792 0.175230 1.062174 4.841013 0.018235 1.000000 
4.840208 0.088270 0.191753 5.900895e-07 0.00001161596 14.099792 0.175230 1.022247 4.841013 0.018235 1.000000 
4.840208 0.088270 0.231679 1.216794e-07 0.00001161596 14.099792 0.175230 0.982321 4.841013 0.018235 1.000000 
4.863275 0.088690 0.111899 6.916504e-08 0.00001167132 14.076725 0.174810 1.102101 4.864083 0.018235 1.000000 
4.863275 0.088690 0.151826 4.297190e-07 0.00001167132 14.076725 0.174810 1.062174 4.864083 0.018235 1.000000 
4.863275 0.088690 0.191753 5.919990e-07 0.00001167132 14.076725 0.174810 1.022247 4.864083 0.018235 1.000000 
4.863275 0.088690 0.231679 1.311854e-07 0.00001167132 14.076725 0.174810 0.982321 4.864083 0.018235 1.000000 
4.886341 0.089111 0.111899 6.027006e-08 0.00001172667 14.053659 0.174389 1.102101 4.887154 0.018235 1.000000 
4.886341 0.089111 0.151826 4.548705e-07 0.00001172667 14.053659 0.174389 1.062174 4.887154 0.018235 1.000000 
4.886341 0.089111 0.191753 5.993869e-07 0.00001172667 14.053659 0.174389 1.022247 4.887154 0.018235 1.000000 
4.886341 0.089111 0.231679 1.535440e-07 0.00001172667 14.053659 0.174389 0.982321 4.887154 0.018235 1.000000 
4.909408 0.089532 0.111899 6.594491e-08 0.00001178203 14.030592 0.173968 1.102101 4.910224 0.018235 1.000000 
4.909408 0.089532 0.151826 3.720632e-07 0.00001178203 14.030592 0.173968 1.062174 4.910224 0.018235 1.000000 
4.909408 0.089532 0.191753 6.600740e-07 0.00001178203 14.030592 0.173968 1.022247 4.910224 0.018235 1.000000 
4.909408 0.089532 0.231679 1.871037e-07 0.00001178203 14.030592 0.173968 0.982321 4.910224 0.018235 1.000000 
4.932474 0.089952 0.111899 5.147979e-08 0.00001183739 14.007526 0.173548 1.102101 4.933294 0.018235 1.000000 
4.932474 0.089952 0.151826 4.173830e-07 0.00001183739 14.007526 0.173548 1.062174 4.933294 0.018235 1.000000 
4.932474 0.089952 0.191753 5.812204e-07 0.00001183739 14.007526 0.173548 1.022247 4.933294 0.018235 1.000000 
4.932474 0.089952 0.231679 1.968833e-07 0.00001183739 14.007526 0.173548 0.982321 4.933294 0.018235 1.000000 
4.955541 0.090373 0.111899 3.502984e-08 0.00001189275 13.984459 0.173127 1.102101 4.956365 0.018235 1.000000 
4.955541 0.090373 0.151826 4.187556e-07 0.00001189275 13.984459 0.173127 1.062174 4.956365 0.018235 1.000000 
4.955541 0.090373 0.191753 6.348089e-07 0.00001189275 13.984459 0.173127 1.022247 4.956365 0.018235 1.000000 
4.955541 0.090373 0.231679 2.510761e-07 0.00001189275 13.984459 0.173127 0.982321 4.956365 0.018235 1.000000 
4.978607 0.090794 0.111899 4.439443e-08 0.00001194810 13.961393 0.172706 1.102101 4.979435 0.018235 1.000000 
4.978607 0.090794 0.151826 3.757051e-07 0.00001194810 13.961393 0.172706 1.062174 4.979435 0.018235 1.000000 
4.978607 0.090794 0.191753 6.239694e-07 0.00001194810 13.961393 0.172706 1.022247 4.979435 0.018235 1.000000 
4.978607 0.090794 0.231679 2.407589e-07 0.00001194810 13.961393 0.172706 0.982321 4.979435 0.018235 1.000000 
5.001674 0.091214 0.111899 2.598248e-08 0.00001200346 13.938326 0.172286 1.102101 5.002506 0.018235 1.000000 
5.001674 0.091214 0.151826 3.398128e-07 0.00001200346 13.938326 0.172286 1.062174 5.002506 0.018235 1.000000 
5.001674 0.091214 0.191753 6.185937e-07 0.00001200346 13.938326 0.172286 1.022247 5.002506 0.018235 1.000000 
5.001674 0.091214 0.231679 2.843053e-07 0.00001200346 13.938326 0.172286 0.982321 5.002506 0.018235 1.000000 
5.024740 0.091635 0.111899 2.420953e-08 0.00001205882 13.915260 0.171865 1.102101 5.025576 0.018235 1.000000 
5.024740 0.091635 0.151826 3.186101e-07 0.00001205882 13.915260 0.171865 1.062174 5.025576 0.018235 1.000000 
5.024740 0.091635 0.191753 5.610245e-07 0.00001205882 13.915260 0.171865 1.022247 5.025576 0.018235 1.000000 
5.024740 0.091635 0.231679 2.460448e-07 0.00001205882 13.915260 0.171865 0.982321 5.025576 0.018235 1.000000 
5.047807 0.092056 0.111899 1.494685e-08 0.00001211417 13.892193 0.171444 1.102101 5.048646 0.018235 1.000000 
5.047807 0.092056 0.151826 3.420615e-07 0.00001211417 13.892193 0.171444 1.062174 5.048646 0.018235 1.000000 
5.047807 0.092056 0.191753 5.460125e-07 0.00001211417 13.892193 0.171444 1.022247 5.048646 0.018235 1.000000 
5.047807 0.092056 0.231679 3.460359e-07 0.00001211417 13.892193 0.171444 0.982321 5.048646 0.018235 1.000000 
5.070874 0.092476 0.111899 9.372314e-09 0.00001216953 13.869126 0.171024 1.102101 5.071717 0.018235 1.000000 
5.070874 0.092476 0.151826 3.038364e-07 0.00001216953 13.869126 0.171024 1.062174 5.071717 0.018235 1.000000 
5.070874 0.092476 0.191753 5.740719e-07 0.00001216953 13.869126 0.171024 1.022247 5.071717 0.018235 1.000000 
5.070874 0.092476 0.231679 3.659236e-07 0.00001216953 13.869126 0.171024 0.982321 5.071717 0.018235 1.000000 
5.093940 0.092897 0.111899 9.400367e-09 0.00001222489 13.846060 0.170603 1.102101 5.094787 0.018235 1.000000 
5.093940 0.092897 0.151826 2.539934e-07 0.00001222489 13.846060 0.170603 1.062174 5.094787 0.018235 1.000000 
5.093940 0.092897 0.191753 6.287555e-07 0.00001222489 13.846060 0.170603 1.022247 5.094787 0.018235 1.000000 
5.093940 0.092897 0.231679 3.596755e-07 0.00001222489 13.846060 0.170603 0.982321 5.094787 0.018235 1.000000 
5.117007 0.093318 0.111899 1.886305e-09 0.00001228025 13.822993 0.170182 1.102101 5.117857 0.018235 1.000000 
5.117007 0.093318 0.151826 2.662086e-07 0.00001228025 13.822993 0.170182 1.062174 5.117857 0.018235 1.000000 
5.117007 0.093318 0.191753 5.873407e-07 0.00001228025 13.822993 0.170182 1.022247 5.117857 0.018235 1.000000 
5.117007 0.093318 0.231679 3.910341e-07 0.00001228025 13.822993 0.170182 0.982321 5.117857 0.018235 1.000000 
5.140073 0.093738 0.111899 5.684241e-09 0.00001233560 13.799927 0.169762 1.102101 5.140928 0.018235 1.000000 
5.140073 0.093738 0.151826 2.291928e-07 0.00001233560 13.799927 0.169762 1.062174 5.140928 0.018235 1.000000 
5.140073 0.093738 0.191753 5.836154e-07 0.00001233560 13.799927 0.169762 1.022247 5.140928 0.018235 1.000000 
5.140073 0.093738 0.231679 4.264966e-07 0.00001233560 13.799927 0.169762 0.982321 5.140928 0.018235 1.000000 
5.163140 0.094159 0.111899 1.901869e-09 0.00001239096 13.776860 0.169341 1.102101 5.163998 0.018235 1.000000 
5.163140 0.094159 0.151826 2.318473e-07 0.00001239096 13.776860 0.169341 1.062174 5.163998 0.018235 1.000000 
5.163140 0.094159 0.191753 5.494498e-07 0.00001239096 13.776860 0.169341 1.022247 5.163998 0.018235 1.000000 
5.163140 0.094159 0.231679 4.583628e-07 0.00001239096 13.776860 0.169341 0.982321 5.163998 0.018235 1.000000 
5.186206 0.094580 0.151826 2.192877e-07 0.00001244632 13.753794 0.168920 1.062174 5.187069 0.018235 1.000000 
5.186206 0.094580 0.191753 5.760515e-07 0.00001244632 13.753794 0.168920 1.022247 5.187069 0.018235 1.000000 
5.186206 0.094580 0.231679 4.618440e-07 0.00001244632 13.753794 0.168920 0.982321 5.187069 0.018235 1.000000 
5.209273 0.095000 0.151826 1.817429e-07 0.00001250167 13.730727 0.168500 1.062174 5.210139 0.018235 1.000000 
5.209273 0.095000 0.191753 6.010242e-07 0.00001250167 13.730727 0.168500 1.022247 5.210139 0.018235 1.000000 
5.209273 0.095000 0.231679 4.882576e-07 0.00001250167 13.730727 0.168500 0.982321 5.210139 0.018235 1.000000 
5.232339 0.095421 0.151826 1.573921e-07 0.00001255703 13.707661 0.168079 1.062174 5.233209 0.018235 1.000000 
5.232339 0.095421 0.191753 5.300344e-07 0.00001255703 13.707661 0.168079 1.022247 5.233209 0.018235 1.000000 
5.232339 0.095421 0.231679 4.360763e-07 0.00001255703 13.707661 0.168079 0.982321 5.233209 0.018235 1.000000 
5.255406 0.095842 0.151826 2.041221e-07 0.00001261239 13.684594 0.167658 1.062174 5.256280 0.018235 1.000000 
5.255406 0.095842 0.191753 5.298673e-07 0.00001261239 13.684594 0.167658 1.022247 5.256280 0.018235 1.000000 
5.255406 0.095842 0.231679 5.570892e-07 0.00001261239 13.684594 0.167658 0.982321 5.256280 0.018235 1.000000 
5.255406 0.095842 0.271606 7.714843e-09 0.00001261239 13.684594 0.167658 0.942394 5.256280 0.018235 1.000000 
5.278472 0.096262 0.151826 1.236866e-07 0.00001266775 13.661528 0.167238 1.062174 5.279350 0.018235 1.000000 
5.278472 0.096262 0.191753 5.394044e-07 0.00001266775 13.661528 0.167238 1.022247 5.279350 0.018235 1.000000 
5.278472 0.096262 0.231679 5.666972e-07 0.00001266775 13.661528 0.167238 0.982321 5.279350 0.018235 1.000000 
5.278472 0.096262 0.271606 1.934619e-08 0.00001266775 13.661528 0.167238 0.942394 5.279350 0.018235 1.000000 
5.301539 0.096683 0.151826 1.299279e-07 0.00001272310 13.638461 0.166817 1.062174 5.302421 0.018235 1.000000 
5.301539 0.096683 0.191753 5.703853e-07 0.00001272310 13.638461 0.166817 1.022247 5.302421 0.018235 1.000000 
5.301539 0.096683 0.231679 5.995888e-07 0.00001272310 13.638461 0.166817 0.982321 5.302421 0.018235 1.000000 
5.301539 0.096683 0.271606 2.718021e-08 0.00001272310 13.638461 0.166817 0.942394 5.302421 0.018235 1.000000 
5.324606 0.097104 0.151826 9.920852e-08 0.00001277846 13.615394 0.166396 1.062174 5.325491 0.018235 1.000000 
5.324606 0.097104 0.191753 5.158031e-07 0.00001277846 13.615394 0.166396 1.022247 5.325491 0.018235 1.000000 
5.324606 0.097104 0.231679 6.250463e-07 0.00001277846 13.615394 0.166396 0.982321 5.325491 0.018235 1.000000 
5.324606 0.097104 0.271606 4.284968e-08 0.00001277846 13.615394 0.166396 0.942394 5.325491 0.018235 1.000000 
5.347672 0.097524 0.151826 1.015264e-07 0.00001283382 13.592328 0.165976 1.062174 5.348561 0.018235 1.000000 
5.347672 0.097524 0.191753 4.941035e-07 0.00001283382 13.592328 0.165976 1.022247 5.348561 0.018235 1.000000 
5.347672 0.097524 0.231679 5.879880e-07 0.00001283382 13.592328 0.165976 0.982321 5.348561 0.018235 1.000000 
5.347672 0.097524 0.271606 5.276976e-08 0.00001283382 13.592328 0.165976 0.942394 5.348561 0.018235 1.000000 
5.370739 0.097945 0.151826 4.896689e-08 0.00001288917 13.569261 0.165555 1.062174 5.371632 0.018235 1.000000 
5.370739 0.097945 0.191753 4.781431e-07 0.00001288917 13.569261 0.165555 1.022247 5.371632 0.018235 1.000000 
5.370739 0.097945 0.231679 5.704513e-07 0.00001288917 13.569261 0.165555 0.982321 5.371632 0.018235 1.000000 
5.370739 0.097945 0.271606 7.450342e-08 0.00001288917 13.569261 0.165555 0.942394 5.371632 0.018235 1.000000 
5.393805 0.098366 0.151826 4.913098e-08 0.00001294453 13.546195 0.165134 1.062174 5.394702 0.018235 1.000000 
5.393805 0.098366 0.191753 4.719083e-07 0.00001294453 13.546195 0.165134 1.022247 5.394702 0.018235 1.000000 
5.393805 0.098366 0.231679 6.077781e-07 0.00001294453 13.546195 0.165134 0.982321 5.394702 0.018235 1.000000 
5.393805 0.098366 0.271606 7.871254e-08 0.00001294453 13.546195 0.165134 0.942394 5.394702 0.018235 1.000000 
5.416872 0.098786 0.151826 6.114603e-08 0.00001299989 13.523128 0.164714 1.062174 5.417772 0.018235 1.000000 
5.416872 0.098786 0.191753 4.655837e-07 0.00001299989 13.523128 0.164714 1.022247 5.417772 0.018235 1.000000 
5.416872 0.098786 0.231679 6.256912e-07 0.00001299989 13.523128 0.164714 0.982321 5.417772 0.018235 1.000000 
5.416872 0.098786 0.271606 1.184710e-07 0.00001299989 13.523128 0.164714 0.942394 5.417772 0.018235 1.000000 
5.439938 0.099207 0.151826 6.925336e-08 0.00001305525 13.500062 0.164293 1.062174 5.440843 0.018235 1.000000 
5.439938 0.099207 0.191753 4.058022e-07 0.00001305525 13.500062 0.164293 1.022247 5.440843 0.018235 1.000000 
5.439938 0.099207 0.231679 6.554676e-07 0.00001305525 13.500062 0.164293 0.982321 5.440843 0.018235 1.000000 
5.439938 0.099207 0.271606 1.228422e-07 0.00001305525 13.500062 0.164293 0.942394 5.440843 0.018235 1.000000 
5.463005 0.099628 0.151826 2.978893e-08 0.00001311060 13.476995 0.163872 1.062174 5.463913 0.018235 1.000000 
5.463005 0.099628 0.191753 4.032458e-07 0.00001311060 13.476995 0.163872 1.022247 5.463913 0.018235 1.000000 
5.463005 0.099628 0.231679 6.279247e-07 0.00001311060 13.476995 0.163872 0.982321 5.463913 0.018235 1.000000 
5.463005 0.099628 0.271606 1.510943e-07 0.00001311060 13.476995 0.163872 0.942394 5.463913 0.018235 1.000000 
5.486071 0.100048 0.151826 2.590517e-08 0.00001316596 13.453929 0.163452 1.062174 5.486984 0.018235 1.000000 
5.486071 0.100048 0.191753 3.906311e-07 0.00001316596 13.453929 0.163452 1.022247 5.486984 0.018235 1.000000 
5.486071 0.100048 0.231679 5.962736e-07 0.00001316596 13.453929 0.163452 0.982321 5.486984 0.018235 1.000000 
5.486071 0.100048 0.271606 1.914783e-07 0.00001316596 13.453929 0.163452 0.942394 5.486984 0.018235 1.000000 
5.509138 0.100469 0.151826 2.399149e-08 0.00001322132 13.430862 0.163031 1.062174 5.510054 0.018235 1.000000 
5.509138 0.100469 0.191753 3.919846e-07 0.00001322132 13.430862 0.163031 1.022247 5.510054 0.018235 1.000000 
5.509138 0.100469 0.231679 6.882589e-07 0.00001322132 13.430862 0.163031 0.982321 5.510054 0.018235 1.000000 
5.509138 0.100469 0.271606 2.061396e-07 0.00001322132 13.430862 0.163031 0.942394 5.510054 0.018235 1.000000 
5.532204 0.100890 0.151826 2.005948e-08 0.00001327667 13.407796 0.162610 1.062174 5.533124 0.018235 1.000000 
5.532204 0.100890 0.191753 3.852702e-07 0.00001327667 13.407796 0.162610 1.022247 5.533124 0.018235 1.000000 
5.532204 0.100890 0.231679 6.244316e-07 0.00001327667 13.407796 0.162610 0.982321 5.533124 0.018235 1.000000 
5.532204 0.100890 0.271606 2.228923e-07 0.00001327667 13.407796 0.162610 0.942394 5.533124 0.018235 1.000000 
5.555271 0.101310 0.151826 1.609873e-08 0.00001333203 13.384729 0.162190 1.062174 5.556195 0.018235 1.000000 
5.555271 0.101310 0.191753 3.443610e-07 0.00001333203 13.384729 0.162190 1.022247 5.556195 0.018235 1.000000 
5.555271 0.101310 0.231679 6.446973e-07 0.00001333203 13.384729 0.162190 0.982321 5.556195 0.018235 1.000000 
5.555271 0.101310 0.271606 2.377938e-07 0.00001333203 13.384729 0.162190 0.942394 5.556195 0.018235 1.000000 
5.578338 0.101731 0.151826 8.072304e-09 0.00001338739 13.361662 0.161769 1.062174 5.579265 0.018235 1.000000 
5.578338 0.101731 0.191753 3.071347e-07 0.00001338739 13.361662 0.161769 1.022247 5.579265 0.018235 1.000000 
5.578338 0.101731 0.231679 6.428337e-07 0.00001338739 13.361662 0.161769 0.982321 5.579265 0.018235 1.000000 
5.578338 0.101731 0.271606 2.668972e-07 0.00001338739 13.361662 0.161769 0.942394 5.579265 0.018235 1.000000 
5.601404 0.102152 0.151826 4.051613e-09 0.00001344275 13.338596 0.161348 1.062174 5.602335 0.018235 1.000000 
5.601404 0.102152 0.191753 2.554869e-07 0.00001344275 13.338596 0.161348 1.022247 5.602335 0.018235 1.000000 
5.601404 0.102152 0.231679 6.247840e-07 0.00001344275 13.338596 0.161348 0.982321 5.602335 0.018235 1.000000 
5.601404 0.102152 0.271606 2.901310e-07 0.00001344275 13.338596 0.161348 0.942394 5.602335 0.018235 1.000000 
5.624471 0.102572 0.191753 2.360003e-07 0.00001349810 13.315529 0.160928 1.022247 5.625406 0.018235 1.000000 
5.624471 0.102572 0.231679 7.021444e-07 0.00001349810 13.315529 0.160928 0.982321 5.625406 0.018235 1.000000 
5.624471 0.102572 0.271606 3.339183e-07 0.00001349810 13.315529 0.160928 0.942394 5.625406 0.018235 1.000000 
5.647537 0.102993 0.151826 2.041685e-09 0.00001355346 13.292463 0.160507 1.062174 5.648476 0.018235 1.000000 
5.647537 0.102993 0.191753 2.593036e-07 0.00001355346 13.292463 0.160507 1.022247 5.648476 0.018235 1.000000 
5.647537 0.102993 0.231679 6.454194e-07 0.00001355346 13.292463 0.160507 0.982321 5.648476 0.018235 1.000000 
5.647537 0.102993 0.271606 3.534662e-07 0.00001355346 13.292463 0.160507 0.942394 5.648476 0.018235 1.000000 
5.670604 0.103414 0.151826 2.045425e-09 0.00001360882 13.269396 0.160086 1.062174 5.671547 0.018235 1.000000 
5.670604 0.103414 0.191753 2.478845e-07 0.00001360882 13.269396 0.160086 1.022247 5.671547 0.018235 1.000000 
5.670604 0.103414 0.231679 6.538191e-07 0.00001360882 13.269396 0.160086 0.982321 5.671547 0.018235 1.000000 
5.670604 0.103414 0.271606 3.588266e-07 0.00001360882 13.269396 0.160086 0.942394 5.671547 0.018235 1.000000 
5.693670 0.103834 0.151826 2.055577e-09 0.00001366417 13.246330 0.159666 1.062174 5.694617 0.018235 1.000000 
5.693670 0.103834 0.191753 2.466956e-07 0.00001366417 13.246330 0.159666 1.022247 5.694617 0.018235 1.000000 
5.693670 0.103834 0.231679 5.594167e-07 0.00001366417 13.246330 0.159666 0.982321 5.694617 0.018235 1.000000 
5.693670 0.103834 0.271606 4.218020e-07 0.00001366417 13.246330 0.159666 0.942394 5.694617 0.018235 1.000000 
5.716737 0.104255 0.191753 1.794950e-07 0.00001371953 13.223263 0.159245 1.022247 5.717687 0.018235 1.000000 
5.716737 0.104255 0.231679 6.232385e-07 0.00001371953 13.223263 0.159245 0.982321 5.717687 0.018235 1.000000 
5.716737 0.104255 0.271606 4.005258e-07 0.00001371953 13.223263 0.159245 0.942394 5.717687 0.018235 1.000000 
5.739803 0.104676 0.191753 1.718236e-07 0.00001377489 13.200197 0.158824 1.022247 5.740758 0.018235 1.000000 
5.739803 0.104676 0.231679 6.254539e-07 0.00001377489 13.200197 0.158824 0.982321 5.740758 0.018235 1.000000 
5.739803 0.104676 0.271606 4.682037e-07 0.00001377489 13.200197 0.158824 0.942394 5.740758 0.018235 1.000000 
5.762870 0.105096 0.191753 1.350273e-07 0.00001383025 13.177130 0.158404 1.022247 5.763828 0.018235 1.000000 
5.762870 0.105096 0.231679 6.130661e-07 0.00001383025 13.177130 0.158404 0.982321 5.763828 0.018235 1.000000 
5.762870 0.105096 0.271606 4.595056e-07 0.00001383025 13.177130 0.158404 0.942394 5.763828 0.018235 1.000000 
5.785936 0.105517 0.191753 1.209205e-07 0.00001388560 13.154064 0.157983 1.022247 5.786899 0.018235 1.000000 
5.785936 0.105517 0.231679 5.464506e-07 0.00001388560 13.154064 0.157983 0.982321 5.786899 0.018235 1.000000 
5.785936 0.105517 0.271606 5.027286e-07 0.00001388560 13.154064 0.157983 0.942394 5.786899 0.018235 1.000000 
5.809003 0.105937 0.191753 1.297219e-07 0.00001394096 13.130997 0.157563 1.022247 5.809969 0.018235 1.000000 
5.809003 0.105937 0.231679 5.377982e-07 0.00001394096 13.130997 0.157563 0.982321 5.809969 0.018235 1.000000 
5.809003 0.105937 0.271606 5.296980e-07 0.00001394096 13.130997 0.157563 0.942394 5.809969 0.018235 1.000000 
5.809003 0.105937 0.311532 2.094766e-09 0.00001394096 13.130997 0.157563 0.902468 5.809969 0.018235 1.000000 
5.832070 0.106358 0.191753 9.236106e-08 0.00001399632 13.107930 0.157142 1.022247 5.833039 0.018235 1.000000 
5.832070 0.106358 0.231679 4.934721e-07 0.00001399632 13.107930 0.157142 0.982321 5.833039 0.018235 1.000000 
5.832070 0.106358 0.271606 5.672700e-07 0.00001399632 13.107930 0.157142 0.942394 5.833039 0.018235 1.000000 
5.832070 0.106358 0.311532 6.311652e-09 0.00001399632 13.107930 0.157142 0.902468 5.833039 0.018235 1.000000 
5.855136 0.106779 0.191753 6.951857e-08 0.00001405167 13.084864 0.156721 1.022247 5.856110 0.018235 1.000000 
5.855136 0.106779 0.231679 5.057975e-07 0.00001405167 13.084864 0.156721 0.982321 5.856110 0.018235 1.000000 
5.855136 0.106779 0.271606 6.724853e-07 0.00001405167 13.084864 0.156721 0.942394 5.856110 0.018235 1.000000 
5.855136 0.106779 0.311532 8.435667e-09 0.00001405167 13.084864 0.156721 0.902468 5.856110 0.018235 1.000000 
5.878203 0.107199 0.191753 8.456128e-08 0.00001410703 13.061797 0.156301 1.022247 5.879180 0.018235 1.000000 
5.878203 0.107199 0.231679 5.477501e-07 0.00001410703 13.061797 0.156301 0.982321 5.879180 0.018235 1.000000 
5.878203 0.107199 0.271606 5.882108e-07 0.00001410703 13.061797 0.156301 0.942394 5.879180 0.018235 1.000000 
5.878203 0.107199 0.311532 1.481440e-08 0.00001410703 13.061797 0.156301 0.902468 5.879180 0.018235 1.000000 
5.901269 0.107620 0.191753 7.213368e-08 0.00001416239 13.038731 0.155880 1.022247 5.902250 0.018235 1.000000 
5.901269 0.107620 0.231679 5.433477e-07 0.00001416239 13.038731 0.155880 0.982321 5.902250 0.018235 1.000000 
5.901269 0.107620 0.271606 6.751091e-07 0.00001416239 13.038731 0.155880 0.942394 5.902250 0.018235 1.000000 
5.901269 0.107620 0.311532 3.823625e-08 0.00001416239 13.038731 0.155880 0.902468 5.902250 0.018235 1.000000 
5.924336 0.108041 0.191753 4.896349e-08 0.00001421775 13.015664 0.155459 1.022247 5.925321 0.018235 1.000000 
5.924336 0.108041 0.231679 4.728149e-07 0.00001421775 13.015664 0.155459 0.982321 5.925321 0.018235 1.000000 
5.924336 0.108041 0.271606 6.392633e-07 0.00001421775 13.015664 0.155459 0.942394 5.925321 0.018235 1.000000 
5.924336 0.108041 0.311532 6.181695e-08 0.00001421775 13.015664 0.155459 0.902468 5.925321 0.018235 1.000000 
5.947402 0.108461 0.191753 3.417294e-08 0.00001427310 12.992598 0.155039 1.022247 5.948391 0.018235 1.000000 
5.947402 0.108461 0.231679 4.616421e-07 0.00001427310 12.992598 0.155039 0.982321 5.948391 0.018235 1.000000 
5.947402 0.108461 0.271606 6.863489e-07 0.00001427310 12.992598 0.155039 0.942394 5.948391 0.018235 1.000000 
5.947402 0.108461 0.311532 7.485925e-08 0.00001427310 12.992598 0.155039 0.902468 5.948391 0.018235 1.000000 
5.970469 0.108882 0.191753 3.001570e-08 0.00001432846 12.969531 0.154618 1.022247 5.971462 0.018235 1.000000 
5.970469 0.108882 0.231679 4.374925e-07 0.00001432846 12.969531 0.154618 0.982321 5.971462 0.018235 1.000000 
5.970469 0.108882 0.271606 7.080925e-07 0.00001432846 12.969531 0.154618 0.942394 5.971462 0.018235 1.000000 
5.970469 0.108882 0.311532 1.052019e-07 0.00001432846 12.969531 0.154618 0.902468 5.971462 0.018235 1.000000 
5.993535 0.109303 0.191753 2.582002e-08 0.00001438382 12.946465 0.154197 1.022247 5.994532 0.018235 1.000000 
5.993535 0.109303 0.231679 4.240297e-07 0.00001438382 12.946465 0.154197 0.982321 5.994532 0.018235 1.000000 
5.993535 0.109303 0.271606 6.567724e-07 0.00001438382 12.946465 0.154197 0.942394 5.994532 0.018235 1.000000 
5.993535 0.109303 0.311532 9.906917e-08 0.00001438382 12.946465 0.154197 0.902468 5.994532 0.018235 1.000000 
6.016602 0.109723 0.191753 2.160984e-08 0.00001443917 12.923398 0.153777 1.022247 6.017602 0.018235 1.000000 
6.016602 0.109723 0.231679 4.471682e-07 0.00001443917 12.923398 0.153777 0.982321 6.017602 0.018235 1.000000 
6.016602 0.109723 0.271606 6.785664e-07 0.00001443917 12.923398 0.153777 0.942394 6.017602 0.018235 1.000000 
6.016602 0.109723 0.311532 1.643284e-07 0.00001443917 12.923398 0.153777 0.902468 6.017602 0.018235 1.000000 
6.039668 0.110144 0.191753 1.516397e-08 0.00001449453 12.900332 0.153356 1.022247 6.040673 0.018235 1.000000 
6.039668 0.110144 0.231679 3.967318e-07 0.00001449453 12.900332 0.153356 0.982321 6.040673 0.018235 1.000000 
6.039668 0.110144 0.271606 7.047882e-07 0.00001449453 12.900332 0.153356 0.942394 6.040673 0.018235 1.000000 
6.039668 0.110144 0.311532 1.431734e-07 0.00001449453 12.900332 0.153356 0.902468 6.040673 0.018235 1.000000 
6.062735 0.110565 0.191753 8.698711e-09 0.00001454989 12.877265 0.152935 1.022247 6.063743 0.018235 1.000000 
6.062735 0.110565 0.231679 3.285471e-07 0.00001454989 12.877265 0.152935 0.982321 6.063743 0.018235 1.000000 
6.062735 0.110565 0.271606 6.878038e-07 0.00001454989 12.877265 0.152935 0.942394 6.063743 0.018235 1.000000 
6.062735 0.110565 0.311532 1.567968e-07 0.00001454989 12.877265 0.152935 0.902468 6.063743 0.018235 1.000000 
6.085802 0.110985 0.191753 4.367579e-09 0.00001460525 12.854198 0.152515 1.022247 6.086813 0.018235 1.000000 
6.085802 0.110985 0.231679 3.056509e-07 0.00001460525 12.854198 0.152515 0.982321 6.086813 0.018235 1.000000 
6.085802 0.110985 0.271606 6.334217e-07 0.00001460525 12.854198 0.152515 0.942394 6.086813 0.018235 1.000000 
6.085802 0.110985 0.311532 1.944402e-07 0.00001460525 12.854198 0.152515 0.902468 6.086813 0.018235 1.000000 
6.108868 0.111406 0.231679 2.717119e-07 0.00001466060 12.831132 0.152094 0.982321 6.109884 0.018235 1.000000 
6.108868 0.111406 0.271606 6.554375e-07 0.00001466060 12.831132 0.152094 0.942394 6.109884 0.018235 1.000000 
6.108868 0.111406 0.311532 2.499687e-07 0.00001466060 12.831132 0.152094 0.902468 6.109884 0.018235 1.000000 
6.131935 0.111827 0.191753 2.198310e-09 0.00001471596 12.808065 0.151673 1.022247 6.132954 0.018235 1.000000 
6.131935 0.111827 0.231679 2.770385e-07 0.00001471596 12.808065 0.151673 0.982321 6.132954 0.018235 1.000000 
6.131935 0.111827 0.271606 6.930444e-07 0.00001471596 12.808065 0.151673 0.942394 6.132954 0.018235 1.000000 
6.131935 0.111827 0.311532 2.508793e-07 0.00001471596 12.808065 0.151673 0.902468 6.132954 0.018235 1.000000 
6.155001 0.112247 0.191753 2.205506e-09 0.00001477132 12.784999 0.151253 1.022247 6.156025 0.018235 1.000000 
6.155001 0.112247 0.231679 2.714491e-07 0.00001477132 12.784999 0.151253 0.982321 6.156025 0.018235 1.000000 
6.155001 0.112247 0.271606 6.491586e-07 0.00001477132 12.784999 0.151253 0.942394 6.156025 0.018235 1.000000 
6.155001 0.112247 0.311532 2.627967e-07 0.00001477132 12.784999 0.151253 0.902468 6.156025 0.018235 1.000000 
6.178068 0.112668 0.231679 2.391929e-07 0.00001482667 12.761932 0.150832 0.982321 6.179095 0.018235 1.000000 
6.178068 0.112668 0.271606 6.802250e-07 0.00001482667 12.761932 0.150832 0.942394 6.179095 0.018235 1.000000 
6.178068 0.112668 0.311532 3.014697e-07 0.00001482667 12.761932 0.150832 0.902468 6.179095 0.018235 1.000000 
6.201134 0.113089 0.231679 2.378434e-07 0.00001488203 12.738866 0.150411 0.982321 6.202165 0.018235 1.000000 
6.201134 0.113089 0.271606 6.494330e-07 0.00001488203 12.738866 0.150411 0.942394 6.202165 0.018235 1.000000 
6.201134 0.113089 0.311532 2.869828e-07 0.00001488203 12.738866 0.150411 0.902468 6.202165 0.018235 1.000000 
6.224201 0.113509 0.231679 1.494778e-07 0.00001493739 12.715799 0.149991 0.982321 6.225236 0.018235 1.000000 
6.224201 0.113509 0.271606 5.824553e-07 0.00001493739 12.715799 0.149991 0.942394 6.225236 0.018235 1.000000 
6.224201 0.113509 0.311532 3.415815e-07 0.00001493739 12.715799 0.149991 0.902468 6.225236 0.018235 1.000000 
6.247267 0.113930 0.231679 1.835805e-07 0.00001499275 12.692733 0.149570 0.982321 6.248306 0.018235 1.000000 
6.247267 0.113930 0.271606 6.451423e-07 0.00001499275 12.692733 0.149570 0.942394 6.248306 0.018235 1.000000 
6.247267 0.113930 0.311532 3.832087e-07 0.00001499275 12.692733 0.149570 0.902468 6.248306 0.018235 1.000000 
6.270334 0.114351 0.231679 1.280869e-07 0.00001504810 12.669666 0.149149 0.982321 6.271377 0.018235 1.000000 
6.270334 0.114351 0.271606 6.069552e-07 0.00001504810 12.669666 0.149149 0.942394 6.271377 0.018235 1.000000 
6.270334 0.114351 0.311532 4.070588e-07 0.00001504810 12.669666 0.149149 0.902468 6.271377 0.018235 1.000000 
6.293400 0.114771 0.231679 1.330505e-07 0.00001510346 12.646600 0.148729 0.982321 6.294447 0.018235 1.000000 
6.293400 0.114771 0.271606 6.249353e-07 0.00001510346 12.646600 0.148729 0.942394 6.294447 0.018235 1.000000 
6.293400 0.114771 0.311532 4.694485e-07 0.00001510346 12.646600 0.148729 0.902468 6.294447 0.018235 1.000000 
6.316467 0.115192 0.231679 1.109165e-07 0.00001515882 12.623533 0.148308 0.982321 6.317517 0.018235 1.000000 
6.316467 0.115192 0.271606 5.842128e-07 0.00001515882 12.623533 0.148308 0.942394 6.317517 0.018235 1.000000 
6.316467 0.115192 0.311532 4.599162e-07 0.00001515882 12.623533 0.148308 0.902468 6.317517 0.018235 1.000000 
6.339534 0.115613 0.231679 1.135794e-07 0.00001521417 12.600466 0.147887 0.982321 6.340588 0.018235 1.000000 
6.339534 0.115613 0.271606 5.726876e-07 0.00001521417 12.600466 0.147887 0.942394 6.340588 0.018235 1.000000 
6.339534 0.115613 0.311532 5.411523e-07 0.00001521417 12.600466 0.147887 0.902468 6.340588 0.018235 1.000000 
6.362600 0.116033 0.231679 6.613535e-08 0.00001526953 12.577400 0.147467 0.982321 6.363658 0.018235 1.000000 
6.362600 0.116033 0.271606 5.839089e-07 0.00001526953 12.577400 0.147467 0.942394 6.363658 0.018235 1.000000 
6.362600 0.116033 0.311532 5.042941e-07 0.00001526953 12.577400 0.147467 0.902468 6.363658 0.018235 1.000000 
6.385667 0.116454 0.231679 9.154998e-08 0.00001532489 12.554333 0.147046 0.982321 6.386728 0.018235 1.000000 
6.385667 0.116454 0.271606 5.700329e-07 0.00001532489 12.554333 0.147046 0.942394 6.386728 0.018235 1.000000 
6.385667 0.116454 0.311532 5.588288e-07 0.00001532489 12.554333 0.147046 0.902468 6.386728 0.018235 1.000000 
6.408733 0.116875 0.231679 5.971099e-08 0.00001538025 12.531267 0.146625 0.982321 6.409799 0.018235 1.000000 
6.408733 0.116875 0.271606 4.916585e-07 0.00001538025 12.531267 0.146625 0.942394 6.409799 0.018235 1.000000 
6.408733 0.116875 0.311532 5.907646e-07 0.00001538025 12.531267 0.146625 0.902468 6.409799 0.018235 1.000000 
6.408733 0.116875 0.351459 2.302779e-09 0.00001538025 12.531267 0.146625 0.862541 6.409799 0.018235 1.000000 
6.431800 0.117295 0.231679 2.765878e-08 0.00001543560 12.508200 0.146205 0.982321 6.432869 0.018235 1.000000 
6.431800 0.117295 0.271606 5.165605e-07 0.00001543560 12.508200 0.146205 0.942394 6.432869 0.018235 1.000000 
6.431800 0.117295 0.311532 5.860359e-07 0.00001543560 12.508200 0.146205 0.902468 6.432869 0.018235 1.000000 
6.431800 0.117295 0.351459 6.927182e-09 0.00001543560 12.508200 0.146205 0.862541 6.432869 0.018235 1.000000 
6.454866 0.117716 0.231679 1.389333e-08 0.00001549096 12.485134 0.145784 0.982321 6.455940 0.018235 1.000000 
6.454866 0.117716 0.271606 5.161793e-07 0.00001549096 12.485134 0.145784 0.942394 6.455940 0.018235 1.000000 
6.454866 0.117716 0.311532 6.599553e-07 0.00001549096 12.485134 0.145784 0.902468 6.455940 0.018235 1.000000 
6.454866 0.117716 0.351459 6.955535e-09 0.00001549096 12.485134 0.145784 0.862541 6.455940 0.018235 1.000000 
6.477933 0.118137 0.231679 1.857948e-08 0.00001554632 12.462067 0.145363 0.982321 6.479010 0.018235 1.000000 
6.477933 0.118137 0.271606 4.669673e-07 0.00001554632 12.462067 0.145363 0.942394 6.479010 0.018235 1.000000 
6.477933 0.118137 0.311532 7.297531e-07 0.00001554632 12.462067 0.145363 0.902468 6.479010 0.018235 1.000000 
6.477933 0.118137 0.351459 2.092588e-08 0.00001554632 12.462067 0.145363 0.862541 6.479010 0.018235 1.000000 
6.500999 0.118557 0.231679 2.330541e-08 0.00001560167 12.439001 0.144943 0.982321 6.502080 0.018235 1.000000 
6.500999 0.118557 0.271606 4.383170e-07 0.00001560167 12.439001 0.144943 0.942394 6.502080 0.018235 1.000000 
6.500999 0.118557 0.311532 6.555873e-07 0.00001560167 12.439001 0.144943 0.902468 6.502080 0.018235 1.000000 
6.500999 0.118557 0.351459 3.501191e-08 0.00001560167 12.439001 0.144943 0.862541 6.502080 0.018235 1.000000 
6.524066 0.118978 0.231679 1.169837e-08 0.00001565703 12.415934 0.144522 0.982321 6.525151 0.018235 1.000000 
6.524066 0.118978 0.271606 3.813972e-07 0.00001565703 12.415934 0.144522 0.942394 6.525151 0.018235 1.000000 
6.524066 0.118978 0.311532 7.117467e-07 0.00001565703 12.415934 0.144522 0.902468 6.525151 0.018235 1.000000 
6.524066 0.118978 0.351459 5.621231e-08 0.00001565703 12.415934 0.144522 0.862541 6.525151 0.018235 1.000000 
6.547132 0.119399 0.231679 4.694385e-09 0.00001571239 12.392868 0.144101 0.982321 6.548221 0.018235 1.000000 
6.547132 0.119399 0.271606 4.415918e-07 0.00001571239 12.392868 0.144101 0.942394 6.548221 0.018235 1.000000 
6.547132 0.119399 0.311532 7.308470e-07 0.00001571239 12.392868 0.144101 0.902468 6.548221 0.018235 1.000000 
6.547132 0.119399 0.351459 6.583956e-08 0.00001571239 12.392868 0.144101 0.862541 6.548221 0.018235 1.000000 
6.570199 0.119819 0.231679 7.068909e-09 0.00001576775 12.369801 0.143681 0.982321 6.571292 0.018235 1.000000 
6.570199 0.119819 0.271606 3.465728e-07 0.00001576775 12.369801 0.143681 0.942394 6.571292 0.018235 1.000000 
6.570199 0.119819 0.311532 6.793494e-07 0.00001576775 12.369801 0.143681 0.902468 6.571292 0.018235 1.000000 
6.570199 0.119819 0.351459 8.965122e-08 0.00001576775 12.369801 0.143681 0.862541 6.571292 0.018235 1.000000 
6.593266 0.120240 0.231679 7.095305e-09 0.00001582310 12.346734 0.143260 0.982321 6.594362 0.018235 1.000000 
6.593266 0.120240 0.271606 4.141994e-07 0.00001582310 12.346734 0.143260 0.942394 6.594362 0.018235 1.000000 
6.593266 0.120240 0.311532 7.457784e-07 0.00001582310 12.346734 0.143260 0.902468 6.594362 0.018235 1.000000 
6.593266 0.120240 0.351459 1.160601e-07 0.00001582310 12.346734 0.143260 0.862541 6.594362 0.018235 1.000000 
6.616332 0.120661 0.231679 2.375127e-09 0.00001587846 12.323668 0.142839 0.982321 6.617432 0.018235 1.000000 
6.616332 0.120661 0.271606 2.850186e-07 0.00001587846 12.323668 0.142839 0.942394 6.617432 0.018235 1.000000 
6.616332 0.120661 0.311532 7.343358e-07 0.00001587846 12.323668 0.142839 0.902468 6.617432 0.018235 1.000000 
6.616332 0.120661 0.351459 1.188746e-07 0.00001587846 12.323668 0.142839 0.862541 6.617432 0.018235 1.000000 
6.639399 0.121081 0.271606 2.908554e-07 0.00001593382 12.300601 0.142419 0.942394 6.640503 0.018235 1.000000 
6.639399 0.121081 0.311532 6.607121e-07 0.00001593382 12.300601 0.142419 0.902468 6.640503 0.018235 1.000000 
6.639399 0.121081 0.351459 1.551058e-07 0.00001593382 12.300601 0.142419 0.862541 6.640503 0.018235 1.000000 
6.662465 0.121502 0.271606 2.393650e-07 0.00001598917 12.277535 0.141998 0.942394 6.663573 0.018235 1.000000 
6.662465 0.121502 0.311532 7.063311e-07 0.00001598917 12.277535 0.141998 0.902468 6.663573 0.018235 1.000000 
6.662465 0.121502 0.351459 1.580598e-07 0.00001598917 12.277535 0.141998 0.862541 6.663573 0.018235 1.000000 
6.685532 0.121923 0.271606 2.017608e-07 0.00001604453 12.254468 0.141577 0.942394 6.686643 0.018235 1.000000 
6.685532 0.121923 0.311532 7.402305e-07 0.00001604453 12.254468 0.141577 0.902468 6.686643 0.018235 1.000000 
6.685532 0.121923 0.351459 2.163520e-07 0.00001604453 12.254468 0.141577 0.862541 6.686643 0.018235 1.000000 
6.708598 0.122343 0.271606 1.905038e-07 0.00001609989 12.231402 0.141157 0.942394 6.709714 0.018235 1.000000 
6.708598 0.122343 0.311532 6.657035e-07 0.00001609989 12.231402 0.141157 0.902468 6.709714 0.018235 1.000000 
6.708598 0.122343 0.351459 2.123576e-07 0.00001609989 12.231402 0.141157 0.862541 6.709714 0.018235 1.000000 
6.731665 0.122764 0.271606 2.009023e-07 0.00001615525 12.208335 0.140736 0.942394 6.732784 0.018235 1.000000 
6.731665 0.122764 0.311532 6.731077e-07 0.00001615525 12.208335 0.140736 0.902468 6.732784 0.018235 1.000000 
6.731665 0.122764 0.351459 2.518951e-07 0.00001615525 12.208335 0.140736 0.862541 6.732784 0.018235 1.000000 
6.754731 0.123185 0.271606 1.530447e-07 0.00001621060 12.185269 0.140315 0.942394 6.755855 0.018235 1.000000 
6.754731 0.123185 0.311532 6.440434e-07 0.00001621060 12.185269 0.140315 0.902468 6.755855 0.018235 1.000000 
6.754731 0.123185 0.351459 2.868535e-07 0.00001621060 12.185269 0.140315 0.862541 6.755855 0.018235 1.000000 
6.777798 0.123605 0.271606 1.487276e-07 0.00001626596 12.162202 0.139895 0.942394 6.778925 0.018235 1.000000 
6.777798 0.123605 0.311532 6.830777e-07 0.00001626596 12.162202 0.139895 0.902468 6.778925 0.018235 1.000000 
6.777798 0.123605 0.351459 3.246071e-07 0.00001626596 12.162202 0.139895 0.862541 6.778925 0.018235 1.000000 
6.800864 0.124026 0.271606 1.346615e-07 0.00001632132 12.139136 0.139474 0.942394 6.801995 0.018235 1.000000 
6.800864 0.124026 0.311532 5.951025e-07 0.00001632132 12.139136 0.139474 0.902468 6.801995 0.018235 1.000000 
6.800864 0.124026 0.351459 4.041878e-07 0.00001632132 12.139136 0.139474 0.862541 6.801995 0.018235 1.000000 
6.823931 0.124447 0.271606 1.056701e-07 0.00001637667 12.116069 0.139053 0.942394 6.825066 0.018235 1.000000 
6.823931 0.124447 0.311532 6.587802e-07 0.00001637667 12.116069 0.139053 0.902468 6.825066 0.018235 1.000000 
6.823931 0.124447 0.351459 3.368790e-07 0.00001637667 12.116069 0.139053 0.862541 6.825066 0.018235 1.000000 
6.846998 0.124867 0.271606 8.384380e-08 0.00001643203 12.093002 0.138633 0.942394 6.848136 0.018235 1.000000 
6.846998 0.124867 0.311532 6.292094e-07 0.00001643203 12.093002 0.138633 0.902468 6.848136 0.018235 1.000000 
6.846998 0.124867 0.351459 4.467686e-07 0.00001643203 12.093002 0.138633 0.862541 6.848136 0.018235 1.000000 
6.870064 0.125288 0.271606 5.941391e-08 0.00001648739 12.069936 0.138212 0.942394 6.871206 0.018235 1.000000 
6.870064 0.125288 0.311532 6.217177e-07 0.00001648739 12.069936 0.138212 0.902468 6.871206 0.018235 1.000000 
6.870064 0.125288 0.351459 4.211922e-07 0.00001648739 12.069936 0.138212 0.862541 6.871206 0.018235 1.000000 
6.893131 0.125708 0.271606 7.205856e-08 0.00001654275 12.046869 0.137792 0.942394 6.894277 0.018235 1.000000 
6.893131 0.125708 0.311532 5.395285e-07 0.00001654275 12.046869 0.137792 0.902468 6.894277 0.018235 1.000000 
6.893131 0.125708 0.351459 4.104877e-07 0.00001654275 12.046869 0.137792 0.862541 6.894277 0.018235 1.000000 
6.916197 0.126129 0.271606 5.737768e-08 0.00001659810 12.023803 0.137371 0.942394 6.917347 0.018235 1.000000 
6.916197 0.126129 0.311532 5.790605e-07 0.00001659810 12.023803 0.137371 0.902468 6.917347 0.018235 1.000000 
6.916197 0.126129 0.351459 4.719117e-07 0.00001659810 12.023803 0.137371 0.862541 6.917347 0.018235 1.000000 
6.939264 0.126550 0.271606 3.255578e-08 0.00001665346 12.000736 0.136950 0.942394 6.940418 0.018235 1.000000 
6.939264 0.126550 0.311532 5.086222e-07 0.00001665346 12.000736 0.136950 0.902468 6.940418 0.018235 1.000000 
6.939264 0.126550 0.351459 4.736854e-07 0.00001665346 12.000736 0.136950 0.862541 6.940418 0.018235 1.000000 
6.962330 0.126970 0.271606 2.765435e-08 0.00001670882 11.977670 0.136530 0.942394 6.963488 0.018235 1.000000 
6.962330 0.126970 0.311532 4.979170e-07 0.00001670882 11.977670 0.136530 0.902468 6.963488 0.018235 1.000000 
6.962330 0.126970 0.351459 5.661411e-07 0.00001670882 11.977670 0.136530 0.862541 6.963488 0.018235 1.000000 
6.985397 0.127391 0.271606 2.523201e-08 0.00001676417 11.954603 0.136109 0.942394 6.986558 0.018235 1.000000 
6.985397 0.127391 0.311532 4.266762e-07 0.00001676417 11.954603 0.136109 0.902468 6.986558 0.018235 1.000000 
6.985397 0.127391 0.351459 6.163133e-07 0.00001676417 11.954603 0.136109 0.862541 6.986558 0.018235 1.000000 
7.008463 0.127812 0.271606 1.519475e-08 0.00001681953 11.931537 0.135688 0.942394 7.009629 0.018235 1.000000 
7.008463 0.127812 0.311532 3.928441e-07 0.00001681953 11.931537 0.135688 0.902468 7.009629 0.018235 1.000000 
7.008463 0.127812 0.351459 6.465279e-07 0.00001681953 11.931537 0.135688 0.862541 7.009629 0.018235 1.000000 
7.031530 0.128232 0.271606 1.526477e-08 0.00001687489 11.908470 0.135268 0.942394 7.032699 0.018235 1.000000 
7.031530 0.128232 0.311532 4.096737e-07 0.00001687489 11.908470 0.135268 0.902468 7.032699 0.018235 1.000000 
7.031530 0.128232 0.351459 5.701804e-07 0.00001687489 11.908470 0.135268 0.862541 7.032699 0.018235 1.000000 
7.031530 0.128232 0.391385 7.643531e-09 0.00001687489 11.908470 0.135268 0.822615 7.032699 0.018235 1.000000 
7.054596 0.128653 0.271606 7.660755e-09 0.00001693025 11.885404 0.134847 0.942394 7.055770 0.018235 1.000000 
7.054596 0.128653 0.311532 4.163354e-07 0.00001693025 11.885404 0.134847 0.902468 7.055770 0.018235 1.000000 
7.054596 0.128653 0.351459 6.080976e-07 0.00001693025 11.885404 0.134847 0.862541 7.055770 0.018235 1.000000 
7.054596 0.128653 0.391385 1.023192e-08 0.00001693025 11.885404 0.134847 0.822615 7.055770 0.018235 1.000000 
7.077663 0.129074 0.271606 2.564024e-09 0.00001698560 11.862337 0.134426 0.942394 7.078840 0.018235 1.000000 
7.077663 0.129074 0.311532 3.205035e-07 0.00001698560 11.862337 0.134426 0.902468 7.078840 0.018235 1.000000 
7.077663 0.129074 0.351459 6.053764e-07 0.00001698560 11.862337 0.134426 0.862541 7.078840 0.018235 1.000000 
7.077663 0.129074 0.391385 2.053237e-08 0.00001698560 11.862337 0.134426 0.822615 7.078840 0.018235 1.000000 
7.100730 0.129494 0.271606 2.570619e-09 0.00001704096 11.839270 0.134006 0.942394 7.101910 0.018235 1.000000 
7.100730 0.129494 0.311532 3.191612e-07 0.00001704096 11.839270 0.134006 0.902468 7.101910 0.018235 1.000000 
7.100730 0.129494 0.351459 7.235912e-07 0.00001704096 11.839270 0.134006 0.862541 7.101910 0.018235 1.000000 
7.100730 0.129494 0.391385 2.832829e-08 0.00001704096 11.839270 0.134006 0.822615 7.101910 0.018235 1.000000 
7.123796 0.129915 0.271606 2.583793e-09 0.00001709632 11.816204 0.133585 0.942394 7.124981 0.018235 1.000000 
7.123796 0.129915 0.311532 2.842163e-07 0.00001709632 11.816204 0.133585 0.902468 7.124981 0.018235 1.000000 
7.123796 0.129915 0.351459 6.927043e-07 0.00001709632 11.816204 0.133585 0.862541 7.124981 0.018235 1.000000 
7.123796 0.129915 0.391385 3.103906e-08 0.00001709632 11.816204 0.133585 0.822615 7.124981 0.018235 1.000000 
7.146863 0.130336 0.311532 3.035080e-07 0.00001715167 11.793137 0.133164 0.902468 7.148051 0.018235 1.000000 
7.146863 0.130336 0.351459 6.851304e-07 0.00001715167 11.793137 0.133164 0.862541 7.148051 0.018235 1.000000 
7.146863 0.130336 0.391385 4.673103e-08 0.00001715167 11.793137 0.133164 0.822615 7.148051 0.018235 1.000000 
7.169929 0.130756 0.311532 2.734126e-07 0.00001720703 11.770071 0.132744 0.902468 7.171121 0.018235 1.000000 
7.169929 0.130756 0.351459 7.243566e-07 0.00001720703 11.770071 0.132744 0.862541 7.171121 0.018235 1.000000 
7.169929 0.130756 0.391385 9.903742e-08 0.00001720703 11.770071 0.132744 0.822615 7.171121 0.018235 1.000000 
7.192996 0.131177 0.311532 1.829670e-07 0.00001726239 11.747004 0.132323 0.902468 7.194192 0.018235 1.000000 
7.192996 0.131177 0.351459 7.374417e-07 0.00001726239 11.747004 0.132323 0.862541 7.194192 0.018235 1.000000 
7.192996 0.131177 0.391385 1.569752e-07 0.00001726239 11.747004 0.132323 0.822615 7.194192 0.018235 1.000000 
7.216062 0.131598 0.311532 2.152362e-07 0.00001731775 11.723938 0.131902 0.902468 7.217262 0.018235 1.000000 
7.216062 0.131598 0.351459 7.220081e-07 0.00001731775 11.723938 0.131902 0.862541 7.217262 0.018235 1.000000 
7.216062 0.131598 0.391385 1.576159e-07 0.00001731775 11.723938 0.131902 0.822615 7.217262 0.018235 1.000000 
7.239129 0.132018 0.311532 1.818030e-07 0.00001737310 11.700871 0.131482 0.902468 7.240333 0.018235 1.000000 
7.239129 0.132018 0.351459 7.355074e-07 0.00001737310 11.700871 0.131482 0.862541 7.240333 0.018235 1.000000 
7.239129 0.132018 0.391385 1.661031e-07 0.00001737310 11.700871 0.131482 0.822615 7.240333 0.018235 1.000000 
7.262195 0.132439 0.311532 1.349060e-07 0.00001742846 11.677805 0.131061 0.902468 7.263403 0.018235 1.000000 
7.262195 0.132439 0.351459 6.721501e-07 0.00001742846 11.677805 0.131061 0.862541 7.263403 0.018235 1.000000 
7.262195 0.132439 0.391385 1.641409e-07 0.00001742846 11.677805 0.131061 0.822615 7.263403 0.018235 1.000000 
7.285262 0.132860 0.311532 1.195268e-07 0.00001748382 11.654738 0.130640 0.902468 7.286473 0.018235 1.000000 
7.285262 0.132860 0.351459 6.748547e-07 0.00001748382 11.654738 0.130640 0.862541 7.286473 0.018235 1.000000 
7.285262 0.132860 0.391385 2.073399e-07 0.00001748382 11.654738 0.130640 0.822615 7.286473 0.018235 1.000000 
7.308329 0.133280 0.311532 1.119781e-07 0.00001753917 11.631671 0.130220 0.902468 7.309544 0.018235 1.000000 
7.308329 0.133280 0.351459 6.695476e-07 0.00001753917 11.631671 0.130220 0.862541 7.309544 0.018235 1.000000 
7.308329 0.133280 0.391385 1.974622e-07 0.00001753917 11.631671 0.130220 0.822615 7.309544 0.018235 1.000000 
7.331395 0.133701 0.311532 6.957702e-08 0.00001759453 11.608605 0.129799 0.902468 7.332614 0.018235 1.000000 
7.331395 0.133701 0.351459 6.346108e-07 0.00001759453 11.608605 0.129799 0.862541 7.332614 0.018235 1.000000 
7.331395 0.133701 0.391385 2.196756e-07 0.00001759453 11.608605 0.129799 0.822615 7.332614 0.018235 1.000000 
7.354462 0.134122 0.311532 6.718499e-08 0.00001764989 11.585538 0.129378 0.902468 7.355684 0.018235 1.000000 
7.354462 0.134122 0.351459 6.076197e-07 0.00001764989 11.585538 0.129378 0.862541 7.355684 0.018235 1.000000 
7.354462 0.134122 0.391385 3.065833e-07 0.00001764989 11.585538 0.129378 0.822615 7.355684 0.018235 1.000000 
7.377528 0.134542 0.311532 6.473396e-08 0.00001770525 11.562472 0.128958 0.902468 7.378755 0.018235 1.000000 
7.377528 0.134542 0.351459 5.317370e-07 0.00001770525 11.562472 0.128958 0.862541 7.378755 0.018235 1.000000 
7.377528 0.134542 0.391385 3.132091e-07 0.00001770525 11.562472 0.128958 0.822615 7.378755 0.018235 1.000000 
7.400595 0.134963 0.311532 2.979102e-08 0.00001776060 11.539405 0.128537 0.902468 7.401825 0.018235 1.000000 
7.400595 0.134963 0.351459 5.501007e-07 0.00001776060 11.539405 0.128537 0.862541 7.401825 0.018235 1.000000 
7.400595 0.134963 0.391385 3.714532e-07 0.00001776060 11.539405 0.128537 0.822615 7.401825 0.018235 1.000000 
7.423661 0.135384 0.311532 3.263042e-08 0.00001781596 11.516339 0.128116 0.902468 7.424896 0.018235 1.000000 
7.423661 0.135384 0.351459 5.686655e-07 0.00001781596 11.516339 0.128116 0.862541 7.424896 0.018235 1.000000 
7.423661 0.135384 0.391385 3.918351e-07 0.00001781596 11.516339 0.128116 0.822615 7.424896 0.018235 1.000000 
7.446728 0.135804 0.311532 3.276140e-08 0.00001787132 11.493272 0.127696 0.902468 7.447966 0.018235 1.000000 
7.446728 0.135804 0.351459 5.354574e-07 0.00001787132 11.493272 0.127696 0.862541 7.447966 0.018235 1.000000 
7.446728 0.135804 0.391385 4.153449e-07 0.00001787132 11.493272 0.127696 0.822615 7.447966 0.018235 1.000000 
7.469794 0.136225 0.311532 3.013848e-08 0.00001792667 11.470206 0.127275 0.902468 7.471036 0.018235 1.000000 
7.469794 0.136225 0.351459 4.854377e-07 0.00001792667 11.470206 0.127275 0.862541 7.471036 0.018235 1.000000 
7.469794 0.136225 0.391385 4.198131e-07 0.00001792667 11.470206 0.127275 0.822615 7.471036 0.018235 1.000000 
7.492861 0.136646 0.311532 1.651162e-08 0.00001798203 11.447139 0.126854 0.902468 7.494107 0.018235 1.000000 
7.492861 0.136646 0.351459 4.515579e-07 0.00001798203 11.447139 0.126854 0.862541 7.494107 0.018235 1.000000 
7.492861 0.136646 0.391385 4.544746e-07 0.00001798203 11.447139 0.126854 0.822615 7.494107 0.018235 1.000000 
7.515927 0.137066 0.311532 2.763646e-09 0.00001803739 11.424073 0.126434 0.902468 7.517177 0.018235 1.000000 
7.515927 0.137066 0.351459 4.230161e-07 0.00001803739 11.424073 0.126434 0.862541 7.517177 0.018235 1.000000 
7.515927 0.137066 0.391385 4.674222e-07 0.00001803739 11.424073 0.126434 0.822615 7.517177 0.018235 1.000000 
7.538994 0.137487 0.311532 2.778806e-09 0.00001809275 11.401006 0.126013 0.902468 7.540248 0.018235 1.000000 
7.538994 0.137487 0.351459 4.358364e-07 0.00001809275 11.401006 0.126013 0.862541 7.540248 0.018235 1.000000 
7.538994 0.137487 0.391385 4.748222e-07 0.00001809275 11.401006 0.126013 0.822615 7.540248 0.018235 1.000000 
7.562061 0.137908 0.311532 2.780640e-09 0.00001814810 11.377939 0.125592 0.902468 7.563318 0.018235 1.000000 
7.562061 0.137908 0.351459 3.623505e-07 0.00001814810 11.377939 0.125592 0.862541 7.563318 0.018235 1.000000 
7.562061 0.137908 0.391385 5.854768e-07 0.00001814810 11.377939 0.125592 0.822615 7.563318 0.018235 1.000000 
7.585127 0.138328 0.351459 3.133816e-07 0.00001820346 11.354873 0.125172 0.862541 7.586388 0.018235 1.000000 
7.585127 0.138328 0.391385 5.459010e-07 0.00001820346 11.354873 0.125172 0.822615 7.586388 0.018235 1.000000 
7.608194 0.138749 0.351459 3.062370e-07 0.00001825882 11.331806 0.124751 0.862541 7.609459 0.018235 1.000000 
7.608194 0.138749 0.391385 5.734098e-07 0.00001825882 11.331806 0.124751 0.822615 7.609459 0.018235 1.000000 
7.631260 0.139170 0.351459 2.962358e-07 0.00001831417 11.308740 0.124330 0.862541 7.632529 0.018235 1.000000 
7.631260 0.139170 0.391385 5.333873e-07 0.00001831417 11.308740 0.124330 0.822615 7.632529 0.018235 1.000000 
7.631260 0.139170 0.431312 5.649571e-09 0.00001831417 11.308740 0.124330 0.782688 7.632529 0.018235 1.000000 
7.654327 0.139590 0.351459 2.180691e-07 0.00001836953 11.285673 0.123910 0.862541 7.655599 0.018235 1.000000 
7.654327 0.139590 0.391385 6.828531e-07 0.00001836953 11.285673 0.123910 0.822615 7.655599 0.018235 1.000000 
7.654327 0.139590 0.431312 1.985573e-08 0.00001836953 11.285673 0.123910 0.782688 7.655599 0.018235 1.000000 
7.677393 0.140011 0.351459 2.162187e-07 0.00001842489 11.262607 0.123489 0.862541 7.678670 0.018235 1.000000 
7.677393 0.140011 0.391385 6.117377e-07 0.00001842489 11.262607 0.123489 0.822615 7.678670 0.018235 1.000000 
7.677393 0.140011 0.431312 1.709484e-08 0.00001842489 11.262607 0.123489 0.782688 7.678670 0.018235 1.000000 
7.700460 0.140432 0.351459 1.884963e-07 0.00001848025 11.239540 0.123068 0.862541 7.701740 0.018235 1.000000 
7.700460 0.140432 0.391385 6.970836e-07 0.00001848025 11.239540 0.123068 0.822615 7.701740 0.018235 1.000000 
7.700460 0.140432 0.431312 2.858172e-08 0.00001848025 11.239540 0.123068 0.782688 7.701740 0.018235 1.000000 
7.723526 0.140852 0.351459 1.691703e-07 0.00001853560 11.216474 0.122648 0.862541 7.724811 0.018235 1.000000 
7.723526 0.140852 0.391385 6.999191e-07 0.00001853560 11.216474 0.122648 0.822615 7.724811 0.018235 1.000000 
7.723526 0.140852 0.431312 5.451356e-08 0.00001853560 11.216474 0.122648 0.782688 7.724811 0.018235 1.000000 
7.746593 0.141273 0.351459 1.411134e-07 0.00001859096 11.193407 0.122227 0.862541 7.747881 0.018235 1.000000 
7.746593 0.141273 0.391385 6.855113e-07 0.00001859096 11.193407 0.122227 0.822615 7.747881 0.018235 1.000000 
7.746593 0.141273 0.431312 6.915629e-08 0.00001859096 11.193407 0.122227 0.782688 7.747881 0.018235 1.000000 
7.769659 0.141694 0.351459 1.185400e-07 0.00001864632 11.170341 0.121806 0.862541 7.770951 0.018235 1.000000 
7.769659 0.141694 0.391385 5.640322e-07 0.00001864632 11.170341 0.121806 0.822615 7.770951 0.018235 1.000000 
7.769659 0.141694 0.431312 8.965187e-08 0.00001864632 11.170341 0.121806 0.782688 7.770951 0.018235 1.000000 
7.792726 0.142114 0.351459 1.189609e-07 0.00001870167 11.147274 0.121386 0.862541 7.794022 0.018235 1.000000 
7.792726 0.142114 0.391385 6.447051e-07 0.00001870167 11.147274 0.121386 0.822615 7.794022 0.018235 1.000000 
7.792726 0.142114 0.431312 1.045972e-07 0.00001870167 11.147274 0.121386 0.782688 7.794022 0.018235 1.000000 
7.815793 0.142535 0.351459 8.451417e-08 0.00001875703 11.124207 0.120965 0.862541 7.817092 0.018235 1.000000 
7.815793 0.142535 0.391385 6.329130e-07 0.00001875703 11.124207 0.120965 0.822615 7.817092 0.018235 1.000000 
7.815793 0.142535 0.431312 1.079704e-07 0.00001875703 11.124207 0.120965 0.782688 7.817092 0.018235 1.000000 
7.838859 0.142956 0.351459 4.975859e-08 0.00001881239 11.101141 0.120544 0.862541 7.840162 0.018235 1.000000 
7.838859 0.142956 0.391385 5.915537e-07 0.00001881239 11.101141 0.120544 0.822615 7.840162 0.018235 1.000000 
7.838859 0.142956 0.431312 1.347730e-07 0.00001881239 11.101141 0.120544 0.782688 7.840162 0.018235 1.000000 
7.861926 0.143376 0.351459 5.580498e-08 0.00001886775 11.078074 0.120124 0.862541 7.863233 0.018235 1.000000 
7.861926 0.143376 0.391385 5.440020e-07 0.00001886775 11.078074 0.120124 0.822615 7.863233 0.018235 1.000000 
7.861926 0.143376 0.431312 2.059392e-07 0.00001886775 11.078074 0.120124 0.782688 7.863233 0.018235 1.000000 
7.884992 0.143797 0.351459 5.607466e-08 0.00001892310 11.055008 0.119703 0.862541 7.886303 0.018235 1.000000 
7.884992 0.143797 0.391385 5.461772e-07 0.00001892310 11.055008 0.119703 0.822615 7.886303 0.018235 1.000000 
7.884992 0.143797 0.431312 2.008301e-07 0.00001892310 11.055008 0.119703 0.782688 7.886303 0.018235 1.000000 
7.908059 0.144218 0.351459 3.556172e-08 0.00001897846 11.031941 0.119282 0.862541 7.909374 0.018235 1.000000 
7.908059 0.144218 0.391385 4.980923e-07 0.00001897846 11.031941 0.119282 0.822615 7.909374 0.018235 1.000000 
7.908059 0.144218 0.431312 2.283919e-07 0.00001897846 11.031941 0.119282 0.782688 7.909374 0.018235 1.000000 
7.931125 0.144638 0.351459 1.787125e-08 0.00001903382 11.008875 0.118862 0.862541 7.932444 0.018235 1.000000 
7.931125 0.144638 0.391385 5.061464e-07 0.00001903382 11.008875 0.118862 0.822615 7.932444 0.018235 1.000000 
7.931125 0.144638 0.431312 2.561532e-07 0.00001903382 11.008875 0.118862 0.782688 7.932444 0.018235 1.000000 
7.954192 0.145059 0.351459 1.793183e-08 0.00001908917 10.985808 0.118441 0.862541 7.955514 0.018235 1.000000 
7.954192 0.145059 0.391385 4.782888e-07 0.00001908917 10.985808 0.118441 0.822615 7.955514 0.018235 1.000000 
7.954192 0.145059 0.431312 2.662520e-07 0.00001908917 10.985808 0.118441 0.782688 7.955514 0.018235 1.000000 
7.977258 0.145479 0.351459 9.008438e-09 0.00001914453 10.962742 0.118021 0.862541 7.978585 0.018235 1.000000 
7.977258 0.145479 0.391385 4.744329e-07 0.00001914453 10.962742 0.118021 0.822615 7.978585 0.018235 1.000000 
7.977258 0.145479 0.431312 2.733841e-07 0.00001914453 10.962742 0.118021 0.782688 7.978585 0.018235 1.000000 
8.000325 0.145900 0.351459 3.014244e-09 0.00001919989 10.939675 0.117600 0.862541 8.001655 0.018235 1.000000 
8.000325 0.145900 0.391385 4.160538e-07 0.00001919989 10.939675 0.117600 0.822615 8.001655 0.018235 1.000000 
8.000325 0.145900 0.431312 3.829881e-07 0.00001919989 10.939675 0.117600 0.782688 8.001655 0.018235 1.000000 
8.023391 0.146321 0.351459 3.029788e-09 0.00001925525 10.916609 0.117179 0.862541 8.024726 0.018235 1.000000 
8.023391 0.146321 0.391385 3.360446e-07 0.00001925525 10.916609 0.117179 0.822615 8.024726 0.018235 1.000000 
8.023391 0.146321 0.431312 3.150087e-07 0.00001925525 10.916609 0.117179 0.782688 8.024726 0.018235 1.000000 
8.046458 0.146741 0.391385 3.131264e-07 0.00001931060 10.893542 0.116759 0.822615 8.047796 0.018235 1.000000 
8.046458 0.146741 0.431312 4.076058e-07 0.00001931060 10.893542 0.116759 0.782688 8.047796 0.018235 1.000000 
8.069525 0.147162 0.351459 3.052569e-09 0.00001936596 10.870475 0.116338 0.862541 8.070866 0.018235 1.000000 
8.069525 0.147162 0.391385 3.175321e-07 0.00001936596 10.870475 0.116338 0.822615 8.070866 0.018235 1.000000 
8.069525 0.147162 0.431312 4.062847e-07 0.00001936596 10.870475 0.116338 0.782688 8.070866 0.018235 1.000000 
8.092591 0.147583 0.391385 2.606256e-07 0.00001942132 10.847409 0.115917 0.822615 8.093937 0.018235 1.000000 
8.092591 0.147583 0.431312 4.540172e-07 0.00001942132 10.847409 0.115917 0.782688 8.093937 0.018235 1.000000 
8.115658 0.148003 0.391385 2.802139e-07 0.00001947667 10.824342 0.115497 0.822615 8.117007 0.018235 1.000000 
8.115658 0.148003 0.431312 4.343836e-07 0.00001947667 10.824342 0.115497 0.782688 8.117007 0.018235 1.000000 
8.138724 0.148424 0.391385 2.845194e-07 0.00001953203 10.801276 0.115076 0.822615 8.140077 0.018235 1.000000 
8.138724 0.148424 0.431312 4.454976e-07 0.00001953203 10.801276 0.115076 0.782688 8.140077 0.018235 1.000000 
4.009608 0.083571 0.032046 1.617782e-08 0.00000962310 14.930392 0.179929 1.181954 4.010479 0.020840 1.000000 
4.009608 0.083571 0.071973 2.443263e-07 0.00000962310 14.930392 0.179929 1.142027 4.010479 0.020840 1.000000 
4.009608 0.083571 0.111899 4.597743e-07 0.00000962310 14.930392 0.179929 1.102101 4.010479 0.020840 1.000000 
4.009608 0.083571 0.151826 3.352042e-07 0.00000962310 14.930392 0.179929 1.062174 4.010479 0.020840 1.000000 
4.032674 0.084052 0.032046 1.460287e-08 0.00000967846 14.907326 0.179448 1.181954 4.033550 0.020840 1.000000 
4.032674 0.084052 0.071973 2.451498e-07 0.00000967846 14.907326 0.179448 1.142027 4.033550 0.020840 1.000000 
4.032674 0.084052 0.111899 4.579592e-07 0.00000967846 14.907326 0.179448 1.102101 4.033550 0.020840 1.000000 
4.032674 0.084052 0.151826 3.281342e-07 0.00000967846 14.907326 0.179448 1.062174 4.033550 0.020840 1.000000 
4.055739 0.084533 0.032046 6.506928e-09 0.00000973382 14.884261 0.178967 1.181954 4.056620 0.020840 1.000000 
4.055739 0.084533 0.071973 2.328534e-07 0.00000973382 14.884261 0.178967 1.142027 4.056620 0.020840 1.000000 
4.055739 0.084533 0.111899 4.641895e-07 0.00000973382 14.884261 0.178967 1.102101 4.056620 0.020840 1.000000 
4.055739 0.084533 0.151826 3.861737e-07 0.00000973382 14.884261 0.178967 1.062174 4.056620 0.020840 1.000000 
4.055739 0.084533 0.191753 1.631900e-09 0.00000973382 14.884261 0.178967 1.022247 4.056620 0.020840 1.000000 
4.078804 0.085013 0.032046 1.142880e-08 0.00000978918 14.861196 0.178487 1.181954 4.079690 0.020840 1.000000 
4.078804 0.085013 0.071973 1.894525e-07 0.00000978918 14.861196 0.178487 1.142027 4.079690 0.020840 1.000000 
4.078804 0.085013 0.111899 4.771269e-07 0.00000978918 14.861196 0.178487 1.102101 4.079690 0.020840 1.000000 
4.078804 0.085013 0.151826 3.906708e-07 0.00000978918 14.861196 0.178487 1.062174 4.079690 0.020840 1.000000 
4.078804 0.085013 0.191753 1.636284e-09 0.00000978918 14.861196 0.178487 1.022247 4.079690 0.020840 1.000000 
4.101870 0.085494 0.032046 1.636311e-09 0.00000984453 14.838130 0.178006 1.181954 4.102761 0.020840 1.000000 
4.101870 0.085494 0.071973 1.916942e-07 0.00000984453 14.838130 0.178006 1.142027 4.102761 0.020840 1.000000 
4.101870 0.085494 0.111899 4.294410e-07 0.00000984453 14.838130 0.178006 1.102101 4.102761 0.020840 1.000000 
4.101870 0.085494 0.151826 3.787128e-07 0.00000984453 14.838130 0.178006 1.062174 4.102761 0.020840 1.000000 
4.101870 0.085494 0.191753 9.835562e-09 0.00000984453 14.838130 0.178006 1.022247 4.102761 0.020840 1.000000 
4.124935 0.085975 0.032046 3.287752e-09 0.00000989989 14.815065 0.177525 1.181954 4.125831 0.020840 1.000000 
4.124935 0.085975 0.071973 1.889634e-07 0.00000989989 14.815065 0.177525 1.142027 4.125831 0.020840 1.000000 
4.124935 0.085975 0.111899 4.603003e-07 0.00000989989 14.815065 0.177525 1.102101 4.125831 0.020840 1.000000 
4.124935 0.085975 0.151826 4.473440e-07 0.00000989989 14.815065 0.177525 1.062174 4.125831 0.020840 1.000000 
4.124935 0.085975 0.191753 1.481375e-08 0.00000989989 14.815065 0.177525 1.022247 4.125831 0.020840 1.000000 
4.148001 0.086456 0.032046 4.942886e-09 0.00000995525 14.791999 0.177044 1.181954 4.148901 0.020840 1.000000 
4.148001 0.086456 0.071973 1.830134e-07 0.00000995525 14.791999 0.177044 1.142027 4.148901 0.020840 1.000000 
4.148001 0.086456 0.111899 3.842667e-07 0.00000995525 14.791999 0.177044 1.102101 4.148901 0.020840 1.000000 
4.148001 0.086456 0.151826 4.289128e-07 0.00000995525 14.791999 0.177044 1.062174 4.148901 0.020840 1.000000 
4.148001 0.086456 0.191753 1.816345e-08 0.00000995525 14.791999 0.177044 1.022247 4.148901 0.020840 1.000000 
4.171066 0.086936 0.032046 1.654736e-09 0.00001001060 14.768934 0.176564 1.181954 4.171972 0.020840 1.000000 
4.171066 0.086936 0.071973 1.521505e-07 0.00001001060 14.768934 0.176564 1.142027 4.171972 0.020840 1.000000 
4.171066 0.086936 0.111899 4.019977e-07 0.00001001060 14.768934 0.176564 1.102101 4.171972 0.020840 1.000000 
4.171066 0.086936 0.151826 4.070950e-07 0.00001001060 14.768934 0.176564 1.062174 4.171972 0.020840 1.000000 
4.171066 0.086936 0.191753 1.820286e-08 0.00001001060 14.768934 0.176564 1.022247 4.171972 0.020840 1.000000 
4.194131 0.087417 0.032046 3.313185e-09 0.00001006596 14.745869 0.176083 1.181954 4.195042 0.020840 1.000000 
4.194131 0.087417 0.071973 1.559296e-07 0.00001006596 14.745869 0.176083 1.142027 4.195042 0.020840 1.000000 
4.194131 0.087417 0.111899 3.933020e-07 0.00001006596 14.745869 0.176083 1.102101 4.195042 0.020840 1.000000 
4.194131 0.087417 0.151826 4.415823e-07 0.00001006596 14.745869 0.176083 1.062174 4.195042 0.020840 1.000000 
4.194131 0.087417 0.191753 2.823406e-08 0.00001006596 14.745869 0.176083 1.022247 4.195042 0.020840 1.000000 
4.217197 0.087898 0.071973 1.381257e-07 0.00001012132 14.722803 0.175602 1.142027 4.218113 0.020840 1.000000 
4.217197 0.087898 0.111899 4.045284e-07 0.00001012132 14.722803 0.175602 1.102101 4.218113 0.020840 1.000000 
4.217197 0.087898 0.151826 4.629818e-07 0.00001012132 14.722803 0.175602 1.062174 4.218113 0.020840 1.000000 
4.217197 0.087898 0.191753 5.329547e-08 0.00001012132 14.722803 0.175602 1.022247 4.218113 0.020840 1.000000 
4.240262 0.088379 0.071973 1.235178e-07 0.00001017668 14.699738 0.175121 1.142027 4.241183 0.020840 1.000000 
4.240262 0.088379 0.111899 4.525620e-07 0.00001017668 14.699738 0.175121 1.102101 4.241183 0.020840 1.000000 
4.240262 0.088379 0.151826 4.777745e-07 0.00001017668 14.699738 0.175121 1.062174 4.241183 0.020840 1.000000 
4.240262 0.088379 0.191753 6.183355e-08 0.00001017668 14.699738 0.175121 1.022247 4.241183 0.020840 1.000000 
4.263327 0.088859 0.071973 8.202427e-08 0.00001023203 14.676673 0.174641 1.142027 4.264253 0.020840 1.000000 
4.263327 0.088859 0.111899 4.003347e-07 0.00001023203 14.676673 0.174641 1.102101 4.264253 0.020840 1.000000 
4.263327 0.088859 0.151826 4.642057e-07 0.00001023203 14.676673 0.174641 1.062174 4.264253 0.020840 1.000000 
4.263327 0.088859 0.191753 8.047777e-08 0.00001023203 14.676673 0.174641 1.022247 4.264253 0.020840 1.000000 
4.286393 0.089340 0.071973 8.901640e-08 0.00001028739 14.653607 0.174160 1.142027 4.287324 0.020840 1.000000 
4.286393 0.089340 0.111899 4.082753e-07 0.00001028739 14.653607 0.174160 1.102101 4.287324 0.020840 1.000000 
4.286393 0.089340 0.151826 4.891449e-07 0.00001028739 14.653607 0.174160 1.062174 4.287324 0.020840 1.000000 
4.286393 0.089340 0.191753 9.246570e-08 0.00001028739 14.653607 0.174160 1.022247 4.287324 0.020840 1.000000 
4.309458 0.089821 0.071973 7.077250e-08 0.00001034275 14.630542 0.173679 1.142027 4.310394 0.020840 1.000000 
4.309458 0.089821 0.111899 3.674270e-07 0.00001034275 14.630542 0.173679 1.102101 4.310394 0.020840 1.000000 
4.309458 0.089821 0.151826 4.890190e-07 0.00001034275 14.630542 0.173679 1.062174 4.310394 0.020840 1.000000 
4.309458 0.089821 0.191753 1.062923e-07 0.00001034275 14.630542 0.173679 1.022247 4.310394 0.020840 1.000000 
4.332524 0.090302 0.071973 9.295055e-08 0.00001039810 14.607476 0.173198 1.142027 4.333465 0.020840 1.000000 
4.332524 0.090302 0.111899 3.550308e-07 0.00001039810 14.607476 0.173198 1.102101 4.333465 0.020840 1.000000 
4.332524 0.090302 0.151826 4.685292e-07 0.00001039810 14.607476 0.173198 1.062174 4.333465 0.020840 1.000000 
4.332524 0.090302 0.191753 1.167621e-07 0.00001039810 14.607476 0.173198 1.022247 4.333465 0.020840 1.000000 
4.355589 0.090782 0.071973 5.765738e-08 0.00001045346 14.584411 0.172718 1.142027 4.356535 0.020840 1.000000 
4.355589 0.090782 0.111899 3.612555e-07 0.00001045346 14.584411 0.172718 1.102101 4.356535 0.020840 1.000000 
4.355589 0.090782 0.151826 4.938094e-07 0.00001045346 14.584411 0.172718 1.062174 4.356535 0.020840 1.000000 
4.355589 0.090782 0.191753 1.273053e-07 0.00001045346 14.584411 0.172718 1.022247 4.356535 0.020840 1.000000 
4.378654 0.091263 0.071973 6.463458e-08 0.00001050882 14.561346 0.172237 1.142027 4.379605 0.020840 1.000000 
4.378654 0.091263 0.111899 3.114172e-07 0.00001050882 14.561346 0.172237 1.102101 4.379605 0.020840 1.000000 
4.378654 0.091263 0.151826 5.412790e-07 0.00001050882 14.561346 0.172237 1.062174 4.379605 0.020840 1.000000 
4.378654 0.091263 0.191753 1.345126e-07 0.00001050882 14.561346 0.172237 1.022247 4.379605 0.020840 1.000000 
4.401720 0.091744 0.071973 4.435475e-08 0.00001056418 14.538280 0.171756 1.142027 4.402676 0.020840 1.000000 
4.401720 0.091744 0.111899 3.311779e-07 0.00001056418 14.538280 0.171756 1.102101 4.402676 0.020840 1.000000 
4.401720 0.091744 0.151826 4.951959e-07 0.00001056418 14.538280 0.171756 1.062174 4.402676 0.020840 1.000000 
4.401720 0.091744 0.191753 1.759495e-07 0.00001056418 14.538280 0.171756 1.022247 4.402676 0.020840 1.000000 
4.424785 0.092225 0.071973 4.280181e-08 0.00001061953 14.515215 0.171275 1.142027 4.425746 0.020840 1.000000 
4.424785 0.092225 0.111899 3.202159e-07 0.00001061953 14.515215 0.171275 1.102101 4.425746 0.020840 1.000000 
4.424785 0.092225 0.151826 5.138679e-07 0.00001061953 14.515215 0.171275 1.062174 4.425746 0.020840 1.000000 
4.424785 0.092225 0.191753 1.627737e-07 0.00001061953 14.515215 0.171275 1.022247 4.425746 0.020840 1.000000 
4.447850 0.092705 0.071973 2.231024e-08 0.00001067489 14.492150 0.170795 1.142027 4.448816 0.020840 1.000000 
4.447850 0.092705 0.111899 3.109181e-07 0.00001067489 14.492150 0.170795 1.102101 4.448816 0.020840 1.000000 
4.447850 0.092705 0.151826 4.828849e-07 0.00001067489 14.492150 0.170795 1.062174 4.448816 0.020840 1.000000 
4.447850 0.092705 0.191753 1.942322e-07 0.00001067489 14.492150 0.170795 1.022247 4.448816 0.020840 1.000000 
4.470916 0.093186 0.071973 2.411666e-08 0.00001073025 14.469084 0.170314 1.142027 4.471887 0.020840 1.000000 
4.470916 0.093186 0.111899 2.860410e-07 0.00001073025 14.469084 0.170314 1.102101 4.471887 0.020840 1.000000 
4.470916 0.093186 0.151826 4.844527e-07 0.00001073025 14.469084 0.170314 1.062174 4.471887 0.020840 1.000000 
4.470916 0.093186 0.191753 2.103915e-07 0.00001073025 14.469084 0.170314 1.022247 4.471887 0.020840 1.000000 
4.493981 0.093667 0.071973 2.073685e-08 0.00001078560 14.446019 0.169833 1.142027 4.494957 0.020840 1.000000 
4.493981 0.093667 0.111899 2.454463e-07 0.00001078560 14.446019 0.169833 1.102101 4.494957 0.020840 1.000000 
4.493981 0.093667 0.151826 4.651951e-07 0.00001078560 14.446019 0.169833 1.062174 4.494957 0.020840 1.000000 
4.493981 0.093667 0.191753 2.266198e-07 0.00001078560 14.446019 0.169833 1.022247 4.494957 0.020840 1.000000 
4.517047 0.094148 0.071973 3.467123e-09 0.00001084096 14.422953 0.169352 1.142027 4.518028 0.020840 1.000000 
4.517047 0.094148 0.111899 2.601267e-07 0.00001084096 14.422953 0.169352 1.102101 4.518028 0.020840 1.000000 
4.517047 0.094148 0.151826 4.458491e-07 0.00001084096 14.422953 0.169352 1.062174 4.518028 0.020840 1.000000 
4.517047 0.094148 0.191753 2.828670e-07 0.00001084096 14.422953 0.169352 1.022247 4.518028 0.020840 1.000000 
4.540112 0.094628 0.071973 1.565734e-08 0.00001089632 14.399888 0.168872 1.142027 4.541098 0.020840 1.000000 
4.540112 0.094628 0.111899 2.592229e-07 0.00001089632 14.399888 0.168872 1.102101 4.541098 0.020840 1.000000 
4.540112 0.094628 0.151826 5.151678e-07 0.00001089632 14.399888 0.168872 1.062174 4.541098 0.020840 1.000000 
4.540112 0.094628 0.191753 2.977082e-07 0.00001089632 14.399888 0.168872 1.022247 4.541098 0.020840 1.000000 
4.563177 0.095109 0.071973 1.221519e-08 0.00001095168 14.376823 0.168391 1.142027 4.564168 0.020840 1.000000 
4.563177 0.095109 0.111899 2.251194e-07 0.00001095168 14.376823 0.168391 1.102101 4.564168 0.020840 1.000000 
4.563177 0.095109 0.151826 4.557243e-07 0.00001095168 14.376823 0.168391 1.062174 4.564168 0.020840 1.000000 
4.563177 0.095109 0.191753 3.126467e-07 0.00001095168 14.376823 0.168391 1.022247 4.564168 0.020840 1.000000 
4.586243 0.095590 0.071973 5.252425e-09 0.00001100703 14.353757 0.167910 1.142027 4.587239 0.020840 1.000000 
4.586243 0.095590 0.111899 1.873347e-07 0.00001100703 14.353757 0.167910 1.102101 4.587239 0.020840 1.000000 
4.586243 0.095590 0.151826 5.009390e-07 0.00001100703 14.353757 0.167910 1.062174 4.587239 0.020840 1.000000 
4.586243 0.095590 0.191753 2.926059e-07 0.00001100703 14.353757 0.167910 1.022247 4.587239 0.020840 1.000000 
4.609308 0.096071 0.071973 1.757935e-09 0.00001106239 14.330692 0.167429 1.142027 4.610309 0.020840 1.000000 
4.609308 0.096071 0.111899 2.230821e-07 0.00001106239 14.330692 0.167429 1.102101 4.610309 0.020840 1.000000 
4.609308 0.096071 0.151826 4.533135e-07 0.00001106239 14.330692 0.167429 1.062174 4.610309 0.020840 1.000000 
4.609308 0.096071 0.191753 3.304592e-07 0.00001106239 14.330692 0.167429 1.022247 4.610309 0.020840 1.000000 
4.632373 0.096551 0.071973 3.523465e-09 0.00001111775 14.307627 0.166949 1.142027 4.633379 0.020840 1.000000 
4.632373 0.096551 0.111899 1.832629e-07 0.00001111775 14.307627 0.166949 1.102101 4.633379 0.020840 1.000000 
4.632373 0.096551 0.151826 4.601233e-07 0.00001111775 14.307627 0.166949 1.062174 4.633379 0.020840 1.000000 
4.632373 0.096551 0.191753 3.439082e-07 0.00001111775 14.307627 0.166949 1.022247 4.633379 0.020840 1.000000 
4.655439 0.097032 0.071973 3.533036e-09 0.00001117310 14.284561 0.166468 1.142027 4.656450 0.020840 1.000000 
4.655439 0.097032 0.111899 1.909002e-07 0.00001117310 14.284561 0.166468 1.102101 4.656450 0.020840 1.000000 
4.655439 0.097032 0.151826 4.545207e-07 0.00001117310 14.284561 0.166468 1.062174 4.656450 0.020840 1.000000 
4.655439 0.097032 0.191753 3.768616e-07 0.00001117310 14.284561 0.166468 1.022247 4.656450 0.020840 1.000000 
4.678504 0.097513 0.111899 1.489600e-07 0.00001122846 14.261496 0.165987 1.102101 4.679520 0.020840 1.000000 
4.678504 0.097513 0.151826 4.257803e-07 0.00001122846 14.261496 0.165987 1.062174 4.679520 0.020840 1.000000 
4.678504 0.097513 0.191753 4.241711e-07 0.00001122846 14.261496 0.165987 1.022247 4.679520 0.020840 1.000000 
4.701570 0.097994 0.111899 1.369736e-07 0.00001128382 14.238430 0.165506 1.102101 4.702591 0.020840 1.000000 
4.701570 0.097994 0.151826 4.414182e-07 0.00001128382 14.238430 0.165506 1.062174 4.702591 0.020840 1.000000 
4.701570 0.097994 0.191753 3.828217e-07 0.00001128382 14.238430 0.165506 1.022247 4.702591 0.020840 1.000000 
4.701570 0.097994 0.231679 3.565367e-09 0.00001128382 14.238430 0.165506 0.982321 4.702591 0.020840 1.000000 
4.724635 0.098474 0.111899 1.070873e-07 0.00001133918 14.215365 0.165026 1.102101 4.725661 0.020840 1.000000 
4.724635 0.098474 0.151826 4.714374e-07 0.00001133918 14.215365 0.165026 1.062174 4.725661 0.020840 1.000000 
4.724635 0.098474 0.191753 4.197716e-07 0.00001133918 14.215365 0.165026 1.022247 4.725661 0.020840 1.000000 
4.724635 0.098474 0.231679 1.429761e-08 0.00001133918 14.215365 0.165026 0.982321 4.725661 0.020840 1.000000 
4.747700 0.098955 0.111899 1.020535e-07 0.00001139453 14.192300 0.164545 1.102101 4.748731 0.020840 1.000000 
4.747700 0.098955 0.151826 4.442403e-07 0.00001139453 14.192300 0.164545 1.062174 4.748731 0.020840 1.000000 
4.747700 0.098955 0.191753 4.445293e-07 0.00001139453 14.192300 0.164545 1.022247 4.748731 0.020840 1.000000 
4.747700 0.098955 0.231679 1.256215e-08 0.00001139453 14.192300 0.164545 0.982321 4.748731 0.020840 1.000000 
4.770766 0.099436 0.111899 1.006050e-07 0.00001144989 14.169234 0.164064 1.102101 4.771802 0.020840 1.000000 
4.770766 0.099436 0.151826 4.169206e-07 0.00001144989 14.169234 0.164064 1.062174 4.771802 0.020840 1.000000 
4.770766 0.099436 0.191753 4.782496e-07 0.00001144989 14.169234 0.164064 1.022247 4.771802 0.020840 1.000000 
4.770766 0.099436 0.231679 1.978270e-08 0.00001144989 14.169234 0.164064 0.982321 4.771802 0.020840 1.000000 
4.793831 0.099917 0.111899 8.292470e-08 0.00001150525 14.146169 0.163583 1.102101 4.794872 0.020840 1.000000 
4.793831 0.099917 0.151826 3.949038e-07 0.00001150525 14.146169 0.163583 1.062174 4.794872 0.020840 1.000000 
4.793831 0.099917 0.191753 4.328900e-07 0.00001150525 14.146169 0.163583 1.022247 4.794872 0.020840 1.000000 
4.793831 0.099917 0.231679 2.887362e-08 0.00001150525 14.146169 0.163583 0.982321 4.794872 0.020840 1.000000 
4.816896 0.100397 0.111899 5.968429e-08 0.00001156060 14.123104 0.163103 1.102101 4.817943 0.020840 1.000000 
4.816896 0.100397 0.151826 3.364513e-07 0.00001156060 14.123104 0.163103 1.062174 4.817943 0.020840 1.000000 
4.816896 0.100397 0.191753 4.813977e-07 0.00001156060 14.123104 0.163103 1.022247 4.817943 0.020840 1.000000 
4.816896 0.100397 0.231679 4.524636e-08 0.00001156060 14.123104 0.163103 0.982321 4.817943 0.020840 1.000000 
4.839962 0.100878 0.111899 6.349513e-08 0.00001161596 14.100038 0.162622 1.102101 4.841013 0.020840 1.000000 
4.839962 0.100878 0.151826 3.612191e-07 0.00001161596 14.100038 0.162622 1.062174 4.841013 0.020840 1.000000 
4.839962 0.100878 0.191753 4.484425e-07 0.00001161596 14.100038 0.162622 1.022247 4.841013 0.020840 1.000000 
4.839962 0.100878 0.231679 4.720937e-08 0.00001161596 14.100038 0.162622 0.982321 4.841013 0.020840 1.000000 
4.863027 0.101359 0.111899 5.461035e-08 0.00001167132 14.076973 0.162141 1.102101 4.864083 0.020840 1.000000 
4.863027 0.101359 0.151826 3.477687e-07 0.00001167132 14.076973 0.162141 1.062174 4.864083 0.020840 1.000000 
4.863027 0.101359 0.191753 4.608262e-07 0.00001167132 14.076973 0.162141 1.022247 4.864083 0.020840 1.000000 
4.863027 0.101359 0.231679 7.469187e-08 0.00001167132 14.076973 0.162141 0.982321 4.864083 0.020840 1.000000 
4.886092 0.101840 0.111899 4.019095e-08 0.00001172667 14.053908 0.161660 1.102101 4.887154 0.020840 1.000000 
4.886092 0.101840 0.151826 3.214517e-07 0.00001172667 14.053908 0.161660 1.062174 4.887154 0.020840 1.000000 
4.886092 0.101840 0.191753 5.098526e-07 0.00001172667 14.053908 0.161660 1.022247 4.887154 0.020840 1.000000 
4.886092 0.101840 0.231679 7.130925e-08 0.00001172667 14.053908 0.161660 0.982321 4.887154 0.020840 1.000000 
4.909158 0.102320 0.111899 4.396648e-08 0.00001178203 14.030842 0.161180 1.102101 4.910224 0.020840 1.000000 
4.909158 0.102320 0.151826 3.518848e-07 0.00001178203 14.030842 0.161180 1.062174 4.910224 0.020840 1.000000 
4.909158 0.102320 0.191753 4.785251e-07 0.00001178203 14.030842 0.161180 1.022247 4.910224 0.020840 1.000000 
4.909158 0.102320 0.231679 9.352934e-08 0.00001178203 14.030842 0.161180 0.982321 4.910224 0.020840 1.000000 
4.932223 0.102801 0.111899 3.308256e-08 0.00001183739 14.007777 0.160699 1.102101 4.933294 0.020840 1.000000 
4.932223 0.102801 0.151826 2.831349e-07 0.00001183739 14.007777 0.160699 1.062174 4.933294 0.020840 1.000000 
4.932223 0.102801 0.191753 5.150176e-07 0.00001183739 14.007777 0.160699 1.022247 4.933294 0.020840 1.000000 
4.932223 0.102801 0.231679 1.343193e-07 0.00001183739 14.007777 0.160699 0.982321 4.933294 0.020840 1.000000 
4.955289 0.103282 0.111899 2.765179e-08 0.00001189275 13.984711 0.160218 1.102101 4.956365 0.020840 1.000000 
4.955289 0.103282 0.151826 2.877473e-07 0.00001189275 13.984711 0.160218 1.062174 4.956365 0.020840 1.000000 
4.955289 0.103282 0.191753 4.797886e-07 0.00001189275 13.984711 0.160218 1.022247 4.956365 0.020840 1.000000 
4.955289 0.103282 0.231679 1.236688e-07 0.00001189275 13.984711 0.160218 0.982321 4.956365 0.020840 1.000000 
4.978354 0.103763 0.111899 1.480011e-08 0.00001194810 13.961646 0.159737 1.102101 4.979435 0.020840 1.000000 
4.978354 0.103763 0.151826 2.609565e-07 0.00001194810 13.961646 0.159737 1.062174 4.979435 0.020840 1.000000 
4.978354 0.103763 0.191753 4.999417e-07 0.00001194810 13.961646 0.159737 1.022247 4.979435 0.020840 1.000000 
4.978354 0.103763 0.231679 1.648229e-07 0.00001194810 13.961646 0.159737 0.982321 4.979435 0.020840 1.000000 
5.001419 0.104243 0.111899 7.426732e-09 0.00001200346 13.938581 0.159257 1.102101 5.002506 0.020840 1.000000 
5.001419 0.104243 0.151826 2.710745e-07 0.00001200346 13.938581 0.159257 1.062174 5.002506 0.020840 1.000000 
5.001419 0.104243 0.191753 5.869682e-07 0.00001200346 13.938581 0.159257 1.022247 5.002506 0.020840 1.000000 
5.001419 0.104243 0.231679 1.561083e-07 0.00001200346 13.938581 0.159257 0.982321 5.002506 0.020840 1.000000 
5.024485 0.104724 0.111899 3.720735e-09 0.00001205882 13.915515 0.158776 1.102101 5.025576 0.020840 1.000000 
5.024485 0.104724 0.151826 3.111090e-07 0.00001205882 13.915515 0.158776 1.062174 5.025576 0.020840 1.000000 
5.024485 0.104724 0.191753 4.660155e-07 0.00001205882 13.915515 0.158776 1.022247 5.025576 0.020840 1.000000 
5.024485 0.104724 0.231679 1.622057e-07 0.00001205882 13.915515 0.158776 0.982321 5.025576 0.020840 1.000000 
5.047550 0.105205 0.111899 3.740482e-09 0.00001211417 13.892450 0.158295 1.102101 5.048646 0.020840 1.000000 
5.047550 0.105205 0.151826 2.392315e-07 0.00001211417 13.892450 0.158295 1.062174 5.048646 0.020840 1.000000 
5.047550 0.105205 0.191753 5.067423e-07 0.00001211417 13.892450 0.158295 1.022247 5.048646 0.020840 1.000000 
5.047550 0.105205 0.231679 1.889329e-07 0.00001211417 13.892450 0.158295 0.982321 5.048646 0.020840 1.000000 
5.070615 0.105686 0.111899 5.616447e-09 0.00001216953 13.869385 0.157814 1.102101 5.071717 0.020840 1.000000 
5.070615 0.105686 0.151826 2.082121e-07 0.00001216953 13.869385 0.157814 1.062174 5.071717 0.020840 1.000000 
5.070615 0.105686 0.191753 4.859051e-07 0.00001216953 13.869385 0.157814 1.022247 5.071717 0.020840 1.000000 
5.070615 0.105686 0.231679 2.045731e-07 0.00001216953 13.869385 0.157814 0.982321 5.071717 0.020840 1.000000 
5.093681 0.106166 0.111899 3.757371e-09 0.00001222489 13.846319 0.157334 1.102101 5.094787 0.020840 1.000000 
5.093681 0.106166 0.151826 1.881242e-07 0.00001222489 13.846319 0.157334 1.062174 5.094787 0.020840 1.000000 
5.093681 0.106166 0.191753 4.705738e-07 0.00001222489 13.846319 0.157334 1.022247 5.094787 0.020840 1.000000 
5.093681 0.106166 0.231679 2.617375e-07 0.00001222489 13.846319 0.157334 0.982321 5.094787 0.020840 1.000000 
5.116746 0.106647 0.151826 1.642453e-07 0.00001228025 13.823254 0.156853 1.062174 5.117857 0.020840 1.000000 
5.116746 0.106647 0.191753 4.758910e-07 0.00001228025 13.823254 0.156853 1.022247 5.117857 0.020840 1.000000 
5.116746 0.106647 0.231679 2.758514e-07 0.00001228025 13.823254 0.156853 0.982321 5.117857 0.020840 1.000000 
5.139812 0.107128 0.111899 1.892217e-09 0.00001233560 13.800188 0.156372 1.102101 5.140928 0.020840 1.000000 
5.139812 0.107128 0.151826 1.761556e-07 0.00001233560 13.800188 0.156372 1.062174 5.140928 0.020840 1.000000 
5.139812 0.107128 0.191753 4.756451e-07 0.00001233560 13.800188 0.156372 1.022247 5.140928 0.020840 1.000000 
5.139812 0.107128 0.231679 2.710371e-07 0.00001233560 13.800188 0.156372 0.982321 5.140928 0.020840 1.000000 
5.162877 0.107608 0.151826 1.615824e-07 0.00001239096 13.777123 0.155892 1.062174 5.163998 0.020840 1.000000 
5.162877 0.107608 0.191753 4.221226e-07 0.00001239096 13.777123 0.155892 1.022247 5.163998 0.020840 1.000000 
5.162877 0.107608 0.231679 2.719684e-07 0.00001239096 13.777123 0.155892 0.982321 5.163998 0.020840 1.000000 
5.185942 0.108089 0.151826 1.315820e-07 0.00001244632 13.754058 0.155411 1.062174 5.187069 0.020840 1.000000 
5.185942 0.108089 0.191753 4.826630e-07 0.00001244632 13.754058 0.155411 1.022247 5.187069 0.020840 1.000000 
5.185942 0.108089 0.231679 3.167518e-07 0.00001244632 13.754058 0.155411 0.982321 5.187069 0.020840 1.000000 
5.209008 0.108570 0.151826 1.186313e-07 0.00001250167 13.730992 0.154930 1.062174 5.210139 0.020840 1.000000 
5.209008 0.108570 0.191753 4.976383e-07 0.00001250167 13.730992 0.154930 1.022247 5.210139 0.020840 1.000000 
5.209008 0.108570 0.231679 3.120786e-07 0.00001250167 13.730992 0.154930 0.982321 5.210139 0.020840 1.000000 
5.232073 0.109051 0.151826 8.254442e-08 0.00001255703 13.707927 0.154449 1.062174 5.233209 0.020840 1.000000 
5.232073 0.109051 0.191753 3.802035e-07 0.00001255703 13.707927 0.154449 1.022247 5.233209 0.020840 1.000000 
5.232073 0.109051 0.231679 3.284594e-07 0.00001255703 13.707927 0.154449 0.982321 5.233209 0.020840 1.000000 
5.255138 0.109531 0.151826 8.473178e-08 0.00001261239 13.684862 0.153969 1.062174 5.256280 0.020840 1.000000 
5.255138 0.109531 0.191753 4.180399e-07 0.00001261239 13.684862 0.153969 1.022247 5.256280 0.020840 1.000000 
5.255138 0.109531 0.231679 3.932143e-07 0.00001261239 13.684862 0.153969 0.982321 5.256280 0.020840 1.000000 
5.278204 0.110012 0.151826 8.115460e-08 0.00001266775 13.661796 0.153488 1.062174 5.279350 0.020840 1.000000 
5.278204 0.110012 0.191753 4.175649e-07 0.00001266775 13.661796 0.153488 1.022247 5.279350 0.020840 1.000000 
5.278204 0.110012 0.231679 4.235162e-07 0.00001266775 13.661796 0.153488 0.982321 5.279350 0.020840 1.000000 
5.301269 0.110493 0.151826 4.847709e-08 0.00001272310 13.638731 0.153007 1.062174 5.302421 0.020840 1.000000 
5.301269 0.110493 0.191753 3.821436e-07 0.00001272310 13.638731 0.153007 1.022247 5.302421 0.020840 1.000000 
5.301269 0.110493 0.231679 3.997482e-07 0.00001272310 13.638731 0.153007 0.982321 5.302421 0.020840 1.000000 
5.301269 0.110493 0.271606 1.939143e-09 0.00001272310 13.638731 0.153007 0.942394 5.302421 0.020840 1.000000 
5.324335 0.110974 0.151826 5.446094e-08 0.00001277846 13.615665 0.152526 1.062174 5.325491 0.020840 1.000000 
5.324335 0.110974 0.191753 3.892724e-07 0.00001277846 13.615665 0.152526 1.022247 5.325491 0.020840 1.000000 
5.324335 0.110974 0.231679 4.381171e-07 0.00001277846 13.615665 0.152526 0.982321 5.325491 0.020840 1.000000 
5.324335 0.110974 0.271606 3.894537e-09 0.00001277846 13.615665 0.152526 0.942394 5.325491 0.020840 1.000000 
5.347400 0.111454 0.151826 4.489449e-08 0.00001283382 13.592600 0.152046 1.062174 5.348561 0.020840 1.000000 
5.347400 0.111454 0.191753 3.925681e-07 0.00001283382 13.592600 0.152046 1.022247 5.348561 0.020840 1.000000 
5.347400 0.111454 0.231679 4.610111e-07 0.00001283382 13.592600 0.152046 0.982321 5.348561 0.020840 1.000000 
5.347400 0.111454 0.271606 9.770424e-09 0.00001283382 13.592600 0.152046 0.942394 5.348561 0.020840 1.000000 
5.370465 0.111935 0.151826 5.678850e-08 0.00001288917 13.569535 0.151565 1.062174 5.371632 0.020840 1.000000 
5.370465 0.111935 0.191753 3.664321e-07 0.00001288917 13.569535 0.151565 1.022247 5.371632 0.020840 1.000000 
5.370465 0.111935 0.231679 4.175195e-07 0.00001288917 13.569535 0.151565 0.982321 5.371632 0.020840 1.000000 
5.370465 0.111935 0.271606 1.765205e-08 0.00001288917 13.569535 0.151565 0.942394 5.371632 0.020840 1.000000 
5.393531 0.112416 0.151826 3.733702e-08 0.00001294453 13.546469 0.151084 1.062174 5.394702 0.020840 1.000000 
5.393531 0.112416 0.191753 3.558832e-07 0.00001294453 13.546469 0.151084 1.022247 5.394702 0.020840 1.000000 
5.393531 0.112416 0.231679 4.347241e-07 0.00001294453 13.546469 0.151084 0.982321 5.394702 0.020840 1.000000 
5.393531 0.112416 0.271606 1.573613e-08 0.00001294453 13.546469 0.151084 0.942394 5.394702 0.020840 1.000000 
5.416596 0.112897 0.151826 2.563178e-08 0.00001299989 13.523404 0.150603 1.062174 5.417772 0.020840 1.000000 
5.416596 0.112897 0.191753 3.038277e-07 0.00001299989 13.523404 0.150603 1.022247 5.417772 0.020840 1.000000 
5.416596 0.112897 0.231679 4.322060e-07 0.00001299989 13.523404 0.150603 0.982321 5.417772 0.020840 1.000000 
5.416596 0.112897 0.271606 4.935390e-08 0.00001299989 13.523404 0.150603 0.942394 5.417772 0.020840 1.000000 
5.439661 0.113377 0.151826 2.770589e-08 0.00001305525 13.500339 0.150123 1.062174 5.440843 0.020840 1.000000 
5.439661 0.113377 0.191753 3.562774e-07 0.00001305525 13.500339 0.150123 1.022247 5.440843 0.020840 1.000000 
5.439661 0.113377 0.231679 4.455697e-07 0.00001305525 13.500339 0.150123 0.982321 5.440843 0.020840 1.000000 
5.439661 0.113377 0.271606 4.753390e-08 0.00001305525 13.500339 0.150123 0.942394 5.440843 0.020840 1.000000 
5.462727 0.113858 0.151826 9.917050e-09 0.00001311060 13.477273 0.149642 1.062174 5.463913 0.020840 1.000000 
5.462727 0.113858 0.191753 3.098806e-07 0.00001311060 13.477273 0.149642 1.022247 5.463913 0.020840 1.000000 
5.462727 0.113858 0.231679 4.470928e-07 0.00001311060 13.477273 0.149642 0.982321 5.463913 0.020840 1.000000 
5.462727 0.113858 0.271606 5.167179e-08 0.00001311060 13.477273 0.149642 0.942394 5.463913 0.020840 1.000000 
5.485792 0.114339 0.151826 1.194822e-08 0.00001316596 13.454208 0.149161 1.062174 5.486984 0.020840 1.000000 
5.485792 0.114339 0.191753 3.029169e-07 0.00001316596 13.454208 0.149161 1.022247 5.486984 0.020840 1.000000 
5.485792 0.114339 0.231679 4.785684e-07 0.00001316596 13.454208 0.149161 0.982321 5.486984 0.020840 1.000000 
5.485792 0.114339 0.271606 6.981858e-08 0.00001316596 13.454208 0.149161 0.942394 5.486984 0.020840 1.000000 
5.508858 0.114820 0.151826 5.989938e-09 0.00001322132 13.431142 0.148680 1.062174 5.510054 0.020840 1.000000 
5.508858 0.114820 0.191753 2.479670e-07 0.00001322132 13.431142 0.148680 1.022247 5.510054 0.020840 1.000000 
5.508858 0.114820 0.231679 4.761672e-07 0.00001322132 13.431142 0.148680 0.982321 5.510054 0.020840 1.000000 
5.508858 0.114820 0.271606 6.404203e-08 0.00001322132 13.431142 0.148680 0.942394 5.510054 0.020840 1.000000 
5.531923 0.115300 0.151826 2.007099e-09 0.00001327667 13.408077 0.148200 1.062174 5.533124 0.020840 1.000000 
5.531923 0.115300 0.191753 2.628684e-07 0.00001327667 13.408077 0.148200 1.022247 5.533124 0.020840 1.000000 
5.531923 0.115300 0.231679 5.339831e-07 0.00001327667 13.408077 0.148200 0.982321 5.533124 0.020840 1.000000 
5.531923 0.115300 0.271606 1.044227e-07 0.00001327667 13.408077 0.148200 0.942394 5.533124 0.020840 1.000000 
5.554988 0.115781 0.191753 2.295469e-07 0.00001333203 13.385012 0.147719 1.022247 5.556195 0.020840 1.000000 
5.554988 0.115781 0.231679 4.613040e-07 0.00001333203 13.385012 0.147719 0.982321 5.556195 0.020840 1.000000 
5.554988 0.115781 0.271606 1.309816e-07 0.00001333203 13.385012 0.147719 0.942394 5.556195 0.020840 1.000000 
5.578054 0.116262 0.191753 2.020435e-07 0.00001338739 13.361946 0.147238 1.022247 5.579265 0.020840 1.000000 
5.578054 0.116262 0.231679 4.204330e-07 0.00001338739 13.361946 0.147238 0.982321 5.579265 0.020840 1.000000 
5.578054 0.116262 0.271606 1.395244e-07 0.00001338739 13.361946 0.147238 0.942394 5.579265 0.020840 1.000000 
5.601119 0.116743 0.151826 2.025128e-09 0.00001344275 13.338881 0.146757 1.062174 5.602335 0.020840 1.000000 
5.601119 0.116743 0.191753 1.621937e-07 0.00001344275 13.338881 0.146757 1.022247 5.602335 0.020840 1.000000 
5.601119 0.116743 0.231679 4.624722e-07 0.00001344275 13.338881 0.146757 0.982321 5.602335 0.020840 1.000000 
5.601119 0.116743 0.271606 1.725005e-07 0.00001344275 13.338881 0.146757 0.942394 5.602335 0.020840 1.000000 
5.624184 0.117223 0.191753 1.586915e-07 0.00001349810 13.315816 0.146277 1.022247 5.625406 0.020840 1.000000 
5.624184 0.117223 0.231679 4.334775e-07 0.00001349810 13.315816 0.146277 0.982321 5.625406 0.020840 1.000000 
5.624184 0.117223 0.271606 2.076722e-07 0.00001349810 13.315816 0.146277 0.942394 5.625406 0.020840 1.000000 
5.647250 0.117704 0.191753 1.653678e-07 0.00001355346 13.292750 0.145796 1.022247 5.648476 0.020840 1.000000 
5.647250 0.117704 0.231679 5.065013e-07 0.00001355346 13.292750 0.145796 0.982321 5.648476 0.020840 1.000000 
5.647250 0.117704 0.271606 1.613854e-07 0.00001355346 13.292750 0.145796 0.942394 5.648476 0.020840 1.000000 
5.670315 0.118185 0.191753 1.638680e-07 0.00001360882 13.269685 0.145315 1.022247 5.671547 0.020840 1.000000 
5.670315 0.118185 0.231679 4.529831e-07 0.00001360882 13.269685 0.145315 0.982321 5.671547 0.020840 1.000000 
5.670315 0.118185 0.271606 2.049895e-07 0.00001360882 13.269685 0.145315 0.942394 5.671547 0.020840 1.000000 
5.693380 0.118666 0.191753 1.356785e-07 0.00001366417 13.246620 0.144834 1.022247 5.694617 0.020840 1.000000 
5.693380 0.118666 0.231679 4.318464e-07 0.00001366417 13.246620 0.144834 0.982321 5.694617 0.020840 1.000000 
5.693380 0.118666 0.271606 2.057222e-07 0.00001366417 13.246620 0.144834 0.942394 5.694617 0.020840 1.000000 
5.716446 0.119146 0.191753 1.175947e-07 0.00001371953 13.223554 0.144354 1.022247 5.717687 0.020840 1.000000 
5.716446 0.119146 0.231679 3.982853e-07 0.00001371953 13.223554 0.144354 0.982321 5.717687 0.020840 1.000000 
5.716446 0.119146 0.271606 2.683471e-07 0.00001371953 13.223554 0.144354 0.942394 5.717687 0.020840 1.000000 
5.739511 0.119627 0.191753 8.899197e-08 0.00001377489 13.200489 0.143873 1.022247 5.740758 0.020840 1.000000 
5.739511 0.119627 0.231679 4.183135e-07 0.00001377489 13.200489 0.143873 0.982321 5.740758 0.020840 1.000000 
5.739511 0.119627 0.271606 2.527439e-07 0.00001377489 13.200489 0.143873 0.942394 5.740758 0.020840 1.000000 
5.762577 0.120108 0.191753 7.478225e-08 0.00001383025 13.177423 0.143392 1.022247 5.763828 0.020840 1.000000 
5.762577 0.120108 0.231679 3.886158e-07 0.00001383025 13.177423 0.143392 0.982321 5.763828 0.020840 1.000000 
5.762577 0.120108 0.271606 3.014559e-07 0.00001383025 13.177423 0.143392 0.942394 5.763828 0.020840 1.000000 
5.785642 0.120589 0.191753 7.713349e-08 0.00001388560 13.154358 0.142911 1.022247 5.786899 0.020840 1.000000 
5.785642 0.120589 0.231679 4.232946e-07 0.00001388560 13.154358 0.142911 0.982321 5.786899 0.020840 1.000000 
5.785642 0.120589 0.271606 2.837224e-07 0.00001388560 13.154358 0.142911 0.942394 5.786899 0.020840 1.000000 
5.808707 0.121069 0.191753 5.857168e-08 0.00001394096 13.131293 0.142431 1.022247 5.809969 0.020840 1.000000 
5.808707 0.121069 0.231679 3.975884e-07 0.00001394096 13.131293 0.142431 0.982321 5.809969 0.020840 1.000000 
5.808707 0.121069 0.271606 2.868065e-07 0.00001394096 13.131293 0.142431 0.942394 5.809969 0.020840 1.000000 
5.831773 0.121550 0.191753 5.877519e-08 0.00001399632 13.108227 0.141950 1.022247 5.833039 0.020840 1.000000 
5.831773 0.121550 0.231679 4.032106e-07 0.00001399632 13.108227 0.141950 0.982321 5.833039 0.020840 1.000000 
5.831773 0.121550 0.271606 3.235496e-07 0.00001399632 13.108227 0.141950 0.942394 5.833039 0.020840 1.000000 
5.854838 0.122031 0.191753 2.738006e-08 0.00001405167 13.085162 0.141469 1.022247 5.856110 0.020840 1.000000 
5.854838 0.122031 0.231679 3.624999e-07 0.00001405167 13.085162 0.141469 0.982321 5.856110 0.020840 1.000000 
5.854838 0.122031 0.271606 3.056909e-07 0.00001405167 13.085162 0.141469 0.942394 5.856110 0.020840 1.000000 
5.877903 0.122512 0.191753 2.537854e-08 0.00001410703 13.062097 0.140988 1.022247 5.879180 0.020840 1.000000 
5.877903 0.122512 0.231679 3.679993e-07 0.00001410703 13.062097 0.140988 0.982321 5.879180 0.020840 1.000000 
5.877903 0.122512 0.271606 3.702189e-07 0.00001410703 13.062097 0.140988 0.942394 5.879180 0.020840 1.000000 
5.900969 0.122992 0.191753 1.485054e-08 0.00001416239 13.039031 0.140508 1.022247 5.902250 0.020840 1.000000 
5.900969 0.122992 0.231679 3.522228e-07 0.00001416239 13.039031 0.140508 0.982321 5.902250 0.020840 1.000000 
5.900969 0.122992 0.271606 3.927559e-07 0.00001416239 13.039031 0.140508 0.942394 5.902250 0.020840 1.000000 
5.924034 0.123473 0.191753 8.512979e-09 0.00001421775 13.015966 0.140027 1.022247 5.925321 0.020840 1.000000 
5.924034 0.123473 0.231679 3.024443e-07 0.00001421775 13.015966 0.140027 0.982321 5.925321 0.020840 1.000000 
5.924034 0.123473 0.271606 3.643443e-07 0.00001421775 13.015966 0.140027 0.942394 5.925321 0.020840 1.000000 
5.947100 0.123954 0.191753 1.067047e-08 0.00001427310 12.992900 0.139546 1.022247 5.948391 0.020840 1.000000 
5.947100 0.123954 0.231679 2.650130e-07 0.00001427310 12.992900 0.139546 0.982321 5.948391 0.020840 1.000000 
5.947100 0.123954 0.271606 3.933770e-07 0.00001427310 12.992900 0.139546 0.942394 5.948391 0.020840 1.000000 
5.947100 0.123954 0.311532 6.423343e-09 0.00001427310 12.992900 0.139546 0.902468 5.948391 0.020840 1.000000 
5.970165 0.124435 0.191753 4.288691e-09 0.00001432846 12.969835 0.139065 1.022247 5.971462 0.020840 1.000000 
5.970165 0.124435 0.231679 2.788622e-07 0.00001432846 12.969835 0.139065 0.982321 5.971462 0.020840 1.000000 
5.970165 0.124435 0.271606 4.055582e-07 0.00001432846 12.969835 0.139065 0.942394 5.971462 0.020840 1.000000 
5.970165 0.124435 0.311532 4.296563e-09 0.00001432846 12.969835 0.139065 0.902468 5.971462 0.020840 1.000000 
5.993230 0.124915 0.191753 6.454105e-09 0.00001438382 12.946770 0.138585 1.022247 5.994532 0.020840 1.000000 
5.993230 0.124915 0.231679 2.173783e-07 0.00001438382 12.946770 0.138585 0.982321 5.994532 0.020840 1.000000 
5.993230 0.124915 0.271606 3.897552e-07 0.00001438382 12.946770 0.138585 0.942394 5.994532 0.020840 1.000000 
5.993230 0.124915 0.311532 3.016353e-08 0.00001438382 12.946770 0.138585 0.902468 5.994532 0.020840 1.000000 
6.016296 0.125396 0.191753 2.161188e-09 0.00001443917 12.923704 0.138104 1.022247 6.017602 0.020840 1.000000 
6.016296 0.125396 0.231679 2.527179e-07 0.00001443917 12.923704 0.138104 0.982321 6.017602 0.020840 1.000000 
6.016296 0.125396 0.271606 4.408148e-07 0.00001443917 12.923704 0.138104 0.942394 6.017602 0.020840 1.000000 
6.016296 0.125396 0.311532 2.377453e-08 0.00001443917 12.923704 0.138104 0.902468 6.017602 0.020840 1.000000 
6.039361 0.125877 0.191753 2.165125e-09 0.00001449453 12.900639 0.137623 1.022247 6.040673 0.020840 1.000000 
6.039361 0.125877 0.231679 2.189567e-07 0.00001449453 12.900639 0.137623 0.982321 6.040673 0.020840 1.000000 
6.039361 0.125877 0.271606 3.665120e-07 0.00001449453 12.900639 0.137623 0.942394 6.040673 0.020840 1.000000 
6.039361 0.125877 0.311532 3.471360e-08 0.00001449453 12.900639 0.137623 0.902468 6.040673 0.020840 1.000000 
6.062426 0.126358 0.231679 1.914302e-07 0.00001454989 12.877574 0.137142 0.982321 6.063743 0.020840 1.000000 
6.062426 0.126358 0.271606 4.135129e-07 0.00001454989 12.877574 0.137142 0.942394 6.063743 0.020840 1.000000 
6.062426 0.126358 0.311532 3.266023e-08 0.00001454989 12.877574 0.137142 0.902468 6.063743 0.020840 1.000000 
6.085492 0.126838 0.191753 2.184632e-09 0.00001460525 12.854508 0.136662 1.022247 6.086813 0.020840 1.000000 
6.085492 0.126838 0.231679 1.877440e-07 0.00001460525 12.854508 0.136662 0.982321 6.086813 0.020840 1.000000 
6.085492 0.126838 0.271606 4.368649e-07 0.00001460525 12.854508 0.136662 0.942394 6.086813 0.020840 1.000000 
6.085492 0.126838 0.311532 5.461099e-08 0.00001460525 12.854508 0.136662 0.902468 6.086813 0.020840 1.000000 
6.108557 0.127319 0.231679 1.818390e-07 0.00001466060 12.831443 0.136181 0.982321 6.109884 0.020840 1.000000 
6.108557 0.127319 0.271606 4.340366e-07 0.00001466060 12.831443 0.136181 0.942394 6.109884 0.020840 1.000000 
6.108557 0.127319 0.311532 6.139077e-08 0.00001466060 12.831443 0.136181 0.902468 6.109884 0.020840 1.000000 
6.131623 0.127800 0.231679 1.297650e-07 0.00001471596 12.808377 0.135700 0.982321 6.132954 0.020840 1.000000 
6.131623 0.127800 0.271606 4.597092e-07 0.00001471596 12.808377 0.135700 0.942394 6.132954 0.020840 1.000000 
6.131623 0.127800 0.311532 9.902724e-08 0.00001471596 12.808377 0.135700 0.902468 6.132954 0.020840 1.000000 
6.154688 0.128281 0.231679 1.169483e-07 0.00001477132 12.785312 0.135219 0.982321 6.156025 0.020840 1.000000 
6.154688 0.128281 0.271606 3.974016e-07 0.00001477132 12.785312 0.135219 0.942394 6.156025 0.020840 1.000000 
6.154688 0.128281 0.311532 8.611108e-08 0.00001477132 12.785312 0.135219 0.902468 6.156025 0.020840 1.000000 
6.177753 0.128761 0.231679 1.062972e-07 0.00001482667 12.762247 0.134739 0.982321 6.179095 0.020840 1.000000 
6.177753 0.128761 0.271606 4.121168e-07 0.00001482667 12.762247 0.134739 0.942394 6.179095 0.020840 1.000000 
6.177753 0.128761 0.311532 1.174600e-07 0.00001482667 12.762247 0.134739 0.902468 6.179095 0.020840 1.000000 
6.200819 0.129242 0.231679 8.003160e-08 0.00001488203 12.739181 0.134258 0.982321 6.202165 0.020840 1.000000 
6.200819 0.129242 0.271606 3.802869e-07 0.00001488203 12.739181 0.134258 0.942394 6.202165 0.020840 1.000000 
6.200819 0.129242 0.311532 1.290042e-07 0.00001488203 12.739181 0.134258 0.902468 6.202165 0.020840 1.000000 
6.223884 0.129723 0.231679 8.031750e-08 0.00001493739 12.716116 0.133777 0.982321 6.225236 0.020840 1.000000 
6.223884 0.129723 0.271606 3.927225e-07 0.00001493739 12.716116 0.133777 0.942394 6.225236 0.020840 1.000000 
6.223884 0.129723 0.311532 1.629509e-07 0.00001493739 12.716116 0.133777 0.902468 6.225236 0.020840 1.000000 
6.246949 0.130204 0.231679 6.268927e-08 0.00001499275 12.693051 0.133296 0.982321 6.248306 0.020840 1.000000 
6.246949 0.130204 0.271606 3.336959e-07 0.00001499275 12.693051 0.133296 0.942394 6.248306 0.020840 1.000000 
6.246949 0.130204 0.311532 1.456434e-07 0.00001499275 12.693051 0.133296 0.902468 6.248306 0.020840 1.000000 
6.270015 0.130684 0.231679 6.292424e-08 0.00001504810 12.669985 0.132816 0.982321 6.271377 0.020840 1.000000 
6.270015 0.130684 0.271606 3.416834e-07 0.00001504810 12.669985 0.132816 0.942394 6.271377 0.020840 1.000000 
6.270015 0.130684 0.311532 1.798396e-07 0.00001504810 12.669985 0.132816 0.902468 6.271377 0.020840 1.000000 
6.293080 0.131165 0.231679 5.411684e-08 0.00001510346 12.646920 0.132335 0.982321 6.294447 0.020840 1.000000 
6.293080 0.131165 0.271606 3.294474e-07 0.00001510346 12.646920 0.132335 0.942394 6.294447 0.020840 1.000000 
6.293080 0.131165 0.311532 1.602310e-07 0.00001510346 12.646920 0.132335 0.902468 6.294447 0.020840 1.000000 
6.316146 0.131646 0.231679 6.111627e-08 0.00001515882 12.623854 0.131854 0.982321 6.317517 0.020840 1.000000 
6.316146 0.131646 0.271606 3.034214e-07 0.00001515882 12.623854 0.131854 0.942394 6.317517 0.020840 1.000000 
6.316146 0.131646 0.311532 1.812222e-07 0.00001515882 12.623854 0.131854 0.902468 6.317517 0.020840 1.000000 
6.339211 0.132127 0.231679 3.634651e-08 0.00001521417 12.600789 0.131373 0.982321 6.340588 0.020840 1.000000 
6.339211 0.132127 0.271606 2.727080e-07 0.00001521417 12.600789 0.131373 0.942394 6.340588 0.020840 1.000000 
6.339211 0.132127 0.311532 2.023075e-07 0.00001521417 12.600789 0.131373 0.902468 6.340588 0.020840 1.000000 
6.362276 0.132607 0.231679 1.368323e-08 0.00001526953 12.577724 0.130893 0.982321 6.363658 0.020840 1.000000 
6.362276 0.132607 0.271606 3.124499e-07 0.00001526953 12.577724 0.130893 0.942394 6.363658 0.020840 1.000000 
6.362276 0.132607 0.311532 2.235957e-07 0.00001526953 12.577724 0.130893 0.902468 6.363658 0.020840 1.000000 
6.385342 0.133088 0.231679 2.059118e-08 0.00001532489 12.554658 0.130412 0.982321 6.386728 0.020840 1.000000 
6.385342 0.133088 0.271606 2.518333e-07 0.00001532489 12.554658 0.130412 0.942394 6.386728 0.020840 1.000000 
6.385342 0.133088 0.311532 2.015074e-07 0.00001532489 12.554658 0.130412 0.902468 6.386728 0.020840 1.000000 
6.408407 0.133569 0.231679 6.893373e-09 0.00001538025 12.531593 0.129931 0.982321 6.409799 0.020840 1.000000 
6.408407 0.133569 0.271606 2.504432e-07 0.00001538025 12.531593 0.129931 0.942394 6.409799 0.020840 1.000000 
6.408407 0.133569 0.311532 2.068610e-07 0.00001538025 12.531593 0.129931 0.902468 6.409799 0.020840 1.000000 
6.431472 0.134049 0.231679 9.215693e-09 0.00001543560 12.508528 0.129451 0.982321 6.432869 0.020840 1.000000 
6.431472 0.134049 0.271606 2.767496e-07 0.00001543560 12.508528 0.129451 0.942394 6.432869 0.020840 1.000000 
6.431472 0.134049 0.311532 2.445628e-07 0.00001543560 12.508528 0.129451 0.902468 6.432869 0.020840 1.000000 
6.454538 0.134530 0.231679 4.632190e-09 0.00001549096 12.485462 0.128970 0.982321 6.455940 0.020840 1.000000 
6.454538 0.134530 0.271606 2.407035e-07 0.00001549096 12.485462 0.128970 0.942394 6.455940 0.020840 1.000000 
6.454538 0.134530 0.311532 2.570172e-07 0.00001549096 12.485462 0.128970 0.902468 6.455940 0.020840 1.000000 
6.477603 0.135011 0.231679 2.326152e-09 0.00001554632 12.462397 0.128489 0.982321 6.479010 0.020840 1.000000 
6.477603 0.135011 0.271606 1.765382e-07 0.00001554632 12.462397 0.128489 0.942394 6.479010 0.020840 1.000000 
6.477603 0.135011 0.311532 2.858107e-07 0.00001554632 12.462397 0.128489 0.902468 6.479010 0.020840 1.000000 
6.500669 0.135492 0.231679 2.332621e-09 0.00001560167 12.439331 0.128008 0.982321 6.502080 0.020840 1.000000 
6.500669 0.135492 0.271606 2.098298e-07 0.00001560167 12.439331 0.128008 0.942394 6.502080 0.020840 1.000000 
6.500669 0.135492 0.311532 2.612290e-07 0.00001560167 12.439331 0.128008 0.902468 6.502080 0.020840 1.000000 
6.523734 0.135972 0.271606 1.919216e-07 0.00001565703 12.416266 0.127528 0.942394 6.525151 0.020840 1.000000 
6.523734 0.135972 0.311532 3.043541e-07 0.00001565703 12.416266 0.127528 0.902468 6.525151 0.020840 1.000000 
6.546799 0.136453 0.271606 1.643811e-07 0.00001571239 12.393201 0.127047 0.942394 6.548221 0.020840 1.000000 
6.546799 0.136453 0.311532 3.313445e-07 0.00001571239 12.393201 0.127047 0.902468 6.548221 0.020840 1.000000 
6.569865 0.136934 0.271606 1.131920e-07 0.00001576775 12.370135 0.126566 0.942394 6.571292 0.020840 1.000000 
6.569865 0.136934 0.311532 3.019146e-07 0.00001576775 12.370135 0.126566 0.902468 6.571292 0.020840 1.000000 
6.569865 0.136934 0.351459 9.430842e-09 0.00001576775 12.370135 0.126566 0.862541 6.571292 0.020840 1.000000 
6.592930 0.137415 0.271606 1.159645e-07 0.00001582310 12.347070 0.126085 0.942394 6.594362 0.020840 1.000000 
6.592930 0.137415 0.311532 3.077735e-07 0.00001582310 12.347070 0.126085 0.902468 6.594362 0.020840 1.000000 
6.592930 0.137415 0.351459 2.365552e-09 0.00001582310 12.347070 0.126085 0.862541 6.594362 0.020840 1.000000 
6.615995 0.137895 0.271606 9.977232e-08 0.00001587846 12.324005 0.125605 0.942394 6.617432 0.020840 1.000000 
6.615995 0.137895 0.311532 3.635426e-07 0.00001587846 12.324005 0.125605 0.902468 6.617432 0.020840 1.000000 
6.615995 0.137895 0.351459 2.380620e-09 0.00001587846 12.324005 0.125605 0.862541 6.617432 0.020840 1.000000 
6.639061 0.138376 0.271606 9.061891e-08 0.00001593382 12.300939 0.125124 0.942394 6.640503 0.020840 1.000000 
6.639061 0.138376 0.311532 3.386865e-07 0.00001593382 12.300939 0.125124 0.902468 6.640503 0.020840 1.000000 
6.639061 0.138376 0.351459 1.670317e-08 0.00001593382 12.300939 0.125124 0.862541 6.640503 0.020840 1.000000 
6.662126 0.138857 0.271606 8.134785e-08 0.00001598917 12.277874 0.124643 0.942394 6.663573 0.020840 1.000000 
6.662126 0.138857 0.311532 2.848976e-07 0.00001598917 12.277874 0.124643 0.902468 6.663573 0.020840 1.000000 
6.662126 0.138857 0.351459 2.156692e-08 0.00001598917 12.277874 0.124643 0.862541 6.663573 0.020840 1.000000 
6.685191 0.139338 0.271606 8.646735e-08 0.00001604453 12.254809 0.124162 0.942394 6.686643 0.020840 1.000000 
6.685191 0.139338 0.311532 3.267714e-07 0.00001604453 12.254809 0.124162 0.902468 6.686643 0.020840 1.000000 
6.685191 0.139338 0.351459 3.364498e-08 0.00001604453 12.254809 0.124162 0.862541 6.686643 0.020840 1.000000 
6.708257 0.139818 0.271606 4.097945e-08 0.00001609989 12.231743 0.123682 0.942394 6.709714 0.020840 1.000000 
6.708257 0.139818 0.311532 2.870168e-07 0.00001609989 12.231743 0.123682 0.902468 6.709714 0.020840 1.000000 
6.708257 0.139818 0.351459 3.137405e-08 0.00001609989 12.231743 0.123682 0.862541 6.709714 0.020840 1.000000 
6.731322 0.140299 0.271606 5.323471e-08 0.00001615525 12.208678 0.123201 0.942394 6.732784 0.020840 1.000000 
6.731322 0.140299 0.311532 3.146832e-07 0.00001615525 12.208678 0.123201 0.902468 6.732784 0.020840 1.000000 
6.731322 0.140299 0.351459 5.570836e-08 0.00001615525 12.208678 0.123201 0.862541 6.732784 0.020840 1.000000 
6.754388 0.140780 0.271606 2.916612e-08 0.00001621060 12.185612 0.122720 0.942394 6.755855 0.020840 1.000000 
6.754388 0.140780 0.311532 2.746505e-07 0.00001621060 12.185612 0.122720 0.902468 6.755855 0.020840 1.000000 
6.754388 0.140780 0.351459 4.130923e-08 0.00001621060 12.185612 0.122720 0.862541 6.755855 0.020840 1.000000 
6.777453 0.141261 0.271606 3.414301e-08 0.00001626596 12.162547 0.122239 0.942394 6.778925 0.020840 1.000000 
6.777453 0.141261 0.311532 2.390862e-07 0.00001626596 12.162547 0.122239 0.902468 6.778925 0.020840 1.000000 
6.777453 0.141261 0.351459 5.126471e-08 0.00001626596 12.162547 0.122239 0.862541 6.778925 0.020840 1.000000 
6.800518 0.141741 0.271606 1.469155e-08 0.00001632132 12.139482 0.121759 0.942394 6.801995 0.020840 1.000000 
6.800518 0.141741 0.311532 2.595411e-07 0.00001632132 12.139482 0.121759 0.902468 6.801995 0.020840 1.000000 
6.800518 0.141741 0.351459 7.593145e-08 0.00001632132 12.139482 0.121759 0.862541 6.801995 0.020840 1.000000 
6.823584 0.142222 0.271606 2.456674e-08 0.00001637667 12.116416 0.121278 0.942394 6.825066 0.020840 1.000000 
6.823584 0.142222 0.311532 2.581480e-07 0.00001637667 12.116416 0.121278 0.902468 6.825066 0.020840 1.000000 
6.823584 0.142222 0.351459 9.097153e-08 0.00001637667 12.116416 0.121278 0.862541 6.825066 0.020840 1.000000 
6.846649 0.142703 0.271606 1.233784e-08 0.00001643203 12.093351 0.120797 0.942394 6.848136 0.020840 1.000000 
6.846649 0.142703 0.311532 2.492376e-07 0.00001643203 12.093351 0.120797 0.902468 6.848136 0.020840 1.000000 
6.846649 0.142703 0.351459 6.909899e-08 0.00001643203 12.093351 0.120797 0.862541 6.848136 0.020840 1.000000 
6.869714 0.143184 0.271606 2.472353e-09 0.00001648739 12.070286 0.120316 0.942394 6.871206 0.020840 1.000000 
6.869714 0.143184 0.311532 2.575841e-07 0.00001648739 12.070286 0.120316 0.902468 6.871206 0.020840 1.000000 
6.869714 0.143184 0.351459 9.414921e-08 0.00001648739 12.070286 0.120316 0.862541 6.871206 0.020840 1.000000 
6.892780 0.143664 0.271606 7.459481e-09 0.00001654275 12.047220 0.119836 0.942394 6.894277 0.020840 1.000000 
6.892780 0.143664 0.311532 2.013344e-07 0.00001654275 12.047220 0.119836 0.902468 6.894277 0.020840 1.000000 
6.892780 0.143664 0.351459 1.069189e-07 0.00001654275 12.047220 0.119836 0.862541 6.894277 0.020840 1.000000 
6.915845 0.144145 0.271606 7.475322e-09 0.00001659810 12.024155 0.119355 0.942394 6.917347 0.020840 1.000000 
6.915845 0.144145 0.311532 2.595568e-07 0.00001659810 12.024155 0.119355 0.902468 6.917347 0.020840 1.000000 
6.915845 0.144145 0.351459 9.486795e-08 0.00001659810 12.024155 0.119355 0.862541 6.917347 0.020840 1.000000 
6.938911 0.144626 0.311532 1.753849e-07 0.00001665346 12.001089 0.118874 0.902468 6.940418 0.020840 1.000000 
6.938911 0.144626 0.351459 1.579094e-07 0.00001665346 12.001089 0.118874 0.862541 6.940418 0.020840 1.000000 
6.961976 0.145107 0.311532 1.483209e-07 0.00001670882 11.978024 0.118393 0.902468 6.963488 0.020840 1.000000 
6.961976 0.145107 0.351459 1.282877e-07 0.00001670882 11.978024 0.118393 0.862541 6.963488 0.020840 1.000000 
6.985041 0.145587 0.311532 1.489420e-07 0.00001676417 11.954959 0.117913 0.902468 6.986558 0.020840 1.000000 
6.985041 0.145587 0.351459 1.414394e-07 0.00001676417 11.954959 0.117913 0.862541 6.986558 0.020840 1.000000 
7.008107 0.146068 0.311532 1.165522e-07 0.00001681953 11.931893 0.117432 0.902468 7.009629 0.020840 1.000000 
7.008107 0.146068 0.351459 1.597142e-07 0.00001681953 11.931893 0.117432 0.862541 7.009629 0.020840 1.000000 
7.031172 0.146549 0.311532 1.043010e-07 0.00001687489 11.908828 0.116951 0.902468 7.032699 0.020840 1.000000 
7.031172 0.146549 0.351459 1.781391e-07 0.00001687489 11.908828 0.116951 0.862541 7.032699 0.020840 1.000000 
7.054237 0.147030 0.311532 1.098604e-07 0.00001693025 11.885763 0.116470 0.902468 7.055770 0.020840 1.000000 
7.054237 0.147030 0.351459 1.456494e-07 0.00001693025 11.885763 0.116470 0.862541 7.055770 0.020840 1.000000 
7.077303 0.147510 0.311532 8.205083e-08 0.00001698560 11.862697 0.115990 0.902468 7.078840 0.020840 1.000000 
7.077303 0.147510 0.351459 1.487636e-07 0.00001698560 11.862697 0.115990 0.862541 7.078840 0.020840 1.000000 
7.100368 0.147991 0.311532 6.951833e-08 0.00001704096 11.839632 0.115509 0.902468 7.101910 0.020840 1.000000 
7.100368 0.147991 0.351459 1.828146e-07 0.00001704096 11.839632 0.115509 0.862541 7.101910 0.020840 1.000000 
7.123434 0.148472 0.311532 6.719348e-08 0.00001709632 11.816566 0.115028 0.902468 7.124981 0.020840 1.000000 
7.123434 0.148472 0.351459 1.602977e-07 0.00001709632 11.816566 0.115028 0.862541 7.124981 0.020840 1.000000 
7.146499 0.148953 0.311532 4.151452e-08 0.00001715167 11.793501 0.114547 0.902468 7.148051 0.020840 1.000000 
7.146499 0.148953 0.351459 1.842755e-07 0.00001715167 11.793501 0.114547 0.862541 7.148051 0.020840 1.000000 
7.169564 0.149433 0.311532 5.729422e-08 0.00001720703 11.770436 0.114067 0.902468 7.171121 0.020840 1.000000 
7.169564 0.149433 0.351459 1.979989e-07 0.00001720703 11.770436 0.114067 0.862541 7.171121 0.020840 1.000000 
7.192630 0.149914 0.311532 2.877600e-08 0.00001726239 11.747370 0.113586 0.902468 7.194192 0.020840 1.000000 
7.192630 0.149914 0.351459 1.909192e-07 0.00001726239 11.747370 0.113586 0.862541 7.194192 0.020840 1.000000 
7.215695 0.150395 0.311532 3.936084e-08 0.00001731775 11.724305 0.113105 0.902468 7.217262 0.020840 1.000000 
7.215695 0.150395 0.351459 1.680447e-07 0.00001731775 11.724305 0.113105 0.862541 7.217262 0.020840 1.000000 
7.215695 0.150395 0.391385 5.255113e-09 0.00001731775 11.724305 0.113105 0.822615 7.217262 0.020840 1.000000 
7.238760 0.150876 0.311532 2.897380e-08 0.00001737310 11.701240 0.112624 0.902468 7.240333 0.020840 1.000000 
7.238760 0.150876 0.351459 1.686785e-07 0.00001737310 11.701240 0.112624 0.862541 7.240333 0.020840 1.000000 
7.238760 0.150876 0.391385 5.272862e-09 0.00001737310 11.701240 0.112624 0.822615 7.240333 0.020840 1.000000 
7.261826 0.151356 0.311532 2.379956e-08 0.00001742846 11.678174 0.112144 0.902468 7.263403 0.020840 1.000000 
7.261826 0.151356 0.351459 1.561283e-07 0.00001742846 11.678174 0.112144 0.862541 7.263403 0.020840 1.000000 
7.261826 0.151356 0.391385 5.290824e-09 0.00001742846 11.678174 0.112144 0.822615 7.263403 0.020840 1.000000 
7.284891 0.151837 0.311532 2.122893e-08 0.00001748382 11.655109 0.111663 0.902468 7.286473 0.020840 1.000000 
7.284891 0.151837 0.351459 1.301895e-07 0.00001748382 11.655109 0.111663 0.862541 7.286473 0.020840 1.000000 
7.307957 0.152318 0.351459 1.333657e-07 0.00001753917 11.632043 0.111182 0.862541 7.309544 0.020840 1.000000 
7.307957 0.152318 0.391385 1.066831e-08 0.00001753917 11.632043 0.111182 0.822615 7.309544 0.020840 1.000000 
7.331022 0.152799 0.311532 1.069526e-08 0.00001759453 11.608978 0.110701 0.902468 7.332614 0.020840 1.000000 
7.331022 0.152799 0.351459 1.766978e-07 0.00001759453 11.608978 0.110701 0.862541 7.332614 0.020840 1.000000 
7.331022 0.152799 0.391385 8.032101e-09 0.00001759453 11.608978 0.110701 0.822615 7.332614 0.020840 1.000000 
7.354087 0.153279 0.311532 2.691831e-09 0.00001764989 11.585913 0.110221 0.902468 7.355684 0.020840 1.000000 
7.354087 0.153279 0.351459 1.209727e-07 0.00001764989 11.585913 0.110221 0.862541 7.355684 0.020840 1.000000 
7.354087 0.153279 0.391385 2.419193e-08 0.00001764989 11.585913 0.110221 0.822615 7.355684 0.020840 1.000000 
7.377153 0.153760 0.311532 2.701208e-09 0.00001770525 11.562847 0.109740 0.902468 7.378755 0.020840 1.000000 
7.377153 0.153760 0.351459 1.377020e-07 0.00001770525 11.562847 0.109740 0.862541 7.378755 0.020840 1.000000 
7.377153 0.153760 0.391385 3.240167e-08 0.00001770525 11.562847 0.109740 0.822615 7.378755 0.020840 1.000000 
7.400218 0.154241 0.351459 9.210716e-08 0.00001776060 11.539782 0.109259 0.862541 7.401825 0.020840 1.000000 
7.400218 0.154241 0.391385 4.065040e-08 0.00001776060 11.539782 0.109259 0.822615 7.401825 0.020840 1.000000 
7.423283 0.154722 0.351459 7.891469e-08 0.00001781596 11.516717 0.108778 0.862541 7.424896 0.020840 1.000000 
7.423283 0.154722 0.391385 4.082754e-08 0.00001781596 11.516717 0.108778 0.822615 7.424896 0.020840 1.000000 
7.446349 0.155202 0.351459 7.375149e-08 0.00001787132 11.493651 0.108298 0.862541 7.447966 0.020840 1.000000 
7.446349 0.155202 0.391385 3.553138e-08 0.00001787132 11.493651 0.108298 0.822615 7.447966 0.020840 1.000000 
7.469414 0.155683 0.351459 7.951514e-08 0.00001792667 11.470586 0.107817 0.862541 7.471036 0.020840 1.000000 
7.469414 0.155683 0.391385 3.839095e-08 0.00001792667 11.470586 0.107817 0.822615 7.471036 0.020840 1.000000 
7.492479 0.156164 0.351459 4.129405e-08 0.00001798203 11.447521 0.107336 0.862541 7.494107 0.020840 1.000000 
7.492479 0.156164 0.391385 3.579837e-08 0.00001798203 11.447521 0.107336 0.822615 7.494107 0.020840 1.000000 
7.515545 0.156645 0.351459 3.870375e-08 0.00001803739 11.424455 0.106855 0.862541 7.517177 0.020840 1.000000 
7.515545 0.156645 0.391385 6.637017e-08 0.00001803739 11.424455 0.106855 0.822615 7.517177 0.020840 1.000000 
7.538610 0.157125 0.351459 5.552079e-08 0.00001809275 11.401390 0.106375 0.862541 7.540248 0.020840 1.000000 
7.538610 0.157125 0.391385 4.442930e-08 0.00001809275 11.401390 0.106375 0.822615 7.540248 0.020840 1.000000 
7.561676 0.157606 0.351459 3.900659e-08 0.00001814810 11.378324 0.105894 0.862541 7.563318 0.020840 1.000000 
7.561676 0.157606 0.391385 6.132397e-08 0.00001814810 11.378324 0.105894 0.822615 7.563318 0.020840 1.000000 
7.584741 0.158087 0.351459 1.958954e-08 0.00001820346 11.355259 0.105413 0.862541 7.586388 0.020840 1.000000 
7.584741 0.158087 0.391385 6.998347e-08 0.00001820346 11.355259 0.105413 0.822615 7.586388 0.020840 1.000000 
7.607806 0.158568 0.351459 4.495879e-08 0.00001825882 11.332194 0.104932 0.862541 7.609459 0.020840 1.000000 
7.607806 0.158568 0.391385 7.307952e-08 0.00001825882 11.332194 0.104932 0.822615 7.609459 0.020840 1.000000 
7.630872 0.159048 0.351459 3.383991e-08 0.00001831417 11.309128 0.104452 0.862541 7.632529 0.020840 1.000000 
7.630872 0.159048 0.391385 5.927033e-08 0.00001831417 11.309128 0.104452 0.822615 7.632529 0.020840 1.000000 
7.653937 0.159529 0.351459 1.982222e-08 0.00001836953 11.286063 0.103971 0.862541 7.655599 0.020840 1.000000 
7.653937 0.159529 0.391385 5.100073e-08 0.00001836953 11.286063 0.103971 0.822615 7.655599 0.020840 1.000000 
7.677002 0.160010 0.351459 1.421458e-08 0.00001842489 11.262998 0.103490 0.862541 7.678670 0.020840 1.000000 
7.677002 0.160010 0.391385 5.972795e-08 0.00001842489 11.262998 0.103490 0.822615 7.678670 0.020840 1.000000 
7.700068 0.160491 0.351459 8.567937e-09 0.00001848025 11.239932 0.103009 0.862541 7.701740 0.020840 1.000000 
7.700068 0.160491 0.391385 7.142455e-08 0.00001848025 11.239932 0.103009 0.822615 7.701740 0.020840 1.000000 
7.723133 0.160971 0.351459 8.596003e-09 0.00001853560 11.216867 0.102529 0.862541 7.724811 0.020840 1.000000 
7.723133 0.160971 0.391385 4.876778e-08 0.00001853560 11.216867 0.102529 0.822615 7.724811 0.020840 1.000000 
7.746199 0.161452 0.351459 1.151611e-08 0.00001859096 11.193801 0.102048 0.862541 7.747881 0.020840 1.000000 
7.746199 0.161452 0.391385 6.336415e-08 0.00001859096 11.193801 0.102048 0.822615 7.747881 0.020840 1.000000 
7.769264 0.161933 0.351459 5.783886e-09 0.00001864632 11.170736 0.101567 0.862541 7.770951 0.020840 1.000000 
7.769264 0.161933 0.391385 3.760898e-08 0.00001864632 11.170736 0.101567 0.822615 7.770951 0.020840 1.000000 
7.792329 0.162413 0.391385 8.710067e-08 0.00001870167 11.147671 0.101087 0.822615 7.794022 0.020840 1.000000 
7.815395 0.162894 0.391385 3.791047e-08 0.00001875703 11.124605 0.100606 0.822615 7.817092 0.020840 1.000000 
7.838460 0.163375 0.391385 4.100875e-08 0.00001881239 11.101540 0.100125 0.822615 7.840162 0.020840 1.000000 
7.861525 0.163856 0.391385 3.821181e-08 0.00001886775 11.078475 0.099644 0.822615 7.863233 0.020840 1.000000 
7.884591 0.164336 0.391385 3.246895e-08 0.00001892310 11.055409 0.099164 0.822615 7.886303 0.020840 1.000000 
7.884591 0.164336 0.431312 2.955125e-09 0.00001892310 11.055409 0.099164 0.782688 7.886303 0.020840 1.000000 
7.907656 0.164817 0.391385 3.262078e-08 0.00001897846 11.032344 0.098683 0.822615 7.909374 0.020840 1.000000 
7.930722 0.165298 0.391385 2.975360e-08 0.00001903382 11.009278 0.098202 0.822615 7.932444 0.020840 1.000000 
7.930722 0.165298 0.431312 8.933904e-09 0.00001903382 11.009278 0.098202 0.782688 7.932444 0.020840 1.000000 
7.953787 0.165779 0.391385 3.887261e-08 0.00001908917 10.986213 0.097721 0.822615 7.955514 0.020840 1.000000 
7.976852 0.166259 0.391385 2.701894e-08 0.00001914453 10.963148 0.097241 0.822615 7.978585 0.020840 1.000000 
7.976852 0.166259 0.431312 3.001784e-09 0.00001914453 10.963148 0.097241 0.782688 7.978585 0.020840 1.000000 
7.999918 0.166740 0.391385 1.811225e-08 0.00001919989 10.940082 0.096760 0.822615 8.001655 0.020840 1.000000 
7.999918 0.166740 0.431312 6.032522e-09 0.00001919989 10.940082 0.096760 0.782688 8.001655 0.020840 1.000000 
8.022983 0.167221 0.391385 3.031440e-09 0.00001925525 10.917017 0.096279 0.822615 8.024726 0.020840 1.000000 
8.022983 0.167221 0.431312 3.028169e-09 0.00001925525 10.917017 0.096279 0.782688 8.024726 0.020840 1.000000 
8.046048 0.167702 0.391385 1.825443e-08 0.00001931060 10.893952 0.095798 0.822615 8.047796 0.020840 1.000000 
8.046048 0.167702 0.431312 9.124475e-09 0.00001931060 10.893952 0.095798 0.782688 8.047796 0.020840 1.000000 
8.069114 0.168182 0.391385 9.157381e-09 0.00001936596 10.870886 0.095318 0.822615 8.070866 0.020840 1.000000 
8.069114 0.168182 0.431312 6.101202e-09 0.00001936596 10.870886 0.095318 0.782688 8.070866 0.020840 1.000000 
8.092179 0.168663 0.391385 6.124233e-09 0.00001942132 10.847821 0.094837 0.822615 8.093937 0.020840 1.000000 
8.092179 0.168663 0.431312 1.227470e-08 0.00001942132 10.847821 0.094837 0.782688 8.093937 0.020840 1.000000 
8.115245 0.169144 0.391385 1.539658e-08 0.00001947667 10.824755 0.094356 0.822615 8.117007 0.020840 1.000000 
8.115245 0.169144 0.431312 9.237528e-09 0.00001947667 10.824755 0.094356 0.782688 8.117007 0.020840 1.000000 
8.138310 0.169625 0.431312 3.095333e-09 0.00001953203 10.801690 0.093875 0.782688 8.140077 0.020840 1.000000 
4.009377 0.094016 0.032046 1.618043e-08 0.00000962310 14.930623 0.169484 1.181954 4.010479 0.023445 1.000000 
4.009377 0.094016 0.071973 2.232895e-07 0.00000962310 14.930623 0.169484 1.142027 4.010479 0.023445 1.000000 
4.009377 0.094016 0.111899 4.209261e-07 0.00000962310 14.930623 0.169484 1.102101 4.010479 0.023445 1.000000 
4.009377 0.094016 0.151826 2.542105e-07 0.00000962310 14.930623 0.169484 1.062174 4.010479 0.023445 1.000000 
4.032441 0.094557 0.032046 6.491697e-09 0.00000967846 14.907559 0.168943 1.181954 4.033550 0.023445 1.000000 
4.032441 0.094557 0.071973 1.980580e-07 0.00000967846 14.907559 0.168943 1.142027 4.033550 0.023445 1.000000 
4.032441 0.094557 0.111899 4.124553e-07 0.00000967846 14.907559 0.168943 1.102101 4.033550 0.023445 1.000000 
4.032441 0.094557 0.151826 2.534084e-07 0.00000967846 14.907559 0.168943 1.062174 4.033550 0.023445 1.000000 
4.055505 0.095097 0.032046 1.302051e-08 0.00000973382 14.884495 0.168403 1.181954 4.056620 0.023445 1.000000 
4.055505 0.095097 0.071973 1.660659e-07 0.00000973382 14.884495 0.168403 1.142027 4.056620 0.023445 1.000000 
4.055505 0.095097 0.111899 3.730444e-07 0.00000973382 14.884495 0.168403 1.102101 4.056620 0.023445 1.000000 
4.055505 0.095097 0.151826 2.883835e-07 0.00000973382 14.884495 0.168403 1.062174 4.056620 0.023445 1.000000 
4.078569 0.095638 0.032046 6.530446e-09 0.00000978918 14.861431 0.167862 1.181954 4.079690 0.023445 1.000000 
4.078569 0.095638 0.071973 1.698734e-07 0.00000978918 14.861431 0.167862 1.142027 4.079690 0.023445 1.000000 
4.078569 0.095638 0.111899 3.774004e-07 0.00000978918 14.861431 0.167862 1.102101 4.079690 0.023445 1.000000 
4.078569 0.095638 0.151826 2.729799e-07 0.00000978918 14.861431 0.167862 1.062174 4.079690 0.023445 1.000000 
4.101633 0.096179 0.032046 3.276370e-09 0.00000984453 14.838367 0.167321 1.181954 4.102761 0.023445 1.000000 
4.101633 0.096179 0.071973 1.507287e-07 0.00000984453 14.838367 0.167321 1.142027 4.102761 0.023445 1.000000 
4.101633 0.096179 0.111899 3.819177e-07 0.00000984453 14.838367 0.167321 1.102101 4.102761 0.023445 1.000000 
4.101633 0.096179 0.151826 2.590422e-07 0.00000984453 14.838367 0.167321 1.062174 4.102761 0.023445 1.000000 
4.124697 0.096720 0.032046 6.569026e-09 0.00000989989 14.815303 0.166780 1.181954 4.125831 0.023445 1.000000 
4.124697 0.096720 0.071973 1.314736e-07 0.00000989989 14.815303 0.166780 1.142027 4.125831 0.023445 1.000000 
4.124697 0.096720 0.111899 3.748689e-07 0.00000989989 14.815303 0.166780 1.102101 4.125831 0.023445 1.000000 
4.124697 0.096720 0.151826 3.009547e-07 0.00000989989 14.815303 0.166780 1.062174 4.125831 0.023445 1.000000 
4.147761 0.097261 0.071973 1.153918e-07 0.00000995525 14.792239 0.166239 1.142027 4.148901 0.023445 1.000000 
4.147761 0.097261 0.111899 3.512656e-07 0.00000995525 14.792239 0.166239 1.102101 4.148901 0.023445 1.000000 
4.147761 0.097261 0.151826 3.282901e-07 0.00000995525 14.792239 0.166239 1.062174 4.148901 0.023445 1.000000 
4.147761 0.097261 0.191753 6.601097e-09 0.00000995525 14.792239 0.166239 1.022247 4.148901 0.023445 1.000000 
4.170825 0.097802 0.071973 1.206909e-07 0.00001001060 14.769175 0.165698 1.142027 4.171972 0.023445 1.000000 
4.170825 0.097802 0.111899 3.606358e-07 0.00001001060 14.769175 0.165698 1.102101 4.171972 0.023445 1.000000 
4.170825 0.097802 0.151826 3.541760e-07 0.00001001060 14.769175 0.165698 1.062174 4.171972 0.023445 1.000000 
4.170825 0.097802 0.191753 8.275703e-09 0.00001001060 14.769175 0.165698 1.022247 4.171972 0.023445 1.000000 
4.193889 0.098342 0.071973 9.787230e-08 0.00001006596 14.746111 0.165158 1.142027 4.195042 0.023445 1.000000 
4.193889 0.098342 0.111899 3.335699e-07 0.00001006596 14.746111 0.165158 1.102101 4.195042 0.023445 1.000000 
4.193889 0.098342 0.151826 3.768153e-07 0.00001006596 14.746111 0.165158 1.062174 4.195042 0.023445 1.000000 
4.193889 0.098342 0.191753 8.295336e-09 0.00001006596 14.746111 0.165158 1.022247 4.195042 0.023445 1.000000 
4.216953 0.098883 0.071973 8.320077e-08 0.00001012132 14.723047 0.164617 1.142027 4.218113 0.023445 1.000000 
4.216953 0.098883 0.111899 3.495753e-07 0.00001012132 14.723047 0.164617 1.102101 4.218113 0.023445 1.000000 
4.216953 0.098883 0.151826 3.579913e-07 0.00001012132 14.723047 0.164617 1.062174 4.218113 0.023445 1.000000 
4.216953 0.098883 0.191753 2.497738e-08 0.00001012132 14.723047 0.164617 1.022247 4.218113 0.023445 1.000000 
4.240017 0.099424 0.071973 7.343128e-08 0.00001017668 14.699983 0.164076 1.142027 4.241183 0.023445 1.000000 
4.240017 0.099424 0.111899 3.507019e-07 0.00001017668 14.699983 0.164076 1.102101 4.241183 0.023445 1.000000 
4.240017 0.099424 0.151826 3.474544e-07 0.00001017668 14.699983 0.164076 1.062174 4.241183 0.023445 1.000000 
4.240017 0.099424 0.191753 3.007537e-08 0.00001017668 14.699983 0.164076 1.022247 4.241183 0.023445 1.000000 
4.263082 0.099965 0.071973 7.032567e-08 0.00001023203 14.676918 0.163535 1.142027 4.264253 0.023445 1.000000 
4.263082 0.099965 0.111899 3.483902e-07 0.00001023203 14.676918 0.163535 1.102101 4.264253 0.023445 1.000000 
4.263082 0.099965 0.151826 3.585984e-07 0.00001023203 14.676918 0.163535 1.062174 4.264253 0.023445 1.000000 
4.263082 0.099965 0.191753 2.682312e-08 0.00001023203 14.676918 0.163535 1.022247 4.264253 0.023445 1.000000 
4.286146 0.100506 0.071973 6.382715e-08 0.00001028739 14.653854 0.162994 1.142027 4.287324 0.023445 1.000000 
4.286146 0.100506 0.111899 3.343671e-07 0.00001028739 14.653854 0.162994 1.102101 4.287324 0.023445 1.000000 
4.286146 0.100506 0.151826 3.933576e-07 0.00001028739 14.653854 0.162994 1.062174 4.287324 0.023445 1.000000 
4.286146 0.100506 0.191753 3.700650e-08 0.00001028739 14.653854 0.162994 1.022247 4.287324 0.023445 1.000000 
4.309210 0.101047 0.071973 4.885745e-08 0.00001034275 14.630790 0.162453 1.142027 4.310394 0.023445 1.000000 
4.309210 0.101047 0.111899 3.101121e-07 0.00001034275 14.630790 0.162453 1.102101 4.310394 0.023445 1.000000 
4.309210 0.101047 0.151826 3.692903e-07 0.00001034275 14.630790 0.162453 1.062174 4.310394 0.023445 1.000000 
4.309210 0.101047 0.191753 4.554215e-08 0.00001034275 14.630790 0.162453 1.022247 4.310394 0.023445 1.000000 
4.332274 0.101587 0.071973 4.056419e-08 0.00001039810 14.607726 0.161913 1.142027 4.333465 0.023445 1.000000 
4.332274 0.101587 0.111899 2.823684e-07 0.00001039810 14.607726 0.161913 1.102101 4.333465 0.023445 1.000000 
4.332274 0.101587 0.151826 3.687153e-07 0.00001039810 14.607726 0.161913 1.062174 4.333465 0.023445 1.000000 
4.332274 0.101587 0.191753 5.246844e-08 0.00001039810 14.607726 0.161913 1.022247 4.333465 0.023445 1.000000 
4.355338 0.102128 0.071973 2.035489e-08 0.00001045346 14.584662 0.161372 1.142027 4.356535 0.023445 1.000000 
4.355338 0.102128 0.111899 3.171759e-07 0.00001045346 14.584662 0.161372 1.102101 4.356535 0.023445 1.000000 
4.355338 0.102128 0.151826 4.089372e-07 0.00001045346 14.584662 0.161372 1.062174 4.356535 0.023445 1.000000 
4.355338 0.102128 0.191753 7.128251e-08 0.00001045346 14.584662 0.161372 1.022247 4.356535 0.023445 1.000000 
4.378402 0.102669 0.071973 3.401383e-08 0.00001050882 14.561598 0.160831 1.142027 4.379605 0.023445 1.000000 
4.378402 0.102669 0.111899 2.195167e-07 0.00001050882 14.561598 0.160831 1.102101 4.379605 0.023445 1.000000 
4.378402 0.102669 0.151826 3.710646e-07 0.00001050882 14.561598 0.160831 1.062174 4.379605 0.023445 1.000000 
4.378402 0.102669 0.191753 9.025027e-08 0.00001050882 14.561598 0.160831 1.022247 4.379605 0.023445 1.000000 
4.401466 0.103210 0.071973 1.536577e-08 0.00001056418 14.538534 0.160290 1.142027 4.402676 0.023445 1.000000 
4.401466 0.103210 0.111899 2.475292e-07 0.00001056418 14.538534 0.160290 1.102101 4.402676 0.023445 1.000000 
4.401466 0.103210 0.151826 3.585548e-07 0.00001056418 14.538534 0.160290 1.062174 4.402676 0.023445 1.000000 
4.401466 0.103210 0.191753 9.904743e-08 0.00001056418 14.538534 0.160290 1.022247 4.402676 0.023445 1.000000 
4.424530 0.103751 0.071973 2.053363e-08 0.00001061953 14.515470 0.159749 1.142027 4.425746 0.023445 1.000000 
4.424530 0.103751 0.111899 2.003478e-07 0.00001061953 14.515470 0.159749 1.102101 4.425746 0.023445 1.000000 
4.424530 0.103751 0.151826 3.699800e-07 0.00001061953 14.515470 0.159749 1.062174 4.425746 0.023445 1.000000 
4.424530 0.103751 0.191753 1.164978e-07 0.00001061953 14.515470 0.159749 1.022247 4.425746 0.023445 1.000000 
4.447594 0.104292 0.071973 1.373490e-08 0.00001067489 14.492406 0.159208 1.142027 4.448816 0.023445 1.000000 
4.447594 0.104292 0.111899 2.129737e-07 0.00001067489 14.492406 0.159208 1.102101 4.448816 0.023445 1.000000 
4.447594 0.104292 0.151826 4.004006e-07 0.00001067489 14.492406 0.159208 1.062174 4.448816 0.023445 1.000000 
4.447594 0.104292 0.191753 1.151517e-07 0.00001067489 14.492406 0.159208 1.022247 4.448816 0.023445 1.000000 
4.470658 0.104832 0.071973 1.378258e-08 0.00001073025 14.469342 0.158668 1.142027 4.471887 0.023445 1.000000 
4.470658 0.104832 0.111899 1.774827e-07 0.00001073025 14.469342 0.158668 1.102101 4.471887 0.023445 1.000000 
4.470658 0.104832 0.151826 4.551173e-07 0.00001073025 14.469342 0.158668 1.062174 4.471887 0.023445 1.000000 
4.470658 0.104832 0.191753 1.327578e-07 0.00001073025 14.469342 0.158668 1.022247 4.471887 0.023445 1.000000 
4.493722 0.105373 0.071973 1.210028e-08 0.00001078560 14.446278 0.158127 1.142027 4.494957 0.023445 1.000000 
4.493722 0.105373 0.111899 1.590395e-07 0.00001078560 14.446278 0.158127 1.102101 4.494957 0.023445 1.000000 
4.493722 0.105373 0.151826 3.804582e-07 0.00001078560 14.446278 0.158127 1.062174 4.494957 0.023445 1.000000 
4.493722 0.105373 0.191753 1.331810e-07 0.00001078560 14.446278 0.158127 1.022247 4.494957 0.023445 1.000000 
4.516786 0.105914 0.071973 6.934065e-09 0.00001084096 14.423214 0.157586 1.142027 4.518028 0.023445 1.000000 
4.516786 0.105914 0.111899 1.733995e-07 0.00001084096 14.423214 0.157586 1.102101 4.518028 0.023445 1.000000 
4.516786 0.105914 0.151826 3.521377e-07 0.00001084096 14.423214 0.157586 1.062174 4.518028 0.023445 1.000000 
4.516786 0.105914 0.191753 1.613855e-07 0.00001084096 14.423214 0.157586 1.022247 4.518028 0.023445 1.000000 
4.539850 0.106455 0.071973 1.739721e-09 0.00001089632 14.400150 0.157045 1.142027 4.541098 0.023445 1.000000 
4.539850 0.106455 0.111899 1.861300e-07 0.00001089632 14.400150 0.157045 1.102101 4.541098 0.023445 1.000000 
4.539850 0.106455 0.151826 3.498193e-07 0.00001089632 14.400150 0.157045 1.062174 4.541098 0.023445 1.000000 
4.539850 0.106455 0.191753 1.723415e-07 0.00001089632 14.400150 0.157045 1.022247 4.541098 0.023445 1.000000 
4.562914 0.106996 0.071973 1.746602e-09 0.00001095168 14.377086 0.156504 1.142027 4.564168 0.023445 1.000000 
4.562914 0.106996 0.111899 1.727986e-07 0.00001095168 14.377086 0.156504 1.102101 4.564168 0.023445 1.000000 
4.562914 0.106996 0.151826 2.985392e-07 0.00001095168 14.377086 0.156504 1.062174 4.564168 0.023445 1.000000 
4.562914 0.106996 0.191753 1.938706e-07 0.00001095168 14.377086 0.156504 1.022247 4.564168 0.023445 1.000000 
4.585978 0.107537 0.111899 1.418014e-07 0.00001100703 14.354022 0.155963 1.102101 4.587239 0.023445 1.000000 
4.585978 0.107537 0.151826 3.765684e-07 0.00001100703 14.354022 0.155963 1.062174 4.587239 0.023445 1.000000 
4.585978 0.107537 0.191753 2.119896e-07 0.00001100703 14.354022 0.155963 1.022247 4.587239 0.023445 1.000000 
4.609042 0.108077 0.111899 1.370029e-07 0.00001106239 14.330958 0.155423 1.102101 4.610309 0.023445 1.000000 
4.609042 0.108077 0.151826 3.619165e-07 0.00001106239 14.330958 0.155423 1.062174 4.610309 0.023445 1.000000 
4.609042 0.108077 0.191753 2.214709e-07 0.00001106239 14.330958 0.155423 1.022247 4.610309 0.023445 1.000000 
4.632106 0.108618 0.111899 1.251244e-07 0.00001111775 14.307894 0.154882 1.102101 4.633379 0.023445 1.000000 
4.632106 0.108618 0.151826 3.542950e-07 0.00001111775 14.307894 0.154882 1.062174 4.633379 0.023445 1.000000 
4.632106 0.108618 0.191753 2.380547e-07 0.00001111775 14.307894 0.154882 1.022247 4.633379 0.023445 1.000000 
4.655170 0.109159 0.111899 9.897723e-08 0.00001117310 14.284830 0.154341 1.102101 4.656450 0.023445 1.000000 
4.655170 0.109159 0.151826 3.253831e-07 0.00001117310 14.284830 0.154341 1.062174 4.656450 0.023445 1.000000 
4.655170 0.109159 0.191753 2.653590e-07 0.00001117310 14.284830 0.154341 1.022247 4.656450 0.023445 1.000000 
4.678234 0.109700 0.111899 1.010814e-07 0.00001122846 14.261766 0.153800 1.102101 4.679520 0.023445 1.000000 
4.678234 0.109700 0.151826 3.654938e-07 0.00001122846 14.261766 0.153800 1.062174 4.679520 0.023445 1.000000 
4.678234 0.109700 0.191753 2.502451e-07 0.00001122846 14.261766 0.153800 1.022247 4.679520 0.023445 1.000000 
4.701298 0.110241 0.111899 7.117365e-08 0.00001128382 14.238702 0.153259 1.102101 4.702591 0.023445 1.000000 
4.701298 0.110241 0.151826 3.221203e-07 0.00001128382 14.238702 0.153259 1.062174 4.702591 0.023445 1.000000 
4.701298 0.110241 0.191753 2.688380e-07 0.00001128382 14.238702 0.153259 1.022247 4.702591 0.023445 1.000000 
4.724362 0.110781 0.111899 5.889865e-08 0.00001133918 14.215638 0.152719 1.102101 4.725661 0.023445 1.000000 
4.724362 0.110781 0.151826 2.857276e-07 0.00001133918 14.215638 0.152719 1.062174 4.725661 0.023445 1.000000 
4.724362 0.110781 0.191753 2.626014e-07 0.00001133918 14.215638 0.152719 1.022247 4.725661 0.023445 1.000000 
4.747426 0.111322 0.111899 5.909331e-08 0.00001139453 14.192574 0.152178 1.102101 4.748731 0.023445 1.000000 
4.747426 0.111322 0.151826 2.705425e-07 0.00001139453 14.192574 0.152178 1.062174 4.748731 0.023445 1.000000 
4.747426 0.111322 0.191753 2.760055e-07 0.00001139453 14.192574 0.152178 1.022247 4.748731 0.023445 1.000000 
4.770490 0.111863 0.111899 4.851012e-08 0.00001144989 14.169510 0.151637 1.102101 4.771802 0.023445 1.000000 
4.770490 0.111863 0.151826 3.127355e-07 0.00001144989 14.169510 0.151637 1.062174 4.771802 0.023445 1.000000 
4.770490 0.111863 0.191753 2.912443e-07 0.00001144989 14.169510 0.151637 1.022247 4.771802 0.023445 1.000000 
4.793554 0.112404 0.111899 4.324797e-08 0.00001150525 14.146446 0.151096 1.102101 4.794872 0.023445 1.000000 
4.793554 0.112404 0.151826 2.794635e-07 0.00001150525 14.146446 0.151096 1.062174 4.794872 0.023445 1.000000 
4.793554 0.112404 0.191753 3.228545e-07 0.00001150525 14.146446 0.151096 1.022247 4.794872 0.023445 1.000000 
4.793554 0.112404 0.231679 1.802651e-09 0.00001150525 14.146446 0.151096 0.982321 4.794872 0.023445 1.000000 
4.816618 0.112945 0.111899 2.350998e-08 0.00001156060 14.123382 0.150555 1.102101 4.817943 0.023445 1.000000 
4.816618 0.112945 0.151826 2.622825e-07 0.00001156060 14.123382 0.150555 1.062174 4.817943 0.023445 1.000000 
4.816618 0.112945 0.191753 3.076514e-07 0.00001156060 14.123382 0.150555 1.022247 4.817943 0.023445 1.000000 
4.816618 0.112945 0.231679 5.433418e-09 0.00001156060 14.123382 0.150555 0.982321 4.817943 0.023445 1.000000 
4.839683 0.113486 0.111899 3.265159e-08 0.00001161596 14.100317 0.150014 1.102101 4.841013 0.023445 1.000000 
4.839683 0.113486 0.151826 2.776444e-07 0.00001161596 14.100317 0.150014 1.062174 4.841013 0.023445 1.000000 
4.839683 0.113486 0.191753 3.649355e-07 0.00001161596 14.100317 0.150014 1.022247 4.841013 0.023445 1.000000 
4.839683 0.113486 0.231679 1.818165e-09 0.00001161596 14.100317 0.150014 0.982321 4.841013 0.023445 1.000000 
4.862747 0.114026 0.111899 2.183546e-08 0.00001167132 14.077253 0.149474 1.102101 4.864083 0.023445 1.000000 
4.862747 0.114026 0.151826 2.658448e-07 0.00001167132 14.077253 0.149474 1.062174 4.864083 0.023445 1.000000 
4.862747 0.114026 0.191753 3.333179e-07 0.00001167132 14.077253 0.149474 1.022247 4.864083 0.023445 1.000000 
4.862747 0.114026 0.231679 9.112775e-09 0.00001167132 14.077253 0.149474 0.982321 4.864083 0.023445 1.000000 
4.885811 0.114567 0.111899 9.130495e-09 0.00001172667 14.054189 0.148933 1.102101 4.887154 0.023445 1.000000 
4.885811 0.114567 0.151826 2.210281e-07 0.00001172667 14.054189 0.148933 1.062174 4.887154 0.023445 1.000000 
4.885811 0.114567 0.191753 3.325528e-07 0.00001172667 14.054189 0.148933 1.022247 4.887154 0.023445 1.000000 
4.885811 0.114567 0.231679 3.656677e-08 0.00001172667 14.054189 0.148933 0.982321 4.887154 0.023445 1.000000 
4.908875 0.115108 0.111899 9.159797e-09 0.00001178203 14.031125 0.148392 1.102101 4.910224 0.023445 1.000000 
4.908875 0.115108 0.151826 2.620641e-07 0.00001178203 14.031125 0.148392 1.062174 4.910224 0.023445 1.000000 
4.908875 0.115108 0.191753 3.538578e-07 0.00001178203 14.031125 0.148392 1.022247 4.910224 0.023445 1.000000 
4.908875 0.115108 0.231679 2.568448e-08 0.00001178203 14.031125 0.148392 0.982321 4.910224 0.023445 1.000000 
4.931939 0.115649 0.111899 1.103044e-08 0.00001183739 14.008061 0.147851 1.102101 4.933294 0.023445 1.000000 
4.931939 0.115649 0.151826 2.279839e-07 0.00001183739 14.008061 0.147851 1.062174 4.933294 0.023445 1.000000 
4.931939 0.115649 0.191753 3.550089e-07 0.00001183739 14.008061 0.147851 1.022247 4.933294 0.023445 1.000000 
4.931939 0.115649 0.231679 4.232036e-08 0.00001183739 14.008061 0.147851 0.982321 4.933294 0.023445 1.000000 
4.955003 0.116190 0.111899 5.531526e-09 0.00001189275 13.984997 0.147310 1.102101 4.956365 0.023445 1.000000 
4.955003 0.116190 0.151826 1.807875e-07 0.00001189275 13.984997 0.147310 1.062174 4.956365 0.023445 1.000000 
4.955003 0.116190 0.191753 3.155642e-07 0.00001189275 13.984997 0.147310 1.022247 4.956365 0.023445 1.000000 
4.955003 0.116190 0.231679 5.905751e-08 0.00001189275 13.984997 0.147310 0.982321 4.956365 0.023445 1.000000 
4.978067 0.116731 0.111899 1.851142e-09 0.00001194810 13.961933 0.146769 1.102101 4.979435 0.023445 1.000000 
4.978067 0.116731 0.151826 1.795266e-07 0.00001194810 13.961933 0.146769 1.062174 4.979435 0.023445 1.000000 
4.978067 0.116731 0.191753 3.443725e-07 0.00001194810 13.961933 0.146769 1.022247 4.979435 0.023445 1.000000 
4.978067 0.116731 0.231679 5.742316e-08 0.00001194810 13.961933 0.146769 0.982321 4.979435 0.023445 1.000000 
5.001131 0.117271 0.111899 3.711733e-09 0.00001200346 13.938869 0.146229 1.102101 5.002506 0.023445 1.000000 
5.001131 0.117271 0.151826 1.838269e-07 0.00001200346 13.938869 0.146229 1.062174 5.002506 0.023445 1.000000 
5.001131 0.117271 0.191753 3.102054e-07 0.00001200346 13.938869 0.146229 1.022247 5.002506 0.023445 1.000000 
5.001131 0.117271 0.231679 6.876408e-08 0.00001200346 13.938869 0.146229 0.982321 5.002506 0.023445 1.000000 
5.024195 0.117812 0.111899 1.859760e-09 0.00001205882 13.915805 0.145688 1.102101 5.025576 0.023445 1.000000 
5.024195 0.117812 0.151826 1.211134e-07 0.00001205882 13.915805 0.145688 1.062174 5.025576 0.023445 1.000000 
5.024195 0.117812 0.191753 3.484894e-07 0.00001205882 13.915805 0.145688 1.022247 5.025576 0.023445 1.000000 
5.024195 0.117812 0.231679 9.693142e-08 0.00001205882 13.915805 0.145688 0.982321 5.025576 0.023445 1.000000 
5.047259 0.118353 0.151826 1.588707e-07 0.00001211417 13.892741 0.145147 1.062174 5.048646 0.023445 1.000000 
5.047259 0.118353 0.191753 3.253705e-07 0.00001211417 13.892741 0.145147 1.022247 5.048646 0.023445 1.000000 
5.047259 0.118353 0.231679 1.010105e-07 0.00001211417 13.892741 0.145147 0.982321 5.048646 0.023445 1.000000 
5.070323 0.118894 0.151826 1.050098e-07 0.00001216953 13.869677 0.144606 1.062174 5.071717 0.023445 1.000000 
5.070323 0.118894 0.191753 3.245590e-07 0.00001216953 13.869677 0.144606 1.022247 5.071717 0.023445 1.000000 
5.070323 0.118894 0.231679 1.201159e-07 0.00001216953 13.869677 0.144606 0.982321 5.071717 0.023445 1.000000 
5.093387 0.119435 0.151826 1.072425e-07 0.00001222489 13.846613 0.144065 1.062174 5.094787 0.023445 1.000000 
5.093387 0.119435 0.191753 3.180835e-07 0.00001222489 13.846613 0.144065 1.022247 5.094787 0.023445 1.000000 
5.093387 0.119435 0.231679 1.016753e-07 0.00001222489 13.846613 0.144065 0.982321 5.094787 0.023445 1.000000 
5.116451 0.119976 0.151826 1.019439e-07 0.00001228025 13.823549 0.143524 1.062174 5.117857 0.023445 1.000000 
5.116451 0.119976 0.191753 3.399295e-07 0.00001228025 13.823549 0.143524 1.022247 5.117857 0.023445 1.000000 
5.116451 0.119976 0.231679 9.444265e-08 0.00001228025 13.823549 0.143524 0.982321 5.117857 0.023445 1.000000 
5.139515 0.120516 0.151826 9.279141e-08 0.00001233560 13.800485 0.142984 1.062174 5.140928 0.023445 1.000000 
5.139515 0.120516 0.191753 2.766878e-07 0.00001233560 13.800485 0.142984 1.022247 5.140928 0.023445 1.000000 
5.139515 0.120516 0.231679 1.326953e-07 0.00001233560 13.800485 0.142984 0.982321 5.140928 0.023445 1.000000 
5.162579 0.121057 0.151826 8.741304e-08 0.00001239096 13.777421 0.142443 1.062174 5.163998 0.023445 1.000000 
5.162579 0.121057 0.191753 2.889764e-07 0.00001239096 13.777421 0.142443 1.022247 5.163998 0.023445 1.000000 
5.162579 0.121057 0.231679 1.312393e-07 0.00001239096 13.777421 0.142443 0.982321 5.163998 0.023445 1.000000 
5.185643 0.121598 0.151826 6.102374e-08 0.00001244632 13.754357 0.141902 1.062174 5.187069 0.023445 1.000000 
5.185643 0.121598 0.191753 2.918295e-07 0.00001244632 13.754357 0.141902 1.022247 5.187069 0.023445 1.000000 
5.185643 0.121598 0.231679 1.583590e-07 0.00001244632 13.754357 0.141902 0.982321 5.187069 0.023445 1.000000 
5.208707 0.122139 0.151826 6.505651e-08 0.00001250167 13.731293 0.141361 1.062174 5.210139 0.023445 1.000000 
5.208707 0.122139 0.191753 2.698777e-07 0.00001250167 13.731293 0.141361 1.022247 5.210139 0.023445 1.000000 
5.208707 0.122139 0.231679 1.531354e-07 0.00001250167 13.731293 0.141361 0.982321 5.210139 0.023445 1.000000 
5.231771 0.122680 0.151826 4.415515e-08 0.00001255703 13.708229 0.140820 1.062174 5.233209 0.023445 1.000000 
5.231771 0.122680 0.191753 2.841973e-07 0.00001255703 13.708229 0.140820 1.022247 5.233209 0.023445 1.000000 
5.231771 0.122680 0.231679 1.517622e-07 0.00001255703 13.708229 0.140820 0.982321 5.233209 0.023445 1.000000 
5.254835 0.123221 0.151826 2.311434e-08 0.00001261239 13.685165 0.140279 1.062174 5.256280 0.023445 1.000000 
5.254835 0.123221 0.191753 2.735891e-07 0.00001261239 13.685165 0.140279 1.022247 5.256280 0.023445 1.000000 
5.254835 0.123221 0.231679 1.888613e-07 0.00001261239 13.685165 0.140279 0.982321 5.256280 0.023445 1.000000 
5.277899 0.123761 0.151826 3.284739e-08 0.00001266775 13.662101 0.139739 1.062174 5.279350 0.023445 1.000000 
5.277899 0.123761 0.191753 2.648550e-07 0.00001266775 13.662101 0.139739 1.022247 5.279350 0.023445 1.000000 
5.277899 0.123761 0.231679 1.546927e-07 0.00001266775 13.662101 0.139739 0.982321 5.279350 0.023445 1.000000 
5.300963 0.124302 0.151826 3.492209e-08 0.00001272310 13.639037 0.139198 1.062174 5.302421 0.023445 1.000000 
5.300963 0.124302 0.191753 2.250337e-07 0.00001272310 13.639037 0.139198 1.022247 5.302421 0.023445 1.000000 
5.300963 0.124302 0.231679 1.862598e-07 0.00001272310 13.639037 0.139198 0.982321 5.302421 0.023445 1.000000 
5.324027 0.124843 0.151826 2.724439e-08 0.00001277846 13.615973 0.138657 1.062174 5.325491 0.023445 1.000000 
5.324027 0.124843 0.191753 2.218889e-07 0.00001277846 13.615973 0.138657 1.022247 5.325491 0.023445 1.000000 
5.324027 0.124843 0.231679 2.122077e-07 0.00001277846 13.615973 0.138657 0.982321 5.325491 0.023445 1.000000 
5.347091 0.125384 0.151826 1.366670e-08 0.00001283382 13.592909 0.138116 1.062174 5.348561 0.023445 1.000000 
5.347091 0.125384 0.191753 2.147943e-07 0.00001283382 13.592909 0.138116 1.022247 5.348561 0.023445 1.000000 
5.347091 0.125384 0.231679 1.757607e-07 0.00001283382 13.592909 0.138116 0.982321 5.348561 0.023445 1.000000 
5.370155 0.125925 0.151826 1.174945e-08 0.00001288917 13.569845 0.137575 1.062174 5.371632 0.023445 1.000000 
5.370155 0.125925 0.191753 1.685407e-07 0.00001288917 13.569845 0.137575 1.022247 5.371632 0.023445 1.000000 
5.370155 0.125925 0.231679 2.548298e-07 0.00001288917 13.569845 0.137575 0.982321 5.371632 0.023445 1.000000 
5.393220 0.126466 0.151826 3.930371e-09 0.00001294453 13.546780 0.137034 1.062174 5.394702 0.023445 1.000000 
5.393220 0.126466 0.191753 1.926677e-07 0.00001294453 13.546780 0.137034 1.022247 5.394702 0.023445 1.000000 
5.393220 0.126466 0.231679 2.124267e-07 0.00001294453 13.546780 0.137034 0.982321 5.394702 0.023445 1.000000 
5.416284 0.127006 0.151826 3.946235e-09 0.00001299989 13.523716 0.136494 1.062174 5.417772 0.023445 1.000000 
5.416284 0.127006 0.191753 1.716095e-07 0.00001299989 13.523716 0.136494 1.022247 5.417772 0.023445 1.000000 
5.416284 0.127006 0.231679 2.289470e-07 0.00001299989 13.523716 0.136494 0.982321 5.417772 0.023445 1.000000 
5.416284 0.127006 0.271606 1.974348e-09 0.00001299989 13.523716 0.136494 0.942394 5.417772 0.023445 1.000000 
5.439348 0.127547 0.151826 3.959312e-09 0.00001305525 13.500652 0.135953 1.062174 5.440843 0.023445 1.000000 
5.439348 0.127547 0.191753 1.465036e-07 0.00001305525 13.500652 0.135953 1.022247 5.440843 0.023445 1.000000 
5.439348 0.127547 0.231679 2.573996e-07 0.00001305525 13.500652 0.135953 0.982321 5.440843 0.023445 1.000000 
5.439348 0.127547 0.271606 1.978061e-09 0.00001305525 13.500652 0.135953 0.942394 5.440843 0.023445 1.000000 
5.462412 0.128088 0.191753 1.430212e-07 0.00001311060 13.477588 0.135412 1.022247 5.463913 0.023445 1.000000 
5.462412 0.128088 0.231679 2.166045e-07 0.00001311060 13.477588 0.135412 0.982321 5.463913 0.023445 1.000000 
5.462412 0.128088 0.271606 3.971998e-09 0.00001311060 13.477588 0.135412 0.942394 5.463913 0.023445 1.000000 
5.485476 0.128629 0.191753 1.115883e-07 0.00001316596 13.454524 0.134871 1.022247 5.486984 0.023445 1.000000 
5.485476 0.128629 0.231679 2.452215e-07 0.00001316596 13.454524 0.134871 0.982321 5.486984 0.023445 1.000000 
5.485476 0.128629 0.271606 3.990777e-09 0.00001316596 13.454524 0.134871 0.942394 5.486984 0.023445 1.000000 
5.508540 0.129170 0.191753 1.099707e-07 0.00001322132 13.431460 0.134330 1.022247 5.510054 0.023445 1.000000 
5.508540 0.129170 0.231679 2.820514e-07 0.00001322132 13.431460 0.134330 0.982321 5.510054 0.023445 1.000000 
5.508540 0.129170 0.271606 6.007170e-09 0.00001322132 13.431460 0.134330 0.942394 5.510054 0.023445 1.000000 
5.531604 0.129710 0.191753 1.023767e-07 0.00001327667 13.408396 0.133790 1.022247 5.533124 0.023445 1.000000 
5.531604 0.129710 0.231679 2.569381e-07 0.00001327667 13.408396 0.133790 0.982321 5.533124 0.023445 1.000000 
5.531604 0.129710 0.271606 2.008059e-08 0.00001327667 13.408396 0.133790 0.942394 5.533124 0.023445 1.000000 
5.554668 0.130251 0.191753 6.845769e-08 0.00001333203 13.385332 0.133249 1.022247 5.556195 0.023445 1.000000 
5.554668 0.130251 0.231679 2.397081e-07 0.00001333203 13.385332 0.133249 0.982321 5.556195 0.023445 1.000000 
5.554668 0.130251 0.271606 1.612057e-08 0.00001333203 13.385332 0.133249 0.942394 5.556195 0.023445 1.000000 
5.577732 0.130792 0.191753 6.467380e-08 0.00001338739 13.362268 0.132708 1.022247 5.579265 0.023445 1.000000 
5.577732 0.130792 0.231679 2.627815e-07 0.00001338739 13.362268 0.132708 0.982321 5.579265 0.023445 1.000000 
5.577732 0.130792 0.271606 3.033222e-08 0.00001338739 13.362268 0.132708 0.942394 5.579265 0.023445 1.000000 
5.600796 0.131333 0.191753 7.906994e-08 0.00001344275 13.339204 0.132167 1.022247 5.602335 0.023445 1.000000 
5.600796 0.131333 0.231679 2.231054e-07 0.00001344275 13.339204 0.132167 0.982321 5.602335 0.023445 1.000000 
5.600796 0.131333 0.271606 1.825927e-08 0.00001344275 13.339204 0.132167 0.942394 5.602335 0.023445 1.000000 
5.623860 0.131874 0.191753 7.122579e-08 0.00001349810 13.316140 0.131626 1.022247 5.625406 0.023445 1.000000 
5.623860 0.131874 0.231679 2.706990e-07 0.00001349810 13.316140 0.131626 0.982321 5.625406 0.023445 1.000000 
5.623860 0.131874 0.271606 4.274190e-08 0.00001349810 13.316140 0.131626 0.942394 5.625406 0.023445 1.000000 
5.646924 0.132415 0.191753 4.899043e-08 0.00001355346 13.293076 0.131085 1.022247 5.648476 0.023445 1.000000 
5.646924 0.132415 0.231679 2.022353e-07 0.00001355346 13.293076 0.131085 0.982321 5.648476 0.023445 1.000000 
5.646924 0.132415 0.271606 4.289511e-08 0.00001355346 13.293076 0.131085 0.942394 5.648476 0.023445 1.000000 
5.669988 0.132955 0.191753 5.323506e-08 0.00001360882 13.270012 0.130545 1.022247 5.671547 0.023445 1.000000 
5.669988 0.132955 0.231679 2.336809e-07 0.00001360882 13.270012 0.130545 0.982321 5.671547 0.023445 1.000000 
5.669988 0.132955 0.271606 3.074479e-08 0.00001360882 13.270012 0.130545 0.942394 5.671547 0.023445 1.000000 
5.693052 0.133496 0.191753 2.877377e-08 0.00001366417 13.246948 0.130004 1.022247 5.694617 0.023445 1.000000 
5.693052 0.133496 0.231679 2.303237e-07 0.00001366417 13.246948 0.130004 0.982321 5.694617 0.023445 1.000000 
5.693052 0.133496 0.271606 4.938058e-08 0.00001366417 13.246948 0.130004 0.942394 5.694617 0.023445 1.000000 
5.716116 0.134037 0.191753 2.681791e-08 0.00001371953 13.223884 0.129463 1.022247 5.717687 0.023445 1.000000 
5.716116 0.134037 0.231679 1.816003e-07 0.00001371953 13.223884 0.129463 0.982321 5.717687 0.023445 1.000000 
5.716116 0.134037 0.271606 5.778702e-08 0.00001371953 13.223884 0.129463 0.942394 5.717687 0.023445 1.000000 
5.739180 0.134578 0.191753 2.070159e-08 0.00001377489 13.200820 0.128922 1.022247 5.740758 0.023445 1.000000 
5.739180 0.134578 0.231679 2.070950e-07 0.00001377489 13.200820 0.128922 0.982321 5.740758 0.023445 1.000000 
5.739180 0.134578 0.271606 5.593268e-08 0.00001377489 13.200820 0.128922 0.942394 5.740758 0.023445 1.000000 
5.762244 0.135119 0.191753 1.454025e-08 0.00001383025 13.177756 0.128381 1.022247 5.763828 0.023445 1.000000 
5.762244 0.135119 0.231679 1.828678e-07 0.00001383025 13.177756 0.128381 0.982321 5.763828 0.023445 1.000000 
5.762244 0.135119 0.271606 8.313514e-08 0.00001383025 13.177756 0.128381 0.942394 5.763828 0.023445 1.000000 
5.785308 0.135660 0.191753 1.042263e-08 0.00001388560 13.154692 0.127840 1.022247 5.786899 0.023445 1.000000 
5.785308 0.135660 0.231679 1.626688e-07 0.00001388560 13.154692 0.127840 0.982321 5.786899 0.023445 1.000000 
5.785308 0.135660 0.271606 8.761412e-08 0.00001388560 13.154692 0.127840 0.942394 5.786899 0.023445 1.000000 
5.808372 0.136200 0.191753 8.373942e-09 0.00001394096 13.131628 0.127300 1.022247 5.809969 0.023445 1.000000 
5.808372 0.136200 0.231679 1.674130e-07 0.00001394096 13.131628 0.127300 0.982321 5.809969 0.023445 1.000000 
5.808372 0.136200 0.271606 6.907399e-08 0.00001394096 13.131628 0.127300 0.942394 5.809969 0.023445 1.000000 
5.831436 0.136741 0.191753 6.291660e-09 0.00001399632 13.108564 0.126759 1.022247 5.833039 0.023445 1.000000 
5.831436 0.136741 0.231679 1.721866e-07 0.00001399632 13.108564 0.126759 0.982321 5.833039 0.023445 1.000000 
5.831436 0.136741 0.271606 7.771781e-08 0.00001399632 13.108564 0.126759 0.942394 5.833039 0.023445 1.000000 
5.854500 0.137282 0.191753 6.320277e-09 0.00001405167 13.085500 0.126218 1.022247 5.856110 0.023445 1.000000 
5.854500 0.137282 0.231679 1.727955e-07 0.00001405167 13.085500 0.126218 0.982321 5.856110 0.023445 1.000000 
5.854500 0.137282 0.271606 9.064263e-08 0.00001405167 13.085500 0.126218 0.942394 5.856110 0.023445 1.000000 
5.877564 0.137823 0.191753 2.115116e-09 0.00001410703 13.062436 0.125677 1.022247 5.879180 0.023445 1.000000 
5.877564 0.137823 0.231679 1.184441e-07 0.00001410703 13.062436 0.125677 0.982321 5.879180 0.023445 1.000000 
5.877564 0.137823 0.271606 1.015532e-07 0.00001410703 13.062436 0.125677 0.942394 5.879180 0.023445 1.000000 
5.900628 0.138364 0.231679 1.039936e-07 0.00001416239 13.039372 0.125136 0.982321 5.902250 0.023445 1.000000 
5.900628 0.138364 0.271606 1.464567e-07 0.00001416239 13.039372 0.125136 0.942394 5.902250 0.023445 1.000000 
5.923692 0.138905 0.231679 9.371303e-08 0.00001421775 13.016308 0.124595 0.982321 5.925321 0.023445 1.000000 
5.923692 0.138905 0.271606 8.735363e-08 0.00001421775 13.016308 0.124595 0.942394 5.925321 0.023445 1.000000 
5.946757 0.139445 0.231679 9.614004e-08 0.00001427310 12.993243 0.124055 0.982321 5.948391 0.023445 1.000000 
5.946757 0.139445 0.271606 9.619656e-08 0.00001427310 12.993243 0.124055 0.942394 5.948391 0.023445 1.000000 
5.969821 0.139986 0.231679 6.002625e-08 0.00001432846 12.970179 0.123514 0.982321 5.971462 0.023445 1.000000 
5.969821 0.139986 0.271606 1.072786e-07 0.00001432846 12.970179 0.123514 0.942394 5.971462 0.023445 1.000000 
5.992885 0.140527 0.231679 7.101482e-08 0.00001438382 12.947115 0.122973 0.982321 5.994532 0.023445 1.000000 
5.992885 0.140527 0.271606 1.055146e-07 0.00001438382 12.947115 0.122973 0.942394 5.994532 0.023445 1.000000 
6.015949 0.141068 0.231679 5.614753e-08 0.00001443917 12.924051 0.122432 0.982321 6.017602 0.023445 1.000000 
6.015949 0.141068 0.271606 9.292773e-08 0.00001443917 12.924051 0.122432 0.942394 6.017602 0.023445 1.000000 
6.039013 0.141609 0.231679 6.069361e-08 0.00001449453 12.900987 0.121891 0.982321 6.040673 0.023445 1.000000 
6.039013 0.141609 0.271606 1.105792e-07 0.00001449453 12.900987 0.121891 0.942394 6.040673 0.023445 1.000000 
6.062077 0.142150 0.231679 3.480772e-08 0.00001454989 12.877923 0.121350 0.982321 6.063743 0.023445 1.000000 
6.062077 0.142150 0.271606 1.022791e-07 0.00001454989 12.877923 0.121350 0.942394 6.063743 0.023445 1.000000 
6.085141 0.142690 0.231679 2.402419e-08 0.00001460525 12.854859 0.120810 0.982321 6.086813 0.023445 1.000000 
6.085141 0.142690 0.271606 8.953075e-08 0.00001460525 12.854859 0.120810 0.942394 6.086813 0.023445 1.000000 
6.108205 0.143231 0.231679 2.630199e-08 0.00001466060 12.831795 0.120269 0.982321 6.109884 0.023445 1.000000 
6.108205 0.143231 0.271606 9.646445e-08 0.00001466060 12.831795 0.120269 0.942394 6.109884 0.023445 1.000000 
6.131269 0.143772 0.231679 2.418668e-08 0.00001471596 12.808731 0.119728 0.982321 6.132954 0.023445 1.000000 
6.131269 0.143772 0.271606 1.121793e-07 0.00001471596 12.808731 0.119728 0.942394 6.132954 0.023445 1.000000 
6.131269 0.143772 0.311532 2.203285e-09 0.00001471596 12.808731 0.119728 0.902468 6.132954 0.023445 1.000000 
6.154333 0.144313 0.231679 4.408334e-09 0.00001477132 12.785667 0.119187 0.982321 6.156025 0.023445 1.000000 
6.154333 0.144313 0.271606 1.236316e-07 0.00001477132 12.785667 0.119187 0.942394 6.156025 0.023445 1.000000 
6.177397 0.144854 0.231679 8.865684e-09 0.00001482667 12.762603 0.118646 0.982321 6.179095 0.023445 1.000000 
6.177397 0.144854 0.271606 9.748898e-08 0.00001482667 12.762603 0.118646 0.942394 6.179095 0.023445 1.000000 
6.177397 0.144854 0.311532 2.220002e-09 0.00001482667 12.762603 0.118646 0.902468 6.179095 0.023445 1.000000 
6.200461 0.145395 0.231679 8.890079e-09 0.00001488203 12.739539 0.118105 0.982321 6.202165 0.023445 1.000000 
6.200461 0.145395 0.271606 7.781780e-08 0.00001488203 12.739539 0.118105 0.942394 6.202165 0.023445 1.000000 
6.223525 0.145935 0.231679 2.234035e-09 0.00001493739 12.716475 0.117565 0.982321 6.225236 0.023445 1.000000 
6.223525 0.145935 0.271606 1.004264e-07 0.00001493739 12.716475 0.117565 0.942394 6.225236 0.023445 1.000000 
6.223525 0.145935 0.311532 6.695379e-09 0.00001493739 12.716475 0.117565 0.902468 6.225236 0.023445 1.000000 
6.246589 0.146476 0.231679 2.239639e-09 0.00001499275 12.693411 0.117024 0.982321 6.248306 0.023445 1.000000 
6.246589 0.146476 0.271606 9.629964e-08 0.00001499275 12.693411 0.117024 0.942394 6.248306 0.023445 1.000000 
6.246589 0.146476 0.311532 4.484843e-09 0.00001499275 12.693411 0.117024 0.902468 6.248306 0.023445 1.000000 
6.269653 0.147017 0.231679 8.983979e-09 0.00001504810 12.670347 0.116483 0.982321 6.271377 0.023445 1.000000 
6.269653 0.147017 0.271606 1.123767e-07 0.00001504810 12.670347 0.116483 0.942394 6.271377 0.023445 1.000000 
6.269653 0.147017 0.311532 8.990802e-09 0.00001504810 12.670347 0.116483 0.902468 6.271377 0.023445 1.000000 
6.292717 0.147558 0.231679 2.253511e-09 0.00001510346 12.647283 0.115942 0.982321 6.294447 0.023445 1.000000 
6.292717 0.147558 0.271606 5.414141e-08 0.00001510346 12.647283 0.115942 0.942394 6.294447 0.023445 1.000000 
6.292717 0.147558 0.311532 9.032400e-09 0.00001510346 12.647283 0.115942 0.902468 6.294447 0.023445 1.000000 
6.315781 0.148099 0.231679 2.267551e-09 0.00001515882 12.624219 0.115401 0.982321 6.317517 0.023445 1.000000 
6.315781 0.148099 0.271606 7.242968e-08 0.00001515882 12.624219 0.115401 0.942394 6.317517 0.023445 1.000000 
6.315781 0.148099 0.311532 2.266632e-08 0.00001515882 12.624219 0.115401 0.902468 6.317517 0.023445 1.000000 
6.338845 0.148639 0.271606 7.271537e-08 0.00001521417 12.601155 0.114861 0.942394 6.340588 0.023445 1.000000 
6.338845 0.148639 0.311532 2.046158e-08 0.00001521417 12.601155 0.114861 0.902468 6.340588 0.023445 1.000000 
6.361909 0.149180 0.231679 2.278809e-09 0.00001526953 12.578091 0.114320 0.982321 6.363658 0.023445 1.000000 
6.361909 0.149180 0.271606 5.016895e-08 0.00001526953 12.578091 0.114320 0.942394 6.363658 0.023445 1.000000 
6.361909 0.149180 0.311532 1.596710e-08 0.00001526953 12.578091 0.114320 0.902468 6.363658 0.023445 1.000000 
6.384973 0.149721 0.271606 6.409851e-08 0.00001532489 12.555027 0.113779 0.942394 6.386728 0.023445 1.000000 
6.384973 0.149721 0.311532 2.519233e-08 0.00001532489 12.555027 0.113779 0.902468 6.386728 0.023445 1.000000 
6.408037 0.150262 0.271606 5.283785e-08 0.00001538025 12.531963 0.113238 0.942394 6.409799 0.023445 1.000000 
6.408037 0.150262 0.311532 1.609352e-08 0.00001538025 12.531963 0.113238 0.902468 6.409799 0.023445 1.000000 
6.431101 0.150803 0.271606 2.075450e-08 0.00001543560 12.508899 0.112697 0.942394 6.432869 0.023445 1.000000 
6.431101 0.150803 0.311532 2.538005e-08 0.00001543560 12.508899 0.112697 0.902468 6.432869 0.023445 1.000000 
6.454165 0.151344 0.271606 2.777110e-08 0.00001549096 12.485835 0.112156 0.942394 6.455940 0.023445 1.000000 
6.454165 0.151344 0.311532 2.316766e-08 0.00001549096 12.485835 0.112156 0.902468 6.455940 0.023445 1.000000 
6.477229 0.151884 0.271606 3.948542e-08 0.00001554632 12.462771 0.111616 0.942394 6.479010 0.023445 1.000000 
6.477229 0.151884 0.311532 1.858107e-08 0.00001554632 12.462771 0.111616 0.902468 6.479010 0.023445 1.000000 
6.500293 0.152425 0.271606 1.864825e-08 0.00001560167 12.439707 0.111075 0.942394 6.502080 0.023445 1.000000 
6.500293 0.152425 0.311532 1.864724e-08 0.00001560167 12.439707 0.111075 0.902468 6.502080 0.023445 1.000000 
6.523358 0.152966 0.271606 1.637787e-08 0.00001565703 12.416642 0.110534 0.942394 6.525151 0.023445 1.000000 
6.523358 0.152966 0.311532 1.402900e-08 0.00001565703 12.416642 0.110534 0.902468 6.525151 0.023445 1.000000 
6.546422 0.153507 0.271606 7.045799e-09 0.00001571239 12.393578 0.109993 0.942394 6.548221 0.023445 1.000000 
6.546422 0.153507 0.311532 3.289701e-08 0.00001571239 12.393578 0.109993 0.902468 6.548221 0.023445 1.000000 
6.569486 0.154048 0.271606 2.357244e-09 0.00001576775 12.370514 0.109452 0.942394 6.571292 0.023445 1.000000 
6.569486 0.154048 0.311532 3.537608e-08 0.00001576775 12.370514 0.109452 0.902468 6.571292 0.023445 1.000000 
6.592550 0.154589 0.311532 2.367067e-08 0.00001582310 12.347450 0.108911 0.902468 6.594362 0.023445 1.000000 
6.615614 0.155129 0.271606 4.755570e-09 0.00001587846 12.324386 0.108371 0.942394 6.617432 0.023445 1.000000 
6.615614 0.155129 0.311532 3.325807e-08 0.00001587846 12.324386 0.108371 0.902468 6.617432 0.023445 1.000000 
6.638678 0.155670 0.271606 4.767743e-09 0.00001593382 12.301322 0.107830 0.942394 6.640503 0.023445 1.000000 
6.638678 0.155670 0.311532 2.861770e-08 0.00001593382 12.301322 0.107830 0.902468 6.640503 0.023445 1.000000 
6.661742 0.156211 0.271606 7.183230e-09 0.00001598917 12.278258 0.107289 0.942394 6.663573 0.023445 1.000000 
6.661742 0.156211 0.311532 1.196492e-08 0.00001598917 12.278258 0.107289 0.902468 6.663573 0.023445 1.000000 
6.684806 0.156752 0.311532 2.162317e-08 0.00001604453 12.255194 0.106748 0.902468 6.686643 0.023445 1.000000 
6.707870 0.157293 0.271606 2.409290e-09 0.00001609989 12.232130 0.106207 0.942394 6.709714 0.023445 1.000000 
6.707870 0.157293 0.311532 2.412030e-08 0.00001609989 12.232130 0.106207 0.902468 6.709714 0.023445 1.000000 
6.730934 0.157834 0.311532 1.694057e-08 0.00001615525 12.209066 0.105666 0.902468 6.732784 0.023445 1.000000 
6.753998 0.158374 0.311532 1.215047e-08 0.00001621060 12.186002 0.105126 0.902468 6.755855 0.023445 1.000000 
6.777062 0.158915 0.311532 9.756164e-09 0.00001626596 12.162938 0.104585 0.902468 6.778925 0.023445 1.000000 
6.800126 0.159456 0.311532 1.959023e-08 0.00001632132 12.139874 0.104044 0.902468 6.801995 0.023445 1.000000 
6.823190 0.159997 0.311532 2.460876e-09 0.00001637667 12.116810 0.103503 0.902468 6.825066 0.023445 1.000000 
6.846254 0.160538 0.311532 7.399879e-09 0.00001643203 12.093746 0.102962 0.902468 6.848136 0.023445 1.000000 
6.869318 0.161079 0.311532 7.437849e-09 0.00001648739 12.070682 0.102421 0.902468 6.871206 0.023445 1.000000 
6.915446 0.162160 0.311532 2.493621e-09 0.00001659810 12.024554 0.101340 0.902468 6.917347 0.023445 1.000000 
6.938510 0.162701 0.311532 2.502067e-09 0.00001665346 12.001490 0.100799 0.902468 6.940418 0.023445 1.000000 
6.961574 0.163242 0.311532 2.510323e-09 0.00001670882 11.978426 0.100258 0.902468 6.963488 0.023445 1.000000 
7.007702 0.164323 0.311532 2.533895e-09 0.00001681953 11.932298 0.099177 0.902468 7.009629 0.023445 1.000000 
7.007702 0.164323 0.351459 2.530596e-09 0.00001681953 11.932298 0.099177 0.862541 7.009629 0.023445 1.000000 
7.030766 0.164864 0.351459 2.542476e-09 0.00001687489 11.909234 0.098636 0.862541 7.032699 0.023445 1.000000 
4.009119 0.104460 0.032046 1.616940e-09 0.00000962310 14.930881 0.159040 1.181954 4.010479 0.026050 1.000000 
4.009119 0.104460 0.071973 1.408057e-07 0.00000962310 14.930881 0.159040 1.142027 4.010479 0.026050 1.000000 
4.009119 0.104460 0.111899 3.156984e-07 0.00000962310 14.930881 0.159040 1.102101 4.010479 0.026050 1.000000 
4.009119 0.104460 0.151826 1.214456e-07 0.00000962310 14.930881 0.159040 1.062174 4.010479 0.026050 1.000000 
4.032181 0.105061 0.032046 1.622716e-09 0.00000967846 14.907819 0.158439 1.181954 4.033550 0.026050 1.000000 
4.032181 0.105061 0.071973 1.055034e-07 0.00000967846 14.907819 0.158439 1.142027 4.033550 0.026050 1.000000 
4.032181 0.105061 0.111899 2.890461e-07 0.00000967846 14.907819 0.158439 1.102101 4.033550 0.026050 1.000000 
4.032181 0.105061 0.151826 1.737960e-07 0.00000967846 14.907819 0.158439 1.062174 4.033550 0.026050 1.000000 
4.055244 0.105662 0.032046 1.629423e-09 0.00000973382 14.884756 0.157838 1.181954 4.056620 0.026050 1.000000 
4.055244 0.105662 0.071973 1.172342e-07 0.00000973382 14.884756 0.157838 1.142027 4.056620 0.026050 1.000000 
4.055244 0.105662 0.111899 3.143441e-07 0.00000973382 14.884756 0.157838 1.102101 4.056620 0.026050 1.000000 
4.055244 0.105662 0.151826 1.645591e-07 0.00000973382 14.884756 0.157838 1.062174 4.056620 0.026050 1.000000 
4.078306 0.106262 0.071973 1.045349e-07 0.00000978918 14.861694 0.157238 1.142027 4.079690 0.026050 1.000000 
4.078306 0.106262 0.111899 2.924656e-07 0.00000978918 14.861694 0.157238 1.102101 4.079690 0.026050 1.000000 
4.078306 0.106262 0.151826 1.748734e-07 0.00000978918 14.861694 0.157238 1.062174 4.079690 0.026050 1.000000 
4.101369 0.106863 0.071973 1.081257e-07 0.00000984453 14.838631 0.156637 1.142027 4.102761 0.026050 1.000000 
4.101369 0.106863 0.111899 2.786191e-07 0.00000984453 14.838631 0.156637 1.102101 4.102761 0.026050 1.000000 
4.101369 0.106863 0.151826 1.721385e-07 0.00000984453 14.838631 0.156637 1.062174 4.102761 0.026050 1.000000 
4.124431 0.107464 0.071973 6.574051e-08 0.00000989989 14.815569 0.156036 1.142027 4.125831 0.026050 1.000000 
4.124431 0.107464 0.111899 2.991691e-07 0.00000989989 14.815569 0.156036 1.102101 4.125831 0.026050 1.000000 
4.124431 0.107464 0.151826 2.072122e-07 0.00000989989 14.815569 0.156036 1.062174 4.125831 0.026050 1.000000 
4.147494 0.108065 0.071973 7.088022e-08 0.00000995525 14.792506 0.155435 1.142027 4.148901 0.026050 1.000000 
4.147494 0.108065 0.111899 3.017708e-07 0.00000995525 14.792506 0.155435 1.102101 4.148901 0.026050 1.000000 
4.147494 0.108065 0.151826 2.128278e-07 0.00000995525 14.792506 0.155435 1.062174 4.148901 0.026050 1.000000 
4.170556 0.108666 0.071973 5.623323e-08 0.00001001060 14.769444 0.154834 1.142027 4.171972 0.026050 1.000000 
4.170556 0.108666 0.111899 2.497713e-07 0.00001001060 14.769444 0.154834 1.102101 4.171972 0.026050 1.000000 
4.170556 0.108666 0.151826 2.548318e-07 0.00001001060 14.769444 0.154834 1.062174 4.171972 0.026050 1.000000 
4.193619 0.109267 0.071973 6.137539e-08 0.00001006596 14.746381 0.154233 1.142027 4.195042 0.026050 1.000000 
4.193619 0.109267 0.111899 2.555341e-07 0.00001006596 14.746381 0.154233 1.102101 4.195042 0.026050 1.000000 
4.193619 0.109267 0.151826 2.290697e-07 0.00001006596 14.746381 0.154233 1.062174 4.195042 0.026050 1.000000 
4.216682 0.109868 0.071973 4.326909e-08 0.00001012132 14.723318 0.153632 1.142027 4.218113 0.026050 1.000000 
4.216682 0.109868 0.111899 2.713296e-07 0.00001012132 14.723318 0.153632 1.102101 4.218113 0.026050 1.000000 
4.216682 0.109868 0.151826 2.314536e-07 0.00001012132 14.723318 0.153632 1.062174 4.218113 0.026050 1.000000 
4.216682 0.109868 0.191753 3.331062e-09 0.00001012132 14.723318 0.153632 1.022247 4.218113 0.026050 1.000000 
4.239744 0.110469 0.071973 3.505715e-08 0.00001017668 14.700256 0.153031 1.142027 4.241183 0.026050 1.000000 
4.239744 0.110469 0.111899 2.120611e-07 0.00001017668 14.700256 0.153031 1.102101 4.241183 0.026050 1.000000 
4.239744 0.110469 0.151826 2.705899e-07 0.00001017668 14.700256 0.153031 1.062174 4.241183 0.026050 1.000000 
4.239744 0.110469 0.191753 1.668310e-09 0.00001017668 14.700256 0.153031 1.022247 4.241183 0.026050 1.000000 
4.262807 0.111070 0.071973 3.515684e-08 0.00001023203 14.677193 0.152430 1.142027 4.264253 0.026050 1.000000 
4.262807 0.111070 0.111899 2.009716e-07 0.00001023203 14.677193 0.152430 1.102101 4.264253 0.026050 1.000000 
4.262807 0.111070 0.151826 2.580410e-07 0.00001023203 14.677193 0.152430 1.062174 4.264253 0.026050 1.000000 
4.262807 0.111070 0.191753 3.352863e-09 0.00001023203 14.677193 0.152430 1.022247 4.264253 0.026050 1.000000 
4.285869 0.111671 0.071973 2.519091e-08 0.00001028739 14.654131 0.151829 1.142027 4.287324 0.026050 1.000000 
4.285869 0.111671 0.111899 1.999559e-07 0.00001028739 14.654131 0.151829 1.102101 4.287324 0.026050 1.000000 
4.285869 0.111671 0.151826 2.537982e-07 0.00001028739 14.654131 0.151829 1.062174 4.287324 0.026050 1.000000 
4.285869 0.111671 0.191753 6.725614e-09 0.00001028739 14.654131 0.151829 1.022247 4.287324 0.026050 1.000000 
4.308932 0.112272 0.071973 3.875692e-08 0.00001034275 14.631068 0.151228 1.142027 4.310394 0.026050 1.000000 
4.308932 0.112272 0.111899 2.022333e-07 0.00001034275 14.631068 0.151228 1.102101 4.310394 0.026050 1.000000 
4.308932 0.112272 0.151826 2.630470e-07 0.00001034275 14.631068 0.151228 1.062174 4.310394 0.026050 1.000000 
4.308932 0.112272 0.191753 1.349294e-08 0.00001034275 14.631068 0.151228 1.022247 4.310394 0.026050 1.000000 
4.331994 0.112872 0.071973 1.351581e-08 0.00001039810 14.608006 0.150628 1.142027 4.333465 0.026050 1.000000 
4.331994 0.112872 0.111899 1.995235e-07 0.00001039810 14.608006 0.150628 1.102101 4.333465 0.026050 1.000000 
4.331994 0.112872 0.151826 2.638676e-07 0.00001039810 14.608006 0.150628 1.062174 4.333465 0.026050 1.000000 
4.331994 0.112872 0.191753 5.076999e-09 0.00001039810 14.608006 0.150628 1.022247 4.333465 0.026050 1.000000 
4.355057 0.113473 0.071973 1.355678e-08 0.00001045346 14.584943 0.150027 1.142027 4.356535 0.026050 1.000000 
4.355057 0.113473 0.111899 1.746675e-07 0.00001045346 14.584943 0.150027 1.102101 4.356535 0.026050 1.000000 
4.355057 0.113473 0.151826 2.494342e-07 0.00001045346 14.584943 0.150027 1.062174 4.356535 0.026050 1.000000 
4.355057 0.113473 0.191753 1.866555e-08 0.00001045346 14.584943 0.150027 1.022247 4.356535 0.026050 1.000000 
4.378119 0.114074 0.071973 6.803179e-09 0.00001050882 14.561881 0.149426 1.142027 4.379605 0.026050 1.000000 
4.378119 0.114074 0.111899 1.718124e-07 0.00001050882 14.561881 0.149426 1.102101 4.379605 0.026050 1.000000 
4.378119 0.114074 0.151826 2.570246e-07 0.00001050882 14.561881 0.149426 1.062174 4.379605 0.026050 1.000000 
4.378119 0.114074 0.191753 2.723285e-08 0.00001050882 14.561881 0.149426 1.022247 4.379605 0.026050 1.000000 
4.401182 0.114675 0.071973 5.118599e-09 0.00001056418 14.538818 0.148825 1.142027 4.402676 0.026050 1.000000 
4.401182 0.114675 0.111899 1.741131e-07 0.00001056418 14.538818 0.148825 1.102101 4.402676 0.026050 1.000000 
4.401182 0.114675 0.151826 2.902905e-07 0.00001056418 14.538818 0.148825 1.062174 4.402676 0.026050 1.000000 
4.401182 0.114675 0.191753 2.732038e-08 0.00001056418 14.538818 0.148825 1.022247 4.402676 0.026050 1.000000 
4.424245 0.115276 0.071973 6.843765e-09 0.00001061953 14.515755 0.148224 1.142027 4.425746 0.026050 1.000000 
4.424245 0.115276 0.111899 1.626688e-07 0.00001061953 14.515755 0.148224 1.102101 4.425746 0.026050 1.000000 
4.424245 0.115276 0.151826 2.569334e-07 0.00001061953 14.515755 0.148224 1.062174 4.425746 0.026050 1.000000 
4.424245 0.115276 0.191753 3.427562e-08 0.00001061953 14.515755 0.148224 1.022247 4.425746 0.026050 1.000000 
4.447307 0.115877 0.071973 5.152399e-09 0.00001067489 14.492693 0.147623 1.142027 4.448816 0.026050 1.000000 
4.447307 0.115877 0.111899 1.803442e-07 0.00001067489 14.492693 0.147623 1.102101 4.448816 0.026050 1.000000 
4.447307 0.115877 0.151826 2.577141e-07 0.00001067489 14.492693 0.147623 1.062174 4.448816 0.026050 1.000000 
4.447307 0.115877 0.191753 3.092230e-08 0.00001067489 14.492693 0.147623 1.022247 4.448816 0.026050 1.000000 
4.470370 0.116478 0.071973 1.720960e-09 0.00001073025 14.469630 0.147022 1.142027 4.471887 0.026050 1.000000 
4.470370 0.116478 0.111899 1.171797e-07 0.00001073025 14.469630 0.147022 1.102101 4.471887 0.026050 1.000000 
4.470370 0.116478 0.151826 3.016766e-07 0.00001073025 14.469630 0.147022 1.062174 4.471887 0.026050 1.000000 
4.470370 0.116478 0.191753 5.690844e-08 0.00001073025 14.469630 0.147022 1.022247 4.471887 0.026050 1.000000 
4.493432 0.117079 0.071973 1.730622e-09 0.00001078560 14.446568 0.146421 1.142027 4.494957 0.026050 1.000000 
4.493432 0.117079 0.111899 1.036987e-07 0.00001078560 14.446568 0.146421 1.102101 4.494957 0.026050 1.000000 
4.493432 0.117079 0.151826 2.576696e-07 0.00001078560 14.446568 0.146421 1.062174 4.494957 0.026050 1.000000 
4.493432 0.117079 0.191753 5.189218e-08 0.00001078560 14.446568 0.146421 1.022247 4.494957 0.026050 1.000000 
4.516495 0.117680 0.111899 8.497998e-08 0.00001084096 14.423505 0.145820 1.102101 4.518028 0.026050 1.000000 
4.516495 0.117680 0.151826 2.238110e-07 0.00001084096 14.423505 0.145820 1.062174 4.518028 0.026050 1.000000 
4.516495 0.117680 0.191753 5.550868e-08 0.00001084096 14.423505 0.145820 1.022247 4.518028 0.026050 1.000000 
4.539557 0.118281 0.111899 8.700100e-08 0.00001089632 14.400443 0.145219 1.102101 4.541098 0.026050 1.000000 
4.539557 0.118281 0.151826 2.227435e-07 0.00001089632 14.400443 0.145219 1.062174 4.541098 0.026050 1.000000 
4.539557 0.118281 0.191753 6.965552e-08 0.00001089632 14.400443 0.145219 1.022247 4.541098 0.026050 1.000000 
4.562620 0.118882 0.111899 6.980459e-08 0.00001095168 14.377380 0.144618 1.102101 4.564168 0.026050 1.000000 
4.562620 0.118882 0.151826 2.618827e-07 0.00001095168 14.377380 0.144618 1.062174 4.564168 0.026050 1.000000 
4.562620 0.118882 0.191753 6.636326e-08 0.00001095168 14.377380 0.144618 1.022247 4.564168 0.026050 1.000000 
4.585682 0.119482 0.111899 6.827337e-08 0.00001100703 14.354318 0.144018 1.102101 4.587239 0.026050 1.000000 
4.585682 0.119482 0.151826 1.961513e-07 0.00001100703 14.354318 0.144018 1.062174 4.587239 0.026050 1.000000 
4.585682 0.119482 0.191753 8.934764e-08 0.00001100703 14.354318 0.144018 1.022247 4.587239 0.026050 1.000000 
4.608745 0.120083 0.111899 6.325009e-08 0.00001106239 14.331255 0.143417 1.102101 4.610309 0.026050 1.000000 
4.608745 0.120083 0.151826 2.161247e-07 0.00001106239 14.331255 0.143417 1.062174 4.610309 0.026050 1.000000 
4.608745 0.120083 0.191753 1.001830e-07 0.00001106239 14.331255 0.143417 1.022247 4.610309 0.026050 1.000000 
4.631808 0.120684 0.111899 6.343556e-08 0.00001111775 14.308192 0.142816 1.102101 4.633379 0.026050 1.000000 
4.631808 0.120684 0.151826 2.397572e-07 0.00001111775 14.308192 0.142816 1.062174 4.633379 0.026050 1.000000 
4.631808 0.120684 0.191753 9.698471e-08 0.00001111775 14.308192 0.142816 1.022247 4.633379 0.026050 1.000000 
4.654870 0.121285 0.111899 4.064259e-08 0.00001117310 14.285130 0.142215 1.102101 4.656450 0.026050 1.000000 
4.654870 0.121285 0.151826 1.662342e-07 0.00001117310 14.285130 0.142215 1.062174 4.656450 0.026050 1.000000 
4.654870 0.121285 0.191753 1.149668e-07 0.00001117310 14.285130 0.142215 1.022247 4.656450 0.026050 1.000000 
4.677933 0.121886 0.111899 3.902635e-08 0.00001122846 14.262067 0.141614 1.102101 4.679520 0.026050 1.000000 
4.677933 0.121886 0.151826 2.447976e-07 0.00001122846 14.262067 0.141614 1.062174 4.679520 0.026050 1.000000 
4.677933 0.121886 0.191753 9.937133e-08 0.00001122846 14.262067 0.141614 1.022247 4.679520 0.026050 1.000000 
4.700995 0.122487 0.111899 3.024150e-08 0.00001128382 14.239005 0.141013 1.102101 4.702591 0.026050 1.000000 
4.700995 0.122487 0.151826 1.922110e-07 0.00001128382 14.239005 0.141013 1.062174 4.702591 0.026050 1.000000 
4.700995 0.122487 0.191753 9.969810e-08 0.00001128382 14.239005 0.141013 1.022247 4.702591 0.026050 1.000000 
4.724058 0.123088 0.111899 8.925084e-09 0.00001133918 14.215942 0.140412 1.102101 4.725661 0.026050 1.000000 
4.724058 0.123088 0.151826 2.000044e-07 0.00001133918 14.215942 0.140412 1.062174 4.725661 0.026050 1.000000 
4.724058 0.123088 0.191753 1.142999e-07 0.00001133918 14.215942 0.140412 1.022247 4.725661 0.026050 1.000000 
4.747120 0.123689 0.111899 1.432110e-08 0.00001139453 14.192880 0.139811 1.102101 4.748731 0.026050 1.000000 
4.747120 0.123689 0.151826 1.844858e-07 0.00001139453 14.192880 0.139811 1.062174 4.748731 0.026050 1.000000 
4.747120 0.123689 0.191753 1.505113e-07 0.00001139453 14.192880 0.139811 1.022247 4.748731 0.026050 1.000000 
4.770183 0.124290 0.111899 1.257647e-08 0.00001144989 14.169817 0.139210 1.102101 4.771802 0.026050 1.000000 
4.770183 0.124290 0.151826 1.689068e-07 0.00001144989 14.169817 0.139210 1.062174 4.771802 0.026050 1.000000 
4.770183 0.124290 0.191753 1.312289e-07 0.00001144989 14.169817 0.139210 1.022247 4.771802 0.026050 1.000000 
4.793245 0.124891 0.111899 1.261065e-08 0.00001150525 14.146755 0.138609 1.102101 4.794872 0.026050 1.000000 
4.793245 0.124891 0.151826 1.730381e-07 0.00001150525 14.146755 0.138609 1.062174 4.794872 0.026050 1.000000 
4.793245 0.124891 0.191753 1.497149e-07 0.00001150525 14.146755 0.138609 1.022247 4.794872 0.026050 1.000000 
4.816308 0.125492 0.151826 1.519359e-07 0.00001156060 14.123692 0.138008 1.062174 4.817943 0.026050 1.000000 
4.816308 0.125492 0.191753 1.465716e-07 0.00001156060 14.123692 0.138008 1.022247 4.817943 0.026050 1.000000 
4.839370 0.126092 0.111899 5.434878e-09 0.00001161596 14.100630 0.137408 1.102101 4.841013 0.026050 1.000000 
4.839370 0.126092 0.151826 1.161470e-07 0.00001161596 14.100630 0.137408 1.062174 4.841013 0.026050 1.000000 
4.839370 0.126092 0.191753 1.470151e-07 0.00001161596 14.100630 0.137408 1.022247 4.841013 0.026050 1.000000 
4.862433 0.126693 0.111899 5.455813e-09 0.00001167132 14.077567 0.136807 1.102101 4.864083 0.026050 1.000000 
4.862433 0.126693 0.151826 1.237934e-07 0.00001167132 14.077567 0.136807 1.062174 4.864083 0.026050 1.000000 
4.862433 0.126693 0.191753 1.475157e-07 0.00001167132 14.077567 0.136807 1.022247 4.864083 0.026050 1.000000 
4.885496 0.127294 0.111899 3.651900e-09 0.00001172667 14.054504 0.136206 1.102101 4.887154 0.026050 1.000000 
4.885496 0.127294 0.151826 9.864146e-08 0.00001172667 14.054504 0.136206 1.062174 4.887154 0.026050 1.000000 
4.885496 0.127294 0.191753 1.370427e-07 0.00001172667 14.054504 0.136206 1.022247 4.887154 0.026050 1.000000 
4.908558 0.127895 0.111899 1.832253e-09 0.00001178203 14.031442 0.135605 1.102101 4.910224 0.026050 1.000000 
4.908558 0.127895 0.151826 9.711346e-08 0.00001178203 14.031442 0.135605 1.062174 4.910224 0.026050 1.000000 
4.908558 0.127895 0.191753 1.722964e-07 0.00001178203 14.031442 0.135605 1.022247 4.910224 0.026050 1.000000 
4.931621 0.128496 0.111899 1.837088e-09 0.00001183739 14.008379 0.135004 1.102101 4.933294 0.026050 1.000000 
4.931621 0.128496 0.151826 1.029574e-07 0.00001183739 14.008379 0.135004 1.062174 4.933294 0.026050 1.000000 
4.931621 0.128496 0.191753 1.673912e-07 0.00001183739 14.008379 0.135004 1.022247 4.933294 0.026050 1.000000 
4.954683 0.129097 0.151826 9.590502e-08 0.00001189275 13.985317 0.134403 1.062174 4.956365 0.026050 1.000000 
4.954683 0.129097 0.191753 1.550067e-07 0.00001189275 13.985317 0.134403 1.022247 4.956365 0.026050 1.000000 
4.954683 0.129097 0.231679 1.847157e-09 0.00001189275 13.985317 0.134403 0.982321 4.956365 0.026050 1.000000 
4.977746 0.129698 0.151826 1.017935e-07 0.00001194810 13.962254 0.133802 1.062174 4.979435 0.026050 1.000000 
4.977746 0.129698 0.191753 1.703495e-07 0.00001194810 13.962254 0.133802 1.022247 4.979435 0.026050 1.000000 
4.977746 0.129698 0.231679 5.558020e-09 0.00001194810 13.962254 0.133802 0.982321 4.979435 0.026050 1.000000 
5.000808 0.130299 0.151826 6.499386e-08 0.00001200346 13.939192 0.133201 1.062174 5.002506 0.026050 1.000000 
5.000808 0.130299 0.191753 1.783048e-07 0.00001200346 13.939192 0.133201 1.022247 5.002506 0.026050 1.000000 
5.000808 0.130299 0.231679 5.577859e-09 0.00001200346 13.939192 0.133201 0.982321 5.002506 0.026050 1.000000 
5.023871 0.130900 0.151826 3.726615e-08 0.00001205882 13.916129 0.132600 1.062174 5.025576 0.026050 1.000000 
5.023871 0.130900 0.191753 1.565313e-07 0.00001205882 13.916129 0.132600 1.022247 5.025576 0.026050 1.000000 
5.023871 0.130900 0.231679 1.861572e-09 0.00001205882 13.916129 0.132600 0.982321 5.025576 0.026050 1.000000 
5.046933 0.131501 0.151826 4.298951e-08 0.00001211417 13.893067 0.131999 1.062174 5.048646 0.026050 1.000000 
5.046933 0.131501 0.191753 1.552028e-07 0.00001211417 13.893067 0.131999 1.022247 5.048646 0.026050 1.000000 
5.046933 0.131501 0.231679 5.616156e-09 0.00001211417 13.893067 0.131999 0.982321 5.048646 0.026050 1.000000 
5.069996 0.132102 0.151826 1.874796e-08 0.00001216953 13.870004 0.131398 1.062174 5.071717 0.026050 1.000000 
5.069996 0.132102 0.191753 1.594746e-07 0.00001216953 13.870004 0.131398 1.022247 5.071717 0.026050 1.000000 
5.069996 0.132102 0.231679 1.125770e-08 0.00001216953 13.870004 0.131398 0.982321 5.071717 0.026050 1.000000 
5.093059 0.132702 0.151826 1.881740e-08 0.00001222489 13.846941 0.130798 1.062174 5.094787 0.026050 1.000000 
5.093059 0.132702 0.191753 1.317434e-07 0.00001222489 13.846941 0.130798 1.022247 5.094787 0.026050 1.000000 
5.093059 0.132702 0.231679 1.506816e-08 0.00001222489 13.846941 0.130798 0.982321 5.094787 0.026050 1.000000 
5.116121 0.133303 0.151826 2.454567e-08 0.00001228025 13.823879 0.130197 1.062174 5.117857 0.026050 1.000000 
5.116121 0.133303 0.191753 1.529727e-07 0.00001228025 13.823879 0.130197 1.022247 5.117857 0.026050 1.000000 
5.116121 0.133303 0.231679 3.211462e-08 0.00001228025 13.823879 0.130197 0.982321 5.117857 0.026050 1.000000 
5.139184 0.133904 0.151826 1.326550e-08 0.00001233560 13.800816 0.129596 1.062174 5.140928 0.026050 1.000000 
5.139184 0.133904 0.191753 1.477760e-07 0.00001233560 13.800816 0.129596 1.022247 5.140928 0.026050 1.000000 
5.139184 0.133904 0.231679 1.515426e-08 0.00001233560 13.800816 0.129596 0.982321 5.140928 0.026050 1.000000 
5.162246 0.134505 0.151826 9.507174e-09 0.00001239096 13.777754 0.128995 1.062174 5.163998 0.026050 1.000000 
5.162246 0.134505 0.191753 1.578039e-07 0.00001239096 13.777754 0.128995 1.022247 5.163998 0.026050 1.000000 
5.162246 0.134505 0.231679 2.281268e-08 0.00001239096 13.777754 0.128995 0.982321 5.163998 0.026050 1.000000 
5.185309 0.135106 0.151826 9.528376e-09 0.00001244632 13.754691 0.128394 1.062174 5.187069 0.026050 1.000000 
5.185309 0.135106 0.191753 1.087093e-07 0.00001244632 13.754691 0.128394 1.022247 5.187069 0.026050 1.000000 
5.185309 0.135106 0.231679 3.625957e-08 0.00001244632 13.754691 0.128394 0.982321 5.187069 0.026050 1.000000 
5.208371 0.135707 0.151826 1.147136e-08 0.00001250167 13.731629 0.127793 1.062174 5.210139 0.026050 1.000000 
5.208371 0.135707 0.191753 1.033514e-07 0.00001250167 13.731629 0.127793 1.022247 5.210139 0.026050 1.000000 
5.208371 0.135707 0.231679 3.063303e-08 0.00001250167 13.731629 0.127793 0.982321 5.210139 0.026050 1.000000 
5.231434 0.136308 0.191753 1.152221e-07 0.00001255703 13.708566 0.127192 1.022247 5.233209 0.026050 1.000000 
5.231434 0.136308 0.231679 4.033461e-08 0.00001255703 13.708566 0.127192 0.982321 5.233209 0.026050 1.000000 
5.254496 0.136909 0.151826 1.927502e-09 0.00001261239 13.685504 0.126591 1.062174 5.256280 0.026050 1.000000 
5.254496 0.136909 0.191753 9.825406e-08 0.00001261239 13.685504 0.126591 1.022247 5.256280 0.026050 1.000000 
5.254496 0.136909 0.231679 2.505275e-08 0.00001261239 13.685504 0.126591 0.982321 5.256280 0.026050 1.000000 
5.277559 0.137510 0.151826 3.864411e-09 0.00001266775 13.662441 0.125990 1.062174 5.279350 0.026050 1.000000 
5.277559 0.137510 0.191753 1.217720e-07 0.00001266775 13.662441 0.125990 1.022247 5.279350 0.026050 1.000000 
5.277559 0.137510 0.231679 3.480228e-08 0.00001266775 13.662441 0.125990 0.982321 5.279350 0.026050 1.000000 
5.300622 0.138111 0.151826 1.936960e-09 0.00001272310 13.639378 0.125389 1.062174 5.302421 0.026050 1.000000 
5.300622 0.138111 0.191753 6.592651e-08 0.00001272310 13.639378 0.125389 1.022247 5.302421 0.026050 1.000000 
5.300622 0.138111 0.231679 3.491770e-08 0.00001272310 13.639378 0.125389 0.982321 5.302421 0.026050 1.000000 
5.323684 0.138711 0.191753 5.448696e-08 0.00001277846 13.616316 0.124789 1.022247 5.325491 0.026050 1.000000 
5.323684 0.138711 0.231679 5.061727e-08 0.00001277846 13.616316 0.124789 0.982321 5.325491 0.026050 1.000000 
5.346747 0.139312 0.151826 1.950311e-09 0.00001283382 13.593253 0.124188 1.062174 5.348561 0.026050 1.000000 
5.346747 0.139312 0.191753 5.857235e-08 0.00001283382 13.593253 0.124188 1.022247 5.348561 0.026050 1.000000 
5.346747 0.139312 0.231679 2.539761e-08 0.00001283382 13.593253 0.124188 0.982321 5.348561 0.026050 1.000000 
5.369809 0.139913 0.191753 5.876878e-08 0.00001288917 13.570191 0.123587 1.022247 5.371632 0.026050 1.000000 
5.369809 0.139913 0.231679 5.879913e-08 0.00001288917 13.570191 0.123587 0.982321 5.371632 0.026050 1.000000 
5.392872 0.140514 0.191753 2.948579e-08 0.00001294453 13.547128 0.122986 1.022247 5.394702 0.026050 1.000000 
5.392872 0.140514 0.231679 4.128742e-08 0.00001294453 13.547128 0.122986 0.982321 5.394702 0.026050 1.000000 
5.415934 0.141115 0.191753 3.748111e-08 0.00001299989 13.524066 0.122385 1.022247 5.417772 0.026050 1.000000 
5.415934 0.141115 0.231679 4.340202e-08 0.00001299989 13.524066 0.122385 0.982321 5.417772 0.026050 1.000000 
5.438997 0.141716 0.191753 2.574179e-08 0.00001305525 13.501003 0.121784 1.022247 5.440843 0.026050 1.000000 
5.438997 0.141716 0.231679 3.961048e-08 0.00001305525 13.501003 0.121784 0.982321 5.440843 0.026050 1.000000 
5.462059 0.142317 0.191753 2.184594e-08 0.00001311060 13.477941 0.121183 1.022247 5.463913 0.026050 1.000000 
5.462059 0.142317 0.231679 4.173015e-08 0.00001311060 13.477941 0.121183 0.982321 5.463913 0.026050 1.000000 
5.485122 0.142918 0.191753 1.394664e-08 0.00001316596 13.454878 0.120582 1.022247 5.486984 0.026050 1.000000 
5.485122 0.142918 0.231679 4.585803e-08 0.00001316596 13.454878 0.120582 0.982321 5.486984 0.026050 1.000000 
5.508185 0.143519 0.191753 1.998894e-08 0.00001322132 13.431815 0.119981 1.022247 5.510054 0.026050 1.000000 
5.508185 0.143519 0.231679 4.000905e-08 0.00001322132 13.431815 0.119981 0.982321 5.510054 0.026050 1.000000 
5.531247 0.144120 0.191753 1.805210e-08 0.00001327667 13.408753 0.119380 1.022247 5.533124 0.026050 1.000000 
5.531247 0.144120 0.231679 3.210840e-08 0.00001327667 13.408753 0.119380 0.982321 5.533124 0.026050 1.000000 
5.554310 0.144721 0.191753 1.006532e-08 0.00001333203 13.385690 0.118779 1.022247 5.556195 0.026050 1.000000 
5.554310 0.144721 0.231679 3.222356e-08 0.00001333203 13.385690 0.118779 0.982321 5.556195 0.026050 1.000000 
5.577372 0.145321 0.191753 4.040420e-09 0.00001338739 13.362628 0.118179 1.022247 5.579265 0.026050 1.000000 
5.577372 0.145321 0.231679 3.838914e-08 0.00001338739 13.362628 0.118179 0.982321 5.579265 0.026050 1.000000 
5.600435 0.145922 0.191753 6.080267e-09 0.00001344275 13.339565 0.117578 1.022247 5.602335 0.026050 1.000000 
5.600435 0.145922 0.231679 2.635437e-08 0.00001344275 13.339565 0.117578 0.982321 5.602335 0.026050 1.000000 
5.623497 0.146523 0.191753 4.069059e-09 0.00001349810 13.316503 0.116977 1.022247 5.625406 0.026050 1.000000 
5.623497 0.146523 0.231679 2.646174e-08 0.00001349810 13.316503 0.116977 0.982321 5.625406 0.026050 1.000000 
5.646560 0.147124 0.231679 3.471440e-08 0.00001355346 13.293440 0.116376 0.982321 5.648476 0.026050 1.000000 
5.669622 0.147725 0.231679 2.868359e-08 0.00001360882 13.270378 0.115775 0.982321 5.671547 0.026050 1.000000 
5.692685 0.148326 0.231679 2.878332e-08 0.00001366417 13.247315 0.115174 0.982321 5.694617 0.026050 1.000000 
5.715748 0.148927 0.231679 1.650006e-08 0.00001371953 13.224252 0.114573 0.982321 5.717687 0.026050 1.000000 
5.738810 0.149528 0.231679 2.484905e-08 0.00001377489 13.201190 0.113972 0.982321 5.740758 0.026050 1.000000 
5.761873 0.150129 0.231679 2.285792e-08 0.00001383025 13.178127 0.113371 0.982321 5.763828 0.026050 1.000000 
5.784935 0.150730 0.231679 8.343509e-09 0.00001388560 13.155065 0.112770 0.982321 5.786899 0.026050 1.000000 
5.784935 0.150730 0.271606 4.168434e-09 0.00001388560 13.155065 0.112770 0.942394 5.786899 0.026050 1.000000 
5.807998 0.151331 0.231679 8.373323e-09 0.00001394096 13.132002 0.112169 0.982321 5.809969 0.026050 1.000000 
5.831060 0.151931 0.231679 6.299595e-09 0.00001399632 13.108940 0.111569 0.982321 5.833039 0.026050 1.000000 
5.854123 0.152532 0.231679 2.104555e-09 0.00001405167 13.085877 0.110968 0.982321 5.856110 0.026050 1.000000 
5.854123 0.152532 0.271606 2.104293e-09 0.00001405167 13.085877 0.110968 0.942394 5.856110 0.026050 1.000000 
5.877185 0.153133 0.231679 4.230362e-09 0.00001410703 13.062815 0.110367 0.982321 5.879180 0.026050 1.000000 
5.877185 0.153133 0.271606 2.117693e-09 0.00001410703 13.062815 0.110367 0.942394 5.879180 0.026050 1.000000 
5.900248 0.153734 0.231679 2.124696e-09 0.00001416239 13.039752 0.109766 0.982321 5.902250 0.026050 1.000000 
5.900248 0.153734 0.271606 4.247999e-09 0.00001416239 13.039752 0.109766 0.942394 5.902250 0.026050 1.000000 
5.923311 0.154335 0.231679 4.256110e-09 0.00001421775 13.016689 0.109165 0.982321 5.925321 0.026050 1.000000 
5.946373 0.154936 0.231679 2.138377e-09 0.00001427310 12.993627 0.108564 0.982321 5.948391 0.026050 1.000000 
5.969436 0.155537 0.231679 2.146377e-09 0.00001432846 12.970564 0.107963 0.982321 5.971462 0.026050 1.000000 
5.969436 0.155537 0.271606 8.578503e-09 0.00001432846 12.970564 0.107963 0.942394 5.971462 0.026050 1.000000 
6.061686 0.157941 0.231679 2.174379e-09 0.00001454989 12.878314 0.105559 0.982321 6.063743 0.026050 1.000000 
6.061686 0.157941 0.271606 2.177057e-09 0.00001454989 12.878314 0.105559 0.942394 6.063743 0.026050 1.000000 
6.084748 0.158541 0.271606 2.184442e-09 0.00001460525 12.855252 0.104959 0.942394 6.086813 0.026050 1.000000 
6.107811 0.159142 0.271606 2.191350e-09 0.00001466060 12.832189 0.104358 0.942394 6.109884 0.026050 1.000000 
4.008833 0.114903 0.071973 8.576102e-08 0.00000962310 14.931167 0.148597 1.142027 4.010479 0.028655 1.000000 
4.008833 0.114903 0.111899 2.217588e-07 0.00000962310 14.931167 0.148597 1.102101 4.010479 0.028655 1.000000 
4.008833 0.114903 0.151826 7.449020e-08 0.00000962310 14.931167 0.148597 1.062174 4.010479 0.028655 1.000000 
4.031894 0.115564 0.071973 6.817638e-08 0.00000967846 14.908106 0.147936 1.142027 4.033550 0.028655 1.000000 
4.031894 0.115564 0.111899 2.305608e-07 0.00000967846 14.908106 0.147936 1.102101 4.033550 0.028655 1.000000 
4.031894 0.115564 0.151826 6.496467e-08 0.00000967846 14.908106 0.147936 1.062174 4.033550 0.028655 1.000000 
4.054955 0.116225 0.071973 5.860821e-08 0.00000973382 14.885045 0.147275 1.142027 4.056620 0.028655 1.000000 
4.054955 0.116225 0.111899 2.133735e-07 0.00000973382 14.885045 0.147275 1.102101 4.056620 0.028655 1.000000 
4.054955 0.116225 0.151826 7.822357e-08 0.00000973382 14.885045 0.147275 1.062174 4.056620 0.028655 1.000000 
4.078016 0.116886 0.071973 5.225586e-08 0.00000978918 14.861984 0.146614 1.142027 4.079690 0.028655 1.000000 
4.078016 0.116886 0.111899 2.009516e-07 0.00000978918 14.861984 0.146614 1.102101 4.079690 0.028655 1.000000 
4.078016 0.116886 0.151826 8.663468e-08 0.00000978918 14.861984 0.146614 1.062174 4.079690 0.028655 1.000000 
4.101076 0.117547 0.071973 5.571058e-08 0.00000984453 14.838924 0.145953 1.142027 4.102761 0.028655 1.000000 
4.101076 0.117547 0.111899 2.064677e-07 0.00000984453 14.838924 0.145953 1.102101 4.102761 0.028655 1.000000 
4.101076 0.117547 0.151826 7.539718e-08 0.00000984453 14.838924 0.145953 1.062174 4.102761 0.028655 1.000000 
4.124137 0.118208 0.071973 4.107774e-08 0.00000989989 14.815863 0.145292 1.142027 4.125831 0.028655 1.000000 
4.124137 0.118208 0.111899 1.693289e-07 0.00000989989 14.815863 0.145292 1.102101 4.125831 0.028655 1.000000 
4.124137 0.118208 0.151826 1.118079e-07 0.00000989989 14.815863 0.145292 1.062174 4.125831 0.028655 1.000000 
4.147198 0.118869 0.071973 2.142930e-08 0.00000995525 14.792802 0.144631 1.142027 4.148901 0.028655 1.000000 
4.147198 0.118869 0.111899 1.863741e-07 0.00000995525 14.792802 0.144631 1.102101 4.148901 0.028655 1.000000 
4.147198 0.118869 0.151826 1.022541e-07 0.00000995525 14.792802 0.144631 1.062174 4.148901 0.028655 1.000000 
4.170259 0.119530 0.071973 2.645548e-08 0.00001001060 14.769741 0.143970 1.142027 4.171972 0.028655 1.000000 
4.170259 0.119530 0.111899 1.869184e-07 0.00001001060 14.769741 0.143970 1.102101 4.171972 0.028655 1.000000 
4.170259 0.119530 0.151826 1.158297e-07 0.00001001060 14.769741 0.143970 1.062174 4.171972 0.028655 1.000000 
4.193320 0.120191 0.071973 1.658439e-08 0.00001006596 14.746680 0.143309 1.142027 4.195042 0.028655 1.000000 
4.193320 0.120191 0.111899 1.145003e-07 0.00001006596 14.746680 0.143309 1.102101 4.195042 0.028655 1.000000 
4.193320 0.120191 0.151826 1.095568e-07 0.00001006596 14.746680 0.143309 1.062174 4.195042 0.028655 1.000000 
4.216381 0.120852 0.071973 2.828209e-08 0.00001012132 14.723619 0.142648 1.142027 4.218113 0.028655 1.000000 
4.216381 0.120852 0.111899 1.398166e-07 0.00001012132 14.723619 0.142648 1.102101 4.218113 0.028655 1.000000 
4.216381 0.120852 0.151826 1.098873e-07 0.00001012132 14.723619 0.142648 1.062174 4.218113 0.028655 1.000000 
4.239442 0.121513 0.071973 1.835858e-08 0.00001017668 14.700558 0.141987 1.142027 4.241183 0.028655 1.000000 
4.239442 0.121513 0.111899 1.419180e-07 0.00001017668 14.700558 0.141987 1.102101 4.241183 0.028655 1.000000 
4.239442 0.121513 0.151826 9.687171e-08 0.00001017668 14.700558 0.141987 1.062174 4.241183 0.028655 1.000000 
4.262503 0.122174 0.071973 6.692696e-09 0.00001023203 14.677497 0.141326 1.142027 4.264253 0.028655 1.000000 
4.262503 0.122174 0.111899 1.490671e-07 0.00001023203 14.677497 0.141326 1.102101 4.264253 0.028655 1.000000 
4.262503 0.122174 0.151826 1.390507e-07 0.00001023203 14.677497 0.141326 1.062174 4.264253 0.028655 1.000000 
4.285564 0.122835 0.071973 5.037571e-09 0.00001028739 14.654436 0.140665 1.142027 4.287324 0.028655 1.000000 
4.285564 0.122835 0.111899 1.125766e-07 0.00001028739 14.654436 0.140665 1.102101 4.287324 0.028655 1.000000 
4.285564 0.122835 0.151826 1.142854e-07 0.00001028739 14.654436 0.140665 1.062174 4.287324 0.028655 1.000000 
4.308625 0.123496 0.071973 3.371170e-09 0.00001034275 14.631375 0.140004 1.142027 4.310394 0.028655 1.000000 
4.308625 0.123496 0.111899 1.045093e-07 0.00001034275 14.631375 0.140004 1.102101 4.310394 0.028655 1.000000 
4.308625 0.123496 0.151826 1.112686e-07 0.00001034275 14.631375 0.140004 1.062174 4.310394 0.028655 1.000000 
4.331686 0.124157 0.071973 3.380060e-09 0.00001039810 14.608314 0.139343 1.142027 4.333465 0.028655 1.000000 
4.331686 0.124157 0.111899 8.116884e-08 0.00001039810 14.608314 0.139343 1.102101 4.333465 0.028655 1.000000 
4.331686 0.124157 0.151826 1.420992e-07 0.00001039810 14.608314 0.139343 1.062174 4.333465 0.028655 1.000000 
4.354746 0.124818 0.071973 3.389186e-09 0.00001045346 14.585254 0.138682 1.142027 4.356535 0.028655 1.000000 
4.354746 0.124818 0.111899 8.820696e-08 0.00001045346 14.585254 0.138682 1.102101 4.356535 0.028655 1.000000 
4.354746 0.124818 0.151826 1.306338e-07 0.00001045346 14.585254 0.138682 1.062174 4.356535 0.028655 1.000000 
4.377807 0.125479 0.071973 1.702830e-09 0.00001050882 14.562193 0.138021 1.142027 4.379605 0.028655 1.000000 
4.377807 0.125479 0.111899 6.633630e-08 0.00001050882 14.562193 0.138021 1.102101 4.379605 0.028655 1.000000 
4.377807 0.125479 0.151826 1.327544e-07 0.00001050882 14.562193 0.138021 1.062174 4.379605 0.028655 1.000000 
4.400868 0.126140 0.111899 6.486130e-08 0.00001056418 14.539132 0.137360 1.102101 4.402676 0.028655 1.000000 
4.400868 0.126140 0.151826 1.434361e-07 0.00001056418 14.539132 0.137360 1.062174 4.402676 0.028655 1.000000 
4.423929 0.126801 0.111899 6.506207e-08 0.00001061953 14.516071 0.136699 1.102101 4.425746 0.028655 1.000000 
4.423929 0.126801 0.151826 1.370139e-07 0.00001061953 14.516071 0.136699 1.062174 4.425746 0.028655 1.000000 
4.423929 0.126801 0.191753 1.715470e-09 0.00001061953 14.516071 0.136699 1.022247 4.425746 0.028655 1.000000 
4.446990 0.127462 0.111899 6.355149e-08 0.00001067489 14.493010 0.136038 1.102101 4.448816 0.028655 1.000000 
4.446990 0.127462 0.151826 1.030947e-07 0.00001067489 14.493010 0.136038 1.062174 4.448816 0.028655 1.000000 
4.446990 0.127462 0.191753 1.719677e-09 0.00001067489 14.493010 0.136038 1.022247 4.448816 0.028655 1.000000 
4.470051 0.128123 0.111899 4.307949e-08 0.00001073025 14.469949 0.135377 1.102101 4.471887 0.028655 1.000000 
4.470051 0.128123 0.151826 1.413332e-07 0.00001073025 14.469949 0.135377 1.062174 4.471887 0.028655 1.000000 
4.470051 0.128123 0.191753 5.172918e-09 0.00001073025 14.469949 0.135377 1.022247 4.471887 0.028655 1.000000 
4.493112 0.128784 0.111899 3.457237e-08 0.00001078560 14.446888 0.134716 1.102101 4.494957 0.028655 1.000000 
4.493112 0.128784 0.151826 1.227681e-07 0.00001078560 14.446888 0.134716 1.062174 4.494957 0.028655 1.000000 
4.493112 0.128784 0.191753 6.922354e-09 0.00001078560 14.446888 0.134716 1.022247 4.494957 0.028655 1.000000 
4.516173 0.129445 0.111899 4.334229e-08 0.00001084096 14.423827 0.134055 1.102101 4.518028 0.028655 1.000000 
4.516173 0.129445 0.151826 1.023611e-07 0.00001084096 14.423827 0.134055 1.062174 4.518028 0.028655 1.000000 
4.516173 0.129445 0.191753 3.473090e-09 0.00001084096 14.423827 0.134055 1.022247 4.518028 0.028655 1.000000 
4.539234 0.130106 0.111899 2.956542e-08 0.00001089632 14.400766 0.133394 1.102101 4.541098 0.028655 1.000000 
4.539234 0.130106 0.151826 1.061679e-07 0.00001089632 14.400766 0.133394 1.062174 4.541098 0.028655 1.000000 
4.539234 0.130106 0.191753 1.914068e-08 0.00001089632 14.400766 0.133394 1.022247 4.541098 0.028655 1.000000 
4.562295 0.130767 0.111899 2.792023e-08 0.00001095168 14.377705 0.132733 1.102101 4.564168 0.028655 1.000000 
4.562295 0.130767 0.151826 9.076741e-08 0.00001095168 14.377705 0.132733 1.062174 4.564168 0.028655 1.000000 
4.562295 0.130767 0.191753 6.975619e-09 0.00001095168 14.377705 0.132733 1.022247 4.564168 0.028655 1.000000 
4.585356 0.131428 0.111899 1.926011e-08 0.00001100703 14.354644 0.132072 1.102101 4.587239 0.028655 1.000000 
4.585356 0.131428 0.151826 9.109482e-08 0.00001100703 14.354644 0.132072 1.062174 4.587239 0.028655 1.000000 
4.585356 0.131428 0.191753 1.751559e-08 0.00001100703 14.354644 0.132072 1.022247 4.587239 0.028655 1.000000 
4.608416 0.132089 0.111899 8.783388e-09 0.00001106239 14.331584 0.131411 1.102101 4.610309 0.028655 1.000000 
4.608416 0.132089 0.151826 9.662893e-08 0.00001106239 14.331584 0.131411 1.062174 4.610309 0.028655 1.000000 
4.608416 0.132089 0.191753 2.461408e-08 0.00001106239 14.331584 0.131411 1.022247 4.610309 0.028655 1.000000 
4.631477 0.132750 0.111899 7.050525e-09 0.00001111775 14.308523 0.130750 1.102101 4.633379 0.028655 1.000000 
4.631477 0.132750 0.151826 1.039758e-07 0.00001111775 14.308523 0.130750 1.062174 4.633379 0.028655 1.000000 
4.631477 0.132750 0.191753 1.937935e-08 0.00001111775 14.308523 0.130750 1.022247 4.633379 0.028655 1.000000 
4.654538 0.133411 0.111899 3.532029e-09 0.00001117310 14.285462 0.130089 1.102101 4.656450 0.028655 1.000000 
4.654538 0.133411 0.151826 8.310335e-08 0.00001117310 14.285462 0.130089 1.062174 4.656450 0.028655 1.000000 
4.654538 0.133411 0.191753 1.238513e-08 0.00001117310 14.285462 0.130089 1.022247 4.656450 0.028655 1.000000 
4.677599 0.134072 0.111899 3.550671e-09 0.00001122846 14.262401 0.129428 1.102101 4.679520 0.028655 1.000000 
4.677599 0.134072 0.151826 6.918443e-08 0.00001122846 14.262401 0.129428 1.062174 4.679520 0.028655 1.000000 
4.677599 0.134072 0.191753 1.951015e-08 0.00001122846 14.262401 0.129428 1.022247 4.679520 0.028655 1.000000 
4.700660 0.134732 0.111899 1.778872e-09 0.00001128382 14.239340 0.128768 1.102101 4.702591 0.028655 1.000000 
4.700660 0.134732 0.151826 6.940803e-08 0.00001128382 14.239340 0.128768 1.062174 4.702591 0.028655 1.000000 
4.700660 0.134732 0.191753 2.136978e-08 0.00001128382 14.239340 0.128768 1.022247 4.702591 0.028655 1.000000 
4.723721 0.135393 0.151826 4.999691e-08 0.00001133918 14.216279 0.128107 1.062174 4.725661 0.028655 1.000000 
4.723721 0.135393 0.191753 2.678880e-08 0.00001133918 14.216279 0.128107 1.022247 4.725661 0.028655 1.000000 
4.746782 0.136054 0.111899 3.578287e-09 0.00001139453 14.193218 0.127446 1.102101 4.748731 0.028655 1.000000 
4.746782 0.136054 0.151826 4.477854e-08 0.00001139453 14.193218 0.127446 1.062174 4.748731 0.028655 1.000000 
4.746782 0.136054 0.191753 2.688172e-08 0.00001139453 14.193218 0.127446 1.022247 4.748731 0.028655 1.000000 
4.769843 0.136715 0.151826 6.830899e-08 0.00001144989 14.170157 0.126785 1.062174 4.771802 0.028655 1.000000 
4.769843 0.136715 0.191753 1.797686e-08 0.00001144989 14.170157 0.126785 1.022247 4.771802 0.028655 1.000000 
4.792904 0.137376 0.151826 4.326980e-08 0.00001150525 14.147096 0.126124 1.062174 4.794872 0.028655 1.000000 
4.792904 0.137376 0.191753 1.441591e-08 0.00001150525 14.147096 0.126124 1.022247 4.794872 0.028655 1.000000 
4.815965 0.138037 0.151826 4.521496e-08 0.00001156060 14.124035 0.125463 1.062174 4.817943 0.028655 1.000000 
4.815965 0.138037 0.191753 2.351843e-08 0.00001156060 14.124035 0.125463 1.022247 4.817943 0.028655 1.000000 
4.839026 0.138698 0.151826 2.359394e-08 0.00001161596 14.100974 0.124802 1.062174 4.841013 0.028655 1.000000 
4.839026 0.138698 0.191753 2.541027e-08 0.00001161596 14.100974 0.124802 1.022247 4.841013 0.028655 1.000000 
4.862087 0.139359 0.151826 3.823273e-08 0.00001167132 14.077913 0.124141 1.062174 4.864083 0.028655 1.000000 
4.862087 0.139359 0.191753 3.279242e-08 0.00001167132 14.077913 0.124141 1.022247 4.864083 0.028655 1.000000 
4.885147 0.140020 0.151826 3.470817e-08 0.00001172667 14.054853 0.123480 1.062174 4.887154 0.028655 1.000000 
4.885147 0.140020 0.191753 2.739760e-08 0.00001172667 14.054853 0.123480 1.022247 4.887154 0.028655 1.000000 
4.908208 0.140681 0.151826 1.465330e-08 0.00001178203 14.031792 0.122819 1.062174 4.910224 0.028655 1.000000 
4.908208 0.140681 0.191753 1.832987e-08 0.00001178203 14.031792 0.122819 1.022247 4.910224 0.028655 1.000000 
4.931269 0.141342 0.151826 3.677388e-09 0.00001183739 14.008731 0.122158 1.062174 4.933294 0.028655 1.000000 
4.931269 0.141342 0.191753 2.207018e-08 0.00001183739 14.008731 0.122158 1.022247 4.933294 0.028655 1.000000 
4.954330 0.142003 0.151826 1.475965e-08 0.00001189275 13.985670 0.121497 1.062174 4.956365 0.028655 1.000000 
4.954330 0.142003 0.191753 2.029406e-08 0.00001189275 13.985670 0.121497 1.022247 4.956365 0.028655 1.000000 
4.977391 0.142664 0.151826 1.109945e-08 0.00001194810 13.962609 0.120836 1.062174 4.979435 0.028655 1.000000 
4.977391 0.142664 0.191753 1.665871e-08 0.00001194810 13.962609 0.120836 1.022247 4.979435 0.028655 1.000000 
5.000452 0.143325 0.151826 7.426959e-09 0.00001200346 13.939548 0.120175 1.062174 5.002506 0.028655 1.000000 
5.000452 0.143325 0.191753 2.229747e-08 0.00001200346 13.939548 0.120175 1.022247 5.002506 0.028655 1.000000 
5.023513 0.143986 0.151826 3.722811e-09 0.00001205882 13.916487 0.119514 1.062174 5.025576 0.028655 1.000000 
5.023513 0.143986 0.191753 1.304838e-08 0.00001205882 13.916487 0.119514 1.022247 5.025576 0.028655 1.000000 
5.046574 0.144647 0.151826 1.869342e-09 0.00001211417 13.893426 0.118853 1.062174 5.048646 0.028655 1.000000 
5.046574 0.144647 0.191753 1.494716e-08 0.00001211417 13.893426 0.118853 1.022247 5.048646 0.028655 1.000000 
5.069635 0.145308 0.191753 1.125394e-08 0.00001216953 13.870365 0.118192 1.022247 5.071717 0.028655 1.000000 
5.092696 0.145969 0.191753 1.128693e-08 0.00001222489 13.847304 0.117531 1.022247 5.094787 0.028655 1.000000 
5.115757 0.146630 0.151826 3.775179e-09 0.00001228025 13.824243 0.116870 1.062174 5.117857 0.028655 1.000000 
5.115757 0.146630 0.191753 7.556877e-09 0.00001228025 13.824243 0.116870 1.022247 5.117857 0.028655 1.000000 
5.138817 0.147291 0.151826 1.894123e-09 0.00001233560 13.801183 0.116209 1.062174 5.140928 0.028655 1.000000 
5.138817 0.147291 0.191753 1.897809e-09 0.00001233560 13.801183 0.116209 1.022247 5.140928 0.028655 1.000000 
5.161878 0.147952 0.191753 1.140969e-08 0.00001239096 13.778122 0.115548 1.022247 5.163998 0.028655 1.000000 
5.184939 0.148613 0.191753 1.909962e-09 0.00001244632 13.755061 0.114887 1.022247 5.187069 0.028655 1.000000 
5.208000 0.149274 0.191753 9.567799e-09 0.00001250167 13.732000 0.114226 1.022247 5.210139 0.028655 1.000000 
5.231061 0.149935 0.191753 7.685752e-09 0.00001255703 13.708939 0.113565 1.022247 5.233209 0.028655 1.000000 
5.254122 0.150596 0.191753 5.778827e-09 0.00001261239 13.685878 0.112904 1.022247 5.256280 0.028655 1.000000 
5.277183 0.151257 0.191753 1.932128e-09 0.00001266775 13.662817 0.112243 1.022247 5.279350 0.028655 1.000000 
5.323305 0.152579 0.231679 1.949699e-09 0.00001277846 13.616695 0.110921 0.982321 5.325491 0.028655 1.000000 
5.369427 0.153901 0.191753 1.956342e-09 0.00001288917 13.570573 0.109599 1.022247 5.371632 0.028655 1.000000 
4.008520 0.125345 0.071973 2.589668e-08 0.00000962310 14.931480 0.138155 1.142027 4.010479 0.031260 1.000000 
4.008520 0.125345 0.111899 9.387955e-08 0.00000962310 14.931480 0.138155 1.102101 4.010479 0.031260 1.000000 
4.008520 0.125345 0.151826 1.619686e-08 0.00000962310 14.931480 0.138155 1.062174 4.010479 0.031260 1.000000 
4.031579 0.126067 0.071973 2.434940e-08 0.00000967846 14.908421 0.137433 1.142027 4.033550 0.031260 1.000000 
4.031579 0.126067 0.111899 8.606594e-08 0.00000967846 14.908421 0.137433 1.102101 4.033550 0.031260 1.000000 
4.031579 0.126067 0.151826 1.298504e-08 0.00000967846 14.908421 0.137433 1.062174 4.033550 0.031260 1.000000 
4.054638 0.126788 0.071973 2.116861e-08 0.00000973382 14.885362 0.136712 1.142027 4.056620 0.031260 1.000000 
4.054638 0.126788 0.111899 8.141934e-08 0.00000973382 14.885362 0.136712 1.102101 4.056620 0.031260 1.000000 
4.054638 0.126788 0.151826 1.303289e-08 0.00000973382 14.885362 0.136712 1.062174 4.056620 0.031260 1.000000 
4.077697 0.127509 0.071973 1.306139e-08 0.00000978918 14.862303 0.135991 1.142027 4.079690 0.031260 1.000000 
4.077697 0.127509 0.111899 9.641074e-08 0.00000978918 14.862303 0.135991 1.102101 4.079690 0.031260 1.000000 
4.077697 0.127509 0.151826 2.287414e-08 0.00000978918 14.862303 0.135991 1.062174 4.079690 0.031260 1.000000 
4.100756 0.128230 0.071973 1.146172e-08 0.00000984453 14.839244 0.135270 1.142027 4.102761 0.031260 1.000000 
4.100756 0.128230 0.111899 9.668131e-08 0.00000984453 14.839244 0.135270 1.102101 4.102761 0.031260 1.000000 
4.100756 0.128230 0.151826 1.311807e-08 0.00000984453 14.839244 0.135270 1.062174 4.102761 0.031260 1.000000 
4.123815 0.128951 0.071973 1.149737e-08 0.00000989989 14.816185 0.134549 1.142027 4.125831 0.031260 1.000000 
4.123815 0.128951 0.111899 6.903125e-08 0.00000989989 14.816185 0.134549 1.102101 4.125831 0.031260 1.000000 
4.123815 0.128951 0.151826 1.807242e-08 0.00000989989 14.816185 0.134549 1.062174 4.125831 0.031260 1.000000 
4.146875 0.129672 0.071973 1.648170e-09 0.00000995525 14.793125 0.133828 1.142027 4.148901 0.031260 1.000000 
4.146875 0.129672 0.111899 8.081128e-08 0.00000995525 14.793125 0.133828 1.102101 4.148901 0.031260 1.000000 
4.146875 0.129672 0.151826 2.144235e-08 0.00000995525 14.793125 0.133828 1.062174 4.148901 0.031260 1.000000 
4.169934 0.130393 0.111899 4.798323e-08 0.00001001060 14.770066 0.133107 1.102101 4.171972 0.031260 1.000000 
4.169934 0.130393 0.151826 2.315344e-08 0.00001001060 14.770066 0.133107 1.062174 4.171972 0.031260 1.000000 
4.192993 0.131114 0.071973 1.657198e-09 0.00001006596 14.747007 0.132386 1.142027 4.195042 0.031260 1.000000 
4.192993 0.131114 0.111899 6.305598e-08 0.00001006596 14.747007 0.132386 1.102101 4.195042 0.031260 1.000000 
4.192993 0.131114 0.151826 3.318707e-08 0.00001006596 14.747007 0.132386 1.062174 4.195042 0.031260 1.000000 
4.216052 0.131835 0.111899 5.326557e-08 0.00001012132 14.723948 0.131665 1.102101 4.218113 0.031260 1.000000 
4.216052 0.131835 0.151826 2.996962e-08 0.00001012132 14.723948 0.131665 1.062174 4.218113 0.031260 1.000000 
4.239111 0.132556 0.111899 5.677646e-08 0.00001017668 14.700889 0.130944 1.102101 4.241183 0.031260 1.000000 
4.239111 0.132556 0.151826 2.337982e-08 0.00001017668 14.700889 0.130944 1.062174 4.241183 0.031260 1.000000 
4.262170 0.133277 0.071973 1.674530e-09 0.00001023203 14.677830 0.130223 1.142027 4.264253 0.031260 1.000000 
4.262170 0.133277 0.111899 3.517366e-08 0.00001023203 14.677830 0.130223 1.102101 4.264253 0.031260 1.000000 
4.262170 0.133277 0.151826 2.512278e-08 0.00001023203 14.677830 0.130223 1.062174 4.264253 0.031260 1.000000 
4.285229 0.133998 0.111899 2.519770e-08 0.00001028739 14.654771 0.129502 1.102101 4.287324 0.031260 1.000000 
4.285229 0.133998 0.151826 3.193206e-08 0.00001028739 14.654771 0.129502 1.062174 4.287324 0.031260 1.000000 
4.308288 0.134719 0.111899 3.201542e-08 0.00001034275 14.631712 0.128781 1.102101 4.310394 0.031260 1.000000 
4.308288 0.134719 0.151826 2.191642e-08 0.00001034275 14.631712 0.128781 1.062174 4.310394 0.031260 1.000000 
4.331347 0.135440 0.071973 1.687923e-09 0.00001039810 14.608653 0.128060 1.142027 4.333465 0.031260 1.000000 
4.331347 0.135440 0.111899 2.198540e-08 0.00001039810 14.608653 0.128060 1.102101 4.333465 0.031260 1.000000 
4.331347 0.135440 0.151826 2.535530e-08 0.00001039810 14.608653 0.128060 1.062174 4.333465 0.031260 1.000000 
4.354407 0.136161 0.111899 1.866102e-08 0.00001045346 14.585593 0.127339 1.102101 4.356535 0.031260 1.000000 
4.354407 0.136161 0.151826 3.225447e-08 0.00001045346 14.585593 0.127339 1.062174 4.356535 0.031260 1.000000 
4.377466 0.136882 0.111899 1.871576e-08 0.00001050882 14.562534 0.126618 1.102101 4.379605 0.031260 1.000000 
4.377466 0.136882 0.151826 2.382493e-08 0.00001050882 14.562534 0.126618 1.062174 4.379605 0.031260 1.000000 
4.400525 0.137603 0.111899 1.536495e-08 0.00001056418 14.539475 0.125897 1.102101 4.402676 0.031260 1.000000 
4.400525 0.137603 0.151826 1.877207e-08 0.00001056418 14.539475 0.125897 1.062174 4.402676 0.031260 1.000000 
4.423584 0.138324 0.111899 8.557739e-09 0.00001061953 14.516416 0.125176 1.102101 4.425746 0.031260 1.000000 
4.423584 0.138324 0.151826 1.541030e-08 0.00001061953 14.516416 0.125176 1.062174 4.425746 0.031260 1.000000 
4.446643 0.139045 0.111899 6.874591e-09 0.00001067489 14.493357 0.124455 1.102101 4.448816 0.031260 1.000000 
4.446643 0.139045 0.151826 1.889094e-08 0.00001067489 14.493357 0.124455 1.062174 4.448816 0.031260 1.000000 
4.469702 0.139767 0.111899 1.722981e-09 0.00001073025 14.470298 0.123733 1.102101 4.471887 0.031260 1.000000 
4.469702 0.139767 0.151826 1.206695e-08 0.00001073025 14.470298 0.123733 1.062174 4.471887 0.031260 1.000000 
4.492761 0.140488 0.111899 3.457608e-09 0.00001078560 14.447239 0.123012 1.102101 4.494957 0.031260 1.000000 
4.492761 0.140488 0.151826 1.037385e-08 0.00001078560 14.447239 0.123012 1.062174 4.494957 0.031260 1.000000 
4.515820 0.141209 0.111899 3.468791e-09 0.00001084096 14.424180 0.122291 1.102101 4.518028 0.031260 1.000000 
4.515820 0.141209 0.151826 1.040332e-08 0.00001084096 14.424180 0.122291 1.062174 4.518028 0.031260 1.000000 
4.538879 0.141930 0.111899 1.741712e-09 0.00001089632 14.401121 0.121570 1.102101 4.541098 0.031260 1.000000 
4.538879 0.141930 0.151826 1.391756e-08 0.00001089632 14.401121 0.121570 1.062174 4.541098 0.031260 1.000000 
4.561939 0.142651 0.151826 6.982255e-09 0.00001095168 14.378061 0.120849 1.062174 4.564168 0.031260 1.000000 
4.584998 0.143372 0.151826 1.051343e-08 0.00001100703 14.355002 0.120128 1.062174 4.587239 0.031260 1.000000 
4.608057 0.144093 0.151826 3.513244e-09 0.00001106239 14.331943 0.119407 1.062174 4.610309 0.031260 1.000000 
4.631116 0.144814 0.151826 3.527125e-09 0.00001111775 14.308884 0.118686 1.062174 4.633379 0.031260 1.000000 
4.654175 0.145535 0.151826 8.844215e-09 0.00001117310 14.285825 0.117965 1.062174 4.656450 0.031260 1.000000 
4.700293 0.146977 0.151826 1.780795e-09 0.00001128382 14.239707 0.116523 1.062174 4.702591 0.031260 1.000000 
4.746411 0.148419 0.151826 1.790577e-09 0.00001139453 14.193589 0.115081 1.062174 4.748731 0.031260 1.000000 
4.769471 0.149140 0.151826 1.795435e-09 0.00001144989 14.170529 0.114360 1.062174 4.771802 0.031260 1.000000 
4.792530 0.149861 0.151826 1.800681e-09 0.00001150525 14.147470 0.113639 1.062174 4.794872 0.031260 1.000000 
4.008180 0.135787 0.111899 2.589265e-08 0.00000962310 14.931820 0.127713 1.102101 4.010479 0.033865 1.000000 
4.031237 0.136568 0.071973 4.870702e-09 0.00000967846 14.908763 0.126932 1.142027 4.033550 0.033865 1.000000 
4.031237 0.136568 0.111899 1.623809e-08 0.00000967846 14.908763 0.126932 1.102101 4.033550 0.033865 1.000000 
4.054294 0.137349 0.071973 1.628187e-09 0.00000973382 14.885706 0.126151 1.142027 4.056620 0.033865 1.000000 
4.054294 0.137349 0.111899 2.605454e-08 0.00000973382 14.885706 0.126151 1.102101 4.056620 0.033865 1.000000 
4.077351 0.138130 0.071973 1.631017e-09 0.00000978918 14.862649 0.125370 1.142027 4.079690 0.033865 1.000000 
4.077351 0.138130 0.111899 2.124180e-08 0.00000978918 14.862649 0.125370 1.102101 4.079690 0.033865 1.000000 
4.100408 0.138912 0.111899 1.147298e-08 0.00000984453 14.839592 0.124588 1.102101 4.102761 0.033865 1.000000 
4.123466 0.139693 0.111899 1.150435e-08 0.00000989989 14.816534 0.123807 1.102101 4.125831 0.033865 1.000000 
4.146523 0.140474 0.111899 8.247176e-09 0.00000995525 14.793477 0.123026 1.102101 4.148901 0.033865 1.000000 
4.169580 0.141255 0.111899 9.924697e-09 0.00001001060 14.770420 0.122245 1.102101 4.171972 0.033865 1.000000 
4.169580 0.141255 0.151826 1.655788e-09 0.00001001060 14.770420 0.122245 1.062174 4.171972 0.033865 1.000000 
4.192637 0.142036 0.111899 3.318575e-09 0.00001006596 14.747363 0.121464 1.102101 4.195042 0.033865 1.000000 
4.215694 0.142817 0.111899 6.659162e-09 0.00001012132 14.724306 0.120683 1.102101 4.218113 0.033865 1.000000 
