4.143766625792759398e+19 4.144538930181495194e+19 4.161105275594552115e+19 4.183843722114820506e+19 4.218458296856579277e+19 4.259966560518350438e+19 4.300220618605549978e+19 4.337904134598834586e+19 4.370821170432478413e+19 4.397533214316657869e+19 4.418756151237136384e+19 3.809704230042206208e+19
4.143766625792762675e+19 4.144538930181495194e+19 4.161105275594552115e+19 4.183843722114819686e+19 4.218458296856580096e+19 4.259966560518352077e+19 4.300220618605550797e+19 4.337904134598835405e+19 4.370821170432481690e+19 4.397533214316657050e+19 4.418756151237135565e+19 3.809704230042205389e+19
4.143766625792761856e+19 4.144538930181496013e+19 4.161105275594551296e+19 4.183843722114821325e+19 4.218458296856580915e+19 4.259966560518351258e+19 4.300220618605551616e+19 4.337904134598835405e+19 4.370821170432481690e+19 4.397533214316656230e+19 4.418756151237133926e+19 3.809704230042207846e+19
4.143766625792761037e+19 4.144538930181494374e+19 4.161105275594551296e+19 4.183843722114823782e+19 4.218458296856581734e+19 4.259966560518351258e+19 4.300220618605550797e+19 4.337904134598836224e+19 4.370821170432480870e+19 4.397533214316657050e+19 4.418756151237133926e+19 3.809704230042206208e+19
4.143766625792761856e+19 4.144538930181493555e+19 4.161105275594551296e+19 4.183843722114823782e+19 4.218458296856582554e+19 4.259966560518349619e+19 4.300220618605548339e+19 4.337904134598837862e+19 4.370821170432480051e+19 4.397533214316658688e+19 4.418756151237131469e+19 3.809704230042207027e+19
4.143766625792763494e+19 4.144538930181493555e+19 4.161105275594550477e+19 4.183843722114822963e+19 4.218458296856584192e+19 4.259966560518348800e+19 4.300220618605549158e+19 4.337904134598837862e+19 4.370821170432479232e+19 4.397533214316660326e+19 4.418756151237132288e+19 3.809704230042207027e+19
4.143766625792763494e+19 4.144538930181492736e+19 4.161105275594550477e+19 4.183843722114821325e+19 4.218458296856584192e+19 4.259966560518349619e+19 4.300220618605547520e+19 4.337904134598837862e+19 4.370821170432480870e+19 4.397533214316661965e+19 4.418756151237133107e+19 3.809704230042206208e+19
4.143766625792761856e+19 4.144538930181491098e+19 4.161105275594552115e+19 4.183843722114820506e+19 4.218458296856585830e+19 4.259966560518351258e+19 4.300220618605546701e+19 4.337904134598837862e+19 4.370821170432481690e+19 4.397533214316661965e+19 4.418756151237133926e+19 3.809704230042206208e+19
4.143766625792764314e+19 4.144538930181491917e+19 4.161105275594553754e+19 4.183843722114818867e+19 4.218458296856588288e+19 4.259966560518349619e+19 4.300220618605547520e+19 4.337904134598837862e+19 4.370821170432483328e+19 4.397533214316661965e+19 4.418756151237133107e+19 3.809704230042206208e+19
4.143766625792763494e+19 4.144538930181491098e+19 4.161105275594552934e+19 4.183843722114822963e+19 4.218458296856586650e+19 4.259966560518347981e+19 4.300220618605548339e+19 4.337904134598836224e+19 4.370821170432481690e+19 4.397533214316660326e+19 4.418756151237132288e+19 3.809704230042204570e+19
4.143766625792764314e+19 4.144538930181489459e+19 4.161105275594552115e+19 4.183843722114821325e+19 4.218458296856586650e+19 4.259966560518349619e+19 4.300220618605549158e+19 4.337904134598836224e+19 4.370821170432481690e+19 4.397533214316659507e+19 4.418756151237132288e+19 3.809704230042203750e+19
4.143766625792765133e+19 4.144538930181487821e+19 4.161105275594552115e+19 4.183843722114821325e+19 4.218458296856588288e+19 4.259966560518348800e+19 4.300220618605547520e+19 4.337904134598836224e+19 4.370821170432480870e+19 4.397533214316659507e+19 4.418756151237131469e+19 3.809704230042203750e+19
4.143766625792765952e+19 4.144538930181488640e+19 4.161105275594552115e+19 4.183843722114822144e+19 4.218458296856586650e+19 4.259966560518348800e+19 4.300220618605547520e+19 4.337904134598835405e+19 4.370821170432483328e+19 4.397533214316660326e+19 4.418756151237131469e+19 3.809704230042204570e+19
4.143766625792765952e+19 4.144538930181489459e+19 4.161105275594552115e+19 4.183843722114820506e+19 4.218458296856586650e+19 4.259966560518349619e+19 4.300220618605547520e+19 4.337904134598835405e+19 4.370821170432482509e+19 4.397533214316660326e+19 4.418756151237131469e+19 3.809704230042205389e+19
4.143766625792767590e+19 4.144538930181489459e+19 4.161105275594551296e+19 4.183843722114822144e+19 4.218458296856585830e+19 4.259966560518351258e+19 4.300220618605547520e+19 4.337904134598835405e+19 4.370821170432483328e+19 4.397533214316661146e+19 4.418756151237133107e+19 3.809704230042205389e+19
4.143766625792765952e+19 4.144538930181490278e+19 4.161105275594552115e+19 4.183843722114821325e+19 4.218458296856584192e+19 4.259966560518350438e+19 4.300220618605548339e+19 4.337904134598833766e+19 4.370821170432482509e+19 4.397533214316661965e+19 4.418756151237135565e+19 3.809704230042206208e+19
4.143766625792767590e+19 4.144538930181488640e+19 4.161105275594552115e+19 4.183843722114821325e+19 4.218458296856583373e+19 4.259966560518350438e+19 4.300220618605547520e+19 4.337904134598832947e+19 4.370821170432481690e+19 4.397533214316663603e+19 4.418756151237134746e+19 3.809704230042207846e+19
4.143766625792767590e+19 4.144538930181487821e+19 4.161105275594552115e+19 4.183843722114822144e+19 4.218458296856584192e+19 4.259966560518351258e+19 4.300220618605547520e+19 4.337904134598831309e+19 4.370821170432481690e+19 4.397533214316663603e+19 4.418756151237133926e+19 3.809704230042208666e+19
4.143766625792766771e+19 4.144538930181487821e+19 4.161105275594552934e+19 4.183843722114822144e+19 4.218458296856582554e+19 4.259966560518352896e+19 4.300220618605546701e+19 4.337904134598828851e+19 4.370821170432481690e+19 4.397533214316663603e+19 4.418756151237133107e+19 3.809704230042209485e+19
4.143766625792765952e+19 4.144538930181487821e+19 4.161105275594552934e+19 4.183843722114822144e+19 4.218458296856585830e+19 4.259966560518356173e+19 4.300220618605547520e+19 4.337904134598828032e+19 4.370821170432482509e+19 4.397533214316663603e+19 4.418756151237130650e+19 3.809704230042208666e+19
4.143766625792767590e+19 4.144538930181488640e+19 4.161105275594555392e+19 4.183843722114822144e+19 4.218458296856585830e+19 4.259966560518356173e+19 4.300220618605549158e+19 4.337904134598825574e+19 4.370821170432481690e+19 4.397533214316665242e+19 4.418756151237129830e+19 3.809704230042209485e+19
4.143766625792766771e+19 4.144538930181489459e+19 4.161105275594553754e+19 4.183843722114822144e+19 4.218458296856585830e+19 4.259966560518357811e+19 4.300220618605548339e+19 4.337904134598826394e+19 4.370821170432483328e+19 4.397533214316663603e+19 4.418756151237131469e+19 3.809704230042210304e+19
4.143766625792765133e+19 4.144538930181488640e+19 4.161105275594555392e+19 4.183843722114823782e+19 4.218458296856585830e+19 4.259966560518356992e+19 4.300220618605551616e+19 4.337904134598827213e+19 4.370821170432484147e+19 4.397533214316665242e+19 4.418756151237133107e+19 3.809704230042210304e+19
4.143766625792766771e+19 4.144538930181488640e+19 4.161105275594557030e+19 4.183843722114824602e+19 4.218458296856586650e+19 4.259966560518361088e+19 4.300220618605550797e+19 4.337904134598826394e+19 4.370821170432484966e+19 4.397533214316662784e+19 4.418756151237133107e+19 3.809704230042208666e+19
4.143766625792765952e+19 4.144538930181487821e+19 4.161105275594557850e+19 4.183843722114827059e+19 4.218458296856585830e+19 4.259966560518365184e+19 4.300220618605549978e+19 4.337904134598827213e+19 4.370821170432486605e+19 4.397533214316663603e+19 4.418756151237133926e+19 3.809704230042210304e+19
4.143766625792766771e+19 4.144538930181487821e+19 4.161105275594556211e+19 4.183843722114826240e+19 4.218458296856584192e+19 4.259966560518364365e+19 4.300220618605549978e+19 4.337904134598826394e+19 4.370821170432484966e+19 4.397533214316661965e+19 4.418756151237134746e+19 3.809704230042211123e+19
4.143766625792766771e+19 4.144538930181489459e+19 4.161105275594554573e+19 4.183843722114828698e+19 4.218458296856585011e+19 4.259966560518365184e+19 4.300220618605550797e+19 4.337904134598825574e+19 4.370821170432484147e+19 4.397533214316662784e+19 4.418756151237133107e+19 3.809704230042211942e+19
4.143766625792766771e+19 4.144538930181490278e+19 4.161105275594554573e+19 4.183843722114827878e+19 4.218458296856585011e+19 4.259966560518363546e+19 4.300220618605550797e+19 4.337904134598825574e+19 4.370821170432484147e+19 4.397533214316661965e+19 4.418756151237133926e+19 3.809704230042212762e+19
4.143766625792768410e+19 4.144538930181489459e+19 4.161105275594553754e+19 4.183843722114827878e+19 4.218458296856585830e+19 4.259966560518363546e+19 4.300220618605549978e+19 4.337904134598824755e+19 4.370821170432483328e+19 4.397533214316661146e+19 4.418756151237132288e+19 3.809704230042211123e+19
4.143766625792767590e+19 4.144538930181488640e+19 4.161105275594553754e+19 4.183843722114828698e+19 4.218458296856586650e+19 4.259966560518365184e+19 4.300220618605552435e+19 4.337904134598824755e+19 4.370821170432481690e+19 4.397533214316661146e+19 4.418756151237130650e+19 3.809704230042211123e+19
4.143766625792767590e+19 4.144538930181488640e+19 4.161105275594552934e+19 4.183843722114829517e+19 4.218458296856588288e+19 4.259966560518362726e+19 4.300220618605552435e+19 4.337904134598824755e+19 4.370821170432481690e+19 4.397533214316662784e+19 4.418756151237131469e+19 3.809704230042211123e+19
4.143766625792766771e+19 4.144538930181489459e+19 4.161105275594552115e+19 4.183843722114830336e+19 4.218458296856587469e+19 4.259966560518361907e+19 4.300220618605550797e+19 4.337904134598826394e+19 4.370821170432481690e+19 4.397533214316663603e+19 4.418756151237130650e+19 3.809704230042211942e+19
4.143766625792768410e+19 4.144538930181488640e+19 4.161105275594552115e+19 4.183843722114831155e+19 4.218458296856586650e+19 4.259966560518363546e+19 4.300220618605549158e+19 4.337904134598826394e+19 4.370821170432482509e+19 4.397533214316661965e+19 4.418756151237129011e+19 3.809704230042212762e+19
4.143766625792769229e+19 4.144538930181489459e+19 4.161105275594551296e+19 4.183843722114831155e+19 4.218458296856587469e+19 4.259966560518363546e+19 4.300220618605547520e+19 4.337904134598827213e+19 4.370821170432484147e+19 4.397533214316661965e+19 4.418756151237128192e+19 3.809704230042211123e+19
4.143766625792766771e+19 4.144538930181488640e+19 4.161105275594552115e+19 4.183843722114829517e+19 4.218458296856586650e+19 4.259966560518364365e+19 4.300220618605546701e+19 4.337904134598827213e+19 4.370821170432483328e+19 4.397533214316661146e+19 4.418756151237129011e+19 3.809704230042210304e+19
4.143766625792766771e+19 4.144538930181488640e+19 4.161105275594552934e+19 4.183843722114830336e+19 4.218458296856585830e+19 4.259966560518364365e+19 4.300220618605546701e+19 4.337904134598828032e+19 4.370821170432482509e+19 4.397533214316659507e+19 4.418756151237129830e+19 3.809704230042211123e+19
4.143766625792768410e+19 4.144538930181489459e+19 4.161105275594552115e+19 4.183843722114831155e+19 4.218458296856586650e+19 4.259966560518366003e+19 4.300220618605546701e+19 4.337904134598829670e+19 4.370821170432482509e+19 4.397533214316657050e+19 4.418756151237129830e+19 3.809704230042210304e+19
4.143766625792767590e+19 4.144538930181488640e+19 4.161105275594549658e+19 4.183843722114831974e+19 4.218458296856585830e+19 4.259966560518365184e+19 4.300220618605545882e+19 4.337904134598830490e+19 4.370821170432482509e+19 4.397533214316658688e+19 4.418756151237129011e+19 3.809704230042210304e+19
4.143766625792768410e+19 4.144538930181487002e+19 4.161105275594548838e+19 4.183843722114831155e+19 4.218458296856585830e+19 4.259966560518364365e+19 4.300220618605544243e+19 4.337904134598829670e+19 4.370821170432483328e+19 4.397533214316657050e+19 4.418756151237130650e+19 3.809704230042209485e+19
4.143766625792766771e+19 4.144538930181487821e+19 4.161105275594550477e+19 4.183843722114828698e+19 4.218458296856585830e+19 4.259966560518363546e+19 4.300220618605545882e+19 4.337904134598830490e+19 4.370821170432484147e+19 4.397533214316658688e+19 4.418756151237130650e+19 3.809704230042211123e+19
4.143766625792769229e+19 4.144538930181487002e+19 4.161105275594552934e+19 4.183843722114829517e+19 4.218458296856585830e+19 4.259966560518365184e+19 4.300220618605545882e+19 4.337904134598830490e+19 4.370821170432483328e+19 4.397533214316659507e+19 4.418756151237129830e+19 3.809704230042210304e+19
4.143766625792767590e+19 4.144538930181485363e+19 4.161105275594551296e+19 4.183843722114828698e+19 4.218458296856585830e+19 4.259966560518365184e+19 4.300220618605545882e+19 4.337904134598830490e+19 4.370821170432484147e+19 4.397533214316659507e+19 4.418756151237129830e+19 3.809704230042211123e+19
4.143766625792767590e+19 4.144538930181486182e+19 4.161105275594549658e+19 4.183843722114828698e+19 4.218458296856585011e+19 4.259966560518366822e+19 4.300220618605545882e+19 4.337904134598830490e+19 4.370821170432484966e+19 4.397533214316659507e+19 4.418756151237130650e+19 3.809704230042210304e+19
4.143766625792767590e+19 4.144538930181485363e+19 4.161105275594548838e+19 4.183843722114828698e+19 4.218458296856585011e+19 4.259966560518366003e+19 4.300220618605546701e+19 4.337904134598830490e+19 4.370821170432482509e+19 4.397533214316657050e+19 4.418756151237129011e+19 3.809704230042208666e+19
4.143766625792766771e+19 4.144538930181487821e+19 4.161105275594548019e+19 4.183843722114829517e+19 4.218458296856584192e+19 4.259966560518366003e+19 4.300220618605547520e+19 4.337904134598832947e+19 4.370821170432483328e+19 4.397533214316657050e+19 4.418756151237128192e+19 3.809704230042207846e+19
4.143766625792765952e+19 4.144538930181490278e+19 4.161105275594547200e+19 4.183843722114830336e+19 4.218458296856585011e+19 4.259966560518366822e+19 4.300220618605545882e+19 4.337904134598831309e+19 4.370821170432482509e+19 4.397533214316657050e+19 4.418756151237128192e+19 3.809704230042209485e+19
4.143766625792766771e+19 4.144538930181488640e+19 4.161105275594548019e+19 4.183843722114831155e+19 4.218458296856585011e+19 4.259966560518365184e+19 4.300220618605545882e+19 4.337904134598830490e+19 4.370821170432482509e+19 4.397533214316656230e+19 4.418756151237128192e+19 3.809704230042209485e+19
4.143766625792766771e+19 4.144538930181488640e+19 4.161105275594549658e+19 4.183843722114831155e+19 4.218458296856585830e+19 4.259966560518365184e+19 4.300220618605546701e+19 4.337904134598831309e+19 4.370821170432481690e+19 4.397533214316655411e+19 4.418756151237127373e+19 3.809704230042211942e+19
4.143766625792766771e+19 4.144538930181489459e+19 4.161105275594548019e+19 4.183843722114831155e+19 4.218458296856587469e+19 4.259966560518363546e+19 4.300220618605548339e+19 4.337904134598832128e+19 4.370821170432480051e+19 4.397533214316655411e+19 4.418756151237128192e+19 3.809704230042210304e+19
4.143766625792765952e+19 4.144538930181488640e+19 4.161105275594550477e+19 4.183843722114831974e+19 4.218458296856587469e+19 4.259966560518360269e+19 4.300220618605548339e+19 4.337904134598832128e+19 4.370821170432481690e+19 4.397533214316652954e+19 4.418756151237128192e+19 3.809704230042211123e+19
4.143766625792766771e+19 4.144538930181489459e+19 4.161105275594548019e+19 4.183843722114831974e+19 4.218458296856589107e+19 4.259966560518364365e+19 4.300220618605548339e+19 4.337904134598831309e+19 4.370821170432481690e+19 4.397533214316652954e+19 4.418756151237128192e+19 3.809704230042211942e+19
4.143766625792765952e+19 4.144538930181488640e+19 4.161105275594548838e+19 4.183843722114831974e+19 4.218458296856585830e+19 4.259966560518362726e+19 4.300220618605547520e+19 4.337904134598828851e+19 4.370821170432479232e+19 4.397533214316652954e+19 4.418756151237129011e+19 3.809704230042212762e+19
4.143766625792765952e+19 4.144538930181489459e+19 4.161105275594548838e+19 4.183843722114831974e+19 4.218458296856586650e+19 4.259966560518364365e+19 4.300220618605548339e+19 4.337904134598828851e+19 4.370821170432480870e+19 4.397533214316652954e+19 4.418756151237127373e+19 3.809704230042212762e+19
4.143766625792766771e+19 4.144538930181489459e+19 4.161105275594549658e+19 4.183843722114831974e+19 4.218458296856587469e+19 4.259966560518365184e+19 4.300220618605548339e+19 4.337904134598828851e+19 4.370821170432480051e+19 4.397533214316652954e+19 4.418756151237129830e+19 3.809704230042213581e+19
4.143766625792765133e+19 4.144538930181490278e+19 4.161105275594548838e+19 4.183843722114832794e+19 4.218458296856588288e+19 4.259966560518364365e+19 4.300220618605547520e+19 4.337904134598828032e+19 4.370821170432480870e+19 4.397533214316654592e+19 4.418756151237129830e+19 3.809704230042214400e+19
4.143766625792765133e+19 4.144538930181490278e+19 4.161105275594548019e+19 4.183843722114835251e+19 4.218458296856588288e+19 4.259966560518361907e+19 4.300220618605548339e+19 4.337904134598827213e+19 4.370821170432481690e+19 4.397533214316654592e+19 4.418756151237129830e+19 3.809704230042215219e+19
4.143766625792765952e+19 4.144538930181487002e+19 4.161105275594547200e+19 4.183843722114836070e+19 4.218458296856589107e+19 4.259966560518361088e+19 4.300220618605545062e+19 4.337904134598828032e+19 4.370821170432482509e+19 4.397533214316654592e+19 4.418756151237130650e+19 3.809704230042215219e+19
4.143766625792765133e+19 4.144538930181487821e+19 4.161105275594549658e+19 4.183843722114836070e+19 4.218458296856588288e+19 4.259966560518361907e+19 4.300220618605544243e+19 4.337904134598829670e+19 4.370821170432482509e+19 4.397533214316655411e+19 4.418756151237131469e+19 3.809704230042212762e+19
4.143766625792765952e+19 4.144538930181487002e+19 4.161105275594548019e+19 4.183843722114835251e+19 4.218458296856585830e+19 4.259966560518359450e+19 4.300220618605543424e+19 4.337904134598831309e+19 4.370821170432483328e+19 4.397533214316654592e+19 4.418756151237131469e+19 3.809704230042213581e+19
4.143766625792766771e+19 4.144538930181484544e+19 4.161105275594548019e+19 4.183843722114834432e+19 4.218458296856586650e+19 4.259966560518360269e+19 4.300220618605545062e+19 4.337904134598832128e+19 4.370821170432484147e+19 4.397533214316653773e+19 4.418756151237129011e+19 3.809704230042213581e+19
4.143766625792768410e+19 4.144538930181485363e+19 4.161105275594547200e+19 4.183843722114836070e+19 4.218458296856589107e+19 4.259966560518361088e+19 4.300220618605544243e+19 4.337904134598834586e+19 4.370821170432483328e+19 4.397533214316654592e+19 4.418756151237130650e+19 3.809704230042213581e+19
4.143766625792768410e+19 4.144538930181484544e+19 4.161105275594544742e+19 4.183843722114837709e+19 4.218458296856588288e+19 4.259966560518360269e+19 4.300220618605545062e+19 4.337904134598833766e+19 4.370821170432481690e+19 4.397533214316654592e+19 4.418756151237131469e+19 3.809704230042211942e+19
4.143766625792766771e+19 4.144538930181482906e+19 4.161105275594544742e+19 4.183843722114837709e+19 4.218458296856588288e+19 4.259966560518360269e+19 4.300220618605544243e+19 4.337904134598834586e+19 4.370821170432484147e+19 4.397533214316657050e+19 4.418756151237132288e+19 3.809704230042212762e+19
4.143766625792767590e+19 4.144538930181484544e+19 4.161105275594545562e+19 4.183843722114838528e+19 4.218458296856587469e+19 4.259966560518361088e+19 4.300220618605545062e+19 4.337904134598835405e+19 4.370821170432485786e+19 4.397533214316657050e+19 4.418756151237131469e+19 3.809704230042211942e+19
4.143766625792767590e+19 4.144538930181486182e+19 4.161105275594545562e+19 4.183843722114840986e+19 4.218458296856587469e+19 4.259966560518361088e+19 4.300220618605546701e+19 4.337904134598833766e+19 4.370821170432485786e+19 4.397533214316656230e+19 4.418756151237130650e+19 3.809704230042213581e+19
4.143766625792769229e+19 4.144538930181485363e+19 4.161105275594545562e+19 4.183843722114841805e+19 4.218458296856585830e+19 4.259966560518360269e+19 4.300220618605545062e+19 4.337904134598834586e+19 4.370821170432485786e+19 4.397533214316657050e+19 4.418756151237131469e+19 3.809704230042215219e+19
4.143766625792769229e+19 4.144538930181487002e+19 4.161105275594546381e+19 4.183843722114841805e+19 4.218458296856585830e+19 4.259966560518360269e+19 4.300220618605545062e+19 4.337904134598836224e+19 4.370821170432488243e+19 4.397533214316657869e+19 4.418756151237132288e+19 3.809704230042216038e+19
4.143766625792769229e+19 4.144538930181487002e+19 4.161105275594544742e+19 4.183843722114842624e+19 4.218458296856585830e+19 4.259966560518359450e+19 4.300220618605544243e+19 4.337904134598835405e+19 4.370821170432489062e+19 4.397533214316656230e+19 4.418756151237130650e+19 3.809704230042218496e+19
4.143766625792768410e+19 4.144538930181486182e+19 4.161105275594543923e+19 4.183843722114841805e+19 4.218458296856585011e+19 4.259966560518360269e+19 4.300220618605544243e+19 4.337904134598833766e+19 4.370821170432489062e+19 4.397533214316654592e+19 4.418756151237130650e+19 3.809704230042218496e+19
4.143766625792768410e+19 4.144538930181486182e+19 4.161105275594543923e+19 4.183843722114841805e+19 4.218458296856585830e+19 4.259966560518362726e+19 4.300220618605546701e+19 4.337904134598832128e+19 4.370821170432489062e+19 4.397533214316653773e+19 4.418756151237132288e+19 3.809704230042216858e+19
4.143766625792766771e+19 4.144538930181485363e+19 4.161105275594543104e+19 4.183843722114843443e+19 4.218458296856584192e+19 4.259966560518361907e+19 4.300220618605546701e+19 4.337904134598831309e+19 4.370821170432488243e+19 4.397533214316652134e+19 4.418756151237132288e+19 3.809704230042216038e+19
4.143766625792765952e+19 4.144538930181484544e+19 4.161105275594543923e+19 4.183843722114845082e+19 4.218458296856582554e+19 4.259966560518364365e+19 4.300220618605546701e+19 4.337904134598831309e+19 4.370821170432489062e+19 4.397533214316652134e+19 4.418756151237130650e+19 3.809704230042215219e+19
4.143766625792766771e+19 4.144538930181482906e+19 4.161105275594543104e+19 4.183843722114846720e+19 4.218458296856582554e+19 4.259966560518365184e+19 4.300220618605548339e+19 4.337904134598832128e+19 4.370821170432489062e+19 4.397533214316652954e+19 4.418756151237131469e+19 3.809704230042213581e+19
4.143766625792768410e+19 4.144538930181482086e+19 4.161105275594543104e+19 4.183843722114846720e+19 4.218458296856583373e+19 4.259966560518362726e+19 4.300220618605549978e+19 4.337904134598831309e+19 4.370821170432489062e+19 4.397533214316652134e+19 4.418756151237132288e+19 3.809704230042211942e+19
4.143766625792768410e+19 4.144538930181482086e+19 4.161105275594542285e+19 4.183843722114845082e+19 4.218458296856585830e+19 4.259966560518361907e+19 4.300220618605548339e+19 4.337904134598831309e+19 4.370821170432489062e+19 4.397533214316652954e+19 4.418756151237130650e+19 3.809704230042211942e+19
4.143766625792768410e+19 4.144538930181482906e+19 4.161105275594542285e+19 4.183843722114845901e+19 4.218458296856584192e+19 4.259966560518362726e+19 4.300220618605549978e+19 4.337904134598832128e+19 4.370821170432487424e+19 4.397533214316653773e+19 4.418756151237129011e+19 3.809704230042211123e+19
4.143766625792768410e+19 4.144538930181483725e+19 4.161105275594543104e+19 4.183843722114845901e+19 4.218458296856583373e+19 4.259966560518362726e+19 4.300220618605548339e+19 4.337904134598832947e+19 4.370821170432485786e+19 4.397533214316652134e+19 4.418756151237129830e+19 3.809704230042211942e+19
4.143766625792765952e+19 4.144538930181483725e+19 4.161105275594544742e+19 4.183843722114848358e+19 4.218458296856583373e+19 4.259966560518361088e+19 4.300220618605548339e+19 4.337904134598832128e+19 4.370821170432486605e+19 4.397533214316652134e+19 4.418756151237129830e+19 3.809704230042212762e+19
4.143766625792766771e+19 4.144538930181484544e+19 4.161105275594543923e+19 4.183843722114848358e+19 4.218458296856581734e+19 4.259966560518361907e+19 4.300220618605547520e+19 4.337904134598833766e+19 4.370821170432487424e+19 4.397533214316654592e+19 4.418756151237128192e+19 3.809704230042212762e+19
4.143766625792767590e+19 4.144538930181485363e+19 4.161105275594543104e+19 4.183843722114848358e+19 4.218458296856582554e+19 4.259966560518361907e+19 4.300220618605547520e+19 4.337904134598835405e+19 4.370821170432488243e+19 4.397533214316654592e+19 4.418756151237128192e+19 3.809704230042211942e+19
4.143766625792766771e+19 4.144538930181487002e+19 4.161105275594541466e+19 4.183843722114849178e+19 4.218458296856580915e+19 4.259966560518361088e+19 4.300220618605549978e+19 4.337904134598834586e+19 4.370821170432489062e+19 4.397533214316653773e+19 4.418756151237127373e+19 3.809704230042211123e+19
4.143766625792765952e+19 4.144538930181487002e+19 4.161105275594541466e+19 4.183843722114847539e+19 4.218458296856580096e+19 4.259966560518361088e+19 4.300220618605549158e+19 4.337904134598833766e+19 4.370821170432489882e+19 4.397533214316652134e+19 4.418756151237126554e+19 3.809704230042212762e+19
4.143766625792765133e+19 4.144538930181486182e+19 4.161105275594542285e+19 4.183843722114845082e+19 4.218458296856579277e+19 4.259966560518361088e+19 4.300220618605549158e+19 4.337904134598835405e+19 4.370821170432489882e+19 4.397533214316652134e+19 4.418756151237126554e+19 3.809704230042212762e+19
4.143766625792765133e+19 4.144538930181487002e+19 4.161105275594542285e+19 4.183843722114844262e+19 4.218458296856579277e+19 4.259966560518361907e+19 4.300220618605548339e+19 4.337904134598837043e+19 4.370821170432489062e+19 4.397533214316651315e+19 4.418756151237125734e+19 3.809704230042211123e+19
4.143766625792764314e+19 4.144538930181485363e+19 4.161105275594542285e+19 4.183843722114844262e+19 4.218458296856577638e+19 4.259966560518362726e+19 4.300220618605545062e+19 4.337904134598836224e+19 4.370821170432489882e+19 4.397533214316650496e+19 4.418756151237124915e+19 3.809704230042208666e+19
4.143766625792762675e+19 4.144538930181486182e+19 4.161105275594543923e+19 4.183843722114844262e+19 4.218458296856577638e+19 4.259966560518363546e+19 4.300220618605544243e+19 4.337904134598837862e+19 4.370821170432486605e+19 4.397533214316650496e+19 4.418756151237127373e+19 3.809704230042209485e+19
4.143766625792764314e+19 4.144538930181485363e+19 4.161105275594543923e+19 4.183843722114845082e+19 4.218458296856578458e+19 4.259966560518361907e+19 4.300220618605545882e+19 4.337904134598839501e+19 4.370821170432487424e+19 4.397533214316649677e+19 4.418756151237128192e+19 3.809704230042207846e+19
4.143766625792762675e+19 4.144538930181484544e+19 4.161105275594545562e+19 4.183843722114844262e+19 4.218458296856579277e+19 4.259966560518359450e+19 4.300220618605545062e+19 4.337904134598838682e+19 4.370821170432489882e+19 4.397533214316648038e+19 4.418756151237129830e+19 3.809704230042208666e+19
4.143766625792763494e+19 4.144538930181483725e+19 4.161105275594546381e+19 4.183843722114844262e+19 4.218458296856578458e+19 4.259966560518358630e+19 4.300220618605546701e+19 4.337904134598837862e+19 4.370821170432489882e+19 4.397533214316648858e+19 4.418756151237130650e+19 3.809704230042206208e+19
4.143766625792762675e+19 4.144538930181482086e+19 4.161105275594546381e+19 4.183843722114842624e+19 4.218458296856579277e+19 4.259966560518356992e+19 4.300220618605546701e+19 4.337904134598837043e+19 4.370821170432489062e+19 4.397533214316648858e+19 4.418756151237131469e+19 3.809704230042204570e+19
4.143766625792763494e+19 4.144538930181481267e+19 4.161105275594547200e+19 4.183843722114842624e+19 4.218458296856579277e+19 4.259966560518357811e+19 4.300220618605547520e+19 4.337904134598837862e+19 4.370821170432489882e+19 4.397533214316650496e+19 4.418756151237132288e+19 3.809704230042203750e+19
4.143766625792764314e+19 4.144538930181483725e+19 4.161105275594547200e+19 4.183843722114844262e+19 4.218458296856577638e+19 4.259966560518356173e+19 4.300220618605546701e+19 4.337904134598838682e+19 4.370821170432489062e+19 4.397533214316651315e+19 4.418756151237132288e+19 3.809704230042204570e+19
4.143766625792763494e+19 4.144538930181484544e+19 4.161105275594546381e+19 4.183843722114844262e+19 4.218458296856577638e+19 4.259966560518356173e+19 4.300220618605547520e+19 4.337904134598840320e+19 4.370821170432486605e+19 4.397533214316651315e+19 4.418756151237132288e+19 3.809704230042205389e+19
4.143766625792762675e+19 4.144538930181485363e+19 4.161105275594547200e+19 4.183843722114845082e+19 4.218458296856577638e+19 4.259966560518356173e+19 4.300220618605548339e+19 4.337904134598841139e+19 4.370821170432488243e+19 4.397533214316652134e+19 4.418756151237132288e+19 3.809704230042207027e+19
4.143766625792760218e+19 4.144538930181487002e+19 4.161105275594547200e+19 4.183843722114845901e+19 4.218458296856577638e+19 4.259966560518354534e+19 4.300220618605547520e+19 4.337904134598840320e+19 4.370821170432487424e+19 4.397533214316650496e+19 4.418756151237133926e+19 3.809704230042205389e+19
4.143766625792761037e+19 4.144538930181488640e+19 4.161105275594547200e+19 4.183843722114845082e+19 4.218458296856577638e+19 4.259966560518354534e+19 4.300220618605548339e+19 4.337904134598841139e+19 4.370821170432487424e+19 4.397533214316651315e+19 4.418756151237132288e+19 3.809704230042202931e+19
4.143766625792761037e+19 4.144538930181486182e+19 4.161105275594548838e+19 4.183843722114845901e+19 4.218458296856578458e+19 4.259966560518355354e+19 4.300220618605548339e+19 4.337904134598841958e+19 4.370821170432488243e+19 4.397533214316651315e+19 4.418756151237130650e+19 3.809704230042202112e+19
4.143766625792760218e+19 4.144538930181486182e+19 4.161105275594550477e+19 4.183843722114845901e+19 4.218458296856580096e+19 4.259966560518356173e+19 4.300220618605545882e+19 4.337904134598838682e+19 4.370821170432487424e+19 4.397533214316652134e+19 4.418756151237129011e+19 3.809704230042203750e+19
4.143766625792761856e+19 4.144538930181485363e+19 4.161105275594550477e+19 4.183843722114844262e+19 4.218458296856580096e+19 4.259966560518356992e+19 4.300220618605545062e+19 4.337904134598839501e+19 4.370821170432486605e+19 4.397533214316652954e+19 4.418756151237128192e+19 3.809704230042203750e+19
4.143766625792761037e+19 4.144538930181487002e+19 4.161105275594550477e+19 4.183843722114841805e+19 4.218458296856580096e+19 4.259966560518356173e+19 4.300220618605545062e+19 4.337904134598838682e+19 4.370821170432484966e+19 4.397533214316652954e+19 4.418756151237128192e+19 3.809704230042202931e+19
4.143766625792761856e+19 4.144538930181487821e+19 4.161105275594550477e+19 4.183843722114843443e+19 4.218458296856579277e+19 4.259966560518354534e+19 4.300220618605545062e+19 4.337904134598838682e+19 4.370821170432485786e+19 4.397533214316652954e+19 4.418756151237128192e+19 3.809704230042203750e+19
4.143766625792761037e+19 4.144538930181489459e+19 4.161105275594551296e+19 4.183843722114844262e+19 4.218458296856577638e+19 4.259966560518354534e+19 4.300220618605545062e+19 4.337904134598837043e+19 4.370821170432486605e+19 4.397533214316652954e+19 4.418756151237126554e+19 3.809704230042202931e+19
4.143766625792760218e+19 4.144538930181490278e+19 4.161105275594551296e+19 4.183843722114843443e+19 4.218458296856580096e+19 4.259966560518356173e+19 4.300220618605545882e+19 4.337904134598837043e+19 4.370821170432485786e+19 4.397533214316652954e+19 4.418756151237126554e+19 3.809704230042202931e+19
4.143766625792762675e+19 4.144538930181489459e+19 4.161105275594550477e+19 4.183843722114841805e+19 4.218458296856579277e+19 4.259966560518356173e+19 4.300220618605545882e+19 4.337904134598835405e+19 4.370821170432485786e+19 4.397533214316652134e+19 4.418756151237127373e+19 3.809704230042204570e+19
4.143766625792762675e+19 4.144538930181487821e+19 4.161105275594549658e+19 4.183843722114840986e+19 4.218458296856579277e+19 4.259966560518356173e+19 4.300220618605545062e+19 4.337904134598837043e+19 4.370821170432486605e+19 4.397533214316651315e+19 4.418756151237126554e+19 3.809704230042204570e+19
4.143766625792761856e+19 4.144538930181488640e+19 4.161105275594546381e+19 4.183843722114841805e+19 4.218458296856577638e+19 4.259966560518355354e+19 4.300220618605545882e+19 4.337904134598837043e+19 4.370821170432486605e+19 4.397533214316652134e+19 4.418756151237126554e+19 3.809704230042206208e+19
4.143766625792761037e+19 4.144538930181489459e+19 4.161105275594546381e+19 4.183843722114842624e+19 4.218458296856578458e+19 4.259966560518355354e+19 4.300220618605544243e+19 4.337904134598838682e+19 4.370821170432485786e+19 4.397533214316650496e+19 4.418756151237126554e+19 3.809704230042207846e+19
4.143766625792761037e+19 4.144538930181490278e+19 4.161105275594548838e+19 4.183843722114842624e+19 4.218458296856577638e+19 4.259966560518355354e+19 4.300220618605545882e+19 4.337904134598838682e+19 4.370821170432485786e+19 4.397533214316650496e+19 4.418756151237126554e+19 3.809704230042207846e+19
4.143766625792761856e+19 4.144538930181491917e+19 4.161105275594547200e+19 4.183843722114842624e+19 4.218458296856579277e+19 4.259966560518355354e+19 4.300220618605546701e+19 4.337904134598839501e+19 4.370821170432485786e+19 4.397533214316649677e+19 4.418756151237126554e+19 3.809704230042207846e+19
4.143766625792761856e+19 4.144538930181492736e+19 4.161105275594544742e+19 4.183843722114842624e+19 4.218458296856577638e+19 4.259966560518353715e+19 4.300220618605547520e+19 4.337904134598837862e+19 4.370821170432485786e+19 4.397533214316649677e+19 4.418756151237126554e+19 3.809704230042206208e+19
4.143766625792760218e+19 4.144538930181492736e+19 4.161105275594547200e+19 4.183843722114841805e+19 4.218458296856577638e+19 4.259966560518353715e+19 4.300220618605548339e+19 4.337904134598835405e+19 4.370821170432484966e+19 4.397533214316646400e+19 4.418756151237124096e+19 3.809704230042203750e+19
4.143766625792762675e+19 4.144538930181492736e+19 4.161105275594547200e+19 4.183843722114842624e+19 4.218458296856576000e+19 4.259966560518354534e+19 4.300220618605548339e+19 4.337904134598835405e+19 4.370821170432486605e+19 4.397533214316646400e+19 4.418756151237124915e+19 3.809704230042202112e+19
4.143766625792763494e+19 4.144538930181493555e+19 4.161105275594546381e+19 4.183843722114841805e+19 4.218458296856575181e+19 4.259966560518352077e+19 4.300220618605547520e+19 4.337904134598832947e+19 4.370821170432488243e+19 4.397533214316646400e+19 4.418756151237125734e+19 3.809704230042200474e+19
4.143766625792763494e+19 4.144538930181494374e+19 4.161105275594548019e+19 4.183843722114843443e+19 4.218458296856575181e+19 4.259966560518354534e+19 4.300220618605548339e+19 4.337904134598831309e+19 4.370821170432489062e+19 4.397533214316645581e+19 4.418756151237125734e+19 3.809704230042199654e+19
4.143766625792763494e+19 4.144538930181495194e+19 4.161105275594547200e+19 4.183843722114844262e+19 4.218458296856574362e+19 4.259966560518354534e+19 4.300220618605547520e+19 4.337904134598828851e+19 4.370821170432489062e+19 4.397533214316644762e+19 4.418756151237124096e+19 3.809704230042201293e+19
4.143766625792761856e+19 4.144538930181494374e+19 4.161105275594546381e+19 4.183843722114845082e+19 4.218458296856575181e+19 4.259966560518355354e+19 4.300220618605547520e+19 4.337904134598828032e+19 4.370821170432487424e+19 4.397533214316645581e+19 4.418756151237122458e+19 3.809704230042202112e+19
4.143766625792763494e+19 4.144538930181495194e+19 4.161105275594546381e+19 4.183843722114845082e+19 4.218458296856575181e+19 4.259966560518355354e+19 4.300220618605547520e+19 4.337904134598828851e+19 4.370821170432487424e+19 4.397533214316646400e+19 4.418756151237122458e+19 3.809704230042202931e+19
4.143766625792763494e+19 4.144538930181496832e+19 4.161105275594546381e+19 4.183843722114845901e+19 4.218458296856576000e+19 4.259966560518355354e+19 4.300220618605547520e+19 4.337904134598828851e+19 4.370821170432489062e+19 4.397533214316644762e+19 4.418756151237122458e+19 3.809704230042202112e+19
4.143766625792762675e+19 4.144538930181496013e+19 4.161105275594545562e+19 4.183843722114844262e+19 4.218458296856576819e+19 4.259966560518354534e+19 4.300220618605548339e+19 4.337904134598829670e+19 4.370821170432488243e+19 4.397533214316643942e+19 4.418756151237120819e+19 3.809704230042202931e+19
4.143766625792761856e+19 4.144538930181494374e+19 4.161105275594547200e+19 4.183843722114845082e+19 4.218458296856576000e+19 4.259966560518354534e+19 4.300220618605550797e+19 4.337904134598828032e+19 4.370821170432490701e+19 4.397533214316643942e+19 4.418756151237121638e+19 3.809704230042203750e+19
4.143766625792762675e+19 4.144538930181494374e+19 4.161105275594546381e+19 4.183843722114844262e+19 4.218458296856573542e+19 4.259966560518353715e+19 4.300220618605550797e+19 4.337904134598828032e+19 4.370821170432491520e+19 4.397533214316646400e+19 4.418756151237121638e+19 3.809704230042202931e+19
4.143766625792761856e+19 4.144538930181493555e+19 4.161105275594545562e+19 4.183843722114844262e+19 4.218458296856575181e+19 4.259966560518352896e+19 4.300220618605549158e+19 4.337904134598828851e+19 4.370821170432489882e+19 4.397533214316647219e+19 4.418756151237123277e+19 3.809704230042202112e+19
4.143766625792761037e+19 4.144538930181494374e+19 4.161105275594544742e+19 4.183843722114844262e+19 4.218458296856575181e+19 4.259966560518352896e+19 4.300220618605547520e+19 4.337904134598828032e+19 4.370821170432490701e+19 4.397533214316649677e+19 4.418756151237123277e+19 3.809704230042202112e+19
4.143766625792761037e+19 4.144538930181495194e+19 4.161105275594543104e+19 4.183843722114846720e+19 4.218458296856576000e+19 4.259966560518355354e+19 4.300220618605548339e+19 4.337904134598828851e+19 4.370821170432489882e+19 4.397533214316648038e+19 4.418756151237123277e+19 3.809704230042202931e+19
4.143766625792760218e+19 4.144538930181496832e+19 4.161105275594542285e+19 4.183843722114848358e+19 4.218458296856577638e+19 4.259966560518354534e+19 4.300220618605549158e+19 4.337904134598829670e+19 4.370821170432488243e+19 4.397533214316649677e+19 4.418756151237123277e+19 3.809704230042201293e+19
4.143766625792759398e+19 4.144538930181495194e+19 4.161105275594541466e+19 4.183843722114848358e+19 4.218458296856578458e+19 4.259966560518354534e+19 4.300220618605547520e+19 4.337904134598829670e+19 4.370821170432489882e+19 4.397533214316649677e+19 4.418756151237122458e+19 3.809704230042201293e+19
4.143766625792760218e+19 4.144538930181496013e+19 4.161105275594541466e+19 4.183843722114847539e+19 4.218458296856577638e+19 4.259966560518353715e+19 4.300220618605549158e+19 4.337904134598829670e+19 4.370821170432489882e+19 4.397533214316649677e+19 4.418756151237122458e+19 3.809704230042202112e+19
4.143766625792760218e+19 4.144538930181496013e+19 4.161105275594543923e+19 4.183843722114847539e+19 4.218458296856577638e+19 4.259966560518352896e+19 4.300220618605550797e+19 4.337904134598829670e+19 4.370821170432489882e+19 4.397533214316649677e+19 4.418756151237122458e+19 3.809704230042202931e+19
4.143766625792761037e+19 4.144538930181493555e+19 4.161105275594543923e+19 4.183843722114846720e+19 4.218458296856579277e+19 4.259966560518351258e+19 4.300220618605550797e+19 4.337904134598828851e+19 4.370821170432489062e+19 4.397533214316647219e+19 4.418756151237120819e+19 3.809704230042202112e+19
4.143766625792761856e+19 4.144538930181494374e+19 4.161105275594544742e+19 4.183843722114847539e+19 4.218458296856580915e+19 4.259966560518352896e+19 4.300220618605551616e+19 4.337904134598831309e+19 4.370821170432490701e+19 4.397533214316649677e+19 4.418756151237124096e+19 3.809704230042202112e+19
4.143766625792762675e+19 4.144538930181492736e+19 4.161105275594543923e+19 4.183843722114847539e+19 4.218458296856582554e+19 4.259966560518353715e+19 4.300220618605552435e+19 4.337904134598830490e+19 4.370821170432489882e+19 4.397533214316650496e+19 4.418756151237124915e+19 3.809704230042202112e+19
4.143766625792762675e+19 4.144538930181491098e+19 4.161105275594543104e+19 4.183843722114846720e+19 4.218458296856580915e+19 4.259966560518352896e+19 4.300220618605553254e+19 4.337904134598830490e+19 4.370821170432490701e+19 4.397533214316650496e+19 4.418756151237123277e+19 3.809704230042203750e+19
4.143766625792762675e+19 4.144538930181493555e+19 4.161105275594543923e+19 4.183843722114847539e+19 4.218458296856578458e+19 4.259966560518353715e+19 4.300220618605553254e+19 4.337904134598831309e+19 4.370821170432490701e+19 4.397533214316652954e+19 4.418756151237124096e+19 3.809704230042203750e+19
4.143766625792762675e+19 4.144538930181494374e+19 4.161105275594544742e+19 4.183843722114848358e+19 4.218458296856577638e+19 4.259966560518354534e+19 4.300220618605553254e+19 4.337904134598832128e+19 4.370821170432489882e+19 4.397533214316652954e+19 4.418756151237124915e+19 3.809704230042202931e+19
4.143766625792761856e+19 4.144538930181493555e+19 4.161105275594545562e+19 4.183843722114848358e+19 4.218458296856576819e+19 4.259966560518355354e+19 4.300220618605554074e+19 4.337904134598832128e+19 4.370821170432489062e+19 4.397533214316651315e+19 4.418756151237124915e+19 3.809704230042202931e+19
4.143766625792760218e+19 4.144538930181491098e+19 4.161105275594546381e+19 4.183843722114846720e+19 4.218458296856578458e+19 4.259966560518353715e+19 4.300220618605557350e+19 4.337904134598831309e+19 4.370821170432487424e+19 4.397533214316652954e+19 4.418756151237125734e+19 3.809704230042202112e+19
4.143766625792758579e+19 4.144538930181492736e+19 4.161105275594545562e+19 4.183843722114846720e+19 4.218458296856580915e+19 4.259966560518352896e+19 4.300220618605556531e+19 4.337904134598830490e+19 4.370821170432486605e+19 4.397533214316654592e+19 4.418756151237128192e+19 3.809704230042201293e+19
4.143766625792759398e+19 4.144538930181492736e+19 4.161105275594545562e+19 4.183843722114845082e+19 4.218458296856581734e+19 4.259966560518352896e+19 4.300220618605556531e+19 4.337904134598830490e+19 4.370821170432484966e+19 4.397533214316652954e+19 4.418756151237127373e+19 3.809704230042199654e+19
4.143766625792760218e+19 4.144538930181492736e+19 4.161105275594545562e+19 4.183843722114845901e+19 4.218458296856580915e+19 4.259966560518352077e+19 4.300220618605557350e+19 4.337904134598831309e+19 4.370821170432485786e+19 4.397533214316652954e+19 4.418756151237126554e+19 3.809704230042200474e+19
4.143766625792761037e+19 4.144538930181493555e+19 4.161105275594545562e+19 4.183843722114847539e+19 4.218458296856580915e+19 4.259966560518349619e+19 4.300220618605556531e+19 4.337904134598832128e+19 4.370821170432486605e+19 4.397533214316653773e+19 4.418756151237126554e+19 3.809704230042202112e+19
4.143766625792761037e+19 4.144538930181493555e+19 4.161105275594544742e+19 4.183843722114846720e+19 4.218458296856580915e+19 4.259966560518351258e+19 4.300220618605557350e+19 4.337904134598831309e+19 4.370821170432486605e+19 4.397533214316653773e+19 4.418756151237125734e+19 3.809704230042202112e+19
4.143766625792759398e+19 4.144538930181495194e+19 4.161105275594543104e+19 4.183843722114845901e+19 4.218458296856580915e+19 4.259966560518351258e+19 4.300220618605557350e+19 4.337904134598831309e+19 4.370821170432486605e+19 4.397533214316652954e+19 4.418756151237125734e+19 3.809704230042202931e+19
4.143766625792759398e+19 4.144538930181496013e+19 4.161105275594541466e+19 4.183843722114845901e+19 4.218458296856580915e+19 4.259966560518352077e+19 4.300220618605556531e+19 4.337904134598831309e+19 4.370821170432487424e+19 4.397533214316654592e+19 4.418756151237126554e+19 3.809704230042203750e+19
4.143766625792759398e+19 4.144538930181494374e+19 4.161105275594542285e+19 4.183843722114845901e+19 4.218458296856580915e+19 4.259966560518350438e+19 4.300220618605557350e+19 4.337904134598832947e+19 4.370821170432488243e+19 4.397533214316652954e+19 4.418756151237124915e+19 3.809704230042203750e+19
4.143766625792760218e+19 4.144538930181495194e+19 4.161105275594539827e+19 4.183843722114845082e+19 4.218458296856580915e+19 4.259966560518351258e+19 4.300220618605555712e+19 4.337904134598832128e+19 4.370821170432488243e+19 4.397533214316652134e+19 4.418756151237127373e+19 3.809704230042202112e+19
4.143766625792761037e+19 4.144538930181496013e+19 4.161105275594539008e+19 4.183843722114845082e+19 4.218458296856581734e+19 4.259966560518351258e+19 4.300220618605556531e+19 4.337904134598832128e+19 4.370821170432486605e+19 4.397533214316650496e+19 4.418756151237126554e+19 3.809704230042202931e+19
4.143766625792762675e+19 4.144538930181496013e+19 4.161105275594538189e+19 4.183843722114845082e+19 4.218458296856582554e+19 4.259966560518351258e+19 4.300220618605558170e+19 4.337904134598830490e+19 4.370821170432485786e+19 4.397533214316649677e+19 4.418756151237126554e+19 3.809704230042201293e+19
4.143766625792761856e+19 4.144538930181496013e+19 4.161105275594539008e+19 4.183843722114843443e+19 4.218458296856585011e+19 4.259966560518350438e+19 4.300220618605557350e+19 4.337904134598828851e+19 4.370821170432484966e+19 4.397533214316648858e+19 4.418756151237127373e+19 3.809704230042200474e+19
4.143766625792761856e+19 4.144538930181496013e+19 4.161105275594536550e+19 4.183843722114845082e+19 4.218458296856585830e+19 4.259966560518351258e+19 4.300220618605557350e+19 4.337904134598827213e+19 4.370821170432484147e+19 4.397533214316647219e+19 4.418756151237128192e+19 3.809704230042198835e+19
4.143766625792762675e+19 4.144538930181495194e+19 4.161105275594535731e+19 4.183843722114846720e+19 4.218458296856585830e+19 4.259966560518351258e+19 4.300220618605558170e+19 4.337904134598826394e+19 4.370821170432483328e+19 4.397533214316645581e+19 4.418756151237127373e+19 3.809704230042198016e+19
4.143766625792762675e+19 4.144538930181493555e+19 4.161105275594535731e+19 4.183843722114846720e+19 4.218458296856584192e+19 4.259966560518352077e+19 4.300220618605558989e+19 4.337904134598826394e+19 4.370821170432485786e+19 4.397533214316645581e+19 4.418756151237127373e+19 3.809704230042194739e+19
4.143766625792761856e+19 4.144538930181495194e+19 4.161105275594535731e+19 4.183843722114847539e+19 4.218458296856585830e+19 4.259966560518350438e+19 4.300220618605558170e+19 4.337904134598825574e+19 4.370821170432486605e+19 4.397533214316645581e+19 4.418756151237126554e+19 3.809704230042195558e+19
4.143766625792762675e+19 4.144538930181495194e+19 4.161105275594536550e+19 4.183843722114847539e+19 4.218458296856588288e+19 4.259966560518351258e+19 4.300220618605558170e+19 4.337904134598824755e+19 4.370821170432485786e+19 4.397533214316645581e+19 4.418756151237124915e+19 3.809704230042197197e+19
4.143766625792761856e+19 4.144538930181493555e+19 4.161105275594539008e+19 4.183843722114848358e+19 4.218458296856589107e+19 4.259966560518351258e+19 4.300220618605558170e+19 4.337904134598823117e+19 4.370821170432486605e+19 4.397533214316645581e+19 4.418756151237124915e+19 3.809704230042197197e+19
4.143766625792761856e+19 4.144538930181492736e+19 4.161105275594537370e+19 4.183843722114849178e+19 4.218458296856588288e+19 4.259966560518353715e+19 4.300220618605558170e+19 4.337904134598823936e+19 4.370821170432486605e+19 4.397533214316645581e+19 4.418756151237127373e+19 3.809704230042198016e+19
4.143766625792762675e+19 4.144538930181491098e+19 4.161105275594538189e+19 4.183843722114845901e+19 4.218458296856585830e+19 4.259966560518353715e+19 4.300220618605558170e+19 4.337904134598823117e+19 4.370821170432486605e+19 4.397533214316649677e+19 4.418756151237128192e+19 3.809704230042199654e+19
4.143766625792762675e+19 4.144538930181489459e+19 4.161105275594536550e+19 4.183843722114845082e+19 4.218458296856585011e+19 4.259966560518354534e+19 4.300220618605560627e+19 4.337904134598822298e+19 4.370821170432486605e+19 4.397533214316650496e+19 4.418756151237128192e+19 3.809704230042200474e+19
4.143766625792760218e+19 4.144538930181491098e+19 4.161105275594534912e+19 4.183843722114843443e+19 4.218458296856585011e+19 4.259966560518354534e+19 4.300220618605562266e+19 4.337904134598823117e+19 4.370821170432486605e+19 4.397533214316652134e+19 4.418756151237127373e+19 3.809704230042200474e+19
4.143766625792758579e+19 4.144538930181490278e+19 4.161105275594534912e+19 4.183843722114841805e+19 4.218458296856585830e+19 4.259966560518354534e+19 4.300220618605561446e+19 4.337904134598820659e+19 4.370821170432484966e+19 4.397533214316652954e+19 4.418756151237126554e+19 3.809704230042200474e+19
4.143766625792757760e+19 4.144538930181491098e+19 4.161105275594535731e+19 4.183843722114842624e+19 4.218458296856585830e+19 4.259966560518353715e+19 4.300220618605559808e+19 4.337904134598822298e+19 4.370821170432483328e+19 4.397533214316651315e+19 4.418756151237127373e+19 3.809704230042198835e+19
4.143766625792758579e+19 4.144538930181490278e+19 4.161105275594536550e+19 4.183843722114845082e+19 4.218458296856586650e+19 4.259966560518352077e+19 4.300220618605559808e+19 4.337904134598823936e+19 4.370821170432484966e+19 4.397533214316652134e+19 4.418756151237126554e+19 3.809704230042197197e+19
4.143766625792756941e+19 4.144538930181489459e+19 4.161105275594538189e+19 4.183843722114844262e+19 4.218458296856588288e+19 4.259966560518352077e+19 4.300220618605559808e+19 4.337904134598824755e+19 4.370821170432485786e+19 4.397533214316649677e+19 4.418756151237125734e+19 3.809704230042196378e+19
4.143766625792756941e+19 4.144538930181491098e+19 4.161105275594537370e+19 4.183843722114844262e+19 4.218458296856589926e+19 4.259966560518350438e+19 4.300220618605561446e+19 4.337904134598822298e+19 4.370821170432484147e+19 4.397533214316651315e+19 4.418756151237127373e+19 3.809704230042193101e+19
4.143766625792758579e+19 4.144538930181491917e+19 4.161105275594536550e+19 4.183843722114844262e+19 4.218458296856589926e+19 4.259966560518348800e+19 4.300220618605563085e+19 4.337904134598823117e+19 4.370821170432484147e+19 4.397533214316652134e+19 4.418756151237127373e+19 3.809704230042192282e+19
4.143766625792757760e+19 4.144538930181491098e+19 4.161105275594537370e+19 4.183843722114845082e+19 4.218458296856591565e+19 4.259966560518350438e+19 4.300220618605563904e+19 4.337904134598823936e+19 4.370821170432484147e+19 4.397533214316652134e+19 4.418756151237127373e+19 3.809704230042193101e+19
4.143766625792758579e+19 4.144538930181491098e+19 4.161105275594538189e+19 4.183843722114843443e+19 4.218458296856592384e+19 4.259966560518351258e+19 4.300220618605561446e+19 4.337904134598822298e+19 4.370821170432485786e+19 4.397533214316652134e+19 4.418756151237128192e+19 3.809704230042192282e+19
4.143766625792759398e+19 4.144538930181491098e+19 4.161105275594539008e+19 4.183843722114844262e+19 4.218458296856592384e+19 4.259966560518350438e+19 4.300220618605561446e+19 4.337904134598821478e+19 4.370821170432485786e+19 4.397533214316652954e+19 4.418756151237128192e+19 3.809704230042193920e+19
4.143766625792758579e+19 4.144538930181491098e+19 4.161105275594539008e+19 4.183843722114845901e+19 4.218458296856594022e+19 4.259966560518350438e+19 4.300220618605560627e+19 4.337904134598820659e+19 4.370821170432484147e+19 4.397533214316652134e+19 4.418756151237128192e+19 3.809704230042193101e+19
4.143766625792758579e+19 4.144538930181491917e+19 4.161105275594539008e+19 4.183843722114845901e+19 4.218458296856593203e+19 4.259966560518350438e+19 4.300220618605560627e+19 4.337904134598818202e+19 4.370821170432482509e+19 4.397533214316652134e+19 4.418756151237129011e+19 3.809704230042193920e+19
4.143766625792759398e+19 4.144538930181493555e+19 4.161105275594539827e+19 4.183843722114845082e+19 4.218458296856590746e+19 4.259966560518349619e+19 4.300220618605561446e+19 4.337904134598816563e+19 4.370821170432481690e+19 4.397533214316653773e+19 4.418756151237129830e+19 3.809704230042194739e+19
4.143766625792760218e+19 4.144538930181492736e+19 4.161105275594540646e+19 4.183843722114845901e+19 4.218458296856591565e+19 4.259966560518348800e+19 4.300220618605559808e+19 4.337904134598817382e+19 4.370821170432483328e+19 4.397533214316654592e+19 4.418756151237130650e+19 3.809704230042193101e+19
4.143766625792760218e+19 4.144538930181493555e+19 4.161105275594540646e+19 4.183843722114846720e+19 4.218458296856589926e+19 4.259966560518349619e+19 4.300220618605559808e+19 4.337904134598819021e+19 4.370821170432482509e+19 4.397533214316655411e+19 4.418756151237131469e+19 3.809704230042192282e+19
4.143766625792761037e+19 4.144538930181495194e+19 4.161105275594539827e+19 4.183843722114845901e+19 4.218458296856589107e+19 4.259966560518349619e+19 4.300220618605560627e+19 4.337904134598820659e+19 4.370821170432482509e+19 4.397533214316652954e+19 4.418756151237131469e+19 3.809704230042192282e+19
4.143766625792762675e+19 4.144538930181494374e+19 4.161105275594538189e+19 4.183843722114845901e+19 4.218458296856588288e+19 4.259966560518349619e+19 4.300220618605562266e+19 4.337904134598821478e+19 4.370821170432480870e+19 4.397533214316652134e+19 4.418756151237129830e+19 3.809704230042190643e+19
4.143766625792761856e+19 4.144538930181494374e+19 4.161105275594539008e+19 4.183843722114846720e+19 4.218458296856587469e+19 4.259966560518349619e+19 4.300220618605563085e+19 4.337904134598820659e+19 4.370821170432484147e+19 4.397533214316651315e+19 4.418756151237129830e+19 3.809704230042189824e+19
4.143766625792762675e+19 4.144538930181493555e+19 4.161105275594540646e+19 4.183843722114846720e+19 4.218458296856589107e+19 4.259966560518349619e+19 4.300220618605561446e+19 4.337904134598823936e+19 4.370821170432481690e+19 4.397533214316652134e+19 4.418756151237130650e+19 3.809704230042189005e+19
4.143766625792761856e+19 4.144538930181496013e+19 4.161105275594540646e+19 4.183843722114845901e+19 4.218458296856589926e+19 4.259966560518348800e+19 4.300220618605562266e+19 4.337904134598822298e+19 4.370821170432478413e+19 4.397533214316652134e+19 4.418756151237132288e+19 3.809704230042189824e+19
4.143766625792761856e+19 4.144538930181495194e+19 4.161105275594540646e+19 4.183843722114845901e+19 4.218458296856591565e+19 4.259966560518349619e+19 4.300220618605561446e+19 4.337904134598822298e+19 4.370821170432478413e+19 4.397533214316651315e+19 4.418756151237133926e+19 3.809704230042189824e+19
4.143766625792761037e+19 4.144538930181493555e+19 4.161105275594538189e+19 4.183843722114845082e+19 4.218458296856593203e+19 4.259966560518348800e+19 4.300220618605562266e+19 4.337904134598823117e+19 4.370821170432477594e+19 4.397533214316651315e+19 4.418756151237134746e+19 3.809704230042189005e+19
4.143766625792760218e+19 4.144538930181494374e+19 4.161105275594539008e+19 4.183843722114844262e+19 4.218458296856592384e+19 4.259966560518347162e+19 4.300220618605562266e+19 4.337904134598821478e+19 4.370821170432475955e+19 4.397533214316650496e+19 4.418756151237134746e+19 3.809704230042188186e+19
4.143766625792760218e+19 4.144538930181494374e+19 4.161105275594539827e+19 4.183843722114842624e+19 4.218458296856591565e+19 4.259966560518346342e+19 4.300220618605561446e+19 4.337904134598821478e+19 4.370821170432476774e+19 4.397533214316651315e+19 4.418756151237135565e+19 3.809704230042189005e+19
4.143766625792761856e+19 4.144538930181495194e+19 4.161105275594540646e+19 4.183843722114840986e+19 4.218458296856590746e+19 4.259966560518346342e+19 4.300220618605558989e+19 4.337904134598824755e+19 4.370821170432477594e+19 4.397533214316650496e+19 4.418756151237135565e+19 3.809704230042187366e+19
4.143766625792761856e+19 4.144538930181495194e+19 4.161105275594539827e+19 4.183843722114842624e+19 4.218458296856589926e+19 4.259966560518344704e+19 4.300220618605559808e+19 4.337904134598826394e+19 4.370821170432480051e+19 4.397533214316651315e+19 4.418756151237137203e+19 3.809704230042188186e+19
4.143766625792761037e+19 4.144538930181495194e+19 4.161105275594539827e+19 4.183843722114842624e+19 4.218458296856589107e+19 4.259966560518345523e+19 4.300220618605559808e+19 4.337904134598825574e+19 4.370821170432479232e+19 4.397533214316652134e+19 4.418756151237137203e+19 3.809704230042188186e+19
4.143766625792760218e+19 4.144538930181494374e+19 4.161105275594539827e+19 4.183843722114841805e+19 4.218458296856590746e+19 4.259966560518346342e+19 4.300220618605561446e+19 4.337904134598825574e+19 4.370821170432479232e+19 4.397533214316653773e+19 4.418756151237138022e+19 3.809704230042186547e+19
4.143766625792761856e+19 4.144538930181494374e+19 4.161105275594541466e+19 4.183843722114844262e+19 4.218458296856591565e+19 4.259966560518346342e+19 4.300220618605559808e+19 4.337904134598826394e+19 4.370821170432477594e+19 4.397533214316655411e+19 4.418756151237138022e+19 3.809704230042188186e+19
4.143766625792761037e+19 4.144538930181495194e+19 4.161105275594543104e+19 4.183843722114843443e+19 4.218458296856593203e+19 4.259966560518347162e+19 4.300220618605560627e+19 4.337904134598828032e+19 4.370821170432478413e+19 4.397533214316654592e+19 4.418756151237138022e+19 3.809704230042189824e+19
4.143766625792759398e+19 4.144538930181492736e+19 4.161105275594542285e+19 4.183843722114841805e+19 4.218458296856594022e+19 4.259966560518347162e+19 4.300220618605558989e+19 4.337904134598829670e+19 4.370821170432477594e+19 4.397533214316654592e+19 4.418756151237138842e+19 3.809704230042189005e+19
4.143766625792757760e+19 4.144538930181492736e+19 4.161105275594542285e+19 4.183843722114841805e+19 4.218458296856594022e+19 4.259966560518347162e+19 4.300220618605558170e+19 4.337904134598828851e+19 4.370821170432473498e+19 4.397533214316655411e+19 4.418756151237139661e+19 3.809704230042191462e+19
4.143766625792757760e+19 4.144538930181490278e+19 4.161105275594543104e+19 4.183843722114841805e+19 4.218458296856594842e+19 4.259966560518347162e+19 4.300220618605559808e+19 4.337904134598828032e+19 4.370821170432471859e+19 4.397533214316655411e+19 4.418756151237140480e+19 3.809704230042191462e+19
4.143766625792757760e+19 4.144538930181490278e+19 4.161105275594543104e+19 4.183843722114840986e+19 4.218458296856593203e+19 4.259966560518348800e+19 4.300220618605560627e+19 4.337904134598828032e+19 4.370821170432471859e+19 4.397533214316654592e+19 4.418756151237140480e+19 3.809704230042192282e+19
4.143766625792757760e+19 4.144538930181489459e+19 4.161105275594544742e+19 4.183843722114839347e+19 4.218458296856592384e+19 4.259966560518349619e+19 4.300220618605558989e+19 4.337904134598828851e+19 4.370821170432469402e+19 4.397533214316654592e+19 4.418756151237140480e+19 3.809704230042192282e+19
4.143766625792759398e+19 4.144538930181488640e+19 4.161105275594543104e+19 4.183843722114838528e+19 4.218458296856592384e+19 4.259966560518350438e+19 4.300220618605558989e+19 4.337904134598828851e+19 4.370821170432470221e+19 4.397533214316654592e+19 4.418756151237140480e+19 3.809704230042193101e+19
4.143766625792759398e+19 4.144538930181487821e+19 4.161105275594544742e+19 4.183843722114838528e+19 4.218458296856591565e+19 4.259966560518351258e+19 4.300220618605557350e+19 4.337904134598827213e+19 4.370821170432471859e+19 4.397533214316652134e+19 4.418756151237138842e+19 3.809704230042193101e+19
4.143766625792759398e+19 4.144538930181488640e+19 4.161105275594544742e+19 4.183843722114837709e+19 4.218458296856591565e+19 4.259966560518352077e+19 4.300220618605557350e+19 4.337904134598827213e+19 4.370821170432471040e+19 4.397533214316652954e+19 4.418756151237138022e+19 3.809704230042192282e+19
4.143766625792760218e+19 4.144538930181488640e+19 4.161105275594545562e+19 4.183843722114836890e+19 4.218458296856592384e+19 4.259966560518350438e+19 4.300220618605558170e+19 4.337904134598828032e+19 4.370821170432469402e+19 4.397533214316652134e+19 4.418756151237138022e+19 3.809704230042191462e+19
4.143766625792758579e+19 4.144538930181488640e+19 4.161105275594544742e+19 4.183843722114836890e+19 4.218458296856593203e+19 4.259966560518350438e+19 4.300220618605558989e+19 4.337904134598826394e+19 4.370821170432471040e+19 4.397533214316653773e+19 4.418756151237138022e+19 3.809704230042193101e+19
4.143766625792757760e+19 4.144538930181488640e+19 4.161105275594543923e+19 4.183843722114838528e+19 4.218458296856594022e+19 4.259966560518349619e+19 4.300220618605558989e+19 4.337904134598825574e+19 4.370821170432472678e+19 4.397533214316653773e+19 4.418756151237138842e+19 3.809704230042195558e+19
4.143766625792757760e+19 4.144538930181488640e+19 4.161105275594543104e+19 4.183843722114838528e+19 4.218458296856595661e+19 4.259966560518347981e+19 4.300220618605558989e+19 4.337904134598824755e+19 4.370821170432472678e+19 4.397533214316654592e+19 4.418756151237138842e+19 3.809704230042194739e+19
4.143766625792757760e+19 4.144538930181488640e+19 4.161105275594543923e+19 4.183843722114836890e+19 4.218458296856598118e+19 4.259966560518346342e+19 4.300220618605557350e+19 4.337904134598824755e+19 4.370821170432473498e+19 4.397533214316653773e+19 4.418756151237137203e+19 3.809704230042195558e+19
4.143766625792756122e+19 4.144538930181487821e+19 4.161105275594543923e+19 4.183843722114836070e+19 4.218458296856597299e+19 4.259966560518346342e+19 4.300220618605556531e+19 4.337904134598821478e+19 4.370821170432474317e+19 4.397533214316652134e+19 4.418756151237137203e+19 3.809704230042195558e+19
4.143766625792755302e+19 4.144538930181489459e+19 4.161105275594543923e+19 4.183843722114834432e+19 4.218458296856598118e+19 4.259966560518347162e+19 4.300220618605556531e+19 4.337904134598820659e+19 4.370821170432474317e+19 4.397533214316652134e+19 4.418756151237138842e+19 3.809704230042194739e+19
4.143766625792754483e+19 4.144538930181491098e+19 4.161105275594542285e+19 4.183843722114833613e+19 4.218458296856598118e+19 4.259966560518346342e+19 4.300220618605558989e+19 4.337904134598819840e+19 4.370821170432474317e+19 4.397533214316653773e+19 4.418756151237142118e+19 3.809704230042195558e+19
4.143766625792753664e+19 4.144538930181491917e+19 4.161105275594539827e+19 4.183843722114831974e+19 4.218458296856599757e+19 4.259966560518345523e+19 4.300220618605556531e+19 4.337904134598819021e+19 4.370821170432474317e+19 4.397533214316654592e+19 4.418756151237140480e+19 3.809704230042194739e+19
4.143766625792755302e+19 4.144538930181490278e+19 4.161105275594539008e+19 4.183843722114831155e+19 4.218458296856600576e+19 4.259966560518346342e+19 4.300220618605555712e+19 4.337904134598819840e+19 4.370821170432472678e+19 4.397533214316652954e+19 4.418756151237140480e+19 3.809704230042196378e+19
4.143766625792754483e+19 4.144538930181491917e+19 4.161105275594537370e+19 4.183843722114831974e+19 4.218458296856601395e+19 4.259966560518346342e+19 4.300220618605558989e+19 4.337904134598819840e+19 4.370821170432471859e+19 4.397533214316652954e+19 4.418756151237138842e+19 3.809704230042193101e+19
4.143766625792753664e+19 4.144538930181491098e+19 4.161105275594536550e+19 4.183843722114831974e+19 4.218458296856600576e+19 4.259966560518345523e+19 4.300220618605559808e+19 4.337904134598819840e+19 4.370821170432471040e+19 4.397533214316652954e+19 4.418756151237138022e+19 3.809704230042195558e+19
4.143766625792753664e+19 4.144538930181489459e+19 4.161105275594538189e+19 4.183843722114832794e+19 4.218458296856599757e+19 4.259966560518343885e+19 4.300220618605559808e+19 4.337904134598818202e+19 4.370821170432469402e+19 4.397533214316652134e+19 4.418756151237137203e+19 3.809704230042193920e+19
4.143766625792752845e+19 4.144538930181488640e+19 4.161105275594538189e+19 4.183843722114831974e+19 4.218458296856599757e+19 4.259966560518347162e+19 4.300220618605559808e+19 4.337904134598819021e+19 4.370821170432469402e+19 4.397533214316652134e+19 4.418756151237137203e+19 3.809704230042193101e+19
4.143766625792753664e+19 4.144538930181491098e+19 4.161105275594539008e+19 4.183843722114831974e+19 4.218458296856598938e+19 4.259966560518346342e+19 4.300220618605558989e+19 4.337904134598819840e+19 4.370821170432469402e+19 4.397533214316652954e+19 4.418756151237135565e+19 3.809704230042193920e+19
4.143766625792753664e+19 4.144538930181488640e+19 4.161105275594540646e+19 4.183843722114831974e+19 4.218458296856599757e+19 4.259966560518347162e+19 4.300220618605559808e+19 4.337904134598820659e+19 4.370821170432469402e+19 4.397533214316652134e+19 4.418756151237137203e+19 3.809704230042194739e+19
4.143766625792754483e+19 4.144538930181487002e+19 4.161105275594538189e+19 4.183843722114832794e+19 4.218458296856599757e+19 4.259966560518347162e+19 4.300220618605558989e+19 4.337904134598818202e+19 4.370821170432470221e+19 4.397533214316652134e+19 4.418756151237137203e+19 3.809704230042195558e+19
4.143766625792754483e+19 4.144538930181488640e+19 4.161105275594536550e+19 4.183843722114832794e+19 4.218458296856598938e+19 4.259966560518347162e+19 4.300220618605558170e+19 4.337904134598817382e+19 4.370821170432468582e+19 4.397533214316650496e+19 4.418756151237138842e+19 3.809704230042197197e+19
4.143766625792755302e+19 4.144538930181487821e+19 4.161105275594537370e+19 4.183843722114831974e+19 4.218458296856599757e+19 4.259966560518346342e+19 4.300220618605558170e+19 4.337904134598816563e+19 4.370821170432471040e+19 4.397533214316649677e+19 4.418756151237140480e+19 3.809704230042196378e+19
4.143766625792754483e+19 4.144538930181488640e+19 4.161105275594536550e+19 4.183843722114831974e+19 4.218458296856598938e+19 4.259966560518346342e+19 4.300220618605558170e+19 4.337904134598814925e+19 4.370821170432472678e+19 4.397533214316650496e+19 4.418756151237139661e+19 3.809704230042196378e+19
4.143766625792754483e+19 4.144538930181487002e+19 4.161105275594534093e+19 4.183843722114833613e+19 4.218458296856599757e+19 4.259966560518345523e+19 4.300220618605556531e+19 4.337904134598813286e+19 4.370821170432472678e+19 4.397533214316652954e+19 4.418756151237138022e+19 3.809704230042195558e+19
4.143766625792753664e+19 4.144538930181488640e+19 4.161105275594535731e+19 4.183843722114833613e+19 4.218458296856601395e+19 4.259966560518345523e+19 4.300220618605557350e+19 4.337904134598815744e+19 4.370821170432472678e+19 4.397533214316652954e+19 4.418756151237137203e+19 3.809704230042193920e+19
4.143766625792753664e+19 4.144538930181487002e+19 4.161105275594536550e+19 4.183843722114833613e+19 4.218458296856600576e+19 4.259966560518347162e+19 4.300220618605558170e+19 4.337904134598815744e+19 4.370821170432472678e+19 4.397533214316654592e+19 4.418756151237134746e+19 3.809704230042193101e+19
4.143766625792754483e+19 4.144538930181488640e+19 4.161105275594535731e+19 4.183843722114833613e+19 4.218458296856602214e+19 4.259966560518347162e+19 4.300220618605558170e+19 4.337904134598813286e+19 4.370821170432471040e+19 4.397533214316654592e+19 4.418756151237134746e+19 3.809704230042193920e+19
4.143766625792755302e+19 4.144538930181489459e+19 4.161105275594536550e+19 4.183843722114834432e+19 4.218458296856602214e+19 4.259966560518347162e+19 4.300220618605559808e+19 4.337904134598813286e+19 4.370821170432472678e+19 4.397533214316655411e+19 4.418756151237133926e+19 3.809704230042193920e+19
4.143766625792754483e+19 4.144538930181487821e+19 4.161105275594536550e+19 4.183843722114836890e+19 4.218458296856603034e+19 4.259966560518344704e+19 4.300220618605561446e+19 4.337904134598812467e+19 4.370821170432473498e+19 4.397533214316653773e+19 4.418756151237133107e+19 3.809704230042194739e+19
4.143766625792752845e+19 4.144538930181487002e+19 4.161105275594535731e+19 4.183843722114837709e+19 4.218458296856603853e+19 4.259966560518343885e+19 4.300220618605561446e+19 4.337904134598814925e+19 4.370821170432471859e+19 4.397533214316655411e+19 4.418756151237133107e+19 3.809704230042195558e+19
4.143766625792752026e+19 4.144538930181488640e+19 4.161105275594535731e+19 4.183843722114837709e+19 4.218458296856603034e+19 4.259966560518344704e+19 4.300220618605560627e+19 4.337904134598814106e+19 4.370821170432471859e+19 4.397533214316655411e+19 4.418756151237133107e+19 3.809704230042197197e+19
4.143766625792750387e+19 4.144538930181487002e+19 4.161105275594535731e+19 4.183843722114836890e+19 4.218458296856600576e+19 4.259966560518347162e+19 4.300220618605562266e+19 4.337904134598813286e+19 4.370821170432472678e+19 4.397533214316657050e+19 4.418756151237132288e+19 3.809704230042198016e+19
4.143766625792749568e+19 4.144538930181488640e+19 4.161105275594534912e+19 4.183843722114837709e+19 4.218458296856598938e+19 4.259966560518347981e+19 4.300220618605562266e+19 4.337904134598815744e+19 4.370821170432472678e+19 4.397533214316657050e+19 4.418756151237133107e+19 3.809704230042196378e+19
4.143766625792749568e+19 4.144538930181489459e+19 4.161105275594534093e+19 4.183843722114837709e+19 4.218458296856599757e+19 4.259966560518348800e+19 4.300220618605564723e+19 4.337904134598815744e+19 4.370821170432475136e+19 4.397533214316655411e+19 4.418756151237133107e+19 3.809704230042195558e+19
4.143766625792749568e+19 4.144538930181490278e+19 4.161105275594534093e+19 4.183843722114837709e+19 4.218458296856601395e+19 4.259966560518350438e+19 4.300220618605564723e+19 4.337904134598817382e+19 4.370821170432473498e+19 4.397533214316656230e+19 4.418756151237134746e+19 3.809704230042195558e+19
4.143766625792746291e+19 4.144538930181489459e+19 4.161105275594534912e+19 4.183843722114841805e+19 4.218458296856601395e+19 4.259966560518351258e+19 4.300220618605562266e+19 4.337904134598816563e+19 4.370821170432475955e+19 4.397533214316656230e+19 4.418756151237135565e+19 3.809704230042195558e+19
4.143766625792746291e+19 4.144538930181490278e+19 4.161105275594534912e+19 4.183843722114841805e+19 4.218458296856602214e+19 4.259966560518349619e+19 4.300220618605562266e+19 4.337904134598817382e+19 4.370821170432474317e+19 4.397533214316657050e+19 4.418756151237134746e+19 3.809704230042194739e+19
4.143766625792747930e+19 4.144538930181491098e+19 4.161105275594534093e+19 4.183843722114842624e+19 4.218458296856602214e+19 4.259966560518350438e+19 4.300220618605561446e+19 4.337904134598817382e+19 4.370821170432474317e+19 4.397533214316658688e+19 4.418756151237135565e+19 3.809704230042193101e+19
4.143766625792749568e+19 4.144538930181491917e+19 4.161105275594534912e+19 4.183843722114842624e+19 4.218458296856602214e+19 4.259966560518352077e+19 4.300220618605562266e+19 4.337904134598819021e+19 4.370821170432473498e+19 4.397533214316658688e+19 4.418756151237134746e+19 3.809704230042193920e+19
4.143766625792749568e+19 4.144538930181491917e+19 4.161105275594534912e+19 4.183843722114844262e+19 4.218458296856602214e+19 4.259966560518349619e+19 4.300220618605562266e+19 4.337904134598819021e+19 4.370821170432471859e+19 4.397533214316656230e+19 4.418756151237132288e+19 3.809704230042193920e+19
4.143766625792748749e+19 4.144538930181491917e+19 4.161105275594535731e+19 4.183843722114845901e+19 4.218458296856603853e+19 4.259966560518350438e+19 4.300220618605562266e+19 4.337904134598818202e+19 4.370821170432471859e+19 4.397533214316656230e+19 4.418756151237130650e+19 3.809704230042194739e+19
4.143766625792750387e+19 4.144538930181492736e+19 4.161105275594534912e+19 4.183843722114845901e+19 4.218458296856604672e+19 4.259966560518351258e+19 4.300220618605561446e+19 4.337904134598817382e+19 4.370821170432471859e+19 4.397533214316655411e+19 4.418756151237129830e+19 3.809704230042194739e+19
4.143766625792751206e+19 4.144538930181491098e+19 4.161105275594535731e+19 4.183843722114845901e+19 4.218458296856603853e+19 4.259966560518352077e+19 4.300220618605561446e+19 4.337904134598816563e+19 4.370821170432472678e+19 4.397533214316656230e+19 4.418756151237132288e+19 3.809704230042193920e+19
4.143766625792752026e+19 4.144538930181492736e+19 4.161105275594537370e+19 4.183843722114847539e+19 4.218458296856603034e+19 4.259966560518352896e+19 4.300220618605560627e+19 4.337904134598816563e+19 4.370821170432470221e+19 4.397533214316654592e+19 4.418756151237130650e+19 3.809704230042192282e+19
4.143766625792750387e+19 4.144538930181492736e+19 4.161105275594538189e+19 4.183843722114845901e+19 4.218458296856603034e+19 4.259966560518351258e+19 4.300220618605558170e+19 4.337904134598815744e+19 4.370821170432471040e+19 4.397533214316654592e+19 4.418756151237130650e+19 3.809704230042190643e+19
4.143766625792748749e+19 4.144538930181492736e+19 4.161105275594536550e+19 4.183843722114844262e+19 4.218458296856601395e+19 4.259966560518352896e+19 4.300220618605558170e+19 4.337904134598814106e+19 4.370821170432472678e+19 4.397533214316654592e+19 4.418756151237132288e+19 3.809704230042190643e+19
4.143766625792747930e+19 4.144538930181492736e+19 4.161105275594538189e+19 4.183843722114844262e+19 4.218458296856603034e+19 4.259966560518353715e+19 4.300220618605558170e+19 4.337904134598815744e+19 4.370821170432471859e+19 4.397533214316657869e+19 4.418756151237130650e+19 3.809704230042189824e+19
4.143766625792749568e+19 4.144538930181495194e+19 4.161105275594535731e+19 4.183843722114842624e+19 4.218458296856603853e+19 4.259966560518351258e+19 4.300220618605558989e+19 4.337904134598816563e+19 4.370821170432474317e+19 4.397533214316657869e+19 4.418756151237131469e+19 3.809704230042191462e+19
4.143766625792749568e+19 4.144538930181494374e+19 4.161105275594535731e+19 4.183843722114842624e+19 4.218458296856604672e+19 4.259966560518350438e+19 4.300220618605558170e+19 4.337904134598818202e+19 4.370821170432475136e+19 4.397533214316657869e+19 4.418756151237129830e+19 3.809704230042189824e+19
4.143766625792749568e+19 4.144538930181494374e+19 4.161105275594535731e+19 4.183843722114841805e+19 4.218458296856605491e+19 4.259966560518351258e+19 4.300220618605558989e+19 4.337904134598821478e+19 4.370821170432475955e+19 4.397533214316656230e+19 4.418756151237129011e+19 3.809704230042190643e+19
4.143766625792748749e+19 4.144538930181494374e+19 4.161105275594536550e+19 4.183843722114843443e+19 4.218458296856605491e+19 4.259966560518352896e+19 4.300220618605557350e+19 4.337904134598821478e+19 4.370821170432475136e+19 4.397533214316658688e+19 4.418756151237127373e+19 3.809704230042189824e+19
4.143766625792748749e+19 4.144538930181494374e+19 4.161105275594536550e+19 4.183843722114843443e+19 4.218458296856605491e+19 4.259966560518352077e+19 4.300220618605558989e+19 4.337904134598820659e+19 4.370821170432475955e+19 4.397533214316657869e+19 4.418756151237128192e+19 3.809704230042190643e+19
4.143766625792750387e+19 4.144538930181494374e+19 4.161105275594537370e+19 4.183843722114842624e+19 4.218458296856605491e+19 4.259966560518352077e+19 4.300220618605558989e+19 4.337904134598819840e+19 4.370821170432475136e+19 4.397533214316655411e+19 4.418756151237128192e+19 3.809704230042191462e+19
4.143766625792749568e+19 4.144538930181492736e+19 4.161105275594539008e+19 4.183843722114842624e+19 4.218458296856603853e+19 4.259966560518350438e+19 4.300220618605560627e+19 4.337904134598820659e+19 4.370821170432477594e+19 4.397533214316656230e+19 4.418756151237130650e+19 3.809704230042190643e+19
4.143766625792750387e+19 4.144538930181495194e+19 4.161105275594537370e+19 4.183843722114842624e+19 4.218458296856602214e+19 4.259966560518349619e+19 4.300220618605559808e+19 4.337904134598819021e+19 4.370821170432478413e+19 4.397533214316656230e+19 4.418756151237129830e+19 3.809704230042189824e+19
4.143766625792751206e+19 4.144538930181496013e+19 4.161105275594537370e+19 4.183843722114841805e+19 4.218458296856602214e+19 4.259966560518352077e+19 4.300220618605559808e+19 4.337904134598820659e+19 4.370821170432478413e+19 4.397533214316654592e+19 4.418756151237129830e+19 3.809704230042189824e+19
4.143766625792752845e+19 4.144538930181494374e+19 4.161105275594536550e+19 4.183843722114843443e+19 4.218458296856601395e+19 4.259966560518352896e+19 4.300220618605562266e+19 4.337904134598820659e+19 4.370821170432476774e+19 4.397533214316652134e+19 4.418756151237130650e+19 3.809704230042189005e+19
4.143766625792753664e+19 4.144538930181492736e+19 4.161105275594535731e+19 4.183843722114842624e+19 4.218458296856602214e+19 4.259966560518351258e+19 4.300220618605560627e+19 4.337904134598820659e+19 4.370821170432475136e+19 4.397533214316651315e+19 4.418756151237133107e+19 3.809704230042187366e+19
4.143766625792753664e+19 4.144538930181492736e+19 4.161105275594536550e+19 4.183843722114842624e+19 4.218458296856602214e+19 4.259966560518349619e+19 4.300220618605560627e+19 4.337904134598821478e+19 4.370821170432476774e+19 4.397533214316652134e+19 4.418756151237132288e+19 3.809704230042188186e+19
4.143766625792752845e+19 4.144538930181491917e+19 4.161105275594537370e+19 4.183843722114842624e+19 4.218458296856602214e+19 4.259966560518350438e+19 4.300220618605560627e+19 4.337904134598818202e+19 4.370821170432476774e+19 4.397533214316651315e+19 4.418756151237133107e+19 3.809704230042188186e+19
4.143766625792752845e+19 4.144538930181491917e+19 4.161105275594536550e+19 4.183843722114844262e+19 4.218458296856602214e+19 4.259966560518351258e+19 4.300220618605562266e+19 4.337904134598818202e+19 4.370821170432475136e+19 4.397533214316651315e+19 4.418756151237133107e+19 3.809704230042189005e+19
4.143766625792755302e+19 4.144538930181489459e+19 4.161105275594539008e+19 4.183843722114843443e+19 4.218458296856603034e+19 4.259966560518350438e+19 4.300220618605560627e+19 4.337904134598818202e+19 4.370821170432475955e+19 4.397533214316649677e+19 4.418756151237131469e+19 3.809704230042188186e+19
4.143766625792755302e+19 4.144538930181488640e+19 4.161105275594537370e+19 4.183843722114845901e+19 4.218458296856603034e+19 4.259966560518349619e+19 4.300220618605561446e+19 4.337904134598816563e+19 4.370821170432475136e+19 4.397533214316650496e+19 4.418756151237133926e+19 3.809704230042189824e+19
4.143766625792756122e+19 4.144538930181489459e+19 4.161105275594535731e+19 4.183843722114845901e+19 4.218458296856603034e+19 4.259966560518350438e+19 4.300220618605561446e+19 4.337904134598819021e+19 4.370821170432474317e+19 4.397533214316651315e+19 4.418756151237134746e+19 3.809704230042190643e+19
4.143766625792756941e+19 4.144538930181488640e+19 4.161105275594536550e+19 4.183843722114847539e+19 4.218458296856603034e+19 4.259966560518348800e+19 4.300220618605561446e+19 4.337904134598818202e+19 4.370821170432475955e+19 4.397533214316650496e+19 4.418756151237137203e+19 3.809704230042189005e+19
4.143766625792756941e+19 4.144538930181489459e+19 4.161105275594534912e+19 4.183843722114847539e+19 4.218458296856601395e+19 4.259966560518349619e+19 4.300220618605563085e+19 4.337904134598816563e+19 4.370821170432475955e+19 4.397533214316650496e+19 4.418756151237138022e+19 3.809704230042188186e+19
4.143766625792755302e+19 4.144538930181488640e+19 4.161105275594535731e+19 4.183843722114847539e+19 4.218458296856600576e+19 4.259966560518350438e+19 4.300220618605562266e+19 4.337904134598816563e+19 4.370821170432475955e+19 4.397533214316650496e+19 4.418756151237138022e+19 3.809704230042187366e+19
4.143766625792755302e+19 4.144538930181490278e+19 4.161105275594536550e+19 4.183843722114848358e+19 4.218458296856599757e+19 4.259966560518348800e+19 4.300220618605563904e+19 4.337904134598816563e+19 4.370821170432476774e+19 4.397533214316651315e+19 4.418756151237138842e+19 3.809704230042189824e+19
4.143766625792755302e+19 4.144538930181491098e+19 4.161105275594536550e+19 4.183843722114847539e+19 4.218458296856599757e+19 4.259966560518349619e+19 4.300220618605566362e+19 4.337904134598815744e+19 4.370821170432475955e+19 4.397533214316652954e+19 4.418756151237137203e+19 3.809704230042190643e+19
4.143766625792754483e+19 4.144538930181491098e+19 4.161105275594535731e+19 4.183843722114848358e+19 4.218458296856600576e+19 4.259966560518349619e+19 4.300220618605563085e+19 4.337904134598817382e+19 4.370821170432476774e+19 4.397533214316652954e+19 4.418756151237138022e+19 3.809704230042190643e+19
4.143766625792755302e+19 4.144538930181491917e+19 4.161105275594535731e+19 4.183843722114846720e+19 4.218458296856600576e+19 4.259966560518348800e+19 4.300220618605561446e+19 4.337904134598815744e+19 4.370821170432476774e+19 4.397533214316653773e+19 4.418756151237138842e+19 3.809704230042191462e+19
4.143766625792755302e+19 4.144538930181492736e+19 4.161105275594534093e+19 4.183843722114846720e+19 4.218458296856600576e+19 4.259966560518348800e+19 4.300220618605562266e+19 4.337904134598815744e+19 4.370821170432475955e+19 4.397533214316652954e+19 4.418756151237140480e+19 3.809704230042191462e+19
4.143766625792753664e+19 4.144538930181492736e+19 4.161105275594534912e+19 4.183843722114847539e+19 4.218458296856601395e+19 4.259966560518347981e+19 4.300220618605561446e+19 4.337904134598815744e+19 4.370821170432475136e+19 4.397533214316652954e+19 4.418756151237140480e+19 3.809704230042193101e+19
4.143766625792751206e+19 4.144538930181495194e+19 4.161105275594534912e+19 4.183843722114846720e+19 4.218458296856599757e+19 4.259966560518348800e+19 4.300220618605558989e+19 4.337904134598815744e+19 4.370821170432475136e+19 4.397533214316655411e+19 4.418756151237140480e+19 3.809704230042193101e+19
4.143766625792751206e+19 4.144538930181496832e+19 4.161105275594534912e+19 4.183843722114846720e+19 4.218458296856600576e+19 4.259966560518349619e+19 4.300220618605558170e+19 4.337904134598815744e+19 4.370821170432474317e+19 4.397533214316654592e+19 4.418756151237139661e+19 3.809704230042193920e+19
4.143766625792752026e+19 4.144538930181495194e+19 4.161105275594535731e+19 4.183843722114846720e+19 4.218458296856599757e+19 4.259966560518351258e+19 4.300220618605556531e+19 4.337904134598816563e+19 4.370821170432473498e+19 4.397533214316652954e+19 4.418756151237138842e+19 3.809704230042193101e+19
4.143766625792754483e+19 4.144538930181495194e+19 4.161105275594534912e+19 4.183843722114846720e+19 4.218458296856598938e+19 4.259966560518350438e+19 4.300220618605554074e+19 4.337904134598815744e+19 4.370821170432474317e+19 4.397533214316654592e+19 4.418756151237141299e+19 3.809704230042193920e+19
4.143766625792755302e+19 4.144538930181494374e+19 4.161105275594533274e+19 4.183843722114845901e+19 4.218458296856598938e+19 4.259966560518352896e+19 4.300220618605552435e+19 4.337904134598815744e+19 4.370821170432475136e+19 4.397533214316652954e+19 4.418756151237140480e+19 3.809704230042190643e+19
4.143766625792753664e+19 4.144538930181495194e+19 4.161105275594533274e+19 4.183843722114845901e+19 4.218458296856598938e+19 4.259966560518352896e+19 4.300220618605554074e+19 4.337904134598816563e+19 4.370821170432475955e+19 4.397533214316654592e+19 4.418756151237140480e+19 3.809704230042189005e+19
4.143766625792754483e+19 4.144538930181495194e+19 4.161105275594532454e+19 4.183843722114845082e+19 4.218458296856596480e+19 4.259966560518351258e+19 4.300220618605555712e+19 4.337904134598818202e+19 4.370821170432474317e+19 4.397533214316652954e+19 4.418756151237139661e+19 3.809704230042190643e+19
4.143766625792756122e+19 4.144538930181495194e+19 4.161105275594533274e+19 4.183843722114845082e+19 4.218458296856596480e+19 4.259966560518350438e+19 4.300220618605555712e+19 4.337904134598819021e+19 4.370821170432473498e+19 4.397533214316652954e+19 4.418756151237138022e+19 3.809704230042191462e+19
4.143766625792756941e+19 4.144538930181497651e+19 4.161105275594533274e+19 4.183843722114845082e+19 4.218458296856596480e+19 4.259966560518351258e+19 4.300220618605557350e+19 4.337904134598819840e+19 4.370821170432474317e+19 4.397533214316652954e+19 4.418756151237138842e+19 3.809704230042190643e+19
4.143766625792756122e+19 4.144538930181497651e+19 4.161105275594533274e+19 4.183843722114845082e+19 4.218458296856596480e+19 4.259966560518352077e+19 4.300220618605557350e+19 4.337904134598820659e+19 4.370821170432472678e+19 4.397533214316652954e+19 4.418756151237139661e+19 3.809704230042192282e+19
4.143766625792757760e+19 4.144538930181496832e+19 4.161105275594533274e+19 4.183843722114845082e+19 4.218458296856596480e+19 4.259966560518352077e+19 4.300220618605558170e+19 4.337904134598820659e+19 4.370821170432471859e+19 4.397533214316652954e+19 4.418756151237138842e+19 3.809704230042192282e+19
4.143766625792755302e+19 4.144538930181496013e+19 4.161105275594532454e+19 4.183843722114845901e+19 4.218458296856595661e+19 4.259966560518352896e+19 4.300220618605558170e+19 4.337904134598819840e+19 4.370821170432472678e+19 4.397533214316652954e+19 4.418756151237140480e+19 3.809704230042192282e+19
4.143766625792755302e+19 4.144538930181496832e+19 4.161105275594532454e+19 4.183843722114845901e+19 4.218458296856595661e+19 4.259966560518352896e+19 4.300220618605556531e+19 4.337904134598822298e+19 4.370821170432472678e+19 4.397533214316653773e+19 4.418756151237140480e+19 3.809704230042192282e+19
4.143766625792752026e+19 4.144538930181498470e+19 4.161105275594531635e+19 4.183843722114846720e+19 4.218458296856595661e+19 4.259966560518352896e+19 4.300220618605557350e+19 4.337904134598823117e+19 4.370821170432472678e+19 4.397533214316654592e+19 4.418756151237138842e+19 3.809704230042191462e+19
4.143766625792750387e+19 4.144538930181497651e+19 4.161105275594531635e+19 4.183843722114847539e+19 4.218458296856596480e+19 4.259966560518352077e+19 4.300220618605558989e+19 4.337904134598822298e+19 4.370821170432471859e+19 4.397533214316656230e+19 4.418756151237137203e+19 3.809704230042190643e+19
4.143766625792750387e+19 4.144538930181499290e+19 4.161105275594531635e+19 4.183843722114847539e+19 4.218458296856597299e+19 4.259966560518352896e+19 4.300220618605557350e+19 4.337904134598821478e+19 4.370821170432470221e+19 4.397533214316655411e+19 4.418756151237139661e+19 3.809704230042192282e+19
4.143766625792749568e+19 4.144538930181500109e+19 4.161105275594531635e+19 4.183843722114847539e+19 4.218458296856597299e+19 4.259966560518352077e+19 4.300220618605557350e+19 4.337904134598823117e+19 4.370821170432471040e+19 4.397533214316652954e+19 4.418756151237137203e+19 3.809704230042192282e+19
4.143766625792748749e+19 4.144538930181498470e+19 4.161105275594530816e+19 4.183843722114847539e+19 4.218458296856597299e+19 4.259966560518352896e+19 4.300220618605558989e+19 4.337904134598822298e+19 4.370821170432469402e+19 4.397533214316653773e+19 4.418756151237136384e+19 3.809704230042191462e+19
4.143766625792747930e+19 4.144538930181497651e+19 4.161105275594529997e+19 4.183843722114848358e+19 4.218458296856597299e+19 4.259966560518352077e+19 4.300220618605558989e+19 4.337904134598822298e+19 4.370821170432468582e+19 4.397533214316654592e+19 4.418756151237137203e+19 3.809704230042190643e+19
4.143766625792749568e+19 4.144538930181500109e+19 4.161105275594531635e+19 4.183843722114848358e+19 4.218458296856598118e+19 4.259966560518350438e+19 4.300220618605558170e+19 4.337904134598821478e+19 4.370821170432468582e+19 4.397533214316654592e+19 4.418756151237133926e+19 3.809704230042192282e+19
4.143766625792750387e+19 4.144538930181499290e+19 4.161105275594531635e+19 4.183843722114848358e+19 4.218458296856597299e+19 4.259966560518351258e+19 4.300220618605558170e+19 4.337904134598821478e+19 4.370821170432469402e+19 4.397533214316653773e+19 4.418756151237134746e+19 3.809704230042192282e+19
4.143766625792750387e+19 4.144538930181498470e+19 4.161105275594530816e+19 4.183843722114847539e+19 4.218458296856597299e+19 4.259966560518352077e+19 4.300220618605557350e+19 4.337904134598824755e+19 4.370821170432471859e+19 4.397533214316655411e+19 4.418756151237135565e+19 3.809704230042192282e+19
4.143766625792747930e+19 4.144538930181499290e+19 4.161105275594529997e+19 4.183843722114845901e+19 4.218458296856597299e+19 4.259966560518350438e+19 4.300220618605559808e+19 4.337904134598824755e+19 4.370821170432472678e+19 4.397533214316657050e+19 4.418756151237135565e+19 3.809704230042192282e+19
4.143766625792745472e+19 4.144538930181497651e+19 4.161105275594529997e+19 4.183843722114846720e+19 4.218458296856597299e+19 4.259966560518350438e+19 4.300220618605558989e+19 4.337904134598822298e+19 4.370821170432470221e+19 4.397533214316657869e+19 4.418756151237135565e+19 3.809704230042192282e+19
4.143766625792744653e+19 4.144538930181496832e+19 4.161105275594529178e+19 4.183843722114845901e+19 4.218458296856597299e+19 4.259966560518350438e+19 4.300220618605558170e+19 4.337904134598822298e+19 4.370821170432470221e+19 4.397533214316657050e+19 4.418756151237133926e+19 3.809704230042192282e+19
4.143766625792742195e+19 4.144538930181496832e+19 4.161105275594528358e+19 4.183843722114845901e+19 4.218458296856597299e+19 4.259966560518351258e+19 4.300220618605558170e+19 4.337904134598822298e+19 4.370821170432471040e+19 4.397533214316657869e+19 4.418756151237135565e+19 3.809704230042193101e+19
4.143766625792743014e+19 4.144538930181497651e+19 4.161105275594528358e+19 4.183843722114845901e+19 4.218458296856595661e+19 4.259966560518350438e+19 4.300220618605558989e+19 4.337904134598822298e+19 4.370821170432470221e+19 4.397533214316657869e+19 4.418756151237136384e+19 3.809704230042193920e+19
4.143766625792743834e+19 4.144538930181498470e+19 4.161105275594526720e+19 4.183843722114845901e+19 4.218458296856596480e+19 4.259966560518350438e+19 4.300220618605560627e+19 4.337904134598821478e+19 4.370821170432471040e+19 4.397533214316657869e+19 4.418756151237135565e+19 3.809704230042193920e+19
4.143766625792743014e+19 4.144538930181500928e+19 4.161105275594525901e+19 4.183843722114844262e+19 4.218458296856598118e+19 4.259966560518350438e+19 4.300220618605559808e+19 4.337904134598822298e+19 4.370821170432469402e+19 4.397533214316657050e+19 4.418756151237136384e+19 3.809704230042193101e+19
4.143766625792743014e+19 4.144538930181501747e+19 4.161105275594526720e+19 4.183843722114844262e+19 4.218458296856598938e+19 4.259966560518350438e+19 4.300220618605557350e+19 4.337904134598821478e+19 4.370821170432470221e+19 4.397533214316657869e+19 4.418756151237136384e+19 3.809704230042193101e+19
4.143766625792741376e+19 4.144538930181499290e+19 4.161105275594525901e+19 4.183843722114844262e+19 4.218458296856599757e+19 4.259966560518349619e+19 4.300220618605558170e+19 4.337904134598820659e+19 4.370821170432469402e+19 4.397533214316659507e+19 4.418756151237136384e+19 3.809704230042194739e+19
4.143766625792742195e+19 4.144538930181497651e+19 4.161105275594526720e+19 4.183843722114842624e+19 4.218458296856598938e+19 4.259966560518350438e+19 4.300220618605558170e+19 4.337904134598820659e+19 4.370821170432468582e+19 4.397533214316658688e+19 4.418756151237135565e+19 3.809704230042195558e+19
4.143766625792744653e+19 4.144538930181497651e+19 4.161105275594527539e+19 4.183843722114842624e+19 4.218458296856599757e+19 4.259966560518349619e+19 4.300220618605558989e+19 4.337904134598819840e+19 4.370821170432470221e+19 4.397533214316659507e+19 4.418756151237134746e+19 3.809704230042196378e+19
4.143766625792744653e+19 4.144538930181498470e+19 4.161105275594527539e+19 4.183843722114841805e+19 4.218458296856598938e+19 4.259966560518349619e+19 4.300220618605560627e+19 4.337904134598819021e+19 4.370821170432470221e+19 4.397533214316657869e+19 4.418756151237133107e+19 3.809704230042195558e+19
4.143766625792743014e+19 4.144538930181499290e+19 4.161105275594526720e+19 4.183843722114841805e+19 4.218458296856597299e+19 4.259966560518349619e+19 4.300220618605558170e+19 4.337904134598819840e+19 4.370821170432472678e+19 4.397533214316658688e+19 4.418756151237134746e+19 3.809704230042194739e+19
4.143766625792743834e+19 4.144538930181499290e+19 4.161105275594527539e+19 4.183843722114841805e+19 4.218458296856597299e+19 4.259966560518348800e+19 4.300220618605559808e+19 4.337904134598819840e+19 4.370821170432472678e+19 4.397533214316658688e+19 4.418756151237134746e+19 3.809704230042193920e+19
4.143766625792743014e+19 4.144538930181500109e+19 4.161105275594528358e+19 4.183843722114840986e+19 4.218458296856597299e+19 4.259966560518347981e+19 4.300220618605560627e+19 4.337904134598818202e+19 4.370821170432473498e+19 4.397533214316659507e+19 4.418756151237133926e+19 3.809704230042192282e+19
4.143766625792742195e+19 4.144538930181501747e+19 4.161105275594529997e+19 4.183843722114840166e+19 4.218458296856597299e+19 4.259966560518347981e+19 4.300220618605558989e+19 4.337904134598818202e+19 4.370821170432474317e+19 4.397533214316661965e+19 4.418756151237133926e+19 3.809704230042192282e+19
4.143766625792743014e+19 4.144538930181501747e+19 4.161105275594531635e+19 4.183843722114840166e+19 4.218458296856597299e+19 4.259966560518348800e+19 4.300220618605557350e+19 4.337904134598818202e+19 4.370821170432476774e+19 4.397533214316661965e+19 4.418756151237134746e+19 3.809704230042194739e+19
4.143766625792743014e+19 4.144538930181502566e+19 4.161105275594533274e+19 4.183843722114839347e+19 4.218458296856597299e+19 4.259966560518347981e+19 4.300220618605556531e+19 4.337904134598818202e+19 4.370821170432477594e+19 4.397533214316660326e+19 4.418756151237136384e+19 3.809704230042194739e+19
4.143766625792743834e+19 4.144538930181500928e+19 4.161105275594534093e+19 4.183843722114839347e+19 4.218458296856597299e+19 4.259966560518347162e+19 4.300220618605557350e+19 4.337904134598819840e+19 4.370821170432479232e+19 4.397533214316662784e+19 4.418756151237134746e+19 3.809704230042195558e+19
4.143766625792744653e+19 4.144538930181500109e+19 4.161105275594534912e+19 4.183843722114840166e+19 4.218458296856597299e+19 4.259966560518348800e+19 4.300220618605557350e+19 4.337904134598818202e+19 4.370821170432477594e+19 4.397533214316664422e+19 4.418756151237134746e+19 3.809704230042194739e+19
4.143766625792743834e+19 4.144538930181498470e+19 4.161105275594532454e+19 4.183843722114841805e+19 4.218458296856597299e+19 4.259966560518347981e+19 4.300220618605558170e+19 4.337904134598819840e+19 4.370821170432479232e+19 4.397533214316663603e+19 4.418756151237134746e+19 3.809704230042195558e+19
4.143766625792744653e+19 4.144538930181497651e+19 4.161105275594531635e+19 4.183843722114840986e+19 4.218458296856597299e+19 4.259966560518347981e+19 4.300220618605558170e+19 4.337904134598819021e+19 4.370821170432478413e+19 4.397533214316663603e+19 4.418756151237136384e+19 3.809704230042195558e+19
4.143766625792744653e+19 4.144538930181497651e+19 4.161105275594531635e+19 4.183843722114839347e+19 4.218458296856597299e+19 4.259966560518347981e+19 4.300220618605558989e+19 4.337904134598819021e+19 4.370821170432479232e+19 4.397533214316662784e+19 4.418756151237137203e+19 3.809704230042194739e+19
4.143766625792743014e+19 4.144538930181497651e+19 4.161105275594531635e+19 4.183843722114837709e+19 4.218458296856597299e+19 4.259966560518347162e+19 4.300220618605559808e+19 4.337904134598819021e+19 4.370821170432480051e+19 4.397533214316661965e+19 4.418756151237135565e+19 3.809704230042195558e+19
4.143766625792741376e+19 4.144538930181497651e+19 4.161105275594532454e+19 4.183843722114837709e+19 4.218458296856597299e+19 4.259966560518347162e+19 4.300220618605561446e+19 4.337904134598818202e+19 4.370821170432479232e+19 4.397533214316661146e+19 4.418756151237134746e+19 3.809704230042194739e+19
4.143766625792738918e+19 4.144538930181500109e+19 4.161105275594533274e+19 4.183843722114837709e+19 4.218458296856597299e+19 4.259966560518347162e+19 4.300220618605561446e+19 4.337904134598819021e+19 4.370821170432479232e+19 4.397533214316661146e+19 4.418756151237134746e+19 3.809704230042195558e+19
4.143766625792738099e+19 4.144538930181500928e+19 4.161105275594534093e+19 4.183843722114838528e+19 4.218458296856597299e+19 4.259966560518347162e+19 4.300220618605560627e+19 4.337904134598818202e+19 4.370821170432480051e+19 4.397533214316661146e+19 4.418756151237132288e+19 3.809704230042197197e+19
4.143766625792735642e+19 4.144538930181501747e+19 4.161105275594531635e+19 4.183843722114838528e+19 4.218458296856597299e+19 4.259966560518347162e+19 4.300220618605561446e+19 4.337904134598816563e+19 4.370821170432481690e+19 4.397533214316665242e+19 4.418756151237133107e+19 3.809704230042197197e+19
4.143766625792735642e+19 4.144538930181500928e+19 4.161105275594532454e+19 4.183843722114837709e+19 4.218458296856597299e+19 4.259966560518347162e+19 4.300220618605560627e+19 4.337904134598816563e+19 4.370821170432480870e+19 4.397533214316664422e+19 4.418756151237132288e+19 3.809704230042196378e+19
4.143766625792735642e+19 4.144538930181501747e+19 4.161105275594532454e+19 4.183843722114837709e+19 4.218458296856597299e+19 4.259966560518347162e+19 4.300220618605559808e+19 4.337904134598817382e+19 4.370821170432480870e+19 4.397533214316664422e+19 4.418756151237133107e+19 3.809704230042195558e+19
4.143766625792736461e+19 4.144538930181501747e+19 4.161105275594533274e+19 4.183843722114836890e+19 4.218458296856597299e+19 4.259966560518347162e+19 4.300220618605559808e+19 4.337904134598818202e+19 4.370821170432480051e+19 4.397533214316666061e+19 4.418756151237132288e+19 3.809704230042196378e+19
4.143766625792736461e+19 4.144538930181501747e+19 4.161105275594531635e+19 4.183843722114837709e+19 4.218458296856598118e+19 4.259966560518347162e+19 4.300220618605559808e+19 4.337904134598818202e+19 4.370821170432478413e+19 4.397533214316664422e+19 4.418756151237136384e+19 3.809704230042193920e+19
4.143766625792737280e+19 4.144538930181502566e+19 4.161105275594532454e+19 4.183843722114837709e+19 4.218458296856598938e+19 4.259966560518347162e+19 4.300220618605559808e+19 4.337904134598817382e+19 4.370821170432478413e+19 4.397533214316665242e+19 4.418756151237135565e+19 3.809704230042192282e+19
4.143766625792738099e+19 4.144538930181502566e+19 4.161105275594532454e+19 4.183843722114838528e+19 4.218458296856598938e+19 4.259966560518347162e+19 4.300220618605560627e+19 4.337904134598815744e+19 4.370821170432478413e+19 4.397533214316666880e+19 4.418756151237136384e+19 3.809704230042194739e+19
4.143766625792739738e+19 4.144538930181501747e+19 4.161105275594534093e+19 4.183843722114839347e+19 4.218458296856598938e+19 4.259966560518347162e+19 4.300220618605560627e+19 4.337904134598815744e+19 4.370821170432475955e+19 4.397533214316666880e+19 4.418756151237137203e+19 3.809704230042194739e+19
4.143766625792738918e+19 4.144538930181500928e+19 4.161105275594535731e+19 4.183843722114839347e+19 4.218458296856598938e+19 4.259966560518347162e+19 4.300220618605559808e+19 4.337904134598814925e+19 4.370821170432473498e+19 4.397533214316667699e+19 4.418756151237136384e+19 3.809704230042194739e+19
4.143766625792738918e+19 4.144538930181500928e+19 4.161105275594536550e+19 4.183843722114839347e+19 4.218458296856598938e+19 4.259966560518347162e+19 4.300220618605559808e+19 4.337904134598813286e+19 4.370821170432473498e+19 4.397533214316666880e+19 4.418756151237137203e+19 3.809704230042193920e+19
4.143766625792738918e+19 4.144538930181501747e+19 4.161105275594536550e+19 4.183843722114838528e+19 4.218458296856598118e+19 4.259966560518347162e+19 4.300220618605561446e+19 4.337904134598814106e+19 4.370821170432473498e+19 4.397533214316667699e+19 4.418756151237137203e+19 3.809704230042193920e+19
4.143766625792738099e+19 4.144538930181501747e+19 4.161105275594537370e+19 4.183843722114839347e+19 4.218458296856598118e+19 4.259966560518347162e+19 4.300220618605562266e+19 4.337904134598812467e+19 4.370821170432473498e+19 4.397533214316666880e+19 4.418756151237139661e+19 3.809704230042193920e+19
4.143766625792738918e+19 4.144538930181500928e+19 4.161105275594538189e+19 4.183843722114838528e+19 4.218458296856597299e+19 4.259966560518347162e+19 4.300220618605562266e+19 4.337904134598812467e+19 4.370821170432472678e+19 4.397533214316668518e+19 4.418756151237140480e+19 3.809704230042193920e+19
4.143766625792738918e+19 4.144538930181500928e+19 4.161105275594537370e+19 4.183843722114837709e+19 4.218458296856597299e+19 4.259966560518347162e+19 4.300220618605561446e+19 4.337904134598812467e+19 4.370821170432473498e+19 4.397533214316668518e+19 4.418756151237140480e+19 3.809704230042193101e+19
4.143766625792738918e+19 4.144538930181500109e+19 4.161105275594536550e+19 4.183843722114837709e+19 4.218458296856597299e+19 4.259966560518347981e+19 4.300220618605561446e+19 4.337904134598812467e+19 4.370821170432472678e+19 4.397533214316668518e+19 4.418756151237140480e+19 3.809704230042192282e+19
4.143766625792738918e+19 4.144538930181498470e+19 4.161105275594535731e+19 4.183843722114838528e+19 4.218458296856596480e+19 4.259966560518347162e+19 4.300220618605561446e+19 4.337904134598811648e+19 4.370821170432472678e+19 4.397533214316669338e+19 4.418756151237139661e+19 3.809704230042192282e+19
4.143766625792738099e+19 4.144538930181497651e+19 4.161105275594535731e+19 4.183843722114837709e+19 4.218458296856596480e+19 4.259966560518347162e+19 4.300220618605561446e+19 4.337904134598810829e+19 4.370821170432471859e+19 4.397533214316668518e+19 4.418756151237139661e+19 3.809704230042191462e+19
4.143766625792736461e+19 4.144538930181497651e+19 4.161105275594534912e+19 4.183843722114838528e+19 4.218458296856597299e+19 4.259966560518347162e+19 4.300220618605561446e+19 4.337904134598810829e+19 4.370821170432471040e+19 4.397533214316665242e+19 4.418756151237140480e+19 3.809704230042191462e+19
4.143766625792734003e+19 4.144538930181496013e+19 4.161105275594533274e+19 4.183843722114839347e+19 4.218458296856597299e+19 4.259966560518345523e+19 4.300220618605561446e+19 4.337904134598810010e+19 4.370821170432469402e+19 4.397533214316665242e+19 4.418756151237140480e+19 3.809704230042191462e+19
4.143766625792733184e+19 4.144538930181496832e+19 4.161105275594531635e+19 4.183843722114838528e+19 4.218458296856598118e+19 4.259966560518344704e+19 4.300220618605561446e+19 4.337904134598810829e+19 4.370821170432468582e+19 4.397533214316666061e+19 4.418756151237140480e+19 3.809704230042191462e+19
4.143766625792734822e+19 4.144538930181494374e+19 4.161105275594529178e+19 4.183843722114837709e+19 4.218458296856597299e+19 4.259966560518345523e+19 4.300220618605561446e+19 4.337904134598810010e+19 4.370821170432468582e+19 4.397533214316667699e+19 4.418756151237140480e+19 3.809704230042193101e+19
4.143766625792733184e+19 4.144538930181495194e+19 4.161105275594529178e+19 4.183843722114837709e+19 4.218458296856598118e+19 4.259966560518345523e+19 4.300220618605561446e+19 4.337904134598810829e+19 4.370821170432468582e+19 4.397533214316666880e+19 4.418756151237138842e+19 3.809704230042191462e+19
4.143766625792733184e+19 4.144538930181495194e+19 4.161105275594530816e+19 4.183843722114837709e+19 4.218458296856598118e+19 4.259966560518345523e+19 4.300220618605561446e+19 4.337904134598811648e+19 4.370821170432468582e+19 4.397533214316665242e+19 4.418756151237138842e+19 3.809704230042193920e+19
4.143766625792732365e+19 4.144538930181496013e+19 4.161105275594530816e+19 4.183843722114837709e+19 4.218458296856598118e+19 4.259966560518345523e+19 4.300220618605561446e+19 4.337904134598810829e+19 4.370821170432468582e+19 4.397533214316664422e+19 4.418756151237138842e+19 3.809704230042194739e+19
4.143766625792733184e+19 4.144538930181494374e+19 4.161105275594529997e+19 4.183843722114837709e+19 4.218458296856598118e+19 4.259966560518344704e+19 4.300220618605561446e+19 4.337904134598810829e+19 4.370821170432469402e+19 4.397533214316666061e+19 4.418756151237140480e+19 3.809704230042194739e+19
4.143766625792732365e+19 4.144538930181496013e+19 4.161105275594530816e+19 4.183843722114837709e+19 4.218458296856597299e+19 4.259966560518343885e+19 4.300220618605561446e+19 4.337904134598810829e+19 4.370821170432469402e+19 4.397533214316666880e+19 4.418756151237139661e+19 3.809704230042194739e+19
4.143766625792732365e+19 4.144538930181496832e+19 4.161105275594529178e+19 4.183843722114837709e+19 4.218458296856597299e+19 4.259966560518343885e+19 4.300220618605561446e+19 4.337904134598810010e+19 4.370821170432469402e+19 4.397533214316665242e+19 4.418756151237137203e+19 3.809704230042196378e+19
4.143766625792731546e+19 4.144538930181496832e+19 4.161105275594529178e+19 4.183843722114837709e+19 4.218458296856598118e+19 4.259966560518343885e+19 4.300220618605561446e+19 4.337904134598810010e+19 4.370821170432468582e+19 4.397533214316666880e+19 4.418756151237139661e+19 3.809704230042196378e+19
4.143766625792733184e+19 4.144538930181497651e+19 4.161105275594530816e+19 4.183843722114837709e+19 4.218458296856597299e+19 4.259966560518343066e+19 4.300220618605561446e+19 4.337904134598810010e+19 4.370821170432468582e+19 4.397533214316667699e+19 4.418756151237138022e+19 3.809704230042196378e+19
4.143766625792734003e+19 4.144538930181498470e+19 4.161105275594528358e+19 4.183843722114837709e+19 4.218458296856598118e+19 4.259966560518342246e+19 4.300220618605561446e+19 4.337904134598810010e+19 4.370821170432468582e+19 4.397533214316667699e+19 4.418756151237138842e+19 3.809704230042195558e+19
4.143766625792734003e+19 4.144538930181499290e+19 4.161105275594529178e+19 4.183843722114837709e+19 4.218458296856598938e+19 4.259966560518343066e+19 4.300220618605561446e+19 4.337904134598810010e+19 4.370821170432468582e+19 4.397533214316666880e+19 4.418756151237138022e+19 3.809704230042195558e+19
4.143766625792734822e+19 4.144538930181502566e+19 4.161105275594529178e+19 4.183843722114837709e+19 4.218458296856598938e+19 4.259966560518342246e+19 4.300220618605561446e+19 4.337904134598810010e+19 4.370821170432469402e+19 4.397533214316666880e+19 4.418756151237137203e+19 3.809704230042194739e+19
4.143766625792735642e+19 4.144538930181505024e+19 4.161105275594530816e+19 4.183843722114837709e+19 4.218458296856598938e+19 4.259966560518343066e+19 4.300220618605560627e+19 4.337904134598810010e+19 4.370821170432470221e+19 4.397533214316666061e+19 4.418756151237136384e+19 3.809704230042195558e+19
4.143766625792735642e+19 4.144538930181505024e+19 4.161105275594531635e+19 4.183843722114837709e+19 4.218458296856598938e+19 4.259966560518342246e+19 4.300220618605560627e+19 4.337904134598810010e+19 4.370821170432469402e+19 4.397533214316666061e+19 4.418756151237136384e+19 3.809704230042195558e+19
4.143766625792735642e+19 4.144538930181505843e+19 4.161105275594529997e+19 4.183843722114837709e+19 4.218458296856598938e+19 4.259966560518343885e+19 4.300220618605560627e+19 4.337904134598810010e+19 4.370821170432468582e+19 4.397533214316666880e+19 4.418756151237138022e+19 3.809704230042196378e+19
4.143766625792734822e+19 4.144538930181508301e+19 4.161105275594530816e+19 4.183843722114837709e+19 4.218458296856598938e+19 4.259966560518342246e+19 4.300220618605560627e+19 4.337904134598810010e+19 4.370821170432469402e+19 4.397533214316667699e+19 4.418756151237139661e+19 3.809704230042195558e+19
4.143766625792735642e+19 4.144538930181506662e+19 4.161105275594529997e+19 4.183843722114837709e+19 4.218458296856598938e+19 4.259966560518341427e+19 4.300220618605559808e+19 4.337904134598810010e+19 4.370821170432469402e+19 4.397533214316667699e+19 4.418756151237139661e+19 3.809704230042196378e+19
4.143766625792733184e+19 4.144538930181506662e+19 4.161105275594529178e+19 4.183843722114837709e+19 4.218458296856599757e+19 4.259966560518340608e+19 4.300220618605561446e+19 4.337904134598810010e+19 4.370821170432468582e+19 4.397533214316667699e+19 4.418756151237138022e+19 3.809704230042198016e+19
4.143766625792733184e+19 4.144538930181505843e+19 4.161105275594530816e+19 4.183843722114837709e+19 4.218458296856598938e+19 4.259966560518339789e+19 4.300220618605561446e+19 4.337904134598810010e+19 4.370821170432469402e+19 4.397533214316667699e+19 4.418756151237137203e+19 3.809704230042198016e+19
4.143766625792729907e+19 4.144538930181505024e+19 4.161105275594529178e+19 4.183843722114837709e+19 4.218458296856600576e+19 4.259966560518338970e+19 4.300220618605560627e+19 4.337904134598810010e+19 4.370821170432470221e+19 4.397533214316666880e+19 4.418756151237136384e+19 3.809704230042197197e+19
4.143766625792729088e+19 4.144538930181506662e+19 4.161105275594529997e+19 4.183843722114837709e+19 4.218458296856600576e+19 4.259966560518339789e+19 4.300220618605561446e+19 4.337904134598810010e+19 4.370821170432470221e+19 4.397533214316666880e+19 4.418756151237137203e+19 3.809704230042197197e+19
4.143766625792728269e+19 4.144538930181505024e+19 4.161105275594530816e+19 4.183843722114837709e+19 4.218458296856600576e+19 4.259966560518339789e+19 4.300220618605562266e+19 4.337904134598810010e+19 4.370821170432470221e+19 4.397533214316666880e+19 4.418756151237137203e+19 3.809704230042197197e+19
4.143766625792727450e+19 4.144538930181504205e+19 4.161105275594531635e+19 4.183843722114837709e+19 4.218458296856602214e+19 4.259966560518339789e+19 4.300220618605563085e+19 4.337904134598810010e+19 4.370821170432470221e+19 4.397533214316666061e+19 4.418756151237137203e+19 3.809704230042197197e+19
4.143766625792725811e+19 4.144538930181503386e+19 4.161105275594529997e+19 4.183843722114837709e+19 4.218458296856601395e+19 4.259966560518338970e+19 4.300220618605563085e+19 4.337904134598810010e+19 4.370821170432470221e+19 4.397533214316666061e+19 4.418756151237136384e+19 3.809704230042196378e+19
4.143766625792723354e+19 4.144538930181502566e+19 4.161105275594530816e+19 4.183843722114837709e+19 4.218458296856602214e+19 4.259966560518339789e+19 4.300220618605562266e+19 4.337904134598810010e+19 4.370821170432470221e+19 4.397533214316666061e+19 4.418756151237135565e+19 3.809704230042196378e+19
4.143766625792724173e+19 4.144538930181502566e+19 4.161105275594531635e+19 4.183843722114837709e+19 4.218458296856602214e+19 4.259966560518340608e+19 4.300220618605561446e+19 4.337904134598810010e+19 4.370821170432470221e+19 4.397533214316666880e+19 4.418756151237137203e+19 3.809704230042197197e+19
4.143766625792725811e+19 4.144538930181505024e+19 4.161105275594532454e+19 4.183843722114837709e+19 4.218458296856602214e+19 4.259966560518340608e+19 4.300220618605562266e+19 4.337904134598809190e+19 4.370821170432470221e+19 4.397533214316666880e+19 4.418756151237138022e+19 3.809704230042197197e+19
4.143766625792724992e+19 4.144538930181505024e+19 4.161105275594532454e+19 4.183843722114837709e+19 4.218458296856603853e+19 4.259966560518340608e+19 4.300220618605561446e+19 4.337904134598809190e+19 4.370821170432470221e+19 4.397533214316666880e+19 4.418756151237138022e+19 3.809704230042197197e+19
4.143766625792722534e+19 4.144538930181504205e+19 4.161105275594533274e+19 4.183843722114837709e+19 4.218458296856603853e+19 4.259966560518340608e+19 4.300220618605561446e+19 4.337904134598808371e+19 4.370821170432470221e+19 4.397533214316666061e+19 4.418756151237138022e+19 3.809704230042196378e+19
4.143766625792720896e+19 4.144538930181506662e+19 4.161105275594534912e+19 4.183843722114837709e+19 4.218458296856603853e+19 4.259966560518341427e+19 4.300220618605561446e+19 4.337904134598809190e+19 4.370821170432470221e+19 4.397533214316665242e+19 4.418756151237138842e+19 3.809704230042196378e+19
4.143766625792722534e+19 4.144538930181505843e+19 4.161105275594536550e+19 4.183843722114837709e+19 4.218458296856604672e+19 4.259966560518340608e+19 4.300220618605561446e+19 4.337904134598809190e+19 4.370821170432470221e+19 4.397533214316665242e+19 4.418756151237138842e+19 3.809704230042196378e+19
4.143766625792723354e+19 4.144538930181505843e+19 4.161105275594535731e+19 4.183843722114837709e+19 4.218458296856604672e+19 4.259966560518340608e+19 4.300220618605561446e+19 4.337904134598809190e+19 4.370821170432470221e+19 4.397533214316665242e+19 4.418756151237138842e+19 3.809704230042196378e+19
4.143766625792724173e+19 4.144538930181505024e+19 4.161105275594534912e+19 4.183843722114837709e+19 4.218458296856603853e+19 4.259966560518340608e+19 4.300220618605560627e+19 4.337904134598808371e+19 4.370821170432470221e+19 4.397533214316665242e+19 4.418756151237139661e+19 3.809704230042196378e+19
4.143766625792724992e+19 4.144538930181504205e+19 4.161105275594534093e+19 4.183843722114837709e+19 4.218458296856603853e+19 4.259966560518338970e+19 4.300220618605561446e+19 4.337904134598808371e+19 4.370821170432470221e+19 4.397533214316665242e+19 4.418756151237139661e+19 3.809704230042197197e+19
4.143766625792724173e+19 4.144538930181504205e+19 4.161105275594534093e+19 4.183843722114837709e+19 4.218458296856603853e+19 4.259966560518339789e+19 4.300220618605562266e+19 4.337904134598808371e+19 4.370821170432470221e+19 4.397533214316665242e+19 4.418756151237138842e+19 3.809704230042196378e+19
4.143766625792723354e+19 4.144538930181504205e+19 4.161105275594533274e+19 4.183843722114837709e+19 4.218458296856603853e+19 4.259966560518339789e+19 4.300220618605561446e+19 4.337904134598808371e+19 4.370821170432470221e+19 4.397533214316665242e+19 4.418756151237138022e+19 3.809704230042197197e+19
4.143766625792724173e+19 4.144538930181502566e+19 4.161105275594531635e+19 4.183843722114837709e+19 4.218458296856604672e+19 4.259966560518339789e+19 4.300220618605561446e+19 4.337904134598808371e+19 4.370821170432470221e+19 4.397533214316665242e+19 4.418756151237139661e+19 3.809704230042196378e+19
4.143766625792724992e+19 4.144538930181502566e+19 4.161105275594531635e+19 4.183843722114837709e+19 4.218458296856605491e+19 4.259966560518339789e+19 4.300220618605562266e+19 4.337904134598808371e+19 4.370821170432470221e+19 4.397533214316665242e+19 4.418756151237139661e+19 3.809704230042196378e+19
4.143766625792724173e+19 4.144538930181503386e+19 4.161105275594532454e+19 4.183843722114837709e+19 4.218458296856605491e+19 4.259966560518339789e+19 4.300220618605561446e+19 4.337904134598810010e+19 4.370821170432470221e+19 4.397533214316665242e+19 4.418756151237141299e+19 3.809704230042195558e+19
4.143766625792724992e+19 4.144538930181505024e+19 4.161105275594529997e+19 4.183843722114837709e+19 4.218458296856605491e+19 4.259966560518339789e+19 4.300220618605561446e+19 4.337904134598810010e+19 4.370821170432470221e+19 4.397533214316665242e+19 4.418756151237141299e+19 3.809704230042197197e+19
4.143766625792725811e+19 4.144538930181504205e+19 4.161105275594530816e+19 4.183843722114837709e+19 4.218458296856605491e+19 4.259966560518339789e+19 4.300220618605561446e+19 4.337904134598810010e+19 4.370821170432470221e+19 4.397533214316665242e+19 4.418756151237142118e+19 3.809704230042198016e+19
4.143766625792724992e+19 4.144538930181502566e+19 4.161105275594532454e+19 4.183843722114837709e+19 4.218458296856605491e+19 4.259966560518340608e+19 4.300220618605561446e+19 4.337904134598810010e+19 4.370821170432470221e+19 4.397533214316665242e+19 4.418756151237142118e+19 3.809704230042197197e+19
4.143766625792725811e+19 4.144538930181502566e+19 4.161105275594531635e+19 4.183843722114837709e+19 4.218458296856605491e+19 4.259966560518341427e+19 4.300220618605560627e+19 4.337904134598810010e+19 4.370821170432471040e+19 4.397533214316665242e+19 4.418756151237142118e+19 3.809704230042197197e+19
4.143766625792723354e+19 4.144538930181502566e+19 4.161105275594530816e+19 4.183843722114837709e+19 4.218458296856604672e+19 4.259966560518342246e+19 4.300220618605561446e+19 4.337904134598810010e+19 4.370821170432471040e+19 4.397533214316665242e+19 4.418756151237142118e+19 3.809704230042198016e+19
4.143766625792724992e+19 4.144538930181503386e+19 4.161105275594529997e+19 4.183843722114837709e+19 4.218458296856604672e+19 4.259966560518342246e+19 4.300220618605560627e+19 4.337904134598811648e+19 4.370821170432471859e+19 4.397533214316665242e+19 4.418756151237142118e+19 3.809704230042197197e+19
4.143766625792727450e+19 4.144538930181504205e+19 4.161105275594529178e+19 4.183843722114837709e+19 4.218458296856603853e+19 4.259966560518342246e+19 4.300220618605560627e+19 4.337904134598810010e+19 4.370821170432471859e+19 4.397533214316665242e+19 4.418756151237142118e+19 3.809704230042198016e+19
4.143766625792727450e+19 4.144538930181505024e+19 4.161105275594529997e+19 4.183843722114837709e+19 4.218458296856603853e+19 4.259966560518342246e+19 4.300220618605561446e+19 4.337904134598811648e+19 4.370821170432471040e+19 4.397533214316665242e+19 4.418756151237142118e+19 3.809704230042198016e+19
4.143766625792728269e+19 4.144538930181504205e+19 4.161105275594528358e+19 4.183843722114837709e+19 4.218458296856605491e+19 4.259966560518340608e+19 4.300220618605561446e+19 4.337904134598811648e+19 4.370821170432471040e+19 4.397533214316665242e+19 4.418756151237142118e+19 3.809704230042198835e+19
4.143766625792726630e+19 4.144538930181505843e+19 4.161105275594528358e+19 4.183843722114837709e+19 4.218458296856605491e+19 4.259966560518340608e+19 4.300220618605561446e+19 4.337904134598811648e+19 4.370821170432470221e+19 4.397533214316665242e+19 4.418756151237142118e+19 3.809704230042198835e+19
4.143766625792726630e+19 4.144538930181505024e+19 4.161105275594529997e+19 4.183843722114837709e+19 4.218458296856605491e+19 4.259966560518340608e+19 4.300220618605561446e+19 4.337904134598810829e+19 4.370821170432470221e+19 4.397533214316665242e+19 4.418756151237142118e+19 3.809704230042198016e+19
4.143766625792726630e+19 4.144538930181504205e+19 4.161105275594529178e+19 4.183843722114837709e+19 4.218458296856606310e+19 4.259966560518341427e+19 4.300220618605563904e+19 4.337904134598810829e+19 4.370821170432468582e+19 4.397533214316665242e+19 4.418756151237142118e+19 3.809704230042198016e+19
4.143766625792724173e+19 4.144538930181502566e+19 4.161105275594530816e+19 4.183843722114837709e+19 4.218458296856605491e+19 4.259966560518340608e+19 4.300220618605563085e+19 4.337904134598811648e+19 4.370821170432470221e+19 4.397533214316665242e+19 4.418756151237142118e+19 3.809704230042198835e+19
4.143766625792726630e+19 4.144538930181501747e+19 4.161105275594528358e+19 4.183843722114837709e+19 4.218458296856605491e+19 4.259966560518340608e+19 4.300220618605563085e+19 4.337904134598812467e+19 4.370821170432471859e+19 4.397533214316665242e+19 4.418756151237142118e+19 3.809704230042199654e+19
4.143766625792725811e+19 4.144538930181500109e+19 4.161105275594529997e+19 4.183843722114837709e+19 4.218458296856606310e+19 4.259966560518339789e+19 4.300220618605563904e+19 4.337904134598811648e+19 4.370821170432471859e+19 4.397533214316665242e+19 4.418756151237142118e+19 3.809704230042199654e+19
4.143766625792727450e+19 4.144538930181500109e+19 4.161105275594529178e+19 4.183843722114837709e+19 4.218458296856605491e+19 4.259966560518340608e+19 4.300220618605563085e+19 4.337904134598811648e+19 4.370821170432471040e+19 4.397533214316665242e+19 4.418756151237142118e+19 3.809704230042199654e+19
4.143766625792724992e+19 4.144538930181501747e+19 4.161105275594528358e+19 4.183843722114837709e+19 4.218458296856605491e+19 4.259966560518339789e+19 4.300220618605564723e+19 4.337904134598811648e+19 4.370821170432470221e+19 4.397533214316665242e+19 4.418756151237142118e+19 3.809704230042199654e+19
4.143766625792725811e+19 4.144538930181500928e+19 4.161105275594529178e+19 4.183843722114837709e+19 4.218458296856604672e+19 4.259966560518339789e+19 4.300220618605565542e+19 4.337904134598810010e+19 4.370821170432470221e+19 4.397533214316664422e+19 4.418756151237142118e+19 3.809704230042199654e+19
4.143766625792727450e+19 4.144538930181501747e+19 4.161105275594529178e+19 4.183843722114837709e+19 4.218458296856604672e+19 4.259966560518338970e+19 4.300220618605564723e+19 4.337904134598808371e+19 4.370821170432470221e+19 4.397533214316663603e+19 4.418756151237142118e+19 3.809704230042200474e+19
4.143766625792728269e+19 4.144538930181500109e+19 4.161105275594527539e+19 4.183843722114837709e+19 4.218458296856605491e+19 4.259966560518338970e+19 4.300220618605565542e+19 4.337904134598808371e+19 4.370821170432470221e+19 4.397533214316664422e+19 4.418756151237142118e+19 3.809704230042200474e+19
4.143766625792729907e+19 4.144538930181498470e+19 4.161105275594528358e+19 4.183843722114837709e+19 4.218458296856605491e+19 4.259966560518338150e+19 4.300220618605564723e+19 4.337904134598808371e+19 4.370821170432469402e+19 4.397533214316664422e+19 4.418756151237142118e+19 3.809704230042201293e+19
4.143766625792729907e+19 4.144538930181496832e+19 4.161105275594529997e+19 4.183843722114837709e+19 4.218458296856605491e+19 4.259966560518337331e+19 4.300220618605565542e+19 4.337904134598808371e+19 4.370821170432468582e+19 4.397533214316662784e+19 4.418756151237142118e+19 3.809704230042201293e+19
4.143766625792729088e+19 4.144538930181497651e+19 4.161105275594529178e+19 4.183843722114837709e+19 4.218458296856605491e+19 4.259966560518338150e+19 4.300220618605564723e+19 4.337904134598809190e+19 4.370821170432468582e+19 4.397533214316661965e+19 4.418756151237142118e+19 3.809704230042201293e+19
4.143766625792729088e+19 4.144538930181499290e+19 4.161105275594528358e+19 4.183843722114837709e+19 4.218458296856603853e+19 4.259966560518338150e+19 4.300220618605565542e+19 4.337904134598809190e+19 4.370821170432468582e+19 4.397533214316661965e+19 4.418756151237142118e+19 3.809704230042201293e+19
4.143766625792729088e+19 4.144538930181500109e+19 4.161105275594526720e+19 4.183843722114837709e+19 4.218458296856603853e+19 4.259966560518338150e+19 4.300220618605564723e+19 4.337904134598808371e+19 4.370821170432468582e+19 4.397533214316662784e+19 4.418756151237142118e+19 3.809704230042201293e+19
4.143766625792729088e+19 4.144538930181500928e+19 4.161105275594526720e+19 4.183843722114837709e+19 4.218458296856603034e+19 4.259966560518337331e+19 4.300220618605564723e+19 4.337904134598808371e+19 4.370821170432468582e+19 4.397533214316663603e+19 4.418756151237142118e+19 3.809704230042201293e+19
4.143766625792729907e+19 4.144538930181499290e+19 4.161105275594525901e+19 4.183843722114837709e+19 4.218458296856603853e+19 4.259966560518337331e+19 4.300220618605563904e+19 4.337904134598808371e+19 4.370821170432467763e+19 4.397533214316661965e+19 4.418756151237142118e+19 3.809704230042201293e+19
4.143766625792730726e+19 4.144538930181497651e+19 4.161105275594525082e+19 4.183843722114837709e+19 4.218458296856604672e+19 4.259966560518337331e+19 4.300220618605563904e+19 4.337904134598808371e+19 4.370821170432467763e+19 4.397533214316662784e+19 4.418756151237142118e+19 3.809704230042201293e+19
4.143766625792729088e+19 4.144538930181496832e+19 4.161105275594525082e+19 4.183843722114837709e+19 4.218458296856604672e+19 4.259966560518337331e+19 4.300220618605563904e+19 4.337904134598807552e+19 4.370821170432468582e+19 4.397533214316661965e+19 4.418756151237142118e+19 3.809704230042201293e+19
4.143766625792729907e+19 4.144538930181497651e+19 4.161105275594524262e+19 4.183843722114837709e+19 4.218458296856604672e+19 4.259966560518337331e+19 4.300220618605564723e+19 4.337904134598806733e+19 4.370821170432468582e+19 4.397533214316662784e+19 4.418756151237142118e+19 3.809704230042201293e+19
4.143766625792727450e+19 4.144538930181496832e+19 4.161105275594525082e+19 4.183843722114837709e+19 4.218458296856603034e+19 4.259966560518338150e+19 4.300220618605565542e+19 4.337904134598807552e+19 4.370821170432467763e+19 4.397533214316662784e+19 4.418756151237142118e+19 3.809704230042200474e+19
4.143766625792727450e+19 4.144538930181497651e+19 4.161105275594526720e+19 4.183843722114837709e+19 4.218458296856603034e+19 4.259966560518338970e+19 4.300220618605565542e+19 4.337904134598808371e+19 4.370821170432467763e+19 4.397533214316661965e+19 4.418756151237142118e+19 3.809704230042201293e+19
4.143766625792726630e+19 4.144538930181498470e+19 4.161105275594525901e+19 4.183843722114837709e+19 4.218458296856603853e+19 4.259966560518338970e+19 4.300220618605565542e+19 4.337904134598808371e+19 4.370821170432467763e+19 4.397533214316661965e+19 4.418756151237142938e+19 3.809704230042201293e+19
4.143766625792726630e+19 4.144538930181499290e+19 4.161105275594528358e+19 4.183843722114837709e+19 4.218458296856603853e+19 4.259966560518338150e+19 4.300220618605567181e+19 4.337904134598807552e+19 4.370821170432466944e+19 4.397533214316661965e+19 4.418756151237142118e+19 3.809704230042201293e+19
4.143766625792726630e+19 4.144538930181498470e+19 4.161105275594526720e+19 4.183843722114837709e+19 4.218458296856603853e+19 4.259966560518338150e+19 4.300220618605567181e+19 4.337904134598808371e+19 4.370821170432466944e+19 4.397533214316661965e+19 4.418756151237142938e+19 3.809704230042201293e+19
4.143766625792726630e+19 4.144538930181497651e+19 4.161105275594524262e+19 4.183843722114837709e+19 4.218458296856603034e+19 4.259966560518338150e+19 4.300220618605567181e+19 4.337904134598807552e+19 4.370821170432467763e+19 4.397533214316661965e+19 4.418756151237142938e+19 3.809704230042201293e+19
4.143766625792725811e+19 4.144538930181499290e+19 4.161105275594523443e+19 4.183843722114837709e+19 4.218458296856603853e+19 4.259966560518337331e+19 4.300220618605567181e+19 4.337904134598807552e+19 4.370821170432466944e+19 4.397533214316662784e+19 4.418756151237142118e+19 3.809704230042202931e+19
4.143766625792725811e+19 4.144538930181498470e+19 4.161105275594522624e+19 4.183843722114837709e+19 4.218458296856603853e+19 4.259966560518338970e+19 4.300220618605566362e+19 4.337904134598807552e+19 4.370821170432466125e+19 4.397533214316661965e+19 4.418756151237142118e+19 3.809704230042202931e+19
4.143766625792726630e+19 4.144538930181500109e+19 4.161105275594522624e+19 4.183843722114837709e+19 4.218458296856603034e+19 4.259966560518338150e+19 4.300220618605567181e+19 4.337904134598806733e+19 4.370821170432466125e+19 4.397533214316662784e+19 4.418756151237142118e+19 3.809704230042204570e+19
4.143766625792724992e+19 4.144538930181500928e+19 4.161105275594523443e+19 4.183843722114837709e+19 4.218458296856602214e+19 4.259966560518338150e+19 4.300220618605565542e+19 4.337904134598808371e+19 4.370821170432466944e+19 4.397533214316663603e+19 4.418756151237142118e+19 3.809704230042202931e+19
4.143766625792726630e+19 4.144538930181500928e+19 4.161105275594523443e+19 4.183843722114837709e+19 4.218458296856602214e+19 4.259966560518338150e+19 4.300220618605566362e+19 4.337904134598806733e+19 4.370821170432466944e+19 4.397533214316663603e+19 4.418756151237142118e+19 3.809704230042202931e+19
4.143766625792724992e+19 4.144538930181501747e+19 4.161105275594523443e+19 4.183843722114837709e+19 4.218458296856601395e+19 4.259966560518338150e+19 4.300220618605566362e+19 4.337904134598806733e+19 4.370821170432466944e+19 4.397533214316663603e+19 4.418756151237142938e+19 3.809704230042202112e+19
4.143766625792725811e+19 4.144538930181501747e+19 4.161105275594521805e+19 4.183843722114837709e+19 4.218458296856601395e+19 4.259966560518338150e+19 4.300220618605566362e+19 4.337904134598806733e+19 4.370821170432466944e+19 4.397533214316663603e+19 4.418756151237142118e+19 3.809704230042202112e+19
4.143766625792726630e+19 4.144538930181500928e+19 4.161105275594520986e+19 4.183843722114837709e+19 4.218458296856600576e+19 4.259966560518338150e+19 4.300220618605566362e+19 4.337904134598805914e+19 4.370821170432466944e+19 4.397533214316665242e+19 4.418756151237142938e+19 3.809704230042202112e+19
4.143766625792727450e+19 4.144538930181500928e+19 4.161105275594520986e+19 4.183843722114837709e+19 4.218458296856600576e+19 4.259966560518338150e+19 4.300220618605567181e+19 4.337904134598805094e+19 4.370821170432466944e+19 4.397533214316665242e+19 4.418756151237142118e+19 3.809704230042202931e+19
4.143766625792726630e+19 4.144538930181500109e+19 4.161105275594520166e+19 4.183843722114837709e+19 4.218458296856600576e+19 4.259966560518338150e+19 4.300220618605567181e+19 4.337904134598804275e+19 4.370821170432466944e+19 4.397533214316664422e+19 4.418756151237142118e+19 3.809704230042202931e+19
4.143766625792727450e+19 4.144538930181502566e+19 4.161105275594520166e+19 4.183843722114837709e+19 4.218458296856600576e+19 4.259966560518338970e+19 4.300220618605568000e+19 4.337904134598803456e+19 4.370821170432466125e+19 4.397533214316663603e+19 4.418756151237142938e+19 3.809704230042202931e+19
4.143766625792725811e+19 4.144538930181504205e+19 4.161105275594520986e+19 4.183843722114837709e+19 4.218458296856600576e+19 4.259966560518340608e+19 4.300220618605568819e+19 4.337904134598804275e+19 4.370821170432466944e+19 4.397533214316662784e+19 4.418756151237143757e+19 3.809704230042203750e+19
4.143766625792724173e+19 4.144538930181505843e+19 4.161105275594520986e+19 4.183843722114837709e+19 4.218458296856601395e+19 4.259966560518340608e+19 4.300220618605568000e+19 4.337904134598805094e+19 4.370821170432466944e+19 4.397533214316662784e+19 4.418756151237143757e+19 3.809704230042202931e+19
4.143766625792722534e+19 4.144538930181505843e+19 4.161105275594520986e+19 4.183843722114837709e+19 4.218458296856601395e+19 4.259966560518340608e+19 4.300220618605568000e+19 4.337904134598804275e+19 4.370821170432467763e+19 4.397533214316663603e+19 4.418756151237142938e+19 3.809704230042202931e+19
4.143766625792720896e+19 4.144538930181503386e+19 4.161105275594520986e+19 4.183843722114837709e+19 4.218458296856601395e+19 4.259966560518340608e+19 4.300220618605567181e+19 4.337904134598803456e+19 4.370821170432466944e+19 4.397533214316663603e+19 4.418756151237142938e+19 3.809704230042201293e+19
4.143766625792720896e+19 4.144538930181505024e+19 4.161105275594521805e+19 4.183843722114837709e+19 4.218458296856599757e+19 4.259966560518340608e+19 4.300220618605568000e+19 4.337904134598802637e+19 4.370821170432466944e+19 4.397533214316663603e+19 4.418756151237142938e+19 3.809704230042201293e+19
4.143766625792720896e+19 4.144538930181505024e+19 4.161105275594524262e+19 4.183843722114837709e+19 4.218458296856599757e+19 4.259966560518340608e+19 4.300220618605568000e+19 4.337904134598802637e+19 4.370821170432468582e+19 4.397533214316662784e+19 4.418756151237143757e+19 3.809704230042202112e+19
4.143766625792721715e+19 4.144538930181504205e+19 4.161105275594523443e+19 4.183843722114837709e+19 4.218458296856600576e+19 4.259966560518341427e+19 4.300220618605566362e+19 4.337904134598803456e+19 4.370821170432468582e+19 4.397533214316661965e+19 4.418756151237143757e+19 3.809704230042201293e+19
4.143766625792720896e+19 4.144538930181505843e+19 4.161105275594523443e+19 4.183843722114837709e+19 4.218458296856600576e+19 4.259966560518341427e+19 4.300220618605566362e+19 4.337904134598805094e+19 4.370821170432469402e+19 4.397533214316661965e+19 4.418756151237144576e+19 3.809704230042202112e+19
4.143766625792721715e+19 4.144538930181505843e+19 4.161105275594521805e+19 4.183843722114837709e+19 4.218458296856600576e+19 4.259966560518342246e+19 4.300220618605565542e+19 4.337904134598805094e+19 4.370821170432469402e+19 4.397533214316661965e+19 4.418756151237143757e+19 3.809704230042201293e+19
4.143766625792723354e+19 4.144538930181506662e+19 4.161105275594521805e+19 4.183843722114837709e+19 4.218458296856600576e+19 4.259966560518341427e+19 4.300220618605565542e+19 4.337904134598805914e+19 4.370821170432471040e+19 4.397533214316662784e+19 4.418756151237144576e+19 3.809704230042201293e+19
4.143766625792722534e+19 4.144538930181505843e+19 4.161105275594521805e+19 4.183843722114837709e+19 4.218458296856601395e+19 4.259966560518341427e+19 4.300220618605566362e+19 4.337904134598805094e+19 4.370821170432471040e+19 4.397533214316663603e+19 4.418756151237145395e+19 3.809704230042201293e+19
4.143766625792720896e+19 4.144538930181506662e+19 4.161105275594522624e+19 4.183843722114837709e+19 4.218458296856600576e+19 4.259966560518340608e+19 4.300220618605565542e+19 4.337904134598805094e+19 4.370821170432470221e+19 4.397533214316661965e+19 4.418756151237146214e+19 3.809704230042200474e+19
4.143766625792721715e+19 4.144538930181508301e+19 4.161105275594524262e+19 4.183843722114837709e+19 4.218458296856600576e+19 4.259966560518340608e+19 4.300220618605567181e+19 4.337904134598805914e+19 4.370821170432471040e+19 4.397533214316661965e+19 4.418756151237147034e+19 3.809704230042201293e+19
4.143766625792720896e+19 4.144538930181509120e+19 4.161105275594524262e+19 4.183843722114837709e+19 4.218458296856600576e+19 4.259966560518341427e+19 4.300220618605567181e+19 4.337904134598806733e+19 4.370821170432470221e+19 4.397533214316661965e+19 4.418756151237147034e+19 3.809704230042202112e+19
4.143766625792721715e+19 4.144538930181509939e+19 4.161105275594523443e+19 4.183843722114837709e+19 4.218458296856598938e+19 4.259966560518341427e+19 4.300220618605567181e+19 4.337904134598806733e+19 4.370821170432470221e+19 4.397533214316661965e+19 4.418756151237147034e+19 3.809704230042202931e+19
4.143766625792720077e+19 4.144538930181509939e+19 4.161105275594521805e+19 4.183843722114837709e+19 4.218458296856598938e+19 4.259966560518342246e+19 4.300220618605566362e+19 4.337904134598806733e+19 4.370821170432471040e+19 4.397533214316661965e+19 4.418756151237145395e+19 3.809704230042202112e+19
4.143766625792722534e+19 4.144538930181510758e+19 4.161105275594520986e+19 4.183843722114837709e+19 4.218458296856598938e+19 4.259966560518343885e+19 4.300220618605566362e+19 4.337904134598806733e+19 4.370821170432471040e+19 4.397533214316661965e+19 4.418756151237145395e+19 3.809704230042202112e+19
4.143766625792721715e+19 4.144538930181511578e+19 4.161105275594519347e+19 4.183843722114837709e+19 4.218458296856599757e+19 4.259966560518343885e+19 4.300220618605566362e+19 4.337904134598806733e+19 4.370821170432471040e+19 4.397533214316661146e+19 4.418756151237146214e+19 3.809704230042202112e+19
4.143766625792722534e+19 4.144538930181513216e+19 4.161105275594520166e+19 4.183843722114837709e+19 4.218458296856600576e+19 4.259966560518343066e+19 4.300220618605565542e+19 4.337904134598806733e+19 4.370821170432470221e+19 4.397533214316660326e+19 4.418756151237147034e+19 3.809704230042202112e+19
4.143766625792724173e+19 4.144538930181509939e+19 4.161105275594520986e+19 4.183843722114837709e+19 4.218458296856600576e+19 4.259966560518343066e+19 4.300220618605566362e+19 4.337904134598807552e+19 4.370821170432469402e+19 4.397533214316661146e+19 4.418756151237146214e+19 3.809704230042201293e+19
4.143766625792724173e+19 4.144538930181509120e+19 4.161105275594520986e+19 4.183843722114837709e+19 4.218458296856599757e+19 4.259966560518343066e+19 4.300220618605565542e+19 4.337904134598806733e+19 4.370821170432468582e+19 4.397533214316660326e+19 4.418756151237145395e+19 3.809704230042200474e+19
4.143766625792724173e+19 4.144538930181508301e+19 4.161105275594522624e+19 4.183843722114837709e+19 4.218458296856599757e+19 4.259966560518342246e+19 4.300220618605565542e+19 4.337904134598807552e+19 4.370821170432469402e+19 4.397533214316660326e+19 4.418756151237145395e+19 3.809704230042200474e+19
4.143766625792722534e+19 4.144538930181507482e+19 4.161105275594522624e+19 4.183843722114837709e+19 4.218458296856599757e+19 4.259966560518340608e+19 4.300220618605564723e+19 4.337904134598808371e+19 4.370821170432468582e+19 4.397533214316659507e+19 4.418756151237144576e+19 3.809704230042199654e+19
4.143766625792723354e+19 4.144538930181506662e+19 4.161105275594522624e+19 4.183843722114837709e+19 4.218458296856598938e+19 4.259966560518340608e+19 4.300220618605563085e+19 4.337904134598809190e+19 4.370821170432467763e+19 4.397533214316658688e+19 4.418756151237145395e+19 3.809704230042199654e+19
4.143766625792723354e+19 4.144538930181506662e+19 4.161105275594524262e+19 4.183843722114837709e+19 4.218458296856598938e+19 4.259966560518340608e+19 4.300220618605563085e+19 4.337904134598809190e+19 4.370821170432466944e+19 4.397533214316659507e+19 4.418756151237145395e+19 3.809704230042199654e+19
4.143766625792724173e+19 4.144538930181505843e+19 4.161105275594525082e+19 4.183843722114837709e+19 4.218458296856598118e+19 4.259966560518340608e+19 4.300220618605562266e+19 4.337904134598808371e+19 4.370821170432466125e+19 4.397533214316659507e+19 4.418756151237144576e+19 3.809704230042200474e+19
4.143766625792724992e+19 4.144538930181504205e+19 4.161105275594525901e+19 4.183843722114837709e+19 4.218458296856598118e+19 4.259966560518342246e+19 4.300220618605561446e+19 4.337904134598807552e+19 4.370821170432466944e+19 4.397533214316658688e+19 4.418756151237143757e+19 3.809704230042199654e+19
4.143766625792724173e+19 4.144538930181505024e+19 4.161105275594525901e+19 4.183843722114837709e+19 4.218458296856597299e+19 4.259966560518339789e+19 4.300220618605561446e+19 4.337904134598807552e+19 4.370821170432466944e+19 4.397533214316658688e+19 4.418756151237145395e+19 3.809704230042200474e+19
4.143766625792725811e+19 4.144538930181503386e+19 4.161105275594525901e+19 4.183843722114837709e+19 4.218458296856596480e+19 4.259966560518340608e+19 4.300220618605558170e+19 4.337904134598807552e+19 4.370821170432467763e+19 4.397533214316658688e+19 4.418756151237145395e+19 3.809704230042201293e+19
4.143766625792722534e+19 4.144538930181503386e+19 4.161105275594524262e+19 4.183843722114837709e+19 4.218458296856595661e+19 4.259966560518341427e+19 4.300220618605558989e+19 4.337904134598807552e+19 4.370821170432466944e+19 4.397533214316657869e+19 4.418756151237145395e+19 3.809704230042200474e+19
4.143766625792721715e+19 4.144538930181502566e+19 4.161105275594524262e+19 4.183843722114837709e+19 4.218458296856596480e+19 4.259966560518343066e+19 4.300220618605558170e+19 4.337904134598807552e+19 4.370821170432466944e+19 4.397533214316657869e+19 4.418756151237146214e+19 3.809704230042201293e+19
4.143766625792722534e+19 4.144538930181502566e+19 4.161105275594525082e+19 4.183843722114837709e+19 4.218458296856596480e+19 4.259966560518343066e+19 4.300220618605558170e+19 4.337904134598807552e+19 4.370821170432466944e+19 4.397533214316657050e+19 4.418756151237147034e+19 3.809704230042201293e+19
4.143766625792722534e+19 4.144538930181501747e+19 4.161105275594525901e+19 4.183843722114837709e+19 4.218458296856595661e+19 4.259966560518341427e+19 4.300220618605558989e+19 4.337904134598807552e+19 4.370821170432467763e+19 4.397533214316656230e+19 4.418756151237147034e+19 3.809704230042201293e+19
4.143766625792723354e+19 4.144538930181502566e+19 4.161105275594527539e+19 4.183843722114837709e+19 4.218458296856595661e+19 4.259966560518340608e+19 4.300220618605560627e+19 4.337904134598807552e+19 4.370821170432467763e+19 4.397533214316657050e+19 4.418756151237147853e+19 3.809704230042201293e+19
4.143766625792724173e+19 4.144538930181502566e+19 4.161105275594527539e+19 4.183843722114837709e+19 4.218458296856594842e+19 4.259966560518340608e+19 4.300220618605562266e+19 4.337904134598807552e+19 4.370821170432467763e+19 4.397533214316656230e+19 4.418756151237147034e+19 3.809704230042200474e+19
4.143766625792723354e+19 4.144538930181505024e+19 4.161105275594529178e+19 4.183843722114837709e+19 4.218458296856595661e+19 4.259966560518340608e+19 4.300220618605561446e+19 4.337904134598808371e+19 4.370821170432467763e+19 4.397533214316655411e+19 4.418756151237147034e+19 3.809704230042201293e+19
4.143766625792722534e+19 4.144538930181504205e+19 4.161105275594530816e+19 4.183843722114837709e+19 4.218458296856595661e+19 4.259966560518342246e+19 4.300220618605562266e+19 4.337904134598808371e+19 4.370821170432467763e+19 4.397533214316655411e+19 4.418756151237147034e+19 3.809704230042201293e+19
4.143766625792724173e+19 4.144538930181505024e+19 4.161105275594530816e+19 4.183843722114837709e+19 4.218458296856595661e+19 4.259966560518342246e+19 4.300220618605563085e+19 4.337904134598810010e+19 4.370821170432467763e+19 4.397533214316655411e+19 4.418756151237146214e+19 3.809704230042202112e+19
4.143766625792723354e+19 4.144538930181505024e+19 4.161105275594530816e+19 4.183843722114837709e+19 4.218458296856596480e+19 4.259966560518341427e+19 4.300220618605561446e+19 4.337904134598810010e+19 4.370821170432468582e+19 4.397533214316654592e+19 4.418756151237147853e+19 3.809704230042202112e+19
4.143766625792724173e+19 4.144538930181505843e+19 4.161105275594531635e+19 4.183843722114837709e+19 4.218458296856597299e+19 4.259966560518343066e+19 4.300220618605563085e+19 4.337904134598810829e+19 4.370821170432469402e+19 4.397533214316653773e+19 4.418756151237148672e+19 3.809704230042201293e+19
4.143766625792723354e+19 4.144538930181506662e+19 4.161105275594529178e+19 4.183843722114837709e+19 4.218458296856597299e+19 4.259966560518343066e+19 4.300220618605561446e+19 4.337904134598811648e+19 4.370821170432469402e+19 4.397533214316654592e+19 4.418756151237148672e+19 3.809704230042201293e+19
4.143766625792723354e+19 4.144538930181505843e+19 4.161105275594529997e+19 4.183843722114837709e+19 4.218458296856597299e+19 4.259966560518343066e+19 4.300220618605561446e+19 4.337904134598814106e+19 4.370821170432468582e+19 4.397533214316653773e+19 4.418756151237148672e+19 3.809704230042201293e+19
4.143766625792723354e+19 4.144538930181508301e+19 4.161105275594528358e+19 4.183843722114837709e+19 4.218458296856597299e+19 4.259966560518344704e+19 4.300220618605561446e+19 4.337904134598814106e+19 4.370821170432469402e+19 4.397533214316654592e+19 4.418756151237148672e+19 3.809704230042200474e+19
4.143766625792723354e+19 4.144538930181509120e+19 4.161105275594529997e+19 4.183843722114837709e+19 4.218458296856595661e+19 4.259966560518344704e+19 4.300220618605562266e+19 4.337904134598814106e+19 4.370821170432468582e+19 4.397533214316653773e+19 4.418756151237147853e+19 3.809704230042200474e+19
4.143766625792724992e+19 4.144538930181509939e+19 4.161105275594531635e+19 4.183843722114837709e+19 4.218458296856596480e+19 4.259966560518344704e+19 4.300220618605559808e+19 4.337904134598813286e+19 4.370821170432468582e+19 4.397533214316652954e+19 4.418756151237148672e+19 3.809704230042199654e+19
4.143766625792724173e+19 4.144538930181510758e+19 4.161105275594531635e+19 4.183843722114837709e+19 4.218458296856596480e+19 4.259966560518344704e+19 4.300220618605559808e+19 4.337904134598813286e+19 4.370821170432468582e+19 4.397533214316652954e+19 4.418756151237148672e+19 3.809704230042199654e+19
4.143766625792723354e+19 4.144538930181510758e+19 4.161105275594534093e+19 4.183843722114837709e+19 4.218458296856596480e+19 4.259966560518344704e+19 4.300220618605563085e+19 4.337904134598813286e+19 4.370821170432468582e+19 4.397533214316652134e+19 4.418756151237149491e+19 3.809704230042199654e+19
4.143766625792724173e+19 4.144538930181510758e+19 4.161105275594532454e+19 4.183843722114837709e+19 4.218458296856594842e+19 4.259966560518343066e+19 4.300220618605563904e+19 4.337904134598810010e+19 4.370821170432469402e+19 4.397533214316651315e+19 4.418756151237150310e+19 3.809704230042199654e+19
4.143766625792724173e+19 4.144538930181510758e+19 4.161105275594532454e+19 4.183843722114836890e+19 4.218458296856594842e+19 4.259966560518342246e+19 4.300220618605563085e+19 4.337904134598810829e+19 4.370821170432470221e+19 4.397533214316651315e+19 4.418756151237150310e+19 3.809704230042199654e+19
4.143766625792725811e+19 4.144538930181514035e+19 4.161105275594533274e+19 4.183843722114836890e+19 4.218458296856595661e+19 4.259966560518341427e+19 4.300220618605563904e+19 4.337904134598810010e+19 4.370821170432471040e+19 4.397533214316651315e+19 4.418756151237149491e+19 3.809704230042200474e+19
4.143766625792727450e+19 4.144538930181515674e+19 4.161105275594534093e+19 4.183843722114836070e+19 4.218458296856594842e+19 4.259966560518343066e+19 4.300220618605564723e+19 4.337904134598810829e+19 4.370821170432471040e+19 4.397533214316651315e+19 4.418756151237149491e+19 3.809704230042200474e+19
4.143766625792729088e+19 4.144538930181515674e+19 4.161105275594534912e+19 4.183843722114836890e+19 4.218458296856594022e+19 4.259966560518342246e+19 4.300220618605566362e+19 4.337904134598809190e+19 4.370821170432471040e+19 4.397533214316652134e+19 4.418756151237149491e+19 3.809704230042201293e+19
4.143766625792727450e+19 4.144538930181516493e+19 4.161105275594534912e+19 4.183843722114836890e+19 4.218458296856594022e+19 4.259966560518343066e+19 4.300220618605566362e+19 4.337904134598810829e+19 4.370821170432471040e+19 4.397533214316651315e+19 4.418756151237149491e+19 3.809704230042201293e+19
4.143766625792727450e+19 4.144538930181517312e+19 4.161105275594534093e+19 4.183843722114836890e+19 4.218458296856593203e+19 4.259966560518343066e+19 4.300220618605566362e+19 4.337904134598810829e+19 4.370821170432469402e+19 4.397533214316652134e+19 4.418756151237150310e+19 3.809704230042202112e+19
4.143766625792726630e+19 4.144538930181516493e+19 4.161105275594534093e+19 4.183843722114835251e+19 4.218458296856594022e+19 4.259966560518342246e+19 4.300220618605563904e+19 4.337904134598813286e+19 4.370821170432470221e+19 4.397533214316652954e+19 4.418756151237149491e+19 3.809704230042201293e+19
4.143766625792727450e+19 4.144538930181515674e+19 4.161105275594534093e+19 4.183843722114835251e+19 4.218458296856594842e+19 4.259966560518342246e+19 4.300220618605563904e+19 4.337904134598814925e+19 4.370821170432469402e+19 4.397533214316652954e+19 4.418756151237150310e+19 3.809704230042201293e+19
4.143766625792725811e+19 4.144538930181515674e+19 4.161105275594533274e+19 4.183843722114836070e+19 4.218458296856594842e+19 4.259966560518342246e+19 4.300220618605564723e+19 4.337904134598814106e+19 4.370821170432468582e+19 4.397533214316652954e+19 4.418756151237150310e+19 3.809704230042201293e+19
4.143766625792722534e+19 4.144538930181515674e+19 4.161105275594534912e+19 4.183843722114836890e+19 4.218458296856594022e+19 4.259966560518342246e+19 4.300220618605563904e+19 4.337904134598813286e+19 4.370821170432466944e+19 4.397533214316653773e+19 4.418756151237151130e+19 3.809704230042201293e+19
4.143766625792724173e+19 4.144538930181514854e+19 4.161105275594535731e+19 4.183843722114837709e+19 4.218458296856594842e+19 4.259966560518343066e+19 4.300220618605564723e+19 4.337904134598813286e+19 4.370821170432466944e+19 4.397533214316653773e+19 4.418756151237151130e+19 3.809704230042200474e+19
4.143766625792723354e+19 4.144538930181516493e+19 4.161105275594534912e+19 4.183843722114836070e+19 4.218458296856594842e+19 4.259966560518344704e+19 4.300220618605566362e+19 4.337904134598814925e+19 4.370821170432465306e+19 4.397533214316653773e+19 4.418756151237151949e+19 3.809704230042200474e+19
4.143766625792723354e+19 4.144538930181517312e+19 4.161105275594535731e+19 4.183843722114836070e+19 4.218458296856594022e+19 4.259966560518348800e+19 4.300220618605566362e+19 4.337904134598814925e+19 4.370821170432467763e+19 4.397533214316653773e+19 4.418756151237152768e+19 3.809704230042199654e+19
4.143766625792723354e+19 4.144538930181517312e+19 4.161105275594536550e+19 4.183843722114835251e+19 4.218458296856594842e+19 4.259966560518348800e+19 4.300220618605568000e+19 4.337904134598814106e+19 4.370821170432468582e+19 4.397533214316653773e+19 4.418756151237151949e+19 3.809704230042199654e+19
4.143766625792722534e+19 4.144538930181516493e+19 4.161105275594537370e+19 4.183843722114834432e+19 4.218458296856594022e+19 4.259966560518348800e+19 4.300220618605567181e+19 4.337904134598814106e+19 4.370821170432467763e+19 4.397533214316653773e+19 4.418756151237150310e+19 3.809704230042200474e+19
4.143766625792723354e+19 4.144538930181517312e+19 4.161105275594537370e+19 4.183843722114835251e+19 4.218458296856594842e+19 4.259966560518350438e+19 4.300220618605566362e+19 4.337904134598814925e+19 4.370821170432466944e+19 4.397533214316653773e+19 4.418756151237150310e+19 3.809704230042201293e+19
4.143766625792724173e+19 4.144538930181517312e+19 4.161105275594537370e+19 4.183843722114835251e+19 4.218458296856594842e+19 4.259966560518352077e+19 4.300220618605565542e+19 4.337904134598815744e+19 4.370821170432466944e+19 4.397533214316654592e+19 4.418756151237150310e+19 3.809704230042199654e+19
4.143766625792721715e+19 4.144538930181517312e+19 4.161105275594535731e+19 4.183843722114835251e+19 4.218458296856594022e+19 4.259966560518349619e+19 4.300220618605566362e+19 4.337904134598816563e+19 4.370821170432468582e+19 4.397533214316654592e+19 4.418756151237150310e+19 3.809704230042201293e+19
4.143766625792722534e+19 4.144538930181518131e+19 4.161105275594538189e+19 4.183843722114834432e+19 4.218458296856594022e+19 4.259966560518347162e+19 4.300220618605568000e+19 4.337904134598817382e+19 4.370821170432468582e+19 4.397533214316654592e+19 4.418756151237150310e+19 3.809704230042202112e+19
4.143766625792722534e+19 4.144538930181516493e+19 4.161105275594535731e+19 4.183843722114834432e+19 4.218458296856593203e+19 4.259966560518348800e+19 4.300220618605567181e+19 4.337904134598815744e+19 4.370821170432469402e+19 4.397533214316655411e+19 4.418756151237151130e+19 3.809704230042202112e+19
4.143766625792724173e+19 4.144538930181515674e+19 4.161105275594533274e+19 4.183843722114834432e+19 4.218458296856594022e+19 4.259966560518346342e+19 4.300220618605566362e+19 4.337904134598817382e+19 4.370821170432469402e+19 4.397533214316656230e+19 4.418756151237151130e+19 3.809704230042201293e+19
4.143766625792723354e+19 4.144538930181516493e+19 4.161105275594534912e+19 4.183843722114833613e+19 4.218458296856594022e+19 4.259966560518346342e+19 4.300220618605566362e+19 4.337904134598819021e+19 4.370821170432470221e+19 4.397533214316657050e+19 4.418756151237151949e+19 3.809704230042202112e+19
4.143766625792722534e+19 4.144538930181514854e+19 4.161105275594533274e+19 4.183843722114834432e+19 4.218458296856594842e+19 4.259966560518345523e+19 4.300220618605566362e+19 4.337904134598818202e+19 4.370821170432470221e+19 4.397533214316656230e+19 4.418756151237151130e+19 3.809704230042201293e+19
4.143766625792723354e+19 4.144538930181515674e+19 4.161105275594535731e+19 4.183843722114835251e+19 4.218458296856594842e+19 4.259966560518346342e+19 4.300220618605567181e+19 4.337904134598816563e+19 4.370821170432471040e+19 4.397533214316655411e+19 4.418756151237151130e+19 3.809704230042201293e+19
4.143766625792721715e+19 4.144538930181514854e+19 4.161105275594534912e+19 4.183843722114835251e+19 4.218458296856594022e+19 4.259966560518345523e+19 4.300220618605566362e+19 4.337904134598816563e+19 4.370821170432469402e+19 4.397533214316653773e+19 4.418756151237151130e+19 3.809704230042201293e+19
4.143766625792720896e+19 4.144538930181514854e+19 4.161105275594534093e+19 4.183843722114834432e+19 4.218458296856594842e+19 4.259966560518346342e+19 4.300220618605566362e+19 4.337904134598816563e+19 4.370821170432469402e+19 4.397533214316654592e+19 4.418756151237151130e+19 3.809704230042201293e+19
4.143766625792721715e+19 4.144538930181514035e+19 4.161105275594532454e+19 4.183843722114834432e+19 4.218458296856594022e+19 4.259966560518346342e+19 4.300220618605565542e+19 4.337904134598817382e+19 4.370821170432470221e+19 4.397533214316654592e+19 4.418756151237151130e+19 3.809704230042200474e+19
4.143766625792721715e+19 4.144538930181515674e+19 4.161105275594534093e+19 4.183843722114833613e+19 4.218458296856594022e+19 4.259966560518345523e+19 4.300220618605564723e+19 4.337904134598818202e+19 4.370821170432469402e+19 4.397533214316653773e+19 4.418756151237151130e+19 3.809704230042201293e+19
4.143766625792723354e+19 4.144538930181514854e+19 4.161105275594534912e+19 4.183843722114834432e+19 4.218458296856594022e+19 4.259966560518346342e+19 4.300220618605565542e+19 4.337904134598819021e+19 4.370821170432469402e+19 4.397533214316654592e+19 4.418756151237150310e+19 3.809704230042202112e+19
4.143766625792724173e+19 4.144538930181516493e+19 4.161105275594535731e+19 4.183843722114834432e+19 4.218458296856593203e+19 4.259966560518345523e+19 4.300220618605567181e+19 4.337904134598819021e+19 4.370821170432469402e+19 4.397533214316655411e+19 4.418756151237150310e+19 3.809704230042201293e+19
4.143766625792724992e+19 4.144538930181515674e+19 4.161105275594536550e+19 4.183843722114834432e+19 4.218458296856592384e+19 4.259966560518344704e+19 4.300220618605567181e+19 4.337904134598819021e+19 4.370821170432467763e+19 4.397533214316655411e+19 4.418756151237151130e+19 3.809704230042200474e+19
4.143766625792725811e+19 4.144538930181515674e+19 4.161105275594537370e+19 4.183843722114834432e+19 4.218458296856593203e+19 4.259966560518344704e+19 4.300220618605568000e+19 4.337904134598820659e+19 4.370821170432468582e+19 4.397533214316655411e+19 4.418756151237150310e+19 3.809704230042201293e+19
4.143766625792723354e+19 4.144538930181514854e+19 4.161105275594534912e+19 4.183843722114832794e+19 4.218458296856593203e+19 4.259966560518344704e+19 4.300220618605567181e+19 4.337904134598821478e+19 4.370821170432469402e+19 4.397533214316654592e+19 4.418756151237149491e+19 3.809704230042202931e+19
4.143766625792720896e+19 4.144538930181514854e+19 4.161105275594533274e+19 4.183843722114833613e+19 4.218458296856591565e+19 4.259966560518343885e+19 4.300220618605567181e+19 4.337904134598823117e+19 4.370821170432468582e+19 4.397533214316653773e+19 4.418756151237148672e+19 3.809704230042203750e+19
4.143766625792720896e+19 4.144538930181514854e+19 4.161105275594535731e+19 4.183843722114833613e+19 4.218458296856593203e+19 4.259966560518344704e+19 4.300220618605566362e+19 4.337904134598823117e+19 4.370821170432468582e+19 4.397533214316653773e+19 4.418756151237147853e+19 3.809704230042202931e+19
4.143766625792722534e+19 4.144538930181515674e+19 4.161105275594537370e+19 4.183843722114833613e+19 4.218458296856593203e+19 4.259966560518344704e+19 4.300220618605566362e+19 4.337904134598823117e+19 4.370821170432469402e+19 4.397533214316653773e+19 4.418756151237148672e+19 3.809704230042202931e+19
4.143766625792720896e+19 4.144538930181514854e+19 4.161105275594537370e+19 4.183843722114833613e+19 4.218458296856594022e+19 4.259966560518343066e+19 4.300220618605565542e+19 4.337904134598823117e+19 4.370821170432470221e+19 4.397533214316655411e+19 4.418756151237149491e+19 3.809704230042202931e+19
4.143766625792721715e+19 4.144538930181514854e+19 4.161105275594537370e+19 4.183843722114834432e+19 4.218458296856593203e+19 4.259966560518343885e+19 4.300220618605564723e+19 4.337904134598823117e+19 4.370821170432470221e+19 4.397533214316653773e+19 4.418756151237150310e+19 3.809704230042202112e+19
4.143766625792721715e+19 4.144538930181514854e+19 4.161105275594535731e+19 4.183843722114834432e+19 4.218458296856592384e+19 4.259966560518343885e+19 4.300220618605564723e+19 4.337904134598823936e+19 4.370821170432471859e+19 4.397533214316652954e+19 4.418756151237149491e+19 3.809704230042202931e+19
4.143766625792720896e+19 4.144538930181515674e+19 4.161105275594534912e+19 4.183843722114834432e+19 4.218458296856592384e+19 4.259966560518343885e+19 4.300220618605565542e+19 4.337904134598823117e+19 4.370821170432471859e+19 4.397533214316653773e+19 4.418756151237150310e+19 3.809704230042202112e+19
4.143766625792720896e+19 4.144538930181517312e+19 4.161105275594536550e+19 4.183843722114834432e+19 4.218458296856592384e+19 4.259966560518343885e+19 4.300220618605563085e+19 4.337904134598823117e+19 4.370821170432471859e+19 4.397533214316652134e+19 4.418756151237148672e+19 3.809704230042202112e+19
4.143766625792720077e+19 4.144538930181515674e+19 4.161105275594539008e+19 4.183843722114834432e+19 4.218458296856590746e+19 4.259966560518345523e+19 4.300220618605565542e+19 4.337904134598823936e+19 4.370821170432473498e+19 4.397533214316652134e+19 4.418756151237149491e+19 3.809704230042202112e+19
4.143766625792720077e+19 4.144538930181515674e+19 4.161105275594540646e+19 4.183843722114834432e+19 4.218458296856590746e+19 4.259966560518346342e+19 4.300220618605563904e+19 4.337904134598822298e+19 4.370821170432474317e+19 4.397533214316648858e+19 4.418756151237150310e+19 3.809704230042202112e+19
4.143766625792720896e+19 4.144538930181518131e+19 4.161105275594540646e+19 4.183843722114836070e+19 4.218458296856589926e+19 4.259966560518346342e+19 4.300220618605564723e+19 4.337904134598821478e+19 4.370821170432475136e+19 4.397533214316649677e+19 4.418756151237150310e+19 3.809704230042202931e+19
4.143766625792721715e+19 4.144538930181517312e+19 4.161105275594540646e+19 4.183843722114837709e+19 4.218458296856589926e+19 4.259966560518348800e+19 4.300220618605566362e+19 4.337904134598821478e+19 4.370821170432475955e+19 4.397533214316649677e+19 4.418756151237150310e+19 3.809704230042202112e+19
4.143766625792722534e+19 4.144538930181518131e+19 4.161105275594541466e+19 4.183843722114837709e+19 4.218458296856589107e+19 4.259966560518348800e+19 4.300220618605567181e+19 4.337904134598822298e+19 4.370821170432476774e+19 4.397533214316648858e+19 4.418756151237148672e+19 3.809704230042202112e+19
4.143766625792722534e+19 4.144538930181517312e+19 4.161105275594541466e+19 4.183843722114838528e+19 4.218458296856589107e+19 4.259966560518349619e+19 4.300220618605567181e+19 4.337904134598820659e+19 4.370821170432478413e+19 4.397533214316650496e+19 4.418756151237147853e+19 3.809704230042202112e+19
4.143766625792721715e+19 4.144538930181518131e+19 4.161105275594539827e+19 4.183843722114839347e+19 4.218458296856588288e+19 4.259966560518350438e+19 4.300220618605568000e+19 4.337904134598821478e+19 4.370821170432477594e+19 4.397533214316652134e+19 4.418756151237147034e+19 3.809704230042202931e+19
4.143766625792721715e+19 4.144538930181518950e+19 4.161105275594539827e+19 4.183843722114839347e+19 4.218458296856587469e+19 4.259966560518352077e+19 4.300220618605569638e+19 4.337904134598823117e+19 4.370821170432478413e+19 4.397533214316651315e+19 4.418756151237145395e+19 3.809704230042202112e+19
4.143766625792720077e+19 4.144538930181519770e+19 4.161105275594539827e+19 4.183843722114838528e+19 4.218458296856587469e+19 4.259966560518352077e+19 4.300220618605570458e+19 4.337904134598823936e+19 4.370821170432478413e+19 4.397533214316652954e+19 4.418756151237147034e+19 3.809704230042201293e+19
4.143766625792721715e+19 4.144538930181520589e+19 4.161105275594539827e+19 4.183843722114838528e+19 4.218458296856587469e+19 4.259966560518352077e+19 4.300220618605571277e+19 4.337904134598823117e+19 4.370821170432475136e+19 4.397533214316652134e+19 4.418756151237145395e+19 3.809704230042200474e+19
4.143766625792722534e+19 4.144538930181522227e+19 4.161105275594541466e+19 4.183843722114837709e+19 4.218458296856587469e+19 4.259966560518354534e+19 4.300220618605569638e+19 4.337904134598823936e+19 4.370821170432475955e+19 4.397533214316651315e+19 4.418756151237146214e+19 3.809704230042199654e+19
4.143766625792723354e+19 4.144538930181522227e+19 4.161105275594540646e+19 4.183843722114837709e+19 4.218458296856587469e+19 4.259966560518354534e+19 4.300220618605570458e+19 4.337904134598823117e+19 4.370821170432480051e+19 4.397533214316649677e+19 4.418756151237147034e+19 3.809704230042199654e+19
4.143766625792723354e+19 4.144538930181521408e+19 4.161105275594539827e+19 4.183843722114838528e+19 4.218458296856587469e+19 4.259966560518353715e+19 4.300220618605570458e+19 4.337904134598825574e+19 4.370821170432476774e+19 4.397533214316648858e+19 4.418756151237147853e+19 3.809704230042199654e+19
4.143766625792723354e+19 4.144538930181521408e+19 4.161105275594539827e+19 4.183843722114837709e+19 4.218458296856588288e+19 4.259966560518354534e+19 4.300220618605572915e+19 4.337904134598824755e+19 4.370821170432477594e+19 4.397533214316650496e+19 4.418756151237147034e+19 3.809704230042199654e+19
4.143766625792723354e+19 4.144538930181522227e+19 4.161105275594539827e+19 4.183843722114837709e+19 4.218458296856587469e+19 4.259966560518354534e+19 4.300220618605573734e+19 4.337904134598824755e+19 4.370821170432478413e+19 4.397533214316649677e+19 4.418756151237147034e+19 3.809704230042198835e+19
4.143766625792722534e+19 4.144538930181522227e+19 4.161105275594540646e+19 4.183843722114836070e+19 4.218458296856588288e+19 4.259966560518354534e+19 4.300220618605574554e+19 4.337904134598823936e+19 4.370821170432478413e+19 4.397533214316648858e+19 4.418756151237146214e+19 3.809704230042199654e+19
4.143766625792723354e+19 4.144538930181520589e+19 4.161105275594541466e+19 4.183843722114835251e+19 4.218458296856588288e+19 4.259966560518355354e+19 4.300220618605578650e+19 4.337904134598823117e+19 4.370821170432479232e+19 4.397533214316648038e+19 4.418756151237146214e+19 3.809704230042198835e+19
4.143766625792723354e+19 4.144538930181521408e+19 4.161105275594541466e+19 4.183843722114836070e+19 4.218458296856588288e+19 4.259966560518356992e+19 4.300220618605580288e+19 4.337904134598823117e+19 4.370821170432478413e+19 4.397533214316649677e+19 4.418756151237146214e+19 3.809704230042198835e+19
4.143766625792724173e+19 4.144538930181522227e+19 4.161105275594542285e+19 4.183843722114836070e+19 4.218458296856588288e+19 4.259966560518356992e+19 4.300220618605578650e+19 4.337904134598821478e+19 4.370821170432479232e+19 4.397533214316648038e+19 4.418756151237144576e+19 3.809704230042198835e+19
4.143766625792724173e+19 4.144538930181523046e+19 4.161105275594543104e+19 4.183843722114836070e+19 4.218458296856589107e+19 4.259966560518356992e+19 4.300220618605581107e+19 4.337904134598823117e+19 4.370821170432481690e+19 4.397533214316649677e+19 4.418756151237145395e+19 3.809704230042198835e+19
4.143766625792723354e+19 4.144538930181523866e+19 4.161105275594543923e+19 4.183843722114835251e+19 4.218458296856589926e+19 4.259966560518356992e+19 4.300220618605579469e+19 4.337904134598823117e+19 4.370821170432481690e+19 4.397533214316648858e+19 4.418756151237146214e+19 3.809704230042198016e+19
4.143766625792724173e+19 4.144538930181523046e+19 4.161105275594543923e+19 4.183843722114835251e+19 4.218458296856590746e+19 4.259966560518357811e+19 4.300220618605577830e+19 4.337904134598821478e+19 4.370821170432480051e+19 4.397533214316648038e+19 4.418756151237147034e+19 3.809704230042198016e+19
4.143766625792724173e+19 4.144538930181521408e+19 4.161105275594543923e+19 4.183843722114836070e+19 4.218458296856590746e+19 4.259966560518356992e+19 4.300220618605576192e+19 4.337904134598822298e+19 4.370821170432481690e+19 4.397533214316648038e+19 4.418756151237145395e+19 3.809704230042198016e+19
4.143766625792722534e+19 4.144538930181520589e+19 4.161105275594543104e+19 4.183843722114834432e+19 4.218458296856591565e+19 4.259966560518359450e+19 4.300220618605575373e+19 4.337904134598821478e+19 4.370821170432481690e+19 4.397533214316647219e+19 4.418756151237145395e+19 3.809704230042198835e+19
4.143766625792724173e+19 4.144538930181518950e+19 4.161105275594542285e+19 4.183843722114834432e+19 4.218458296856591565e+19 4.259966560518357811e+19 4.300220618605575373e+19 4.337904134598821478e+19 4.370821170432484147e+19 4.397533214316647219e+19 4.418756151237146214e+19 3.809704230042198835e+19
4.143766625792724992e+19 4.144538930181517312e+19 4.161105275594541466e+19 4.183843722114835251e+19 4.218458296856591565e+19 4.259966560518356992e+19 4.300220618605574554e+19 4.337904134598821478e+19 4.370821170432485786e+19 4.397533214316647219e+19 4.418756151237146214e+19 3.809704230042198016e+19
4.143766625792724992e+19 4.144538930181516493e+19 4.161105275594541466e+19 4.183843722114835251e+19 4.218458296856592384e+19 4.259966560518356992e+19 4.300220618605575373e+19 4.337904134598820659e+19 4.370821170432484966e+19 4.397533214316647219e+19 4.418756151237147034e+19 3.809704230042199654e+19
4.143766625792724992e+19 4.144538930181515674e+19 4.161105275594541466e+19 4.183843722114834432e+19 4.218458296856592384e+19 4.259966560518356992e+19 4.300220618605574554e+19 4.337904134598819021e+19 4.370821170432484966e+19 4.397533214316648038e+19 4.418756151237147034e+19 3.809704230042199654e+19
4.143766625792724992e+19 4.144538930181516493e+19 4.161105275594540646e+19 4.183843722114834432e+19 4.218458296856594022e+19 4.259966560518357811e+19 4.300220618605572915e+19 4.337904134598819021e+19 4.370821170432484966e+19 4.397533214316647219e+19 4.418756151237147034e+19 3.809704230042200474e+19
4.143766625792724992e+19 4.144538930181515674e+19 4.161105275594540646e+19 4.183843722114834432e+19 4.218458296856595661e+19 4.259966560518357811e+19 4.300220618605573734e+19 4.337904134598819840e+19 4.370821170432486605e+19 4.397533214316648038e+19 4.418756151237145395e+19 3.809704230042200474e+19
4.143766625792725811e+19 4.144538930181514854e+19 4.161105275594542285e+19 4.183843722114833613e+19 4.218458296856596480e+19 4.259966560518357811e+19 4.300220618605572915e+19 4.337904134598819840e+19 4.370821170432485786e+19 4.397533214316648038e+19 4.418756151237147034e+19 3.809704230042199654e+19
4.143766625792728269e+19 4.144538930181514035e+19 4.161105275594543923e+19 4.183843722114832794e+19 4.218458296856596480e+19 4.259966560518359450e+19 4.300220618605573734e+19 4.337904134598822298e+19 4.370821170432484966e+19 4.397533214316647219e+19 4.418756151237145395e+19 3.809704230042199654e+19
4.143766625792727450e+19 4.144538930181514854e+19 4.161105275594541466e+19 4.183843722114831974e+19 4.218458296856597299e+19 4.259966560518357811e+19 4.300220618605575373e+19 4.337904134598822298e+19 4.370821170432483328e+19 4.397533214316645581e+19 4.418756151237144576e+19 3.809704230042200474e+19
4.143766625792727450e+19 4.144538930181514854e+19 4.161105275594540646e+19 4.183843722114831974e+19 4.218458296856598118e+19 4.259966560518358630e+19 4.300220618605576192e+19 4.337904134598821478e+19 4.370821170432483328e+19 4.397533214316645581e+19 4.418756151237145395e+19 3.809704230042199654e+19
4.143766625792726630e+19 4.144538930181513216e+19 4.161105275594540646e+19 4.183843722114831974e+19 4.218458296856597299e+19 4.259966560518356992e+19 4.300220618605577011e+19 4.337904134598821478e+19 4.370821170432482509e+19 4.397533214316645581e+19 4.418756151237142938e+19 3.809704230042198835e+19
4.143766625792726630e+19 4.144538930181514035e+19 4.161105275594542285e+19 4.183843722114832794e+19 4.218458296856597299e+19 4.259966560518356992e+19 4.300220618605576192e+19 4.337904134598822298e+19 4.370821170432481690e+19 4.397533214316647219e+19 4.418756151237144576e+19 3.809704230042198016e+19
4.143766625792723354e+19 4.144538930181513216e+19 4.161105275594541466e+19 4.183843722114832794e+19 4.218458296856597299e+19 4.259966560518358630e+19 4.300220618605574554e+19 4.337904134598823117e+19 4.370821170432481690e+19 4.397533214316646400e+19 4.418756151237143757e+19 3.809704230042197197e+19
4.143766625792722534e+19 4.144538930181514035e+19 4.161105275594541466e+19 4.183843722114832794e+19 4.218458296856598118e+19 4.259966560518361088e+19 4.300220618605574554e+19 4.337904134598823117e+19 4.370821170432483328e+19 4.397533214316645581e+19 4.418756151237142938e+19 3.809704230042197197e+19
4.143766625792723354e+19 4.144538930181513216e+19 4.161105275594541466e+19 4.183843722114834432e+19 4.218458296856598118e+19 4.259966560518358630e+19 4.300220618605576192e+19 4.337904134598820659e+19 4.370821170432484147e+19 4.397533214316645581e+19 4.418756151237142118e+19 3.809704230042198016e+19
4.143766625792724173e+19 4.144538930181514035e+19 4.161105275594540646e+19 4.183843722114834432e+19 4.218458296856597299e+19 4.259966560518358630e+19 4.300220618605574554e+19 4.337904134598821478e+19 4.370821170432484966e+19 4.397533214316645581e+19 4.418756151237140480e+19 3.809704230042198016e+19
4.143766625792724992e+19 4.144538930181515674e+19 4.161105275594539008e+19 4.183843722114834432e+19 4.218458296856597299e+19 4.259966560518359450e+19 4.300220618605574554e+19 4.337904134598821478e+19 4.370821170432484966e+19 4.397533214316645581e+19 4.418756151237140480e+19 3.809704230042198835e+19
4.143766625792723354e+19 4.144538930181517312e+19 4.161105275594540646e+19 4.183843722114834432e+19 4.218458296856596480e+19 4.259966560518356992e+19 4.300220618605573734e+19 4.337904134598823117e+19 4.370821170432484966e+19 4.397533214316642304e+19 4.418756151237138022e+19 3.809704230042198835e+19
4.143766625792722534e+19 4.144538930181517312e+19 4.161105275594542285e+19 4.183843722114832794e+19 4.218458296856596480e+19 4.259966560518356173e+19 4.300220618605574554e+19 4.337904134598823117e+19 4.370821170432487424e+19 4.397533214316641485e+19 4.418756151237138022e+19 3.809704230042199654e+19
4.143766625792720896e+19 4.144538930181516493e+19 4.161105275594543104e+19 4.183843722114832794e+19 4.218458296856596480e+19 4.259966560518356173e+19 4.300220618605573734e+19 4.337904134598825574e+19 4.370821170432489062e+19 4.397533214316642304e+19 4.418756151237138842e+19 3.809704230042199654e+19
4.143766625792721715e+19 4.144538930181514854e+19 4.161105275594543923e+19 4.183843722114833613e+19 4.218458296856596480e+19 4.259966560518354534e+19 4.300220618605573734e+19 4.337904134598826394e+19 4.370821170432488243e+19 4.397533214316643123e+19 4.418756151237138022e+19 3.809704230042199654e+19
4.143766625792722534e+19 4.144538930181516493e+19 4.161105275594545562e+19 4.183843722114832794e+19 4.218458296856597299e+19 4.259966560518355354e+19 4.300220618605572915e+19 4.337904134598825574e+19 4.370821170432489882e+19 4.397533214316643942e+19 4.418756151237138842e+19 3.809704230042199654e+19
4.143766625792722534e+19 4.144538930181518131e+19 4.161105275594544742e+19 4.183843722114832794e+19 4.218458296856595661e+19 4.259966560518354534e+19 4.300220618605571277e+19 4.337904134598825574e+19 4.370821170432489062e+19 4.397533214316643942e+19 4.418756151237139661e+19 3.809704230042199654e+19
4.143766625792724992e+19 4.144538930181516493e+19 4.161105275594543923e+19 4.183843722114832794e+19 4.218458296856596480e+19 4.259966560518353715e+19 4.300220618605572096e+19 4.337904134598823936e+19 4.370821170432489062e+19 4.397533214316643123e+19 4.418756151237139661e+19 3.809704230042199654e+19
4.143766625792724173e+19 4.144538930181516493e+19 4.161105275594545562e+19 4.183843722114832794e+19 4.218458296856595661e+19 4.259966560518353715e+19 4.300220618605569638e+19 4.337904134598825574e+19 4.370821170432489882e+19 4.397533214316641485e+19 4.418756151237138842e+19 3.809704230042200474e+19
4.143766625792723354e+19 4.144538930181517312e+19 4.161105275594545562e+19 4.183843722114832794e+19 4.218458296856594842e+19 4.259966560518353715e+19 4.300220618605568000e+19 4.337904134598825574e+19 4.370821170432489062e+19 4.397533214316640666e+19 4.418756151237137203e+19 3.809704230042201293e+19
4.143766625792723354e+19 4.144538930181517312e+19 4.161105275594543923e+19 4.183843722114832794e+19 4.218458296856594842e+19 4.259966560518354534e+19 4.300220618605568000e+19 4.337904134598824755e+19 4.370821170432488243e+19 4.397533214316643123e+19 4.418756151237138022e+19 3.809704230042201293e+19
4.143766625792725811e+19 4.144538930181517312e+19 4.161105275594545562e+19 4.183843722114832794e+19 4.218458296856594022e+19 4.259966560518354534e+19 4.300220618605569638e+19 4.337904134598823936e+19 4.370821170432487424e+19 4.397533214316643123e+19 4.418756151237140480e+19 3.809704230042199654e+19
4.143766625792724992e+19 4.144538930181516493e+19 4.161105275594546381e+19 4.183843722114832794e+19 4.218458296856593203e+19 4.259966560518356173e+19 4.300220618605569638e+19 4.337904134598824755e+19 4.370821170432487424e+19 4.397533214316643942e+19 4.418756151237140480e+19 3.809704230042200474e+19
4.143766625792725811e+19 4.144538930181517312e+19 4.161105275594547200e+19 4.183843722114832794e+19 4.218458296856593203e+19 4.259966560518356992e+19 4.300220618605568819e+19 4.337904134598823117e+19 4.370821170432485786e+19 4.397533214316644762e+19 4.418756151237142938e+19 3.809704230042201293e+19
4.143766625792725811e+19 4.144538930181518950e+19 4.161105275594548019e+19 4.183843722114833613e+19 4.218458296856592384e+19 4.259966560518358630e+19 4.300220618605568819e+19 4.337904134598823117e+19 4.370821170432484966e+19 4.397533214316643942e+19 4.418756151237142938e+19 3.809704230042201293e+19
4.143766625792726630e+19 4.144538930181518950e+19 4.161105275594546381e+19 4.183843722114832794e+19 4.218458296856593203e+19 4.259966560518360269e+19 4.300220618605568819e+19 4.337904134598822298e+19 4.370821170432484147e+19 4.397533214316644762e+19 4.418756151237143757e+19 3.809704230042201293e+19
4.143766625792726630e+19 4.144538930181520589e+19 4.161105275594545562e+19 4.183843722114833613e+19 4.218458296856593203e+19 4.259966560518359450e+19 4.300220618605572096e+19 4.337904134598820659e+19 4.370821170432484966e+19 4.397533214316646400e+19 4.418756151237144576e+19 3.809704230042201293e+19
4.143766625792725811e+19 4.144538930181518131e+19 4.161105275594543923e+19 4.183843722114833613e+19 4.218458296856594022e+19 4.259966560518360269e+19 4.300220618605572915e+19 4.337904134598821478e+19 4.370821170432487424e+19 4.397533214316647219e+19 4.418756151237144576e+19 3.809704230042201293e+19
4.143766625792726630e+19 4.144538930181517312e+19 4.161105275594543104e+19 4.183843722114834432e+19 4.218458296856594022e+19 4.259966560518361088e+19 4.300220618605572096e+19 4.337904134598820659e+19 4.370821170432488243e+19 4.397533214316647219e+19 4.418756151237143757e+19 3.809704230042201293e+19
4.143766625792725811e+19 4.144538930181515674e+19 4.161105275594542285e+19 4.183843722114834432e+19 4.218458296856594842e+19 4.259966560518361088e+19 4.300220618605573734e+19 4.337904134598821478e+19 4.370821170432488243e+19 4.397533214316646400e+19 4.418756151237141299e+19 3.809704230042200474e+19
4.143766625792726630e+19 4.144538930181515674e+19 4.161105275594543104e+19 4.183843722114834432e+19 4.218458296856594842e+19 4.259966560518360269e+19 4.300220618605572915e+19 4.337904134598819840e+19 4.370821170432488243e+19 4.397533214316646400e+19 4.418756151237142118e+19 3.809704230042200474e+19
4.143766625792724992e+19 4.144538930181514854e+19 4.161105275594543923e+19 4.183843722114832794e+19 4.218458296856595661e+19 4.259966560518361088e+19 4.300220618605573734e+19 4.337904134598821478e+19 4.370821170432489062e+19 4.397533214316648038e+19 4.418756151237140480e+19 3.809704230042200474e+19
4.143766625792725811e+19 4.144538930181514854e+19 4.161105275594544742e+19 4.183843722114832794e+19 4.218458296856594842e+19 4.259966560518361088e+19 4.300220618605572096e+19 4.337904134598820659e+19 4.370821170432490701e+19 4.397533214316648038e+19 4.418756151237140480e+19 3.809704230042200474e+19
4.143766625792727450e+19 4.144538930181514854e+19 4.161105275594545562e+19 4.183843722114832794e+19 4.218458296856594022e+19 4.259966560518360269e+19 4.300220618605573734e+19 4.337904134598821478e+19 4.370821170432489882e+19 4.397533214316647219e+19 4.418756151237138022e+19 3.809704230042201293e+19
4.143766625792727450e+19 4.144538930181514854e+19 4.161105275594546381e+19 4.183843722114832794e+19 4.218458296856594022e+19 4.259966560518361088e+19 4.300220618605574554e+19 4.337904134598820659e+19 4.370821170432491520e+19 4.397533214316646400e+19 4.418756151237137203e+19 3.809704230042201293e+19
4.143766625792726630e+19 4.144538930181514854e+19 4.161105275594547200e+19 4.183843722114833613e+19 4.218458296856594022e+19 4.259966560518361907e+19 4.300220618605574554e+19 4.337904134598821478e+19 4.370821170432491520e+19 4.397533214316646400e+19 4.418756151237136384e+19 3.809704230042200474e+19
4.143766625792726630e+19 4.144538930181514035e+19 4.161105275594548838e+19 4.183843722114833613e+19 4.218458296856592384e+19 4.259966560518361907e+19 4.300220618605574554e+19 4.337904134598821478e+19 4.370821170432491520e+19 4.397533214316647219e+19 4.418756151237133926e+19 3.809704230042200474e+19
4.143766625792729088e+19 4.144538930181516493e+19 4.161105275594548838e+19 4.183843722114833613e+19 4.218458296856594022e+19 4.259966560518361907e+19 4.300220618605575373e+19 4.337904134598823117e+19 4.370821170432491520e+19 4.397533214316647219e+19 4.418756151237134746e+19 3.809704230042199654e+19
4.143766625792729088e+19 4.144538930181518131e+19 4.161105275594550477e+19 4.183843722114834432e+19 4.218458296856595661e+19 4.259966560518361907e+19 4.300220618605574554e+19 4.337904134598823936e+19 4.370821170432492339e+19 4.397533214316645581e+19 4.418756151237133107e+19 3.809704230042199654e+19
4.143766625792729907e+19 4.144538930181520589e+19 4.161105275594550477e+19 4.183843722114835251e+19 4.218458296856595661e+19 4.259966560518362726e+19 4.300220618605575373e+19 4.337904134598823936e+19 4.370821170432492339e+19 4.397533214316647219e+19 4.418756151237133926e+19 3.809704230042198835e+19
4.143766625792729907e+19 4.144538930181520589e+19 4.161105275594550477e+19 4.183843722114834432e+19 4.218458296856595661e+19 4.259966560518363546e+19 4.300220618605575373e+19 4.337904134598824755e+19 4.370821170432489882e+19 4.397533214316645581e+19 4.418756151237135565e+19 3.809704230042198835e+19
4.143766625792729088e+19 4.144538930181517312e+19 4.161105275594550477e+19 4.183843722114833613e+19 4.218458296856596480e+19 4.259966560518362726e+19 4.300220618605576192e+19 4.337904134598823936e+19 4.370821170432489882e+19 4.397533214316643942e+19 4.418756151237136384e+19 3.809704230042198835e+19
4.143766625792728269e+19 4.144538930181518131e+19 4.161105275594548838e+19 4.183843722114834432e+19 4.218458296856596480e+19 4.259966560518361907e+19 4.300220618605576192e+19 4.337904134598823936e+19 4.370821170432489062e+19 4.397533214316643123e+19 4.418756151237133926e+19 3.809704230042198016e+19
4.143766625792726630e+19 4.144538930181518950e+19 4.161105275594548019e+19 4.183843722114832794e+19 4.218458296856597299e+19 4.259966560518364365e+19 4.300220618605576192e+19 4.337904134598823936e+19 4.370821170432486605e+19 4.397533214316645581e+19 4.418756151237133107e+19 3.809704230042198016e+19
4.143766625792726630e+19 4.144538930181518950e+19 4.161105275594545562e+19 4.183843722114832794e+19 4.218458296856597299e+19 4.259966560518363546e+19 4.300220618605574554e+19 4.337904134598823117e+19 4.370821170432485786e+19 4.397533214316645581e+19 4.418756151237133107e+19 3.809704230042198016e+19
4.143766625792725811e+19 4.144538930181518131e+19 4.161105275594545562e+19 4.183843722114831974e+19 4.218458296856597299e+19 4.259966560518361907e+19 4.300220618605573734e+19 4.337904134598822298e+19 4.370821170432484147e+19 4.397533214316643942e+19 4.418756151237132288e+19 3.809704230042198835e+19
4.143766625792729907e+19 4.144538930181518131e+19 4.161105275594548019e+19 4.183843722114831974e+19 4.218458296856596480e+19 4.259966560518361907e+19 4.300220618605574554e+19 4.337904134598821478e+19 4.370821170432481690e+19 4.397533214316645581e+19 4.418756151237132288e+19 3.809704230042199654e+19
4.143766625792728269e+19 4.144538930181518950e+19 4.161105275594548019e+19 4.183843722114831974e+19 4.218458296856596480e+19 4.259966560518361907e+19 4.300220618605574554e+19 4.337904134598819840e+19 4.370821170432482509e+19 4.397533214316645581e+19 4.418756151237131469e+19 3.809704230042198835e+19
4.143766625792729907e+19 4.144538930181516493e+19 4.161105275594548019e+19 4.183843722114832794e+19 4.218458296856596480e+19 4.259966560518361088e+19 4.300220618605576192e+19 4.337904134598819840e+19 4.370821170432480051e+19 4.397533214316647219e+19 4.418756151237132288e+19 3.809704230042198016e+19
4.143766625792729907e+19 4.144538930181519770e+19 4.161105275594548838e+19 4.183843722114832794e+19 4.218458296856596480e+19 4.259966560518361907e+19 4.300220618605577830e+19 4.337904134598817382e+19 4.370821170432479232e+19 4.397533214316647219e+19 4.418756151237134746e+19 3.809704230042198016e+19
4.143766625792731546e+19 4.144538930181520589e+19 4.161105275594548019e+19 4.183843722114834432e+19 4.218458296856597299e+19 4.259966560518361088e+19 4.300220618605575373e+19 4.337904134598816563e+19 4.370821170432479232e+19 4.397533214316646400e+19 4.418756151237135565e+19 3.809704230042197197e+19
4.143766625792732365e+19 4.144538930181522227e+19 4.161105275594548838e+19 4.183843722114834432e+19 4.218458296856596480e+19 4.259966560518360269e+19 4.300220618605575373e+19 4.337904134598816563e+19 4.370821170432480051e+19 4.397533214316648858e+19 4.418756151237137203e+19 3.809704230042198016e+19
4.143766625792730726e+19 4.144538930181521408e+19 4.161105275594549658e+19 4.183843722114835251e+19 4.218458296856595661e+19 4.259966560518361088e+19 4.300220618605573734e+19 4.337904134598818202e+19 4.370821170432480870e+19 4.397533214316647219e+19 4.418756151237135565e+19 3.809704230042198835e+19
4.143766625792729907e+19 4.144538930181523046e+19 4.161105275594548838e+19 4.183843722114835251e+19 4.218458296856595661e+19 4.259966560518358630e+19 4.300220618605573734e+19 4.337904134598819840e+19 4.370821170432480051e+19 4.397533214316646400e+19 4.418756151237136384e+19 3.809704230042198835e+19
4.143766625792730726e+19 4.144538930181523866e+19 4.161105275594548838e+19 4.183843722114834432e+19 4.218458296856596480e+19 4.259966560518357811e+19 4.300220618605572915e+19 4.337904134598819840e+19 4.370821170432481690e+19 4.397533214316645581e+19 4.418756151237137203e+19 3.809704230042198016e+19
4.143766625792731546e+19 4.144538930181523866e+19 4.161105275594549658e+19 4.183843722114834432e+19 4.218458296856596480e+19 4.259966560518357811e+19 4.300220618605572096e+19 4.337904134598821478e+19 4.370821170432480870e+19 4.397533214316648038e+19 4.418756151237138842e+19 3.809704230042198016e+19
4.143766625792731546e+19 4.144538930181524685e+19 4.161105275594548838e+19 4.183843722114835251e+19 4.218458296856598118e+19 4.259966560518356992e+19 4.300220618605571277e+19 4.337904134598822298e+19 4.370821170432482509e+19 4.397533214316648038e+19 4.418756151237137203e+19 3.809704230042198016e+19
4.143766625792731546e+19 4.144538930181527142e+19 4.161105275594548019e+19 4.183843722114835251e+19 4.218458296856598118e+19 4.259966560518353715e+19 4.300220618605571277e+19 4.337904134598822298e+19 4.370821170432483328e+19 4.397533214316648858e+19 4.418756151237136384e+19 3.809704230042198016e+19
4.143766625792731546e+19 4.144538930181525504e+19 4.161105275594547200e+19 4.183843722114836070e+19 4.218458296856598118e+19 4.259966560518354534e+19 4.300220618605571277e+19 4.337904134598823936e+19 4.370821170432480870e+19 4.397533214316648858e+19 4.418756151237138842e+19 3.809704230042198835e+19
4.143766625792732365e+19 4.144538930181524685e+19 4.161105275594546381e+19 4.183843722114836890e+19 4.218458296856598118e+19 4.259966560518352896e+19 4.300220618605570458e+19 4.337904134598824755e+19 4.370821170432480870e+19 4.397533214316648038e+19 4.418756151237136384e+19 3.809704230042198016e+19
4.143766625792733184e+19 4.144538930181523866e+19 4.161105275594549658e+19 4.183843722114837709e+19 4.218458296856598118e+19 4.259966560518353715e+19 4.300220618605572096e+19 4.337904134598823117e+19 4.370821170432482509e+19 4.397533214316647219e+19 4.418756151237134746e+19 3.809704230042198835e+19
4.143766625792733184e+19 4.144538930181521408e+19 4.161105275594548838e+19 4.183843722114837709e+19 4.218458296856598118e+19 4.259966560518352077e+19 4.300220618605572915e+19 4.337904134598823117e+19 4.370821170432483328e+19 4.397533214316644762e+19 4.418756151237133926e+19 3.809704230042199654e+19
4.143766625792734003e+19 4.144538930181522227e+19 4.161105275594548838e+19 4.183843722114836890e+19 4.218458296856598118e+19 4.259966560518353715e+19 4.300220618605573734e+19 4.337904134598824755e+19 4.370821170432484147e+19 4.397533214316643942e+19 4.418756151237133107e+19 3.809704230042199654e+19
4.143766625792732365e+19 4.144538930181521408e+19 4.161105275594548019e+19 4.183843722114836890e+19 4.218458296856598118e+19 4.259966560518353715e+19 4.300220618605574554e+19 4.337904134598824755e+19 4.370821170432484966e+19 4.397533214316644762e+19 4.418756151237133107e+19 3.809704230042198835e+19
4.143766625792730726e+19 4.144538930181519770e+19 4.161105275594548019e+19 4.183843722114837709e+19 4.218458296856598938e+19 4.259966560518355354e+19 4.300220618605574554e+19 4.337904134598826394e+19 4.370821170432486605e+19 4.397533214316645581e+19 4.418756151237133107e+19 3.809704230042199654e+19
4.143766625792733184e+19 4.144538930181519770e+19 4.161105275594548838e+19 4.183843722114837709e+19 4.218458296856598938e+19 4.259966560518353715e+19 4.300220618605575373e+19 4.337904134598827213e+19 4.370821170432486605e+19 4.397533214316646400e+19 4.418756151237133107e+19 3.809704230042199654e+19
4.143766625792734003e+19 4.144538930181516493e+19 4.161105275594548019e+19 4.183843722114837709e+19 4.218458296856599757e+19 4.259966560518354534e+19 4.300220618605575373e+19 4.337904134598826394e+19 4.370821170432487424e+19 4.397533214316646400e+19 4.418756151237133926e+19 3.809704230042198835e+19
4.143766625792733184e+19 4.144538930181516493e+19 4.161105275594548019e+19 4.183843722114836890e+19 4.218458296856600576e+19 4.259966560518355354e+19 4.300220618605575373e+19 4.337904134598826394e+19 4.370821170432487424e+19 4.397533214316644762e+19 4.418756151237133107e+19 3.809704230042198835e+19
4.143766625792731546e+19 4.144538930181518131e+19 4.161105275594548838e+19 4.183843722114836070e+19 4.218458296856600576e+19 4.259966560518355354e+19 4.300220618605576192e+19 4.337904134598826394e+19 4.370821170432488243e+19 4.397533214316643942e+19 4.418756151237133107e+19 3.809704230042199654e+19
4.143766625792728269e+19 4.144538930181518131e+19 4.161105275594548019e+19 4.183843722114836070e+19 4.218458296856600576e+19 4.259966560518356173e+19 4.300220618605577011e+19 4.337904134598826394e+19 4.370821170432486605e+19 4.397533214316644762e+19 4.418756151237133107e+19 3.809704230042199654e+19
4.143766625792729088e+19 4.144538930181519770e+19 4.161105275594546381e+19 4.183843722114835251e+19 4.218458296856600576e+19 4.259966560518355354e+19 4.300220618605576192e+19 4.337904134598826394e+19 4.370821170432485786e+19 4.397533214316645581e+19 4.418756151237133107e+19 3.809704230042199654e+19
4.143766625792731546e+19 4.144538930181521408e+19 4.161105275594547200e+19 4.183843722114834432e+19 4.218458296856600576e+19 4.259966560518356992e+19 4.300220618605575373e+19 4.337904134598828032e+19 4.370821170432485786e+19 4.397533214316645581e+19 4.418756151237133107e+19 3.809704230042198835e+19
4.143766625792732365e+19 4.144538930181523046e+19 4.161105275594546381e+19 4.183843722114834432e+19 4.218458296856601395e+19 4.259966560518356173e+19 4.300220618605573734e+19 4.337904134598827213e+19 4.370821170432484147e+19 4.397533214316644762e+19 4.418756151237131469e+19 3.809704230042199654e+19
4.143766625792730726e+19 4.144538930181523866e+19 4.161105275594547200e+19 4.183843722114835251e+19 4.218458296856602214e+19 4.259966560518356173e+19 4.300220618605573734e+19 4.337904134598828032e+19 4.370821170432484966e+19 4.397533214316645581e+19 4.418756151237132288e+19 3.809704230042199654e+19
4.143766625792730726e+19 4.144538930181523866e+19 4.161105275594548019e+19 4.183843722114835251e+19 4.218458296856602214e+19 4.259966560518355354e+19 4.300220618605574554e+19 4.337904134598828032e+19 4.370821170432484966e+19 4.397533214316645581e+19 4.418756151237131469e+19 3.809704230042199654e+19
4.143766625792729088e+19 4.144538930181523866e+19 4.161105275594547200e+19 4.183843722114836070e+19 4.218458296856601395e+19 4.259966560518355354e+19 4.300220618605573734e+19 4.337904134598828032e+19 4.370821170432485786e+19 4.397533214316646400e+19 4.418756151237132288e+19 3.809704230042200474e+19
4.143766625792728269e+19 4.144538930181524685e+19 4.161105275594548019e+19 4.183843722114836890e+19 4.218458296856600576e+19 4.259966560518356173e+19 4.300220618605572915e+19 4.337904134598828032e+19 4.370821170432488243e+19 4.397533214316645581e+19 4.418756151237132288e+19 3.809704230042200474e+19
4.143766625792727450e+19 4.144538930181523046e+19 4.161105275594548838e+19 4.183843722114837709e+19 4.218458296856600576e+19 4.259966560518355354e+19 4.300220618605572915e+19 4.337904134598828851e+19 4.370821170432488243e+19 4.397533214316647219e+19 4.418756151237132288e+19 3.809704230042201293e+19
4.143766625792727450e+19 4.144538930181523866e+19 4.161105275594549658e+19 4.183843722114836890e+19 4.218458296856599757e+19 4.259966560518353715e+19 4.300220618605572915e+19 4.337904134598828851e+19 4.370821170432487424e+19 4.397533214316645581e+19 4.418756151237130650e+19 3.809704230042202112e+19
4.143766625792728269e+19 4.144538930181525504e+19 4.161105275594550477e+19 4.183843722114837709e+19 4.218458296856599757e+19 4.259966560518354534e+19 4.300220618605572915e+19 4.337904134598828032e+19 4.370821170432488243e+19 4.397533214316643123e+19 4.418756151237130650e+19 3.809704230042202112e+19
4.143766625792729088e+19 4.144538930181524685e+19 4.161105275594550477e+19 4.183843722114837709e+19 4.218458296856598938e+19 4.259966560518353715e+19 4.300220618605572096e+19 4.337904134598828032e+19 4.370821170432486605e+19 4.397533214316643942e+19 4.418756151237130650e+19 3.809704230042202112e+19
4.143766625792727450e+19 4.144538930181524685e+19 4.161105275594549658e+19 4.183843722114838528e+19 4.218458296856599757e+19 4.259966560518352896e+19 4.300220618605572096e+19 4.337904134598825574e+19 4.370821170432486605e+19 4.397533214316644762e+19 4.418756151237133107e+19 3.809704230042201293e+19
4.143766625792726630e+19 4.144538930181523866e+19 4.161105275594549658e+19 4.183843722114837709e+19 4.218458296856600576e+19 4.259966560518352896e+19 4.300220618605573734e+19 4.337904134598824755e+19 4.370821170432485786e+19 4.397533214316644762e+19 4.418756151237132288e+19 3.809704230042202112e+19
4.143766625792726630e+19 4.144538930181523046e+19 4.161105275594549658e+19 4.183843722114837709e+19 4.218458296856600576e+19 4.259966560518352077e+19 4.300220618605573734e+19 4.337904134598823936e+19 4.370821170432485786e+19 4.397533214316643942e+19 4.418756151237132288e+19 3.809704230042201293e+19
4.143766625792724992e+19 4.144538930181522227e+19 4.161105275594547200e+19 4.183843722114837709e+19 4.218458296856601395e+19 4.259966560518352896e+19 4.300220618605572915e+19 4.337904134598825574e+19 4.370821170432485786e+19 4.397533214316643942e+19 4.418756151237133107e+19 3.809704230042201293e+19
4.143766625792725811e+19 4.144538930181522227e+19 4.161105275594547200e+19 4.183843722114837709e+19 4.218458296856602214e+19 4.259966560518352077e+19 4.300220618605572915e+19 4.337904134598825574e+19 4.370821170432488243e+19 4.397533214316644762e+19 4.418756151237134746e+19 3.809704230042202112e+19
4.143766625792725811e+19 4.144538930181522227e+19 4.161105275594547200e+19 4.183843722114837709e+19 4.218458296856601395e+19 4.259966560518353715e+19 4.300220618605573734e+19 4.337904134598827213e+19 4.370821170432486605e+19 4.397533214316644762e+19 4.418756151237133926e+19 3.809704230042202112e+19
4.143766625792724992e+19 4.144538930181523046e+19 4.161105275594544742e+19 4.183843722114837709e+19 4.218458296856601395e+19 4.259966560518354534e+19 4.300220618605571277e+19 4.337904134598825574e+19 4.370821170432487424e+19 4.397533214316645581e+19 4.418756151237133107e+19 3.809704230042201293e+19
4.143766625792723354e+19 4.144538930181521408e+19 4.161105275594545562e+19 4.183843722114838528e+19 4.218458296856600576e+19 4.259966560518354534e+19 4.300220618605569638e+19 4.337904134598824755e+19 4.370821170432488243e+19 4.397533214316643942e+19 4.418756151237133107e+19 3.809704230042200474e+19
4.143766625792723354e+19 4.144538930181522227e+19 4.161105275594544742e+19 4.183843722114837709e+19 4.218458296856600576e+19 4.259966560518353715e+19 4.300220618605570458e+19 4.337904134598826394e+19 4.370821170432487424e+19 4.397533214316645581e+19 4.418756151237133926e+19 3.809704230042200474e+19
4.143766625792723354e+19 4.144538930181520589e+19 4.161105275594542285e+19 4.183843722114837709e+19 4.218458296856599757e+19 4.259966560518354534e+19 4.300220618605571277e+19 4.337904134598827213e+19 4.370821170432488243e+19 4.397533214316644762e+19 4.418756151237134746e+19 3.809704230042200474e+19
4.143766625792723354e+19 4.144538930181522227e+19 4.161105275594543104e+19 4.183843722114837709e+19 4.218458296856599757e+19 4.259966560518354534e+19 4.300220618605572096e+19 4.337904134598828032e+19 4.370821170432486605e+19 4.397533214316644762e+19 4.418756151237133926e+19 3.809704230042199654e+19
4.143766625792724992e+19 4.144538930181523046e+19 4.161105275594543923e+19 4.183843722114837709e+19 4.218458296856598938e+19 4.259966560518355354e+19 4.300220618605573734e+19 4.337904134598827213e+19 4.370821170432487424e+19 4.397533214316643123e+19 4.418756151237132288e+19 3.809704230042200474e+19
4.143766625792724173e+19 4.144538930181523866e+19 4.161105275594542285e+19 4.183843722114838528e+19 4.218458296856598118e+19 4.259966560518353715e+19 4.300220618605574554e+19 4.337904134598828032e+19 4.370821170432489062e+19 4.397533214316643942e+19 4.418756151237129830e+19 3.809704230042199654e+19
4.143766625792724173e+19 4.144538930181524685e+19 4.161105275594543923e+19 4.183843722114838528e+19 4.218458296856598118e+19 4.259966560518352896e+19 4.300220618605575373e+19 4.337904134598827213e+19 4.370821170432488243e+19 4.397533214316643942e+19 4.418756151237130650e+19 3.809704230042199654e+19
4.143766625792724173e+19 4.144538930181523866e+19 4.161105275594540646e+19 4.183843722114838528e+19 4.218458296856597299e+19 4.259966560518351258e+19 4.300220618605573734e+19 4.337904134598827213e+19 4.370821170432487424e+19 4.397533214316641485e+19 4.418756151237129011e+19 3.809704230042199654e+19
4.143766625792724173e+19 4.144538930181525504e+19 4.161105275594539008e+19 4.183843722114838528e+19 4.218458296856596480e+19 4.259966560518352077e+19 4.300220618605574554e+19 4.337904134598828851e+19 4.370821170432487424e+19 4.397533214316641485e+19 4.418756151237127373e+19 3.809704230042199654e+19
4.143766625792724992e+19 4.144538930181524685e+19 4.161105275594539008e+19 4.183843722114837709e+19 4.218458296856596480e+19 4.259966560518352896e+19 4.300220618605574554e+19 4.337904134598828851e+19 4.370821170432486605e+19 4.397533214316642304e+19 4.418756151237128192e+19 3.809704230042199654e+19
4.143766625792722534e+19 4.144538930181524685e+19 4.161105275594537370e+19 4.183843722114836890e+19 4.218458296856595661e+19 4.259966560518352896e+19 4.300220618605574554e+19 4.337904134598827213e+19 4.370821170432487424e+19 4.397533214316643123e+19 4.418756151237127373e+19 3.809704230042199654e+19
4.143766625792723354e+19 4.144538930181523866e+19 4.161105275594538189e+19 4.183843722114837709e+19 4.218458296856594842e+19 4.259966560518354534e+19 4.300220618605575373e+19 4.337904134598828851e+19 4.370821170432489882e+19 4.397533214316643123e+19 4.418756151237127373e+19 3.809704230042198835e+19
4.143766625792723354e+19 4.144538930181521408e+19 4.161105275594537370e+19 4.183843722114839347e+19 4.218458296856595661e+19 4.259966560518353715e+19 4.300220618605572915e+19 4.337904134598828032e+19 4.370821170432491520e+19 4.397533214316643123e+19 4.418756151237127373e+19 3.809704230042198835e+19
4.143766625792724992e+19 4.144538930181523046e+19 4.161105275594538189e+19 4.183843722114838528e+19 4.218458296856594842e+19 4.259966560518355354e+19 4.300220618605572915e+19 4.337904134598828032e+19 4.370821170432491520e+19 4.397533214316643942e+19 4.418756151237127373e+19 3.809704230042198835e+19
4.143766625792724992e+19 4.144538930181523866e+19 4.161105275594538189e+19 4.183843722114838528e+19 4.218458296856595661e+19 4.259966560518356173e+19 4.300220618605571277e+19 4.337904134598828032e+19 4.370821170432492339e+19 4.397533214316643942e+19 4.418756151237125734e+19 3.809704230042199654e+19
4.143766625792724173e+19 4.144538930181524685e+19 4.161105275594537370e+19 4.183843722114839347e+19 4.218458296856596480e+19 4.259966560518356173e+19 4.300220618605572096e+19 4.337904134598827213e+19 4.370821170432492339e+19 4.397533214316643123e+19 4.418756151237125734e+19 3.809704230042199654e+19
4.143766625792723354e+19 4.144538930181524685e+19 4.161105275594535731e+19 4.183843722114839347e+19 4.218458296856597299e+19 4.259966560518355354e+19 4.300220618605572915e+19 4.337904134598828032e+19 4.370821170432492339e+19 4.397533214316640666e+19 4.418756151237124915e+19 3.809704230042198835e+19
4.143766625792724173e+19 4.144538930181523866e+19 4.161105275594537370e+19 4.183843722114839347e+19 4.218458296856597299e+19 4.259966560518355354e+19 4.300220618605572096e+19 4.337904134598828032e+19 4.370821170432491520e+19 4.397533214316639846e+19 4.418756151237124915e+19 3.809704230042199654e+19
4.143766625792724992e+19 4.144538930181523866e+19 4.161105275594539827e+19 4.183843722114840166e+19 4.218458296856598118e+19 4.259966560518355354e+19 4.300220618605573734e+19 4.337904134598830490e+19 4.370821170432491520e+19 4.397533214316640666e+19 4.418756151237124915e+19 3.809704230042198835e+19
4.143766625792723354e+19 4.144538930181523046e+19 4.161105275594540646e+19 4.183843722114840166e+19 4.218458296856598118e+19 4.259966560518354534e+19 4.300220618605572096e+19 4.337904134598830490e+19 4.370821170432493158e+19 4.397533214316639846e+19 4.418756151237125734e+19 3.809704230042198835e+19
4.143766625792721715e+19 4.144538930181522227e+19 4.161105275594541466e+19 4.183843722114840166e+19 4.218458296856598938e+19 4.259966560518353715e+19 4.300220618605572096e+19 4.337904134598831309e+19 4.370821170432491520e+19 4.397533214316639027e+19 4.418756151237125734e+19 3.809704230042198835e+19
4.143766625792721715e+19 4.144538930181522227e+19 4.161105275594539827e+19 4.183843722114840166e+19 4.218458296856598938e+19 4.259966560518354534e+19 4.300220618605572096e+19 4.337904134598831309e+19 4.370821170432490701e+19 4.397533214316640666e+19 4.418756151237125734e+19 3.809704230042198016e+19
4.143766625792720896e+19 4.144538930181520589e+19 4.161105275594539827e+19 4.183843722114839347e+19 4.218458296856599757e+19 4.259966560518356173e+19 4.300220618605571277e+19 4.337904134598831309e+19 4.370821170432490701e+19 4.397533214316640666e+19 4.418756151237124915e+19 3.809704230042199654e+19
4.143766625792722534e+19 4.144538930181521408e+19 4.161105275594540646e+19 4.183843722114839347e+19 4.218458296856599757e+19 4.259966560518356992e+19 4.300220618605571277e+19 4.337904134598831309e+19 4.370821170432490701e+19 4.397533214316641485e+19 4.418756151237122458e+19 3.809704230042198835e+19
4.143766625792721715e+19 4.144538930181518950e+19 4.161105275594539827e+19 4.183843722114839347e+19 4.218458296856598938e+19 4.259966560518355354e+19 4.300220618605572915e+19 4.337904134598832128e+19 4.370821170432489882e+19 4.397533214316642304e+19 4.418756151237124096e+19 3.809704230042198016e+19
4.143766625792722534e+19 4.144538930181519770e+19 4.161105275594539008e+19 4.183843722114839347e+19 4.218458296856598938e+19 4.259966560518356173e+19 4.300220618605572915e+19 4.337904134598832947e+19 4.370821170432489882e+19 4.397533214316642304e+19 4.418756151237122458e+19 3.809704230042198016e+19
4.143766625792721715e+19 4.144538930181521408e+19 4.161105275594539008e+19 4.183843722114839347e+19 4.218458296856598938e+19 4.259966560518355354e+19 4.300220618605572096e+19 4.337904134598832947e+19 4.370821170432489882e+19 4.397533214316641485e+19 4.418756151237120819e+19 3.809704230042198835e+19
4.143766625792723354e+19 4.144538930181519770e+19 4.161105275594539008e+19 4.183843722114839347e+19 4.218458296856598118e+19 4.259966560518352896e+19 4.300220618605572096e+19 4.337904134598833766e+19 4.370821170432489062e+19 4.397533214316642304e+19 4.418756151237120000e+19 3.809704230042198835e+19
4.143766625792723354e+19 4.144538930181519770e+19 4.161105275594538189e+19 4.183843722114838528e+19 4.218458296856597299e+19 4.259966560518354534e+19 4.300220618605572096e+19 4.337904134598832947e+19 4.370821170432489062e+19 4.397533214316641485e+19 4.418756151237119181e+19 3.809704230042198016e+19
4.143766625792723354e+19 4.144538930181517312e+19 4.161105275594540646e+19 4.183843722114839347e+19 4.218458296856598118e+19 4.259966560518353715e+19 4.300220618605573734e+19 4.337904134598833766e+19 4.370821170432488243e+19 4.397533214316642304e+19 4.418756151237119181e+19 3.809704230042198016e+19
4.143766625792721715e+19 4.144538930181517312e+19 4.161105275594539008e+19 4.183843722114839347e+19 4.218458296856598118e+19 4.259966560518352896e+19 4.300220618605573734e+19 4.337904134598835405e+19 4.370821170432488243e+19 4.397533214316643942e+19 4.418756151237120000e+19 3.809704230042197197e+19
4.143766625792721715e+19 4.144538930181517312e+19 4.161105275594538189e+19 4.183843722114839347e+19 4.218458296856597299e+19 4.259966560518352077e+19 4.300220618605575373e+19 4.337904134598834586e+19 4.370821170432487424e+19 4.397533214316642304e+19 4.418756151237119181e+19 3.809704230042198016e+19
4.143766625792720077e+19 4.144538930181514854e+19 4.161105275594538189e+19 4.183843722114840166e+19 4.218458296856595661e+19 4.259966560518352896e+19 4.300220618605576192e+19 4.337904134598834586e+19 4.370821170432486605e+19 4.397533214316643123e+19 4.418756151237119181e+19 3.809704230042197197e+19
4.143766625792720077e+19 4.144538930181514854e+19 4.161105275594538189e+19 4.183843722114840166e+19 4.218458296856595661e+19 4.259966560518352896e+19 4.300220618605576192e+19 4.337904134598832128e+19 4.370821170432486605e+19 4.397533214316644762e+19 4.418756151237120000e+19 3.809704230042196378e+19
4.143766625792720077e+19 4.144538930181514035e+19 4.161105275594534912e+19 4.183843722114840986e+19 4.218458296856595661e+19 4.259966560518353715e+19 4.300220618605577011e+19 4.337904134598830490e+19 4.370821170432484147e+19 4.397533214316647219e+19 4.418756151237119181e+19 3.809704230042196378e+19
4.143766625792717619e+19 4.144538930181512397e+19 4.161105275594537370e+19 4.183843722114840986e+19 4.218458296856595661e+19 4.259966560518353715e+19 4.300220618605577830e+19 4.337904134598830490e+19 4.370821170432484966e+19 4.397533214316647219e+19 4.418756151237118362e+19 3.809704230042196378e+19
4.143766625792718438e+19 4.144538930181511578e+19 4.161105275594537370e+19 4.183843722114840986e+19 4.218458296856595661e+19 4.259966560518353715e+19 4.300220618605576192e+19 4.337904134598830490e+19 4.370821170432487424e+19 4.397533214316648858e+19 4.418756151237119181e+19 3.809704230042196378e+19
4.143766625792718438e+19 4.144538930181512397e+19 4.161105275594538189e+19 4.183843722114841805e+19 4.218458296856595661e+19 4.259966560518354534e+19 4.300220618605575373e+19 4.337904134598829670e+19 4.370821170432486605e+19 4.397533214316648038e+19 4.418756151237116723e+19 3.809704230042197197e+19
4.143766625792716800e+19 4.144538930181512397e+19 4.161105275594539008e+19 4.183843722114842624e+19 4.218458296856594022e+19 4.259966560518356173e+19 4.300220618605576192e+19 4.337904134598828032e+19 4.370821170432486605e+19 4.397533214316646400e+19 4.418756151237116723e+19 3.809704230042197197e+19
4.143766625792715981e+19 4.144538930181510758e+19 4.161105275594539008e+19 4.183843722114841805e+19 4.218458296856594022e+19 4.259966560518356173e+19 4.300220618605577011e+19 4.337904134598827213e+19 4.370821170432486605e+19 4.397533214316643942e+19 4.418756151237119181e+19 3.809704230042198016e+19
4.143766625792717619e+19 4.144538930181510758e+19 4.161105275594538189e+19 4.183843722114841805e+19 4.218458296856593203e+19 4.259966560518356173e+19 4.300220618605578650e+19 4.337904134598828851e+19 4.370821170432488243e+19 4.397533214316643942e+19 4.418756151237118362e+19 3.809704230042197197e+19
4.143766625792717619e+19 4.144538930181513216e+19 4.161105275594539008e+19 4.183843722114842624e+19 4.218458296856594022e+19 4.259966560518354534e+19 4.300220618605579469e+19 4.337904134598828032e+19 4.370821170432486605e+19 4.397533214316643123e+19 4.418756151237119181e+19 3.809704230042196378e+19
4.143766625792716800e+19 4.144538930181513216e+19 4.161105275594539827e+19 4.183843722114842624e+19 4.218458296856593203e+19 4.259966560518354534e+19 4.300220618605577830e+19 4.337904134598828851e+19 4.370821170432487424e+19 4.397533214316642304e+19 4.418756151237117542e+19 3.809704230042197197e+19
4.143766625792715162e+19 4.144538930181514854e+19 4.161105275594539827e+19 4.183843722114843443e+19 4.218458296856594022e+19 4.259966560518356173e+19 4.300220618605577830e+19 4.337904134598828851e+19 4.370821170432487424e+19 4.397533214316643123e+19 4.418756151237118362e+19 3.809704230042198016e+19
4.143766625792716800e+19 4.144538930181513216e+19 4.161105275594540646e+19 4.183843722114843443e+19 4.218458296856594022e+19 4.259966560518357811e+19 4.300220618605578650e+19 4.337904134598828851e+19 4.370821170432487424e+19 4.397533214316643123e+19 4.418756151237117542e+19 3.809704230042198835e+19
4.143766625792716800e+19 4.144538930181513216e+19 4.161105275594541466e+19 4.183843722114843443e+19 4.218458296856593203e+19 4.259966560518356173e+19 4.300220618605579469e+19 4.337904134598829670e+19 4.370821170432486605e+19 4.397533214316641485e+19 4.418756151237119181e+19 3.809704230042198835e+19
4.143766625792715981e+19 4.144538930181513216e+19 4.161105275594540646e+19 4.183843722114844262e+19 4.218458296856593203e+19 4.259966560518357811e+19 4.300220618605577011e+19 4.337904134598828851e+19 4.370821170432486605e+19 4.397533214316640666e+19 4.418756151237115904e+19 3.809704230042198835e+19
4.143766625792715981e+19 4.144538930181512397e+19 4.161105275594541466e+19 4.183843722114845901e+19 4.218458296856592384e+19 4.259966560518357811e+19 4.300220618605576192e+19 4.337904134598828851e+19 4.370821170432486605e+19 4.397533214316640666e+19 4.418756151237116723e+19 3.809704230042198835e+19
4.143766625792715162e+19 4.144538930181513216e+19 4.161105275594540646e+19 4.183843722114845901e+19 4.218458296856593203e+19 4.259966560518357811e+19 4.300220618605577011e+19 4.337904134598828851e+19 4.370821170432485786e+19 4.397533214316639027e+19 4.418756151237115904e+19 3.809704230042199654e+19
4.143766625792715162e+19 4.144538930181514035e+19 4.161105275594541466e+19 4.183843722114844262e+19 4.218458296856593203e+19 4.259966560518357811e+19 4.300220618605579469e+19 4.337904134598828032e+19 4.370821170432484966e+19 4.397533214316638208e+19 4.418756151237116723e+19 3.809704230042199654e+19
4.143766625792713523e+19 4.144538930181514854e+19 4.161105275594542285e+19 4.183843722114845082e+19 4.218458296856592384e+19 4.259966560518357811e+19 4.300220618605579469e+19 4.337904134598829670e+19 4.370821170432484966e+19 4.397533214316638208e+19 4.418756151237116723e+19 3.809704230042199654e+19
4.143766625792711885e+19 4.144538930181514854e+19 4.161105275594544742e+19 4.183843722114845901e+19 4.218458296856593203e+19 4.259966560518356992e+19 4.300220618605579469e+19 4.337904134598829670e+19 4.370821170432484966e+19 4.397533214316638208e+19 4.418756151237116723e+19 3.809704230042199654e+19
4.143766625792712704e+19 4.144538930181516493e+19 4.161105275594545562e+19 4.183843722114846720e+19 4.218458296856593203e+19 4.259966560518356173e+19 4.300220618605578650e+19 4.337904134598829670e+19 4.370821170432487424e+19 4.397533214316636570e+19 4.418756151237118362e+19 3.809704230042199654e+19
4.143766625792711885e+19 4.144538930181517312e+19 4.161105275594544742e+19 4.183843722114845901e+19 4.218458296856594022e+19 4.259966560518354534e+19 4.300220618605579469e+19 4.337904134598830490e+19 4.370821170432488243e+19 4.397533214316636570e+19 4.418756151237118362e+19 3.809704230042199654e+19
4.143766625792712704e+19 4.144538930181517312e+19 4.161105275594544742e+19 4.183843722114845901e+19 4.218458296856594022e+19 4.259966560518355354e+19 4.300220618605577830e+19 4.337904134598832128e+19 4.370821170432486605e+19 4.397533214316635750e+19 4.418756151237118362e+19 3.809704230042198835e+19
4.143766625792713523e+19 4.144538930181518131e+19 4.161105275594543104e+19 4.183843722114845901e+19 4.218458296856594022e+19 4.259966560518353715e+19 4.300220618605577830e+19 4.337904134598831309e+19 4.370821170432490701e+19 4.397533214316636570e+19 4.418756151237120000e+19 3.809704230042198835e+19
4.143766625792711885e+19 4.144538930181519770e+19 4.161105275594542285e+19 4.183843722114845901e+19 4.218458296856594022e+19 4.259966560518353715e+19 4.300220618605577830e+19 4.337904134598832128e+19 4.370821170432492339e+19 4.397533214316636570e+19 4.418756151237120819e+19 3.809704230042198835e+19
4.143766625792710246e+19 4.144538930181520589e+19 4.161105275594543104e+19 4.183843722114845082e+19 4.218458296856594022e+19 4.259966560518353715e+19 4.300220618605577011e+19 4.337904134598832128e+19 4.370821170432490701e+19 4.397533214316638208e+19 4.418756151237120819e+19 3.809704230042199654e+19
4.143766625792710246e+19 4.144538930181519770e+19 4.161105275594540646e+19 4.183843722114845082e+19 4.218458296856594022e+19 4.259966560518354534e+19 4.300220618605575373e+19 4.337904134598832128e+19 4.370821170432489062e+19 4.397533214316638208e+19 4.418756151237119181e+19 3.809704230042198835e+19
4.143766625792710246e+19 4.144538930181519770e+19 4.161105275594540646e+19 4.183843722114844262e+19 4.218458296856594022e+19 4.259966560518353715e+19 4.300220618605574554e+19 4.337904134598831309e+19 4.370821170432488243e+19 4.397533214316637389e+19 4.418756151237120000e+19 3.809704230042198835e+19
4.143766625792709427e+19 4.144538930181517312e+19 4.161105275594542285e+19 4.183843722114845901e+19 4.218458296856593203e+19 4.259966560518353715e+19 4.300220618605575373e+19 4.337904134598831309e+19 4.370821170432490701e+19 4.397533214316636570e+19 4.418756151237121638e+19 3.809704230042198016e+19
4.143766625792708608e+19 4.144538930181519770e+19 4.161105275594541466e+19 4.183843722114845901e+19 4.218458296856592384e+19 4.259966560518354534e+19 4.300220618605575373e+19 4.337904134598831309e+19 4.370821170432490701e+19 4.397533214316635750e+19 4.418756151237119181e+19 3.809704230042198016e+19
4.143766625792709427e+19 4.144538930181519770e+19 4.161105275594540646e+19 4.183843722114845901e+19 4.218458296856592384e+19 4.259966560518356173e+19 4.300220618605576192e+19 4.337904134598830490e+19 4.370821170432488243e+19 4.397533214316634931e+19 4.418756151237117542e+19 3.809704230042198016e+19
4.143766625792708608e+19 4.144538930181520589e+19 4.161105275594539827e+19 4.183843722114846720e+19 4.218458296856592384e+19 4.259966560518357811e+19 4.300220618605577830e+19 4.337904134598829670e+19 4.370821170432489882e+19 4.397533214316636570e+19 4.418756151237118362e+19 3.809704230042198016e+19
4.143766625792708608e+19 4.144538930181520589e+19 4.161105275594538189e+19 4.183843722114846720e+19 4.218458296856591565e+19 4.259966560518356992e+19 4.300220618605578650e+19 4.337904134598830490e+19 4.370821170432489882e+19 4.397533214316633293e+19 4.418756151237117542e+19 3.809704230042198016e+19
4.143766625792707789e+19 4.144538930181521408e+19 4.161105275594537370e+19 4.183843722114846720e+19 4.218458296856590746e+19 4.259966560518356173e+19 4.300220618605578650e+19 4.337904134598830490e+19 4.370821170432489882e+19 4.397533214316634931e+19 4.418756151237118362e+19 3.809704230042198016e+19
4.143766625792704512e+19 4.144538930181522227e+19 4.161105275594539008e+19 4.183843722114845901e+19 4.218458296856590746e+19 4.259966560518355354e+19 4.300220618605579469e+19 4.337904134598829670e+19 4.370821170432487424e+19 4.397533214316635750e+19 4.418756151237120000e+19 3.809704230042198016e+19
4.143766625792704512e+19 4.144538930181521408e+19 4.161105275594540646e+19 4.183843722114845901e+19 4.218458296856590746e+19 4.259966560518355354e+19 4.300220618605581107e+19 4.337904134598830490e+19 4.370821170432484966e+19 4.397533214316635750e+19 4.418756151237120000e+19 3.809704230042198016e+19
4.143766625792702874e+19 4.144538930181520589e+19 4.161105275594539827e+19 4.183843722114845901e+19 4.218458296856591565e+19 4.259966560518355354e+19 4.300220618605581107e+19 4.337904134598829670e+19 4.370821170432485786e+19 4.397533214316634112e+19 4.418756151237119181e+19 3.809704230042197197e+19
4.143766625792704512e+19 4.144538930181519770e+19 4.161105275594542285e+19 4.183843722114845901e+19 4.218458296856591565e+19 4.259966560518356173e+19 4.300220618605581107e+19 4.337904134598829670e+19 4.370821170432484147e+19 4.397533214316633293e+19 4.418756151237120819e+19 3.809704230042197197e+19
4.143766625792705331e+19 4.144538930181518131e+19 4.161105275594541466e+19 4.183843722114844262e+19 4.218458296856592384e+19 4.259966560518356173e+19 4.300220618605581107e+19 4.337904134598829670e+19 4.370821170432483328e+19 4.397533214316631654e+19 4.418756151237118362e+19 3.809704230042196378e+19
4.143766625792705331e+19 4.144538930181516493e+19 4.161105275594541466e+19 4.183843722114844262e+19 4.218458296856591565e+19 4.259966560518356173e+19 4.300220618605580288e+19 4.337904134598829670e+19 4.370821170432484147e+19 4.397533214316631654e+19 4.418756151237117542e+19 3.809704230042196378e+19
4.143766625792707789e+19 4.144538930181517312e+19 4.161105275594540646e+19 4.183843722114845901e+19 4.218458296856591565e+19 4.259966560518356992e+19 4.300220618605578650e+19 4.337904134598828851e+19 4.370821170432484147e+19 4.397533214316629197e+19 4.418756151237115904e+19 3.809704230042196378e+19
4.143766625792707789e+19 4.144538930181516493e+19 4.161105275594539008e+19 4.183843722114845901e+19 4.218458296856592384e+19 4.259966560518357811e+19 4.300220618605579469e+19 4.337904134598830490e+19 4.370821170432482509e+19 4.397533214316627558e+19 4.418756151237115085e+19 3.809704230042197197e+19
4.143766625792708608e+19 4.144538930181514854e+19 4.161105275594538189e+19 4.183843722114845901e+19 4.218458296856593203e+19 4.259966560518358630e+19 4.300220618605579469e+19 4.337904134598831309e+19 4.370821170432481690e+19 4.397533214316627558e+19 4.418756151237115904e+19 3.809704230042198835e+19
4.143766625792708608e+19 4.144538930181514035e+19 4.161105275594538189e+19 4.183843722114845901e+19 4.218458296856592384e+19 4.259966560518357811e+19 4.300220618605579469e+19 4.337904134598830490e+19 4.370821170432481690e+19 4.397533214316628378e+19 4.418756151237115904e+19 3.809704230042198016e+19
4.143766625792707789e+19 4.144538930181514854e+19 4.161105275594539008e+19 4.183843722114845901e+19 4.218458296856592384e+19 4.259966560518359450e+19 4.300220618605581107e+19 4.337904134598831309e+19 4.370821170432482509e+19 4.397533214316626739e+19 4.418756151237115904e+19 3.809704230042198016e+19
4.143766625792709427e+19 4.144538930181513216e+19 4.161105275594538189e+19 4.183843722114846720e+19 4.218458296856592384e+19 4.259966560518359450e+19 4.300220618605581926e+19 4.337904134598830490e+19 4.370821170432482509e+19 4.397533214316627558e+19 4.418756151237115904e+19 3.809704230042198835e+19
4.143766625792709427e+19 4.144538930181514035e+19 4.161105275594539008e+19 4.183843722114847539e+19 4.218458296856591565e+19 4.259966560518359450e+19 4.300220618605581107e+19 4.337904134598830490e+19 4.370821170432481690e+19 4.397533214316629197e+19 4.418756151237116723e+19 3.809704230042198835e+19
4.143766625792711066e+19 4.144538930181514854e+19 4.161105275594539008e+19 4.183843722114847539e+19 4.218458296856592384e+19 4.259966560518361088e+19 4.300220618605581107e+19 4.337904134598831309e+19 4.370821170432483328e+19 4.397533214316630016e+19 4.418756151237117542e+19 3.809704230042198835e+19
4.143766625792711885e+19 4.144538930181515674e+19 4.161105275594539827e+19 4.183843722114848358e+19 4.218458296856592384e+19 4.259966560518361088e+19 4.300220618605581107e+19 4.337904134598832128e+19 4.370821170432483328e+19 4.397533214316630835e+19 4.418756151237116723e+19 3.809704230042198016e+19
4.143766625792709427e+19 4.144538930181514035e+19 4.161105275594540646e+19 4.183843722114846720e+19 4.218458296856593203e+19 4.259966560518361907e+19 4.300220618605581107e+19 4.337904134598832947e+19 4.370821170432484147e+19 4.397533214316630835e+19 4.418756151237115904e+19 3.809704230042197197e+19
4.143766625792709427e+19 4.144538930181514035e+19 4.161105275594539008e+19 4.183843722114846720e+19 4.218458296856593203e+19 4.259966560518362726e+19 4.300220618605581107e+19 4.337904134598832128e+19 4.370821170432483328e+19 4.397533214316631654e+19 4.418756151237116723e+19 3.809704230042198016e+19
4.143766625792708608e+19 4.144538930181513216e+19 4.161105275594539827e+19 4.183843722114846720e+19 4.218458296856593203e+19 4.259966560518363546e+19 4.300220618605581107e+19 4.337904134598832947e+19 4.370821170432484966e+19 4.397533214316632474e+19 4.418756151237117542e+19 3.809704230042198835e+19
4.143766625792710246e+19 4.144538930181509939e+19 4.161105275594539827e+19 4.183843722114846720e+19 4.218458296856594022e+19 4.259966560518363546e+19 4.300220618605578650e+19 4.337904134598832947e+19 4.370821170432484147e+19 4.397533214316630835e+19 4.418756151237116723e+19 3.809704230042197197e+19
4.143766625792708608e+19 4.144538930181510758e+19 4.161105275594540646e+19 4.183843722114847539e+19 4.218458296856594022e+19 4.259966560518365184e+19 4.300220618605581107e+19 4.337904134598833766e+19 4.370821170432485786e+19 4.397533214316631654e+19 4.418756151237115904e+19 3.809704230042197197e+19
4.143766625792707789e+19 4.144538930181508301e+19 4.161105275594539827e+19 4.183843722114848358e+19 4.218458296856594842e+19 4.259966560518365184e+19 4.300220618605581107e+19 4.337904134598832947e+19 4.370821170432484966e+19 4.397533214316630835e+19 4.418756151237115085e+19 3.809704230042197197e+19
4.143766625792706970e+19 4.144538930181507482e+19 4.161105275594538189e+19 4.183843722114848358e+19 4.218458296856594022e+19 4.259966560518365184e+19 4.300220618605581926e+19 4.337904134598831309e+19 4.370821170432485786e+19 4.397533214316630016e+19 4.418756151237116723e+19 3.809704230042196378e+19
4.143766625792707789e+19 4.144538930181507482e+19 4.161105275594536550e+19 4.183843722114849178e+19 4.218458296856594842e+19 4.259966560518366003e+19 4.300220618605580288e+19 4.337904134598832947e+19 4.370821170432486605e+19 4.397533214316630835e+19 4.418756151237116723e+19 3.809704230042196378e+19
4.143766625792709427e+19 4.144538930181507482e+19 4.161105275594539008e+19 4.183843722114848358e+19 4.218458296856595661e+19 4.259966560518366822e+19 4.300220618605579469e+19 4.337904134598831309e+19 4.370821170432487424e+19 4.397533214316632474e+19 4.418756151237119181e+19 3.809704230042198016e+19
4.143766625792709427e+19 4.144538930181507482e+19 4.161105275594538189e+19 4.183843722114848358e+19 4.218458296856594022e+19 4.259966560518366822e+19 4.300220618605578650e+19 4.337904134598832128e+19 4.370821170432485786e+19 4.397533214316632474e+19 4.418756151237116723e+19 3.809704230042198835e+19
4.143766625792710246e+19 4.144538930181508301e+19 4.161105275594535731e+19 4.183843722114849178e+19 4.218458296856594022e+19 4.259966560518365184e+19 4.300220618605579469e+19 4.337904134598832947e+19 4.370821170432487424e+19 4.397533214316632474e+19 4.418756151237114266e+19 3.809704230042198016e+19
4.143766625792709427e+19 4.144538930181508301e+19 4.161105275594535731e+19 4.183843722114847539e+19 4.218458296856594842e+19 4.259966560518367642e+19 4.300220618605580288e+19 4.337904134598832947e+19 4.370821170432486605e+19 4.397533214316633293e+19 4.418756151237113446e+19 3.809704230042197197e+19
4.143766625792710246e+19 4.144538930181506662e+19 4.161105275594535731e+19 4.183843722114848358e+19 4.218458296856595661e+19 4.259966560518368461e+19 4.300220618605581107e+19 4.337904134598832947e+19 4.370821170432486605e+19 4.397533214316634112e+19 4.418756151237115085e+19 3.809704230042197197e+19
4.143766625792710246e+19 4.144538930181505843e+19 4.161105275594534912e+19 4.183843722114848358e+19 4.218458296856595661e+19 4.259966560518369280e+19 4.300220618605581107e+19 4.337904134598833766e+19 4.370821170432484966e+19 4.397533214316634112e+19 4.418756151237114266e+19 3.809704230042197197e+19
4.143766625792711066e+19 4.144538930181505024e+19 4.161105275594534912e+19 4.183843722114848358e+19 4.218458296856596480e+19 4.259966560518368461e+19 4.300220618605577830e+19 4.337904134598832947e+19 4.370821170432486605e+19 4.397533214316634112e+19 4.418756151237112627e+19 3.809704230042197197e+19
4.143766625792711066e+19 4.144538930181504205e+19 4.161105275594534912e+19 4.183843722114849178e+19 4.218458296856596480e+19 4.259966560518367642e+19 4.300220618605577830e+19 4.337904134598834586e+19 4.370821170432484966e+19 4.397533214316634112e+19 4.418756151237114266e+19 3.809704230042196378e+19
4.143766625792711885e+19 4.144538930181501747e+19 4.161105275594534093e+19 4.183843722114849178e+19 4.218458296856595661e+19 4.259966560518368461e+19 4.300220618605577830e+19 4.337904134598833766e+19 4.370821170432486605e+19 4.397533214316633293e+19 4.418756151237114266e+19 3.809704230042196378e+19
4.143766625792710246e+19 4.144538930181502566e+19 4.161105275594534093e+19 4.183843722114849178e+19 4.218458296856595661e+19 4.259966560518368461e+19 4.300220618605579469e+19 4.337904134598834586e+19 4.370821170432487424e+19 4.397533214316632474e+19 4.418756151237114266e+19 3.809704230042198016e+19
4.143766625792711885e+19 4.144538930181503386e+19 4.161105275594534093e+19 4.183843722114849997e+19 4.218458296856595661e+19 4.259966560518370099e+19 4.300220618605578650e+19 4.337904134598835405e+19 4.370821170432486605e+19 4.397533214316633293e+19 4.418756151237112627e+19 3.809704230042198835e+19
4.143766625792708608e+19 4.144538930181502566e+19 4.161105275594534093e+19 4.183843722114849997e+19 4.218458296856595661e+19 4.259966560518370099e+19 4.300220618605577830e+19 4.337904134598836224e+19 4.370821170432487424e+19 4.397533214316633293e+19 4.418756151237113446e+19 3.809704230042199654e+19
4.143766625792706970e+19 4.144538930181503386e+19 4.161105275594534912e+19 4.183843722114849997e+19 4.218458296856595661e+19 4.259966560518370099e+19 4.300220618605579469e+19 4.337904134598836224e+19 4.370821170432486605e+19 4.397533214316631654e+19 4.418756151237113446e+19 3.809704230042199654e+19
4.143766625792707789e+19 4.144538930181505024e+19 4.161105275594534093e+19 4.183843722114849997e+19 4.218458296856596480e+19 4.259966560518370099e+19 4.300220618605577830e+19 4.337904134598835405e+19 4.370821170432487424e+19 4.397533214316631654e+19 4.418756151237114266e+19 3.809704230042199654e+19
4.143766625792707789e+19 4.144538930181505024e+19 4.161105275594533274e+19 4.183843722114849997e+19 4.218458296856595661e+19 4.259966560518370918e+19 4.300220618605577830e+19 4.337904134598834586e+19 4.370821170432487424e+19 4.397533214316632474e+19 4.418756151237114266e+19 3.809704230042200474e+19
4.143766625792708608e+19 4.144538930181505843e+19 4.161105275594534093e+19 4.183843722114849997e+19 4.218458296856596480e+19 4.259966560518370918e+19 4.300220618605578650e+19 4.337904134598832947e+19 4.370821170432488243e+19 4.397533214316632474e+19 4.418756151237113446e+19 3.809704230042200474e+19
4.143766625792706970e+19 4.144538930181505024e+19 4.161105275594536550e+19 4.183843722114849997e+19 4.218458296856596480e+19 4.259966560518371738e+19 4.300220618605578650e+19 4.337904134598832947e+19 4.370821170432487424e+19 4.397533214316630835e+19 4.418756151237115085e+19 3.809704230042201293e+19
4.143766625792706150e+19 4.144538930181505024e+19 4.161105275594536550e+19 4.183843722114849997e+19 4.218458296856596480e+19 4.259966560518373376e+19 4.300220618605578650e+19 4.337904134598834586e+19 4.370821170432484966e+19 4.397533214316630835e+19 4.418756151237114266e+19 3.809704230042202112e+19
4.143766625792705331e+19 4.144538930181506662e+19 4.161105275594535731e+19 4.183843722114849997e+19 4.218458296856597299e+19 4.259966560518372557e+19 4.300220618605577830e+19 4.337904134598834586e+19 4.370821170432485786e+19 4.397533214316629197e+19 4.418756151237114266e+19 3.809704230042202112e+19
4.143766625792706150e+19 4.144538930181508301e+19 4.161105275594534912e+19 4.183843722114849997e+19 4.218458296856596480e+19 4.259966560518371738e+19 4.300220618605577830e+19 4.337904134598835405e+19 4.370821170432484147e+19 4.397533214316630016e+19 4.418756151237113446e+19 3.809704230042202112e+19
4.143766625792706150e+19 4.144538930181506662e+19 4.161105275594535731e+19 4.183843722114849997e+19 4.218458296856597299e+19 4.259966560518371738e+19 4.300220618605577011e+19 4.337904134598834586e+19 4.370821170432486605e+19 4.397533214316630016e+19 4.418756151237115085e+19 3.809704230042202112e+19
4.143766625792706150e+19 4.144538930181506662e+19 4.161105275594536550e+19 4.183843722114849997e+19 4.218458296856597299e+19 4.259966560518373376e+19 4.300220618605579469e+19 4.337904134598837862e+19 4.370821170432485786e+19 4.397533214316631654e+19 4.418756151237115085e+19 3.809704230042202112e+19
4.143766625792706150e+19 4.144538930181506662e+19 4.161105275594536550e+19 4.183843722114849997e+19 4.218458296856598118e+19 4.259966560518371738e+19 4.300220618605581107e+19 4.337904134598837043e+19 4.370821170432486605e+19 4.397533214316630016e+19 4.418756151237114266e+19 3.809704230042202931e+19
4.143766625792706150e+19 4.144538930181506662e+19 4.161105275594537370e+19 4.183843722114849997e+19 4.218458296856597299e+19 4.259966560518374195e+19 4.300220618605582746e+19 4.337904134598837862e+19 4.370821170432486605e+19 4.397533214316630835e+19 4.418756151237115085e+19 3.809704230042202112e+19
4.143766625792706150e+19 4.144538930181506662e+19 4.161105275594538189e+19 4.183843722114849997e+19 4.218458296856597299e+19 4.259966560518375014e+19 4.300220618605582746e+19 4.337904134598838682e+19 4.370821170432487424e+19 4.397533214316631654e+19 4.418756151237115085e+19 3.809704230042202112e+19
4.143766625792707789e+19 4.144538930181505024e+19 4.161105275594539827e+19 4.183843722114849997e+19 4.218458296856597299e+19 4.259966560518375014e+19 4.300220618605581926e+19 4.337904134598839501e+19 4.370821170432489062e+19 4.397533214316632474e+19 4.418756151237114266e+19 3.809704230042201293e+19
4.143766625792707789e+19 4.144538930181505843e+19 4.161105275594541466e+19 4.183843722114849997e+19 4.218458296856598118e+19 4.259966560518374195e+19 4.300220618605579469e+19 4.337904134598839501e+19 4.370821170432489882e+19 4.397533214316633293e+19 4.418756151237113446e+19 3.809704230042201293e+19
4.143766625792706970e+19 4.144538930181507482e+19 4.161105275594542285e+19 4.183843722114849997e+19 4.218458296856598938e+19 4.259966560518374195e+19 4.300220618605581107e+19 4.337904134598839501e+19 4.370821170432489062e+19 4.397533214316633293e+19 4.418756151237112627e+19 3.809704230042201293e+19
4.143766625792706970e+19 4.144538930181506662e+19 4.161105275594543104e+19 4.183843722114849997e+19 4.218458296856599757e+19 4.259966560518375834e+19 4.300220618605581107e+19 4.337904134598837862e+19 4.370821170432488243e+19 4.397533214316634931e+19 4.418756151237111808e+19 3.809704230042201293e+19
4.143766625792708608e+19 4.144538930181506662e+19 4.161105275594544742e+19 4.183843722114849997e+19 4.218458296856599757e+19 4.259966560518375834e+19 4.300220618605581107e+19 4.337904134598840320e+19 4.370821170432488243e+19 4.397533214316636570e+19 4.418756151237112627e+19 3.809704230042201293e+19
4.143766625792708608e+19 4.144538930181505843e+19 4.161105275594543104e+19 4.183843722114849997e+19 4.218458296856598938e+19 4.259966560518375014e+19 4.300220618605579469e+19 4.337904134598839501e+19 4.370821170432487424e+19 4.397533214316636570e+19 4.418756151237113446e+19 3.809704230042199654e+19
4.143766625792709427e+19 4.144538930181505024e+19 4.161105275594543104e+19 4.183843722114849997e+19 4.218458296856598938e+19 4.259966560518375834e+19 4.300220618605580288e+19 4.337904134598837862e+19 4.370821170432485786e+19 4.397533214316638208e+19 4.418756151237114266e+19 3.809704230042200474e+19
4.143766625792708608e+19 4.144538930181505024e+19 4.161105275594542285e+19 4.183843722114849997e+19 4.218458296856598938e+19 4.259966560518376653e+19 4.300220618605581107e+19 4.337904134598836224e+19 4.370821170432485786e+19 4.397533214316639027e+19 4.418756151237114266e+19 3.809704230042199654e+19
4.143766625792710246e+19 4.144538930181506662e+19 4.161105275594541466e+19 4.183843722114849997e+19 4.218458296856598938e+19 4.259966560518376653e+19 4.300220618605582746e+19 4.337904134598836224e+19 4.370821170432484147e+19 4.397533214316639027e+19 4.418756151237113446e+19 3.809704230042198835e+19
4.143766625792709427e+19 4.144538930181506662e+19 4.161105275594539827e+19 4.183843722114849997e+19 4.218458296856599757e+19 4.259966560518375014e+19 4.300220618605581107e+19 4.337904134598836224e+19 4.370821170432484147e+19 4.397533214316639846e+19 4.418756151237114266e+19 3.809704230042199654e+19
4.143766625792710246e+19 4.144538930181505843e+19 4.161105275594540646e+19 4.183843722114849997e+19 4.218458296856598938e+19 4.259966560518374195e+19 4.300220618605581926e+19 4.337904134598835405e+19 4.370821170432484147e+19 4.397533214316640666e+19 4.418756151237114266e+19 3.809704230042198835e+19
4.143766625792711885e+19 4.144538930181506662e+19 4.161105275594540646e+19 4.183843722114849997e+19 4.218458296856598118e+19 4.259966560518372557e+19 4.300220618605581107e+19 4.337904134598836224e+19 4.370821170432486605e+19 4.397533214316640666e+19 4.418756151237115085e+19 3.809704230042198016e+19
4.143766625792711066e+19 4.144538930181505843e+19 4.161105275594540646e+19 4.183843722114849997e+19 4.218458296856598118e+19 4.259966560518373376e+19 4.300220618605579469e+19 4.337904134598836224e+19 4.370821170432489062e+19 4.397533214316643942e+19 4.418756151237115904e+19 3.809704230042198835e+19
4.143766625792711885e+19 4.144538930181503386e+19 4.161105275594539827e+19 4.183843722114849997e+19 4.218458296856597299e+19 4.259966560518372557e+19 4.300220618605580288e+19 4.337904134598837043e+19 4.370821170432489062e+19 4.397533214316643123e+19 4.418756151237116723e+19 3.809704230042199654e+19
4.143766625792712704e+19 4.144538930181505024e+19 4.161105275594539827e+19 4.183843722114849997e+19 4.218458296856597299e+19 4.259966560518371738e+19 4.300220618605581107e+19 4.337904134598834586e+19 4.370821170432488243e+19 4.397533214316643123e+19 4.418756151237116723e+19 3.809704230042198835e+19
4.143766625792712704e+19 4.144538930181504205e+19 4.161105275594541466e+19 4.183843722114849997e+19 4.218458296856598118e+19 4.259966560518371738e+19 4.300220618605581926e+19 4.337904134598834586e+19 4.370821170432486605e+19 4.397533214316643123e+19 4.418756151237115904e+19 3.809704230042198835e+19
4.143766625792712704e+19 4.144538930181505024e+19 4.161105275594541466e+19 4.183843722114849997e+19 4.218458296856598118e+19 4.259966560518372557e+19 4.300220618605580288e+19 4.337904134598834586e+19 4.370821170432486605e+19 4.397533214316642304e+19 4.418756151237116723e+19 3.809704230042198016e+19
4.143766625792711885e+19 4.144538930181504205e+19 4.161105275594541466e+19 4.183843722114849997e+19 4.218458296856598938e+19 4.259966560518371738e+19 4.300220618605580288e+19 4.337904134598835405e+19 4.370821170432486605e+19 4.397533214316644762e+19 4.418756151237118362e+19 3.809704230042197197e+19
4.143766625792710246e+19 4.144538930181505024e+19 4.161105275594540646e+19 4.183843722114849997e+19 4.218458296856597299e+19 4.259966560518371738e+19 4.300220618605580288e+19 4.337904134598835405e+19 4.370821170432485786e+19 4.397533214316646400e+19 4.418756151237117542e+19 3.809704230042198016e+19
4.143766625792709427e+19 4.144538930181505843e+19 4.161105275594542285e+19 4.183843722114849997e+19 4.218458296856597299e+19 4.259966560518371738e+19 4.300220618605582746e+19 4.337904134598834586e+19 4.370821170432487424e+19 4.397533214316645581e+19 4.418756151237118362e+19 3.809704230042198016e+19
4.143766625792710246e+19 4.144538930181505843e+19 4.161105275594540646e+19 4.183843722114849997e+19 4.218458296856597299e+19 4.259966560518374195e+19 4.300220618605581107e+19 4.337904134598832947e+19 4.370821170432486605e+19 4.397533214316643942e+19 4.418756151237117542e+19 3.809704230042198835e+19
4.143766625792711066e+19 4.144538930181507482e+19 4.161105275594540646e+19 4.183843722114849997e+19 4.218458296856598118e+19 4.259966560518373376e+19 4.300220618605579469e+19 4.337904134598833766e+19 4.370821170432486605e+19 4.397533214316643123e+19 4.418756151237115085e+19 3.809704230042198835e+19
4.143766625792711885e+19 4.144538930181507482e+19 4.161105275594539827e+19 4.183843722114849997e+19 4.218458296856598938e+19 4.259966560518373376e+19 4.300220618605577830e+19 4.337904134598832947e+19 4.370821170432484966e+19 4.397533214316644762e+19 4.418756151237114266e+19 3.809704230042198016e+19
4.143766625792709427e+19 4.144538930181506662e+19 4.161105275594540646e+19 4.183843722114849997e+19 4.218458296856598938e+19 4.259966560518374195e+19 4.300220618605575373e+19 4.337904134598833766e+19 4.370821170432483328e+19 4.397533214316643942e+19 4.418756151237114266e+19 3.809704230042198016e+19
4.143766625792707789e+19 4.144538930181507482e+19 4.161105275594540646e+19 4.183843722114849997e+19 4.218458296856598938e+19 4.259966560518375834e+19 4.300220618605576192e+19 4.337904134598833766e+19 4.370821170432483328e+19 4.397533214316643123e+19 4.418756151237114266e+19 3.809704230042198835e+19
4.143766625792707789e+19 4.144538930181505843e+19 4.161105275594542285e+19 4.183843722114849997e+19 4.218458296856598938e+19 4.259966560518374195e+19 4.300220618605577011e+19 4.337904134598832947e+19 4.370821170432484147e+19 4.397533214316642304e+19 4.418756151237115085e+19 3.809704230042198835e+19
4.143766625792708608e+19 4.144538930181506662e+19 4.161105275594542285e+19 4.183843722114849997e+19 4.218458296856598938e+19 4.259966560518375014e+19 4.300220618605577830e+19 4.337904134598835405e+19 4.370821170432484147e+19 4.397533214316642304e+19 4.418756151237115904e+19 3.809704230042200474e+19
4.143766625792711066e+19 4.144538930181505843e+19 4.161105275594543923e+19 4.183843722114849997e+19 4.218458296856599757e+19 4.259966560518375014e+19 4.300220618605576192e+19 4.337904134598833766e+19 4.370821170432484147e+19 4.397533214316643123e+19 4.418756151237115085e+19 3.809704230042199654e+19
4.143766625792710246e+19 4.144538930181504205e+19 4.161105275594545562e+19 4.183843722114849997e+19 4.218458296856598938e+19 4.259966560518375014e+19 4.300220618605574554e+19 4.337904134598834586e+19 4.370821170432484966e+19 4.397533214316643123e+19 4.418756151237115085e+19 3.809704230042198835e+19
4.143766625792709427e+19 4.144538930181505843e+19 4.161105275594544742e+19 4.183843722114849997e+19 4.218458296856598938e+19 4.259966560518374195e+19 4.300220618605575373e+19 4.337904134598833766e+19 4.370821170432486605e+19 4.397533214316643123e+19 4.418756151237115904e+19 3.809704230042198835e+19
4.143766625792710246e+19 4.144538930181505024e+19 4.161105275594543104e+19 4.183843722114849997e+19 4.218458296856598938e+19 4.259966560518371738e+19 4.300220618605575373e+19 4.337904134598832947e+19 4.370821170432487424e+19 4.397533214316643942e+19 4.418756151237115904e+19 3.809704230042198835e+19
4.143766625792709427e+19 4.144538930181504205e+19 4.161105275594539827e+19 4.183843722114849997e+19 4.218458296856598938e+19 4.259966560518371738e+19 4.300220618605577011e+19 4.337904134598833766e+19 4.370821170432487424e+19 4.397533214316644762e+19 4.418756151237117542e+19 3.809704230042198016e+19
4.143766625792709427e+19 4.144538930181505024e+19 4.161105275594539827e+19 4.183843722114849997e+19 4.218458296856598938e+19 4.259966560518370918e+19 4.300220618605574554e+19 4.337904134598832128e+19 4.370821170432486605e+19 4.397533214316645581e+19 4.418756151237118362e+19 3.809704230042198016e+19
4.143766625792708608e+19 4.144538930181502566e+19 4.161105275594539008e+19 4.183843722114849997e+19 4.218458296856598938e+19 4.259966560518370099e+19 4.300220618605575373e+19 4.337904134598832128e+19 4.370821170432484966e+19 4.397533214316647219e+19 4.418756151237118362e+19 3.809704230042198016e+19
4.143766625792709427e+19 4.144538930181502566e+19 4.161105275594538189e+19 4.183843722114849997e+19 4.218458296856599757e+19 4.259966560518370099e+19 4.300220618605575373e+19 4.337904134598832947e+19 4.370821170432483328e+19 4.397533214316647219e+19 4.418756151237118362e+19 3.809704230042198835e+19
4.143766625792709427e+19 4.144538930181501747e+19 4.161105275594538189e+19 4.183843722114849997e+19 4.218458296856599757e+19 4.259966560518372557e+19 4.300220618605574554e+19 4.337904134598833766e+19 4.370821170432483328e+19 4.397533214316647219e+19 4.418756151237118362e+19 3.809704230042198835e+19
4.143766625792710246e+19 4.144538930181501747e+19 4.161105275594537370e+19 4.183843722114849997e+19 4.218458296856599757e+19 4.259966560518373376e+19 4.300220618605572096e+19 4.337904134598833766e+19 4.370821170432484147e+19 4.397533214316647219e+19 4.418756151237117542e+19 3.809704230042198835e+19
4.143766625792710246e+19 4.144538930181504205e+19 4.161105275594537370e+19 4.183843722114849997e+19 4.218458296856600576e+19 4.259966560518371738e+19 4.300220618605572915e+19 4.337904134598833766e+19 4.370821170432484147e+19 4.397533214316648858e+19 4.418756151237115904e+19 3.809704230042198835e+19
4.143766625792708608e+19 4.144538930181504205e+19 4.161105275594539827e+19 4.183843722114849997e+19 4.218458296856599757e+19 4.259966560518371738e+19 4.300220618605572096e+19 4.337904134598833766e+19 4.370821170432482509e+19 4.397533214316646400e+19 4.418756151237115904e+19 3.809704230042198016e+19
4.143766625792706970e+19 4.144538930181504205e+19 4.161105275594539827e+19 4.183843722114849997e+19 4.218458296856598938e+19 4.259966560518372557e+19 4.300220618605570458e+19 4.337904134598832947e+19 4.370821170432483328e+19 4.397533214316644762e+19 4.418756151237115904e+19 3.809704230042197197e+19
4.143766625792709427e+19 4.144538930181503386e+19 4.161105275594540646e+19 4.183843722114849997e+19 4.218458296856598938e+19 4.259966560518370918e+19 4.300220618605570458e+19 4.337904134598833766e+19 4.370821170432484966e+19 4.397533214316645581e+19 4.418756151237114266e+19 3.809704230042197197e+19
4.143766625792707789e+19 4.144538930181503386e+19 4.161105275594541466e+19 4.183843722114849997e+19 4.218458296856598938e+19 4.259966560518370099e+19 4.300220618605571277e+19 4.337904134598835405e+19 4.370821170432485786e+19 4.397533214316645581e+19 4.418756151237115904e+19 3.809704230042198016e+19
4.143766625792709427e+19 4.144538930181501747e+19 4.161105275594543923e+19 4.183843722114849997e+19 4.218458296856599757e+19 4.259966560518369280e+19 4.300220618605568819e+19 4.337904134598833766e+19 4.370821170432484147e+19 4.397533214316643123e+19 4.418756151237116723e+19 3.809704230042198016e+19
4.143766625792708608e+19 4.144538930181502566e+19 4.161105275594544742e+19 4.183843722114849997e+19 4.218458296856600576e+19 4.259966560518370918e+19 4.300220618605568819e+19 4.337904134598834586e+19 4.370821170432484966e+19 4.397533214316643942e+19 4.418756151237115904e+19 3.809704230042198016e+19
4.143766625792708608e+19 4.144538930181501747e+19 4.161105275594546381e+19 4.183843722114849997e+19 4.218458296856600576e+19 4.259966560518371738e+19 4.300220618605570458e+19 4.337904134598833766e+19 4.370821170432485786e+19 4.397533214316644762e+19 4.418756151237117542e+19 3.809704230042198016e+19
4.143766625792711066e+19 4.144538930181503386e+19 4.161105275594544742e+19 4.183843722114849997e+19 4.218458296856598938e+19 4.259966560518371738e+19 4.300220618605568819e+19 4.337904134598833766e+19 4.370821170432485786e+19 4.397533214316644762e+19 4.418756151237118362e+19 3.809704230042198016e+19
4.143766625792711885e+19 4.144538930181502566e+19 4.161105275594541466e+19 4.183843722114849997e+19 4.218458296856598938e+19 4.259966560518373376e+19 4.300220618605570458e+19 4.337904134598834586e+19 4.370821170432484966e+19 4.397533214316646400e+19 4.418756151237115904e+19 3.809704230042198016e+19
4.143766625792711885e+19 4.144538930181502566e+19 4.161105275594543104e+19 4.183843722114849997e+19 4.218458296856598938e+19 4.259966560518373376e+19 4.300220618605571277e+19 4.337904134598835405e+19 4.370821170432484147e+19 4.397533214316646400e+19 4.418756151237116723e+19 3.809704230042197197e+19
4.143766625792711066e+19 4.144538930181501747e+19 4.161105275594543104e+19 4.183843722114849997e+19 4.218458296856598938e+19 4.259966560518373376e+19 4.300220618605572096e+19 4.337904134598835405e+19 4.370821170432484966e+19 4.397533214316644762e+19 4.418756151237117542e+19 3.809704230042198016e+19
4.143766625792711885e+19 4.144538930181501747e+19 4.161105275594543104e+19 4.183843722114849997e+19 4.218458296856599757e+19 4.259966560518374195e+19 4.300220618605573734e+19 4.337904134598836224e+19 4.370821170432482509e+19 4.397533214316644762e+19 4.418756151237119181e+19 3.809704230042198016e+19
4.143766625792711066e+19 4.144538930181502566e+19 4.161105275594543104e+19 4.183843722114849997e+19 4.218458296856598938e+19 4.259966560518375014e+19 4.300220618605572915e+19 4.337904134598836224e+19 4.370821170432482509e+19 4.397533214316647219e+19 4.418756151237119181e+19 3.809704230042198016e+19
4.143766625792711885e+19 4.144538930181504205e+19 4.161105275594541466e+19 4.183843722114849997e+19 4.218458296856600576e+19 4.259966560518376653e+19 4.300220618605571277e+19 4.337904134598837862e+19 4.370821170432480870e+19 4.397533214316646400e+19 4.418756151237118362e+19 3.809704230042198016e+19
4.143766625792711885e+19 4.144538930181505024e+19 4.161105275594542285e+19 4.183843722114849997e+19 4.218458296856600576e+19 4.259966560518376653e+19 4.300220618605569638e+19 4.337904134598838682e+19 4.370821170432481690e+19 4.397533214316648038e+19 4.418756151237117542e+19 3.809704230042198016e+19
4.143766625792711066e+19 4.144538930181505843e+19 4.161105275594541466e+19 4.183843722114849997e+19 4.218458296856601395e+19 4.259966560518376653e+19 4.300220618605570458e+19 4.337904134598838682e+19 4.370821170432481690e+19 4.397533214316648858e+19 4.418756151237117542e+19 3.809704230042197197e+19
4.143766625792711066e+19 4.144538930181505843e+19 4.161105275594541466e+19 4.183843722114849997e+19 4.218458296856600576e+19 4.259966560518375834e+19 4.300220618605570458e+19 4.337904134598839501e+19 4.370821170432481690e+19 4.397533214316649677e+19 4.418756151237115904e+19 3.809704230042197197e+19
4.143766625792711885e+19 4.144538930181505843e+19 4.161105275594541466e+19 4.183843722114849997e+19 4.218458296856600576e+19 4.259966560518377472e+19 4.300220618605569638e+19 4.337904134598840320e+19 4.370821170432482509e+19 4.397533214316649677e+19 4.418756151237116723e+19 3.809704230042197197e+19
4.143766625792710246e+19 4.144538930181505024e+19 4.161105275594541466e+19 4.183843722114849997e+19 4.218458296856599757e+19 4.259966560518377472e+19 4.300220618605568819e+19 4.337904134598841139e+19 4.370821170432481690e+19 4.397533214316648858e+19 4.418756151237116723e+19 3.809704230042197197e+19
4.143766625792712704e+19 4.144538930181507482e+19 4.161105275594540646e+19 4.183843722114849997e+19 4.218458296856598938e+19 4.259966560518378291e+19 4.300220618605566362e+19 4.337904134598841958e+19 4.370821170432481690e+19 4.397533214316649677e+19 4.418756151237115904e+19 3.809704230042198016e+19
4.143766625792712704e+19 4.144538930181507482e+19 4.161105275594539827e+19 4.183843722114849997e+19 4.218458296856599757e+19 4.259966560518377472e+19 4.300220618605567181e+19 4.337904134598839501e+19 4.370821170432480870e+19 4.397533214316650496e+19 4.418756151237118362e+19 3.809704230042198835e+19
4.143766625792715162e+19 4.144538930181508301e+19 4.161105275594539827e+19 4.183843722114849997e+19 4.218458296856598938e+19 4.259966560518376653e+19 4.300220618605567181e+19 4.337904134598840320e+19 4.370821170432480051e+19 4.397533214316653773e+19 4.418756151237119181e+19 3.809704230042198016e+19
4.143766625792713523e+19 4.144538930181509120e+19 4.161105275594539827e+19 4.183843722114849997e+19 4.218458296856598938e+19 4.259966560518375834e+19 4.300220618605567181e+19 4.337904134598840320e+19 4.370821170432480051e+19 4.397533214316652134e+19 4.418756151237118362e+19 3.809704230042198835e+19
4.143766625792712704e+19 4.144538930181508301e+19 4.161105275594541466e+19 4.183843722114849997e+19 4.218458296856598938e+19 4.259966560518375014e+19 4.300220618605568819e+19 4.337904134598841958e+19 4.370821170432481690e+19 4.397533214316651315e+19 4.418756151237119181e+19 3.809704230042198016e+19
4.143766625792712704e+19 4.144538930181508301e+19 4.161105275594541466e+19 4.183843722114849997e+19 4.218458296856598118e+19 4.259966560518372557e+19 4.300220618605569638e+19 4.337904134598841958e+19 4.370821170432480870e+19 4.397533214316652954e+19 4.418756151237119181e+19 3.809704230042198016e+19
4.143766625792711885e+19 4.144538930181508301e+19 4.161105275594543104e+19 4.183843722114849997e+19 4.218458296856598938e+19 4.259966560518373376e+19 4.300220618605571277e+19 4.337904134598841958e+19 4.370821170432480870e+19 4.397533214316652134e+19 4.418756151237120819e+19 3.809704230042198016e+19
4.143766625792711885e+19 4.144538930181509120e+19 4.161105275594542285e+19 4.183843722114849997e+19 4.218458296856598938e+19 4.259966560518371738e+19 4.300220618605571277e+19 4.337904134598841958e+19 4.370821170432480870e+19 4.397533214316652954e+19 4.418756151237119181e+19 3.809704230042198835e+19
4.143766625792711885e+19 4.144538930181508301e+19 4.161105275594542285e+19 4.183843722114849997e+19 4.218458296856599757e+19 4.259966560518372557e+19 4.300220618605572915e+19 4.337904134598841958e+19 4.370821170432479232e+19 4.397533214316653773e+19 4.418756151237120000e+19 3.809704230042198835e+19
4.143766625792710246e+19 4.144538930181507482e+19 4.161105275594540646e+19 4.183843722114849997e+19 4.218458296856599757e+19 4.259966560518372557e+19 4.300220618605573734e+19 4.337904134598841958e+19 4.370821170432478413e+19 4.397533214316655411e+19 4.418756151237120000e+19 3.809704230042198835e+19
4.143766625792711066e+19 4.144538930181507482e+19 4.161105275594536550e+19 4.183843722114849997e+19 4.218458296856598938e+19 4.259966560518373376e+19 4.300220618605573734e+19 4.337904134598841139e+19 4.370821170432481690e+19 4.397533214316656230e+19 4.418756151237120819e+19 3.809704230042198835e+19
4.143766625792711066e+19 4.144538930181506662e+19 4.161105275594537370e+19 4.183843722114849997e+19 4.218458296856599757e+19 4.259966560518371738e+19 4.300220618605575373e+19 4.337904134598841139e+19 4.370821170432480870e+19 4.397533214316656230e+19 4.418756151237120000e+19 3.809704230042198835e+19
4.143766625792707789e+19 4.144538930181506662e+19 4.161105275594537370e+19 4.183843722114849997e+19 4.218458296856600576e+19 4.259966560518371738e+19 4.300220618605573734e+19 4.337904134598841139e+19 4.370821170432482509e+19 4.397533214316657050e+19 4.418756151237120000e+19 3.809704230042199654e+19
4.143766625792707789e+19 4.144538930181506662e+19 4.161105275594538189e+19 4.183843722114849997e+19 4.218458296856600576e+19 4.259966560518372557e+19 4.300220618605573734e+19 4.337904134598843597e+19 4.370821170432480870e+19 4.397533214316657869e+19 4.418756151237116723e+19 3.809704230042198835e+19
4.143766625792706970e+19 4.144538930181509939e+19 4.161105275594539008e+19 4.183843722114849997e+19 4.218458296856599757e+19 4.259966560518373376e+19 4.300220618605574554e+19 4.337904134598843597e+19 4.370821170432480870e+19 4.397533214316655411e+19 4.418756151237113446e+19 3.809704230042198835e+19
4.143766625792707789e+19 4.144538930181511578e+19 4.161105275594538189e+19 4.183843722114849997e+19 4.218458296856600576e+19 4.259966560518373376e+19 4.300220618605575373e+19 4.337904134598844416e+19 4.370821170432480870e+19 4.397533214316657050e+19 4.418756151237114266e+19 3.809704230042198835e+19
4.143766625792707789e+19 4.144538930181513216e+19 4.161105275594537370e+19 4.183843722114849997e+19 4.218458296856600576e+19 4.259966560518374195e+19 4.300220618605572915e+19 4.337904134598842778e+19 4.370821170432480051e+19 4.397533214316657869e+19 4.418756151237116723e+19 3.809704230042198016e+19
4.143766625792708608e+19 4.144538930181513216e+19 4.161105275594537370e+19 4.183843722114849997e+19 4.218458296856598938e+19 4.259966560518376653e+19 4.300220618605572096e+19 4.337904134598841958e+19 4.370821170432480870e+19 4.397533214316658688e+19 4.418756151237115085e+19 3.809704230042198016e+19
4.143766625792709427e+19 4.144538930181513216e+19 4.161105275594534912e+19 4.183843722114849997e+19 4.218458296856599757e+19 4.259966560518377472e+19 4.300220618605571277e+19 4.337904134598843597e+19 4.370821170432481690e+19 4.397533214316658688e+19 4.418756151237115904e+19 3.809704230042198016e+19
4.143766625792708608e+19 4.144538930181513216e+19 4.161105275594534093e+19 4.183843722114849997e+19 4.218458296856598938e+19 4.259966560518377472e+19 4.300220618605570458e+19 4.337904134598842778e+19 4.370821170432480870e+19 4.397533214316657869e+19 4.418756151237115904e+19 3.809704230042198016e+19
4.143766625792706970e+19 4.144538930181513216e+19 4.161105275594533274e+19 4.183843722114849997e+19 4.218458296856599757e+19 4.259966560518378291e+19 4.300220618605569638e+19 4.337904134598842778e+19 4.370821170432480051e+19 4.397533214316658688e+19 4.418756151237115904e+19 3.809704230042198835e+19
4.143766625792708608e+19 4.144538930181511578e+19 4.161105275594531635e+19 4.183843722114849997e+19 4.218458296856599757e+19 4.259966560518379110e+19 4.300220618605570458e+19 4.337904134598841958e+19 4.370821170432479232e+19 4.397533214316658688e+19 4.418756151237117542e+19 3.809704230042198835e+19
4.143766625792707789e+19 4.144538930181509120e+19 4.161105275594531635e+19 4.183843722114849997e+19 4.218458296856598938e+19 4.259966560518376653e+19 4.300220618605572096e+19 4.337904134598841958e+19 4.370821170432476774e+19 4.397533214316659507e+19 4.418756151237117542e+19 3.809704230042200474e+19
4.143766625792707789e+19 4.144538930181510758e+19 4.161105275594531635e+19 4.183843722114849997e+19 4.218458296856599757e+19 4.259966560518375014e+19 4.300220618605571277e+19 4.337904134598839501e+19 4.370821170432477594e+19 4.397533214316660326e+19 4.418756151237117542e+19 3.809704230042200474e+19
4.143766625792707789e+19 4.144538930181511578e+19 4.161105275594530816e+19 4.183843722114849997e+19 4.218458296856598938e+19 4.259966560518373376e+19 4.300220618605568819e+19 4.337904134598840320e+19 4.370821170432475136e+19 4.397533214316660326e+19 4.418756151237115085e+19 3.809704230042201293e+19
4.143766625792706150e+19 4.144538930181510758e+19 4.161105275594531635e+19 4.183843722114849997e+19 4.218458296856600576e+19 4.259966560518371738e+19 4.300220618605566362e+19 4.337904134598840320e+19 4.370821170432475955e+19 4.397533214316659507e+19 4.418756151237116723e+19 3.809704230042202112e+19
4.143766625792706150e+19 4.144538930181511578e+19 4.161105275594534093e+19 4.183843722114849997e+19 4.218458296856602214e+19 4.259966560518370099e+19 4.300220618605565542e+19 4.337904134598839501e+19 4.370821170432475955e+19 4.397533214316658688e+19 4.418756151237115904e+19 3.809704230042202931e+19
4.143766625792707789e+19 4.144538930181514035e+19 4.161105275594533274e+19 4.183843722114849997e+19 4.218458296856602214e+19 4.259966560518370099e+19 4.300220618605564723e+19 4.337904134598840320e+19 4.370821170432474317e+19 4.397533214316658688e+19 4.418756151237113446e+19 3.809704230042203750e+19
4.143766625792704512e+19 4.144538930181513216e+19 4.161105275594534912e+19 4.183843722114849997e+19 4.218458296856603034e+19 4.259966560518369280e+19 4.300220618605564723e+19 4.337904134598841958e+19 4.370821170432475955e+19 4.397533214316657869e+19 4.418756151237114266e+19 3.809704230042203750e+19
4.143766625792702874e+19 4.144538930181511578e+19 4.161105275594534093e+19 4.183843722114849997e+19 4.218458296856602214e+19 4.259966560518368461e+19 4.300220618605565542e+19 4.337904134598842778e+19 4.370821170432474317e+19 4.397533214316659507e+19 4.418756151237115085e+19 3.809704230042204570e+19
4.143766625792701235e+19 4.144538930181512397e+19 4.161105275594535731e+19 4.183843722114849997e+19 4.218458296856602214e+19 4.259966560518370099e+19 4.300220618605566362e+19 4.337904134598842778e+19 4.370821170432473498e+19 4.397533214316661146e+19 4.418756151237115085e+19 3.809704230042205389e+19
4.143766625792702054e+19 4.144538930181510758e+19 4.161105275594535731e+19 4.183843722114849997e+19 4.218458296856603034e+19 4.259966560518369280e+19 4.300220618605567181e+19 4.337904134598841958e+19 4.370821170432475136e+19 4.397533214316661146e+19 4.418756151237113446e+19 3.809704230042205389e+19
4.143766625792702054e+19 4.144538930181509120e+19 4.161105275594536550e+19 4.183843722114849997e+19 4.218458296856603034e+19 4.259966560518369280e+19 4.300220618605567181e+19 4.337904134598841958e+19 4.370821170432475955e+19 4.397533214316661146e+19 4.418756151237112627e+19 3.809704230042206208e+19
4.143766625792700416e+19 4.144538930181509939e+19 4.161105275594534912e+19 4.183843722114849997e+19 4.218458296856602214e+19 4.259966560518368461e+19 4.300220618605566362e+19 4.337904134598840320e+19 4.370821170432476774e+19 4.397533214316659507e+19 4.418756151237110989e+19 3.809704230042205389e+19
4.143766625792701235e+19 4.144538930181509939e+19 4.161105275594534912e+19 4.183843722114849997e+19 4.218458296856602214e+19 4.259966560518368461e+19 4.300220618605563904e+19 4.337904134598838682e+19 4.370821170432476774e+19 4.397533214316659507e+19 4.418756151237110989e+19 3.809704230042205389e+19
4.143766625792702874e+19 4.144538930181510758e+19 4.161105275594534093e+19 4.183843722114849997e+19 4.218458296856602214e+19 4.259966560518369280e+19 4.300220618605562266e+19 4.337904134598838682e+19 4.370821170432475955e+19 4.397533214316660326e+19 4.418756151237112627e+19 3.809704230042205389e+19
4.143766625792701235e+19 4.144538930181510758e+19 4.161105275594533274e+19 4.183843722114849997e+19 4.218458296856602214e+19 4.259966560518367642e+19 4.300220618605562266e+19 4.337904134598838682e+19 4.370821170432477594e+19 4.397533214316662784e+19 4.418756151237110989e+19 3.809704230042205389e+19
4.143766625792703693e+19 4.144538930181511578e+19 4.161105275594534912e+19 4.183843722114849997e+19 4.218458296856602214e+19 4.259966560518366822e+19 4.300220618605563085e+19 4.337904134598839501e+19 4.370821170432477594e+19 4.397533214316661965e+19 4.418756151237110989e+19 3.809704230042206208e+19
4.143766625792703693e+19 4.144538930181511578e+19 4.161105275594534912e+19 4.183843722114849997e+19 4.218458296856603034e+19 4.259966560518366003e+19 4.300220618605566362e+19 4.337904134598840320e+19 4.370821170432476774e+19 4.397533214316662784e+19 4.418756151237112627e+19 3.809704230042206208e+19
4.143766625792704512e+19 4.144538930181511578e+19 4.161105275594534912e+19 4.183843722114849997e+19 4.218458296856603034e+19 4.259966560518366822e+19 4.300220618605568000e+19 4.337904134598839501e+19 4.370821170432477594e+19 4.397533214316661965e+19 4.418756151237112627e+19 3.809704230042205389e+19
4.143766625792704512e+19 4.144538930181509939e+19 4.161105275594535731e+19 4.183843722114849997e+19 4.218458296856603034e+19 4.259966560518367642e+19 4.300220618605568000e+19 4.337904134598840320e+19 4.370821170432477594e+19 4.397533214316662784e+19 4.418756151237114266e+19 3.809704230042205389e+19
4.143766625792702874e+19 4.144538930181512397e+19 4.161105275594535731e+19 4.183843722114849997e+19 4.218458296856603034e+19 4.259966560518368461e+19 4.300220618605567181e+19 4.337904134598839501e+19 4.370821170432475955e+19 4.397533214316662784e+19 4.418756151237115904e+19 3.809704230042204570e+19
4.143766625792703693e+19 4.144538930181511578e+19 4.161105275594534912e+19 4.183843722114849997e+19 4.218458296856603034e+19 4.259966560518367642e+19 4.300220618605568000e+19 4.337904134598837862e+19 4.370821170432475955e+19 4.397533214316661965e+19 4.418756151237115085e+19 3.809704230042205389e+19
4.143766625792702874e+19 4.144538930181510758e+19 4.161105275594534093e+19 4.183843722114849997e+19 4.218458296856603034e+19 4.259966560518368461e+19 4.300220618605570458e+19 4.337904134598838682e+19 4.370821170432475955e+19 4.397533214316661146e+19 4.418756151237116723e+19 3.809704230042204570e+19
4.143766625792702874e+19 4.144538930181510758e+19 4.161105275594534093e+19 4.183843722114849997e+19 4.218458296856601395e+19 4.259966560518366003e+19 4.300220618605569638e+19 4.337904134598839501e+19 4.370821170432475136e+19 4.397533214316661965e+19 4.418756151237116723e+19 3.809704230042204570e+19
4.143766625792702874e+19 4.144538930181511578e+19 4.161105275594534912e+19 4.183843722114849997e+19 4.218458296856601395e+19 4.259966560518366003e+19 4.300220618605570458e+19 4.337904134598839501e+19 4.370821170432475955e+19 4.397533214316661146e+19 4.418756151237117542e+19 3.809704230042204570e+19
4.143766625792705331e+19 4.144538930181511578e+19 4.161105275594535731e+19 4.183843722114849997e+19 4.218458296856602214e+19 4.259966560518367642e+19 4.300220618605569638e+19 4.337904134598838682e+19 4.370821170432477594e+19 4.397533214316661146e+19 4.418756151237118362e+19 3.809704230042204570e+19
4.143766625792706150e+19 4.144538930181512397e+19 4.161105275594534912e+19 4.183843722114849997e+19 4.218458296856602214e+19 4.259966560518369280e+19 4.300220618605571277e+19 4.337904134598837862e+19 4.370821170432479232e+19 4.397533214316661146e+19 4.418756151237117542e+19 3.809704230042205389e+19
4.143766625792705331e+19 4.144538930181509939e+19 4.161105275594534912e+19 4.183843722114849997e+19 4.218458296856602214e+19 4.259966560518369280e+19 4.300220618605568000e+19 4.337904134598839501e+19 4.370821170432480051e+19 4.397533214316659507e+19 4.418756151237116723e+19 3.809704230042204570e+19
4.143766625792704512e+19 4.144538930181509939e+19 4.161105275594534912e+19 4.183843722114849997e+19 4.218458296856602214e+19 4.259966560518371738e+19 4.300220618605570458e+19 4.337904134598841139e+19 4.370821170432481690e+19 4.397533214316659507e+19 4.418756151237117542e+19 3.809704230042204570e+19
4.143766625792704512e+19 4.144538930181510758e+19 4.161105275594534912e+19 4.183843722114849997e+19 4.218458296856601395e+19 4.259966560518370099e+19 4.300220618605571277e+19 4.337904134598842778e+19 4.370821170432480870e+19 4.397533214316660326e+19 4.418756151237118362e+19 3.809704230042204570e+19
4.143766625792705331e+19 4.144538930181510758e+19 4.161105275594535731e+19 4.183843722114849997e+19 4.218458296856602214e+19 4.259966560518370099e+19 4.300220618605572096e+19 4.337904134598841958e+19 4.370821170432480870e+19 4.397533214316659507e+19 4.418756151237120819e+19 3.809704230042203750e+19
4.143766625792705331e+19 4.144538930181509939e+19 4.161105275594534093e+19 4.183843722114849997e+19 4.218458296856603034e+19 4.259966560518370918e+19 4.300220618605572096e+19 4.337904134598840320e+19 4.370821170432479232e+19 4.397533214316659507e+19 4.418756151237119181e+19 3.809704230042203750e+19
4.143766625792705331e+19 4.144538930181511578e+19 4.161105275594533274e+19 4.183843722114849997e+19 4.218458296856603853e+19 4.259966560518370099e+19 4.300220618605572096e+19 4.337904134598839501e+19 4.370821170432478413e+19 4.397533214316658688e+19 4.418756151237119181e+19 3.809704230042203750e+19
4.143766625792706150e+19 4.144538930181510758e+19 4.161105275594532454e+19 4.183843722114849997e+19 4.218458296856603034e+19 4.259966560518370918e+19 4.300220618605571277e+19 4.337904134598837862e+19 4.370821170432478413e+19 4.397533214316660326e+19 4.418756151237119181e+19 3.809704230042203750e+19
4.143766625792704512e+19 4.144538930181511578e+19 4.161105275594531635e+19 4.183843722114849997e+19 4.218458296856603034e+19 4.259966560518368461e+19 4.300220618605572915e+19 4.337904134598838682e+19 4.370821170432478413e+19 4.397533214316660326e+19 4.418756151237120000e+19 3.809704230042204570e+19
4.143766625792704512e+19 4.144538930181512397e+19 4.161105275594531635e+19 4.183843722114849997e+19 4.218458296856603034e+19 4.259966560518367642e+19 4.300220618605572915e+19 4.337904134598840320e+19 4.370821170432478413e+19 4.397533214316659507e+19 4.418756151237121638e+19 3.809704230042204570e+19
4.143766625792703693e+19 4.144538930181512397e+19 4.161105275594530816e+19 4.183843722114849997e+19 4.218458296856602214e+19 4.259966560518366822e+19 4.300220618605573734e+19 4.337904134598840320e+19 4.370821170432475955e+19 4.397533214316661965e+19 4.418756151237121638e+19 3.809704230042204570e+19
4.143766625792704512e+19 4.144538930181513216e+19 4.161105275594530816e+19 4.183843722114849997e+19 4.218458296856603034e+19 4.259966560518366003e+19 4.300220618605573734e+19 4.337904134598839501e+19 4.370821170432475136e+19 4.397533214316662784e+19 4.418756151237121638e+19 3.809704230042206208e+19
4.143766625792704512e+19 4.144538930181513216e+19 4.161105275594529997e+19 4.183843722114849997e+19 4.218458296856602214e+19 4.259966560518366003e+19 4.300220618605573734e+19 4.337904134598839501e+19 4.370821170432473498e+19 4.397533214316662784e+19 4.418756151237120819e+19 3.809704230042206208e+19
4.143766625792703693e+19 4.144538930181513216e+19 4.161105275594527539e+19 4.183843722114849997e+19 4.218458296856602214e+19 4.259966560518366822e+19 4.300220618605573734e+19 4.337904134598841139e+19 4.370821170432473498e+19 4.397533214316662784e+19 4.418756151237120819e+19 3.809704230042205389e+19
4.143766625792704512e+19 4.144538930181513216e+19 4.161105275594528358e+19 4.183843722114849997e+19 4.218458296856602214e+19 4.259966560518367642e+19 4.300220618605573734e+19 4.337904134598840320e+19 4.370821170432470221e+19 4.397533214316663603e+19 4.418756151237122458e+19 3.809704230042204570e+19
4.143766625792706150e+19 4.144538930181511578e+19 4.161105275594529178e+19 4.183843722114849997e+19 4.218458296856602214e+19 4.259966560518368461e+19 4.300220618605576192e+19 4.337904134598841139e+19 4.370821170432470221e+19 4.397533214316663603e+19 4.418756151237122458e+19 3.809704230042205389e+19
4.143766625792706970e+19 4.144538930181510758e+19 4.161105275594528358e+19 4.183843722114849997e+19 4.218458296856603034e+19 4.259966560518367642e+19 4.300220618605575373e+19 4.337904134598841958e+19 4.370821170432468582e+19 4.397533214316662784e+19 4.418756151237121638e+19 3.809704230042204570e+19
4.143766625792706150e+19 4.144538930181512397e+19 4.161105275594529178e+19 4.183843722114849997e+19 4.218458296856601395e+19 4.259966560518368461e+19 4.300220618605575373e+19 4.337904134598841139e+19 4.370821170432470221e+19 4.397533214316662784e+19 4.418756151237120000e+19 3.809704230042204570e+19
4.143766625792706150e+19 4.144538930181514035e+19 4.161105275594528358e+19 4.183843722114849997e+19 4.218458296856600576e+19 4.259966560518366003e+19 4.300220618605577011e+19 4.337904134598839501e+19 4.370821170432472678e+19 4.397533214316662784e+19 4.418756151237120819e+19 3.809704230042204570e+19
4.143766625792708608e+19 4.144538930181514035e+19 4.161105275594529178e+19 4.183843722114849997e+19 4.218458296856600576e+19 4.259966560518366822e+19 4.300220618605577011e+19 4.337904134598840320e+19 4.370821170432473498e+19 4.397533214316663603e+19 4.418756151237119181e+19 3.809704230042205389e+19
4.143766625792708608e+19 4.144538930181512397e+19 4.161105275594529997e+19 4.183843722114849997e+19 4.218458296856601395e+19 4.259966560518365184e+19 4.300220618605577830e+19 4.337904134598838682e+19 4.370821170432472678e+19 4.397533214316660326e+19 4.418756151237119181e+19 3.809704230042206208e+19
4.143766625792709427e+19 4.144538930181511578e+19 4.161105275594529997e+19 4.183843722114849997e+19 4.218458296856600576e+19 4.259966560518365184e+19 4.300220618605578650e+19 4.337904134598840320e+19 4.370821170432474317e+19 4.397533214316661146e+19 4.418756151237120000e+19 3.809704230042205389e+19
4.143766625792708608e+19 4.144538930181513216e+19 4.161105275594528358e+19 4.183843722114849997e+19 4.218458296856600576e+19 4.259966560518366003e+19 4.300220618605580288e+19 4.337904134598839501e+19 4.370821170432475955e+19 4.397533214316661146e+19 4.418756151237119181e+19 3.809704230042205389e+19
4.143766625792710246e+19 4.144538930181513216e+19 4.161105275594529997e+19 4.183843722114849997e+19 4.218458296856600576e+19 4.259966560518366003e+19 4.300220618605578650e+19 4.337904134598837862e+19 4.370821170432477594e+19 4.397533214316658688e+19 4.418756151237119181e+19 3.809704230042205389e+19
4.143766625792710246e+19 4.144538930181509939e+19 4.161105275594532454e+19 4.183843722114849997e+19 4.218458296856601395e+19 4.259966560518365184e+19 4.300220618605581107e+19 4.337904134598837862e+19 4.370821170432477594e+19 4.397533214316662784e+19 4.418756151237116723e+19 3.809704230042206208e+19
4.143766625792709427e+19 4.144538930181511578e+19 4.161105275594533274e+19 4.183843722114849997e+19 4.218458296856602214e+19 4.259966560518365184e+19 4.300220618605581107e+19 4.337904134598839501e+19 4.370821170432479232e+19 4.397533214316663603e+19 4.418756151237117542e+19 3.809704230042205389e+19
4.143766625792709427e+19 4.144538930181512397e+19 4.161105275594532454e+19 4.183843722114849997e+19 4.218458296856602214e+19 4.259966560518366822e+19 4.300220618605578650e+19 4.337904134598838682e+19 4.370821170432480051e+19 4.397533214316663603e+19 4.418756151237117542e+19 3.809704230042206208e+19
4.143766625792708608e+19 4.144538930181511578e+19 4.161105275594532454e+19 4.183843722114849997e+19 4.218458296856603034e+19 4.259966560518366003e+19 4.300220618605578650e+19 4.337904134598837043e+19 4.370821170432480051e+19 4.397533214316662784e+19 4.418756151237118362e+19 3.809704230042205389e+19
4.143766625792710246e+19 4.144538930181509939e+19 4.161105275594532454e+19 4.183843722114849997e+19 4.218458296856603034e+19 4.259966560518364365e+19 4.300220618605576192e+19 4.337904134598835405e+19 4.370821170432481690e+19 4.397533214316662784e+19 4.418756151237118362e+19 3.809704230042206208e+19
4.143766625792711066e+19 4.144538930181511578e+19 4.161105275594530816e+19 4.183843722114849997e+19 4.218458296856602214e+19 4.259966560518361907e+19 4.300220618605574554e+19 4.337904134598832947e+19 4.370821170432481690e+19 4.397533214316661965e+19 4.418756151237117542e+19 3.809704230042206208e+19
4.143766625792712704e+19 4.144538930181510758e+19 4.161105275594533274e+19 4.183843722114849997e+19 4.218458296856603034e+19 4.259966560518362726e+19 4.300220618605576192e+19 4.337904134598834586e+19 4.370821170432480870e+19 4.397533214316662784e+19 4.418756151237119181e+19 3.809704230042207027e+19
4.143766625792711885e+19 4.144538930181511578e+19 4.161105275594532454e+19 4.183843722114849997e+19 4.218458296856602214e+19 4.259966560518361907e+19 4.300220618605574554e+19 4.337904134598832947e+19 4.370821170432480051e+19 4.397533214316662784e+19 4.418756151237120819e+19 3.809704230042207027e+19
4.143766625792711885e+19 4.144538930181509939e+19 4.161105275594533274e+19 4.183843722114849997e+19 4.218458296856601395e+19 4.259966560518365184e+19 4.300220618605576192e+19 4.337904134598834586e+19 4.370821170432480870e+19 4.397533214316661965e+19 4.418756151237120819e+19 3.809704230042207846e+19
4.143766625792711885e+19 4.144538930181511578e+19 4.161105275594533274e+19 4.183843722114849997e+19 4.218458296856600576e+19 4.259966560518366003e+19 4.300220618605577011e+19 4.337904134598835405e+19 4.370821170432481690e+19 4.397533214316661146e+19 4.418756151237120819e+19 3.809704230042207846e+19
4.143766625792712704e+19 4.144538930181510758e+19 4.161105275594534912e+19 4.183843722114849997e+19 4.218458296856599757e+19 4.259966560518366822e+19 4.300220618605577011e+19 4.337904134598837043e+19 4.370821170432481690e+19 4.397533214316661965e+19 4.418756151237121638e+19 3.809704230042207027e+19
4.143766625792712704e+19 4.144538930181511578e+19 4.161105275594534093e+19 4.183843722114849997e+19 4.218458296856599757e+19 4.259966560518366003e+19 4.300220618605577011e+19 4.337904134598837043e+19 4.370821170432482509e+19 4.397533214316662784e+19 4.418756151237121638e+19 3.809704230042207027e+19
4.143766625792711066e+19 4.144538930181510758e+19 4.161105275594531635e+19 4.183843722114849997e+19 4.218458296856598938e+19 4.259966560518366822e+19 4.300220618605577830e+19 4.337904134598837043e+19 4.370821170432481690e+19 4.397533214316661965e+19 4.418756151237120000e+19 3.809704230042206208e+19
4.143766625792710246e+19 4.144538930181509120e+19 4.161105275594531635e+19 4.183843722114849997e+19 4.218458296856598938e+19 4.259966560518366003e+19 4.300220618605577830e+19 4.337904134598836224e+19 4.370821170432480870e+19 4.397533214316663603e+19 4.418756151237120819e+19 3.809704230042206208e+19
4.143766625792713523e+19 4.144538930181510758e+19 4.161105275594531635e+19 4.183843722114849997e+19 4.218458296856599757e+19 4.259966560518365184e+19 4.300220618605577011e+19 4.337904134598836224e+19 4.370821170432479232e+19 4.397533214316663603e+19 4.418756151237120000e+19 3.809704230042205389e+19
4.143766625792711885e+19 4.144538930181510758e+19 4.161105275594532454e+19 4.183843722114849997e+19 4.218458296856598938e+19 4.259966560518363546e+19 4.300220618605579469e+19 4.337904134598835405e+19 4.370821170432479232e+19 4.397533214316663603e+19 4.418756151237120819e+19 3.809704230042205389e+19
4.143766625792708608e+19 4.144538930181510758e+19 4.161105275594533274e+19 4.183843722114849997e+19 4.218458296856598938e+19 4.259966560518364365e+19 4.300220618605581107e+19 4.337904134598837043e+19 4.370821170432479232e+19 4.397533214316666061e+19 4.418756151237117542e+19 3.809704230042206208e+19
4.143766625792706150e+19 4.144538930181511578e+19 4.161105275594531635e+19 4.183843722114849997e+19 4.218458296856598938e+19 4.259966560518365184e+19 4.300220618605581107e+19 4.337904134598836224e+19 4.370821170432480051e+19 4.397533214316666061e+19 4.418756151237118362e+19 3.809704230042206208e+19
4.143766625792706970e+19 4.144538930181513216e+19 4.161105275594532454e+19 4.183843722114849997e+19 4.218458296856598118e+19 4.259966560518365184e+19 4.300220618605580288e+19 4.337904134598834586e+19 4.370821170432482509e+19 4.397533214316666061e+19 4.418756151237117542e+19 3.809704230042206208e+19
4.143766625792707789e+19 4.144538930181513216e+19 4.161105275594532454e+19 4.183843722114849997e+19 4.218458296856598938e+19 4.259966560518366003e+19 4.300220618605581926e+19 4.337904134598832947e+19 4.370821170432483328e+19 4.397533214316666061e+19 4.418756151237116723e+19 3.809704230042206208e+19
4.143766625792704512e+19 4.144538930181513216e+19 4.161105275594532454e+19 4.183843722114849997e+19 4.218458296856598938e+19 4.259966560518366822e+19 4.300220618605581107e+19 4.337904134598834586e+19 4.370821170432483328e+19 4.397533214316665242e+19 4.418756151237117542e+19 3.809704230042206208e+19
4.143766625792703693e+19 4.144538930181514035e+19 4.161105275594532454e+19 4.183843722114849997e+19 4.218458296856598938e+19 4.259966560518366822e+19 4.300220618605577830e+19 4.337904134598832947e+19 4.370821170432482509e+19 4.397533214316666061e+19 4.418756151237119181e+19 3.809704230042206208e+19
4.143766625792702054e+19 4.144538930181513216e+19 4.161105275594532454e+19 4.183843722114849997e+19 4.218458296856599757e+19 4.259966560518366003e+19 4.300220618605578650e+19 4.337904134598832947e+19 4.370821170432483328e+19 4.397533214316665242e+19 4.418756151237118362e+19 3.809704230042206208e+19
4.143766625792700416e+19 4.144538930181511578e+19 4.161105275594533274e+19 4.183843722114849997e+19 4.218458296856600576e+19 4.259966560518366003e+19 4.300220618605578650e+19 4.337904134598832947e+19 4.370821170432481690e+19 4.397533214316666880e+19 4.418756151237120000e+19 3.809704230042205389e+19
4.143766625792702054e+19 4.144538930181511578e+19 4.161105275594532454e+19 4.183843722114849997e+19 4.218458296856599757e+19 4.259966560518367642e+19 4.300220618605579469e+19 4.337904134598834586e+19 4.370821170432480870e+19 4.397533214316666061e+19 4.418756151237120819e+19 3.809704230042206208e+19
4.143766625792702874e+19 4.144538930181513216e+19 4.161105275594533274e+19 4.183843722114849997e+19 4.218458296856599757e+19 4.259966560518368461e+19 4.300220618605578650e+19 4.337904134598833766e+19 4.370821170432481690e+19 4.397533214316667699e+19 4.418756151237122458e+19 3.809704230042205389e+19
4.143766625792702874e+19 4.144538930181512397e+19 4.161105275594532454e+19 4.183843722114849997e+19 4.218458296856598938e+19 4.259966560518370099e+19 4.300220618605579469e+19 4.337904134598834586e+19 4.370821170432480051e+19 4.397533214316667699e+19 4.418756151237124096e+19 3.809704230042205389e+19
4.143766625792702054e+19 4.144538930181514035e+19 4.161105275594529997e+19 4.183843722114849997e+19 4.218458296856599757e+19 4.259966560518371738e+19 4.300220618605579469e+19 4.337904134598832947e+19 4.370821170432480051e+19 4.397533214316667699e+19 4.418756151237124096e+19 3.809704230042205389e+19
4.143766625792702874e+19 4.144538930181512397e+19 4.161105275594528358e+19 4.183843722114849997e+19 4.218458296856598938e+19 4.259966560518370918e+19 4.300220618605581107e+19 4.337904134598832128e+19 4.370821170432479232e+19 4.397533214316666880e+19 4.418756151237124915e+19 3.809704230042204570e+19
4.143766625792704512e+19 4.144538930181512397e+19 4.161105275594527539e+19 4.183843722114849997e+19 4.218458296856598938e+19 4.259966560518372557e+19 4.300220618605581107e+19 4.337904134598832947e+19 4.370821170432480051e+19 4.397533214316668518e+19 4.418756151237123277e+19 3.809704230042202931e+19
4.143766625792704512e+19 4.144538930181511578e+19 4.161105275594526720e+19 4.183843722114849997e+19 4.218458296856598938e+19 4.259966560518373376e+19 4.300220618605580288e+19 4.337904134598832128e+19 4.370821170432482509e+19 4.397533214316667699e+19 4.418756151237122458e+19 3.809704230042203750e+19
4.143766625792703693e+19 4.144538930181512397e+19 4.161105275594526720e+19 4.183843722114849997e+19 4.218458296856598118e+19 4.259966560518371738e+19 4.300220618605581107e+19 4.337904134598832947e+19 4.370821170432484147e+19 4.397533214316666880e+19 4.418756151237120000e+19 3.809704230042203750e+19
4.143766625792702054e+19 4.144538930181511578e+19 4.161105275594527539e+19 4.183843722114849997e+19 4.218458296856597299e+19 4.259966560518372557e+19 4.300220618605581926e+19 4.337904134598834586e+19 4.370821170432481690e+19 4.397533214316666061e+19 4.418756151237122458e+19 3.809704230042203750e+19
4.143766625792703693e+19 4.144538930181509120e+19 4.161105275594529997e+19 4.183843722114849997e+19 4.218458296856597299e+19 4.259966560518371738e+19 4.300220618605581107e+19 4.337904134598835405e+19 4.370821170432481690e+19 4.397533214316666061e+19 4.418756151237123277e+19 3.809704230042203750e+19
4.143766625792704512e+19 4.144538930181511578e+19 4.161105275594529178e+19 4.183843722114849997e+19 4.218458296856597299e+19 4.259966560518373376e+19 4.300220618605582746e+19 4.337904134598836224e+19 4.370821170432482509e+19 4.397533214316664422e+19 4.418756151237121638e+19 3.809704230042203750e+19
4.143766625792705331e+19 4.144538930181511578e+19 4.161105275594530816e+19 4.183843722114849997e+19 4.218458296856597299e+19 4.259966560518375014e+19 4.300220618605582746e+19 4.337904134598835405e+19 4.370821170432480870e+19 4.397533214316664422e+19 4.418756151237122458e+19 3.809704230042203750e+19
4.143766625792706970e+19 4.144538930181512397e+19 4.161105275594529997e+19 4.183843722114849997e+19 4.218458296856597299e+19 4.259966560518375834e+19 4.300220618605584384e+19 4.337904134598836224e+19 4.370821170432480051e+19 4.397533214316663603e+19 4.418756151237121638e+19 3.809704230042202931e+19
4.143766625792708608e+19 4.144538930181511578e+19 4.161105275594529997e+19 4.183843722114849997e+19 4.218458296856597299e+19 4.259966560518375834e+19 4.300220618605584384e+19 4.337904134598835405e+19 4.370821170432480051e+19 4.397533214316661965e+19 4.418756151237124096e+19 3.809704230042202931e+19
4.143766625792711066e+19 4.144538930181510758e+19 4.161105275594529178e+19 4.183843722114849997e+19 4.218458296856598118e+19 4.259966560518374195e+19 4.300220618605584384e+19 4.337904134598835405e+19 4.370821170432477594e+19 4.397533214316663603e+19 4.418756151237125734e+19 3.809704230042202931e+19
4.143766625792710246e+19 4.144538930181509120e+19 4.161105275594528358e+19 4.183843722114849997e+19 4.218458296856598938e+19 4.259966560518374195e+19 4.300220618605585203e+19 4.337904134598836224e+19 4.370821170432475955e+19 4.397533214316664422e+19 4.418756151237125734e+19 3.809704230042202931e+19
4.143766625792710246e+19 4.144538930181509120e+19 4.161105275594525901e+19 4.183843722114849997e+19 4.218458296856598938e+19 4.259966560518374195e+19 4.300220618605586842e+19 4.337904134598836224e+19 4.370821170432475955e+19 4.397533214316663603e+19 4.418756151237127373e+19 3.809704230042202112e+19
4.143766625792711885e+19 4.144538930181509939e+19 4.161105275594525901e+19 4.183843722114849997e+19 4.218458296856598938e+19 4.259966560518373376e+19 4.300220618605586842e+19 4.337904134598836224e+19 4.370821170432474317e+19 4.397533214316666880e+19 4.418756151237127373e+19 3.809704230042201293e+19
4.143766625792711885e+19 4.144538930181511578e+19 4.161105275594526720e+19 4.183843722114849997e+19 4.218458296856599757e+19 4.259966560518374195e+19 4.300220618605586842e+19 4.337904134598835405e+19 4.370821170432472678e+19 4.397533214316665242e+19 4.418756151237129830e+19 3.809704230042201293e+19
4.143766625792711885e+19 4.144538930181510758e+19 4.161105275594527539e+19 4.183843722114849997e+19 4.218458296856598938e+19 4.259966560518371738e+19 4.300220618605589299e+19 4.337904134598837043e+19 4.370821170432473498e+19 4.397533214316666880e+19 4.418756151237130650e+19 3.809704230042201293e+19
4.143766625792710246e+19 4.144538930181512397e+19 4.161105275594526720e+19 4.183843722114849997e+19 4.218458296856597299e+19 4.259966560518370918e+19 4.300220618605589299e+19 4.337904134598838682e+19 4.370821170432472678e+19 4.397533214316666880e+19 4.418756151237129011e+19 3.809704230042201293e+19
4.143766625792709427e+19 4.144538930181511578e+19 4.161105275594526720e+19 4.183843722114849997e+19 4.218458296856598118e+19 4.259966560518372557e+19 4.300220618605588480e+19 4.337904134598837862e+19 4.370821170432471859e+19 4.397533214316668518e+19 4.418756151237129011e+19 3.809704230042201293e+19
4.143766625792708608e+19 4.144538930181512397e+19 4.161105275594528358e+19 4.183843722114849997e+19 4.218458296856598118e+19 4.259966560518373376e+19 4.300220618605586842e+19 4.337904134598838682e+19 4.370821170432474317e+19 4.397533214316668518e+19 4.418756151237128192e+19 3.809704230042201293e+19
4.143766625792709427e+19 4.144538930181511578e+19 4.161105275594529178e+19 4.183843722114849997e+19 4.218458296856598938e+19 4.259966560518375014e+19 4.300220618605588480e+19 4.337904134598838682e+19 4.370821170432475955e+19 4.397533214316670157e+19 4.418756151237129011e+19 3.809704230042201293e+19
4.143766625792711066e+19 4.144538930181510758e+19 4.161105275594528358e+19 4.183843722114849997e+19 4.218458296856598938e+19 4.259966560518374195e+19 4.300220618605589299e+19 4.337904134598836224e+19 4.370821170432475136e+19 4.397533214316670976e+19 4.418756151237130650e+19 3.809704230042202931e+19
4.143766625792711066e+19 4.144538930181508301e+19 4.161105275594529178e+19 4.183843722114849997e+19 4.218458296856599757e+19 4.259966560518372557e+19 4.300220618605590938e+19 4.337904134598836224e+19 4.370821170432475136e+19 4.397533214316670976e+19 4.418756151237129830e+19 3.809704230042202931e+19
4.143766625792711885e+19 4.144538930181508301e+19 4.161105275594527539e+19 4.183843722114849997e+19 4.218458296856599757e+19 4.259966560518373376e+19 4.300220618605590938e+19 4.337904134598836224e+19 4.370821170432475136e+19 4.397533214316670976e+19 4.418756151237131469e+19 3.809704230042203750e+19
4.143766625792711885e+19 4.144538930181507482e+19 4.161105275594528358e+19 4.183843722114849997e+19 4.218458296856598938e+19 4.259966560518376653e+19 4.300220618605590938e+19 4.337904134598836224e+19 4.370821170432475955e+19 4.397533214316672614e+19 4.418756151237133107e+19 3.809704230042204570e+19
4.143766625792711885e+19 4.144538930181507482e+19 4.161105275594527539e+19 4.183843722114849997e+19 4.218458296856599757e+19 4.259966560518375834e+19 4.300220618605590938e+19 4.337904134598836224e+19 4.370821170432475955e+19 4.397533214316671795e+19 4.418756151237133107e+19 3.809704230042205389e+19
4.143766625792710246e+19 4.144538930181507482e+19 4.161105275594529178e+19 4.183843722114849997e+19 4.218458296856600576e+19 4.259966560518375014e+19 4.300220618605590938e+19 4.337904134598836224e+19 4.370821170432476774e+19 4.397533214316670157e+19 4.418756151237132288e+19 3.809704230042205389e+19
4.143766625792711066e+19 4.144538930181506662e+19 4.161105275594528358e+19 4.183843722114849997e+19 4.218458296856600576e+19 4.259966560518373376e+19 4.300220618605590938e+19 4.337904134598835405e+19 4.370821170432476774e+19 4.397533214316671795e+19 4.418756151237132288e+19 3.809704230042205389e+19
4.143766625792714342e+19 4.144538930181508301e+19 4.161105275594529178e+19 4.183843722114849997e+19 4.218458296856601395e+19 4.259966560518375014e+19 4.300220618605590938e+19 4.337904134598837862e+19 4.370821170432476774e+19 4.397533214316671795e+19 4.418756151237131469e+19 3.809704230042205389e+19
4.143766625792713523e+19 4.144538930181509939e+19 4.161105275594529178e+19 4.183843722114849997e+19 4.218458296856602214e+19 4.259966560518375834e+19 4.300220618605591757e+19 4.337904134598837862e+19 4.370821170432475955e+19 4.397533214316671795e+19 4.418756151237129011e+19 3.809704230042205389e+19
4.143766625792714342e+19 4.144538930181509939e+19 4.161105275594529178e+19 4.183843722114849997e+19 4.218458296856602214e+19 4.259966560518377472e+19 4.300220618605593395e+19 4.337904134598838682e+19 4.370821170432475136e+19 4.397533214316670976e+19 4.418756151237130650e+19 3.809704230042204570e+19
4.143766625792715162e+19 4.144538930181510758e+19 4.161105275594529178e+19 4.183843722114849997e+19 4.218458296856600576e+19 4.259966560518375834e+19 4.300220618605593395e+19 4.337904134598838682e+19 4.370821170432474317e+19 4.397533214316672614e+19 4.418756151237129830e+19 3.809704230042205389e+19
4.143766625792717619e+19 4.144538930181509939e+19 4.161105275594527539e+19 4.183843722114849997e+19 4.218458296856601395e+19 4.259966560518376653e+19 4.300220618605594214e+19 4.337904134598838682e+19 4.370821170432473498e+19 4.397533214316671795e+19 4.418756151237132288e+19 3.809704230042205389e+19
4.143766625792715162e+19 4.144538930181508301e+19 4.161105275594529178e+19 4.183843722114849997e+19 4.218458296856600576e+19 4.259966560518376653e+19 4.300220618605595853e+19 4.337904134598837043e+19 4.370821170432472678e+19 4.397533214316672614e+19 4.418756151237131469e+19 3.809704230042205389e+19
4.143766625792715162e+19 4.144538930181509120e+19 4.161105275594528358e+19 4.183843722114849997e+19 4.218458296856600576e+19 4.259966560518378291e+19 4.300220618605595853e+19 4.337904134598836224e+19 4.370821170432471859e+19 4.397533214316672614e+19 4.418756151237133107e+19 3.809704230042205389e+19
4.143766625792713523e+19 4.144538930181509120e+19 4.161105275594529178e+19 4.183843722114849997e+19 4.218458296856599757e+19 4.259966560518378291e+19 4.300220618605596672e+19 4.337904134598836224e+19 4.370821170432471859e+19 4.397533214316672614e+19 4.418756151237134746e+19 3.809704230042204570e+19
4.143766625792712704e+19 4.144538930181508301e+19 4.161105275594527539e+19 4.183843722114849997e+19 4.218458296856599757e+19 4.259966560518379110e+19 4.300220618605598310e+19 4.337904134598837043e+19 4.370821170432472678e+19 4.397533214316673434e+19 4.418756151237133926e+19 3.809704230042204570e+19
4.143766625792712704e+19 4.144538930181506662e+19 4.161105275594527539e+19 4.183843722114849997e+19 4.218458296856598938e+19 4.259966560518377472e+19 4.300220618605597491e+19 4.337904134598838682e+19 4.370821170432471859e+19 4.397533214316674253e+19 4.418756151237135565e+19 3.809704230042203750e+19
4.143766625792711066e+19 4.144538930181507482e+19 4.161105275594525901e+19 4.183843722114849997e+19 4.218458296856598118e+19 4.259966560518376653e+19 4.300220618605597491e+19 4.337904134598836224e+19 4.370821170432471040e+19 4.397533214316674253e+19 4.418756151237136384e+19 3.809704230042205389e+19
4.143766625792709427e+19 4.144538930181506662e+19 4.161105275594526720e+19 4.183843722114849997e+19 4.218458296856596480e+19 4.259966560518376653e+19 4.300220618605597491e+19 4.337904134598837043e+19 4.370821170432470221e+19 4.397533214316675072e+19 4.418756151237137203e+19 3.809704230042202931e+19
4.143766625792707789e+19 4.144538930181509120e+19 4.161105275594527539e+19 4.183843722114849997e+19 4.218458296856596480e+19 4.259966560518375834e+19 4.300220618605598310e+19 4.337904134598837862e+19 4.370821170432470221e+19 4.397533214316674253e+19 4.418756151237136384e+19 3.809704230042203750e+19
4.143766625792706970e+19 4.144538930181509120e+19 4.161105275594527539e+19 4.183843722114849997e+19 4.218458296856595661e+19 4.259966560518375014e+19 4.300220618605597491e+19 4.337904134598836224e+19 4.370821170432471040e+19 4.397533214316672614e+19 4.418756151237134746e+19 3.809704230042203750e+19
4.143766625792706970e+19 4.144538930181507482e+19 4.161105275594528358e+19 4.183843722114849997e+19 4.218458296856594842e+19 4.259966560518375834e+19 4.300220618605598310e+19 4.337904134598834586e+19 4.370821170432471859e+19 4.397533214316675072e+19 4.418756151237135565e+19 3.809704230042202931e+19
4.143766625792707789e+19 4.144538930181507482e+19 4.161105275594529178e+19 4.183843722114849997e+19 4.218458296856595661e+19 4.259966560518375834e+19 4.300220618605598310e+19 4.337904134598836224e+19 4.370821170432471040e+19 4.397533214316674253e+19 4.418756151237134746e+19 3.809704230042203750e+19
4.143766625792707789e+19 4.144538930181506662e+19 4.161105275594529178e+19 4.183843722114849997e+19 4.218458296856594842e+19 4.259966560518375014e+19 4.300220618605599130e+19 4.337904134598835405e+19 4.370821170432470221e+19 4.397533214316674253e+19 4.418756151237135565e+19 3.809704230042204570e+19
4.143766625792707789e+19 4.144538930181506662e+19 4.161105275594529997e+19 4.183843722114849997e+19 4.218458296856594022e+19 4.259966560518375834e+19 4.300220618605597491e+19 4.337904134598837862e+19 4.370821170432471040e+19 4.397533214316675072e+19 4.418756151237133926e+19 3.809704230042205389e+19
4.143766625792706150e+19 4.144538930181507482e+19 4.161105275594529997e+19 4.183843722114849997e+19 4.218458296856594022e+19 4.259966560518375834e+19 4.300220618605597491e+19 4.337904134598837862e+19 4.370821170432469402e+19 4.397533214316672614e+19 4.418756151237133926e+19 3.809704230042206208e+19
4.143766625792707789e+19 4.144538930181507482e+19 4.161105275594528358e+19 4.183843722114849997e+19 4.218458296856594022e+19 4.259966560518376653e+19 4.300220618605595853e+19 4.337904134598837862e+19 4.370821170432470221e+19 4.397533214316670976e+19 4.418756151237133926e+19 3.809704230042205389e+19
4.143766625792707789e+19 4.144538930181508301e+19 4.161105275594529178e+19 4.183843722114849997e+19 4.218458296856594022e+19 4.259966560518376653e+19 4.300220618605597491e+19 4.337904134598837043e+19 4.370821170432471040e+19 4.397533214316671795e+19 4.418756151237134746e+19 3.809704230042205389e+19
4.143766625792706970e+19 4.144538930181506662e+19 4.161105275594531635e+19 4.183843722114849997e+19 4.218458296856594022e+19 4.259966560518377472e+19 4.300220618605595853e+19 4.337904134598836224e+19 4.370821170432471040e+19 4.397533214316670157e+19 4.418756151237135565e+19 3.809704230042206208e+19
4.143766625792705331e+19 4.144538930181505024e+19 4.161105275594532454e+19 4.183843722114849997e+19 4.218458296856595661e+19 4.259966560518375834e+19 4.300220618605595853e+19 4.337904134598836224e+19 4.370821170432471040e+19 4.397533214316671795e+19 4.418756151237133107e+19 3.809704230042207027e+19
4.143766625792706150e+19 4.144538930181506662e+19 4.161105275594533274e+19 4.183843722114849997e+19 4.218458296856593203e+19 4.259966560518375834e+19 4.300220618605595034e+19 4.337904134598836224e+19 4.370821170432471040e+19 4.397533214316672614e+19 4.418756151237134746e+19 3.809704230042206208e+19
4.143766625792704512e+19 4.144538930181509120e+19 4.161105275594534093e+19 4.183843722114849997e+19 4.218458296856594022e+19 4.259966560518373376e+19 4.300220618605593395e+19 4.337904134598834586e+19 4.370821170432471040e+19 4.397533214316673434e+19 4.418756151237133926e+19 3.809704230042206208e+19
4.143766625792704512e+19 4.144538930181508301e+19 4.161105275594534093e+19 4.183843722114849997e+19 4.218458296856591565e+19 4.259966560518373376e+19 4.300220618605591757e+19 4.337904134598836224e+19 4.370821170432470221e+19 4.397533214316673434e+19 4.418756151237134746e+19 3.809704230042206208e+19
4.143766625792703693e+19 4.144538930181507482e+19 4.161105275594533274e+19 4.183843722114849997e+19 4.218458296856591565e+19 4.259966560518372557e+19 4.300220618605592576e+19 4.337904134598834586e+19 4.370821170432470221e+19 4.397533214316675072e+19 4.418756151237132288e+19 3.809704230042206208e+19
4.143766625792703693e+19 4.144538930181507482e+19 4.161105275594534912e+19 4.183843722114849997e+19 4.218458296856592384e+19 4.259966560518372557e+19 4.300220618605592576e+19 4.337904134598833766e+19 4.370821170432470221e+19 4.397533214316674253e+19 4.418756151237133107e+19 3.809704230042207027e+19
4.143766625792703693e+19 4.144538930181505843e+19 4.161105275594533274e+19 4.183843722114849997e+19 4.218458296856592384e+19 4.259966560518374195e+19 4.300220618605593395e+19 4.337904134598832128e+19 4.370821170432471040e+19 4.397533214316672614e+19 4.418756151237133107e+19 3.809704230042206208e+19
4.143766625792702054e+19 4.144538930181504205e+19 4.161105275594531635e+19 4.183843722114849997e+19 4.218458296856594022e+19 4.259966560518373376e+19 4.300220618605592576e+19 4.337904134598830490e+19 4.370821170432472678e+19 4.397533214316673434e+19 4.418756151237134746e+19 3.809704230042207027e+19
4.143766625792701235e+19 4.144538930181504205e+19 4.161105275594530816e+19 4.183843722114849997e+19 4.218458296856594022e+19 4.259966560518371738e+19 4.300220618605593395e+19 4.337904134598829670e+19 4.370821170432474317e+19 4.397533214316671795e+19 4.418756151237134746e+19 3.809704230042206208e+19
4.143766625792702054e+19 4.144538930181504205e+19 4.161105275594529997e+19 4.183843722114849997e+19 4.218458296856594842e+19 4.259966560518373376e+19 4.300220618605592576e+19 4.337904134598830490e+19 4.370821170432474317e+19 4.397533214316672614e+19 4.418756151237133107e+19 3.809704230042206208e+19
4.143766625792704512e+19 4.144538930181503386e+19 4.161105275594530816e+19 4.183843722114849997e+19 4.218458296856594842e+19 4.259966560518372557e+19 4.300220618605593395e+19 4.337904134598829670e+19 4.370821170432473498e+19 4.397533214316672614e+19 4.418756151237135565e+19 3.809704230042206208e+19
4.143766625792705331e+19 4.144538930181502566e+19 4.161105275594534093e+19 4.183843722114849997e+19 4.218458296856594842e+19 4.259966560518374195e+19 4.300220618605592576e+19 4.337904134598829670e+19 4.370821170432472678e+19 4.397533214316673434e+19 4.418756151237133926e+19 3.809704230042206208e+19
4.143766625792707789e+19 4.144538930181501747e+19 4.161105275594533274e+19 4.183843722114849997e+19 4.218458296856594022e+19 4.259966560518372557e+19 4.300220618605593395e+19 4.337904134598830490e+19 4.370821170432474317e+19 4.397533214316674253e+19 4.418756151237132288e+19 3.809704230042206208e+19
4.143766625792708608e+19 4.144538930181500928e+19 4.161105275594533274e+19 4.183843722114849997e+19 4.218458296856593203e+19 4.259966560518372557e+19 4.300220618605595034e+19 4.337904134598832947e+19 4.370821170432474317e+19 4.397533214316673434e+19 4.418756151237132288e+19 3.809704230042207027e+19
4.143766625792709427e+19 4.144538930181501747e+19 4.161105275594533274e+19 4.183843722114849997e+19 4.218458296856593203e+19 4.259966560518372557e+19 4.300220618605594214e+19 4.337904134598829670e+19 4.370821170432473498e+19 4.397533214316673434e+19 4.418756151237132288e+19 3.809704230042207027e+19
4.143766625792711885e+19 4.144538930181502566e+19 4.161105275594532454e+19 4.183843722114849997e+19 4.218458296856593203e+19 4.259966560518372557e+19 4.300220618605591757e+19 4.337904134598830490e+19 4.370821170432474317e+19 4.397533214316673434e+19 4.418756151237131469e+19 3.809704230042207027e+19
4.143766625792711885e+19 4.144538930181502566e+19 4.161105275594531635e+19 4.183843722114849997e+19 4.218458296856594022e+19 4.259966560518372557e+19 4.300220618605589299e+19 4.337904134598828032e+19 4.370821170432471040e+19 4.397533214316673434e+19 4.418756151237130650e+19 3.809704230042207027e+19
4.143766625792711885e+19 4.144538930181501747e+19 4.161105275594531635e+19 4.183843722114849997e+19 4.218458296856594022e+19 4.259966560518374195e+19 4.300220618605589299e+19 4.337904134598829670e+19 4.370821170432471040e+19 4.397533214316672614e+19 4.418756151237131469e+19 3.809704230042206208e+19
4.143766625792711885e+19 4.144538930181501747e+19 4.161105275594531635e+19 4.183843722114849997e+19 4.218458296856594022e+19 4.259966560518375834e+19 4.300220618605588480e+19 4.337904134598828032e+19 4.370821170432471859e+19 4.397533214316671795e+19 4.418756151237130650e+19 3.809704230042206208e+19
4.143766625792712704e+19 4.144538930181502566e+19 4.161105275594531635e+19 4.183843722114849997e+19 4.218458296856594022e+19 4.259966560518375834e+19 4.300220618605590118e+19 4.337904134598829670e+19 4.370821170432470221e+19 4.397533214316673434e+19 4.418756151237130650e+19 3.809704230042206208e+19
4.143766625792711885e+19 4.144538930181502566e+19 4.161105275594529997e+19 4.183843722114849997e+19 4.218458296856594842e+19 4.259966560518376653e+19 4.300220618605590118e+19 4.337904134598829670e+19 4.370821170432469402e+19 4.397533214316673434e+19 4.418756151237130650e+19 3.809704230042207027e+19
4.143766625792711066e+19 4.144538930181502566e+19 4.161105275594531635e+19 4.183843722114849997e+19 4.218458296856594022e+19 4.259966560518375834e+19 4.300220618605589299e+19 4.337904134598828851e+19 4.370821170432471859e+19 4.397533214316672614e+19 4.418756151237130650e+19 3.809704230042207027e+19
4.143766625792711885e+19 4.144538930181501747e+19 4.161105275594530816e+19 4.183843722114849997e+19 4.218458296856593203e+19 4.259966560518375834e+19 4.300220618605590118e+19 4.337904134598828032e+19 4.370821170432471859e+19 4.397533214316670976e+19 4.418756151237129830e+19 3.809704230042207027e+19
4.143766625792712704e+19 4.144538930181502566e+19 4.161105275594530816e+19 4.183843722114849997e+19 4.218458296856592384e+19 4.259966560518375834e+19 4.300220618605588480e+19 4.337904134598828851e+19 4.370821170432471859e+19 4.397533214316671795e+19 4.418756151237129830e+19 3.809704230042207027e+19
4.143766625792711885e+19 4.144538930181504205e+19 4.161105275594532454e+19 4.183843722114849997e+19 4.218458296856592384e+19 4.259966560518375014e+19 4.300220618605587661e+19 4.337904134598828851e+19 4.370821170432472678e+19 4.397533214316671795e+19 4.418756151237130650e+19 3.809704230042207027e+19
4.143766625792711885e+19 4.144538930181505024e+19 4.161105275594532454e+19 4.183843722114849997e+19 4.218458296856593203e+19 4.259966560518376653e+19 4.300220618605586842e+19 4.337904134598829670e+19 4.370821170432471040e+19 4.397533214316672614e+19 4.418756151237132288e+19 3.809704230042206208e+19
4.143766625792711885e+19 4.144538930181505843e+19 4.161105275594532454e+19 4.183843722114849997e+19 4.218458296856594022e+19 4.259966560518375834e+19 4.300220618605586022e+19 4.337904134598830490e+19 4.370821170432471859e+19 4.397533214316673434e+19 4.418756151237133926e+19 3.809704230042206208e+19
4.143766625792712704e+19 4.144538930181504205e+19 4.161105275594533274e+19 4.183843722114849997e+19 4.218458296856594022e+19 4.259966560518373376e+19 4.300220618605586022e+19 4.337904134598831309e+19 4.370821170432473498e+19 4.397533214316670976e+19 4.418756151237134746e+19 3.809704230042206208e+19
4.143766625792712704e+19 4.144538930181505843e+19 4.161105275594534093e+19 4.183843722114849997e+19 4.218458296856594022e+19 4.259966560518373376e+19 4.300220618605586842e+19 4.337904134598829670e+19 4.370821170432474317e+19 4.397533214316672614e+19 4.418756151237134746e+19 3.809704230042206208e+19
4.143766625792713523e+19 4.144538930181505843e+19 4.161105275594532454e+19 4.183843722114849997e+19 4.218458296856594842e+19 4.259966560518372557e+19 4.300220618605586022e+19 4.337904134598828851e+19 4.370821170432475136e+19 4.397533214316670976e+19 4.418756151237133926e+19 3.809704230042206208e+19
4.143766625792714342e+19 4.144538930181508301e+19 4.161105275594532454e+19 4.183843722114849997e+19 4.218458296856594842e+19 4.259966560518372557e+19 4.300220618605586022e+19 4.337904134598828032e+19 4.370821170432475955e+19 4.397533214316670976e+19 4.418756151237131469e+19 3.809704230042206208e+19
4.143766625792714342e+19 4.144538930181507482e+19 4.161105275594534093e+19 4.183843722114849997e+19 4.218458296856594842e+19 4.259966560518371738e+19 4.300220618605586022e+19 4.337904134598828032e+19 4.370821170432475955e+19 4.397533214316672614e+19 4.418756151237132288e+19 3.809704230042206208e+19
4.143766625792714342e+19 4.144538930181506662e+19 4.161105275594534912e+19 4.183843722114849997e+19 4.218458296856594842e+19 4.259966560518372557e+19 4.300220618605586022e+19 4.337904134598828851e+19 4.370821170432478413e+19 4.397533214316672614e+19 4.418756151237132288e+19 3.809704230042206208e+19
4.143766625792715981e+19 4.144538930181505024e+19 4.161105275594536550e+19 4.183843722114849997e+19 4.218458296856594842e+19 4.259966560518371738e+19 4.300220618605587661e+19 4.337904134598828032e+19 4.370821170432477594e+19 4.397533214316670976e+19 4.418756151237133926e+19 3.809704230042206208e+19
4.143766625792716800e+19 4.144538930181506662e+19 4.161105275594535731e+19 4.183843722114849997e+19 4.218458296856594022e+19 4.259966560518371738e+19 4.300220618605586022e+19 4.337904134598826394e+19 4.370821170432477594e+19 4.397533214316670976e+19 4.418756151237135565e+19 3.809704230042205389e+19
4.143766625792716800e+19 4.144538930181505024e+19 4.161105275594536550e+19 4.183843722114849997e+19 4.218458296856594842e+19 4.259966560518371738e+19 4.300220618605586022e+19 4.337904134598826394e+19 4.370821170432475955e+19 4.397533214316671795e+19 4.418756151237134746e+19 3.809704230042203750e+19
4.143766625792716800e+19 4.144538930181505843e+19 4.161105275594536550e+19 4.183843722114849997e+19 4.218458296856594842e+19 4.259966560518370918e+19 4.300220618605586022e+19 4.337904134598828032e+19 4.370821170432476774e+19 4.397533214316672614e+19 4.418756151237135565e+19 3.809704230042203750e+19
4.143766625792715981e+19 4.144538930181505843e+19 4.161105275594535731e+19 4.183843722114849997e+19 4.218458296856594022e+19 4.259966560518370918e+19 4.300220618605586842e+19 4.337904134598828032e+19 4.370821170432476774e+19 4.397533214316674253e+19 4.418756151237134746e+19 3.809704230042203750e+19
4.143766625792715981e+19 4.144538930181506662e+19 4.161105275594535731e+19 4.183843722114849997e+19 4.218458296856594022e+19 4.259966560518368461e+19 4.300220618605585203e+19 4.337904134598828851e+19 4.370821170432475136e+19 4.397533214316675072e+19 4.418756151237134746e+19 3.809704230042203750e+19
4.143766625792715981e+19 4.144538930181505843e+19 4.161105275594533274e+19 4.183843722114849997e+19 4.218458296856594022e+19 4.259966560518369280e+19 4.300220618605586842e+19 4.337904134598830490e+19 4.370821170432475955e+19 4.397533214316675891e+19 4.418756151237133926e+19 3.809704230042203750e+19
4.143766625792717619e+19 4.144538930181505843e+19 4.161105275594533274e+19 4.183843722114849997e+19 4.218458296856594842e+19 4.259966560518369280e+19 4.300220618605586842e+19 4.337904134598832128e+19 4.370821170432474317e+19 4.397533214316675072e+19 4.418756151237134746e+19 3.809704230042203750e+19
4.143766625792720077e+19 4.144538930181505024e+19 4.161105275594533274e+19 4.183843722114849997e+19 4.218458296856594022e+19 4.259966560518368461e+19 4.300220618605586022e+19 4.337904134598830490e+19 4.370821170432473498e+19 4.397533214316675891e+19 4.418756151237133926e+19 3.809704230042203750e+19
4.143766625792721715e+19 4.144538930181504205e+19 4.161105275594533274e+19 4.183843722114849997e+19 4.218458296856592384e+19 4.259966560518368461e+19 4.300220618605585203e+19 4.337904134598829670e+19 4.370821170432475136e+19 4.397533214316675072e+19 4.418756151237133926e+19 3.809704230042203750e+19
4.143766625792720896e+19 4.144538930181504205e+19 4.161105275594534912e+19 4.183843722114849997e+19 4.218458296856592384e+19 4.259966560518366822e+19 4.300220618605586842e+19 4.337904134598828851e+19 4.370821170432475136e+19 4.397533214316673434e+19 4.418756151237132288e+19 3.809704230042204570e+19
4.143766625792721715e+19 4.144538930181505843e+19 4.161105275594536550e+19 4.183843722114849997e+19 4.218458296856591565e+19 4.259966560518366822e+19 4.300220618605587661e+19 4.337904134598829670e+19 4.370821170432474317e+19 4.397533214316673434e+19 4.418756151237133107e+19 3.809704230042204570e+19
4.143766625792720896e+19 4.144538930181504205e+19 4.161105275594535731e+19 4.183843722114849997e+19 4.218458296856591565e+19 4.259966560518366822e+19 4.300220618605588480e+19 4.337904134598829670e+19 4.370821170432475136e+19 4.397533214316673434e+19 4.418756151237134746e+19 3.809704230042203750e+19
4.143766625792723354e+19 4.144538930181504205e+19 4.161105275594534912e+19 4.183843722114849997e+19 4.218458296856590746e+19 4.259966560518366822e+19 4.300220618605587661e+19 4.337904134598828851e+19 4.370821170432475955e+19 4.397533214316671795e+19 4.418756151237135565e+19 3.809704230042204570e+19
4.143766625792723354e+19 4.144538930181503386e+19 4.161105275594534093e+19 4.183843722114849997e+19 4.218458296856590746e+19 4.259966560518367642e+19 4.300220618605587661e+19 4.337904134598828851e+19 4.370821170432476774e+19 4.397533214316670976e+19 4.418756151237137203e+19 3.809704230042203750e+19
4.143766625792724173e+19 4.144538930181501747e+19 4.161105275594534912e+19 4.183843722114849997e+19 4.218458296856589926e+19 4.259966560518366822e+19 4.300220618605588480e+19 4.337904134598828032e+19 4.370821170432476774e+19 4.397533214316670157e+19 4.418756151237135565e+19 3.809704230042204570e+19
4.143766625792725811e+19 4.144538930181501747e+19 4.161105275594536550e+19 4.183843722114849997e+19 4.218458296856589926e+19 4.259966560518366003e+19 4.300220618605586842e+19 4.337904134598827213e+19 4.370821170432476774e+19 4.397533214316669338e+19 4.418756151237135565e+19 3.809704230042203750e+19
4.143766625792726630e+19 4.144538930181502566e+19 4.161105275594534912e+19 4.183843722114849997e+19 4.218458296856589107e+19 4.259966560518366822e+19 4.300220618605586022e+19 4.337904134598826394e+19 4.370821170432477594e+19 4.397533214316670157e+19 4.418756151237137203e+19 3.809704230042203750e+19
4.143766625792727450e+19 4.144538930181500928e+19 4.161105275594534093e+19 4.183843722114849997e+19 4.218458296856590746e+19 4.259966560518365184e+19 4.300220618605586022e+19 4.337904134598826394e+19 4.370821170432479232e+19 4.397533214316670976e+19 4.418756151237138022e+19 3.809704230042202931e+19
4.143766625792729088e+19 4.144538930181501747e+19 4.161105275594534912e+19 4.183843722114849997e+19 4.218458296856590746e+19 4.259966560518365184e+19 4.300220618605584384e+19 4.337904134598823936e+19 4.370821170432479232e+19 4.397533214316670976e+19 4.418756151237140480e+19 3.809704230042202931e+19
4.143766625792732365e+19 4.144538930181502566e+19 4.161105275594534912e+19 4.183843722114849997e+19 4.218458296856590746e+19 4.259966560518364365e+19 4.300220618605584384e+19 4.337904134598823117e+19 4.370821170432478413e+19 4.397533214316670976e+19 4.418756151237139661e+19 3.809704230042203750e+19
4.143766625792731546e+19 4.144538930181503386e+19 4.161105275594536550e+19 4.183843722114849997e+19 4.218458296856589107e+19 4.259966560518363546e+19 4.300220618605584384e+19 4.337904134598823117e+19 4.370821170432479232e+19 4.397533214316670157e+19 4.418756151237138842e+19 3.809704230042202931e+19
4.143766625792733184e+19 4.144538930181504205e+19 4.161105275594535731e+19 4.183843722114849997e+19 4.218458296856589107e+19 4.259966560518362726e+19 4.300220618605584384e+19 4.337904134598821478e+19 4.370821170432481690e+19 4.397533214316672614e+19 4.418756151237138022e+19 3.809704230042202931e+19
4.143766625792733184e+19 4.144538930181505843e+19 4.161105275594534912e+19 4.183843722114849997e+19 4.218458296856588288e+19 4.259966560518361907e+19 4.300220618605584384e+19 4.337904134598823117e+19 4.370821170432481690e+19 4.397533214316671795e+19 4.418756151237137203e+19 3.809704230042202931e+19
4.143766625792733184e+19 4.144538930181506662e+19 4.161105275594534912e+19 4.183843722114849997e+19 4.218458296856587469e+19 4.259966560518362726e+19 4.300220618605583565e+19 4.337904134598824755e+19 4.370821170432481690e+19 4.397533214316673434e+19 4.418756151237136384e+19 3.809704230042202112e+19
4.143766625792733184e+19 4.144538930181507482e+19 4.161105275594534912e+19 4.183843722114849997e+19 4.218458296856587469e+19 4.259966560518362726e+19 4.300220618605585203e+19 4.337904134598823936e+19 4.370821170432481690e+19 4.397533214316674253e+19 4.418756151237137203e+19 3.809704230042202931e+19
4.143766625792733184e+19 4.144538930181506662e+19 4.161105275594535731e+19 4.183843722114849997e+19 4.218458296856586650e+19 4.259966560518362726e+19 4.300220618605586022e+19 4.337904134598823117e+19 4.370821170432483328e+19 4.397533214316673434e+19 4.418756151237138022e+19 3.809704230042202931e+19
4.143766625792730726e+19 4.144538930181506662e+19 4.161105275594535731e+19 4.183843722114849997e+19 4.218458296856586650e+19 4.259966560518361907e+19 4.300220618605585203e+19 4.337904134598823117e+19 4.370821170432481690e+19 4.397533214316672614e+19 4.418756151237138842e+19 3.809704230042202112e+19
4.143766625792729907e+19 4.144538930181505843e+19 4.161105275594534093e+19 4.183843722114849997e+19 4.218458296856587469e+19 4.259966560518361088e+19 4.300220618605586022e+19 4.337904134598823117e+19 4.370821170432482509e+19 4.397533214316672614e+19 4.418756151237138022e+19 3.809704230042203750e+19
4.143766625792729907e+19 4.144538930181504205e+19 4.161105275594535731e+19 4.183843722114849997e+19 4.218458296856586650e+19 4.259966560518361088e+19 4.300220618605586842e+19 4.337904134598824755e+19 4.370821170432481690e+19 4.397533214316673434e+19 4.418756151237139661e+19 3.809704230042203750e+19
4.143766625792728269e+19 4.144538930181505024e+19 4.161105275594536550e+19 4.183843722114849997e+19 4.218458296856587469e+19 4.259966560518360269e+19 4.300220618605586842e+19 4.337904134598824755e+19 4.370821170432481690e+19 4.397533214316673434e+19 4.418756151237139661e+19 3.809704230042203750e+19
4.143766625792729088e+19 4.144538930181505843e+19 4.161105275594536550e+19 4.183843722114849997e+19 4.218458296856588288e+19 4.259966560518361088e+19 4.300220618605585203e+19 4.337904134598827213e+19 4.370821170432479232e+19 4.397533214316675072e+19 4.418756151237140480e+19 3.809704230042203750e+19
4.143766625792728269e+19 4.144538930181504205e+19 4.161105275594537370e+19 4.183843722114849997e+19 4.218458296856587469e+19 4.259966560518362726e+19 4.300220618605586022e+19 4.337904134598826394e+19 4.370821170432479232e+19 4.397533214316675072e+19 4.418756151237139661e+19 3.809704230042202931e+19
4.143766625792728269e+19 4.144538930181505843e+19 4.161105275594536550e+19 4.183843722114849997e+19 4.218458296856586650e+19 4.259966560518362726e+19 4.300220618605587661e+19 4.337904134598823936e+19 4.370821170432477594e+19 4.397533214316674253e+19 4.418756151237139661e+19 3.809704230042202931e+19
4.143766625792729907e+19 4.144538930181505843e+19 4.161105275594535731e+19 4.183843722114849997e+19 4.218458296856587469e+19 4.259966560518363546e+19 4.300220618605586842e+19 4.337904134598824755e+19 4.370821170432476774e+19 4.397533214316675072e+19 4.418756151237140480e+19 3.809704230042203750e+19
4.143766625792729907e+19 4.144538930181507482e+19 4.161105275594535731e+19 4.183843722114849997e+19 4.218458296856587469e+19 4.259966560518364365e+19 4.300220618605586842e+19 4.337904134598824755e+19 4.370821170432477594e+19 4.397533214316675072e+19 4.418756151237139661e+19 3.809704230042205389e+19
4.143766625792731546e+19 4.144538930181508301e+19 4.161105275594534912e+19 4.183843722114849997e+19 4.218458296856585830e+19 4.259966560518363546e+19 4.300220618605588480e+19 4.337904134598824755e+19 4.370821170432476774e+19 4.397533214316674253e+19 4.418756151237140480e+19 3.809704230042204570e+19
4.143766625792730726e+19 4.144538930181509120e+19 4.161105275594534912e+19 4.183843722114849997e+19 4.218458296856585830e+19 4.259966560518362726e+19 4.300220618605587661e+19 4.337904134598823117e+19 4.370821170432476774e+19 4.397533214316673434e+19 4.418756151237140480e+19 3.809704230042204570e+19
4.143766625792729088e+19 4.144538930181509120e+19 4.161105275594533274e+19 4.183843722114849997e+19 4.218458296856586650e+19 4.259966560518361907e+19 4.300220618605587661e+19 4.337904134598823936e+19 4.370821170432476774e+19 4.397533214316673434e+19 4.418756151237141299e+19 3.809704230042205389e+19
4.143766625792729088e+19 4.144538930181508301e+19 4.161105275594533274e+19 4.183843722114849997e+19 4.218458296856585830e+19 4.259966560518362726e+19 4.300220618605588480e+19 4.337904134598823936e+19 4.370821170432477594e+19 4.397533214316673434e+19 4.418756151237142938e+19 3.809704230042205389e+19
4.143766625792727450e+19 4.144538930181507482e+19 4.161105275594532454e+19 4.183843722114849997e+19 4.218458296856585830e+19 4.259966560518361088e+19 4.300220618605587661e+19 4.337904134598824755e+19 4.370821170432477594e+19 4.397533214316673434e+19 4.418756151237144576e+19 3.809704230042205389e+19
4.143766625792728269e+19 4.144538930181509120e+19 4.161105275594532454e+19 4.183843722114849997e+19 4.218458296856585011e+19 4.259966560518360269e+19 4.300220618605587661e+19 4.337904134598823117e+19 4.370821170432476774e+19 4.397533214316672614e+19 4.418756151237142938e+19 3.809704230042206208e+19
4.143766625792728269e+19 4.144538930181509120e+19 4.161105275594534093e+19 4.183843722114849997e+19 4.218458296856585011e+19 4.259966560518360269e+19 4.300220618605587661e+19 4.337904134598823117e+19 4.370821170432476774e+19 4.397533214316671795e+19 4.418756151237143757e+19 3.809704230042206208e+19
4.143766625792728269e+19 4.144538930181508301e+19 4.161105275594535731e+19 4.183843722114849997e+19 4.218458296856585011e+19 4.259966560518359450e+19 4.300220618605589299e+19 4.337904134598823936e+19 4.370821170432477594e+19 4.397533214316670976e+19 4.418756151237144576e+19 3.809704230042206208e+19
4.143766625792729907e+19 4.144538930181508301e+19 4.161105275594534912e+19 4.183843722114849997e+19 4.218458296856584192e+19 4.259966560518360269e+19 4.300220618605591757e+19 4.337904134598823117e+19 4.370821170432477594e+19 4.397533214316670976e+19 4.418756151237142938e+19 3.809704230042206208e+19
4.143766625792729907e+19 4.144538930181508301e+19 4.161105275594534093e+19 4.183843722114849997e+19 4.218458296856584192e+19 4.259966560518360269e+19 4.300220618605592576e+19 4.337904134598823117e+19 4.370821170432478413e+19 4.397533214316671795e+19 4.418756151237142118e+19 3.809704230042206208e+19
4.143766625792730726e+19 4.144538930181505843e+19 4.161105275594534093e+19 4.183843722114849997e+19 4.218458296856584192e+19 4.259966560518361088e+19 4.300220618605592576e+19 4.337904134598823936e+19 4.370821170432478413e+19 4.397533214316671795e+19 4.418756151237140480e+19 3.809704230042206208e+19
4.143766625792730726e+19 4.144538930181506662e+19 4.161105275594533274e+19 4.183843722114849997e+19 4.218458296856585011e+19 4.259966560518361088e+19 4.300220618605594214e+19 4.337904134598825574e+19 4.370821170432480051e+19 4.397533214316672614e+19 4.418756151237142938e+19 3.809704230042205389e+19
4.143766625792730726e+19 4.144538930181506662e+19 4.161105275594532454e+19 4.183843722114849997e+19 4.218458296856583373e+19 4.259966560518363546e+19 4.300220618605594214e+19 4.337904134598824755e+19 4.370821170432479232e+19 4.397533214316672614e+19 4.418756151237142938e+19 3.809704230042205389e+19
4.143766625792728269e+19 4.144538930181506662e+19 4.161105275594531635e+19 4.183843722114849997e+19 4.218458296856583373e+19 4.259966560518362726e+19 4.300220618605593395e+19 4.337904134598823936e+19 4.370821170432480870e+19 4.397533214316670976e+19 4.418756151237141299e+19 3.809704230042204570e+19
4.143766625792724992e+19 4.144538930181505843e+19 4.161105275594533274e+19 4.183843722114849997e+19 4.218458296856584192e+19 4.259966560518364365e+19 4.300220618605592576e+19 4.337904134598823117e+19 4.370821170432482509e+19 4.397533214316671795e+19 4.418756151237143757e+19 3.809704230042204570e+19
4.143766625792725811e+19 4.144538930181505843e+19 4.161105275594533274e+19 4.183843722114849997e+19 4.218458296856585830e+19 4.259966560518364365e+19 4.300220618605593395e+19 4.337904134598822298e+19 4.370821170432481690e+19 4.397533214316670976e+19 4.418756151237142938e+19 3.809704230042204570e+19
4.143766625792723354e+19 4.144538930181506662e+19 4.161105275594534912e+19 4.183843722114849997e+19 4.218458296856585830e+19 4.259966560518364365e+19 4.300220618605592576e+19 4.337904134598823117e+19 4.370821170432481690e+19 4.397533214316668518e+19 4.418756151237142118e+19 3.809704230042204570e+19
4.143766625792724173e+19 4.144538930181507482e+19 4.161105275594534093e+19 4.183843722114849997e+19 4.218458296856585830e+19 4.259966560518363546e+19 4.300220618605591757e+19 4.337904134598823117e+19 4.370821170432480870e+19 4.397533214316668518e+19 4.418756151237142938e+19 3.809704230042204570e+19
4.143766625792723354e+19 4.144538930181506662e+19 4.161105275594534912e+19 4.183843722114849997e+19 4.218458296856585830e+19 4.259966560518362726e+19 4.300220618605590938e+19 4.337904134598823117e+19 4.370821170432480051e+19 4.397533214316668518e+19 4.418756151237144576e+19 3.809704230042204570e+19
4.143766625792723354e+19 4.144538930181505843e+19 4.161105275594534912e+19 4.183843722114849997e+19 4.218458296856585830e+19 4.259966560518361907e+19 4.300220618605591757e+19 4.337904134598821478e+19 4.370821170432478413e+19 4.397533214316670157e+19 4.418756151237143757e+19 3.809704230042204570e+19
4.143766625792723354e+19 4.144538930181504205e+19 4.161105275594534912e+19 4.183843722114849997e+19 4.218458296856586650e+19 4.259966560518363546e+19 4.300220618605590938e+19 4.337904134598823117e+19 4.370821170432479232e+19 4.397533214316670157e+19 4.418756151237144576e+19 3.809704230042204570e+19
4.143766625792723354e+19 4.144538930181505024e+19 4.161105275594533274e+19 4.183843722114849997e+19 4.218458296856587469e+19 4.259966560518365184e+19 4.300220618605592576e+19 4.337904134598822298e+19 4.370821170432480870e+19 4.397533214316668518e+19 4.418756151237145395e+19 3.809704230042204570e+19
4.143766625792724173e+19 4.144538930181505843e+19 4.161105275594534093e+19 4.183843722114849997e+19 4.218458296856589107e+19 4.259966560518366822e+19 4.300220618605593395e+19 4.337904134598822298e+19 4.370821170432480870e+19 4.397533214316670157e+19 4.418756151237145395e+19 3.809704230042204570e+19
4.143766625792722534e+19 4.144538930181506662e+19 4.161105275594534093e+19 4.183843722114849997e+19 4.218458296856589107e+19 4.259966560518365184e+19 4.300220618605590938e+19 4.337904134598823936e+19 4.370821170432482509e+19 4.397533214316670157e+19 4.418756151237144576e+19 3.809704230042203750e+19
4.143766625792721715e+19 4.144538930181506662e+19 4.161105275594533274e+19 4.183843722114849997e+19 4.218458296856589107e+19 4.259966560518365184e+19 4.300220618605591757e+19 4.337904134598823936e+19 4.370821170432484966e+19 4.397533214316669338e+19 4.418756151237146214e+19 3.809704230042203750e+19
4.143766625792721715e+19 4.144538930181506662e+19 4.161105275594534093e+19 4.183843722114849997e+19 4.218458296856589107e+19 4.259966560518366822e+19 4.300220618605591757e+19 4.337904134598825574e+19 4.370821170432483328e+19 4.397533214316669338e+19 4.418756151237144576e+19 3.809704230042204570e+19
4.143766625792724173e+19 4.144538930181508301e+19 4.161105275594535731e+19 4.183843722114849997e+19 4.218458296856589107e+19 4.259966560518366003e+19 4.300220618605592576e+19 4.337904134598825574e+19 4.370821170432483328e+19 4.397533214316670157e+19 4.418756151237142938e+19 3.809704230042202931e+19
4.143766625792724173e+19 4.144538930181507482e+19 4.161105275594536550e+19 4.183843722114849997e+19 4.218458296856588288e+19 4.259966560518366003e+19 4.300220618605591757e+19 4.337904134598826394e+19 4.370821170432484147e+19 4.397533214316670157e+19 4.418756151237142938e+19 3.809704230042202931e+19
4.143766625792723354e+19 4.144538930181508301e+19 4.161105275594534912e+19 4.183843722114849997e+19 4.218458296856589107e+19 4.259966560518366003e+19 4.300220618605591757e+19 4.337904134598826394e+19 4.370821170432484147e+19 4.397533214316670976e+19 4.418756151237142938e+19 3.809704230042202931e+19
4.143766625792722534e+19 4.144538930181507482e+19 4.161105275594534912e+19 4.183843722114849997e+19 4.218458296856589926e+19 4.259966560518364365e+19 4.300220618605590118e+19 4.337904134598826394e+19 4.370821170432485786e+19 4.397533214316670157e+19 4.418756151237141299e+19 3.809704230042203750e+19
4.143766625792720077e+19 4.144538930181509120e+19 4.161105275594533274e+19 4.183843722114849997e+19 4.218458296856589926e+19 4.259966560518366003e+19 4.300220618605589299e+19 4.337904134598826394e+19 4.370821170432487424e+19 4.397533214316670157e+19 4.418756151237139661e+19 3.809704230042203750e+19
4.143766625792721715e+19 4.144538930181509120e+19 4.161105275594532454e+19 4.183843722114849997e+19 4.218458296856589107e+19 4.259966560518366003e+19 4.300220618605589299e+19 4.337904134598825574e+19 4.370821170432487424e+19 4.397533214316670157e+19 4.418756151237141299e+19 3.809704230042203750e+19
4.143766625792720077e+19 4.144538930181508301e+19 4.161105275594533274e+19 4.183843722114849997e+19 4.218458296856588288e+19 4.259966560518367642e+19 4.300220618605590118e+19 4.337904134598825574e+19 4.370821170432488243e+19 4.397533214316670157e+19 4.418756151237141299e+19 3.809704230042202931e+19
4.143766625792722534e+19 4.144538930181509939e+19 4.161105275594534093e+19 4.183843722114849997e+19 4.218458296856588288e+19 4.259966560518365184e+19 4.300220618605589299e+19 4.337904134598827213e+19 4.370821170432489882e+19 4.397533214316667699e+19 4.418756151237141299e+19 3.809704230042202931e+19
4.143766625792723354e+19 4.144538930181509939e+19 4.161105275594534912e+19 4.183843722114849997e+19 4.218458296856588288e+19 4.259966560518366003e+19 4.300220618605588480e+19 4.337904134598826394e+19 4.370821170432489882e+19 4.397533214316667699e+19 4.418756151237140480e+19 3.809704230042201293e+19
4.143766625792722534e+19 4.144538930181509939e+19 4.161105275594537370e+19 4.183843722114849997e+19 4.218458296856588288e+19 4.259966560518366003e+19 4.300220618605586022e+19 4.337904134598823936e+19 4.370821170432489062e+19 4.397533214316666880e+19 4.418756151237142118e+19 3.809704230042200474e+19
4.143766625792721715e+19 4.144538930181510758e+19 4.161105275594539008e+19 4.183843722114849997e+19 4.218458296856589107e+19 4.259966560518365184e+19 4.300220618605586842e+19 4.337904134598823936e+19 4.370821170432487424e+19 4.397533214316666880e+19 4.418756151237140480e+19 3.809704230042200474e+19
4.143766625792721715e+19 4.144538930181511578e+19 4.161105275594539008e+19 4.183843722114849997e+19 4.218458296856589107e+19 4.259966560518362726e+19 4.300220618605587661e+19 4.337904134598823117e+19 4.370821170432486605e+19 4.397533214316667699e+19 4.418756151237141299e+19 3.809704230042200474e+19
4.143766625792722534e+19 4.144538930181512397e+19 4.161105275594539827e+19 4.183843722114849997e+19 4.218458296856590746e+19 4.259966560518362726e+19 4.300220618605588480e+19 4.337904134598821478e+19 4.370821170432486605e+19 4.397533214316666880e+19 4.418756151237140480e+19 3.809704230042200474e+19
4.143766625792722534e+19 4.144538930181512397e+19 4.161105275594538189e+19 4.183843722114849997e+19 4.218458296856589926e+19 4.259966560518365184e+19 4.300220618605588480e+19 4.337904134598821478e+19 4.370821170432486605e+19 4.397533214316668518e+19 4.418756151237139661e+19 3.809704230042201293e+19
4.143766625792723354e+19 4.144538930181513216e+19 4.161105275594537370e+19 4.183843722114849997e+19 4.218458296856589107e+19 4.259966560518363546e+19 4.300220618605587661e+19 4.337904134598822298e+19 4.370821170432484966e+19 4.397533214316667699e+19 4.418756151237138842e+19 3.809704230042201293e+19
4.143766625792723354e+19 4.144538930181511578e+19 4.161105275594538189e+19 4.183843722114849997e+19 4.218458296856588288e+19 4.259966560518363546e+19 4.300220618605589299e+19 4.337904134598823117e+19 4.370821170432484966e+19 4.397533214316669338e+19 4.418756151237138022e+19 3.809704230042199654e+19
4.143766625792724173e+19 4.144538930181510758e+19 4.161105275594536550e+19 4.183843722114849997e+19 4.218458296856588288e+19 4.259966560518362726e+19 4.300220618605586842e+19 4.337904134598824755e+19 4.370821170432484966e+19 4.397533214316669338e+19 4.418756151237137203e+19 3.809704230042199654e+19
4.143766625792723354e+19 4.144538930181511578e+19 4.161105275594535731e+19 4.183843722114849997e+19 4.218458296856589107e+19 4.259966560518363546e+19 4.300220618605590118e+19 4.337904134598823117e+19 4.370821170432486605e+19 4.397533214316668518e+19 4.418756151237137203e+19 3.809704230042200474e+19
4.143766625792724992e+19 4.144538930181510758e+19 4.161105275594534912e+19 4.183843722114849997e+19 4.218458296856588288e+19 4.259966560518363546e+19 4.300220618605590118e+19 4.337904134598824755e+19 4.370821170432486605e+19 4.397533214316667699e+19 4.418756151237138022e+19 3.809704230042201293e+19
4.143766625792726630e+19 4.144538930181509939e+19 4.161105275594534912e+19 4.183843722114849997e+19 4.218458296856589107e+19 4.259966560518364365e+19 4.300220618605590118e+19 4.337904134598824755e+19 4.370821170432484966e+19 4.397533214316668518e+19 4.418756151237137203e+19 3.809704230042200474e+19
4.143766625792724992e+19 4.144538930181508301e+19 4.161105275594534912e+19 4.183843722114849997e+19 4.218458296856589107e+19 4.259966560518364365e+19 4.300220618605590938e+19 4.337904134598823117e+19 4.370821170432484966e+19 4.397533214316669338e+19 4.418756151237137203e+19 3.809704230042200474e+19
4.143766625792725811e+19 4.144538930181509939e+19 4.161105275594535731e+19 4.183843722114849997e+19 4.218458296856589107e+19 4.259966560518365184e+19 4.300220618605588480e+19 4.337904134598822298e+19 4.370821170432484147e+19 4.397533214316669338e+19 4.418756151237138842e+19 3.809704230042200474e+19
4.143766625792726630e+19 4.144538930181509120e+19 4.161105275594536550e+19 4.183843722114849997e+19 4.218458296856589107e+19 4.259966560518365184e+19 4.300220618605590938e+19 4.337904134598820659e+19 4.370821170432487424e+19 4.397533214316671795e+19 4.418756151237138022e+19 3.809704230042201293e+19
4.143766625792724173e+19 4.144538930181508301e+19 4.161105275594538189e+19 4.183843722114849997e+19 4.218458296856588288e+19 4.259966560518362726e+19 4.300220618605591757e+19 4.337904134598823117e+19 4.370821170432487424e+19 4.397533214316671795e+19 4.418756151237137203e+19 3.809704230042201293e+19
4.143766625792724992e+19 4.144538930181509120e+19 4.161105275594538189e+19 4.183843722114849997e+19 4.218458296856587469e+19 4.259966560518361907e+19 4.300220618605592576e+19 4.337904134598823117e+19 4.370821170432489062e+19 4.397533214316670976e+19 4.418756151237137203e+19 3.809704230042199654e+19
4.143766625792724992e+19 4.144538930181509120e+19 4.161105275594536550e+19 4.183843722114849997e+19 4.218458296856587469e+19 4.259966560518361907e+19 4.300220618605592576e+19 4.337904134598823117e+19 4.370821170432487424e+19 4.397533214316670157e+19 4.418756151237137203e+19 3.809704230042199654e+19
4.143766625792723354e+19 4.144538930181510758e+19 4.161105275594535731e+19 4.183843722114849997e+19 4.218458296856587469e+19 4.259966560518361907e+19 4.300220618605591757e+19 4.337904134598822298e+19 4.370821170432487424e+19 4.397533214316669338e+19 4.418756151237138842e+19 3.809704230042199654e+19
4.143766625792724173e+19 4.144538930181511578e+19 4.161105275594534093e+19 4.183843722114849997e+19 4.218458296856587469e+19 4.259966560518361907e+19 4.300220618605591757e+19 4.337904134598823117e+19 4.370821170432486605e+19 4.397533214316668518e+19 4.418756151237138842e+19 3.809704230042198835e+19
4.143766625792724173e+19 4.144538930181513216e+19 4.161105275594534093e+19 4.183843722114849997e+19 4.218458296856589107e+19 4.259966560518361088e+19 4.300220618605594214e+19 4.337904134598820659e+19 4.370821170432487424e+19 4.397533214316670157e+19 4.418756151237138022e+19 3.809704230042198835e+19
4.143766625792724173e+19 4.144538930181511578e+19 4.161105275594534912e+19 4.183843722114849997e+19 4.218458296856588288e+19 4.259966560518360269e+19 4.300220618605593395e+19 4.337904134598822298e+19 4.370821170432486605e+19 4.397533214316668518e+19 4.418756151237140480e+19 3.809704230042197197e+19
4.143766625792723354e+19 4.144538930181510758e+19 4.161105275594535731e+19 4.183843722114849997e+19 4.218458296856589107e+19 4.259966560518360269e+19 4.300220618605595034e+19 4.337904134598819840e+19 4.370821170432486605e+19 4.397533214316667699e+19 4.418756151237139661e+19 3.809704230042197197e+19
4.143766625792723354e+19 4.144538930181513216e+19 4.161105275594534912e+19 4.183843722114849997e+19 4.218458296856589107e+19 4.259966560518358630e+19 4.300220618605594214e+19 4.337904134598819840e+19 4.370821170432486605e+19 4.397533214316667699e+19 4.418756151237138022e+19 3.809704230042197197e+19
4.143766625792721715e+19 4.144538930181514035e+19 4.161105275594534912e+19 4.183843722114849997e+19 4.218458296856589107e+19 4.259966560518356992e+19 4.300220618605592576e+19 4.337904134598819840e+19 4.370821170432485786e+19 4.397533214316668518e+19 4.418756151237138842e+19 3.809704230042197197e+19
4.143766625792723354e+19 4.144538930181514035e+19 4.161105275594534093e+19 4.183843722114849997e+19 4.218458296856589107e+19 4.259966560518356992e+19 4.300220618605593395e+19 4.337904134598819021e+19 4.370821170432487424e+19 4.397533214316667699e+19 4.418756151237139661e+19 3.809704230042196378e+19
4.143766625792723354e+19 4.144538930181512397e+19 4.161105275594536550e+19 4.183843722114849997e+19 4.218458296856589926e+19 4.259966560518355354e+19 4.300220618605593395e+19 4.337904134598818202e+19 4.370821170432486605e+19 4.397533214316667699e+19 4.418756151237139661e+19 3.809704230042196378e+19
4.143766625792724173e+19 4.144538930181512397e+19 4.161105275594536550e+19 4.183843722114849997e+19 4.218458296856589926e+19 4.259966560518356992e+19 4.300220618605590938e+19 4.337904134598819021e+19 4.370821170432487424e+19 4.397533214316669338e+19 4.418756151237138842e+19 3.809704230042196378e+19
4.143766625792723354e+19 4.144538930181513216e+19 4.161105275594536550e+19 4.183843722114849997e+19 4.218458296856589926e+19 4.259966560518356992e+19 4.300220618605588480e+19 4.337904134598820659e+19 4.370821170432487424e+19 4.397533214316668518e+19 4.418756151237139661e+19 3.809704230042195558e+19
4.143766625792724992e+19 4.144538930181512397e+19 4.161105275594538189e+19 4.183843722114849997e+19 4.218458296856590746e+19 4.259966560518356173e+19 4.300220618605589299e+19 4.337904134598819021e+19 4.370821170432488243e+19 4.397533214316667699e+19 4.418756151237138022e+19 3.809704230042196378e+19
4.143766625792726630e+19 4.144538930181514035e+19 4.161105275594539008e+19 4.183843722114849997e+19 4.218458296856590746e+19 4.259966560518358630e+19 4.300220618605589299e+19 4.337904134598819840e+19 4.370821170432488243e+19 4.397533214316667699e+19 4.418756151237139661e+19 3.809704230042195558e+19
4.143766625792726630e+19 4.144538930181511578e+19 4.161105275594539008e+19 4.183843722114849997e+19 4.218458296856590746e+19 4.259966560518357811e+19 4.300220618605589299e+19 4.337904134598820659e+19 4.370821170432488243e+19 4.397533214316666061e+19 4.418756151237140480e+19 3.809704230042195558e+19
4.143766625792724992e+19 4.144538930181513216e+19 4.161105275594539008e+19 4.183843722114849997e+19 4.218458296856590746e+19 4.259966560518356992e+19 4.300220618605586842e+19 4.337904134598819021e+19 4.370821170432486605e+19 4.397533214316666061e+19 4.418756151237140480e+19 3.809704230042195558e+19
4.143766625792724992e+19 4.144538930181514854e+19 4.161105275594537370e+19 4.183843722114849997e+19 4.218458296856591565e+19 4.259966560518358630e+19 4.300220618605586842e+19 4.337904134598818202e+19 4.370821170432488243e+19 4.397533214316666880e+19 4.418756151237138842e+19 3.809704230042195558e+19
4.143766625792725811e+19 4.144538930181515674e+19 4.161105275594537370e+19 4.183843722114849997e+19 4.218458296856591565e+19 4.259966560518358630e+19 4.300220618605587661e+19 4.337904134598818202e+19 4.370821170432487424e+19 4.397533214316667699e+19 4.418756151237138022e+19 3.809704230042195558e+19
4.143766625792724992e+19 4.144538930181514035e+19 4.161105275594537370e+19 4.183843722114849997e+19 4.218458296856590746e+19 4.259966560518359450e+19 4.300220618605586842e+19 4.337904134598815744e+19 4.370821170432484966e+19 4.397533214316667699e+19 4.418756151237138022e+19 3.809704230042195558e+19
4.143766625792725811e+19 4.144538930181513216e+19 4.161105275594535731e+19 4.183843722114849997e+19 4.218458296856590746e+19 4.259966560518359450e+19 4.300220618605586022e+19 4.337904134598815744e+19 4.370821170432484966e+19 4.397533214316667699e+19 4.418756151237137203e+19 3.809704230042196378e+19
4.143766625792725811e+19 4.144538930181514035e+19 4.161105275594534912e+19 4.183843722114849997e+19 4.218458296856590746e+19 4.259966560518359450e+19 4.300220618605585203e+19 4.337904134598815744e+19 4.370821170432484147e+19 4.397533214316668518e+19 4.418756151237138022e+19 3.809704230042197197e+19
4.143766625792726630e+19 4.144538930181514854e+19 4.161105275594533274e+19 4.183843722114849997e+19 4.218458296856591565e+19 4.259966560518360269e+19 4.300220618605585203e+19 4.337904134598817382e+19 4.370821170432483328e+19 4.397533214316668518e+19 4.418756151237138022e+19 3.809704230042197197e+19
4.143766625792726630e+19 4.144538930181515674e+19 4.161105275594534912e+19 4.183843722114849997e+19 4.218458296856592384e+19 4.259966560518360269e+19 4.300220618605583565e+19 4.337904134598817382e+19 4.370821170432484966e+19 4.397533214316666880e+19 4.418756151237137203e+19 3.809704230042197197e+19
4.143766625792725811e+19 4.144538930181516493e+19 4.161105275594533274e+19 4.183843722114849997e+19 4.218458296856592384e+19 4.259966560518361907e+19 4.300220618605583565e+19 4.337904134598816563e+19 4.370821170432484147e+19 4.397533214316666061e+19 4.418756151237136384e+19 3.809704230042197197e+19
4.143766625792725811e+19 4.144538930181518131e+19 4.161105275594531635e+19 4.183843722114849997e+19 4.218458296856592384e+19 4.259966560518361907e+19 4.300220618605582746e+19 4.337904134598817382e+19 4.370821170432484147e+19 4.397533214316665242e+19 4.418756151237135565e+19 3.809704230042197197e+19
4.143766625792725811e+19 4.144538930181516493e+19 4.161105275594530816e+19 4.183843722114849997e+19 4.218458296856592384e+19 4.259966560518356992e+19 4.300220618605581926e+19 4.337904134598816563e+19 4.370821170432482509e+19 4.397533214316667699e+19 4.418756151237135565e+19 3.809704230042197197e+19
4.143766625792725811e+19 4.144538930181517312e+19 4.161105275594529178e+19 4.183843722114849997e+19 4.218458296856594022e+19 4.259966560518356992e+19 4.300220618605581926e+19 4.337904134598816563e+19 4.370821170432480870e+19 4.397533214316667699e+19 4.418756151237135565e+19 3.809704230042196378e+19
4.143766625792727450e+19 4.144538930181516493e+19 4.161105275594529997e+19 4.183843722114849997e+19 4.218458296856594022e+19 4.259966560518356173e+19 4.300220618605581107e+19 4.337904134598815744e+19 4.370821170432480870e+19 4.397533214316667699e+19 4.418756151237134746e+19 3.809704230042196378e+19
4.143766625792728269e+19 4.144538930181516493e+19 4.161105275594529997e+19 4.183843722114849997e+19 4.218458296856593203e+19 4.259966560518354534e+19 4.300220618605581107e+19 4.337904134598816563e+19 4.370821170432480870e+19 4.397533214316666061e+19 4.418756151237133926e+19 3.809704230042196378e+19
4.143766625792729088e+19 4.144538930181516493e+19 4.161105275594529178e+19 4.183843722114849997e+19 4.218458296856592384e+19 4.259966560518353715e+19 4.300220618605578650e+19 4.337904134598814106e+19 4.370821170432484966e+19 4.397533214316667699e+19 4.418756151237133926e+19 3.809704230042196378e+19
4.143766625792729088e+19 4.144538930181517312e+19 4.161105275594529178e+19 4.183843722114849997e+19 4.218458296856594022e+19 4.259966560518354534e+19 4.300220618605578650e+19 4.337904134598814925e+19 4.370821170432487424e+19 4.397533214316666880e+19 4.418756151237133107e+19 3.809704230042196378e+19
4.143766625792727450e+19 4.144538930181515674e+19 4.161105275594528358e+19 4.183843722114849997e+19 4.218458296856592384e+19 4.259966560518356173e+19 4.300220618605577011e+19 4.337904134598814106e+19 4.370821170432487424e+19 4.397533214316670157e+19 4.418756151237132288e+19 3.809704230042194739e+19
4.143766625792728269e+19 4.144538930181513216e+19 4.161105275594527539e+19 4.183843722114849997e+19 4.218458296856594022e+19 4.259966560518356992e+19 4.300220618605578650e+19 4.337904134598814925e+19 4.370821170432489062e+19 4.397533214316668518e+19 4.418756151237132288e+19 3.809704230042196378e+19
4.143766625792727450e+19 4.144538930181514854e+19 4.161105275594527539e+19 4.183843722114849997e+19 4.218458296856594022e+19 4.259966560518354534e+19 4.300220618605577830e+19 4.337904134598814106e+19 4.370821170432489882e+19 4.397533214316666880e+19 4.418756151237130650e+19 3.809704230042195558e+19
4.143766625792726630e+19 4.144538930181514854e+19 4.161105275594527539e+19 4.183843722114849997e+19 4.218458296856593203e+19 4.259966560518353715e+19 4.300220618605577830e+19 4.337904134598815744e+19 4.370821170432490701e+19 4.397533214316666880e+19 4.418756151237130650e+19 3.809704230042196378e+19
4.143766625792729088e+19 4.144538930181514035e+19 4.161105275594527539e+19 4.183843722114849997e+19 4.218458296856593203e+19 4.259966560518353715e+19 4.300220618605576192e+19 4.337904134598814925e+19 4.370821170432493978e+19 4.397533214316666880e+19 4.418756151237129830e+19 3.809704230042196378e+19
4.143766625792730726e+19 4.144538930181514035e+19 4.161105275594526720e+19 4.183843722114849997e+19 4.218458296856594022e+19 4.259966560518353715e+19 4.300220618605577011e+19 4.337904134598814106e+19 4.370821170432493978e+19 4.397533214316667699e+19 4.418756151237129830e+19 3.809704230042196378e+19
4.143766625792733184e+19 4.144538930181513216e+19 4.161105275594525082e+19 4.183843722114849997e+19 4.218458296856594022e+19 4.259966560518352896e+19 4.300220618605577830e+19 4.337904134598815744e+19 4.370821170432493978e+19 4.397533214316666880e+19 4.418756151237129830e+19 3.809704230042195558e+19
4.143766625792730726e+19 4.144538930181513216e+19 4.161105275594523443e+19 4.183843722114849997e+19 4.218458296856593203e+19 4.259966560518353715e+19 4.300220618605576192e+19 4.337904134598813286e+19 4.370821170432495616e+19 4.397533214316666880e+19 4.418756151237126554e+19 3.809704230042195558e+19
4.143766625792730726e+19 4.144538930181513216e+19 4.161105275594523443e+19 4.183843722114849997e+19 4.218458296856593203e+19 4.259966560518353715e+19 4.300220618605575373e+19 4.337904134598814925e+19 4.370821170432493978e+19 4.397533214316664422e+19 4.418756151237126554e+19 3.809704230042195558e+19
4.143766625792729907e+19 4.144538930181512397e+19 4.161105275594522624e+19 4.183843722114849997e+19 4.218458296856594022e+19 4.259966560518353715e+19 4.300220618605574554e+19 4.337904134598813286e+19 4.370821170432493978e+19 4.397533214316664422e+19 4.418756151237125734e+19 3.809704230042195558e+19
4.143766625792729088e+19 4.144538930181512397e+19 4.161105275594520986e+19 4.183843722114849997e+19 4.218458296856592384e+19 4.259966560518353715e+19 4.300220618605572915e+19 4.337904134598814106e+19 4.370821170432495616e+19 4.397533214316662784e+19 4.418756151237126554e+19 3.809704230042194739e+19
4.143766625792729088e+19 4.144538930181510758e+19 4.161105275594521805e+19 4.183843722114849997e+19 4.218458296856592384e+19 4.259966560518352896e+19 4.300220618605573734e+19 4.337904134598812467e+19 4.370821170432494797e+19 4.397533214316661146e+19 4.418756151237129011e+19 3.809704230042195558e+19
4.143766625792729088e+19 4.144538930181509939e+19 4.161105275594522624e+19 4.183843722114849997e+19 4.218458296856592384e+19 4.259966560518352077e+19 4.300220618605572096e+19 4.337904134598812467e+19 4.370821170432495616e+19 4.397533214316660326e+19 4.418756151237129830e+19 3.809704230042194739e+19
4.143766625792729088e+19 4.144538930181509939e+19 4.161105275594524262e+19 4.183843722114849997e+19 4.218458296856591565e+19 4.259966560518351258e+19 4.300220618605571277e+19 4.337904134598809190e+19 4.370821170432494797e+19 4.397533214316659507e+19 4.418756151237129830e+19 3.809704230042195558e+19
4.143766625792729088e+19 4.144538930181509939e+19 4.161105275594524262e+19 4.183843722114849997e+19 4.218458296856590746e+19 4.259966560518351258e+19 4.300220618605571277e+19 4.337904134598807552e+19 4.370821170432493158e+19 4.397533214316659507e+19 4.418756151237129011e+19 3.809704230042197197e+19
4.143766625792729088e+19 4.144538930181509939e+19 4.161105275594524262e+19 4.183843722114849997e+19 4.218458296856589926e+19 4.259966560518351258e+19 4.300220618605572915e+19 4.337904134598807552e+19 4.370821170432490701e+19 4.397533214316659507e+19 4.418756151237129011e+19 3.809704230042196378e+19
4.143766625792729907e+19 4.144538930181509120e+19 4.161105275594524262e+19 4.183843722114849997e+19 4.218458296856589926e+19 4.259966560518352077e+19 4.300220618605572096e+19 4.337904134598806733e+19 4.370821170432493158e+19 4.397533214316660326e+19 4.418756151237129830e+19 3.809704230042197197e+19
4.143766625792729088e+19 4.144538930181507482e+19 4.161105275594522624e+19 4.183843722114849997e+19 4.218458296856589107e+19 4.259966560518353715e+19 4.300220618605571277e+19 4.337904134598806733e+19 4.370821170432492339e+19 4.397533214316661965e+19 4.418756151237129011e+19 3.809704230042196378e+19
4.143766625792729907e+19 4.144538930181508301e+19 4.161105275594522624e+19 4.183843722114849997e+19 4.218458296856589107e+19 4.259966560518353715e+19 4.300220618605572096e+19 4.337904134598807552e+19 4.370821170432491520e+19 4.397533214316662784e+19 4.418756151237127373e+19 3.809704230042197197e+19
4.143766625792728269e+19 4.144538930181509120e+19 4.161105275594523443e+19 4.183843722114849997e+19 4.218458296856588288e+19 4.259966560518353715e+19 4.300220618605573734e+19 4.337904134598808371e+19 4.370821170432489882e+19 4.397533214316662784e+19 4.418756151237124915e+19 3.809704230042196378e+19
4.143766625792729088e+19 4.144538930181508301e+19 4.161105275594521805e+19 4.183843722114849997e+19 4.218458296856589107e+19 4.259966560518354534e+19 4.300220618605573734e+19 4.337904134598807552e+19 4.370821170432489062e+19 4.397533214316663603e+19 4.418756151237124915e+19 3.809704230042195558e+19
4.143766625792729088e+19 4.144538930181505843e+19 4.161105275594522624e+19 4.183843722114849997e+19 4.218458296856589107e+19 4.259966560518353715e+19 4.300220618605572915e+19 4.337904134598809190e+19 4.370821170432489062e+19 4.397533214316661965e+19 4.418756151237125734e+19 3.809704230042196378e+19
4.143766625792730726e+19 4.144538930181507482e+19 4.161105275594521805e+19 4.183843722114849997e+19 4.218458296856589107e+19 4.259966560518353715e+19 4.300220618605572096e+19 4.337904134598810829e+19 4.370821170432487424e+19 4.397533214316662784e+19 4.418756151237125734e+19 3.809704230042195558e+19
4.143766625792730726e+19 4.144538930181509120e+19 4.161105275594522624e+19 4.183843722114849997e+19 4.218458296856589107e+19 4.259966560518353715e+19 4.300220618605572096e+19 4.337904134598812467e+19 4.370821170432486605e+19 4.397533214316663603e+19 4.418756151237126554e+19 3.809704230042196378e+19
4.143766625792729907e+19 4.144538930181508301e+19 4.161105275594522624e+19 4.183843722114849997e+19 4.218458296856589107e+19 4.259966560518353715e+19 4.300220618605571277e+19 4.337904134598812467e+19 4.370821170432486605e+19 4.397533214316661965e+19 4.418756151237125734e+19 3.809704230042196378e+19
4.143766625792729907e+19 4.144538930181507482e+19 4.161105275594520986e+19 4.183843722114849997e+19 4.218458296856589926e+19 4.259966560518355354e+19 4.300220618605570458e+19 4.337904134598813286e+19 4.370821170432488243e+19 4.397533214316658688e+19 4.418756151237125734e+19 3.809704230042197197e+19
4.143766625792730726e+19 4.144538930181507482e+19 4.161105275594520986e+19 4.183843722114849997e+19 4.218458296856590746e+19 4.259966560518357811e+19 4.300220618605570458e+19 4.337904134598811648e+19 4.370821170432484966e+19 4.397533214316658688e+19 4.418756151237125734e+19 3.809704230042197197e+19
4.143766625792729088e+19 4.144538930181508301e+19 4.161105275594520986e+19 4.183843722114849997e+19 4.218458296856589926e+19 4.259966560518360269e+19 4.300220618605570458e+19 4.337904134598813286e+19 4.370821170432484966e+19 4.397533214316659507e+19 4.418756151237125734e+19 3.809704230042197197e+19
4.143766625792726630e+19 4.144538930181507482e+19 4.161105275594520166e+19 4.183843722114849997e+19 4.218458296856589107e+19 4.259966560518361088e+19 4.300220618605571277e+19 4.337904134598813286e+19 4.370821170432487424e+19 4.397533214316659507e+19 4.418756151237127373e+19 3.809704230042198016e+19
4.143766625792728269e+19 4.144538930181507482e+19 4.161105275594520986e+19 4.183843722114849997e+19 4.218458296856589107e+19 4.259966560518361088e+19 4.300220618605571277e+19 4.337904134598811648e+19 4.370821170432488243e+19 4.397533214316660326e+19 4.418756151237128192e+19 3.809704230042198016e+19
4.143766625792729907e+19 4.144538930181507482e+19 4.161105275594521805e+19 4.183843722114849997e+19 4.218458296856589107e+19 4.259966560518361088e+19 4.300220618605571277e+19 4.337904134598811648e+19 4.370821170432486605e+19 4.397533214316659507e+19 4.418756151237126554e+19 3.809704230042198016e+19
4.143766625792729088e+19 4.144538930181509120e+19 4.161105275594525082e+19 4.183843722114849997e+19 4.218458296856589107e+19 4.259966560518360269e+19 4.300220618605572915e+19 4.337904134598810829e+19 4.370821170432484147e+19 4.397533214316662784e+19 4.418756151237125734e+19 3.809704230042197197e+19
4.143766625792730726e+19 4.144538930181509939e+19 4.161105275594525901e+19 4.183843722114849997e+19 4.218458296856589107e+19 4.259966560518359450e+19 4.300220618605572915e+19 4.337904134598810010e+19 4.370821170432484147e+19 4.397533214316663603e+19 4.418756151237126554e+19 3.809704230042197197e+19
4.143766625792733184e+19 4.144538930181510758e+19 4.161105275594526720e+19 4.183843722114849997e+19 4.218458296856589107e+19 4.259966560518358630e+19 4.300220618605572915e+19 4.337904134598808371e+19 4.370821170432483328e+19 4.397533214316661146e+19 4.418756151237127373e+19 3.809704230042198016e+19
4.143766625792730726e+19 4.144538930181510758e+19 4.161105275594528358e+19 4.183843722114849997e+19 4.218458296856589926e+19 4.259966560518360269e+19 4.300220618605574554e+19 4.337904134598810010e+19 4.370821170432484147e+19 4.397533214316659507e+19 4.418756151237128192e+19 3.809704230042197197e+19
4.143766625792732365e+19 4.144538930181511578e+19 4.161105275594529997e+19 4.183843722114849997e+19 4.218458296856589926e+19 4.259966560518362726e+19 4.300220618605572915e+19 4.337904134598810010e+19 4.370821170432484966e+19 4.397533214316659507e+19 4.418756151237128192e+19 3.809704230042197197e+19
4.143766625792732365e+19 4.144538930181514035e+19 4.161105275594530816e+19 4.183843722114849997e+19 4.218458296856589107e+19 4.259966560518361907e+19 4.300220618605573734e+19 4.337904134598812467e+19 4.370821170432483328e+19 4.397533214316660326e+19 4.418756151237128192e+19 3.809704230042198016e+19
4.143766625792729907e+19 4.144538930181513216e+19 4.161105275594531635e+19 4.183843722114849997e+19 4.218458296856590746e+19 4.259966560518360269e+19 4.300220618605573734e+19 4.337904134598812467e+19 4.370821170432483328e+19 4.397533214316661965e+19 4.418756151237129011e+19 3.809704230042198835e+19
4.143766625792729907e+19 4.144538930181514035e+19 4.161105275594529997e+19 4.183843722114849997e+19 4.218458296856590746e+19 4.259966560518362726e+19 4.300220618605572915e+19 4.337904134598812467e+19 4.370821170432481690e+19 4.397533214316662784e+19 4.418756151237127373e+19 3.809704230042198835e+19
4.143766625792730726e+19 4.144538930181513216e+19 4.161105275594530816e+19 4.183843722114849997e+19 4.218458296856590746e+19 4.259966560518362726e+19 4.300220618605574554e+19 4.337904134598813286e+19 4.370821170432481690e+19 4.397533214316661965e+19 4.418756151237126554e+19 3.809704230042198835e+19
4.143766625792729907e+19 4.144538930181512397e+19 4.161105275594529997e+19 4.183843722114849997e+19 4.218458296856590746e+19 4.259966560518361907e+19 4.300220618605576192e+19 4.337904134598813286e+19 4.370821170432483328e+19 4.397533214316662784e+19 4.418756151237128192e+19 3.809704230042198835e+19
4.143766625792729088e+19 4.144538930181513216e+19 4.161105275594529997e+19 4.183843722114849997e+19 4.218458296856592384e+19 4.259966560518364365e+19 4.300220618605577011e+19 4.337904134598812467e+19 4.370821170432484147e+19 4.397533214316664422e+19 4.418756151237125734e+19 3.809704230042198016e+19
4.143766625792729088e+19 4.144538930181514854e+19 4.161105275594531635e+19 4.183843722114849997e+19 4.218458296856592384e+19 4.259966560518365184e+19 4.300220618605577830e+19 4.337904134598811648e+19 4.370821170432484966e+19 4.397533214316665242e+19 4.418756151237126554e+19 3.809704230042198835e+19
4.143766625792731546e+19 4.144538930181514035e+19 4.161105275594529997e+19 4.183843722114849997e+19 4.218458296856592384e+19 4.259966560518365184e+19 4.300220618605577011e+19 4.337904134598811648e+19 4.370821170432485786e+19 4.397533214316666061e+19 4.418756151237126554e+19 3.809704230042199654e+19
4.143766625792731546e+19 4.144538930181513216e+19 4.161105275594529178e+19 4.183843722114849997e+19 4.218458296856592384e+19 4.259966560518366003e+19 4.300220618605576192e+19 4.337904134598812467e+19 4.370821170432486605e+19 4.397533214316665242e+19 4.418756151237126554e+19 3.809704230042199654e+19
4.143766625792732365e+19 4.144538930181513216e+19 4.161105275594529997e+19 4.183843722114849997e+19 4.218458296856592384e+19 4.259966560518365184e+19 4.300220618605576192e+19 4.337904134598813286e+19 4.370821170432487424e+19 4.397533214316666061e+19 4.418756151237127373e+19 3.809704230042199654e+19
4.143766625792732365e+19 4.144538930181512397e+19 4.161105275594529178e+19 4.183843722114849997e+19 4.218458296856592384e+19 4.259966560518366003e+19 4.300220618605575373e+19 4.337904134598810829e+19 4.370821170432486605e+19 4.397533214316667699e+19 4.418756151237128192e+19 3.809704230042200474e+19
4.143766625792733184e+19 4.144538930181514035e+19 4.161105275594529997e+19 4.183843722114849997e+19 4.218458296856592384e+19 4.259966560518364365e+19 4.300220618605576192e+19 4.337904134598811648e+19 4.370821170432486605e+19 4.397533214316666061e+19 4.418756151237130650e+19 3.809704230042199654e+19
4.143766625792734003e+19 4.144538930181514854e+19 4.161105275594529178e+19 4.183843722114849997e+19 4.218458296856592384e+19 4.259966560518365184e+19 4.300220618605576192e+19 4.337904134598812467e+19 4.370821170432487424e+19 4.397533214316666880e+19 4.418756151237130650e+19 3.809704230042199654e+19
4.143766625792734003e+19 4.144538930181514035e+19 4.161105275594529178e+19 4.183843722114849997e+19 4.218458296856592384e+19 4.259966560518364365e+19 4.300220618605574554e+19 4.337904134598810010e+19 4.370821170432488243e+19 4.397533214316668518e+19 4.418756151237132288e+19 3.809704230042200474e+19
4.143766625792733184e+19 4.144538930181514854e+19 4.161105275594529997e+19 4.183843722114849997e+19 4.218458296856592384e+19 4.259966560518365184e+19 4.300220618605577011e+19 4.337904134598809190e+19 4.370821170432488243e+19 4.397533214316666880e+19 4.418756151237133107e+19 3.809704230042199654e+19
4.143766625792734003e+19 4.144538930181514035e+19 4.161105275594529997e+19 4.183843722114849997e+19 4.218458296856592384e+19 4.259966560518366003e+19 4.300220618605574554e+19 4.337904134598809190e+19 4.370821170432488243e+19 4.397533214316667699e+19 4.418756151237133107e+19 3.809704230042198835e+19
4.143766625792734003e+19 4.144538930181514035e+19 4.161105275594531635e+19 4.183843722114849997e+19 4.218458296856591565e+19 4.259966560518365184e+19 4.300220618605575373e+19 4.337904134598808371e+19 4.370821170432490701e+19 4.397533214316666880e+19 4.418756151237133107e+19 3.809704230042198835e+19
4.143766625792733184e+19 4.144538930181514854e+19 4.161105275594531635e+19 4.183843722114849997e+19 4.218458296856591565e+19 4.259966560518364365e+19 4.300220618605573734e+19 4.337904134598808371e+19 4.370821170432489062e+19 4.397533214316666880e+19 4.418756151237132288e+19 3.809704230042198835e+19
4.143766625792734003e+19 4.144538930181514035e+19 4.161105275594530816e+19 4.183843722114849997e+19 4.218458296856591565e+19 4.259966560518366003e+19 4.300220618605572915e+19 4.337904134598809190e+19 4.370821170432488243e+19 4.397533214316667699e+19 4.418756151237131469e+19 3.809704230042197197e+19
4.143766625792733184e+19 4.144538930181514035e+19 4.161105275594530816e+19 4.183843722114849997e+19 4.218458296856591565e+19 4.259966560518366003e+19 4.300220618605572915e+19 4.337904134598809190e+19 4.370821170432489062e+19 4.397533214316666061e+19 4.418756151237132288e+19 3.809704230042198016e+19
4.143766625792733184e+19 4.144538930181513216e+19 4.161105275594530816e+19 4.183843722114849997e+19 4.218458296856591565e+19 4.259966560518366822e+19 4.300220618605571277e+19 4.337904134598812467e+19 4.370821170432488243e+19 4.397533214316666880e+19 4.418756151237130650e+19 3.809704230042198016e+19
4.143766625792733184e+19 4.144538930181512397e+19 4.161105275594529997e+19 4.183843722114849997e+19 4.218458296856592384e+19 4.259966560518365184e+19 4.300220618605571277e+19 4.337904134598813286e+19 4.370821170432487424e+19 4.397533214316667699e+19 4.418756151237129011e+19 3.809704230042198016e+19
4.143766625792733184e+19 4.144538930181514035e+19 4.161105275594529997e+19 4.183843722114849997e+19 4.218458296856594022e+19 4.259966560518364365e+19 4.300220618605572915e+19 4.337904134598814925e+19 4.370821170432486605e+19 4.397533214316667699e+19 4.418756151237129011e+19 3.809704230042198016e+19
4.143766625792735642e+19 4.144538930181514035e+19 4.161105275594529178e+19 4.183843722114849997e+19 4.218458296856594842e+19 4.259966560518362726e+19 4.300220618605573734e+19 4.337904134598814925e+19 4.370821170432487424e+19 4.397533214316667699e+19 4.418756151237132288e+19 3.809704230042197197e+19
4.143766625792735642e+19 4.144538930181514035e+19 4.161105275594529178e+19 4.183843722114849997e+19 4.218458296856595661e+19 4.259966560518362726e+19 4.300220618605573734e+19 4.337904134598814925e+19 4.370821170432488243e+19 4.397533214316667699e+19 4.418756151237132288e+19 3.809704230042197197e+19
4.143766625792735642e+19 4.144538930181514854e+19 4.161105275594526720e+19 4.183843722114849997e+19 4.218458296856594842e+19 4.259966560518362726e+19 4.300220618605573734e+19 4.337904134598816563e+19 4.370821170432489062e+19 4.397533214316668518e+19 4.418756151237133107e+19 3.809704230042197197e+19
4.143766625792735642e+19 4.144538930181514035e+19 4.161105275594526720e+19 4.183843722114849997e+19 4.218458296856594022e+19 4.259966560518363546e+19 4.300220618605572915e+19 4.337904134598814106e+19 4.370821170432489062e+19 4.397533214316669338e+19 4.418756151237134746e+19 3.809704230042196378e+19
4.143766625792736461e+19 4.144538930181514035e+19 4.161105275594529178e+19 4.183843722114849997e+19 4.218458296856594022e+19 4.259966560518361088e+19 4.300220618605572096e+19 4.337904134598814106e+19 4.370821170432489062e+19 4.397533214316667699e+19 4.418756151237133926e+19 3.809704230042197197e+19
4.143766625792734822e+19 4.144538930181516493e+19 4.161105275594530816e+19 4.183843722114849997e+19 4.218458296856594022e+19 4.259966560518359450e+19 4.300220618605571277e+19 4.337904134598813286e+19 4.370821170432489062e+19 4.397533214316667699e+19 4.418756151237133926e+19 3.809704230042197197e+19
4.143766625792735642e+19 4.144538930181516493e+19 4.161105275594531635e+19 4.183843722114849997e+19 4.218458296856594022e+19 4.259966560518360269e+19 4.300220618605572096e+19 4.337904134598814925e+19 4.370821170432489062e+19 4.397533214316666880e+19 4.418756151237134746e+19 3.809704230042197197e+19
4.143766625792735642e+19 4.144538930181517312e+19 4.161105275594530816e+19 4.183843722114849997e+19 4.218458296856594022e+19 4.259966560518360269e+19 4.300220618605572096e+19 4.337904134598814925e+19 4.370821170432487424e+19 4.397533214316665242e+19 4.418756151237133926e+19 3.809704230042196378e+19
4.143766625792734822e+19 4.144538930181517312e+19 4.161105275594531635e+19 4.183843722114849997e+19 4.218458296856593203e+19 4.259966560518360269e+19 4.300220618605572915e+19 4.337904134598815744e+19 4.370821170432488243e+19 4.397533214316665242e+19 4.418756151237136384e+19 3.809704230042197197e+19
4.143766625792734003e+19 4.144538930181516493e+19 4.161105275594529997e+19 4.183843722114849997e+19 4.218458296856593203e+19 4.259966560518361907e+19 4.300220618605572915e+19 4.337904134598816563e+19 4.370821170432490701e+19 4.397533214316664422e+19 4.418756151237134746e+19 3.809704230042195558e+19
4.143766625792736461e+19 4.144538930181518131e+19 4.161105275594529178e+19 4.183843722114849997e+19 4.218458296856591565e+19 4.259966560518360269e+19 4.300220618605572096e+19 4.337904134598814925e+19 4.370821170432491520e+19 4.397533214316665242e+19 4.418756151237134746e+19 3.809704230042196378e+19
4.143766625792734822e+19 4.144538930181519770e+19 4.161105275594529997e+19 4.183843722114849997e+19 4.218458296856592384e+19 4.259966560518359450e+19 4.300220618605572096e+19 4.337904134598814925e+19 4.370821170432489062e+19 4.397533214316667699e+19 4.418756151237136384e+19 3.809704230042196378e+19
4.143766625792736461e+19 4.144538930181518950e+19 4.161105275594528358e+19 4.183843722114849997e+19 4.218458296856592384e+19 4.259966560518360269e+19 4.300220618605570458e+19 4.337904134598814925e+19 4.370821170432489882e+19 4.397533214316668518e+19 4.418756151237135565e+19 3.809704230042196378e+19
4.143766625792734822e+19 4.144538930181522227e+19 4.161105275594529178e+19 4.183843722114849997e+19 4.218458296856591565e+19 4.259966560518358630e+19 4.300220618605570458e+19 4.337904134598815744e+19 4.370821170432489062e+19 4.397533214316666061e+19 4.418756151237135565e+19 3.809704230042197197e+19
4.143766625792733184e+19 4.144538930181523046e+19 4.161105275594529178e+19 4.183843722114849997e+19 4.218458296856591565e+19 4.259966560518356992e+19 4.300220618605570458e+19 4.337904134598816563e+19 4.370821170432487424e+19 4.397533214316666061e+19 4.418756151237134746e+19 3.809704230042197197e+19
4.143766625792733184e+19 4.144538930181524685e+19 4.161105275594529178e+19 4.183843722114849997e+19 4.218458296856592384e+19 4.259966560518356992e+19 4.300220618605571277e+19 4.337904134598814106e+19 4.370821170432484147e+19 4.397533214316664422e+19 4.418756151237134746e+19 3.809704230042197197e+19
4.143766625792731546e+19 4.144538930181523046e+19 4.161105275594529178e+19 4.183843722114849997e+19 4.218458296856593203e+19 4.259966560518356992e+19 4.300220618605569638e+19 4.337904134598814925e+19 4.370821170432484147e+19 4.397533214316664422e+19 4.418756151237135565e+19 3.809704230042197197e+19
4.143766625792732365e+19 4.144538930181521408e+19 4.161105275594529178e+19 4.183843722114849997e+19 4.218458296856594842e+19 4.259966560518356992e+19 4.300220618605568000e+19 4.337904134598812467e+19 4.370821170432483328e+19 4.397533214316665242e+19 4.418756151237134746e+19 3.809704230042197197e+19
4.143766625792734003e+19 4.144538930181521408e+19 4.161105275594528358e+19 4.183843722114849997e+19 4.218458296856594022e+19 4.259966560518357811e+19 4.300220618605566362e+19 4.337904134598812467e+19 4.370821170432481690e+19 4.397533214316664422e+19 4.418756151237137203e+19 3.809704230042197197e+19
4.143766625792734003e+19 4.144538930181523866e+19 4.161105275594528358e+19 4.183843722114849997e+19 4.218458296856594022e+19 4.259966560518357811e+19 4.300220618605568819e+19 4.337904134598810010e+19 4.370821170432481690e+19 4.397533214316666061e+19 4.418756151237136384e+19 3.809704230042197197e+19
4.143766625792733184e+19 4.144538930181522227e+19 4.161105275594525901e+19 4.183843722114849997e+19 4.218458296856592384e+19 4.259966560518356173e+19 4.300220618605567181e+19 4.337904134598808371e+19 4.370821170432480051e+19 4.397533214316663603e+19 4.418756151237136384e+19 3.809704230042197197e+19
4.143766625792733184e+19 4.144538930181521408e+19 4.161105275594525901e+19 4.183843722114849997e+19 4.218458296856593203e+19 4.259966560518356173e+19 4.300220618605566362e+19 4.337904134598810010e+19 4.370821170432480051e+19 4.397533214316663603e+19 4.418756151237136384e+19 3.809704230042197197e+19
4.143766625792734003e+19 4.144538930181520589e+19 4.161105275594525901e+19 4.183843722114849997e+19 4.218458296856593203e+19 4.259966560518355354e+19 4.300220618605566362e+19 4.337904134598808371e+19 4.370821170432479232e+19 4.397533214316663603e+19 4.418756151237136384e+19 3.809704230042197197e+19
4.143766625792734822e+19 4.144538930181519770e+19 4.161105275594526720e+19 4.183843722114849997e+19 4.218458296856592384e+19 4.259966560518356173e+19 4.300220618605566362e+19 4.337904134598806733e+19 4.370821170432478413e+19 4.397533214316665242e+19 4.418756151237137203e+19 3.809704230042198016e+19
4.143766625792737280e+19 4.144538930181519770e+19 4.161105275594528358e+19 4.183843722114849997e+19 4.218458296856592384e+19 4.259966560518354534e+19 4.300220618605566362e+19 4.337904134598808371e+19 4.370821170432478413e+19 4.397533214316663603e+19 4.418756151237137203e+19 3.809704230042197197e+19
4.143766625792736461e+19 4.144538930181520589e+19 4.161105275594527539e+19 4.183843722114849997e+19 4.218458296856592384e+19 4.259966560518355354e+19 4.300220618605567181e+19 4.337904134598809190e+19 4.370821170432476774e+19 4.397533214316664422e+19 4.418756151237138842e+19 3.809704230042198016e+19
4.143766625792737280e+19 4.144538930181521408e+19 4.161105275594527539e+19 4.183843722114849997e+19 4.218458296856591565e+19 4.259966560518356173e+19 4.300220618605565542e+19 4.337904134598808371e+19 4.370821170432477594e+19 4.397533214316665242e+19 4.418756151237141299e+19 3.809704230042197197e+19
4.143766625792736461e+19 4.144538930181523866e+19 4.161105275594527539e+19 4.183843722114849997e+19 4.218458296856592384e+19 4.259966560518355354e+19 4.300220618605565542e+19 4.337904134598810010e+19 4.370821170432475136e+19 4.397533214316667699e+19 4.418756151237141299e+19 3.809704230042197197e+19
4.143766625792735642e+19 4.144538930181523046e+19 4.161105275594525901e+19 4.183843722114849997e+19 4.218458296856590746e+19 4.259966560518354534e+19 4.300220618605563904e+19 4.337904134598808371e+19 4.370821170432474317e+19 4.397533214316666061e+19 4.418756151237138842e+19 3.809704230042197197e+19
4.143766625792736461e+19 4.144538930181524685e+19 4.161105275594525082e+19 4.183843722114849997e+19 4.218458296856591565e+19 4.259966560518353715e+19 4.300220618605565542e+19 4.337904134598809190e+19 4.370821170432473498e+19 4.397533214316665242e+19 4.418756151237138022e+19 3.809704230042196378e+19
4.143766625792736461e+19 4.144538930181524685e+19 4.161105275594525082e+19 4.183843722114849997e+19 4.218458296856590746e+19 4.259966560518354534e+19 4.300220618605566362e+19 4.337904134598810010e+19 4.370821170432474317e+19 4.397533214316664422e+19 4.418756151237137203e+19 3.809704230042196378e+19
4.143766625792737280e+19 4.144538930181523866e+19 4.161105275594524262e+19 4.183843722114849997e+19 4.218458296856589107e+19 4.259966560518356173e+19 4.300220618605567181e+19 4.337904134598810010e+19 4.370821170432475136e+19 4.397533214316666061e+19 4.418756151237134746e+19 3.809704230042196378e+19
4.143766625792738918e+19 4.144538930181523046e+19 4.161105275594525082e+19 4.183843722114849997e+19 4.218458296856589107e+19 4.259966560518355354e+19 4.300220618605567181e+19 4.337904134598810010e+19 4.370821170432474317e+19 4.397533214316665242e+19 4.418756151237137203e+19 3.809704230042196378e+19
4.143766625792737280e+19 4.144538930181523866e+19 4.161105275594525901e+19 4.183843722114849997e+19 4.218458296856589107e+19 4.259966560518354534e+19 4.300220618605568000e+19 4.337904134598810829e+19 4.370821170432475955e+19 4.397533214316666061e+19 4.418756151237138022e+19 3.809704230042198016e+19
4.143766625792739738e+19 4.144538930181524685e+19 4.161105275594525082e+19 4.183843722114849997e+19 4.218458296856589107e+19 4.259966560518354534e+19 4.300220618605569638e+19 4.337904134598810829e+19 4.370821170432475955e+19 4.397533214316666061e+19 4.418756151237141299e+19 3.809704230042198016e+19
4.143766625792740557e+19 4.144538930181525504e+19 4.161105275594525901e+19 4.183843722114849997e+19 4.218458296856589107e+19 4.259966560518353715e+19 4.300220618605569638e+19 4.337904134598814106e+19 4.370821170432477594e+19 4.397533214316665242e+19 4.418756151237141299e+19 3.809704230042198016e+19
4.143766625792740557e+19 4.144538930181526323e+19 4.161105275594526720e+19 4.183843722114849997e+19 4.218458296856589107e+19 4.259966560518356992e+19 4.300220618605569638e+19 4.337904134598814925e+19 4.370821170432476774e+19 4.397533214316665242e+19 4.418756151237139661e+19 3.809704230042198016e+19
4.143766625792738099e+19 4.144538930181526323e+19 4.161105275594526720e+19 4.183843722114849997e+19 4.218458296856589926e+19 4.259966560518356173e+19 4.300220618605568819e+19 4.337904134598815744e+19 4.370821170432477594e+19 4.397533214316665242e+19 4.418756151237140480e+19 3.809704230042198835e+19
4.143766625792738099e+19 4.144538930181527962e+19 4.161105275594528358e+19 4.183843722114849997e+19 4.218458296856589107e+19 4.259966560518356992e+19 4.300220618605570458e+19 4.337904134598814925e+19 4.370821170432479232e+19 4.397533214316666880e+19 4.418756151237142118e+19 3.809704230042198016e+19
4.143766625792738099e+19 4.144538930181527962e+19 4.161105275594527539e+19 4.183843722114849997e+19 4.218458296856587469e+19 4.259966560518357811e+19 4.300220618605571277e+19 4.337904134598815744e+19 4.370821170432477594e+19 4.397533214316666061e+19 4.418756151237142118e+19 3.809704230042197197e+19
4.143766625792738099e+19 4.144538930181528781e+19 4.161105275594528358e+19 4.183843722114849997e+19 4.218458296856588288e+19 4.259966560518357811e+19 4.300220618605571277e+19 4.337904134598817382e+19 4.370821170432476774e+19 4.397533214316664422e+19 4.418756151237142118e+19 3.809704230042197197e+19
4.143766625792738099e+19 4.144538930181527962e+19 4.161105275594528358e+19 4.183843722114849997e+19 4.218458296856587469e+19 4.259966560518358630e+19 4.300220618605571277e+19 4.337904134598817382e+19 4.370821170432476774e+19 4.397533214316664422e+19 4.418756151237141299e+19 3.809704230042197197e+19
4.143766625792738099e+19 4.144538930181528781e+19 4.161105275594526720e+19 4.183843722114849997e+19 4.218458296856588288e+19 4.259966560518356992e+19 4.300220618605572915e+19 4.337904134598816563e+19 4.370821170432477594e+19 4.397533214316663603e+19 4.418756151237142938e+19 3.809704230042197197e+19
4.143766625792737280e+19 4.144538930181527142e+19 4.161105275594526720e+19 4.183843722114849997e+19 4.218458296856587469e+19 4.259966560518355354e+19 4.300220618605573734e+19 4.337904134598817382e+19 4.370821170432480051e+19 4.397533214316663603e+19 4.418756151237144576e+19 3.809704230042196378e+19
4.143766625792737280e+19 4.144538930181526323e+19 4.161105275594525901e+19 4.183843722114849997e+19 4.218458296856586650e+19 4.259966560518356173e+19 4.300220618605573734e+19 4.337904134598817382e+19 4.370821170432480870e+19 4.397533214316661965e+19 4.418756151237145395e+19 3.809704230042197197e+19
4.143766625792735642e+19 4.144538930181525504e+19 4.161105275594524262e+19 4.183843722114849997e+19 4.218458296856587469e+19 4.259966560518355354e+19 4.300220618605573734e+19 4.337904134598818202e+19 4.370821170432482509e+19 4.397533214316661146e+19 4.418756151237142938e+19 3.809704230042196378e+19
4.143766625792734822e+19 4.144538930181526323e+19 4.161105275594523443e+19 4.183843722114849997e+19 4.218458296856585011e+19 4.259966560518352896e+19 4.300220618605574554e+19 4.337904134598816563e+19 4.370821170432482509e+19 4.397533214316660326e+19 4.418756151237142938e+19 3.809704230042197197e+19
4.143766625792734822e+19 4.144538930181525504e+19 4.161105275594521805e+19 4.183843722114849997e+19 4.218458296856585830e+19 4.259966560518351258e+19 4.300220618605575373e+19 4.337904134598814925e+19 4.370821170432480051e+19 4.397533214316660326e+19 4.418756151237143757e+19 3.809704230042198835e+19
4.143766625792732365e+19 4.144538930181525504e+19 4.161105275594521805e+19 4.183843722114849997e+19 4.218458296856585011e+19 4.259966560518351258e+19 4.300220618605575373e+19 4.337904134598813286e+19 4.370821170432479232e+19 4.397533214316657869e+19 4.418756151237143757e+19 3.809704230042198016e+19
4.143766625792733184e+19 4.144538930181527142e+19 4.161105275594521805e+19 4.183843722114849997e+19 4.218458296856585011e+19 4.259966560518349619e+19 4.300220618605576192e+19 4.337904134598814925e+19 4.370821170432479232e+19 4.397533214316657050e+19 4.418756151237141299e+19 3.809704230042198016e+19
4.143766625792731546e+19 4.144538930181528781e+19 4.161105275594523443e+19 4.183843722114849997e+19 4.218458296856584192e+19 4.259966560518347981e+19 4.300220618605575373e+19 4.337904134598815744e+19 4.370821170432477594e+19 4.397533214316659507e+19 4.418756151237138842e+19 3.809704230042198835e+19
4.143766625792732365e+19 4.144538930181530419e+19 4.161105275594525082e+19 4.183843722114849997e+19 4.218458296856583373e+19 4.259966560518348800e+19 4.300220618605574554e+19 4.337904134598817382e+19 4.370821170432478413e+19 4.397533214316657869e+19 4.418756151237138842e+19 3.809704230042199654e+19
4.143766625792733184e+19 4.144538930181530419e+19 4.161105275594526720e+19 4.183843722114849997e+19 4.218458296856584192e+19 4.259966560518348800e+19 4.300220618605573734e+19 4.337904134598815744e+19 4.370821170432478413e+19 4.397533214316657869e+19 4.418756151237138022e+19 3.809704230042198835e+19
4.143766625792733184e+19 4.144538930181531238e+19 4.161105275594527539e+19 4.183843722114849997e+19 4.218458296856582554e+19 4.259966560518350438e+19 4.300220618605573734e+19 4.337904134598816563e+19 4.370821170432478413e+19 4.397533214316658688e+19 4.418756151237137203e+19 3.809704230042198835e+19
4.143766625792731546e+19 4.144538930181528781e+19 4.161105275594526720e+19 4.183843722114849997e+19 4.218458296856581734e+19 4.259966560518351258e+19 4.300220618605575373e+19 4.337904134598815744e+19 4.370821170432479232e+19 4.397533214316657869e+19 4.418756151237137203e+19 3.809704230042198835e+19
4.143766625792730726e+19 4.144538930181527142e+19 4.161105275594529997e+19 4.183843722114849997e+19 4.218458296856580915e+19 4.259966560518351258e+19 4.300220618605576192e+19 4.337904134598817382e+19 4.370821170432480051e+19 4.397533214316657869e+19 4.418756151237136384e+19 3.809704230042198016e+19
4.143766625792732365e+19 4.144538930181527962e+19 4.161105275594530816e+19 4.183843722114849997e+19 4.218458296856581734e+19 4.259966560518353715e+19 4.300220618605576192e+19 4.337904134598815744e+19 4.370821170432480051e+19 4.397533214316657050e+19 4.418756151237136384e+19 3.809704230042198016e+19
4.143766625792734822e+19 4.144538930181527962e+19 4.161105275594532454e+19 4.183843722114849997e+19 4.218458296856582554e+19 4.259966560518354534e+19 4.300220618605575373e+19 4.337904134598816563e+19 4.370821170432480870e+19 4.397533214316657050e+19 4.418756151237136384e+19 3.809704230042198835e+19
4.143766625792734003e+19 4.144538930181527142e+19 4.161105275594530816e+19 4.183843722114849997e+19 4.218458296856582554e+19 4.259966560518353715e+19 4.300220618605573734e+19 4.337904134598814925e+19 4.370821170432481690e+19 4.397533214316657869e+19 4.418756151237136384e+19 3.809704230042198835e+19
4.143766625792733184e+19 4.144538930181527962e+19 4.161105275594532454e+19 4.183843722114849997e+19 4.218458296856582554e+19 4.259966560518354534e+19 4.300220618605572096e+19 4.337904134598812467e+19 4.370821170432480870e+19 4.397533214316659507e+19 4.418756151237138022e+19 3.809704230042198835e+19
4.143766625792732365e+19 4.144538930181527962e+19 4.161105275594531635e+19 4.183843722114849997e+19 4.218458296856582554e+19 4.259966560518355354e+19 4.300220618605572915e+19 4.337904134598811648e+19 4.370821170432479232e+19 4.397533214316658688e+19 4.418756151237136384e+19 3.809704230042198835e+19
4.143766625792732365e+19 4.144538930181526323e+19 4.161105275594530816e+19 4.183843722114849997e+19 4.218458296856582554e+19 4.259966560518355354e+19 4.300220618605570458e+19 4.337904134598812467e+19 4.370821170432480870e+19 4.397533214316660326e+19 4.418756151237138022e+19 3.809704230042198016e+19
4.143766625792732365e+19 4.144538930181527142e+19 4.161105275594531635e+19 4.183843722114849997e+19 4.218458296856580915e+19 4.259966560518356173e+19 4.300220618605571277e+19 4.337904134598811648e+19 4.370821170432480051e+19 4.397533214316660326e+19 4.418756151237138022e+19 3.809704230042198835e+19
4.143766625792730726e+19 4.144538930181526323e+19 4.161105275594529997e+19 4.183843722114849997e+19 4.218458296856580915e+19 4.259966560518355354e+19 4.300220618605572915e+19 4.337904134598812467e+19 4.370821170432481690e+19 4.397533214316663603e+19 4.418756151237140480e+19 3.809704230042198016e+19
4.143766625792731546e+19 4.144538930181525504e+19 4.161105275594528358e+19 4.183843722114849997e+19 4.218458296856580096e+19 4.259966560518356173e+19 4.300220618605574554e+19 4.337904134598813286e+19 4.370821170432481690e+19 4.397533214316664422e+19 4.418756151237141299e+19 3.809704230042198016e+19
4.143766625792730726e+19 4.144538930181527142e+19 4.161105275594528358e+19 4.183843722114849997e+19 4.218458296856579277e+19 4.259966560518357811e+19 4.300220618605572915e+19 4.337904134598814106e+19 4.370821170432482509e+19 4.397533214316666061e+19 4.418756151237143757e+19 3.809704230042198016e+19
4.143766625792732365e+19 4.144538930181527962e+19 4.161105275594527539e+19 4.183843722114849997e+19 4.218458296856579277e+19 4.259966560518357811e+19 4.300220618605571277e+19 4.337904134598814106e+19 4.370821170432481690e+19 4.397533214316666061e+19 4.418756151237143757e+19 3.809704230042198835e+19
4.143766625792733184e+19 4.144538930181527962e+19 4.161105275594528358e+19 4.183843722114849997e+19 4.218458296856580096e+19 4.259966560518356992e+19 4.300220618605571277e+19 4.337904134598814106e+19 4.370821170432480051e+19 4.397533214316668518e+19 4.418756151237144576e+19 3.809704230042199654e+19
4.143766625792734003e+19 4.144538930181528781e+19 4.161105275594529178e+19 4.183843722114849997e+19 4.218458296856580915e+19 4.259966560518356992e+19 4.300220618605572096e+19 4.337904134598814106e+19 4.370821170432480051e+19 4.397533214316669338e+19 4.418756151237145395e+19 3.809704230042199654e+19
4.143766625792734822e+19 4.144538930181527962e+19 4.161105275594527539e+19 4.183843722114849997e+19 4.218458296856580915e+19 4.259966560518356992e+19 4.300220618605572915e+19 4.337904134598814925e+19 4.370821170432480051e+19 4.397533214316670157e+19 4.418756151237145395e+19 3.809704230042199654e+19
4.143766625792736461e+19 4.144538930181527142e+19 4.161105275594528358e+19 4.183843722114849997e+19 4.218458296856580915e+19 4.259966560518356173e+19 4.300220618605571277e+19 4.337904134598814106e+19 4.370821170432480051e+19 4.397533214316670157e+19 4.418756151237144576e+19 3.809704230042199654e+19
4.143766625792735642e+19 4.144538930181526323e+19 4.161105275594527539e+19 4.183843722114849997e+19 4.218458296856580096e+19 4.259966560518356992e+19 4.300220618605571277e+19 4.337904134598814106e+19 4.370821170432480051e+19 4.397533214316669338e+19 4.418756151237145395e+19 3.809704230042200474e+19
4.143766625792736461e+19 4.144538930181525504e+19 4.161105275594525901e+19 4.183843722114849997e+19 4.218458296856580915e+19 4.259966560518356992e+19 4.300220618605570458e+19 4.337904134598814106e+19 4.370821170432480051e+19 4.397533214316670976e+19 4.418756151237145395e+19 3.809704230042199654e+19
4.143766625792738099e+19 4.144538930181525504e+19 4.161105275594526720e+19 4.183843722114849997e+19 4.218458296856580915e+19 4.259966560518356992e+19 4.300220618605569638e+19 4.337904134598814925e+19 4.370821170432477594e+19 4.397533214316673434e+19 4.418756151237146214e+19 3.809704230042199654e+19
4.143766625792737280e+19 4.144538930181525504e+19 4.161105275594526720e+19 4.183843722114849997e+19 4.218458296856581734e+19 4.259966560518356173e+19 4.300220618605568819e+19 4.337904134598814925e+19 4.370821170432479232e+19 4.397533214316675072e+19 4.418756151237147853e+19 3.809704230042199654e+19
4.143766625792734003e+19 4.144538930181524685e+19 4.161105275594526720e+19 4.183843722114849997e+19 4.218458296856582554e+19 4.259966560518356992e+19 4.300220618605570458e+19 4.337904134598814925e+19 4.370821170432480870e+19 4.397533214316675891e+19 4.418756151237145395e+19 3.809704230042200474e+19
4.143766625792734003e+19 4.144538930181524685e+19 4.161105275594527539e+19 4.183843722114849997e+19 4.218458296856583373e+19 4.259966560518355354e+19 4.300220618605568819e+19 4.337904134598814925e+19 4.370821170432480870e+19 4.397533214316675891e+19 4.418756151237145395e+19 3.809704230042199654e+19
4.143766625792734822e+19 4.144538930181524685e+19 4.161105275594526720e+19 4.183843722114849997e+19 4.218458296856582554e+19 4.259966560518353715e+19 4.300220618605568819e+19 4.337904134598814925e+19 4.370821170432481690e+19 4.397533214316675072e+19 4.418756151237144576e+19 3.809704230042199654e+19
4.143766625792734003e+19 4.144538930181525504e+19 4.161105275594525901e+19 4.183843722114849997e+19 4.218458296856582554e+19 4.259966560518355354e+19 4.300220618605568819e+19 4.337904134598815744e+19 4.370821170432483328e+19 4.397533214316675891e+19 4.418756151237144576e+19 3.809704230042199654e+19
4.143766625792733184e+19 4.144538930181527142e+19 4.161105275594524262e+19 4.183843722114849997e+19 4.218458296856584192e+19 4.259966560518356173e+19 4.300220618605568819e+19 4.337904134598815744e+19 4.370821170432483328e+19 4.397533214316675072e+19 4.418756151237147034e+19 3.809704230042200474e+19
4.143766625792732365e+19 4.144538930181527142e+19 4.161105275594524262e+19 4.183843722114849997e+19 4.218458296856583373e+19 4.259966560518356992e+19 4.300220618605568000e+19 4.337904134598817382e+19 4.370821170432484147e+19 4.397533214316674253e+19 4.418756151237146214e+19 3.809704230042200474e+19
4.143766625792732365e+19 4.144538930181526323e+19 4.161105275594521805e+19 4.183843722114849997e+19 4.218458296856584192e+19 4.259966560518356992e+19 4.300220618605568000e+19 4.337904134598818202e+19 4.370821170432484966e+19 4.397533214316673434e+19 4.418756151237148672e+19 3.809704230042200474e+19
4.143766625792732365e+19 4.144538930181527142e+19 4.161105275594523443e+19 4.183843722114849997e+19 4.218458296856585830e+19 4.259966560518358630e+19 4.300220618605568819e+19 4.337904134598818202e+19 4.370821170432484966e+19 4.397533214316673434e+19 4.418756151237149491e+19 3.809704230042201293e+19
4.143766625792733184e+19 4.144538930181525504e+19 4.161105275594525082e+19 4.183843722114849997e+19 4.218458296856585830e+19 4.259966560518359450e+19 4.300220618605569638e+19 4.337904134598818202e+19 4.370821170432484966e+19 4.397533214316673434e+19 4.418756151237149491e+19 3.809704230042201293e+19
4.143766625792729907e+19 4.144538930181524685e+19 4.161105275594525082e+19 4.183843722114849997e+19 4.218458296856585830e+19 4.259966560518359450e+19 4.300220618605568819e+19 4.337904134598817382e+19 4.370821170432484147e+19 4.397533214316673434e+19 4.418756151237150310e+19 3.809704230042202112e+19
4.143766625792729907e+19 4.144538930181525504e+19 4.161105275594522624e+19 4.183843722114849997e+19 4.218458296856585830e+19 4.259966560518360269e+19 4.300220618605569638e+19 4.337904134598819840e+19 4.370821170432483328e+19 4.397533214316671795e+19 4.418756151237148672e+19 3.809704230042202112e+19
4.143766625792729088e+19 4.144538930181526323e+19 4.161105275594522624e+19 4.183843722114849997e+19 4.218458296856587469e+19 4.259966560518360269e+19 4.300220618605570458e+19 4.337904134598819840e+19 4.370821170432484147e+19 4.397533214316671795e+19 4.418756151237147034e+19 3.809704230042202112e+19
4.143766625792729907e+19 4.144538930181527142e+19 4.161105275594522624e+19 4.183843722114849997e+19 4.218458296856587469e+19 4.259966560518358630e+19 4.300220618605571277e+19 4.337904134598819021e+19 4.370821170432485786e+19 4.397533214316670976e+19 4.418756151237147034e+19 3.809704230042202931e+19
4.143766625792730726e+19 4.144538930181525504e+19 4.161105275594521805e+19 4.183843722114849997e+19 4.218458296856587469e+19 4.259966560518359450e+19 4.300220618605572915e+19 4.337904134598819021e+19 4.370821170432485786e+19 4.397533214316670157e+19 4.418756151237147853e+19 3.809704230042202931e+19
4.143766625792730726e+19 4.144538930181525504e+19 4.161105275594523443e+19 4.183843722114849997e+19 4.218458296856586650e+19 4.259966560518358630e+19 4.300220618605572915e+19 4.337904134598819021e+19 4.370821170432484966e+19 4.397533214316669338e+19 4.418756151237147034e+19 3.809704230042202931e+19
4.143766625792729088e+19 4.144538930181526323e+19 4.161105275594522624e+19 4.183843722114849997e+19 4.218458296856586650e+19 4.259966560518358630e+19 4.300220618605571277e+19 4.337904134598818202e+19 4.370821170432486605e+19 4.397533214316669338e+19 4.418756151237147853e+19 3.809704230042202931e+19
4.143766625792728269e+19 4.144538930181525504e+19 4.161105275594522624e+19 4.183843722114849997e+19 4.218458296856585830e+19 4.259966560518359450e+19 4.300220618605571277e+19 4.337904134598819021e+19 4.370821170432486605e+19 4.397533214316668518e+19 4.418756151237147034e+19 3.809704230042203750e+19
4.143766625792727450e+19 4.144538930181523866e+19 4.161105275594521805e+19 4.183843722114849997e+19 4.218458296856585830e+19 4.259966560518358630e+19 4.300220618605569638e+19 4.337904134598819021e+19 4.370821170432484966e+19 4.397533214316668518e+19 4.418756151237145395e+19 3.809704230042203750e+19
4.143766625792727450e+19 4.144538930181525504e+19 4.161105275594520986e+19 4.183843722114849997e+19 4.218458296856585011e+19 4.259966560518358630e+19 4.300220618605570458e+19 4.337904134598818202e+19 4.370821170432484147e+19 4.397533214316669338e+19 4.418756151237142118e+19 3.809704230042204570e+19
4.143766625792726630e+19 4.144538930181524685e+19 4.161105275594522624e+19 4.183843722114849997e+19 4.218458296856584192e+19 4.259966560518361088e+19 4.300220618605568000e+19 4.337904134598817382e+19 4.370821170432483328e+19 4.397533214316669338e+19 4.418756151237142118e+19 3.809704230042204570e+19
4.143766625792726630e+19 4.144538930181523866e+19 4.161105275594525082e+19 4.183843722114849997e+19 4.218458296856585011e+19 4.259966560518361907e+19 4.300220618605567181e+19 4.337904134598816563e+19 4.370821170432482509e+19 4.397533214316668518e+19 4.418756151237142938e+19 3.809704230042204570e+19
4.143766625792726630e+19 4.144538930181523866e+19 4.161105275594525082e+19 4.183843722114849997e+19 4.218458296856584192e+19 4.259966560518361907e+19 4.300220618605568819e+19 4.337904134598816563e+19 4.370821170432483328e+19 4.397533214316667699e+19 4.418756151237144576e+19 3.809704230042204570e+19
4.143766625792724992e+19 4.144538930181524685e+19 4.161105275594525082e+19 4.183843722114849997e+19 4.218458296856585830e+19 4.259966560518363546e+19 4.300220618605567181e+19 4.337904134598816563e+19 4.370821170432484147e+19 4.397533214316666880e+19 4.418756151237144576e+19 3.809704230042204570e+19
4.143766625792725811e+19 4.144538930181524685e+19 4.161105275594524262e+19 4.183843722114849997e+19 4.218458296856585011e+19 4.259966560518364365e+19 4.300220618605568000e+19 4.337904134598818202e+19 4.370821170432483328e+19 4.397533214316668518e+19 4.418756151237145395e+19 3.809704230042204570e+19
4.143766625792724992e+19 4.144538930181523046e+19 4.161105275594524262e+19 4.183843722114849997e+19 4.218458296856585011e+19 4.259966560518361088e+19 4.300220618605569638e+19 4.337904134598818202e+19 4.370821170432480870e+19 4.397533214316668518e+19 4.418756151237144576e+19 3.809704230042204570e+19
4.143766625792725811e+19 4.144538930181523046e+19 4.161105275594528358e+19 4.183843722114849997e+19 4.218458296856585830e+19 4.259966560518359450e+19 4.300220618605570458e+19 4.337904134598819021e+19 4.370821170432481690e+19 4.397533214316668518e+19 4.418756151237145395e+19 3.809704230042204570e+19
4.143766625792725811e+19 4.144538930181523866e+19 4.161105275594527539e+19 4.183843722114849997e+19 4.218458296856585830e+19 4.259966560518360269e+19 4.300220618605572096e+19 4.337904134598817382e+19 4.370821170432480870e+19 4.397533214316669338e+19 4.418756151237144576e+19 3.809704230042205389e+19
4.143766625792725811e+19 4.144538930181523046e+19 4.161105275594525901e+19 4.183843722114849997e+19 4.218458296856585011e+19 4.259966560518361088e+19 4.300220618605572096e+19 4.337904134598819021e+19 4.370821170432483328e+19 4.397533214316670976e+19 4.418756151237146214e+19 3.809704230042206208e+19
4.143766625792727450e+19 4.144538930181523046e+19 4.161105275594524262e+19 4.183843722114849997e+19 4.218458296856584192e+19 4.259966560518361088e+19 4.300220618605572096e+19 4.337904134598817382e+19 4.370821170432483328e+19 4.397533214316670976e+19 4.418756151237147034e+19 3.809704230042205389e+19
4.143766625792726630e+19 4.144538930181523866e+19 4.161105275594526720e+19 4.183843722114849997e+19 4.218458296856582554e+19 4.259966560518362726e+19 4.300220618605571277e+19 4.337904134598817382e+19 4.370821170432484147e+19 4.397533214316668518e+19 4.418756151237145395e+19 3.809704230042205389e+19
4.143766625792724992e+19 4.144538930181526323e+19 4.161105275594529178e+19 4.183843722114849997e+19 4.218458296856583373e+19 4.259966560518364365e+19 4.300220618605572096e+19 4.337904134598818202e+19 4.370821170432483328e+19 4.397533214316669338e+19 4.418756151237145395e+19 3.809704230042206208e+19
4.143766625792725811e+19 4.144538930181527962e+19 4.161105275594527539e+19 4.183843722114849997e+19 4.218458296856583373e+19 4.259966560518365184e+19 4.300220618605570458e+19 4.337904134598818202e+19 4.370821170432481690e+19 4.397533214316668518e+19 4.418756151237145395e+19 3.809704230042205389e+19
4.143766625792725811e+19 4.144538930181528781e+19 4.161105275594525901e+19 4.183843722114849997e+19 4.218458296856583373e+19 4.259966560518366822e+19 4.300220618605572096e+19 4.337904134598817382e+19 4.370821170432482509e+19 4.397533214316669338e+19 4.418756151237146214e+19 3.809704230042204570e+19
4.143766625792724992e+19 4.144538930181528781e+19 4.161105275594524262e+19 4.183843722114849997e+19 4.218458296856583373e+19 4.259966560518368461e+19 4.300220618605571277e+19 4.337904134598819840e+19 4.370821170432480051e+19 4.397533214316669338e+19 4.418756151237146214e+19 3.809704230042204570e+19
4.143766625792724173e+19 4.144538930181530419e+19 4.161105275594524262e+19 4.183843722114849997e+19 4.218458296856584192e+19 4.259966560518368461e+19 4.300220618605572096e+19 4.337904134598820659e+19 4.370821170432479232e+19 4.397533214316671795e+19 4.418756151237146214e+19 3.809704230042203750e+19
4.143766625792724173e+19 4.144538930181531238e+19 4.161105275594525082e+19 4.183843722114849997e+19 4.218458296856584192e+19 4.259966560518368461e+19 4.300220618605570458e+19 4.337904134598822298e+19 4.370821170432480051e+19 4.397533214316673434e+19 4.418756151237146214e+19 3.809704230042202931e+19
4.143766625792724992e+19 4.144538930181530419e+19 4.161105275594525901e+19 4.183843722114849997e+19 4.218458296856585830e+19 4.259966560518367642e+19 4.300220618605570458e+19 4.337904134598822298e+19 4.370821170432481690e+19 4.397533214316674253e+19 4.418756151237147034e+19 3.809704230042203750e+19
4.143766625792724992e+19 4.144538930181529600e+19 4.161105275594523443e+19 4.183843722114849997e+19 4.218458296856585011e+19 4.259966560518368461e+19 4.300220618605570458e+19 4.337904134598819840e+19 4.370821170432481690e+19 4.397533214316675072e+19 4.418756151237148672e+19 3.809704230042203750e+19
4.143766625792724992e+19 4.144538930181529600e+19 4.161105275594524262e+19 4.183843722114849997e+19 4.218458296856585011e+19 4.259966560518367642e+19 4.300220618605570458e+19 4.337904134598821478e+19 4.370821170432483328e+19 4.397533214316672614e+19 4.418756151237148672e+19 3.809704230042203750e+19
4.143766625792724992e+19 4.144538930181529600e+19 4.161105275594524262e+19 4.183843722114849997e+19 4.218458296856585011e+19 4.259966560518367642e+19 4.300220618605572096e+19 4.337904134598823117e+19 4.370821170432483328e+19 4.397533214316672614e+19 4.418756151237149491e+19 3.809704230042204570e+19
4.143766625792723354e+19 4.144538930181528781e+19 4.161105275594525901e+19 4.183843722114849997e+19 4.218458296856585830e+19 4.259966560518367642e+19 4.300220618605571277e+19 4.337904134598821478e+19 4.370821170432483328e+19 4.397533214316671795e+19 4.418756151237147853e+19 3.809704230042205389e+19
4.143766625792721715e+19 4.144538930181528781e+19 4.161105275594525082e+19 4.183843722114849997e+19 4.218458296856585011e+19 4.259966560518367642e+19 4.300220618605572915e+19 4.337904134598818202e+19 4.370821170432486605e+19 4.397533214316669338e+19 4.418756151237146214e+19 3.809704230042205389e+19
4.143766625792723354e+19 4.144538930181529600e+19 4.161105275594525901e+19 4.183843722114849997e+19 4.218458296856584192e+19 4.259966560518367642e+19 4.300220618605574554e+19 4.337904134598816563e+19 4.370821170432485786e+19 4.397533214316669338e+19 4.418756151237146214e+19 3.809704230042206208e+19
4.143766625792723354e+19 4.144538930181528781e+19 4.161105275594525901e+19 4.183843722114849997e+19 4.218458296856584192e+19 4.259966560518366822e+19 4.300220618605575373e+19 4.337904134598818202e+19 4.370821170432488243e+19 4.397533214316671795e+19 4.418756151237147034e+19 3.809704230042206208e+19
4.143766625792722534e+19 4.144538930181530419e+19 4.161105275594525082e+19 4.183843722114849997e+19 4.218458296856583373e+19 4.259966560518367642e+19 4.300220618605574554e+19 4.337904134598816563e+19 4.370821170432489062e+19 4.397533214316673434e+19 4.418756151237146214e+19 3.809704230042207027e+19
4.143766625792721715e+19 4.144538930181529600e+19 4.161105275594527539e+19 4.183843722114849997e+19 4.218458296856583373e+19 4.259966560518366822e+19 4.300220618605575373e+19 4.337904134598816563e+19 4.370821170432488243e+19 4.397533214316674253e+19 4.418756151237146214e+19 3.809704230042207846e+19
4.143766625792720896e+19 4.144538930181529600e+19 4.161105275594525082e+19 4.183843722114849997e+19 4.218458296856582554e+19 4.259966560518367642e+19 4.300220618605577011e+19 4.337904134598818202e+19 4.370821170432487424e+19 4.397533214316673434e+19 4.418756151237147853e+19 3.809704230042208666e+19
4.143766625792720896e+19 4.144538930181529600e+19 4.161105275594523443e+19 4.183843722114849997e+19 4.218458296856581734e+19 4.259966560518367642e+19 4.300220618605577011e+19 4.337904134598820659e+19 4.370821170432487424e+19 4.397533214316672614e+19 4.418756151237150310e+19 3.809704230042207846e+19
4.143766625792721715e+19 4.144538930181529600e+19 4.161105275594524262e+19 4.183843722114849997e+19 4.218458296856581734e+19 4.259966560518367642e+19 4.300220618605578650e+19 4.337904134598819021e+19 4.370821170432488243e+19 4.397533214316673434e+19 4.418756151237149491e+19 3.809704230042208666e+19
4.143766625792720896e+19 4.144538930181530419e+19 4.161105275594524262e+19 4.183843722114849997e+19 4.218458296856581734e+19 4.259966560518368461e+19 4.300220618605578650e+19 4.337904134598818202e+19 4.370821170432489062e+19 4.397533214316672614e+19 4.418756151237148672e+19 3.809704230042209485e+19
4.143766625792719258e+19 4.144538930181530419e+19 4.161105275594523443e+19 4.183843722114849997e+19 4.218458296856580915e+19 4.259966560518368461e+19 4.300220618605579469e+19 4.337904134598819021e+19 4.370821170432489062e+19 4.397533214316671795e+19 4.418756151237151130e+19 3.809704230042209485e+19
4.143766625792720077e+19 4.144538930181530419e+19 4.161105275594524262e+19 4.183843722114849997e+19 4.218458296856580915e+19 4.259966560518367642e+19 4.300220618605580288e+19 4.337904134598819840e+19 4.370821170432491520e+19 4.397533214316672614e+19 4.418756151237151949e+19 3.809704230042209485e+19
4.143766625792720077e+19 4.144538930181529600e+19 4.161105275594524262e+19 4.183843722114849997e+19 4.218458296856580915e+19 4.259966560518366822e+19 4.300220618605578650e+19 4.337904134598819021e+19 4.370821170432491520e+19 4.397533214316673434e+19 4.418756151237151130e+19 3.809704230042209485e+19
4.143766625792720077e+19 4.144538930181529600e+19 4.161105275594525082e+19 4.183843722114849997e+19 4.218458296856581734e+19 4.259966560518366822e+19 4.300220618605578650e+19 4.337904134598819021e+19 4.370821170432489882e+19 4.397533214316672614e+19 4.418756151237150310e+19 3.809704230042209485e+19
4.143766625792719258e+19 4.144538930181528781e+19 4.161105275594525082e+19 4.183843722114849997e+19 4.218458296856580915e+19 4.259966560518367642e+19 4.300220618605578650e+19 4.337904134598816563e+19 4.370821170432489062e+19 4.397533214316675072e+19 4.418756151237151949e+19 3.809704230042209485e+19
4.143766625792719258e+19 4.144538930181528781e+19 4.161105275594525901e+19 4.183843722114849997e+19 4.218458296856581734e+19 4.259966560518367642e+19 4.300220618605578650e+19 4.337904134598815744e+19 4.370821170432489062e+19 4.397533214316676710e+19 4.418756151237151949e+19 3.809704230042210304e+19
4.143766625792719258e+19 4.144538930181528781e+19 4.161105275594526720e+19 4.183843722114849997e+19 4.218458296856581734e+19 4.259966560518368461e+19 4.300220618605577830e+19 4.337904134598817382e+19 4.370821170432489062e+19 4.397533214316677530e+19 4.418756151237151130e+19 3.809704230042209485e+19
4.143766625792719258e+19 4.144538930181528781e+19 4.161105275594526720e+19 4.183843722114849997e+19 4.218458296856582554e+19 4.259966560518369280e+19 4.300220618605577830e+19 4.337904134598817382e+19 4.370821170432490701e+19 4.397533214316677530e+19 4.418756151237149491e+19 3.809704230042210304e+19
4.143766625792720077e+19 4.144538930181531238e+19 4.161105275594526720e+19 4.183843722114849997e+19 4.218458296856582554e+19 4.259966560518368461e+19 4.300220618605577011e+19 4.337904134598817382e+19 4.370821170432492339e+19 4.397533214316676710e+19 4.418756151237150310e+19 3.809704230042209485e+19
4.143766625792720896e+19 4.144538930181532877e+19 4.161105275594529178e+19 4.183843722114849997e+19 4.218458296856582554e+19 4.259966560518369280e+19 4.300220618605578650e+19 4.337904134598817382e+19 4.370821170432492339e+19 4.397533214316676710e+19 4.418756151237149491e+19 3.809704230042209485e+19
4.143766625792720077e+19 4.144538930181533696e+19 4.161105275594529178e+19 4.183843722114849997e+19 4.218458296856582554e+19 4.259966560518369280e+19 4.300220618605577830e+19 4.337904134598817382e+19 4.370821170432494797e+19 4.397533214316676710e+19 4.418756151237149491e+19 3.809704230042209485e+19
4.143766625792719258e+19 4.144538930181533696e+19 4.161105275594528358e+19 4.183843722114849997e+19 4.218458296856583373e+19 4.259966560518370099e+19 4.300220618605577011e+19 4.337904134598819840e+19 4.370821170432494797e+19 4.397533214316677530e+19 4.418756151237147853e+19 3.809704230042210304e+19
4.143766625792717619e+19 4.144538930181534515e+19 4.161105275594527539e+19 4.183843722114849997e+19 4.218458296856584192e+19 4.259966560518369280e+19 4.300220618605577011e+19 4.337904134598818202e+19 4.370821170432494797e+19 4.397533214316678349e+19 4.418756151237148672e+19 3.809704230042210304e+19
4.143766625792717619e+19 4.144538930181534515e+19 4.161105275594526720e+19 4.183843722114849997e+19 4.218458296856584192e+19 4.259966560518369280e+19 4.300220618605577011e+19 4.337904134598819021e+19 4.370821170432496435e+19 4.397533214316677530e+19 4.418756151237150310e+19 3.809704230042211123e+19
4.143766625792717619e+19 4.144538930181536154e+19 4.161105275594527539e+19 4.183843722114849997e+19 4.218458296856584192e+19 4.259966560518369280e+19 4.300220618605577830e+19 4.337904134598819840e+19 4.370821170432493978e+19 4.397533214316677530e+19 4.418756151237149491e+19 3.809704230042211123e+19
4.143766625792716800e+19 4.144538930181537792e+19 4.161105275594527539e+19 4.183843722114849997e+19 4.218458296856584192e+19 4.259966560518369280e+19 4.300220618605576192e+19 4.337904134598820659e+19 4.370821170432493978e+19 4.397533214316677530e+19 4.418756151237147034e+19 3.809704230042210304e+19
4.143766625792715981e+19 4.144538930181538611e+19 4.161105275594527539e+19 4.183843722114849997e+19 4.218458296856584192e+19 4.259966560518368461e+19 4.300220618605575373e+19 4.337904134598819021e+19 4.370821170432493158e+19 4.397533214316676710e+19 4.418756151237146214e+19 3.809704230042210304e+19
4.143766625792717619e+19 4.144538930181537792e+19 4.161105275594528358e+19 4.183843722114849997e+19 4.218458296856584192e+19 4.259966560518369280e+19 4.300220618605574554e+19 4.337904134598819021e+19 4.370821170432493158e+19 4.397533214316676710e+19 4.418756151237147853e+19 3.809704230042210304e+19
4.143766625792716800e+19 4.144538930181536154e+19 4.161105275594528358e+19 4.183843722114849997e+19 4.218458296856583373e+19 4.259966560518369280e+19 4.300220618605574554e+19 4.337904134598819021e+19 4.370821170432494797e+19 4.397533214316675072e+19 4.418756151237147853e+19 3.809704230042209485e+19
4.143766625792717619e+19 4.144538930181536973e+19 4.161105275594529178e+19 4.183843722114849997e+19 4.218458296856584192e+19 4.259966560518368461e+19 4.300220618605574554e+19 4.337904134598818202e+19 4.370821170432495616e+19 4.397533214316675072e+19 4.418756151237148672e+19 3.809704230042209485e+19
4.143766625792716800e+19 4.144538930181537792e+19 4.161105275594529997e+19 4.183843722114849997e+19 4.218458296856585011e+19 4.259966560518369280e+19 4.300220618605575373e+19 4.337904134598818202e+19 4.370821170432494797e+19 4.397533214316674253e+19 4.418756151237149491e+19 3.809704230042209485e+19
4.143766625792717619e+19 4.144538930181536973e+19 4.161105275594529178e+19 4.183843722114849997e+19 4.218458296856585830e+19 4.259966560518369280e+19 4.300220618605575373e+19 4.337904134598819021e+19 4.370821170432495616e+19 4.397533214316674253e+19 4.418756151237147853e+19 3.809704230042208666e+19
4.143766625792717619e+19 4.144538930181536154e+19 4.161105275594529178e+19 4.183843722114849997e+19 4.218458296856585830e+19 4.259966560518368461e+19 4.300220618605575373e+19 4.337904134598817382e+19 4.370821170432496435e+19 4.397533214316673434e+19 4.418756151237147034e+19 3.809704230042209485e+19
4.143766625792717619e+19 4.144538930181536973e+19 4.161105275594528358e+19 4.183843722114849997e+19 4.218458296856585830e+19 4.259966560518368461e+19 4.300220618605575373e+19 4.337904134598817382e+19 4.370821170432493978e+19 4.397533214316671795e+19 4.418756151237147034e+19 3.809704230042209485e+19
4.143766625792715981e+19 4.144538930181538611e+19 4.161105275594525901e+19 4.183843722114849997e+19 4.218458296856586650e+19 4.259966560518369280e+19 4.300220618605577011e+19 4.337904134598819021e+19 4.370821170432495616e+19 4.397533214316670157e+19 4.418756151237147034e+19 3.809704230042209485e+19
4.143766625792714342e+19 4.144538930181538611e+19 4.161105275594526720e+19 4.183843722114849997e+19 4.218458296856585830e+19 4.259966560518368461e+19 4.300220618605577830e+19 4.337904134598819840e+19 4.370821170432495616e+19 4.397533214316671795e+19 4.418756151237147853e+19 3.809704230042208666e+19
4.143766625792715162e+19 4.144538930181538611e+19 4.161105275594528358e+19 4.183843722114849997e+19 4.218458296856585011e+19 4.259966560518367642e+19 4.300220618605577011e+19 4.337904134598820659e+19 4.370821170432493978e+19 4.397533214316672614e+19 4.418756151237147853e+19 3.809704230042208666e+19
4.143766625792713523e+19 4.144538930181539430e+19 4.161105275594528358e+19 4.183843722114849997e+19 4.218458296856585830e+19 4.259966560518367642e+19 4.300220618605577011e+19 4.337904134598820659e+19 4.370821170432492339e+19 4.397533214316670976e+19 4.418756151237147853e+19 3.809704230042208666e+19
4.143766625792715981e+19 4.144538930181541069e+19 4.161105275594529178e+19 4.183843722114849997e+19 4.218458296856585830e+19 4.259966560518367642e+19 4.300220618605574554e+19 4.337904134598820659e+19 4.370821170432490701e+19 4.397533214316669338e+19 4.418756151237146214e+19 3.809704230042208666e+19
4.143766625792715981e+19 4.144538930181540250e+19 4.161105275594529997e+19 4.183843722114849997e+19 4.218458296856585830e+19 4.259966560518368461e+19 4.300220618605575373e+19 4.337904134598819021e+19 4.370821170432491520e+19 4.397533214316667699e+19 4.418756151237143757e+19 3.809704230042208666e+19
4.143766625792715162e+19 4.144538930181542707e+19 4.161105275594530816e+19 4.183843722114849997e+19 4.218458296856586650e+19 4.259966560518367642e+19 4.300220618605573734e+19 4.337904134598821478e+19 4.370821170432490701e+19 4.397533214316668518e+19 4.418756151237143757e+19 3.809704230042208666e+19
4.143766625792714342e+19 4.144538930181541888e+19 4.161105275594530816e+19 4.183843722114849997e+19 4.218458296856587469e+19 4.259966560518367642e+19 4.300220618605572915e+19 4.337904134598820659e+19 4.370821170432491520e+19 4.397533214316666880e+19 4.418756151237143757e+19 3.809704230042207846e+19
4.143766625792713523e+19 4.144538930181541069e+19 4.161105275594529178e+19 4.183843722114849997e+19 4.218458296856586650e+19 4.259966560518367642e+19 4.300220618605573734e+19 4.337904134598821478e+19 4.370821170432491520e+19 4.397533214316666880e+19 4.418756151237144576e+19 3.809704230042207846e+19
4.143766625792711066e+19 4.144538930181539430e+19 4.161105275594528358e+19 4.183843722114849997e+19 4.218458296856587469e+19 4.259966560518366822e+19 4.300220618605572915e+19 4.337904134598821478e+19 4.370821170432489882e+19 4.397533214316667699e+19 4.418756151237143757e+19 3.809704230042207846e+19
4.143766625792711885e+19 4.144538930181537792e+19 4.161105275594529178e+19 4.183843722114849997e+19 4.218458296856586650e+19 4.259966560518367642e+19 4.300220618605573734e+19 4.337904134598820659e+19 4.370821170432489882e+19 4.397533214316666061e+19 4.418756151237142118e+19 3.809704230042207846e+19
4.143766625792712704e+19 4.144538930181538611e+19 4.161105275594529178e+19 4.183843722114849997e+19 4.218458296856587469e+19 4.259966560518367642e+19 4.300220618605574554e+19 4.337904134598819021e+19 4.370821170432489882e+19 4.397533214316666880e+19 4.418756151237142118e+19 3.809704230042207846e+19
4.143766625792713523e+19 4.144538930181539430e+19 4.161105275594528358e+19 4.183843722114849997e+19 4.218458296856587469e+19 4.259966560518366822e+19 4.300220618605572915e+19 4.337904134598820659e+19 4.370821170432490701e+19 4.397533214316667699e+19 4.418756151237143757e+19 3.809704230042207846e+19
4.143766625792713523e+19 4.144538930181539430e+19 4.161105275594528358e+19 4.183843722114849997e+19 4.218458296856587469e+19 4.259966560518365184e+19 4.300220618605571277e+19 4.337904134598822298e+19 4.370821170432489882e+19 4.397533214316667699e+19 4.418756151237142938e+19 3.809704230042206208e+19
4.143766625792710246e+19 4.144538930181537792e+19 4.161105275594528358e+19 4.183843722114849997e+19 4.218458296856588288e+19 4.259966560518366003e+19 4.300220618605570458e+19 4.337904134598823117e+19 4.370821170432491520e+19 4.397533214316669338e+19 4.418756151237142938e+19 3.809704230042206208e+19
4.143766625792711066e+19 4.144538930181536154e+19 4.161105275594527539e+19 4.183843722114849997e+19 4.218458296856588288e+19 4.259966560518366003e+19 4.300220618605570458e+19 4.337904134598819840e+19 4.370821170432493158e+19 4.397533214316670157e+19 4.418756151237143757e+19 3.809704230042205389e+19
4.143766625792711885e+19 4.144538930181537792e+19 4.161105275594526720e+19 4.183843722114849997e+19 4.218458296856588288e+19 4.259966560518366003e+19 4.300220618605571277e+19 4.337904134598819021e+19 4.370821170432493158e+19 4.397533214316669338e+19 4.418756151237142938e+19 3.809704230042205389e+19
4.143766625792711885e+19 4.144538930181537792e+19 4.161105275594527539e+19 4.183843722114849997e+19 4.218458296856588288e+19 4.259966560518366003e+19 4.300220618605570458e+19 4.337904134598819021e+19 4.370821170432493158e+19 4.397533214316670976e+19 4.418756151237143757e+19 3.809704230042205389e+19
4.143766625792711885e+19 4.144538930181536973e+19 4.161105275594527539e+19 4.183843722114849997e+19 4.218458296856588288e+19 4.259966560518365184e+19 4.300220618605570458e+19 4.337904134598818202e+19 4.370821170432493978e+19 4.397533214316669338e+19 4.418756151237142938e+19 3.809704230042205389e+19
4.143766625792711885e+19 4.144538930181538611e+19 4.161105275594529178e+19 4.183843722114849997e+19 4.218458296856587469e+19 4.259966560518365184e+19 4.300220618605570458e+19 4.337904134598818202e+19 4.370821170432494797e+19 4.397533214316668518e+19 4.418756151237144576e+19 3.809704230042205389e+19
4.143766625792713523e+19 4.144538930181539430e+19 4.161105275594529178e+19 4.183843722114849997e+19 4.218458296856586650e+19 4.259966560518366003e+19 4.300220618605568819e+19 4.337904134598817382e+19 4.370821170432494797e+19 4.397533214316666061e+19 4.418756151237145395e+19 3.809704230042206208e+19
4.143766625792713523e+19 4.144538930181538611e+19 4.161105275594528358e+19 4.183843722114849997e+19 4.218458296856588288e+19 4.259966560518366822e+19 4.300220618605566362e+19 4.337904134598817382e+19 4.370821170432494797e+19 4.397533214316665242e+19 4.418756151237147034e+19 3.809704230042204570e+19
4.143766625792714342e+19 4.144538930181538611e+19 4.161105275594529178e+19 4.183843722114849997e+19 4.218458296856587469e+19 4.259966560518366003e+19 4.300220618605565542e+19 4.337904134598816563e+19 4.370821170432493158e+19 4.397533214316666880e+19 4.418756151237146214e+19 3.809704230042204570e+19
4.143766625792712704e+19 4.144538930181540250e+19 4.161105275594529178e+19 4.183843722114849997e+19 4.218458296856588288e+19 4.259966560518366003e+19 4.300220618605563904e+19 4.337904134598816563e+19 4.370821170432493158e+19 4.397533214316666880e+19 4.418756151237144576e+19 3.809704230042204570e+19
4.143766625792715981e+19 4.144538930181539430e+19 4.161105275594528358e+19 4.183843722114849997e+19 4.218458296856588288e+19 4.259966560518366003e+19 4.300220618605565542e+19 4.337904134598817382e+19 4.370821170432494797e+19 4.397533214316667699e+19 4.418756151237146214e+19 3.809704230042205389e+19
4.143766625792716800e+19 4.144538930181541069e+19 4.161105275594529178e+19 4.183843722114849997e+19 4.218458296856589107e+19 4.259966560518366822e+19 4.300220618605563904e+19 4.337904134598816563e+19 4.370821170432496435e+19 4.397533214316667699e+19 4.418756151237145395e+19 3.809704230042204570e+19
4.143766625792716800e+19 4.144538930181541069e+19 4.161105275594529178e+19 4.183843722114849997e+19 4.218458296856589107e+19 4.259966560518366822e+19 4.300220618605562266e+19 4.337904134598815744e+19 4.370821170432496435e+19 4.397533214316670157e+19 4.418756151237147034e+19 3.809704230042204570e+19
4.143766625792715981e+19 4.144538930181541069e+19 4.161105275594528358e+19 4.183843722114849997e+19 4.218458296856588288e+19 4.259966560518366003e+19 4.300220618605559808e+19 4.337904134598817382e+19 4.370821170432494797e+19 4.397533214316671795e+19 4.418756151237146214e+19 3.809704230042204570e+19
4.143766625792715981e+19 4.144538930181539430e+19 4.161105275594528358e+19 4.183843722114849997e+19 4.218458296856588288e+19 4.259966560518366003e+19 4.300220618605561446e+19 4.337904134598817382e+19 4.370821170432494797e+19 4.397533214316671795e+19 4.418756151237145395e+19 3.809704230042206208e+19
4.143766625792713523e+19 4.144538930181539430e+19 4.161105275594529178e+19 4.183843722114849997e+19 4.218458296856587469e+19 4.259966560518367642e+19 4.300220618605559808e+19 4.337904134598817382e+19 4.370821170432496435e+19 4.397533214316671795e+19 4.418756151237147853e+19 3.809704230042205389e+19
4.143766625792714342e+19 4.144538930181540250e+19 4.161105275594529178e+19 4.183843722114849997e+19 4.218458296856587469e+19 4.259966560518367642e+19 4.300220618605558170e+19 4.337904134598818202e+19 4.370821170432496435e+19 4.397533214316670976e+19 4.418756151237149491e+19 3.809704230042204570e+19
4.143766625792716800e+19 4.144538930181540250e+19 4.161105275594529178e+19 4.183843722114849178e+19 4.218458296856589107e+19 4.259966560518367642e+19 4.300220618605557350e+19 4.337904134598818202e+19 4.370821170432495616e+19 4.397533214316671795e+19 4.418756151237150310e+19 3.809704230042204570e+19
4.143766625792715981e+19 4.144538930181538611e+19 4.161105275594529178e+19 4.183843722114849178e+19 4.218458296856588288e+19 4.259966560518367642e+19 4.300220618605558170e+19 4.337904134598818202e+19 4.370821170432494797e+19 4.397533214316671795e+19 4.418756151237150310e+19 3.809704230042205389e+19
4.143766625792715981e+19 4.144538930181537792e+19 4.161105275594529997e+19 4.183843722114847539e+19 4.218458296856588288e+19 4.259966560518367642e+19 4.300220618605557350e+19 4.337904134598817382e+19 4.370821170432492339e+19 4.397533214316670976e+19 4.418756151237149491e+19 3.809704230042205389e+19
4.143766625792715981e+19 4.144538930181537792e+19 4.161105275594529997e+19 4.183843722114848358e+19 4.218458296856587469e+19 4.259966560518366822e+19 4.300220618605556531e+19 4.337904134598816563e+19 4.370821170432492339e+19 4.397533214316671795e+19 4.418756151237149491e+19 3.809704230042206208e+19
4.143766625792717619e+19 4.144538930181536973e+19 4.161105275594530816e+19 4.183843722114849178e+19 4.218458296856587469e+19 4.259966560518366822e+19 4.300220618605558170e+19 4.337904134598815744e+19 4.370821170432493158e+19 4.397533214316672614e+19 4.418756151237149491e+19 3.809704230042204570e+19
4.143766625792716800e+19 4.144538930181535334e+19 4.161105275594530816e+19 4.183843722114849178e+19 4.218458296856586650e+19 4.259966560518367642e+19 4.300220618605557350e+19 4.337904134598818202e+19 4.370821170432493978e+19 4.397533214316672614e+19 4.418756151237151130e+19 3.809704230042204570e+19
4.143766625792717619e+19 4.144538930181533696e+19 4.161105275594531635e+19 4.183843722114849178e+19 4.218458296856585830e+19 4.259966560518366822e+19 4.300220618605558170e+19 4.337904134598816563e+19 4.370821170432493978e+19 4.397533214316671795e+19 4.418756151237150310e+19 3.809704230042204570e+19
4.143766625792717619e+19 4.144538930181533696e+19 4.161105275594530816e+19 4.183843722114849178e+19 4.218458296856586650e+19 4.259966560518367642e+19 4.300220618605558170e+19 4.337904134598815744e+19 4.370821170432493978e+19 4.397533214316670976e+19 4.418756151237150310e+19 3.809704230042204570e+19
4.143766625792715981e+19 4.144538930181534515e+19 4.161105275594530816e+19 4.183843722114848358e+19 4.218458296856587469e+19 4.259966560518367642e+19 4.300220618605556531e+19 4.337904134598814925e+19 4.370821170432492339e+19 4.397533214316673434e+19 4.418756151237151130e+19 3.809704230042203750e+19
4.143766625792717619e+19 4.144538930181536973e+19 4.161105275594529997e+19 4.183843722114848358e+19 4.218458296856585830e+19 4.259966560518369280e+19 4.300220618605556531e+19 4.337904134598814925e+19 4.370821170432493158e+19 4.397533214316672614e+19 4.418756151237151130e+19 3.809704230042203750e+19
4.143766625792716800e+19 4.144538930181536973e+19 4.161105275594530816e+19 4.183843722114849178e+19 4.218458296856585830e+19 4.259966560518368461e+19 4.300220618605555712e+19 4.337904134598814106e+19 4.370821170432491520e+19 4.397533214316672614e+19 4.418756151237152768e+19 3.809704230042202931e+19
4.143766625792715981e+19 4.144538930181536154e+19 4.161105275594530816e+19 4.183843722114849997e+19 4.218458296856585830e+19 4.259966560518369280e+19 4.300220618605554074e+19 4.337904134598814925e+19 4.370821170432493158e+19 4.397533214316671795e+19 4.418756151237153587e+19 3.809704230042202931e+19
4.143766625792716800e+19 4.144538930181535334e+19 4.161105275594530816e+19 4.183843722114849178e+19 4.218458296856586650e+19 4.259966560518369280e+19 4.300220618605553254e+19 4.337904134598812467e+19 4.370821170432492339e+19 4.397533214316671795e+19 4.418756151237154406e+19 3.809704230042202931e+19
4.143766625792715981e+19 4.144538930181535334e+19 4.161105275594532454e+19 4.183843722114849997e+19 4.218458296856585830e+19 4.259966560518370099e+19 4.300220618605553254e+19 4.337904134598813286e+19 4.370821170432493158e+19 4.397533214316670976e+19 4.418756151237154406e+19 3.809704230042202931e+19
4.143766625792715981e+19 4.144538930181536154e+19 4.161105275594532454e+19 4.183843722114849997e+19 4.218458296856585830e+19 4.259966560518370099e+19 4.300220618605554074e+19 4.337904134598812467e+19 4.370821170432493158e+19 4.397533214316669338e+19 4.418756151237151949e+19 3.809704230042202931e+19
4.143766625792715162e+19 4.144538930181536973e+19 4.161105275594530816e+19 4.183843722114849997e+19 4.218458296856585830e+19 4.259966560518370099e+19 4.300220618605554893e+19 4.337904134598811648e+19 4.370821170432493978e+19 4.397533214316670157e+19 4.418756151237153587e+19 3.809704230042203750e+19
4.143766625792712704e+19 4.144538930181538611e+19 4.161105275594530816e+19 4.183843722114850816e+19 4.218458296856585830e+19 4.259966560518369280e+19 4.300220618605554893e+19 4.337904134598810829e+19 4.370821170432493978e+19 4.397533214316670976e+19 4.418756151237152768e+19 3.809704230042202931e+19
4.143766625792712704e+19 4.144538930181540250e+19 4.161105275594530816e+19 4.183843722114852454e+19 4.218458296856585830e+19 4.259966560518368461e+19 4.300220618605553254e+19 4.337904134598812467e+19 4.370821170432493978e+19 4.397533214316669338e+19 4.418756151237151949e+19 3.809704230042203750e+19
4.143766625792710246e+19 4.144538930181541069e+19 4.161105275594530816e+19 4.183843722114851635e+19 4.218458296856585830e+19 4.259966560518368461e+19 4.300220618605554074e+19 4.337904134598812467e+19 4.370821170432494797e+19 4.397533214316668518e+19 4.418756151237151949e+19 3.809704230042204570e+19
4.143766625792709427e+19 4.144538930181540250e+19 4.161105275594530816e+19 4.183843722114851635e+19 4.218458296856585830e+19 4.259966560518368461e+19 4.300220618605554893e+19 4.337904134598812467e+19 4.370821170432494797e+19 4.397533214316669338e+19 4.418756151237151130e+19 3.809704230042203750e+19
4.143766625792710246e+19 4.144538930181539430e+19 4.161105275594530816e+19 4.183843722114852454e+19 4.218458296856585011e+19 4.259966560518369280e+19 4.300220618605554893e+19 4.337904134598813286e+19 4.370821170432495616e+19 4.397533214316669338e+19 4.418756151237151949e+19 3.809704230042204570e+19
4.143766625792709427e+19 4.144538930181540250e+19 4.161105275594530816e+19 4.183843722114851635e+19 4.218458296856585011e+19 4.259966560518369280e+19 4.300220618605556531e+19 4.337904134598813286e+19 4.370821170432495616e+19 4.397533214316669338e+19 4.418756151237152768e+19 3.809704230042203750e+19
4.143766625792710246e+19 4.144538930181539430e+19 4.161105275594531635e+19 4.183843722114851635e+19 4.218458296856584192e+19 4.259966560518369280e+19 4.300220618605556531e+19 4.337904134598814106e+19 4.370821170432495616e+19 4.397533214316670157e+19 4.418756151237153587e+19 3.809704230042204570e+19
4.143766625792709427e+19 4.144538930181541069e+19 4.161105275594530816e+19 4.183843722114852454e+19 4.218458296856584192e+19 4.259966560518369280e+19 4.300220618605558170e+19 4.337904134598812467e+19 4.370821170432493978e+19 4.397533214316670976e+19 4.418756151237153587e+19 3.809704230042203750e+19
4.143766625792710246e+19 4.144538930181539430e+19 4.161105275594531635e+19 4.183843722114852454e+19 4.218458296856582554e+19 4.259966560518369280e+19 4.300220618605558989e+19 4.337904134598814106e+19 4.370821170432494797e+19 4.397533214316670157e+19 4.418756151237152768e+19 3.809704230042204570e+19
4.143766625792709427e+19 4.144538930181541069e+19 4.161105275594532454e+19 4.183843722114852454e+19 4.218458296856583373e+19 4.259966560518369280e+19 4.300220618605559808e+19 4.337904134598814925e+19 4.370821170432494797e+19 4.397533214316671795e+19 4.418756151237151949e+19 3.809704230042204570e+19
4.143766625792709427e+19 4.144538930181541888e+19 4.161105275594532454e+19 4.183843722114852454e+19 4.218458296856584192e+19 4.259966560518369280e+19 4.300220618605558989e+19 4.337904134598815744e+19 4.370821170432493978e+19 4.397533214316670157e+19 4.418756151237153587e+19 3.809704230042204570e+19
4.143766625792711066e+19 4.144538930181541888e+19 4.161105275594533274e+19 4.183843722114851635e+19 4.218458296856583373e+19 4.259966560518369280e+19 4.300220618605558170e+19 4.337904134598816563e+19 4.370821170432493158e+19 4.397533214316670976e+19 4.418756151237152768e+19 3.809704230042203750e+19
4.143766625792711885e+19 4.144538930181542707e+19 4.161105275594534093e+19 4.183843722114852454e+19 4.218458296856581734e+19 4.259966560518369280e+19 4.300220618605558170e+19 4.337904134598816563e+19 4.370821170432490701e+19 4.397533214316671795e+19 4.418756151237152768e+19 3.809704230042203750e+19
4.143766625792711885e+19 4.144538930181542707e+19 4.161105275594533274e+19 4.183843722114852454e+19 4.218458296856581734e+19 4.259966560518368461e+19 4.300220618605556531e+19 4.337904134598814925e+19 4.370821170432489882e+19 4.397533214316670157e+19 4.418756151237152768e+19 3.809704230042204570e+19
4.143766625792712704e+19 4.144538930181541069e+19 4.161105275594533274e+19 4.183843722114851635e+19 4.218458296856582554e+19 4.259966560518368461e+19 4.300220618605556531e+19 4.337904134598815744e+19 4.370821170432489882e+19 4.397533214316669338e+19 4.418756151237153587e+19 3.809704230042203750e+19
4.143766625792712704e+19 4.144538930181542707e+19 4.161105275594533274e+19 4.183843722114850816e+19 4.218458296856582554e+19 4.259966560518369280e+19 4.300220618605557350e+19 4.337904134598816563e+19 4.370821170432489882e+19 4.397533214316670157e+19 4.418756151237153587e+19 3.809704230042203750e+19
4.143766625792714342e+19 4.144538930181542707e+19 4.161105275594533274e+19 4.183843722114851635e+19 4.218458296856581734e+19 4.259966560518369280e+19 4.300220618605556531e+19 4.337904134598816563e+19 4.370821170432487424e+19 4.397533214316670976e+19 4.418756151237155226e+19 3.809704230042202931e+19
4.143766625792715162e+19 4.144538930181543526e+19 4.161105275594534093e+19 4.183843722114851635e+19 4.218458296856580915e+19 4.259966560518370099e+19 4.300220618605558170e+19 4.337904134598815744e+19 4.370821170432485786e+19 4.397533214316670976e+19 4.418756151237155226e+19 3.809704230042203750e+19
4.143766625792715981e+19 4.144538930181542707e+19 4.161105275594534093e+19 4.183843722114850816e+19 4.218458296856580915e+19 4.259966560518370099e+19 4.300220618605557350e+19 4.337904134598816563e+19 4.370821170432485786e+19 4.397533214316671795e+19 4.418756151237155226e+19 3.809704230042203750e+19
4.143766625792715162e+19 4.144538930181543526e+19 4.161105275594534093e+19 4.183843722114850816e+19 4.218458296856580915e+19 4.259966560518370918e+19 4.300220618605557350e+19 4.337904134598814925e+19 4.370821170432486605e+19 4.397533214316671795e+19 4.418756151237154406e+19 3.809704230042202931e+19
4.143766625792713523e+19 4.144538930181545984e+19 4.161105275594534912e+19 4.183843722114849997e+19 4.218458296856582554e+19 4.259966560518370099e+19 4.300220618605557350e+19 4.337904134598814925e+19 4.370821170432488243e+19 4.397533214316673434e+19 4.418756151237154406e+19 3.809704230042202112e+19
4.143766625792714342e+19 4.144538930181547622e+19 4.161105275594534093e+19 4.183843722114849178e+19 4.218458296856584192e+19 4.259966560518370099e+19 4.300220618605560627e+19 4.337904134598815744e+19 4.370821170432489062e+19 4.397533214316671795e+19 4.418756151237153587e+19 3.809704230042202931e+19
4.143766625792715981e+19 4.144538930181545984e+19 4.161105275594534912e+19 4.183843722114849997e+19 4.218458296856583373e+19 4.259966560518370099e+19 4.300220618605558989e+19 4.337904134598814925e+19 4.370821170432487424e+19 4.397533214316671795e+19 4.418756151237154406e+19 3.809704230042202931e+19
4.143766625792716800e+19 4.144538930181546803e+19 4.161105275594534912e+19 4.183843722114850816e+19 4.218458296856584192e+19 4.259966560518370099e+19 4.300220618605559808e+19 4.337904134598814925e+19 4.370821170432488243e+19 4.397533214316670976e+19 4.418756151237153587e+19 3.809704230042202112e+19
4.143766625792718438e+19 4.144538930181546803e+19 4.161105275594535731e+19 4.183843722114850816e+19 4.218458296856584192e+19 4.259966560518370918e+19 4.300220618605558170e+19 4.337904134598814925e+19 4.370821170432490701e+19 4.397533214316670976e+19 4.418756151237153587e+19 3.809704230042202931e+19
4.143766625792717619e+19 4.144538930181548442e+19 4.161105275594537370e+19 4.183843722114850816e+19 4.218458296856583373e+19 4.259966560518370918e+19 4.300220618605556531e+19 4.337904134598814925e+19 4.370821170432489882e+19 4.397533214316670976e+19 4.418756151237152768e+19 3.809704230042202112e+19
4.143766625792718438e+19 4.144538930181547622e+19 4.161105275594537370e+19 4.183843722114851635e+19 4.218458296856582554e+19 4.259966560518371738e+19 4.300220618605556531e+19 4.337904134598814925e+19 4.370821170432489062e+19 4.397533214316669338e+19 4.418756151237152768e+19 3.809704230042202112e+19
4.143766625792719258e+19 4.144538930181547622e+19 4.161105275594537370e+19 4.183843722114852454e+19 4.218458296856582554e+19 4.259966560518371738e+19 4.300220618605558170e+19 4.337904134598814106e+19 4.370821170432487424e+19 4.397533214316668518e+19 4.418756151237153587e+19 3.809704230042201293e+19
4.143766625792720077e+19 4.144538930181545165e+19 4.161105275594537370e+19 4.183843722114852454e+19 4.218458296856582554e+19 4.259966560518371738e+19 4.300220618605558989e+19 4.337904134598814925e+19 4.370821170432487424e+19 4.397533214316669338e+19 4.418756151237152768e+19 3.809704230042201293e+19
4.143766625792718438e+19 4.144538930181546803e+19 4.161105275594537370e+19 4.183843722114852454e+19 4.218458296856583373e+19 4.259966560518371738e+19 4.300220618605560627e+19 4.337904134598814106e+19 4.370821170432485786e+19 4.397533214316667699e+19 4.418756151237153587e+19 3.809704230042201293e+19
4.143766625792716800e+19 4.144538930181547622e+19 4.161105275594537370e+19 4.183843722114851635e+19 4.218458296856583373e+19 4.259966560518371738e+19 4.300220618605561446e+19 4.337904134598812467e+19 4.370821170432485786e+19 4.397533214316669338e+19 4.418756151237153587e+19 3.809704230042201293e+19
4.143766625792717619e+19 4.144538930181547622e+19 4.161105275594537370e+19 4.183843722114849997e+19 4.218458296856582554e+19 4.259966560518371738e+19 4.300220618605562266e+19 4.337904134598811648e+19 4.370821170432485786e+19 4.397533214316668518e+19 4.418756151237153587e+19 3.809704230042201293e+19
4.143766625792717619e+19 4.144538930181547622e+19 4.161105275594537370e+19 4.183843722114849997e+19 4.218458296856583373e+19 4.259966560518372557e+19 4.300220618605560627e+19 4.337904134598813286e+19 4.370821170432484966e+19 4.397533214316668518e+19 4.418756151237152768e+19 3.809704230042201293e+19
4.143766625792717619e+19 4.144538930181545984e+19 4.161105275594538189e+19 4.183843722114849178e+19 4.218458296856582554e+19 4.259966560518371738e+19 4.300220618605561446e+19 4.337904134598813286e+19 4.370821170432485786e+19 4.397533214316667699e+19 4.418756151237153587e+19 3.809704230042201293e+19
4.143766625792718438e+19 4.144538930181545984e+19 4.161105275594538189e+19 4.183843722114849997e+19 4.218458296856582554e+19 4.259966560518371738e+19 4.300220618605561446e+19 4.337904134598812467e+19 4.370821170432485786e+19 4.397533214316666880e+19 4.418756151237151949e+19 3.809704230042201293e+19
4.143766625792719258e+19 4.144538930181545984e+19 4.161105275594537370e+19 4.183843722114849178e+19 4.218458296856582554e+19 4.259966560518371738e+19 4.300220618605561446e+19 4.337904134598813286e+19 4.370821170432486605e+19 4.397533214316667699e+19 4.418756151237151130e+19 3.809704230042201293e+19
4.143766625792717619e+19 4.144538930181545165e+19 4.161105275594538189e+19 4.183843722114849178e+19 4.218458296856581734e+19 4.259966560518371738e+19 4.300220618605560627e+19 4.337904134598814925e+19 4.370821170432486605e+19 4.397533214316666061e+19 4.418756151237151949e+19 3.809704230042201293e+19
4.143766625792715162e+19 4.144538930181544346e+19 4.161105275594538189e+19 4.183843722114848358e+19 4.218458296856582554e+19 4.259966560518373376e+19 4.300220618605561446e+19 4.337904134598814925e+19 4.370821170432486605e+19 4.397533214316666061e+19 4.418756151237151130e+19 3.809704230042201293e+19
4.143766625792713523e+19 4.144538930181544346e+19 4.161105275594537370e+19 4.183843722114848358e+19 4.218458296856581734e+19 4.259966560518372557e+19 4.300220618605559808e+19 4.337904134598814925e+19 4.370821170432484966e+19 4.397533214316664422e+19 4.418756151237150310e+19 3.809704230042200474e+19
4.143766625792713523e+19 4.144538930181544346e+19 4.161105275594537370e+19 4.183843722114849178e+19 4.218458296856581734e+19 4.259966560518371738e+19 4.300220618605558170e+19 4.337904134598816563e+19 4.370821170432485786e+19 4.397533214316664422e+19 4.418756151237149491e+19 3.809704230042202112e+19
4.143766625792711885e+19 4.144538930181545984e+19 4.161105275594538189e+19 4.183843722114848358e+19 4.218458296856580915e+19 4.259966560518370918e+19 4.300220618605558170e+19 4.337904134598818202e+19 4.370821170432484966e+19 4.397533214316663603e+19 4.418756151237150310e+19 3.809704230042201293e+19
4.143766625792711066e+19 4.144538930181547622e+19 4.161105275594538189e+19 4.183843722114849178e+19 4.218458296856580096e+19 4.259966560518371738e+19 4.300220618605557350e+19 4.337904134598817382e+19 4.370821170432484966e+19 4.397533214316664422e+19 4.418756151237149491e+19 3.809704230042200474e+19
4.143766625792711885e+19 4.144538930181545984e+19 4.161105275594539008e+19 4.183843722114849178e+19 4.218458296856579277e+19 4.259966560518373376e+19 4.300220618605558989e+19 4.337904134598817382e+19 4.370821170432483328e+19 4.397533214316664422e+19 4.418756151237147034e+19 3.809704230042201293e+19
4.143766625792711066e+19 4.144538930181546803e+19 4.161105275594539008e+19 4.183843722114849178e+19 4.218458296856579277e+19 4.259966560518372557e+19 4.300220618605558989e+19 4.337904134598817382e+19 4.370821170432484147e+19 4.397533214316663603e+19 4.418756151237147853e+19 3.809704230042202931e+19
4.143766625792710246e+19 4.144538930181546803e+19 4.161105275594538189e+19 4.183843722114849178e+19 4.218458296856580915e+19 4.259966560518372557e+19 4.300220618605558989e+19 4.337904134598816563e+19 4.370821170432483328e+19 4.397533214316661965e+19 4.418756151237147034e+19 3.809704230042202112e+19
4.143766625792709427e+19 4.144538930181547622e+19 4.161105275594538189e+19 4.183843722114850816e+19 4.218458296856580096e+19 4.259966560518373376e+19 4.300220618605559808e+19 4.337904134598816563e+19 4.370821170432483328e+19 4.397533214316661965e+19 4.418756151237148672e+19 3.809704230042202931e+19
4.143766625792709427e+19 4.144538930181546803e+19 4.161105275594539008e+19 4.183843722114850816e+19 4.218458296856580096e+19 4.259966560518374195e+19 4.300220618605559808e+19 4.337904134598817382e+19 4.370821170432483328e+19 4.397533214316661146e+19 4.418756151237148672e+19 3.809704230042202112e+19
4.143766625792709427e+19 4.144538930181547622e+19 4.161105275594538189e+19 4.183843722114850816e+19 4.218458296856580096e+19 4.259966560518375014e+19 4.300220618605558989e+19 4.337904134598814925e+19 4.370821170432482509e+19 4.397533214316660326e+19 4.418756151237147034e+19 3.809704230042201293e+19
4.143766625792710246e+19 4.144538930181547622e+19 4.161105275594538189e+19 4.183843722114850816e+19 4.218458296856579277e+19 4.259966560518374195e+19 4.300220618605558989e+19 4.337904134598814925e+19 4.370821170432481690e+19 4.397533214316661146e+19 4.418756151237147853e+19 3.809704230042202112e+19
4.143766625792711066e+19 4.144538930181545984e+19 4.161105275594538189e+19 4.183843722114851635e+19 4.218458296856579277e+19 4.259966560518375014e+19 4.300220618605558170e+19 4.337904134598814106e+19 4.370821170432482509e+19 4.397533214316661146e+19 4.418756151237148672e+19 3.809704230042202931e+19
4.143766625792711066e+19 4.144538930181545984e+19 4.161105275594539008e+19 4.183843722114849997e+19 4.218458296856578458e+19 4.259966560518375014e+19 4.300220618605558170e+19 4.337904134598814106e+19 4.370821170432482509e+19 4.397533214316660326e+19 4.418756151237150310e+19 3.809704230042202931e+19
4.143766625792710246e+19 4.144538930181546803e+19 4.161105275594539008e+19 4.183843722114849997e+19 4.218458296856578458e+19 4.259966560518375834e+19 4.300220618605558989e+19 4.337904134598810829e+19 4.370821170432484147e+19 4.397533214316661146e+19 4.418756151237149491e+19 3.809704230042202112e+19
4.143766625792708608e+19 4.144538930181546803e+19 4.161105275594538189e+19 4.183843722114849997e+19 4.218458296856579277e+19 4.259966560518375834e+19 4.300220618605558170e+19 4.337904134598810829e+19 4.370821170432483328e+19 4.397533214316661965e+19 4.418756151237149491e+19 3.809704230042202112e+19
4.143766625792708608e+19 4.144538930181544346e+19 4.161105275594539008e+19 4.183843722114850816e+19 4.218458296856580096e+19 4.259966560518375834e+19 4.300220618605557350e+19 4.337904134598810829e+19 4.370821170432482509e+19 4.397533214316663603e+19 4.418756151237146214e+19 3.809704230042202112e+19
4.143766625792707789e+19 4.144538930181544346e+19 4.161105275594539827e+19 4.183843722114850816e+19 4.218458296856580096e+19 4.259966560518375834e+19 4.300220618605556531e+19 4.337904134598810829e+19 4.370821170432484966e+19 4.397533214316661965e+19 4.418756151237147853e+19 3.809704230042202112e+19
4.143766625792706150e+19 4.144538930181544346e+19 4.161105275594539827e+19 4.183843722114849178e+19 4.218458296856579277e+19 4.259966560518375834e+19 4.300220618605554074e+19 4.337904134598812467e+19 4.370821170432485786e+19 4.397533214316659507e+19 4.418756151237146214e+19 3.809704230042202931e+19
4.143766625792704512e+19 4.144538930181542707e+19 4.161105275594539008e+19 4.183843722114849997e+19 4.218458296856578458e+19 4.259966560518376653e+19 4.300220618605553254e+19 4.337904134598812467e+19 4.370821170432484966e+19 4.397533214316660326e+19 4.418756151237145395e+19 3.809704230042202931e+19
4.143766625792704512e+19 4.144538930181542707e+19 4.161105275594538189e+19 4.183843722114849997e+19 4.218458296856577638e+19 4.259966560518375834e+19 4.300220618605555712e+19 4.337904134598813286e+19 4.370821170432484147e+19 4.397533214316661965e+19 4.418756151237143757e+19 3.809704230042202931e+19
4.143766625792706150e+19 4.144538930181543526e+19 4.161105275594538189e+19 4.183843722114849178e+19 4.218458296856577638e+19 4.259966560518375834e+19 4.300220618605554893e+19 4.337904134598813286e+19 4.370821170432485786e+19 4.397533214316661146e+19 4.418756151237142938e+19 3.809704230042202931e+19
4.143766625792705331e+19 4.144538930181541888e+19 4.161105275594539008e+19 4.183843722114849178e+19 4.218458296856578458e+19 4.259966560518375834e+19 4.300220618605554893e+19 4.337904134598812467e+19 4.370821170432484966e+19 4.397533214316659507e+19 4.418756151237142118e+19 3.809704230042202112e+19
4.143766625792704512e+19 4.144538930181541888e+19 4.161105275594539008e+19 4.183843722114849178e+19 4.218458296856578458e+19 4.259966560518375834e+19 4.300220618605554893e+19 4.337904134598813286e+19 4.370821170432484147e+19 4.397533214316657050e+19 4.418756151237143757e+19 3.809704230042202112e+19
4.143766625792703693e+19 4.144538930181541888e+19 4.161105275594539008e+19 4.183843722114848358e+19 4.218458296856578458e+19 4.259966560518375834e+19 4.300220618605557350e+19 4.337904134598813286e+19 4.370821170432482509e+19 4.397533214316656230e+19 4.418756151237145395e+19 3.809704230042202112e+19
4.143766625792704512e+19 4.144538930181541888e+19 4.161105275594538189e+19 4.183843722114847539e+19 4.218458296856579277e+19 4.259966560518375834e+19 4.300220618605559808e+19 4.337904134598811648e+19 4.370821170432480870e+19 4.397533214316656230e+19 4.418756151237144576e+19 3.809704230042202112e+19
4.143766625792704512e+19 4.144538930181540250e+19 4.161105275594539008e+19 4.183843722114847539e+19 4.218458296856579277e+19 4.259966560518376653e+19 4.300220618605558989e+19 4.337904134598811648e+19 4.370821170432480051e+19 4.397533214316655411e+19 4.418756151237141299e+19 3.809704230042202931e+19
4.143766625792702874e+19 4.144538930181541069e+19 4.161105275594539008e+19 4.183843722114847539e+19 4.218458296856579277e+19 4.259966560518377472e+19 4.300220618605557350e+19 4.337904134598811648e+19 4.370821170432479232e+19 4.397533214316656230e+19 4.418756151237139661e+19 3.809704230042203750e+19
4.143766625792704512e+19 4.144538930181541888e+19 4.161105275594539827e+19 4.183843722114847539e+19 4.218458296856578458e+19 4.259966560518376653e+19 4.300220618605555712e+19 4.337904134598811648e+19 4.370821170432479232e+19 4.397533214316657050e+19 4.418756151237139661e+19 3.809704230042203750e+19
4.143766625792704512e+19 4.144538930181542707e+19 4.161105275594539827e+19 4.183843722114848358e+19 4.218458296856578458e+19 4.259966560518376653e+19 4.300220618605555712e+19 4.337904134598811648e+19 4.370821170432479232e+19 4.397533214316656230e+19 4.418756151237140480e+19 3.809704230042203750e+19
4.143766625792706970e+19 4.144538930181541069e+19 4.161105275594539827e+19 4.183843722114846720e+19 4.218458296856577638e+19 4.259966560518375834e+19 4.300220618605554893e+19 4.337904134598810829e+19 4.370821170432478413e+19 4.397533214316653773e+19 4.418756151237141299e+19 3.809704230042204570e+19
4.143766625792706150e+19 4.144538930181540250e+19 4.161105275594540646e+19 4.183843722114845082e+19 4.218458296856577638e+19 4.259966560518375834e+19 4.300220618605554893e+19 4.337904134598810010e+19 4.370821170432478413e+19 4.397533214316652134e+19 4.418756151237142118e+19 3.809704230042204570e+19
4.143766625792707789e+19 4.144538930181538611e+19 4.161105275594539827e+19 4.183843722114845901e+19 4.218458296856576000e+19 4.259966560518376653e+19 4.300220618605553254e+19 4.337904134598810010e+19 4.370821170432477594e+19 4.397533214316652954e+19 4.418756151237142118e+19 3.809704230042203750e+19
4.143766625792710246e+19 4.144538930181537792e+19 4.161105275594540646e+19 4.183843722114846720e+19 4.218458296856575181e+19 4.259966560518375834e+19 4.300220618605553254e+19 4.337904134598810829e+19 4.370821170432479232e+19 4.397533214316652954e+19 4.418756151237142118e+19 3.809704230042203750e+19
4.143766625792710246e+19 4.144538930181537792e+19 4.161105275594539827e+19 4.183843722114845901e+19 4.218458296856576000e+19 4.259966560518375834e+19 4.300220618605554074e+19 4.337904134598810010e+19 4.370821170432478413e+19 4.397533214316652134e+19 4.418756151237143757e+19 3.809704230042203750e+19
4.143766625792707789e+19 4.144538930181536973e+19 4.161105275594540646e+19 4.183843722114847539e+19 4.218458296856576000e+19 4.259966560518375834e+19 4.300220618605554074e+19 4.337904134598808371e+19 4.370821170432479232e+19 4.397533214316650496e+19 4.418756151237146214e+19 3.809704230042204570e+19
4.143766625792707789e+19 4.144538930181538611e+19 4.161105275594539827e+19 4.183843722114847539e+19 4.218458296856576819e+19 4.259966560518375834e+19 4.300220618605554893e+19 4.337904134598807552e+19 4.370821170432478413e+19 4.397533214316650496e+19 4.418756151237144576e+19 3.809704230042203750e+19
4.143766625792707789e+19 4.144538930181536973e+19 4.161105275594539827e+19 4.183843722114847539e+19 4.218458296856577638e+19 4.259966560518375834e+19 4.300220618605554074e+19 4.337904134598806733e+19 4.370821170432479232e+19 4.397533214316652134e+19 4.418756151237143757e+19 3.809704230042202931e+19
4.143766625792706150e+19 4.144538930181535334e+19 4.161105275594539008e+19 4.183843722114849178e+19 4.218458296856577638e+19 4.259966560518375834e+19 4.300220618605554074e+19 4.337904134598807552e+19 4.370821170432480051e+19 4.397533214316652134e+19 4.418756151237142118e+19 3.809704230042202931e+19
4.143766625792705331e+19 4.144538930181536154e+19 4.161105275594539008e+19 4.183843722114850816e+19 4.218458296856576819e+19 4.259966560518375834e+19 4.300220618605554893e+19 4.337904134598809190e+19 4.370821170432478413e+19 4.397533214316652134e+19 4.418756151237142118e+19 3.809704230042202931e+19
4.143766625792704512e+19 4.144538930181536154e+19 4.161105275594540646e+19 4.183843722114849178e+19 4.218458296856576000e+19 4.259966560518376653e+19 4.300220618605553254e+19 4.337904134598810010e+19 4.370821170432475955e+19 4.397533214316652134e+19 4.418756151237142938e+19 3.809704230042202112e+19
4.143766625792704512e+19 4.144538930181535334e+19 4.161105275594540646e+19 4.183843722114850816e+19 4.218458296856576000e+19 4.259966560518375834e+19 4.300220618605554893e+19 4.337904134598810010e+19 4.370821170432479232e+19 4.397533214316652954e+19 4.418756151237145395e+19 3.809704230042202112e+19
4.143766625792706970e+19 4.144538930181536154e+19 4.161105275594540646e+19 4.183843722114850816e+19 4.218458296856576000e+19 4.259966560518375014e+19 4.300220618605554074e+19 4.337904134598811648e+19 4.370821170432477594e+19 4.397533214316652954e+19 4.418756151237144576e+19 3.809704230042201293e+19
4.143766625792705331e+19 4.144538930181534515e+19 4.161105275594540646e+19 4.183843722114849178e+19 4.218458296856576000e+19 4.259966560518375014e+19 4.300220618605555712e+19 4.337904134598810829e+19 4.370821170432477594e+19 4.397533214316654592e+19 4.418756151237143757e+19 3.809704230042201293e+19
4.143766625792704512e+19 4.144538930181532877e+19 4.161105275594541466e+19 4.183843722114849178e+19 4.218458296856574362e+19 4.259966560518375014e+19 4.300220618605556531e+19 4.337904134598812467e+19 4.370821170432476774e+19 4.397533214316654592e+19 4.418756151237142118e+19 3.809704230042200474e+19
4.143766625792704512e+19 4.144538930181532877e+19 4.161105275594540646e+19 4.183843722114848358e+19 4.218458296856575181e+19 4.259966560518375014e+19 4.300220618605554893e+19 4.337904134598811648e+19 4.370821170432479232e+19 4.397533214316656230e+19 4.418756151237142118e+19 3.809704230042202112e+19
4.143766625792703693e+19 4.144538930181532058e+19 4.161105275594540646e+19 4.183843722114849178e+19 4.218458296856576819e+19 4.259966560518375834e+19 4.300220618605554893e+19 4.337904134598810829e+19 4.370821170432476774e+19 4.397533214316657869e+19 4.418756151237142938e+19 3.809704230042202112e+19
4.143766625792704512e+19 4.144538930181532877e+19 4.161105275594540646e+19 4.183843722114849178e+19 4.218458296856576819e+19 4.259966560518375014e+19 4.300220618605554893e+19 4.337904134598811648e+19 4.370821170432475955e+19 4.397533214316657869e+19 4.418756151237144576e+19 3.809704230042202112e+19
4.143766625792702874e+19 4.144538930181531238e+19 4.161105275594542285e+19 4.183843722114849178e+19 4.218458296856576000e+19 4.259966560518375834e+19 4.300220618605555712e+19 4.337904134598810829e+19 4.370821170432475955e+19 4.397533214316657050e+19 4.418756151237145395e+19 3.809704230042202112e+19
4.143766625792704512e+19 4.144538930181532058e+19 4.161105275594542285e+19 4.183843722114849997e+19 4.218458296856576000e+19 4.259966560518375834e+19 4.300220618605554893e+19 4.337904134598809190e+19 4.370821170432475136e+19 4.397533214316656230e+19 4.418756151237145395e+19 3.809704230042201293e+19
4.143766625792704512e+19 4.144538930181532877e+19 4.161105275594542285e+19 4.183843722114849178e+19 4.218458296856576819e+19 4.259966560518375834e+19 4.300220618605554074e+19 4.337904134598808371e+19 4.370821170432475955e+19 4.397533214316657050e+19 4.418756151237140480e+19 3.809704230042202112e+19
4.143766625792704512e+19 4.144538930181532058e+19 4.161105275594542285e+19 4.183843722114849178e+19 4.218458296856576819e+19 4.259966560518375834e+19 4.300220618605554074e+19 4.337904134598810010e+19 4.370821170432472678e+19 4.397533214316658688e+19 4.418756151237142938e+19 3.809704230042202931e+19
4.143766625792704512e+19 4.144538930181530419e+19 4.161105275594541466e+19 4.183843722114849178e+19 4.218458296856577638e+19 4.259966560518376653e+19 4.300220618605553254e+19 4.337904134598809190e+19 4.370821170432471040e+19 4.397533214316657050e+19 4.418756151237144576e+19 3.809704230042202931e+19
4.143766625792705331e+19 4.144538930181531238e+19 4.161105275594540646e+19 4.183843722114849178e+19 4.218458296856577638e+19 4.259966560518376653e+19 4.300220618605555712e+19 4.337904134598808371e+19 4.370821170432470221e+19 4.397533214316658688e+19 4.418756151237145395e+19 3.809704230042203750e+19
4.143766625792706970e+19 4.144538930181530419e+19 4.161105275594539827e+19 4.183843722114849178e+19 4.218458296856577638e+19 4.259966560518375834e+19 4.300220618605554893e+19 4.337904134598807552e+19 4.370821170432469402e+19 4.397533214316657050e+19 4.418756151237147034e+19 3.809704230042203750e+19
4.143766625792708608e+19 4.144538930181530419e+19 4.161105275594540646e+19 4.183843722114848358e+19 4.218458296856576819e+19 4.259966560518375834e+19 4.300220618605555712e+19 4.337904134598806733e+19 4.370821170432469402e+19 4.397533214316657050e+19 4.418756151237147853e+19 3.809704230042203750e+19
4.143766625792708608e+19 4.144538930181529600e+19 4.161105275594540646e+19 4.183843722114848358e+19 4.218458296856576819e+19 4.259966560518375834e+19 4.300220618605554893e+19 4.337904134598808371e+19 4.370821170432471040e+19 4.397533214316655411e+19 4.418756151237147034e+19 3.809704230042202931e+19
4.143766625792708608e+19 4.144538930181527962e+19 4.161105275594541466e+19 4.183843722114849178e+19 4.218458296856577638e+19 4.259966560518376653e+19 4.300220618605556531e+19 4.337904134598807552e+19 4.370821170432473498e+19 4.397533214316655411e+19 4.418756151237149491e+19 3.809704230042202112e+19
4.143766625792710246e+19 4.144538930181527962e+19 4.161105275594540646e+19 4.183843722114849178e+19 4.218458296856576819e+19 4.259966560518376653e+19 4.300220618605554074e+19 4.337904134598809190e+19 4.370821170432473498e+19 4.397533214316655411e+19 4.418756151237149491e+19 3.809704230042201293e+19
4.143766625792710246e+19 4.144538930181527142e+19 4.161105275594540646e+19 4.183843722114848358e+19 4.218458296856576819e+19 4.259966560518376653e+19 4.300220618605554074e+19 4.337904134598808371e+19 4.370821170432474317e+19 4.397533214316653773e+19 4.418756151237149491e+19 3.809704230042200474e+19
4.143766625792708608e+19 4.144538930181526323e+19 4.161105275594542285e+19 4.183843722114847539e+19 4.218458296856576000e+19 4.259966560518375834e+19 4.300220618605553254e+19 4.337904134598808371e+19 4.370821170432473498e+19 4.397533214316650496e+19 4.418756151237149491e+19 3.809704230042199654e+19
4.143766625792711066e+19 4.144538930181525504e+19 4.161105275594541466e+19 4.183843722114846720e+19 4.218458296856574362e+19 4.259966560518375834e+19 4.300220618605553254e+19 4.337904134598807552e+19 4.370821170432474317e+19 4.397533214316650496e+19 4.418756151237150310e+19 3.809704230042199654e+19
4.143766625792710246e+19 4.144538930181527142e+19 4.161105275594542285e+19 4.183843722114846720e+19 4.218458296856574362e+19 4.259966560518375834e+19 4.300220618605554893e+19 4.337904134598805914e+19 4.370821170432475955e+19 4.397533214316650496e+19 4.418756151237150310e+19 3.809704230042198835e+19
4.143766625792711885e+19 4.144538930181526323e+19 4.161105275594541466e+19 4.183843722114846720e+19 4.218458296856576000e+19 4.259966560518376653e+19 4.300220618605555712e+19 4.337904134598805914e+19 4.370821170432475136e+19 4.397533214316651315e+19 4.418756151237148672e+19 3.809704230042199654e+19
4.143766625792715162e+19 4.144538930181525504e+19 4.161105275594542285e+19 4.183843722114846720e+19 4.218458296856576000e+19 4.259966560518376653e+19 4.300220618605557350e+19 4.337904134598803456e+19 4.370821170432476774e+19 4.397533214316652134e+19 4.418756151237147853e+19 3.809704230042199654e+19
4.143766625792714342e+19 4.144538930181523866e+19 4.161105275594543104e+19 4.183843722114845901e+19 4.218458296856576000e+19 4.259966560518376653e+19 4.300220618605557350e+19 4.337904134598803456e+19 4.370821170432477594e+19 4.397533214316651315e+19 4.418756151237148672e+19 3.809704230042200474e+19
4.143766625792714342e+19 4.144538930181524685e+19 4.161105275594543923e+19 4.183843722114845082e+19 4.218458296856575181e+19 4.259966560518377472e+19 4.300220618605558170e+19 4.337904134598805094e+19 4.370821170432478413e+19 4.397533214316651315e+19 4.418756151237149491e+19 3.809704230042200474e+19
4.143766625792715981e+19 4.144538930181525504e+19 4.161105275594544742e+19 4.183843722114846720e+19 4.218458296856574362e+19 4.259966560518378291e+19 4.300220618605557350e+19 4.337904134598804275e+19 4.370821170432480051e+19 4.397533214316651315e+19 4.418756151237147034e+19 3.809704230042199654e+19
4.143766625792717619e+19 4.144538930181524685e+19 4.161105275594544742e+19 4.183843722114847539e+19 4.218458296856574362e+19 4.259966560518378291e+19 4.300220618605556531e+19 4.337904134598805914e+19 4.370821170432479232e+19 4.397533214316652134e+19 4.418756151237147853e+19 3.809704230042198835e+19
4.143766625792715981e+19 4.144538930181523046e+19 4.161105275594545562e+19 4.183843722114847539e+19 4.218458296856574362e+19 4.259966560518378291e+19 4.300220618605557350e+19 4.337904134598805914e+19 4.370821170432480051e+19 4.397533214316650496e+19 4.418756151237147034e+19 3.809704230042198835e+19
4.143766625792715162e+19 4.144538930181520589e+19 4.161105275594544742e+19 4.183843722114847539e+19 4.218458296856574362e+19 4.259966560518378291e+19 4.300220618605558170e+19 4.337904134598805914e+19 4.370821170432480051e+19 4.397533214316650496e+19 4.418756151237147853e+19 3.809704230042199654e+19
4.143766625792714342e+19 4.144538930181519770e+19 4.161105275594543923e+19 4.183843722114846720e+19 4.218458296856573542e+19 4.259966560518378291e+19 4.300220618605559808e+19 4.337904134598808371e+19 4.370821170432481690e+19 4.397533214316650496e+19 4.418756151237147853e+19 3.809704230042199654e+19
4.143766625792711066e+19 4.144538930181520589e+19 4.161105275594544742e+19 4.183843722114845901e+19 4.218458296856573542e+19 4.259966560518379110e+19 4.300220618605560627e+19 4.337904134598805914e+19 4.370821170432480051e+19 4.397533214316650496e+19 4.418756151237147034e+19 3.809704230042198835e+19
4.143766625792711066e+19 4.144538930181520589e+19 4.161105275594543923e+19 4.183843722114846720e+19 4.218458296856574362e+19 4.259966560518379110e+19 4.300220618605560627e+19 4.337904134598803456e+19 4.370821170432480870e+19 4.397533214316650496e+19 4.418756151237146214e+19 3.809704230042198835e+19
4.143766625792711066e+19 4.144538930181518131e+19 4.161105275594543923e+19 4.183843722114846720e+19 4.218458296856574362e+19 4.259966560518379110e+19 4.300220618605559808e+19 4.337904134598807552e+19 4.370821170432480051e+19 4.397533214316651315e+19 4.418756151237150310e+19 3.809704230042198835e+19
4.143766625792712704e+19 4.144538930181518131e+19 4.161105275594543923e+19 4.183843722114847539e+19 4.218458296856575181e+19 4.259966560518379930e+19 4.300220618605558170e+19 4.337904134598805914e+19 4.370821170432480051e+19 4.397533214316652954e+19 4.418756151237151130e+19 3.809704230042198016e+19
4.143766625792713523e+19 4.144538930181515674e+19 4.161105275594543923e+19 4.183843722114848358e+19 4.218458296856576000e+19 4.259966560518379110e+19 4.300220618605557350e+19 4.337904134598805914e+19 4.370821170432478413e+19 4.397533214316653773e+19 4.418756151237151130e+19 3.809704230042198016e+19
4.143766625792713523e+19 4.144538930181516493e+19 4.161105275594543104e+19 4.183843722114849178e+19 4.218458296856576000e+19 4.259966560518379930e+19 4.300220618605558170e+19 4.337904134598806733e+19 4.370821170432478413e+19 4.397533214316654592e+19 4.418756151237150310e+19 3.809704230042198016e+19
4.143766625792714342e+19 4.144538930181517312e+19 4.161105275594543104e+19 4.183843722114849178e+19 4.218458296856576000e+19 4.259966560518379110e+19 4.300220618605557350e+19 4.337904134598806733e+19 4.370821170432478413e+19 4.397533214316656230e+19 4.418756151237149491e+19 3.809704230042198016e+19
4.143766625792713523e+19 4.144538930181516493e+19 4.161105275594543923e+19 4.183843722114849997e+19 4.218458296856575181e+19 4.259966560518379110e+19 4.300220618605556531e+19 4.337904134598810010e+19 4.370821170432478413e+19 4.397533214316656230e+19 4.418756151237148672e+19 3.809704230042198016e+19
4.143766625792713523e+19 4.144538930181516493e+19 4.161105275594543104e+19 4.183843722114849997e+19 4.218458296856575181e+19 4.259966560518379110e+19 4.300220618605556531e+19 4.337904134598809190e+19 4.370821170432476774e+19 4.397533214316656230e+19 4.418756151237147853e+19 3.809704230042197197e+19
4.143766625792712704e+19 4.144538930181515674e+19 4.161105275594542285e+19 4.183843722114850816e+19 4.218458296856575181e+19 4.259966560518378291e+19 4.300220618605555712e+19 4.337904134598808371e+19 4.370821170432475955e+19 4.397533214316658688e+19 4.418756151237147034e+19 3.809704230042197197e+19
4.143766625792714342e+19 4.144538930181515674e+19 4.161105275594542285e+19 4.183843722114850816e+19 4.218458296856574362e+19 4.259966560518379110e+19 4.300220618605556531e+19 4.337904134598808371e+19 4.370821170432475955e+19 4.397533214316658688e+19 4.418756151237145395e+19 3.809704230042197197e+19
4.143766625792715981e+19 4.144538930181514854e+19 4.161105275594542285e+19 4.183843722114850816e+19 4.218458296856575181e+19 4.259966560518378291e+19 4.300220618605555712e+19 4.337904134598806733e+19 4.370821170432476774e+19 4.397533214316661146e+19 4.418756151237147034e+19 3.809704230042197197e+19
4.143766625792717619e+19 4.144538930181514035e+19 4.161105275594542285e+19 4.183843722114851635e+19 4.218458296856575181e+19 4.259966560518378291e+19 4.300220618605556531e+19 4.337904134598805914e+19 4.370821170432476774e+19 4.397533214316660326e+19 4.418756151237147853e+19 3.809704230042197197e+19
4.143766625792717619e+19 4.144538930181514035e+19 4.161105275594541466e+19 4.183843722114850816e+19 4.218458296856575181e+19 4.259966560518378291e+19 4.300220618605556531e+19 4.337904134598805094e+19 4.370821170432475955e+19 4.397533214316661965e+19 4.418756151237147034e+19 3.809704230042197197e+19
4.143766625792715981e+19 4.144538930181515674e+19 4.161105275594540646e+19 4.183843722114850816e+19 4.218458296856574362e+19 4.259966560518378291e+19 4.300220618605555712e+19 4.337904134598806733e+19 4.370821170432475955e+19 4.397533214316661146e+19 4.418756151237148672e+19 3.809704230042198835e+19
4.143766625792713523e+19 4.144538930181514854e+19 4.161105275594541466e+19 4.183843722114851635e+19 4.218458296856574362e+19 4.259966560518378291e+19 4.300220618605554893e+19 4.337904134598805914e+19 4.370821170432476774e+19 4.397533214316661965e+19 4.418756151237148672e+19 3.809704230042198835e+19
4.143766625792715162e+19 4.144538930181516493e+19 4.161105275594540646e+19 4.183843722114850816e+19 4.218458296856574362e+19 4.259966560518378291e+19 4.300220618605551616e+19 4.337904134598806733e+19 4.370821170432475955e+19 4.397533214316662784e+19 4.418756151237147034e+19 3.809704230042198835e+19
4.143766625792714342e+19 4.144538930181516493e+19 4.161105275594540646e+19 4.183843722114851635e+19 4.218458296856573542e+19 4.259966560518379110e+19 4.300220618605551616e+19 4.337904134598806733e+19 4.370821170432475955e+19 4.397533214316663603e+19 4.418756151237147034e+19 3.809704230042199654e+19
4.143766625792714342e+19 4.144538930181513216e+19 4.161105275594540646e+19 4.183843722114851635e+19 4.218458296856574362e+19 4.259966560518378291e+19 4.300220618605549158e+19 4.337904134598807552e+19 4.370821170432476774e+19 4.397533214316661965e+19 4.418756151237146214e+19 3.809704230042199654e+19
4.143766625792714342e+19 4.144538930181512397e+19 4.161105275594539827e+19 4.183843722114851635e+19 4.218458296856574362e+19 4.259966560518378291e+19 4.300220618605548339e+19 4.337904134598805094e+19 4.370821170432475136e+19 4.397533214316662784e+19 4.418756151237147853e+19 3.809704230042199654e+19
4.143766625792715162e+19 4.144538930181512397e+19 4.161105275594541466e+19 4.183843722114851635e+19 4.218458296856575181e+19 4.259966560518378291e+19 4.300220618605547520e+19 4.337904134598805094e+19 4.370821170432474317e+19 4.397533214316661965e+19 4.418756151237147853e+19 3.809704230042200474e+19
4.143766625792711885e+19 4.144538930181514854e+19 4.161105275594539827e+19 4.183843722114850816e+19 4.218458296856575181e+19 4.259966560518379110e+19 4.300220618605547520e+19 4.337904134598806733e+19 4.370821170432474317e+19 4.397533214316662784e+19 4.418756151237149491e+19 3.809704230042200474e+19
4.143766625792712704e+19 4.144538930181514035e+19 4.161105275594539008e+19 4.183843722114851635e+19 4.218458296856576000e+19 4.259966560518379110e+19 4.300220618605549158e+19 4.337904134598805094e+19 4.370821170432475955e+19 4.397533214316661965e+19 4.418756151237148672e+19 3.809704230042201293e+19
4.143766625792711066e+19 4.144538930181512397e+19 4.161105275594539008e+19 4.183843722114850816e+19 4.218458296856576000e+19 4.259966560518379110e+19 4.300220618605547520e+19 4.337904134598803456e+19 4.370821170432475955e+19 4.397533214316663603e+19 4.418756151237147853e+19 3.809704230042200474e+19
4.143766625792711885e+19 4.144538930181514854e+19 4.161105275594539008e+19 4.183843722114849178e+19 4.218458296856577638e+19 4.259966560518378291e+19 4.300220618605548339e+19 4.337904134598803456e+19 4.370821170432476774e+19 4.397533214316663603e+19 4.418756151237147034e+19 3.809704230042201293e+19
4.143766625792712704e+19 4.144538930181514854e+19 4.161105275594539008e+19 4.183843722114849178e+19 4.218458296856578458e+19 4.259966560518378291e+19 4.300220618605546701e+19 4.337904134598802637e+19 4.370821170432475136e+19 4.397533214316665242e+19 4.418756151237147034e+19 3.809704230042200474e+19
4.143766625792712704e+19 4.144538930181515674e+19 4.161105275594539827e+19 4.183843722114849178e+19 4.218458296856577638e+19 4.259966560518378291e+19 4.300220618605546701e+19 4.337904134598800179e+19 4.370821170432475955e+19 4.397533214316665242e+19 4.418756151237147034e+19 3.809704230042200474e+19
4.143766625792714342e+19 4.144538930181515674e+19 4.161105275594539827e+19 4.183843722114849178e+19 4.218458296856577638e+19 4.259966560518378291e+19 4.300220618605547520e+19 4.337904134598801818e+19 4.370821170432474317e+19 4.397533214316663603e+19 4.418756151237146214e+19 3.809704230042200474e+19
4.143766625792712704e+19 4.144538930181517312e+19 4.161105275594539827e+19 4.183843722114849178e+19 4.218458296856577638e+19 4.259966560518378291e+19 4.300220618605547520e+19 4.337904134598800179e+19 4.370821170432473498e+19 4.397533214316663603e+19 4.418756151237144576e+19 3.809704230042199654e+19
4.143766625792713523e+19 4.144538930181516493e+19 4.161105275594539008e+19 4.183843722114849178e+19 4.218458296856577638e+19 4.259966560518379110e+19 4.300220618605549158e+19 4.337904134598800179e+19 4.370821170432473498e+19 4.397533214316662784e+19 4.418756151237143757e+19 3.809704230042199654e+19
4.143766625792715162e+19 4.144538930181514854e+19 4.161105275594539008e+19 4.183843722114849178e+19 4.218458296856578458e+19 4.259966560518379110e+19 4.300220618605549978e+19 4.337904134598800179e+19 4.370821170432473498e+19 4.397533214316662784e+19 4.418756151237145395e+19 3.809704230042198016e+19
4.143766625792714342e+19 4.144538930181513216e+19 4.161105275594540646e+19 4.183843722114848358e+19 4.218458296856577638e+19 4.259966560518378291e+19 4.300220618605549978e+19 4.337904134598799360e+19 4.370821170432474317e+19 4.397533214316661965e+19 4.418756151237146214e+19 3.809704230042198016e+19
4.143766625792712704e+19 4.144538930181512397e+19 4.161105275594541466e+19 4.183843722114848358e+19 4.218458296856577638e+19 4.259966560518377472e+19 4.300220618605548339e+19 4.337904134598797722e+19 4.370821170432473498e+19 4.397533214316661965e+19 4.418756151237145395e+19 3.809704230042199654e+19
4.143766625792713523e+19 4.144538930181510758e+19 4.161105275594543923e+19 4.183843722114848358e+19 4.218458296856576819e+19 4.259966560518377472e+19 4.300220618605549158e+19 4.337904134598796902e+19 4.370821170432473498e+19 4.397533214316661965e+19 4.418756151237146214e+19 3.809704230042198835e+19
4.143766625792713523e+19 4.144538930181511578e+19 4.161105275594542285e+19 4.183843722114849178e+19 4.218458296856576819e+19 4.259966560518378291e+19 4.300220618605550797e+19 4.337904134598796902e+19 4.370821170432472678e+19 4.397533214316662784e+19 4.418756151237147853e+19 3.809704230042199654e+19
4.143766625792713523e+19 4.144538930181511578e+19 4.161105275594542285e+19 4.183843722114849997e+19 4.218458296856576819e+19 4.259966560518378291e+19 4.300220618605551616e+19 4.337904134598796902e+19 4.370821170432473498e+19 4.397533214316662784e+19 4.418756151237147034e+19 3.809704230042199654e+19
4.143766625792712704e+19 4.144538930181512397e+19 4.161105275594540646e+19 4.183843722114849178e+19 4.218458296856576819e+19 4.259966560518378291e+19 4.300220618605554074e+19 4.337904134598795264e+19 4.370821170432471040e+19 4.397533214316662784e+19 4.418756151237147853e+19 3.809704230042200474e+19
4.143766625792713523e+19 4.144538930181509939e+19 4.161105275594540646e+19 4.183843722114849178e+19 4.218458296856576819e+19 4.259966560518377472e+19 4.300220618605554074e+19 4.337904134598795264e+19 4.370821170432471859e+19 4.397533214316662784e+19 4.418756151237149491e+19 3.809704230042199654e+19
4.143766625792714342e+19 4.144538930181510758e+19 4.161105275594540646e+19 4.183843722114848358e+19 4.218458296856577638e+19 4.259966560518378291e+19 4.300220618605555712e+19 4.337904134598792806e+19 4.370821170432470221e+19 4.397533214316661965e+19 4.418756151237147034e+19 3.809704230042199654e+19
4.143766625792713523e+19 4.144538930181510758e+19 4.161105275594540646e+19 4.183843722114847539e+19 4.218458296856577638e+19 4.259966560518378291e+19 4.300220618605555712e+19 4.337904134598791987e+19 4.370821170432470221e+19 4.397533214316661146e+19 4.418756151237147853e+19 3.809704230042198835e+19
4.143766625792715162e+19 4.144538930181511578e+19 4.161105275594542285e+19 4.183843722114845901e+19 4.218458296856578458e+19 4.259966560518378291e+19 4.300220618605556531e+19 4.337904134598792806e+19 4.370821170432469402e+19 4.397533214316661146e+19 4.418756151237147034e+19 3.809704230042199654e+19
4.143766625792713523e+19 4.144538930181510758e+19 4.161105275594542285e+19 4.183843722114845901e+19 4.218458296856578458e+19 4.259966560518377472e+19 4.300220618605557350e+19 4.337904134598795264e+19 4.370821170432469402e+19 4.397533214316661146e+19 4.418756151237146214e+19 3.809704230042198835e+19
4.143766625792712704e+19 4.144538930181510758e+19 4.161105275594542285e+19 4.183843722114847539e+19 4.218458296856580096e+19 4.259966560518377472e+19 4.300220618605556531e+19 4.337904134598795264e+19 4.370821170432469402e+19 4.397533214316661965e+19 4.418756151237148672e+19 3.809704230042199654e+19
4.143766625792712704e+19 4.144538930181513216e+19 4.161105275594543104e+19 4.183843722114846720e+19 4.218458296856580096e+19 4.259966560518378291e+19 4.300220618605555712e+19 4.337904134598795264e+19 4.370821170432468582e+19 4.397533214316660326e+19 4.418756151237147853e+19 3.809704230042199654e+19
4.143766625792714342e+19 4.144538930181513216e+19 4.161105275594543923e+19 4.183843722114847539e+19 4.218458296856580915e+19 4.259966560518377472e+19 4.300220618605555712e+19 4.337904134598795264e+19 4.370821170432469402e+19 4.397533214316661146e+19 4.418756151237146214e+19 3.809704230042198016e+19
4.143766625792714342e+19 4.144538930181513216e+19 4.161105275594543104e+19 4.183843722114846720e+19 4.218458296856579277e+19 4.259966560518379110e+19 4.300220618605555712e+19 4.337904134598794445e+19 4.370821170432466944e+19 4.397533214316659507e+19 4.418756151237144576e+19 3.809704230042198016e+19
4.143766625792715162e+19 4.144538930181512397e+19 4.161105275594543104e+19 4.183843722114847539e+19 4.218458296856579277e+19 4.259966560518378291e+19 4.300220618605555712e+19 4.337904134598794445e+19 4.370821170432466944e+19 4.397533214316660326e+19 4.418756151237144576e+19 3.809704230042198835e+19
4.143766625792715162e+19 4.144538930181511578e+19 4.161105275594543923e+19 4.183843722114847539e+19 4.218458296856578458e+19 4.259966560518379930e+19 4.300220618605556531e+19 4.337904134598794445e+19 4.370821170432469402e+19 4.397533214316657869e+19 4.418756151237145395e+19 3.809704230042198835e+19
4.143766625792715981e+19 4.144538930181510758e+19 4.161105275594543104e+19 4.183843722114849178e+19 4.218458296856577638e+19 4.259966560518380749e+19 4.300220618605556531e+19 4.337904134598794445e+19 4.370821170432471040e+19 4.397533214316659507e+19 4.418756151237144576e+19 3.809704230042198016e+19
4.143766625792717619e+19 4.144538930181511578e+19 4.161105275594543923e+19 4.183843722114849997e+19 4.218458296856577638e+19 4.259966560518380749e+19 4.300220618605559808e+19 4.337904134598793626e+19 4.370821170432470221e+19 4.397533214316658688e+19 4.418756151237144576e+19 3.809704230042198016e+19
4.143766625792715162e+19 4.144538930181512397e+19 4.161105275594544742e+19 4.183843722114849997e+19 4.218458296856577638e+19 4.259966560518381568e+19 4.300220618605561446e+19 4.337904134598792806e+19 4.370821170432469402e+19 4.397533214316659507e+19 4.418756151237145395e+19 3.809704230042198016e+19
4.143766625792713523e+19 4.144538930181512397e+19 4.161105275594543923e+19 4.183843722114849997e+19 4.218458296856577638e+19 4.259966560518381568e+19 4.300220618605562266e+19 4.337904134598793626e+19 4.370821170432468582e+19 4.397533214316658688e+19 4.418756151237145395e+19 3.809704230042198835e+19
4.143766625792713523e+19 4.144538930181514035e+19 4.161105275594545562e+19 4.183843722114849997e+19 4.218458296856577638e+19 4.259966560518379930e+19 4.300220618605563085e+19 4.337904134598794445e+19 4.370821170432468582e+19 4.397533214316656230e+19 4.418756151237144576e+19 3.809704230042198835e+19
4.143766625792714342e+19 4.144538930181514854e+19 4.161105275594543923e+19 4.183843722114849997e+19 4.218458296856577638e+19 4.259966560518379930e+19 4.300220618605563085e+19 4.337904134598794445e+19 4.370821170432469402e+19 4.397533214316656230e+19 4.418756151237145395e+19 3.809704230042198016e+19
4.143766625792714342e+19 4.144538930181516493e+19 4.161105275594545562e+19 4.183843722114849997e+19 4.218458296856577638e+19 4.259966560518379930e+19 4.300220618605563904e+19 4.337904134598796902e+19 4.370821170432468582e+19 4.397533214316657869e+19 4.418756151237146214e+19 3.809704230042198016e+19
4.143766625792715981e+19 4.144538930181518131e+19 4.161105275594545562e+19 4.183843722114850816e+19 4.218458296856579277e+19 4.259966560518379930e+19 4.300220618605564723e+19 4.337904134598796083e+19 4.370821170432469402e+19 4.397533214316658688e+19 4.418756151237146214e+19 3.809704230042198835e+19
4.143766625792717619e+19 4.144538930181515674e+19 4.161105275594546381e+19 4.183843722114849997e+19 4.218458296856579277e+19 4.259966560518381568e+19 4.300220618605563904e+19 4.337904134598796902e+19 4.370821170432468582e+19 4.397533214316657869e+19 4.418756151237142938e+19 3.809704230042198835e+19
4.143766625792715981e+19 4.144538930181515674e+19 4.161105275594545562e+19 4.183843722114849178e+19 4.218458296856579277e+19 4.259966560518381568e+19 4.300220618605563085e+19 4.337904134598796902e+19 4.370821170432469402e+19 4.397533214316659507e+19 4.418756151237143757e+19 3.809704230042198835e+19
4.143766625792715981e+19 4.144538930181514854e+19 4.161105275594546381e+19 4.183843722114848358e+19 4.218458296856579277e+19 4.259966560518382387e+19 4.300220618605561446e+19 4.337904134598796083e+19 4.370821170432469402e+19 4.397533214316660326e+19 4.418756151237142118e+19 3.809704230042199654e+19
4.143766625792715162e+19 4.144538930181517312e+19 4.161105275594545562e+19 4.183843722114849178e+19 4.218458296856580096e+19 4.259966560518383206e+19 4.300220618605560627e+19 4.337904134598793626e+19 4.370821170432469402e+19 4.397533214316660326e+19 4.418756151237142938e+19 3.809704230042198835e+19
4.143766625792717619e+19 4.144538930181516493e+19 4.161105275594545562e+19 4.183843722114849178e+19 4.218458296856579277e+19 4.259966560518383206e+19 4.300220618605558989e+19 4.337904134598794445e+19 4.370821170432469402e+19 4.397533214316659507e+19 4.418756151237144576e+19 3.809704230042199654e+19
4.143766625792717619e+19 4.144538930181515674e+19 4.161105275594544742e+19 4.183843722114849178e+19 4.218458296856579277e+19 4.259966560518384026e+19 4.300220618605558989e+19 4.337904134598794445e+19 4.370821170432467763e+19 4.397533214316661146e+19 4.418756151237145395e+19 3.809704230042199654e+19
4.143766625792715981e+19 4.144538930181514854e+19 4.161105275594545562e+19 4.183843722114850816e+19 4.218458296856578458e+19 4.259966560518383206e+19 4.300220618605558989e+19 4.337904134598793626e+19 4.370821170432466944e+19 4.397533214316661965e+19 4.418756151237144576e+19 3.809704230042202112e+19
4.143766625792715981e+19 4.144538930181514035e+19 4.161105275594546381e+19 4.183843722114849997e+19 4.218458296856577638e+19 4.259966560518383206e+19 4.300220618605559808e+19 4.337904134598795264e+19 4.370821170432467763e+19 4.397533214316662784e+19 4.418756151237142118e+19 3.809704230042202112e+19
4.143766625792717619e+19 4.144538930181514854e+19 4.161105275594545562e+19 4.183843722114850816e+19 4.218458296856577638e+19 4.259966560518382387e+19 4.300220618605560627e+19 4.337904134598793626e+19 4.370821170432466944e+19 4.397533214316661965e+19 4.418756151237140480e+19 3.809704230042202931e+19
4.143766625792716800e+19 4.144538930181514035e+19 4.161105275594544742e+19 4.183843722114850816e+19 4.218458296856577638e+19 4.259966560518381568e+19 4.300220618605561446e+19 4.337904134598793626e+19 4.370821170432468582e+19 4.397533214316661146e+19 4.418756151237140480e+19 3.809704230042202931e+19
4.143766625792716800e+19 4.144538930181513216e+19 4.161105275594544742e+19 4.183843722114850816e+19 4.218458296856576000e+19 4.259966560518380749e+19 4.300220618605562266e+19 4.337904134598792806e+19 4.370821170432466944e+19 4.397533214316661965e+19 4.418756151237140480e+19 3.809704230042203750e+19
4.143766625792717619e+19 4.144538930181512397e+19 4.161105275594543923e+19 4.183843722114850816e+19 4.218458296856575181e+19 4.259966560518379930e+19 4.300220618605563085e+19 4.337904134598792806e+19 4.370821170432466944e+19 4.397533214316662784e+19 4.418756151237139661e+19 3.809704230042203750e+19
4.143766625792717619e+19 4.144538930181514035e+19 4.161105275594543104e+19 4.183843722114850816e+19 4.218458296856575181e+19 4.259966560518379930e+19 4.300220618605565542e+19 4.337904134598791987e+19 4.370821170432466944e+19 4.397533214316661965e+19 4.418756151237140480e+19 3.809704230042202931e+19
4.143766625792717619e+19 4.144538930181514035e+19 4.161105275594542285e+19 4.183843722114850816e+19 4.218458296856576000e+19 4.259966560518379110e+19 4.300220618605566362e+19 4.337904134598791987e+19 4.370821170432466125e+19 4.397533214316661965e+19 4.418756151237140480e+19 3.809704230042202112e+19
4.143766625792718438e+19 4.144538930181513216e+19 4.161105275594542285e+19 4.183843722114850816e+19 4.218458296856576000e+19 4.259966560518379930e+19 4.300220618605564723e+19 4.337904134598792806e+19 4.370821170432465306e+19 4.397533214316661965e+19 4.418756151237141299e+19 3.809704230042202112e+19
4.143766625792718438e+19 4.144538930181513216e+19 4.161105275594542285e+19 4.183843722114853274e+19 4.218458296856576000e+19 4.259966560518379930e+19 4.300220618605565542e+19 4.337904134598791987e+19 4.370821170432465306e+19 4.397533214316663603e+19 4.418756151237138022e+19 3.809704230042201293e+19
4.143766625792720077e+19 4.144538930181511578e+19 4.161105275594540646e+19 4.183843722114853274e+19 4.218458296856576000e+19 4.259966560518379930e+19 4.300220618605568819e+19 4.337904134598791987e+19 4.370821170432466125e+19 4.397533214316664422e+19 4.418756151237138022e+19 3.809704230042201293e+19
4.143766625792720077e+19 4.144538930181513216e+19 4.161105275594541466e+19 4.183843722114852454e+19 4.218458296856576000e+19 4.259966560518379110e+19 4.300220618605568819e+19 4.337904134598791987e+19 4.370821170432466125e+19 4.397533214316663603e+19 4.418756151237138022e+19 3.809704230042202112e+19
4.143766625792723354e+19 4.144538930181513216e+19 4.161105275594543104e+19 4.183843722114853274e+19 4.218458296856576819e+19 4.259966560518379110e+19 4.300220618605569638e+19 4.337904134598791987e+19 4.370821170432466944e+19 4.397533214316663603e+19 4.418756151237138022e+19 3.809704230042203750e+19
4.143766625792724173e+19 4.144538930181514035e+19 4.161105275594543923e+19 4.183843722114854093e+19 4.218458296856577638e+19 4.259966560518379110e+19 4.300220618605571277e+19 4.337904134598791987e+19 4.370821170432467763e+19 4.397533214316662784e+19 4.418756151237138022e+19 3.809704230042202931e+19
4.143766625792722534e+19 4.144538930181513216e+19 4.161105275594543104e+19 4.183843722114854093e+19 4.218458296856579277e+19 4.259966560518379110e+19 4.300220618605571277e+19 4.337904134598791168e+19 4.370821170432466944e+19 4.397533214316661965e+19 4.418756151237136384e+19 3.809704230042202112e+19
4.143766625792722534e+19 4.144538930181513216e+19 4.161105275594541466e+19 4.183843722114854912e+19 4.218458296856579277e+19 4.259966560518379110e+19 4.300220618605569638e+19 4.337904134598791168e+19 4.370821170432465306e+19 4.397533214316661965e+19 4.418756151237136384e+19 3.809704230042202112e+19
4.143766625792722534e+19 4.144538930181513216e+19 4.161105275594541466e+19 4.183843722114855731e+19 4.218458296856579277e+19 4.259966560518378291e+19 4.300220618605569638e+19 4.337904134598789530e+19 4.370821170432463667e+19 4.397533214316661965e+19 4.418756151237137203e+19 3.809704230042202112e+19
4.143766625792723354e+19 4.144538930181511578e+19 4.161105275594543104e+19 4.183843722114855731e+19 4.218458296856579277e+19 4.259966560518379110e+19 4.300220618605571277e+19 4.337904134598790349e+19 4.370821170432462848e+19 4.397533214316661146e+19 4.418756151237135565e+19 3.809704230042202931e+19
4.143766625792722534e+19 4.144538930181509939e+19 4.161105275594543104e+19 4.183843722114855731e+19 4.218458296856580096e+19 4.259966560518379110e+19 4.300220618605570458e+19 4.337904134598787891e+19 4.370821170432463667e+19 4.397533214316661146e+19 4.418756151237135565e+19 3.809704230042202931e+19
4.143766625792724173e+19 4.144538930181509120e+19 4.161105275594541466e+19 4.183843722114856550e+19 4.218458296856580915e+19 4.259966560518379110e+19 4.300220618605571277e+19 4.337904134598788710e+19 4.370821170432463667e+19 4.397533214316661146e+19 4.418756151237135565e+19 3.809704230042204570e+19
4.143766625792725811e+19 4.144538930181508301e+19 4.161105275594542285e+19 4.183843722114858189e+19 4.218458296856580915e+19 4.259966560518379110e+19 4.300220618605571277e+19 4.337904134598788710e+19 4.370821170432464486e+19 4.397533214316660326e+19 4.418756151237135565e+19 3.809704230042204570e+19
4.143766625792726630e+19 4.144538930181507482e+19 4.161105275594542285e+19 4.183843722114859008e+19 4.218458296856579277e+19 4.259966560518379930e+19 4.300220618605571277e+19 4.337904134598789530e+19 4.370821170432463667e+19 4.397533214316658688e+19 4.418756151237134746e+19 3.809704230042204570e+19
4.143766625792725811e+19 4.144538930181508301e+19 4.161105275594542285e+19 4.183843722114859008e+19 4.218458296856579277e+19 4.259966560518379930e+19 4.300220618605573734e+19 4.337904134598789530e+19 4.370821170432463667e+19 4.397533214316658688e+19 4.418756151237134746e+19 3.809704230042204570e+19
4.143766625792724173e+19 4.144538930181506662e+19 4.161105275594542285e+19 4.183843722114859008e+19 4.218458296856580096e+19 4.259966560518379930e+19 4.300220618605573734e+19 4.337904134598789530e+19 4.370821170432462848e+19 4.397533214316655411e+19 4.418756151237133926e+19 3.809704230042204570e+19
4.143766625792724992e+19 4.144538930181509939e+19 4.161105275594542285e+19 4.183843722114858189e+19 4.218458296856580915e+19 4.259966560518379930e+19 4.300220618605572915e+19 4.337904134598787891e+19 4.370821170432462029e+19 4.397533214316655411e+19 4.418756151237133926e+19 3.809704230042203750e+19
4.143766625792723354e+19 4.144538930181509120e+19 4.161105275594541466e+19 4.183843722114857370e+19 4.218458296856580915e+19 4.259966560518379930e+19 4.300220618605573734e+19 4.337904134598787072e+19 4.370821170432461210e+19 4.397533214316655411e+19 4.418756151237133107e+19 3.809704230042202931e+19
4.143766625792722534e+19 4.144538930181509939e+19 4.161105275594540646e+19 4.183843722114859008e+19 4.218458296856580096e+19 4.259966560518379930e+19 4.300220618605573734e+19 4.337904134598787072e+19 4.370821170432460390e+19 4.397533214316656230e+19 4.418756151237133107e+19 3.809704230042203750e+19
4.143766625792723354e+19 4.144538930181510758e+19 4.161105275594539008e+19 4.183843722114859827e+19 4.218458296856579277e+19 4.259966560518379110e+19 4.300220618605571277e+19 4.337904134598786253e+19 4.370821170432460390e+19 4.397533214316657869e+19 4.418756151237133926e+19 3.809704230042202931e+19
4.143766625792724173e+19 4.144538930181509939e+19 4.161105275594539008e+19 4.183843722114859008e+19 4.218458296856579277e+19 4.259966560518379110e+19 4.300220618605571277e+19 4.337904134598786253e+19 4.370821170432459571e+19 4.397533214316657050e+19 4.418756151237131469e+19 3.809704230042203750e+19
4.143766625792724992e+19 4.144538930181508301e+19 4.161105275594538189e+19 4.183843722114859827e+19 4.218458296856580096e+19 4.259966560518379110e+19 4.300220618605571277e+19 4.337904134598785434e+19 4.370821170432461210e+19 4.397533214316657869e+19 4.418756151237132288e+19 3.809704230042202931e+19
4.143766625792724173e+19 4.144538930181508301e+19 4.161105275594538189e+19 4.183843722114861466e+19 4.218458296856580096e+19 4.259966560518379110e+19 4.300220618605569638e+19 4.337904134598783795e+19 4.370821170432462029e+19 4.397533214316657050e+19 4.418756151237133107e+19 3.809704230042202931e+19
4.143766625792724173e+19 4.144538930181508301e+19 4.161105275594538189e+19 4.183843722114860646e+19 4.218458296856580915e+19 4.259966560518379110e+19 4.300220618605571277e+19 4.337904134598783795e+19 4.370821170432462848e+19 4.397533214316657869e+19 4.418756151237133107e+19 3.809704230042201293e+19
4.143766625792723354e+19 4.144538930181507482e+19 4.161105275594538189e+19 4.183843722114860646e+19 4.218458296856579277e+19 4.259966560518379110e+19 4.300220618605572915e+19 4.337904134598782976e+19 4.370821170432462029e+19 4.397533214316660326e+19 4.418756151237131469e+19 3.809704230042202112e+19
4.143766625792724173e+19 4.144538930181507482e+19 4.161105275594538189e+19 4.183843722114860646e+19 4.218458296856579277e+19 4.259966560518379110e+19 4.300220618605572915e+19 4.337904134598783795e+19 4.370821170432461210e+19 4.397533214316660326e+19 4.418756151237131469e+19 3.809704230042202931e+19
4.143766625792723354e+19 4.144538930181506662e+19 4.161105275594538189e+19 4.183843722114859827e+19 4.218458296856580915e+19 4.259966560518378291e+19 4.300220618605572096e+19 4.337904134598783795e+19 4.370821170432461210e+19 4.397533214316660326e+19 4.418756151237130650e+19 3.809704230042202931e+19
4.143766625792724992e+19 4.144538930181505843e+19 4.161105275594538189e+19 4.183843722114858189e+19 4.218458296856580915e+19 4.259966560518378291e+19 4.300220618605572915e+19 4.337904134598784614e+19 4.370821170432459571e+19 4.397533214316660326e+19 4.418756151237129011e+19 3.809704230042202931e+19
4.143766625792724992e+19 4.144538930181505024e+19 4.161105275594538189e+19 4.183843722114857370e+19 4.218458296856580096e+19 4.259966560518378291e+19 4.300220618605574554e+19 4.337904134598784614e+19 4.370821170432460390e+19 4.397533214316659507e+19 4.418756151237129830e+19 3.809704230042203750e+19
4.143766625792726630e+19 4.144538930181505024e+19 4.161105275594538189e+19 4.183843722114857370e+19 4.218458296856580915e+19 4.259966560518377472e+19 4.300220618605576192e+19 4.337904134598784614e+19 4.370821170432459571e+19 4.397533214316658688e+19 4.418756151237131469e+19 3.809704230042203750e+19
4.143766625792725811e+19 4.144538930181504205e+19 4.161105275594538189e+19 4.183843722114856550e+19 4.218458296856581734e+19 4.259966560518377472e+19 4.300220618605574554e+19 4.337904134598783795e+19 4.370821170432460390e+19 4.397533214316658688e+19 4.418756151237131469e+19 3.809704230042203750e+19
4.143766625792724173e+19 4.144538930181505843e+19 4.161105275594538189e+19 4.183843722114856550e+19 4.218458296856580096e+19 4.259966560518376653e+19 4.300220618605573734e+19 4.337904134598782157e+19 4.370821170432459571e+19 4.397533214316657869e+19 4.418756151237133926e+19 3.809704230042204570e+19
4.143766625792724173e+19 4.144538930181505024e+19 4.161105275594538189e+19 4.183843722114855731e+19 4.218458296856579277e+19 4.259966560518376653e+19 4.300220618605572096e+19 4.337904134598781338e+19 4.370821170432458752e+19 4.397533214316659507e+19 4.418756151237133107e+19 3.809704230042204570e+19
4.143766625792724173e+19 4.144538930181505024e+19 4.161105275594538189e+19 4.183843722114855731e+19 4.218458296856579277e+19 4.259966560518376653e+19 4.300220618605571277e+19 4.337904134598779699e+19 4.370821170432457114e+19 4.397533214316660326e+19 4.418756151237132288e+19 3.809704230042205389e+19
4.143766625792724173e+19 4.144538930181506662e+19 4.161105275594538189e+19 4.183843722114857370e+19 4.218458296856578458e+19 4.259966560518376653e+19 4.300220618605572915e+19 4.337904134598778880e+19 4.370821170432458752e+19 4.397533214316661965e+19 4.418756151237131469e+19 3.809704230042204570e+19
4.143766625792721715e+19 4.144538930181506662e+19 4.161105275594538189e+19 4.183843722114856550e+19 4.218458296856579277e+19 4.259966560518377472e+19 4.300220618605574554e+19 4.337904134598776422e+19 4.370821170432458752e+19 4.397533214316661146e+19 4.418756151237131469e+19 3.809704230042204570e+19
4.143766625792720077e+19 4.144538930181506662e+19 4.161105275594538189e+19 4.183843722114855731e+19 4.218458296856579277e+19 4.259966560518376653e+19 4.300220618605572915e+19 4.337904134598776422e+19 4.370821170432458752e+19 4.397533214316661146e+19 4.418756151237129830e+19 3.809704230042205389e+19
4.143766625792720077e+19 4.144538930181505843e+19 4.161105275594538189e+19 4.183843722114855731e+19 4.218458296856580096e+19 4.259966560518376653e+19 4.300220618605572915e+19 4.337904134598776422e+19 4.370821170432460390e+19 4.397533214316660326e+19 4.418756151237131469e+19 3.809704230042205389e+19
4.143766625792720896e+19 4.144538930181505843e+19 4.161105275594538189e+19 4.183843722114855731e+19 4.218458296856580915e+19 4.259966560518375834e+19 4.300220618605572096e+19 4.337904134598775603e+19 4.370821170432460390e+19 4.397533214316661146e+19 4.418756151237130650e+19 3.809704230042206208e+19
4.143766625792721715e+19 4.144538930181504205e+19 4.161105275594538189e+19 4.183843722114854912e+19 4.218458296856580915e+19 4.259966560518375834e+19 4.300220618605571277e+19 4.337904134598775603e+19 4.370821170432462029e+19 4.397533214316663603e+19 4.418756151237130650e+19 3.809704230042207027e+19
4.143766625792721715e+19 4.144538930181504205e+19 4.161105275594538189e+19 4.183843722114854093e+19 4.218458296856580096e+19 4.259966560518375834e+19 4.300220618605571277e+19 4.337904134598773965e+19 4.370821170432462029e+19 4.397533214316663603e+19 4.418756151237130650e+19 3.809704230042206208e+19
4.143766625792720077e+19 4.144538930181504205e+19 4.161105275594538189e+19 4.183843722114854093e+19 4.218458296856580915e+19 4.259966560518375834e+19 4.300220618605573734e+19 4.337904134598774784e+19 4.370821170432462848e+19 4.397533214316662784e+19 4.418756151237128192e+19 3.809704230042206208e+19
4.143766625792719258e+19 4.144538930181504205e+19 4.161105275594538189e+19 4.183843722114852454e+19 4.218458296856580915e+19 4.259966560518375834e+19 4.300220618605572915e+19 4.337904134598773965e+19 4.370821170432463667e+19 4.397533214316660326e+19 4.418756151237128192e+19 3.809704230042207027e+19
4.143766625792718438e+19 4.144538930181505843e+19 4.161105275594538189e+19 4.183843722114852454e+19 4.218458296856580915e+19 4.259966560518376653e+19 4.300220618605573734e+19 4.337904134598774784e+19 4.370821170432463667e+19 4.397533214316661965e+19 4.418756151237129830e+19 3.809704230042207027e+19
4.143766625792717619e+19 4.144538930181506662e+19 4.161105275594538189e+19 4.183843722114854093e+19 4.218458296856579277e+19 4.259966560518376653e+19 4.300220618605573734e+19 4.337904134598772326e+19 4.370821170432464486e+19 4.397533214316661965e+19 4.418756151237129011e+19 3.809704230042207027e+19
4.143766625792719258e+19 4.144538930181506662e+19 4.161105275594538189e+19 4.183843722114852454e+19 4.218458296856579277e+19 4.259966560518376653e+19 4.300220618605573734e+19 4.337904134598772326e+19 4.370821170432466125e+19 4.397533214316661965e+19 4.418756151237127373e+19 3.809704230042207027e+19
4.143766625792717619e+19 4.144538930181505843e+19 4.161105275594538189e+19 4.183843722114852454e+19 4.218458296856577638e+19 4.259966560518375834e+19 4.300220618605572915e+19 4.337904134598771507e+19 4.370821170432465306e+19 4.397533214316661965e+19 4.418756151237126554e+19 3.809704230042207027e+19
4.143766625792715981e+19 4.144538930181507482e+19 4.161105275594538189e+19 4.183843722114854093e+19 4.218458296856577638e+19 4.259966560518376653e+19 4.300220618605573734e+19 4.337904134598771507e+19 4.370821170432466125e+19 4.397533214316663603e+19 4.418756151237125734e+19 3.809704230042207027e+19
4.143766625792713523e+19 4.144538930181505843e+19 4.161105275594538189e+19 4.183843722114854912e+19 4.218458296856579277e+19 4.259966560518375834e+19 4.300220618605572915e+19 4.337904134598772326e+19 4.370821170432466125e+19 4.397533214316662784e+19 4.418756151237126554e+19 3.809704230042206208e+19
4.143766625792714342e+19 4.144538930181506662e+19 4.161105275594538189e+19 4.183843722114854912e+19 4.218458296856577638e+19 4.259966560518376653e+19 4.300220618605572915e+19 4.337904134598771507e+19 4.370821170432466125e+19 4.397533214316662784e+19 4.418756151237126554e+19 3.809704230042207027e+19
4.143766625792715981e+19 4.144538930181506662e+19 4.161105275594538189e+19 4.183843722114856550e+19 4.218458296856576819e+19 4.259966560518377472e+19 4.300220618605574554e+19 4.337904134598772326e+19 4.370821170432463667e+19 4.397533214316664422e+19 4.418756151237125734e+19 3.809704230042207027e+19
4.143766625792716800e+19 4.144538930181506662e+19 4.161105275594538189e+19 4.183843722114858189e+19 4.218458296856576819e+19 4.259966560518377472e+19 4.300220618605574554e+19 4.337904134598774784e+19 4.370821170432464486e+19 4.397533214316665242e+19 4.418756151237124915e+19 3.809704230042206208e+19
4.143766625792717619e+19 4.144538930181505843e+19 4.161105275594538189e+19 4.183843722114859008e+19 4.218458296856576819e+19 4.259966560518378291e+19 4.300220618605575373e+19 4.337904134598774784e+19 4.370821170432462848e+19 4.397533214316666061e+19 4.418756151237124915e+19 3.809704230042207027e+19
4.143766625792717619e+19 4.144538930181507482e+19 4.161105275594538189e+19 4.183843722114858189e+19 4.218458296856576819e+19 4.259966560518378291e+19 4.300220618605577830e+19 4.337904134598773965e+19 4.370821170432462029e+19 4.397533214316664422e+19 4.418756151237124915e+19 3.809704230042207027e+19
4.143766625792720896e+19 4.144538930181509939e+19 4.161105275594538189e+19 4.183843722114858189e+19 4.218458296856577638e+19 4.259966560518378291e+19 4.300220618605578650e+19 4.337904134598776422e+19 4.370821170432463667e+19 4.397533214316664422e+19 4.418756151237124915e+19 3.809704230042206208e+19
4.143766625792719258e+19 4.144538930181509120e+19 4.161105275594538189e+19 4.183843722114858189e+19 4.218458296856577638e+19 4.259966560518379110e+19 4.300220618605577830e+19 4.337904134598777242e+19 4.370821170432464486e+19 4.397533214316664422e+19 4.418756151237125734e+19 3.809704230042205389e+19
4.143766625792718438e+19 4.144538930181509120e+19 4.161105275594538189e+19 4.183843722114858189e+19 4.218458296856577638e+19 4.259966560518379110e+19 4.300220618605579469e+19 4.337904134598777242e+19 4.370821170432462848e+19 4.397533214316664422e+19 4.418756151237124915e+19 3.809704230042205389e+19
4.143766625792715981e+19 4.144538930181509939e+19 4.161105275594538189e+19 4.183843722114858189e+19 4.218458296856577638e+19 4.259966560518379930e+19 4.300220618605578650e+19 4.337904134598778880e+19 4.370821170432464486e+19 4.397533214316664422e+19 4.418756151237124096e+19 3.809704230042206208e+19
4.143766625792715981e+19 4.144538930181510758e+19 4.161105275594538189e+19 4.183843722114856550e+19 4.218458296856577638e+19 4.259966560518379930e+19 4.300220618605577830e+19 4.337904134598777242e+19 4.370821170432463667e+19 4.397533214316663603e+19 4.418756151237124915e+19 3.809704230042206208e+19
4.143766625792718438e+19 4.144538930181510758e+19 4.161105275594538189e+19 4.183843722114855731e+19 4.218458296856577638e+19 4.259966560518379930e+19 4.300220618605577011e+19 4.337904134598778880e+19 4.370821170432466125e+19 4.397533214316663603e+19 4.418756151237124915e+19 3.809704230042206208e+19
4.143766625792718438e+19 4.144538930181511578e+19 4.161105275594538189e+19 4.183843722114854912e+19 4.218458296856577638e+19 4.259966560518380749e+19 4.300220618605577830e+19 4.337904134598781338e+19 4.370821170432465306e+19 4.397533214316661965e+19 4.418756151237122458e+19 3.809704230042207027e+19
4.143766625792716800e+19 4.144538930181511578e+19 4.161105275594538189e+19 4.183843722114854912e+19 4.218458296856576819e+19 4.259966560518381568e+19 4.300220618605577830e+19 4.337904134598781338e+19 4.370821170432464486e+19 4.397533214316661146e+19 4.418756151237122458e+19 3.809704230042207027e+19
4.143766625792715162e+19 4.144538930181512397e+19 4.161105275594538189e+19 4.183843722114854912e+19 4.218458296856576000e+19 4.259966560518380749e+19 4.300220618605575373e+19 4.337904134598781338e+19 4.370821170432464486e+19 4.397533214316659507e+19 4.418756151237123277e+19 3.809704230042207027e+19
4.143766625792715162e+19 4.144538930181510758e+19 4.161105275594538189e+19 4.183843722114854093e+19 4.218458296856576000e+19 4.259966560518381568e+19 4.300220618605572915e+19 4.337904134598782976e+19 4.370821170432463667e+19 4.397533214316660326e+19 4.418756151237123277e+19 3.809704230042207846e+19
4.143766625792715162e+19 4.144538930181511578e+19 4.161105275594538189e+19 4.183843722114854912e+19 4.218458296856576000e+19 4.259966560518380749e+19 4.300220618605571277e+19 4.337904134598783795e+19 4.370821170432463667e+19 4.397533214316660326e+19 4.418756151237121638e+19 3.809704230042208666e+19
4.143766625792715162e+19 4.144538930181510758e+19 4.161105275594538189e+19 4.183843722114854912e+19 4.218458296856576819e+19 4.259966560518380749e+19 4.300220618605572096e+19 4.337904134598784614e+19 4.370821170432464486e+19 4.397533214316660326e+19 4.418756151237121638e+19 3.809704230042208666e+19
4.143766625792715981e+19 4.144538930181511578e+19 4.161105275594538189e+19 4.183843722114854093e+19 4.218458296856576000e+19 4.259966560518380749e+19 4.300220618605571277e+19 4.337904134598783795e+19 4.370821170432464486e+19 4.397533214316659507e+19 4.418756151237120819e+19 3.809704230042208666e+19
4.143766625792715981e+19 4.144538930181510758e+19 4.161105275594538189e+19 4.183843722114854912e+19 4.218458296856576819e+19 4.259966560518380749e+19 4.300220618605572915e+19 4.337904134598783795e+19 4.370821170432463667e+19 4.397533214316659507e+19 4.418756151237120819e+19 3.809704230042208666e+19
4.143766625792717619e+19 4.144538930181509939e+19 4.161105275594538189e+19 4.183843722114855731e+19 4.218458296856577638e+19 4.259966560518380749e+19 4.300220618605571277e+19 4.337904134598784614e+19 4.370821170432465306e+19 4.397533214316658688e+19 4.418756151237120000e+19 3.809704230042209485e+19
4.143766625792716800e+19 4.144538930181510758e+19 4.161105275594538189e+19 4.183843722114855731e+19 4.218458296856577638e+19 4.259966560518379930e+19 4.300220618605572096e+19 4.337904134598784614e+19 4.370821170432465306e+19 4.397533214316658688e+19 4.418756151237120000e+19 3.809704230042210304e+19
4.143766625792717619e+19 4.144538930181509939e+19 4.161105275594538189e+19 4.183843722114854093e+19 4.218458296856577638e+19 4.259966560518379930e+19 4.300220618605568819e+19 4.337904134598786253e+19 4.370821170432466125e+19 4.397533214316659507e+19 4.418756151237120000e+19 3.809704230042210304e+19
4.143766625792717619e+19 4.144538930181509939e+19 4.161105275594538189e+19 4.183843722114855731e+19 4.218458296856578458e+19 4.259966560518380749e+19 4.300220618605569638e+19 4.337904134598787891e+19 4.370821170432466125e+19 4.397533214316660326e+19 4.418756151237120819e+19 3.809704230042210304e+19
4.143766625792717619e+19 4.144538930181510758e+19 4.161105275594538189e+19 4.183843722114855731e+19 4.218458296856579277e+19 4.259966560518379930e+19 4.300220618605568000e+19 4.337904134598788710e+19 4.370821170432465306e+19 4.397533214316659507e+19 4.418756151237120000e+19 3.809704230042211123e+19
4.143766625792717619e+19 4.144538930181512397e+19 4.161105275594538189e+19 4.183843722114855731e+19 4.218458296856577638e+19 4.259966560518379930e+19 4.300220618605569638e+19 4.337904134598788710e+19 4.370821170432465306e+19 4.397533214316659507e+19 4.418756151237120000e+19 3.809704230042209485e+19
4.143766625792716800e+19 4.144538930181512397e+19 4.161105275594538189e+19 4.183843722114855731e+19 4.218458296856577638e+19 4.259966560518379930e+19 4.300220618605571277e+19 4.337904134598787891e+19 4.370821170432465306e+19 4.397533214316661965e+19 4.418756151237119181e+19 3.809704230042210304e+19
4.143766625792717619e+19 4.144538930181512397e+19 4.161105275594538189e+19 4.183843722114857370e+19 4.218458296856577638e+19 4.259966560518379930e+19 4.300220618605571277e+19 4.337904134598788710e+19 4.370821170432463667e+19 4.397533214316661146e+19 4.418756151237120000e+19 3.809704230042211123e+19
4.143766625792719258e+19 4.144538930181513216e+19 4.161105275594538189e+19 4.183843722114856550e+19 4.218458296856578458e+19 4.259966560518380749e+19 4.300220618605571277e+19 4.337904134598788710e+19 4.370821170432462848e+19 4.397533214316663603e+19 4.418756151237118362e+19 3.809704230042211123e+19
4.143766625792720077e+19 4.144538930181511578e+19 4.161105275594538189e+19 4.183843722114856550e+19 4.218458296856578458e+19 4.259966560518379930e+19 4.300220618605571277e+19 4.337904134598790349e+19 4.370821170432462848e+19 4.397533214316664422e+19 4.418756151237119181e+19 3.809704230042211123e+19
4.143766625792720896e+19 4.144538930181512397e+19 4.161105275594538189e+19 4.183843722114855731e+19 4.218458296856577638e+19 4.259966560518379930e+19 4.300220618605572915e+19 4.337904134598789530e+19 4.370821170432463667e+19 4.397533214316662784e+19 4.418756151237119181e+19 3.809704230042211123e+19
4.143766625792721715e+19 4.144538930181512397e+19 4.161105275594538189e+19 4.183843722114855731e+19 4.218458296856577638e+19 4.259966560518379930e+19 4.300220618605574554e+19 4.337904134598789530e+19 4.370821170432464486e+19 4.397533214316662784e+19 4.418756151237120000e+19 3.809704230042211123e+19
4.143766625792721715e+19 4.144538930181513216e+19 4.161105275594538189e+19 4.183843722114857370e+19 4.218458296856577638e+19 4.259966560518379930e+19 4.300220618605573734e+19 4.337904134598791987e+19 4.370821170432462029e+19 4.397533214316661965e+19 4.418756151237119181e+19 3.809704230042209485e+19
4.143766625792721715e+19 4.144538930181511578e+19 4.161105275594538189e+19 4.183843722114857370e+19 4.218458296856578458e+19 4.259966560518379930e+19 4.300220618605572915e+19 4.337904134598790349e+19 4.370821170432462029e+19 4.397533214316663603e+19 4.418756151237119181e+19 3.809704230042210304e+19
4.143766625792721715e+19 4.144538930181511578e+19 4.161105275594538189e+19 4.183843722114856550e+19 4.218458296856578458e+19 4.259966560518378291e+19 4.300220618605572096e+19 4.337904134598791987e+19 4.370821170432462029e+19 4.397533214316663603e+19 4.418756151237118362e+19 3.809704230042209485e+19
4.143766625792721715e+19 4.144538930181511578e+19 4.161105275594538189e+19 4.183843722114856550e+19 4.218458296856578458e+19 4.259966560518379110e+19 4.300220618605572915e+19 4.337904134598790349e+19 4.370821170432463667e+19 4.397533214316662784e+19 4.418756151237117542e+19 3.809704230042210304e+19
4.143766625792722534e+19 4.144538930181510758e+19 4.161105275594538189e+19 4.183843722114855731e+19 4.218458296856579277e+19 4.259966560518379930e+19 4.300220618605573734e+19 4.337904134598789530e+19 4.370821170432464486e+19 4.397533214316661146e+19 4.418756151237117542e+19 3.809704230042210304e+19
4.143766625792721715e+19 4.144538930181510758e+19 4.161105275594538189e+19 4.183843722114855731e+19 4.218458296856578458e+19 4.259966560518379930e+19 4.300220618605574554e+19 4.337904134598790349e+19 4.370821170432464486e+19 4.397533214316661965e+19 4.418756151237115904e+19 3.809704230042210304e+19
4.143766625792721715e+19 4.144538930181509939e+19 4.161105275594538189e+19 4.183843722114854912e+19 4.218458296856578458e+19 4.259966560518379930e+19 4.300220618605575373e+19 4.337904134598790349e+19 4.370821170432464486e+19 4.397533214316661146e+19 4.418756151237114266e+19 3.809704230042210304e+19
4.143766625792722534e+19 4.144538930181509120e+19 4.161105275594538189e+19 4.183843722114854093e+19 4.218458296856577638e+19 4.259966560518379930e+19 4.300220618605576192e+19 4.337904134598789530e+19 4.370821170432465306e+19 4.397533214316659507e+19 4.418756151237113446e+19 3.809704230042209485e+19
4.143766625792721715e+19 4.144538930181508301e+19 4.161105275594538189e+19 4.183843722114854093e+19 4.218458296856577638e+19 4.259966560518379930e+19 4.300220618605577011e+19 4.337904134598790349e+19 4.370821170432466125e+19 4.397533214316658688e+19 4.418756151237114266e+19 3.809704230042209485e+19
4.143766625792721715e+19 4.144538930181511578e+19 4.161105275594538189e+19 4.183843722114854093e+19 4.218458296856577638e+19 4.259966560518379110e+19 4.300220618605577011e+19 4.337904134598791168e+19 4.370821170432467763e+19 4.397533214316657869e+19 4.418756151237115085e+19 3.809704230042208666e+19
4.143766625792720896e+19 4.144538930181511578e+19 4.161105275594538189e+19 4.183843722114853274e+19 4.218458296856577638e+19 4.259966560518379930e+19 4.300220618605576192e+19 4.337904134598791168e+19 4.370821170432466125e+19 4.397533214316658688e+19 4.418756151237114266e+19 3.809704230042209485e+19
4.143766625792720077e+19 4.144538930181512397e+19 4.161105275594538189e+19 4.183843722114854093e+19 4.218458296856576819e+19 4.259966560518379110e+19 4.300220618605574554e+19 4.337904134598792806e+19 4.370821170432467763e+19 4.397533214316657869e+19 4.418756151237114266e+19 3.809704230042209485e+19
4.143766625792719258e+19 4.144538930181513216e+19 4.161105275594538189e+19 4.183843722114853274e+19 4.218458296856576819e+19 4.259966560518379110e+19 4.300220618605573734e+19 4.337904134598793626e+19 4.370821170432466125e+19 4.397533214316657050e+19 4.418756151237114266e+19 3.809704230042209485e+19
4.143766625792720077e+19 4.144538930181514854e+19 4.161105275594538189e+19 4.183843722114852454e+19 4.218458296856576819e+19 4.259966560518378291e+19 4.300220618605574554e+19 4.337904134598792806e+19 4.370821170432466944e+19 4.397533214316657050e+19 4.418756151237112627e+19 3.809704230042210304e+19
4.143766625792719258e+19 4.144538930181514854e+19 4.161105275594538189e+19 4.183843722114853274e+19 4.218458296856576819e+19 4.259966560518378291e+19 4.300220618605575373e+19 4.337904134598793626e+19 4.370821170432466944e+19 4.397533214316657869e+19 4.418756151237112627e+19 3.809704230042210304e+19
4.143766625792719258e+19 4.144538930181514035e+19 4.161105275594538189e+19 4.183843722114852454e+19 4.218458296856576819e+19 4.259966560518378291e+19 4.300220618605577011e+19 4.337904134598793626e+19 4.370821170432467763e+19 4.397533214316657050e+19 4.418756151237112627e+19 3.809704230042210304e+19
4.143766625792720896e+19 4.144538930181515674e+19 4.161105275594538189e+19 4.183843722114852454e+19 4.218458296856576819e+19 4.259966560518379930e+19 4.300220618605577011e+19 4.337904134598795264e+19 4.370821170432468582e+19 4.397533214316657050e+19 4.418756151237110989e+19 3.809704230042209485e+19
4.143766625792720077e+19 4.144538930181514035e+19 4.161105275594538189e+19 4.183843722114852454e+19 4.218458296856576000e+19 4.259966560518379930e+19 4.300220618605575373e+19 4.337904134598791168e+19 4.370821170432466944e+19 4.397533214316657869e+19 4.418756151237112627e+19 3.809704230042210304e+19
4.143766625792720896e+19 4.144538930181514854e+19 4.161105275594538189e+19 4.183843722114851635e+19 4.218458296856576819e+19 4.259966560518379930e+19 4.300220618605576192e+19 4.337904134598791987e+19 4.370821170432466125e+19 4.397533214316658688e+19 4.418756151237111808e+19 3.809704230042211123e+19
4.143766625792720896e+19 4.144538930181513216e+19 4.161105275594538189e+19 4.183843722114850816e+19 4.218458296856577638e+19 4.259966560518379930e+19 4.300220618605575373e+19 4.337904134598789530e+19 4.370821170432466125e+19 4.397533214316657869e+19 4.418756151237110170e+19 3.809704230042210304e+19
4.143766625792721715e+19 4.144538930181512397e+19 4.161105275594538189e+19 4.183843722114849178e+19 4.218458296856576819e+19 4.259966560518379110e+19 4.300220618605574554e+19 4.337904134598789530e+19 4.370821170432464486e+19 4.397533214316657869e+19 4.418756151237110170e+19 3.809704230042210304e+19
4.143766625792722534e+19 4.144538930181512397e+19 4.161105275594538189e+19 4.183843722114849178e+19 4.218458296856578458e+19 4.259966560518378291e+19 4.300220618605575373e+19 4.337904134598787891e+19 4.370821170432466125e+19 4.397533214316657050e+19 4.418756151237111808e+19 3.809704230042209485e+19
4.143766625792721715e+19 4.144538930181514854e+19 4.161105275594538189e+19 4.183843722114849178e+19 4.218458296856578458e+19 4.259966560518379930e+19 4.300220618605577011e+19 4.337904134598788710e+19 4.370821170432466125e+19 4.397533214316657050e+19 4.418756151237110170e+19 3.809704230042209485e+19
4.143766625792721715e+19 4.144538930181514035e+19 4.161105275594538189e+19 4.183843722114847539e+19 4.218458296856579277e+19 4.259966560518379110e+19 4.300220618605575373e+19 4.337904134598789530e+19 4.370821170432466125e+19 4.397533214316657050e+19 4.418756151237110989e+19 3.809704230042209485e+19
4.143766625792720896e+19 4.144538930181514854e+19 4.161105275594538189e+19 4.183843722114847539e+19 4.218458296856579277e+19 4.259966560518378291e+19 4.300220618605577011e+19 4.337904134598788710e+19 4.370821170432467763e+19 4.397533214316656230e+19 4.418756151237111808e+19 3.809704230042207846e+19
4.143766625792720896e+19 4.144538930181513216e+19 4.161105275594538189e+19 4.183843722114848358e+19 4.218458296856579277e+19 4.259966560518379110e+19 4.300220618605577011e+19 4.337904134598786253e+19 4.370821170432466125e+19 4.397533214316657050e+19 4.418756151237110170e+19 3.809704230042207846e+19
4.143766625792721715e+19 4.144538930181514035e+19 4.161105275594538189e+19 4.183843722114848358e+19 4.218458296856580096e+19 4.259966560518378291e+19 4.300220618605576192e+19 4.337904134598787891e+19 4.370821170432466944e+19 4.397533214316657869e+19 4.418756151237107712e+19 3.809704230042207846e+19
4.143766625792722534e+19 4.144538930181513216e+19 4.161105275594538189e+19 4.183843722114849178e+19 4.218458296856580915e+19 4.259966560518378291e+19 4.300220618605575373e+19 4.337904134598787072e+19 4.370821170432466944e+19 4.397533214316657050e+19 4.418756151237109350e+19 3.809704230042207027e+19
4.143766625792722534e+19 4.144538930181512397e+19 4.161105275594538189e+19 4.183843722114849997e+19 4.218458296856580915e+19 4.259966560518378291e+19 4.300220618605576192e+19 4.337904134598785434e+19 4.370821170432466125e+19 4.397533214316658688e+19 4.418756151237110170e+19 3.809704230042207027e+19
4.143766625792722534e+19 4.144538930181514035e+19 4.161105275594538189e+19 4.183843722114849178e+19 4.218458296856581734e+19 4.259966560518378291e+19 4.300220618605576192e+19 4.337904134598786253e+19 4.370821170432466125e+19 4.397533214316658688e+19 4.418756151237110170e+19 3.809704230042206208e+19
4.143766625792723354e+19 4.144538930181514035e+19 4.161105275594538189e+19 4.183843722114850816e+19 4.218458296856581734e+19 4.259966560518378291e+19 4.300220618605573734e+19 4.337904134598786253e+19 4.370821170432465306e+19 4.397533214316659507e+19 4.418756151237109350e+19 3.809704230042205389e+19
4.143766625792723354e+19 4.144538930181515674e+19 4.161105275594538189e+19 4.183843722114850816e+19 4.218458296856580915e+19 4.259966560518377472e+19 4.300220618605574554e+19 4.337904134598787891e+19 4.370821170432463667e+19 4.397533214316661146e+19 4.418756151237109350e+19 3.809704230042205389e+19
4.143766625792723354e+19 4.144538930181515674e+19 4.161105275594538189e+19 4.183843722114850816e+19 4.218458296856579277e+19 4.259966560518377472e+19 4.300220618605575373e+19 4.337904134598790349e+19 4.370821170432464486e+19 4.397533214316661146e+19 4.418756151237108531e+19 3.809704230042204570e+19
4.143766625792723354e+19 4.144538930181514854e+19 4.161105275594538189e+19 4.183843722114849178e+19 4.218458296856580915e+19 4.259966560518376653e+19 4.300220618605575373e+19 4.337904134598789530e+19 4.370821170432466125e+19 4.397533214316661965e+19 4.418756151237106893e+19 3.809704230042205389e+19
4.143766625792723354e+19 4.144538930181514854e+19 4.161105275594538189e+19 4.183843722114849997e+19 4.218458296856581734e+19 4.259966560518376653e+19 4.300220618605574554e+19 4.337904134598788710e+19 4.370821170432464486e+19 4.397533214316661146e+19 4.418756151237105254e+19 3.809704230042204570e+19
4.143766625792724173e+19 4.144538930181514854e+19 4.161105275594538189e+19 4.183843722114850816e+19 4.218458296856580915e+19 4.259966560518377472e+19 4.300220618605573734e+19 4.337904134598786253e+19 4.370821170432465306e+19 4.397533214316660326e+19 4.418756151237105254e+19 3.809704230042204570e+19
4.143766625792724173e+19 4.144538930181514854e+19 4.161105275594538189e+19 4.183843722114851635e+19 4.218458296856582554e+19 4.259966560518378291e+19 4.300220618605571277e+19 4.337904134598784614e+19 4.370821170432466125e+19 4.397533214316660326e+19 4.418756151237104435e+19 3.809704230042205389e+19
4.143766625792724992e+19 4.144538930181516493e+19 4.161105275594539008e+19 4.183843722114852454e+19 4.218458296856584192e+19 4.259966560518378291e+19 4.300220618605572915e+19 4.337904134598785434e+19 4.370821170432466944e+19 4.397533214316660326e+19 4.418756151237104435e+19 3.809704230042205389e+19
4.143766625792724992e+19 4.144538930181516493e+19 4.161105275594540646e+19 4.183843722114852454e+19 4.218458296856583373e+19 4.259966560518378291e+19 4.300220618605571277e+19 4.337904134598784614e+19 4.370821170432466944e+19 4.397533214316661965e+19 4.418756151237103616e+19 3.809704230042205389e+19
4.143766625792724992e+19 4.144538930181515674e+19 4.161105275594539827e+19 4.183843722114850816e+19 4.218458296856582554e+19 4.259966560518377472e+19 4.300220618605572096e+19 4.337904134598782157e+19 4.370821170432467763e+19 4.397533214316660326e+19 4.418756151237104435e+19 3.809704230042205389e+19
4.143766625792725811e+19 4.144538930181514854e+19 4.161105275594539008e+19 4.183843722114851635e+19 4.218458296856582554e+19 4.259966560518377472e+19 4.300220618605574554e+19 4.337904134598781338e+19 4.370821170432469402e+19 4.397533214316661146e+19 4.418756151237104435e+19 3.809704230042205389e+19
4.143766625792725811e+19 4.144538930181518131e+19 4.161105275594538189e+19 4.183843722114851635e+19 4.218458296856583373e+19 4.259966560518377472e+19 4.300220618605574554e+19 4.337904134598780518e+19 4.370821170432467763e+19 4.397533214316660326e+19 4.418756151237104435e+19 3.809704230042205389e+19
4.143766625792725811e+19 4.144538930181520589e+19 4.161105275594538189e+19 4.183843722114851635e+19 4.218458296856583373e+19 4.259966560518376653e+19 4.300220618605575373e+19 4.337904134598782157e+19 4.370821170432469402e+19 4.397533214316660326e+19 4.418756151237104435e+19 3.809704230042205389e+19
4.143766625792724992e+19 4.144538930181519770e+19 4.161105275594538189e+19 4.183843722114850816e+19 4.218458296856583373e+19 4.259966560518376653e+19 4.300220618605576192e+19 4.337904134598782976e+19 4.370821170432469402e+19 4.397533214316659507e+19 4.418756151237106074e+19 3.809704230042205389e+19
4.143766625792724992e+19 4.144538930181518950e+19 4.161105275594538189e+19 4.183843722114849997e+19 4.218458296856583373e+19 4.259966560518376653e+19 4.300220618605577830e+19 4.337904134598782976e+19 4.370821170432469402e+19 4.397533214316659507e+19 4.418756151237106074e+19 3.809704230042204570e+19
4.143766625792724173e+19 4.144538930181518950e+19 4.161105275594539008e+19 4.183843722114849997e+19 4.218458296856584192e+19 4.259966560518375834e+19 4.300220618605579469e+19 4.337904134598781338e+19 4.370821170432468582e+19 4.397533214316660326e+19 4.418756151237106074e+19 3.809704230042203750e+19
4.143766625792724992e+19 4.144538930181518131e+19 4.161105275594539008e+19 4.183843722114849178e+19 4.218458296856584192e+19 4.259966560518375834e+19 4.300220618605581926e+19 4.337904134598781338e+19 4.370821170432466944e+19 4.397533214316659507e+19 4.418756151237106893e+19 3.809704230042203750e+19
4.143766625792724992e+19 4.144538930181519770e+19 4.161105275594538189e+19 4.183843722114848358e+19 4.218458296856583373e+19 4.259966560518375834e+19 4.300220618605581107e+19 4.337904134598782157e+19 4.370821170432467763e+19 4.397533214316657869e+19 4.418756151237109350e+19 3.809704230042203750e+19
4.143766625792724992e+19 4.144538930181519770e+19 4.161105275594537370e+19 4.183843722114849178e+19 4.218458296856582554e+19 4.259966560518375014e+19 4.300220618605581107e+19 4.337904134598780518e+19 4.370821170432468582e+19 4.397533214316657050e+19 4.418756151237110170e+19 3.809704230042204570e+19
4.143766625792724992e+19 4.144538930181519770e+19 4.161105275594536550e+19 4.183843722114849997e+19 4.218458296856584192e+19 4.259966560518375014e+19 4.300220618605581107e+19 4.337904134598778061e+19 4.370821170432466944e+19 4.397533214316655411e+19 4.418756151237110170e+19 3.809704230042204570e+19
4.143766625792724992e+19 4.144538930181519770e+19 4.161105275594535731e+19 4.183843722114850816e+19 4.218458296856582554e+19 4.259966560518375834e+19 4.300220618605580288e+19 4.337904134598777242e+19 4.370821170432468582e+19 4.397533214316655411e+19 4.418756151237110170e+19 3.809704230042204570e+19
4.143766625792724173e+19 4.144538930181519770e+19 4.161105275594535731e+19 4.183843722114850816e+19 4.218458296856582554e+19 4.259966560518375834e+19 4.300220618605579469e+19 4.337904134598775603e+19 4.370821170432469402e+19 4.397533214316657050e+19 4.418756151237110170e+19 3.809704230042204570e+19
4.143766625792724173e+19 4.144538930181518131e+19 4.161105275594534912e+19 4.183843722114850816e+19 4.218458296856581734e+19 4.259966560518375834e+19 4.300220618605581107e+19 4.337904134598775603e+19 4.370821170432470221e+19 4.397533214316655411e+19 4.418756151237108531e+19 3.809704230042203750e+19
4.143766625792723354e+19 4.144538930181518131e+19 4.161105275594534093e+19 4.183843722114850816e+19 4.218458296856580915e+19 4.259966560518375014e+19 4.300220618605580288e+19 4.337904134598775603e+19 4.370821170432470221e+19 4.397533214316656230e+19 4.418756151237107712e+19 3.809704230042203750e+19
4.143766625792723354e+19 4.144538930181518131e+19 4.161105275594535731e+19 4.183843722114850816e+19 4.218458296856580915e+19 4.259966560518375014e+19 4.300220618605581926e+19 4.337904134598776422e+19 4.370821170432470221e+19 4.397533214316656230e+19 4.418756151237107712e+19 3.809704230042203750e+19
4.143766625792722534e+19 4.144538930181515674e+19 4.161105275594536550e+19 4.183843722114850816e+19 4.218458296856580096e+19 4.259966560518375834e+19 4.300220618605581107e+19 4.337904134598774784e+19 4.370821170432470221e+19 4.397533214316655411e+19 4.418756151237106893e+19 3.809704230042202931e+19
4.143766625792722534e+19 4.144538930181515674e+19 4.161105275594536550e+19 4.183843722114849997e+19 4.218458296856580096e+19 4.259966560518376653e+19 4.300220618605582746e+19 4.337904134598772326e+19 4.370821170432470221e+19 4.397533214316653773e+19 4.418756151237108531e+19 3.809704230042202931e+19
4.143766625792722534e+19 4.144538930181514854e+19 4.161105275594537370e+19 4.183843722114849178e+19 4.218458296856580096e+19 4.259966560518375834e+19 4.300220618605582746e+19 4.337904134598773965e+19 4.370821170432470221e+19 4.397533214316653773e+19 4.418756151237110170e+19 3.809704230042202931e+19
4.143766625792722534e+19 4.144538930181515674e+19 4.161105275594537370e+19 4.183843722114849178e+19 4.218458296856579277e+19 4.259966560518375834e+19 4.300220618605582746e+19 4.337904134598774784e+19 4.370821170432469402e+19 4.397533214316652134e+19 4.418756151237109350e+19 3.809704230042203750e+19
4.143766625792724173e+19 4.144538930181515674e+19 4.161105275594539008e+19 4.183843722114849178e+19 4.218458296856577638e+19 4.259966560518375014e+19 4.300220618605582746e+19 4.337904134598773965e+19 4.370821170432467763e+19 4.397533214316652134e+19 4.418756151237109350e+19 3.809704230042204570e+19
4.143766625792724992e+19 4.144538930181518131e+19 4.161105275594539008e+19 4.183843722114848358e+19 4.218458296856579277e+19 4.259966560518374195e+19 4.300220618605582746e+19 4.337904134598772326e+19 4.370821170432466125e+19 4.397533214316651315e+19 4.418756151237107712e+19 3.809704230042205389e+19
4.143766625792724992e+19 4.144538930181516493e+19 4.161105275594539008e+19 4.183843722114849178e+19 4.218458296856578458e+19 4.259966560518373376e+19 4.300220618605583565e+19 4.337904134598770688e+19 4.370821170432465306e+19 4.397533214316653773e+19 4.418756151237106074e+19 3.809704230042206208e+19
4.143766625792725811e+19 4.144538930181516493e+19 4.161105275594539008e+19 4.183843722114849178e+19 4.218458296856578458e+19 4.259966560518375014e+19 4.300220618605582746e+19 4.337904134598770688e+19 4.370821170432463667e+19 4.397533214316653773e+19 4.418756151237106074e+19 3.809704230042206208e+19
4.143766625792725811e+19 4.144538930181516493e+19 4.161105275594539008e+19 4.183843722114849178e+19 4.218458296856579277e+19 4.259966560518373376e+19 4.300220618605583565e+19 4.337904134598769869e+19 4.370821170432465306e+19 4.397533214316655411e+19 4.418756151237105254e+19 3.809704230042205389e+19
4.143766625792726630e+19 4.144538930181515674e+19 4.161105275594540646e+19 4.183843722114849997e+19 4.218458296856579277e+19 4.259966560518372557e+19 4.300220618605582746e+19 4.337904134598769050e+19 4.370821170432466944e+19 4.397533214316656230e+19 4.418756151237105254e+19 3.809704230042204570e+19
4.143766625792726630e+19 4.144538930181514854e+19 4.161105275594540646e+19 4.183843722114849178e+19 4.218458296856579277e+19 4.259966560518372557e+19 4.300220618605584384e+19 4.337904134598769050e+19 4.370821170432467763e+19 4.397533214316654592e+19 4.418756151237106893e+19 3.809704230042205389e+19
4.143766625792725811e+19 4.144538930181512397e+19 4.161105275594540646e+19 4.183843722114849178e+19 4.218458296856580915e+19 4.259966560518372557e+19 4.300220618605581926e+19 4.337904134598767411e+19 4.370821170432467763e+19 4.397533214316654592e+19 4.418756151237106893e+19 3.809704230042204570e+19
4.143766625792724992e+19 4.144538930181513216e+19 4.161105275594540646e+19 4.183843722114850816e+19 4.218458296856580915e+19 4.259966560518372557e+19 4.300220618605581926e+19 4.337904134598764134e+19 4.370821170432467763e+19 4.397533214316653773e+19 4.418756151237106074e+19 3.809704230042203750e+19
4.143766625792725811e+19 4.144538930181511578e+19 4.161105275594541466e+19 4.183843722114849997e+19 4.218458296856579277e+19 4.259966560518372557e+19 4.300220618605581926e+19 4.337904134598764134e+19 4.370821170432467763e+19 4.397533214316653773e+19 4.418756151237105254e+19 3.809704230042203750e+19
4.143766625792725811e+19 4.144538930181512397e+19 4.161105275594541466e+19 4.183843722114849178e+19 4.218458296856579277e+19 4.259966560518371738e+19 4.300220618605583565e+19 4.337904134598765773e+19 4.370821170432466944e+19 4.397533214316655411e+19 4.418756151237103616e+19 3.809704230042204570e+19
4.143766625792726630e+19 4.144538930181511578e+19 4.161105275594542285e+19 4.183843722114849997e+19 4.218458296856579277e+19 4.259966560518371738e+19 4.300220618605583565e+19 4.337904134598765773e+19 4.370821170432466125e+19 4.397533214316653773e+19 4.418756151237103616e+19 3.809704230042204570e+19
4.143766625792725811e+19 4.144538930181512397e+19 4.161105275594540646e+19 4.183843722114849997e+19 4.218458296856580096e+19 4.259966560518370918e+19 4.300220618605585203e+19 4.337904134598764134e+19 4.370821170432466944e+19 4.397533214316656230e+19 4.418756151237102797e+19 3.809704230042204570e+19
4.143766625792725811e+19 4.144538930181509120e+19 4.161105275594540646e+19 4.183843722114849178e+19 4.218458296856580096e+19 4.259966560518370918e+19 4.300220618605585203e+19 4.337904134598764134e+19 4.370821170432466125e+19 4.397533214316656230e+19 4.418756151237101158e+19 3.809704230042205389e+19
4.143766625792726630e+19 4.144538930181509939e+19 4.161105275594539827e+19 4.183843722114849178e+19 4.218458296856579277e+19 4.259966560518370099e+19 4.300220618605586022e+19 4.337904134598765773e+19 4.370821170432465306e+19 4.397533214316656230e+19 4.418756151237099520e+19 3.809704230042203750e+19
4.143766625792725811e+19 4.144538930181508301e+19 4.161105275594539008e+19 4.183843722114849178e+19 4.218458296856580915e+19 4.259966560518370099e+19 4.300220618605586022e+19 4.337904134598762496e+19 4.370821170432465306e+19 4.397533214316657050e+19 4.418756151237100339e+19 3.809704230042204570e+19
4.143766625792726630e+19 4.144538930181509120e+19 4.161105275594539008e+19 4.183843722114849178e+19 4.218458296856580915e+19 4.259966560518370918e+19 4.300220618605586842e+19 4.337904134598760858e+19 4.370821170432466125e+19 4.397533214316657050e+19 4.418756151237098701e+19 3.809704230042204570e+19
4.143766625792726630e+19 4.144538930181509120e+19 4.161105275594539827e+19 4.183843722114849178e+19 4.218458296856581734e+19 4.259966560518370099e+19 4.300220618605587661e+19 4.337904134598760038e+19 4.370821170432466125e+19 4.397533214316657050e+19 4.418756151237098701e+19 3.809704230042205389e+19
4.143766625792725811e+19 4.144538930181509939e+19 4.161105275594539008e+19 4.183843722114849178e+19 4.218458296856580915e+19 4.259966560518370099e+19 4.300220618605587661e+19 4.337904134598758400e+19 4.370821170432465306e+19 4.397533214316655411e+19 4.418756151237096243e+19 3.809704230042205389e+19
4.143766625792725811e+19 4.144538930181509120e+19 4.161105275594539008e+19 4.183843722114849178e+19 4.218458296856579277e+19 4.259966560518370918e+19 4.300220618605586022e+19 4.337904134598760038e+19 4.370821170432466125e+19 4.397533214316656230e+19 4.418756151237096243e+19 3.809704230042205389e+19
4.143766625792725811e+19 4.144538930181507482e+19 4.161105275594538189e+19 4.183843722114849178e+19 4.218458296856578458e+19 4.259966560518371738e+19 4.300220618605586022e+19 4.337904134598757581e+19 4.370821170432464486e+19 4.397533214316654592e+19 4.418756151237098701e+19 3.809704230042204570e+19
4.143766625792726630e+19 4.144538930181506662e+19 4.161105275594539008e+19 4.183843722114849178e+19 4.218458296856577638e+19 4.259966560518372557e+19 4.300220618605585203e+19 4.337904134598758400e+19 4.370821170432464486e+19 4.397533214316655411e+19 4.418756151237097882e+19 3.809704230042205389e+19
4.143766625792726630e+19 4.144538930181505024e+19 4.161105275594540646e+19 4.183843722114849178e+19 4.218458296856579277e+19 4.259966560518371738e+19 4.300220618605587661e+19 4.337904134598757581e+19 4.370821170432464486e+19 4.397533214316656230e+19 4.418756151237097882e+19 3.809704230042206208e+19
4.143766625792725811e+19 4.144538930181505843e+19 4.161105275594540646e+19 4.183843722114849178e+19 4.218458296856579277e+19 4.259966560518371738e+19 4.300220618605589299e+19 4.337904134598755942e+19 4.370821170432462029e+19 4.397533214316656230e+19 4.418756151237096243e+19 3.809704230042205389e+19
4.143766625792726630e+19 4.144538930181506662e+19 4.161105275594540646e+19 4.183843722114850816e+19 4.218458296856578458e+19 4.259966560518372557e+19 4.300220618605587661e+19 4.337904134598755942e+19 4.370821170432461210e+19 4.397533214316656230e+19 4.418756151237093786e+19 3.809704230042206208e+19
4.143766625792726630e+19 4.144538930181506662e+19 4.161105275594540646e+19 4.183843722114850816e+19 4.218458296856576819e+19 4.259966560518372557e+19 4.300220618605587661e+19 4.337904134598756762e+19 4.370821170432462029e+19 4.397533214316656230e+19 4.418756151237094605e+19 3.809704230042204570e+19
4.143766625792726630e+19 4.144538930181507482e+19 4.161105275594539827e+19 4.183843722114849997e+19 4.218458296856576819e+19 4.259966560518372557e+19 4.300220618605586842e+19 4.337904134598755942e+19 4.370821170432461210e+19 4.397533214316656230e+19 4.418756151237093786e+19 3.809704230042204570e+19
4.143766625792725811e+19 4.144538930181506662e+19 4.161105275594540646e+19 4.183843722114849997e+19 4.218458296856577638e+19 4.259966560518373376e+19 4.300220618605587661e+19 4.337904134598754304e+19 4.370821170432462848e+19 4.397533214316657869e+19 4.418756151237094605e+19 3.809704230042204570e+19
4.143766625792724992e+19 4.144538930181505024e+19 4.161105275594542285e+19 4.183843722114850816e+19 4.218458296856577638e+19 4.259966560518372557e+19 4.300220618605587661e+19 4.337904134598755942e+19 4.370821170432461210e+19 4.397533214316657869e+19 4.418756151237092147e+19 3.809704230042204570e+19
4.143766625792725811e+19 4.144538930181504205e+19 4.161105275594542285e+19 4.183843722114849997e+19 4.218458296856577638e+19 4.259966560518371738e+19 4.300220618605587661e+19 4.337904134598757581e+19 4.370821170432462029e+19 4.397533214316657050e+19 4.418756151237092147e+19 3.809704230042204570e+19
4.143766625792726630e+19 4.144538930181504205e+19 4.161105275594542285e+19 4.183843722114850816e+19 4.218458296856576819e+19 4.259966560518370918e+19 4.300220618605588480e+19 4.337904134598755942e+19 4.370821170432460390e+19 4.397533214316658688e+19 4.418756151237090509e+19 3.809704230042204570e+19
4.143766625792727450e+19 4.144538930181505024e+19 4.161105275594542285e+19 4.183843722114850816e+19 4.218458296856576819e+19 4.259966560518370099e+19 4.300220618605588480e+19 4.337904134598755942e+19 4.370821170432459571e+19 4.397533214316657869e+19 4.418756151237091328e+19 3.809704230042203750e+19
4.143766625792728269e+19 4.144538930181503386e+19 4.161105275594542285e+19 4.183843722114850816e+19 4.218458296856577638e+19 4.259966560518370099e+19 4.300220618605587661e+19 4.337904134598755123e+19 4.370821170432460390e+19 4.397533214316657050e+19 4.418756151237090509e+19 3.809704230042204570e+19
4.143766625792728269e+19 4.144538930181501747e+19 4.161105275594542285e+19 4.183843722114850816e+19 4.218458296856578458e+19 4.259966560518369280e+19 4.300220618605587661e+19 4.337904134598754304e+19 4.370821170432459571e+19 4.397533214316657050e+19 4.418756151237092147e+19 3.809704230042204570e+19
4.143766625792727450e+19 4.144538930181501747e+19 4.161105275594542285e+19 4.183843722114850816e+19 4.218458296856579277e+19 4.259966560518370099e+19 4.300220618605586842e+19 4.337904134598755123e+19 4.370821170432458752e+19 4.397533214316658688e+19 4.418756151237092147e+19 3.809704230042204570e+19
4.143766625792726630e+19 4.144538930181502566e+19 4.161105275594541466e+19 4.183843722114850816e+19 4.218458296856579277e+19 4.259966560518369280e+19 4.300220618605587661e+19 4.337904134598755942e+19 4.370821170432457114e+19 4.397533214316660326e+19 4.418756151237092147e+19 3.809704230042205389e+19
4.143766625792726630e+19 4.144538930181503386e+19 4.161105275594541466e+19 4.183843722114851635e+19 4.218458296856579277e+19 4.259966560518369280e+19 4.300220618605587661e+19 4.337904134598756762e+19 4.370821170432456294e+19 4.397533214316658688e+19 4.418756151237092966e+19 3.809704230042205389e+19
4.143766625792727450e+19 4.144538930181502566e+19 4.161105275594542285e+19 4.183843722114849997e+19 4.218458296856579277e+19 4.259966560518369280e+19 4.300220618605587661e+19 4.337904134598757581e+19 4.370821170432457933e+19 4.397533214316660326e+19 4.418756151237092966e+19 3.809704230042205389e+19
4.143766625792725811e+19 4.144538930181502566e+19 4.161105275594541466e+19 4.183843722114849178e+19 4.218458296856579277e+19 4.259966560518368461e+19 4.300220618605588480e+19 4.337904134598756762e+19 4.370821170432458752e+19 4.397533214316660326e+19 4.418756151237093786e+19 3.809704230042205389e+19
4.143766625792727450e+19 4.144538930181504205e+19 4.161105275594541466e+19 4.183843722114849178e+19 4.218458296856580096e+19 4.259966560518369280e+19 4.300220618605588480e+19 4.337904134598754304e+19 4.370821170432457933e+19 4.397533214316660326e+19 4.418756151237092966e+19 3.809704230042205389e+19
4.143766625792726630e+19 4.144538930181504205e+19 4.161105275594542285e+19 4.183843722114848358e+19 4.218458296856580915e+19 4.259966560518370918e+19 4.300220618605590938e+19 4.337904134598754304e+19 4.370821170432459571e+19 4.397533214316660326e+19 4.418756151237093786e+19 3.809704230042205389e+19
4.143766625792726630e+19 4.144538930181503386e+19 4.161105275594543104e+19 4.183843722114848358e+19 4.218458296856580915e+19 4.259966560518370918e+19 4.300220618605592576e+19 4.337904134598754304e+19 4.370821170432457933e+19 4.397533214316657869e+19 4.418756151237095424e+19 3.809704230042205389e+19
4.143766625792727450e+19 4.144538930181503386e+19 4.161105275594542285e+19 4.183843722114847539e+19 4.218458296856580915e+19 4.259966560518371738e+19 4.300220618605592576e+19 4.337904134598753485e+19 4.370821170432458752e+19 4.397533214316657869e+19 4.418756151237095424e+19 3.809704230042205389e+19
4.143766625792727450e+19 4.144538930181503386e+19 4.161105275594542285e+19 4.183843722114846720e+19 4.218458296856580915e+19 4.259966560518371738e+19 4.300220618605592576e+19 4.337904134598753485e+19 4.370821170432460390e+19 4.397533214316658688e+19 4.418756151237096243e+19 3.809704230042205389e+19
4.143766625792727450e+19 4.144538930181502566e+19 4.161105275594542285e+19 4.183843722114846720e+19 4.218458296856580096e+19 4.259966560518371738e+19 4.300220618605590938e+19 4.337904134598751846e+19 4.370821170432461210e+19 4.397533214316660326e+19 4.418756151237097062e+19 3.809704230042205389e+19
4.143766625792726630e+19 4.144538930181504205e+19 4.161105275594541466e+19 4.183843722114846720e+19 4.218458296856579277e+19 4.259966560518371738e+19 4.300220618605590938e+19 4.337904134598751846e+19 4.370821170432460390e+19 4.397533214316661146e+19 4.418756151237094605e+19 3.809704230042207027e+19
4.143766625792725811e+19 4.144538930181503386e+19 4.161105275594540646e+19 4.183843722114846720e+19 4.218458296856579277e+19 4.259966560518372557e+19 4.300220618605592576e+19 4.337904134598753485e+19 4.370821170432458752e+19 4.397533214316662784e+19 4.418756151237094605e+19 3.809704230042206208e+19
4.143766625792725811e+19 4.144538930181503386e+19 4.161105275594540646e+19 4.183843722114847539e+19 4.218458296856578458e+19 4.259966560518372557e+19 4.300220618605592576e+19 4.337904134598752666e+19 4.370821170432461210e+19 4.397533214316660326e+19 4.418756151237094605e+19 3.809704230042207027e+19
4.143766625792725811e+19 4.144538930181502566e+19 4.161105275594541466e+19 4.183843722114847539e+19 4.218458296856578458e+19 4.259966560518372557e+19 4.300220618605592576e+19 4.337904134598751846e+19 4.370821170432460390e+19 4.397533214316661965e+19 4.418756151237094605e+19 3.809704230042207027e+19
4.143766625792725811e+19 4.144538930181503386e+19 4.161105275594540646e+19 4.183843722114847539e+19 4.218458296856578458e+19 4.259966560518372557e+19 4.300220618605592576e+19 4.337904134598752666e+19 4.370821170432460390e+19 4.397533214316664422e+19 4.418756151237094605e+19 3.809704230042207846e+19
4.143766625792725811e+19 4.144538930181503386e+19 4.161105275594540646e+19 4.183843722114846720e+19 4.218458296856578458e+19 4.259966560518373376e+19 4.300220618605595034e+19 4.337904134598752666e+19 4.370821170432460390e+19 4.397533214316662784e+19 4.418756151237095424e+19 3.809704230042207027e+19
4.143766625792725811e+19 4.144538930181503386e+19 4.161105275594540646e+19 4.183843722114847539e+19 4.218458296856577638e+19 4.259966560518372557e+19 4.300220618605595853e+19 4.337904134598753485e+19 4.370821170432461210e+19 4.397533214316660326e+19 4.418756151237097062e+19 3.809704230042207846e+19
4.143766625792724992e+19 4.144538930181503386e+19 4.161105275594539827e+19 4.183843722114846720e+19 4.218458296856576819e+19 4.259966560518373376e+19 4.300220618605595853e+19 4.337904134598755123e+19 4.370821170432459571e+19 4.397533214316659507e+19 4.418756151237097062e+19 3.809704230042207846e+19
4.143766625792724992e+19 4.144538930181504205e+19 4.161105275594539008e+19 4.183843722114845901e+19 4.218458296856576819e+19 4.259966560518372557e+19 4.300220618605595034e+19 4.337904134598752666e+19 4.370821170432459571e+19 4.397533214316659507e+19 4.418756151237098701e+19 3.809704230042208666e+19
4.143766625792724992e+19 4.144538930181503386e+19 4.161105275594539827e+19 4.183843722114845901e+19 4.218458296856576000e+19 4.259966560518372557e+19 4.300220618605595034e+19 4.337904134598754304e+19 4.370821170432460390e+19 4.397533214316660326e+19 4.418756151237098701e+19 3.809704230042208666e+19
4.143766625792724992e+19 4.144538930181505024e+19 4.161105275594539827e+19 4.183843722114845082e+19 4.218458296856576000e+19 4.259966560518372557e+19 4.300220618605593395e+19 4.337904134598754304e+19 4.370821170432462029e+19 4.397533214316662784e+19 4.418756151237097882e+19 3.809704230042207846e+19
4.143766625792724992e+19 4.144538930181505024e+19 4.161105275594539008e+19 4.183843722114844262e+19 4.218458296856575181e+19 4.259966560518371738e+19 4.300220618605595853e+19 4.337904134598752666e+19 4.370821170432463667e+19 4.397533214316661146e+19 4.418756151237097062e+19 3.809704230042207846e+19
4.143766625792724992e+19 4.144538930181505843e+19 4.161105275594539827e+19 4.183843722114844262e+19 4.218458296856574362e+19 4.259966560518373376e+19 4.300220618605595853e+19 4.337904134598753485e+19 4.370821170432463667e+19 4.397533214316660326e+19 4.418756151237097062e+19 3.809704230042207846e+19
4.143766625792725811e+19 4.144538930181505843e+19 4.161105275594539008e+19 4.183843722114844262e+19 4.218458296856574362e+19 4.259966560518373376e+19 4.300220618605595853e+19 4.337904134598753485e+19 4.370821170432463667e+19 4.397533214316660326e+19 4.418756151237097882e+19 3.809704230042207846e+19
4.143766625792725811e+19 4.144538930181505843e+19 4.161105275594539008e+19 4.183843722114844262e+19 4.218458296856574362e+19 4.259966560518373376e+19 4.300220618605597491e+19 4.337904134598752666e+19 4.370821170432461210e+19 4.397533214316657050e+19 4.418756151237096243e+19 3.809704230042208666e+19
4.143766625792725811e+19 4.144538930181505843e+19 4.161105275594538189e+19 4.183843722114844262e+19 4.218458296856574362e+19 4.259966560518375014e+19 4.300220618605596672e+19 4.337904134598754304e+19 4.370821170432461210e+19 4.397533214316657869e+19 4.418756151237097062e+19 3.809704230042208666e+19
4.143766625792725811e+19 4.144538930181506662e+19 4.161105275594538189e+19 4.183843722114844262e+19 4.218458296856575181e+19 4.259966560518373376e+19 4.300220618605596672e+19 4.337904134598755942e+19 4.370821170432462029e+19 4.397533214316657869e+19 4.418756151237097062e+19 3.809704230042208666e+19
4.143766625792725811e+19 4.144538930181507482e+19 4.161105275594537370e+19 4.183843722114844262e+19 4.218458296856574362e+19 4.259966560518372557e+19 4.300220618605595034e+19 4.337904134598754304e+19 4.370821170432462029e+19 4.397533214316656230e+19 4.418756151237096243e+19 3.809704230042208666e+19
4.143766625792725811e+19 4.144538930181508301e+19 4.161105275594536550e+19 4.183843722114844262e+19 4.218458296856573542e+19 4.259966560518372557e+19 4.300220618605595853e+19 4.337904134598752666e+19 4.370821170432460390e+19 4.397533214316657050e+19 4.418756151237094605e+19 3.809704230042207846e+19
4.143766625792726630e+19 4.144538930181507482e+19 4.161105275594537370e+19 4.183843722114845901e+19 4.218458296856574362e+19 4.259966560518372557e+19 4.300220618605593395e+19 4.337904134598751846e+19 4.370821170432461210e+19 4.397533214316657869e+19 4.418756151237095424e+19 3.809704230042206208e+19
4.143766625792725811e+19 4.144538930181507482e+19 4.161105275594537370e+19 4.183843722114845901e+19 4.218458296856572723e+19 4.259966560518373376e+19 4.300220618605594214e+19 4.337904134598752666e+19 4.370821170432458752e+19 4.397533214316657869e+19 4.418756151237096243e+19 3.809704230042206208e+19
4.143766625792725811e+19 4.144538930181508301e+19 4.161105275594537370e+19 4.183843722114845901e+19 4.218458296856573542e+19 4.259966560518373376e+19 4.300220618605594214e+19 4.337904134598751846e+19 4.370821170432457933e+19 4.397533214316657050e+19 4.418756151237094605e+19 3.809704230042206208e+19
4.143766625792725811e+19 4.144538930181508301e+19 4.161105275594537370e+19 4.183843722114846720e+19 4.218458296856572723e+19 4.259966560518373376e+19 4.300220618605595853e+19 4.337904134598751846e+19 4.370821170432457114e+19 4.397533214316659507e+19 4.418756151237094605e+19 3.809704230042207027e+19
4.143766625792725811e+19 4.144538930181508301e+19 4.161105275594536550e+19 4.183843722114847539e+19 4.218458296856571904e+19 4.259966560518373376e+19 4.300220618605597491e+19 4.337904134598751027e+19 4.370821170432457933e+19 4.397533214316661146e+19 4.418756151237093786e+19 3.809704230042207027e+19
4.143766625792725811e+19 4.144538930181508301e+19 4.161105275594536550e+19 4.183843722114847539e+19 4.218458296856572723e+19 4.259966560518373376e+19 4.300220618605596672e+19 4.337904134598751027e+19 4.370821170432457933e+19 4.397533214316661965e+19 4.418756151237092966e+19 3.809704230042206208e+19
4.143766625792724173e+19 4.144538930181509120e+19 4.161105275594536550e+19 4.183843722114848358e+19 4.218458296856571904e+19 4.259966560518374195e+19 4.300220618605598310e+19 4.337904134598751846e+19 4.370821170432457933e+19 4.397533214316661965e+19 4.418756151237094605e+19 3.809704230042205389e+19
4.143766625792724173e+19 4.144538930181509120e+19 4.161105275594536550e+19 4.183843722114848358e+19 4.218458296856572723e+19 4.259966560518373376e+19 4.300220618605597491e+19 4.337904134598751027e+19 4.370821170432457933e+19 4.397533214316664422e+19 4.418756151237092966e+19 3.809704230042206208e+19
4.143766625792724173e+19 4.144538930181509120e+19 4.161105275594535731e+19 4.183843722114847539e+19 4.218458296856572723e+19 4.259966560518373376e+19 4.300220618605597491e+19 4.337904134598750208e+19 4.370821170432458752e+19 4.397533214316662784e+19 4.418756151237091328e+19 3.809704230042206208e+19
4.143766625792724173e+19 4.144538930181509120e+19 4.161105275594535731e+19 4.183843722114849178e+19 4.218458296856572723e+19 4.259966560518372557e+19 4.300220618605596672e+19 4.337904134598748570e+19 4.370821170432459571e+19 4.397533214316663603e+19 4.418756151237092147e+19 3.809704230042205389e+19
4.143766625792724173e+19 4.144538930181509939e+19 4.161105275594535731e+19 4.183843722114849997e+19 4.218458296856572723e+19 4.259966560518371738e+19 4.300220618605595034e+19 4.337904134598749389e+19 4.370821170432461210e+19 4.397533214316664422e+19 4.418756151237091328e+19 3.809704230042206208e+19
4.143766625792724173e+19 4.144538930181509939e+19 4.161105275594535731e+19 4.183843722114849997e+19 4.218458296856572723e+19 4.259966560518371738e+19 4.300220618605595853e+19 4.337904134598749389e+19 4.370821170432460390e+19 4.397533214316663603e+19 4.418756151237092966e+19 3.809704230042207027e+19
4.143766625792723354e+19 4.144538930181510758e+19 4.161105275594535731e+19 4.183843722114849997e+19 4.218458296856571904e+19 4.259966560518371738e+19 4.300220618605597491e+19 4.337904134598748570e+19 4.370821170432461210e+19 4.397533214316663603e+19 4.418756151237092966e+19 3.809704230042207846e+19
4.143766625792724173e+19 4.144538930181511578e+19 4.161105275594535731e+19 4.183843722114850816e+19 4.218458296856571904e+19 4.259966560518371738e+19 4.300220618605598310e+19 4.337904134598747750e+19 4.370821170432462848e+19 4.397533214316663603e+19 4.418756151237092966e+19 3.809704230042207027e+19
4.143766625792724173e+19 4.144538930181512397e+19 4.161105275594534093e+19 4.183843722114850816e+19 4.218458296856571085e+19 4.259966560518371738e+19 4.300220618605598310e+19 4.337904134598747750e+19 4.370821170432462848e+19 4.397533214316663603e+19 4.418756151237092147e+19 3.809704230042207027e+19
4.143766625792723354e+19 4.144538930181513216e+19 4.161105275594535731e+19 4.183843722114849997e+19 4.218458296856572723e+19 4.259966560518372557e+19 4.300220618605599949e+19 4.337904134598746112e+19 4.370821170432460390e+19 4.397533214316663603e+19 4.418756151237092147e+19 3.809704230042206208e+19
4.143766625792724992e+19 4.144538930181513216e+19 4.161105275594535731e+19 4.183843722114849997e+19 4.218458296856573542e+19 4.259966560518372557e+19 4.300220618605599949e+19 4.337904134598745293e+19 4.370821170432462029e+19 4.397533214316664422e+19 4.418756151237092147e+19 3.809704230042207846e+19
4.143766625792724992e+19 4.144538930181513216e+19 4.161105275594535731e+19 4.183843722114850816e+19 4.218458296856573542e+19 4.259966560518372557e+19 4.300220618605599949e+19 4.337904134598746112e+19 4.370821170432462029e+19 4.397533214316663603e+19 4.418756151237093786e+19 3.809704230042208666e+19
4.143766625792725811e+19 4.144538930181513216e+19 4.161105275594536550e+19 4.183843722114850816e+19 4.218458296856572723e+19 4.259966560518372557e+19 4.300220618605600768e+19 4.337904134598746112e+19 4.370821170432463667e+19 4.397533214316663603e+19 4.418756151237094605e+19 3.809704230042207846e+19
4.143766625792725811e+19 4.144538930181513216e+19 4.161105275594537370e+19 4.183843722114852454e+19 4.218458296856574362e+19 4.259966560518373376e+19 4.300220618605599949e+19 4.337904134598746112e+19 4.370821170432462029e+19 4.397533214316661965e+19 4.418756151237095424e+19 3.809704230042207846e+19
4.143766625792725811e+19 4.144538930181513216e+19 4.161105275594537370e+19 4.183843722114852454e+19 4.218458296856572723e+19 4.259966560518372557e+19 4.300220618605599130e+19 4.337904134598748570e+19 4.370821170432461210e+19 4.397533214316661965e+19 4.418756151237097062e+19 3.809704230042207846e+19
4.143766625792726630e+19 4.144538930181513216e+19 4.161105275594536550e+19 4.183843722114852454e+19 4.218458296856571085e+19 4.259966560518372557e+19 4.300220618605599949e+19 4.337904134598749389e+19 4.370821170432461210e+19 4.397533214316661146e+19 4.418756151237094605e+19 3.809704230042207027e+19
4.143766625792725811e+19 4.144538930181513216e+19 4.161105275594536550e+19 4.183843722114850816e+19 4.218458296856570266e+19 4.259966560518373376e+19 4.300220618605599949e+19 4.337904134598751027e+19 4.370821170432462848e+19 4.397533214316659507e+19 4.418756151237093786e+19 3.809704230042206208e+19
4.143766625792725811e+19 4.144538930181514035e+19 4.161105275594535731e+19 4.183843722114851635e+19 4.218458296856570266e+19 4.259966560518374195e+19 4.300220618605599949e+19 4.337904134598751846e+19 4.370821170432463667e+19 4.397533214316660326e+19 4.418756151237093786e+19 3.809704230042206208e+19
4.143766625792725811e+19 4.144538930181514035e+19 4.161105275594534912e+19 4.183843722114851635e+19 4.218458296856571085e+19 4.259966560518375014e+19 4.300220618605599130e+19 4.337904134598751846e+19 4.370821170432465306e+19 4.397533214316660326e+19 4.418756151237093786e+19 3.809704230042207846e+19
4.143766625792726630e+19 4.144538930181514035e+19 4.161105275594535731e+19 4.183843722114851635e+19 4.218458296856570266e+19 4.259966560518375014e+19 4.300220618605599949e+19 4.337904134598752666e+19 4.370821170432466125e+19 4.397533214316661146e+19 4.418756151237093786e+19 3.809704230042208666e+19
4.143766625792727450e+19 4.144538930181514035e+19 4.161105275594534912e+19 4.183843722114850816e+19 4.218458296856570266e+19 4.259966560518374195e+19 4.300220618605599949e+19 4.337904134598751027e+19 4.370821170432465306e+19 4.397533214316660326e+19 4.418756151237091328e+19 3.809704230042208666e+19
4.143766625792726630e+19 4.144538930181514035e+19 4.161105275594534912e+19 4.183843722114850816e+19 4.218458296856570266e+19 4.259966560518373376e+19 4.300220618605599949e+19 4.337904134598749389e+19 4.370821170432466125e+19 4.397533214316660326e+19 4.418756151237094605e+19 3.809704230042209485e+19
4.143766625792724992e+19 4.144538930181513216e+19 4.161105275594534093e+19 4.183843722114850816e+19 4.218458296856569446e+19 4.259966560518373376e+19 4.300220618605600768e+19 4.337904134598751846e+19 4.370821170432466944e+19 4.397533214316661146e+19 4.418756151237094605e+19 3.809704230042208666e+19
4.143766625792725811e+19 4.144538930181513216e+19 4.161105275594534093e+19 4.183843722114850816e+19 4.218458296856569446e+19 4.259966560518374195e+19 4.300220618605601587e+19 4.337904134598752666e+19 4.370821170432464486e+19 4.397533214316660326e+19 4.418756151237092966e+19 3.809704230042209485e+19
4.143766625792725811e+19 4.144538930181514035e+19 4.161105275594534093e+19 4.183843722114851635e+19 4.218458296856569446e+19 4.259966560518373376e+19 4.300220618605602406e+19 4.337904134598753485e+19 4.370821170432463667e+19 4.397533214316661146e+19 4.418756151237092966e+19 3.809704230042209485e+19
4.143766625792725811e+19 4.144538930181514035e+19 4.161105275594534093e+19 4.183843722114850816e+19 4.218458296856568627e+19 4.259966560518373376e+19 4.300220618605604045e+19 4.337904134598752666e+19 4.370821170432464486e+19 4.397533214316660326e+19 4.418756151237092147e+19 3.809704230042209485e+19
4.143766625792724992e+19 4.144538930181514854e+19 4.161105275594534093e+19 4.183843722114850816e+19 4.218458296856570266e+19 4.259966560518372557e+19 4.300220618605604045e+19 4.337904134598754304e+19 4.370821170432463667e+19 4.397533214316661146e+19 4.418756151237092966e+19 3.809704230042208666e+19
4.143766625792724173e+19 4.144538930181515674e+19 4.161105275594535731e+19 4.183843722114850816e+19 4.218458296856571085e+19 4.259966560518370918e+19 4.300220618605604045e+19 4.337904134598751846e+19 4.370821170432462848e+19 4.397533214316662784e+19 4.418756151237093786e+19 3.809704230042208666e+19
4.143766625792724173e+19 4.144538930181515674e+19 4.161105275594535731e+19 4.183843722114852454e+19 4.218458296856570266e+19 4.259966560518370918e+19 4.300220618605603226e+19 4.337904134598752666e+19 4.370821170432462848e+19 4.397533214316661965e+19 4.418756151237093786e+19 3.809704230042208666e+19
4.143766625792723354e+19 4.144538930181514854e+19 4.161105275594535731e+19 4.183843722114852454e+19 4.218458296856571085e+19 4.259966560518370918e+19 4.300220618605604864e+19 4.337904134598753485e+19 4.370821170432464486e+19 4.397533214316661965e+19 4.418756151237093786e+19 3.809704230042208666e+19
4.143766625792724992e+19 4.144538930181514035e+19 4.161105275594536550e+19 4.183843722114850816e+19 4.218458296856571904e+19 4.259966560518370099e+19 4.300220618605603226e+19 4.337904134598751846e+19 4.370821170432466125e+19 4.397533214316665242e+19 4.418756151237090509e+19 3.809704230042208666e+19
4.143766625792724992e+19 4.144538930181514854e+19 4.161105275594537370e+19 4.183843722114849997e+19 4.218458296856571904e+19 4.259966560518370099e+19 4.300220618605603226e+19 4.337904134598751846e+19 4.370821170432466125e+19 4.397533214316663603e+19 4.418756151237090509e+19 3.809704230042208666e+19
4.143766625792725811e+19 4.144538930181514035e+19 4.161105275594537370e+19 4.183843722114849178e+19 4.218458296856572723e+19 4.259966560518370099e+19 4.300220618605604045e+19 4.337904134598751846e+19 4.370821170432466944e+19 4.397533214316663603e+19 4.418756151237090509e+19 3.809704230042208666e+19
4.143766625792725811e+19 4.144538930181514854e+19 4.161105275594536550e+19 4.183843722114849178e+19 4.218458296856573542e+19 4.259966560518369280e+19 4.300220618605600768e+19 4.337904134598751027e+19 4.370821170432466944e+19 4.397533214316663603e+19 4.418756151237088870e+19 3.809704230042208666e+19
4.143766625792724992e+19 4.144538930181515674e+19 4.161105275594535731e+19 4.183843722114850816e+19 4.218458296856572723e+19 4.259966560518369280e+19 4.300220618605603226e+19 4.337904134598751027e+19 4.370821170432466125e+19 4.397533214316663603e+19 4.418756151237088051e+19 3.809704230042207846e+19
4.143766625792724173e+19 4.144538930181516493e+19 4.161105275594535731e+19 4.183843722114850816e+19 4.218458296856574362e+19 4.259966560518370099e+19 4.300220618605602406e+19 4.337904134598752666e+19 4.370821170432464486e+19 4.397533214316664422e+19 4.418756151237087232e+19 3.809704230042208666e+19
4.143766625792723354e+19 4.144538930181516493e+19 4.161105275594535731e+19 4.183843722114850816e+19 4.218458296856574362e+19 4.259966560518370099e+19 4.300220618605602406e+19 4.337904134598750208e+19 4.370821170432464486e+19 4.397533214316663603e+19 4.418756151237088051e+19 3.809704230042209485e+19
4.143766625792724173e+19 4.144538930181516493e+19 4.161105275594536550e+19 4.183843722114850816e+19 4.218458296856574362e+19 4.259966560518370099e+19 4.300220618605600768e+19 4.337904134598751027e+19 4.370821170432462029e+19 4.397533214316662784e+19 4.418756151237085594e+19 3.809704230042209485e+19
4.143766625792724173e+19 4.144538930181515674e+19 4.161105275594536550e+19 4.183843722114852454e+19 4.218458296856573542e+19 4.259966560518369280e+19 4.300220618605599130e+19 4.337904134598751846e+19 4.370821170432462029e+19 4.397533214316660326e+19 4.418756151237084774e+19 3.809704230042209485e+19
4.143766625792724173e+19 4.144538930181516493e+19 4.161105275594537370e+19 4.183843722114852454e+19 4.218458296856573542e+19 4.259966560518369280e+19 4.300220618605599130e+19 4.337904134598751846e+19 4.370821170432462029e+19 4.397533214316660326e+19 4.418756151237083955e+19 3.809704230042209485e+19
4.143766625792724992e+19 4.144538930181517312e+19 4.161105275594537370e+19 4.183843722114851635e+19 4.218458296856573542e+19 4.259966560518369280e+19 4.300220618605599949e+19 4.337904134598751846e+19 4.370821170432462848e+19 4.397533214316661146e+19 4.418756151237082317e+19 3.809704230042209485e+19
4.143766625792724173e+19 4.144538930181518131e+19 4.161105275594536550e+19 4.183843722114851635e+19 4.218458296856572723e+19 4.259966560518370099e+19 4.300220618605600768e+19 4.337904134598751027e+19 4.370821170432463667e+19 4.397533214316661146e+19 4.418756151237082317e+19 3.809704230042208666e+19
4.143766625792724173e+19 4.144538930181517312e+19 4.161105275594537370e+19 4.183843722114850816e+19 4.218458296856573542e+19 4.259966560518369280e+19 4.300220618605601587e+19 4.337904134598751027e+19 4.370821170432464486e+19 4.397533214316659507e+19 4.418756151237083136e+19 3.809704230042209485e+19
4.143766625792724992e+19 4.144538930181516493e+19 4.161105275594536550e+19 4.183843722114849997e+19 4.218458296856574362e+19 4.259966560518370099e+19 4.300220618605602406e+19 4.337904134598751027e+19 4.370821170432464486e+19 4.397533214316658688e+19 4.418756151237085594e+19 3.809704230042209485e+19
4.143766625792724173e+19 4.144538930181515674e+19 4.161105275594537370e+19 4.183843722114849997e+19 4.218458296856572723e+19 4.259966560518368461e+19 4.300220618605604045e+19 4.337904134598752666e+19 4.370821170432464486e+19 4.397533214316660326e+19 4.418756151237083136e+19 3.809704230042209485e+19
4.143766625792724173e+19 4.144538930181515674e+19 4.161105275594537370e+19 4.183843722114849997e+19 4.218458296856572723e+19 4.259966560518369280e+19 4.300220618605604045e+19 4.337904134598752666e+19 4.370821170432464486e+19 4.397533214316661146e+19 4.418756151237084774e+19 3.809704230042209485e+19
4.143766625792724173e+19 4.144538930181516493e+19 4.161105275594537370e+19 4.183843722114849997e+19 4.218458296856571904e+19 4.259966560518368461e+19 4.300220618605602406e+19 4.337904134598755123e+19 4.370821170432462848e+19 4.397533214316660326e+19 4.418756151237085594e+19 3.809704230042209485e+19
4.143766625792724992e+19 4.144538930181516493e+19 4.161105275594535731e+19 4.183843722114849178e+19 4.218458296856571904e+19 4.259966560518369280e+19 4.300220618605602406e+19 4.337904134598754304e+19 4.370821170432461210e+19 4.397533214316660326e+19 4.418756151237086413e+19 3.809704230042208666e+19
4.143766625792725811e+19 4.144538930181516493e+19 4.161105275594534912e+19 4.183843722114849178e+19 4.218458296856571085e+19 4.259966560518368461e+19 4.300220618605600768e+19 4.337904134598754304e+19 4.370821170432461210e+19 4.397533214316658688e+19 4.418756151237085594e+19 3.809704230042207846e+19
4.143766625792727450e+19 4.144538930181517312e+19 4.161105275594534912e+19 4.183843722114849997e+19 4.218458296856571085e+19 4.259966560518368461e+19 4.300220618605600768e+19 4.337904134598752666e+19 4.370821170432461210e+19 4.397533214316657869e+19 4.418756151237084774e+19 3.809704230042207846e+19
4.143766625792727450e+19 4.144538930181516493e+19 4.161105275594534093e+19 4.183843722114849997e+19 4.218458296856571904e+19 4.259966560518368461e+19 4.300220618605601587e+19 4.337904134598753485e+19 4.370821170432460390e+19 4.397533214316658688e+19 4.418756151237086413e+19 3.809704230042207027e+19
4.143766625792727450e+19 4.144538930181515674e+19 4.161105275594534912e+19 4.183843722114849178e+19 4.218458296856570266e+19 4.259966560518368461e+19 4.300220618605599130e+19 4.337904134598752666e+19 4.370821170432459571e+19 4.397533214316658688e+19 4.418756151237084774e+19 3.809704230042207846e+19
4.143766625792727450e+19 4.144538930181514854e+19 4.161105275594534912e+19 4.183843722114849997e+19 4.218458296856571085e+19 4.259966560518370099e+19 4.300220618605600768e+19 4.337904134598752666e+19 4.370821170432459571e+19 4.397533214316660326e+19 4.418756151237083136e+19 3.809704230042207846e+19
4.143766625792727450e+19 4.144538930181514854e+19 4.161105275594534093e+19 4.183843722114849997e+19 4.218458296856570266e+19 4.259966560518370099e+19 4.300220618605602406e+19 4.337904134598753485e+19 4.370821170432461210e+19 4.397533214316660326e+19 4.418756151237085594e+19 3.809704230042208666e+19
4.143766625792728269e+19 4.144538930181514854e+19 4.161105275594534912e+19 4.183843722114849178e+19 4.218458296856571085e+19 4.259966560518370099e+19 4.300220618605604045e+19 4.337904134598755123e+19 4.370821170432461210e+19 4.397533214316658688e+19 4.418756151237086413e+19 3.809704230042208666e+19
4.143766625792727450e+19 4.144538930181514854e+19 4.161105275594535731e+19 4.183843722114849178e+19 4.218458296856571085e+19 4.259966560518370099e+19 4.300220618605604045e+19 4.337904134598754304e+19 4.370821170432460390e+19 4.397533214316658688e+19 4.418756151237085594e+19 3.809704230042209485e+19
4.143766625792727450e+19 4.144538930181514854e+19 4.161105275594535731e+19 4.183843722114850816e+19 4.218458296856571085e+19 4.259966560518369280e+19 4.300220618605604045e+19 4.337904134598754304e+19 4.370821170432462848e+19 4.397533214316658688e+19 4.418756151237085594e+19 3.809704230042210304e+19
