2.279977657576926740e+20 2.054743161869166838e+20 1.820111881390157988e+20 1.622803060085366784e+20 1.448799149957848760e+20 1.294551444282742538e+20 1.157780071256794399e+20 1.036620847915129733e+20 9.315299600254466458e+19 8.416822866287153971e+19 7.644610747324561818e+19
2.279977657576926413e+20 2.054743161869167493e+20 1.820111881390157988e+20 1.622803060085366456e+20 1.448799149957848924e+20 1.294551444282742538e+20 1.157780071256794563e+20 1.036620847915129733e+20 9.315299600254466458e+19 8.416822866287152333e+19 7.644610747324565094e+19
2.279977657576926413e+20 2.054743161869168148e+20 1.820111881390157660e+20 1.622803060085366456e+20 1.448799149957848760e+20 1.294551444282742538e+20 1.157780071256794726e+20 1.036620847915129897e+20 9.315299600254466458e+19 8.416822866287153971e+19 7.644610747324563456e+19
2.279977657576926413e+20 2.054743161869168804e+20 1.820111881390157332e+20 1.622803060085366784e+20 1.448799149957848760e+20 1.294551444282742702e+20 1.157780071256794726e+20 1.036620847915129733e+20 9.315299600254466458e+19 8.416822866287155610e+19 7.644610747324563456e+19
2.279977657576926413e+20 2.054743161869168804e+20 1.820111881390157332e+20 1.622803060085366456e+20 1.448799149957848760e+20 1.294551444282743030e+20 1.157780071256794890e+20 1.036620847915129897e+20 9.315299600254468096e+19 8.416822866287155610e+19 7.644610747324563456e+19
2.279977657576926085e+20 2.054743161869169132e+20 1.820111881390157660e+20 1.622803060085366456e+20 1.448799149957848924e+20 1.294551444282742866e+20 1.157780071256794726e+20 1.036620847915129897e+20 9.315299600254468096e+19 8.416822866287155610e+19 7.644610747324561818e+19
2.279977657576926085e+20 2.054743161869168804e+20 1.820111881390157988e+20 1.622803060085366456e+20 1.448799149957849088e+20 1.294551444282742866e+20 1.157780071256794890e+20 1.036620847915129897e+20 9.315299600254468096e+19 8.416822866287153971e+19 7.644610747324563456e+19
2.279977657576925757e+20 2.054743161869169132e+20 1.820111881390158643e+20 1.622803060085366129e+20 1.448799149957849088e+20 1.294551444282742702e+20 1.157780071256794726e+20 1.036620847915130061e+20 9.315299600254468096e+19 8.416822866287155610e+19 7.644610747324563456e+19
2.279977657576925430e+20 2.054743161869169132e+20 1.820111881390159626e+20 1.622803060085366456e+20 1.448799149957849088e+20 1.294551444282742374e+20 1.157780071256794890e+20 1.036620847915130061e+20 9.315299600254469734e+19 8.416822866287153971e+19 7.644610747324565094e+19
2.279977657576925430e+20 2.054743161869169132e+20 1.820111881390159626e+20 1.622803060085366784e+20 1.448799149957849088e+20 1.294551444282742211e+20 1.157780071256794890e+20 1.036620847915130225e+20 9.315299600254469734e+19 8.416822866287152333e+19 7.644610747324565094e+19
2.279977657576925757e+20 2.054743161869169132e+20 1.820111881390159626e+20 1.622803060085366129e+20 1.448799149957848760e+20 1.294551444282742047e+20 1.157780071256795054e+20 1.036620847915130225e+20 9.315299600254468096e+19 8.416822866287153971e+19 7.644610747324566733e+19
2.279977657576926085e+20 2.054743161869169132e+20 1.820111881390159954e+20 1.622803060085366129e+20 1.448799149957848924e+20 1.294551444282742047e+20 1.157780071256795218e+20 1.036620847915130225e+20 9.315299600254468096e+19 8.416822866287152333e+19 7.644610747324565094e+19
2.279977657576926085e+20 2.054743161869168804e+20 1.820111881390160282e+20 1.622803060085366129e+20 1.448799149957848596e+20 1.294551444282742211e+20 1.157780071256795218e+20 1.036620847915129733e+20 9.315299600254468096e+19 8.416822866287152333e+19 7.644610747324563456e+19
2.279977657576926413e+20 2.054743161869169132e+20 1.820111881390159954e+20 1.622803060085366129e+20 1.448799149957848433e+20 1.294551444282742211e+20 1.157780071256795054e+20 1.036620847915129569e+20 9.315299600254468096e+19 8.416822866287150694e+19 7.644610747324563456e+19
2.279977657576926413e+20 2.054743161869169132e+20 1.820111881390159626e+20 1.622803060085365801e+20 1.448799149957848269e+20 1.294551444282742211e+20 1.157780071256795218e+20 1.036620847915129569e+20 9.315299600254469734e+19 8.416822866287153971e+19 7.644610747324566733e+19
2.279977657576926413e+20 2.054743161869169459e+20 1.820111881390159626e+20 1.622803060085366129e+20 1.448799149957848269e+20 1.294551444282742211e+20 1.157780071256795546e+20 1.036620847915129569e+20 9.315299600254468096e+19 8.416822866287149056e+19 7.644610747324566733e+19
2.279977657576926085e+20 2.054743161869169459e+20 1.820111881390159299e+20 1.622803060085365473e+20 1.448799149957848105e+20 1.294551444282742047e+20 1.157780071256795546e+20 1.036620847915129733e+20 9.315299600254468096e+19 8.416822866287139226e+19 7.644610747324565094e+19
2.279977657576926413e+20 2.054743161869169459e+20 1.820111881390159299e+20 1.622803060085363180e+20 1.448799149957847941e+20 1.294551444282741883e+20 1.157780071256794890e+20 1.036620847915129569e+20 9.315299600254468096e+19 8.416822866287134310e+19 7.644610747324565094e+19
2.279977657576926085e+20 2.054743161869169459e+20 1.820111881390159299e+20 1.622803060085362524e+20 1.448799149957847941e+20 1.294551444282741883e+20 1.157780071256795054e+20 1.036620847915129733e+20 9.315299600254466458e+19 8.416822866287135949e+19 7.644610747324565094e+19
2.279977657576926085e+20 2.054743161869169787e+20 1.820111881390158971e+20 1.622803060085362852e+20 1.448799149957847941e+20 1.294551444282741883e+20 1.157780071256795054e+20 1.036620847915129733e+20 9.315299600254464819e+19 8.416822866287135949e+19 7.644610747324565094e+19
2.279977657576925757e+20 2.054743161869169787e+20 1.820111881390158971e+20 1.622803060085362852e+20 1.448799149957848105e+20 1.294551444282741719e+20 1.157780071256795054e+20 1.036620847915129733e+20 9.315299600254464819e+19 8.416822866287134310e+19 7.644610747324573286e+19
2.279977657576925102e+20 2.054743161869169787e+20 1.820111881390159299e+20 1.622803060085363180e+20 1.448799149957847941e+20 1.294551444282741555e+20 1.157780071256795218e+20 1.036620847915129897e+20 9.315299600254464819e+19 8.416822866287137587e+19 7.644610747324591309e+19
2.279977657576925102e+20 2.054743161869169787e+20 1.820111881390158971e+20 1.622803060085363507e+20 1.448799149957847941e+20 1.294551444282741555e+20 1.157780071256795218e+20 1.036620847915129897e+20 9.315299600254464819e+19 8.416822866287135949e+19 7.644610747324601139e+19
2.279977657576925102e+20 2.054743161869169132e+20 1.820111881390158971e+20 1.622803060085363835e+20 1.448799149957847941e+20 1.294551444282741719e+20 1.157780071256795218e+20 1.036620847915129733e+20 9.315299600254464819e+19 8.416822866287135949e+19 7.644610747324599501e+19
2.279977657576924774e+20 2.054743161869169787e+20 1.820111881390158971e+20 1.622803060085364163e+20 1.448799149957848105e+20 1.294551444282741883e+20 1.157780071256794890e+20 1.036620847915129897e+20 9.315299600254464819e+19 8.416822866287135949e+19 7.644610747324599501e+19
2.279977657576924774e+20 2.054743161869169787e+20 1.820111881390158643e+20 1.622803060085363835e+20 1.448799149957848105e+20 1.294551444282741883e+20 1.157780071256795054e+20 1.036620847915129897e+20 9.315299600254468096e+19 8.416822866287134310e+19 7.644610747324597862e+19
2.279977657576924774e+20 2.054743161869169787e+20 1.820111881390161265e+20 1.622803060085363835e+20 1.448799149957848105e+20 1.294551444282741883e+20 1.157780071256795054e+20 1.036620847915129733e+20 9.315299600254468096e+19 8.416822866287135949e+19 7.644610747324599501e+19
2.279977657576924774e+20 2.054743161869169787e+20 1.820111881390160282e+20 1.622803060085364163e+20 1.448799149957847777e+20 1.294551444282742047e+20 1.157780071256795054e+20 1.036620847915129569e+20 9.315299600254469734e+19 8.416822866287137587e+19 7.644610747324599501e+19
2.279977657576925102e+20 2.054743161869169459e+20 1.820111881390160937e+20 1.622803060085363835e+20 1.448799149957847777e+20 1.294551444282741555e+20 1.157780071256795054e+20 1.036620847915129405e+20 9.315299600254468096e+19 8.416822866287135949e+19 7.644610747324599501e+19
2.279977657576924774e+20 2.054743161869169459e+20 1.820111881390160609e+20 1.622803060085364163e+20 1.448799149957847941e+20 1.294551444282741555e+20 1.157780071256794890e+20 1.036620847915129569e+20 9.315299600254468096e+19 8.416822866287135949e+19 7.644610747324599501e+19
2.279977657576925102e+20 2.054743161869169787e+20 1.820111881390160282e+20 1.622803060085364163e+20 1.448799149957847777e+20 1.294551444282741555e+20 1.157780071256795054e+20 1.036620847915129569e+20 9.315299600254469734e+19 8.416822866287135949e+19 7.644610747324597862e+19
2.279977657576925102e+20 2.054743161869169459e+20 1.820111881390160282e+20 1.622803060085363835e+20 1.448799149957847941e+20 1.294551444282741719e+20 1.157780071256795218e+20 1.036620847915129569e+20 9.315299600254469734e+19 8.416822866287137587e+19 7.644610747324597862e+19
2.279977657576924447e+20 2.054743161869170115e+20 1.820111881390160282e+20 1.622803060085363180e+20 1.448799149957848105e+20 1.294551444282741719e+20 1.157780071256795382e+20 1.036620847915129405e+20 9.315299600254468096e+19 8.416822866287139226e+19 7.644610747324596224e+19
2.279977657576924774e+20 2.054743161869169787e+20 1.820111881390159954e+20 1.622803060085363180e+20 1.448799149957848105e+20 1.294551444282741719e+20 1.157780071256795546e+20 1.036620847915129897e+20 9.315299600254468096e+19 8.416822866287137587e+19 7.644610747324596224e+19
2.279977657576925102e+20 2.054743161869169787e+20 1.820111881390159299e+20 1.622803060085363507e+20 1.448799149957848269e+20 1.294551444282741719e+20 1.157780071256795546e+20 1.036620847915131208e+20 9.315299600254468096e+19 8.416822866287135949e+19 7.644610747324597862e+19
2.279977657576925757e+20 2.054743161869170115e+20 1.820111881390158971e+20 1.622803060085363180e+20 1.448799149957848433e+20 1.294551444282741719e+20 1.157780071256795546e+20 1.036620847915131044e+20 9.315299600254469734e+19 8.416822866287134310e+19 7.644610747324596224e+19
2.279977657576925430e+20 2.054743161869170115e+20 1.820111881390159299e+20 1.622803060085363507e+20 1.448799149957848269e+20 1.294551444282741719e+20 1.157780071256795382e+20 1.036620847915131208e+20 9.315299600254468096e+19 8.416822866287132672e+19 7.644610747324594586e+19
2.279977657576925430e+20 2.054743161869170115e+20 1.820111881390159299e+20 1.622803060085362196e+20 1.448799149957848596e+20 1.294551444282741555e+20 1.157780071256795546e+20 1.036620847915131044e+20 9.315299600254468096e+19 8.416822866287134310e+19 7.644610747324597862e+19
2.279977657576925430e+20 2.054743161869169459e+20 1.820111881390159299e+20 1.622803060085362524e+20 1.448799149957848433e+20 1.294551444282741555e+20 1.157780071256795709e+20 1.036620847915131208e+20 9.315299600254468096e+19 8.416822866287134310e+19 7.644610747324597862e+19
2.279977657576925430e+20 2.054743161869171098e+20 1.820111881390158643e+20 1.622803060085362196e+20 1.448799149957848269e+20 1.294551444282741391e+20 1.157780071256795709e+20 1.036620847915131372e+20 9.315299600254468096e+19 8.416822866287134310e+19 7.644610747324599501e+19
2.279977657576925757e+20 2.054743161869171098e+20 1.820111881390158316e+20 1.622803060085362196e+20 1.448799149957847941e+20 1.294551444282741391e+20 1.157780071256795709e+20 1.036620847915131208e+20 9.315299600254468096e+19 8.416822866287134310e+19 7.644610747324599501e+19
2.279977657576925430e+20 2.054743161869170770e+20 1.820111881390158643e+20 1.622803060085362852e+20 1.448799149957847941e+20 1.294551444282741228e+20 1.157780071256795546e+20 1.036620847915131372e+20 9.315299600254469734e+19 8.416822866287134310e+19 7.644610747324599501e+19
2.279977657576925102e+20 2.054743161869170770e+20 1.820111881390158643e+20 1.622803060085362852e+20 1.448799149957847941e+20 1.294551444282741391e+20 1.157780071256795382e+20 1.036620847915131372e+20 9.315299600254468096e+19 8.416822866287132672e+19 7.644610747324601139e+19
2.279977657576924774e+20 2.054743161869171425e+20 1.820111881390158316e+20 1.622803060085362524e+20 1.448799149957847777e+20 1.294551444282741555e+20 1.157780071256794890e+20 1.036620847915131208e+20 9.315299600254466458e+19 8.416822866287132672e+19 7.644610747324599501e+19
2.279977657576925102e+20 2.054743161869171425e+20 1.820111881390157332e+20 1.622803060085362196e+20 1.448799149957847777e+20 1.294551444282741228e+20 1.157780071256794890e+20 1.036620847915131372e+20 9.315299600254468096e+19 8.416822866287132672e+19 7.644610747324601139e+19
2.279977657576924774e+20 2.054743161869171098e+20 1.820111881390157332e+20 1.622803060085362196e+20 1.448799149957847941e+20 1.294551444282741064e+20 1.157780071256794726e+20 1.036620847915131535e+20 9.315299600254468096e+19 8.416822866287132672e+19 7.644610747324597862e+19
2.279977657576925102e+20 2.054743161869171753e+20 1.820111881390157660e+20 1.622803060085362524e+20 1.448799149957847941e+20 1.294551444282741228e+20 1.157780071256794726e+20 1.036620847915131535e+20 9.315299600254471373e+19 8.416822866287134310e+19 7.644610747324597862e+19
2.279977657576925430e+20 2.054743161869172408e+20 1.820111881390157660e+20 1.622803060085363507e+20 1.448799149957847777e+20 1.294551444282741228e+20 1.157780071256794399e+20 1.036620847915131699e+20 9.315299600254474650e+19 8.416822866287135949e+19 7.644610747324596224e+19
2.279977657576925102e+20 2.054743161869172736e+20 1.820111881390157988e+20 1.622803060085363835e+20 1.448799149957848105e+20 1.294551444282741228e+20 1.157780071256794399e+20 1.036620847915131699e+20 9.315299600254474650e+19 8.416822866287132672e+19 7.644610747324596224e+19
2.279977657576924447e+20 2.054743161869172408e+20 1.820111881390158316e+20 1.622803060085363835e+20 1.448799149957848269e+20 1.294551444282741064e+20 1.157780071256794563e+20 1.036620847915131863e+20 9.315299600254474650e+19 8.416822866287131034e+19 7.644610747324597862e+19
2.279977657576925102e+20 2.054743161869172408e+20 1.820111881390157988e+20 1.622803060085364490e+20 1.448799149957848105e+20 1.294551444282741064e+20 1.157780071256794563e+20 1.036620847915131863e+20 9.315299600254474650e+19 8.416822866287132672e+19 7.644610747324596224e+19
2.279977657576924774e+20 2.054743161869172408e+20 1.820111881390157660e+20 1.622803060085364490e+20 1.448799149957848433e+20 1.294551444282740900e+20 1.157780071256794563e+20 1.036620847915131535e+20 9.315299600254476288e+19 8.416822866287132672e+19 7.644610747324596224e+19
2.279977657576923791e+20 2.054743161869172408e+20 1.820111881390157660e+20 1.622803060085364818e+20 1.448799149957848269e+20 1.294551444282740900e+20 1.157780071256794563e+20 1.036620847915131699e+20 9.315299600254476288e+19 8.416822866287132672e+19 7.644610747324594586e+19
2.279977657576924119e+20 2.054743161869172081e+20 1.820111881390157988e+20 1.622803060085364818e+20 1.448799149957848105e+20 1.294551444282741064e+20 1.157780071256794563e+20 1.036620847915131535e+20 9.315299600254476288e+19 8.416822866287131034e+19 7.644610747324596224e+19
2.279977657576924774e+20 2.054743161869171753e+20 1.820111881390158316e+20 1.622803060085365146e+20 1.448799149957848105e+20 1.294551444282741391e+20 1.157780071256794235e+20 1.036620847915131535e+20 9.315299600254474650e+19 8.416822866287129395e+19 7.644610747324594586e+19
2.279977657576924774e+20 2.054743161869171753e+20 1.820111881390159299e+20 1.622803060085365146e+20 1.448799149957848105e+20 1.294551444282741391e+20 1.157780071256794399e+20 1.036620847915131372e+20 9.315299600254474650e+19 8.416822866287129395e+19 7.644610747324592947e+19
2.279977657576924774e+20 2.054743161869171753e+20 1.820111881390158971e+20 1.622803060085366129e+20 1.448799149957848433e+20 1.294551444282741391e+20 1.157780071256794563e+20 1.036620847915131372e+20 9.315299600254474650e+19 8.416822866287127757e+19 7.644610747324592947e+19
2.279977657576924447e+20 2.054743161869172081e+20 1.820111881390158316e+20 1.622803060085366456e+20 1.448799149957848596e+20 1.294551444282741555e+20 1.157780071256794563e+20 1.036620847915131863e+20 9.315299600254474650e+19 8.416822866287127757e+19 7.644610747324594586e+19
2.279977657576924774e+20 2.054743161869171425e+20 1.820111881390159299e+20 1.622803060085366129e+20 1.448799149957848433e+20 1.294551444282741555e+20 1.157780071256794563e+20 1.036620847915131699e+20 9.315299600254473011e+19 8.416822866287129395e+19 7.644610747324592947e+19
2.279977657576925430e+20 2.054743161869171753e+20 1.820111881390158971e+20 1.622803060085365801e+20 1.448799149957848433e+20 1.294551444282741555e+20 1.157780071256794563e+20 1.036620847915131699e+20 9.315299600254473011e+19 8.416822866287127757e+19 7.644610747324594586e+19
2.279977657576925757e+20 2.054743161869171098e+20 1.820111881390159299e+20 1.622803060085365473e+20 1.448799149957848596e+20 1.294551444282741228e+20 1.157780071256794563e+20 1.036620847915131863e+20 9.315299600254473011e+19 8.416822866287127757e+19 7.644610747324594586e+19
2.279977657576925757e+20 2.054743161869171425e+20 1.820111881390159299e+20 1.622803060085365146e+20 1.448799149957848924e+20 1.294551444282741228e+20 1.157780071256794890e+20 1.036620847915131699e+20 9.315299600254468096e+19 8.416822866287127757e+19 7.644610747324594586e+19
2.279977657576926085e+20 2.054743161869171753e+20 1.820111881390158971e+20 1.622803060085364818e+20 1.448799149957848924e+20 1.294551444282741391e+20 1.157780071256795054e+20 1.036620847915131863e+20 9.315299600254464819e+19 8.416822866287127757e+19 7.644610747324594586e+19
2.279977657576925757e+20 2.054743161869171425e+20 1.820111881390158971e+20 1.622803060085364163e+20 1.448799149957848760e+20 1.294551444282741719e+20 1.157780071256795054e+20 1.036620847915131699e+20 9.315299600254466458e+19 8.416822866287127757e+19 7.644610747324594586e+19
2.279977657576925757e+20 2.054743161869171753e+20 1.820111881390159626e+20 1.622803060085365146e+20 1.448799149957848596e+20 1.294551444282741719e+20 1.157780071256794890e+20 1.036620847915131535e+20 9.315299600254464819e+19 8.416822866287129395e+19 7.644610747324594586e+19
2.279977657576926740e+20 2.054743161869171425e+20 1.820111881390159299e+20 1.622803060085365473e+20 1.448799149957848105e+20 1.294551444282741883e+20 1.157780071256794890e+20 1.036620847915131372e+20 9.315299600254464819e+19 8.416822866287129395e+19 7.644610747324592947e+19
2.279977657576928051e+20 2.054743161869171753e+20 1.820111881390159954e+20 1.622803060085365473e+20 1.448799149957847941e+20 1.294551444282742047e+20 1.157780071256794399e+20 1.036620847915131372e+20 9.315299600254466458e+19 8.416822866287129395e+19 7.644610747324592947e+19
2.279977657576929034e+20 2.054743161869171753e+20 1.820111881390159299e+20 1.622803060085365473e+20 1.448799149957847450e+20 1.294551444282742211e+20 1.157780071256794399e+20 1.036620847915131044e+20 9.315299600254466458e+19 8.416822866287129395e+19 7.644610747324591309e+19
2.279977657576928379e+20 2.054743161869171753e+20 1.820111881390158316e+20 1.622803060085365801e+20 1.448799149957847450e+20 1.294551444282742374e+20 1.157780071256794071e+20 1.036620847915131863e+20 9.315299600254466458e+19 8.416822866287129395e+19 7.644610747324592947e+19
2.279977657576928379e+20 2.054743161869171098e+20 1.820111881390158971e+20 1.622803060085366129e+20 1.448799149957847286e+20 1.294551444282742047e+20 1.157780071256794235e+20 1.036620847915132191e+20 9.315299600254466458e+19 8.416822866287126118e+19 7.644610747324591309e+19
2.279977657576928051e+20 2.054743161869170770e+20 1.820111881390158971e+20 1.622803060085366456e+20 1.448799149957847286e+20 1.294551444282741391e+20 1.157780071256794071e+20 1.036620847915132027e+20 9.315299600254464819e+19 8.416822866287127757e+19 7.644610747324591309e+19
2.279977657576927068e+20 2.054743161869171098e+20 1.820111881390158316e+20 1.622803060085366456e+20 1.448799149957847450e+20 1.294551444282741555e+20 1.157780071256794071e+20 1.036620847915132191e+20 9.315299600254463181e+19 8.416822866287126118e+19 7.644610747324591309e+19
2.279977657576926740e+20 2.054743161869171098e+20 1.820111881390157988e+20 1.622803060085366456e+20 1.448799149957847777e+20 1.294551444282741719e+20 1.157780071256794235e+20 1.036620847915132027e+20 9.315299600254463181e+19 8.416822866287124480e+19 7.644610747324591309e+19
2.279977657576927068e+20 2.054743161869170770e+20 1.820111881390157988e+20 1.622803060085366456e+20 1.448799149957847286e+20 1.294551444282741555e+20 1.157780071256794235e+20 1.036620847915132027e+20 9.315299600254461542e+19 8.416822866287124480e+19 7.644610747324591309e+19
2.279977657576926413e+20 2.054743161869170442e+20 1.820111881390157005e+20 1.622803060085366456e+20 1.448799149957847613e+20 1.294551444282741719e+20 1.157780071256794399e+20 1.036620847915132027e+20 9.315299600254459904e+19 8.416822866287122842e+19 7.644610747324591309e+19
2.279977657576926085e+20 2.054743161869170442e+20 1.820111881390156677e+20 1.622803060085367112e+20 1.448799149957847613e+20 1.294551444282741883e+20 1.157780071256794235e+20 1.036620847915132191e+20 9.315299600254471373e+19 8.416822866287124480e+19 7.644610747324591309e+19
2.279977657576925757e+20 2.054743161869171098e+20 1.820111881390156022e+20 1.622803060085366129e+20 1.448799149957847450e+20 1.294551444282741883e+20 1.157780071256794071e+20 1.036620847915132191e+20 9.315299600254474650e+19 8.416822866287126118e+19 7.644610747324592947e+19
2.279977657576925430e+20 2.054743161869170770e+20 1.820111881390155366e+20 1.622803060085365801e+20 1.448799149957847613e+20 1.294551444282742047e+20 1.157780071256793743e+20 1.036620847915132355e+20 9.315299600254474650e+19 8.416822866287126118e+19 7.644610747324592947e+19
2.279977657576925430e+20 2.054743161869170770e+20 1.820111881390155366e+20 1.622803060085365146e+20 1.448799149957847450e+20 1.294551444282742047e+20 1.157780071256793580e+20 1.036620847915132355e+20 9.315299600254476288e+19 8.416822866287127757e+19 7.644610747324591309e+19
2.279977657576925430e+20 2.054743161869171098e+20 1.820111881390155694e+20 1.622803060085365473e+20 1.448799149957847286e+20 1.294551444282741883e+20 1.157780071256793580e+20 1.036620847915131863e+20 9.315299600254476288e+19 8.416822866287126118e+19 7.644610747324591309e+19
2.279977657576925102e+20 2.054743161869171425e+20 1.820111881390156022e+20 1.622803060085365473e+20 1.448799149957847450e+20 1.294551444282742047e+20 1.157780071256793416e+20 1.036620847915131699e+20 9.315299600254476288e+19 8.416822866287122842e+19 7.644610747324591309e+19
2.279977657576925430e+20 2.054743161869172081e+20 1.820111881390156349e+20 1.622803060085365473e+20 1.448799149957847122e+20 1.294551444282742211e+20 1.157780071256793088e+20 1.036620847915131863e+20 9.315299600254476288e+19 8.416822866287124480e+19 7.644610747324589670e+19
2.279977657576925102e+20 2.054743161869171425e+20 1.820111881390156349e+20 1.622803060085364818e+20 1.448799149957846958e+20 1.294551444282742374e+20 1.157780071256793252e+20 1.036620847915131535e+20 9.315299600254476288e+19 8.416822866287121203e+19 7.644610747324591309e+19
2.279977657576925102e+20 2.054743161869171425e+20 1.820111881390156677e+20 1.622803060085364818e+20 1.448799149957846794e+20 1.294551444282742702e+20 1.157780071256792924e+20 1.036620847915131699e+20 9.315299600254476288e+19 8.416822866287126118e+19 7.644610747324591309e+19
2.279977657576925102e+20 2.054743161869171425e+20 1.820111881390156677e+20 1.622803060085364818e+20 1.448799149957846794e+20 1.294551444282742538e+20 1.157780071256793252e+20 1.036620847915131699e+20 9.315299600254476288e+19 8.416822866287131034e+19 7.644610747324591309e+19
2.279977657576925102e+20 2.054743161869171425e+20 1.820111881390157332e+20 1.622803060085365146e+20 1.448799149957846467e+20 1.294551444282742538e+20 1.157780071256792924e+20 1.036620847915131863e+20 9.315299600254479565e+19 8.416822866287129395e+19 7.644610747324588032e+19
2.279977657576925102e+20 2.054743161869172081e+20 1.820111881390157988e+20 1.622803060085365146e+20 1.448799149957846630e+20 1.294551444282742374e+20 1.157780071256792924e+20 1.036620847915132191e+20 9.315299600254481203e+19 8.416822866287127757e+19 7.644610747324588032e+19
2.279977657576925430e+20 2.054743161869172408e+20 1.820111881390157660e+20 1.622803060085365146e+20 1.448799149957846303e+20 1.294551444282742374e+20 1.157780071256792924e+20 1.036620847915131863e+20 9.315299600254479565e+19 8.416822866287126118e+19 7.644610747324588032e+19
2.279977657576925757e+20 2.054743161869173064e+20 1.820111881390157005e+20 1.622803060085365146e+20 1.448799149957846467e+20 1.294551444282742538e+20 1.157780071256792760e+20 1.036620847915131699e+20 9.315299600254479565e+19 8.416822866287126118e+19 7.644610747324589670e+19
2.279977657576925430e+20 2.054743161869173064e+20 1.820111881390157005e+20 1.622803060085365146e+20 1.448799149957846630e+20 1.294551444282742538e+20 1.157780071256792433e+20 1.036620847915131863e+20 9.315299600254479565e+19 8.416822866287126118e+19 7.644610747324589670e+19
2.279977657576925430e+20 2.054743161869173064e+20 1.820111881390157005e+20 1.622803060085365146e+20 1.448799149957846467e+20 1.294551444282742374e+20 1.157780071256792433e+20 1.036620847915131863e+20 9.315299600254477926e+19 8.416822866287124480e+19 7.644610747324588032e+19
2.279977657576925430e+20 2.054743161869172081e+20 1.820111881390157988e+20 1.622803060085365146e+20 1.448799149957846303e+20 1.294551444282742702e+20 1.157780071256792433e+20 1.036620847915131863e+20 9.315299600254486118e+19 8.416822866287124480e+19 7.644610747324591309e+19
2.279977657576925430e+20 2.054743161869171753e+20 1.820111881390157988e+20 1.622803060085365146e+20 1.448799149957846467e+20 1.294551444282742702e+20 1.157780071256792105e+20 1.036620847915131699e+20 9.315299600254484480e+19 8.416822866287122842e+19 7.644610747324592947e+19
2.279977657576925102e+20 2.054743161869171425e+20 1.820111881390158971e+20 1.622803060085365146e+20 1.448799149957846139e+20 1.294551444282742702e+20 1.157780071256792433e+20 1.036620847915131863e+20 9.315299600254486118e+19 8.416822866287119565e+19 7.644610747324592947e+19
2.279977657576924774e+20 2.054743161869171753e+20 1.820111881390158643e+20 1.622803060085365473e+20 1.448799149957846139e+20 1.294551444282742374e+20 1.157780071256792433e+20 1.036620847915131863e+20 9.315299600254487757e+19 8.416822866287121203e+19 7.644610747324594586e+19
2.279977657576924447e+20 2.054743161869171425e+20 1.820111881390158643e+20 1.622803060085366129e+20 1.448799149957846467e+20 1.294551444282742538e+20 1.157780071256792269e+20 1.036620847915132191e+20 9.315299600254486118e+19 8.416822866287119565e+19 7.644610747324594586e+19
2.279977657576924447e+20 2.054743161869171753e+20 1.820111881390159626e+20 1.622803060085365473e+20 1.448799149957846467e+20 1.294551444282742374e+20 1.157780071256791941e+20 1.036620847915132027e+20 9.315299600254487757e+19 8.416822866287121203e+19 7.644610747324594586e+19
2.279977657576924774e+20 2.054743161869171753e+20 1.820111881390159626e+20 1.622803060085365473e+20 1.448799149957846303e+20 1.294551444282742374e+20 1.157780071256791777e+20 1.036620847915132355e+20 9.315299600254486118e+19 8.416822866287122842e+19 7.644610747324594586e+19
2.279977657576925102e+20 2.054743161869171753e+20 1.820111881390159299e+20 1.622803060085365473e+20 1.448799149957846630e+20 1.294551444282742374e+20 1.157780071256791941e+20 1.036620847915132191e+20 9.315299600254484480e+19 8.416822866287121203e+19 7.644610747324594586e+19
2.279977657576924447e+20 2.054743161869171098e+20 1.820111881390159299e+20 1.622803060085365801e+20 1.448799149957846467e+20 1.294551444282742374e+20 1.157780071256792105e+20 1.036620847915132355e+20 9.315299600254482842e+19 8.416822866287119565e+19 7.644610747324594586e+19
2.279977657576925102e+20 2.054743161869171098e+20 1.820111881390159299e+20 1.622803060085365473e+20 1.448799149957846630e+20 1.294551444282742538e+20 1.157780071256791777e+20 1.036620847915132518e+20 9.315299600254486118e+19 8.416822866287119565e+19 7.644610747324594586e+19
2.279977657576925757e+20 2.054743161869171098e+20 1.820111881390159954e+20 1.622803060085365146e+20 1.448799149957846630e+20 1.294551444282742702e+20 1.157780071256791613e+20 1.036620847915132355e+20 9.315299600254486118e+19 8.416822866287117926e+19 7.644610747324596224e+19
2.279977657576925757e+20 2.054743161869171098e+20 1.820111881390160282e+20 1.622803060085365146e+20 1.448799149957846794e+20 1.294551444282742702e+20 1.157780071256791613e+20 1.036620847915132191e+20 9.315299600254484480e+19 8.416822866287117926e+19 7.644610747324592947e+19
2.279977657576925757e+20 2.054743161869171098e+20 1.820111881390159299e+20 1.622803060085364818e+20 1.448799149957846794e+20 1.294551444282742702e+20 1.157780071256791613e+20 1.036620847915131535e+20 9.315299600254482842e+19 8.416822866287119565e+19 7.644610747324594586e+19
2.279977657576925757e+20 2.054743161869170115e+20 1.820111881390159954e+20 1.622803060085363835e+20 1.448799149957846303e+20 1.294551444282742702e+20 1.157780071256791941e+20 1.036620847915131044e+20 9.315299600254482842e+19 8.416822866287121203e+19 7.644610747324596224e+19
2.279977657576925757e+20 2.054743161869170770e+20 1.820111881390159626e+20 1.622803060085364163e+20 1.448799149957846467e+20 1.294551444282742866e+20 1.157780071256792105e+20 1.036620847915131208e+20 9.315299600254482842e+19 8.416822866287122842e+19 7.644610747324588032e+19
2.279977657576925757e+20 2.054743161869170442e+20 1.820111881390160282e+20 1.622803060085364163e+20 1.448799149957846630e+20 1.294551444282742702e+20 1.157780071256792105e+20 1.036620847915130716e+20 9.315299600254482842e+19 8.416822866287121203e+19 7.644610747324588032e+19
2.279977657576925757e+20 2.054743161869169132e+20 1.820111881390159954e+20 1.622803060085364163e+20 1.448799149957846467e+20 1.294551444282742374e+20 1.157780071256791941e+20 1.036620847915130388e+20 9.315299600254484480e+19 8.416822866287121203e+19 7.644610747324589670e+19
2.279977657576926085e+20 2.054743161869168476e+20 1.820111881390159626e+20 1.622803060085363835e+20 1.448799149957846303e+20 1.294551444282742538e+20 1.157780071256791777e+20 1.036620847915130225e+20 9.315299600254486118e+19 8.416822866287119565e+19 7.644610747324589670e+19
2.279977657576926740e+20 2.054743161869169132e+20 1.820111881390159954e+20 1.622803060085364490e+20 1.448799149957845975e+20 1.294551444282742374e+20 1.157780071256792105e+20 1.036620847915130225e+20 9.315299600254481203e+19 8.416822866287117926e+19 7.644610747324586394e+19
2.279977657576926413e+20 2.054743161869169132e+20 1.820111881390159626e+20 1.622803060085364163e+20 1.448799149957845811e+20 1.294551444282742374e+20 1.157780071256792269e+20 1.036620847915130225e+20 9.315299600254482842e+19 8.416822866287117926e+19 7.644610747324586394e+19
2.279977657576925757e+20 2.054743161869169787e+20 1.820111881390159954e+20 1.622803060085363507e+20 1.448799149957845320e+20 1.294551444282742211e+20 1.157780071256792269e+20 1.036620847915130388e+20 9.315299600254481203e+19 8.416822866287114650e+19 7.644610747324586394e+19
2.279977657576925430e+20 2.054743161869168804e+20 1.820111881390160282e+20 1.622803060085363180e+20 1.448799149957845320e+20 1.294551444282742374e+20 1.157780071256792269e+20 1.036620847915130225e+20 9.315299600254484480e+19 8.416822866287113011e+19 7.644610747324584755e+19
2.279977657576924447e+20 2.054743161869169132e+20 1.820111881390160282e+20 1.622803060085363180e+20 1.448799149957845647e+20 1.294551444282742211e+20 1.157780071256792433e+20 1.036620847915130061e+20 9.315299600254484480e+19 8.416822866287113011e+19 7.644610747324584755e+19
2.279977657576924119e+20 2.054743161869169132e+20 1.820111881390160609e+20 1.622803060085362852e+20 1.448799149957845811e+20 1.294551444282742047e+20 1.157780071256792269e+20 1.036620847915130388e+20 9.315299600254486118e+19 8.416822866287109734e+19 7.644610747324581478e+19
2.279977657576924119e+20 2.054743161869169132e+20 1.820111881390160282e+20 1.622803060085362524e+20 1.448799149957846139e+20 1.294551444282742211e+20 1.157780071256791941e+20 1.036620847915129897e+20 9.315299600254484480e+19 8.416822866287109734e+19 7.644610747324583117e+19
2.279977657576923791e+20 2.054743161869169787e+20 1.820111881390160282e+20 1.622803060085361869e+20 1.448799149957846139e+20 1.294551444282742047e+20 1.157780071256791286e+20 1.036620847915129733e+20 9.315299600254487757e+19 8.416822866287109734e+19 7.644610747324581478e+19
2.279977657576923464e+20 2.054743161869169787e+20 1.820111881390160282e+20 1.622803060085362196e+20 1.448799149957845811e+20 1.294551444282741883e+20 1.157780071256791613e+20 1.036620847915129569e+20 9.315299600254487757e+19 8.416822866287111373e+19 7.644610747324578202e+19
2.279977657576923791e+20 2.054743161869169132e+20 1.820111881390160282e+20 1.622803060085362196e+20 1.448799149957845975e+20 1.294551444282742047e+20 1.157780071256791613e+20 1.036620847915129733e+20 9.315299600254489395e+19 8.416822866287108096e+19 7.644610747324579840e+19
2.279977657576923464e+20 2.054743161869169132e+20 1.820111881390159626e+20 1.622803060085362524e+20 1.448799149957845811e+20 1.294551444282741719e+20 1.157780071256791450e+20 1.036620847915130061e+20 9.315299600254489395e+19 8.416822866287113011e+19 7.644610747324583117e+19
2.279977657576923136e+20 2.054743161869169132e+20 1.820111881390159626e+20 1.622803060085362196e+20 1.448799149957845647e+20 1.294551444282741555e+20 1.157780071256791450e+20 1.036620847915130061e+20 9.315299600254491034e+19 8.416822866287113011e+19 7.644610747324584755e+19
2.279977657576923791e+20 2.054743161869169787e+20 1.820111881390159299e+20 1.622803060085362524e+20 1.448799149957845647e+20 1.294551444282741391e+20 1.157780071256791613e+20 1.036620847915130061e+20 9.315299600254495949e+19 8.416822866287111373e+19 7.644610747324584755e+19
2.279977657576924447e+20 2.054743161869169787e+20 1.820111881390159299e+20 1.622803060085362196e+20 1.448799149957845484e+20 1.294551444282741064e+20 1.157780071256791941e+20 1.036620847915130061e+20 9.315299600254495949e+19 8.416822866287109734e+19 7.644610747324581478e+19
2.279977657576924119e+20 2.054743161869169459e+20 1.820111881390157988e+20 1.622803060085362524e+20 1.448799149957845484e+20 1.294551444282740900e+20 1.157780071256791613e+20 1.036620847915129897e+20 9.315299600254492672e+19 8.416822866287109734e+19 7.644610747324579840e+19
2.279977657576924774e+20 2.054743161869169459e+20 1.820111881390158316e+20 1.622803060085362852e+20 1.448799149957845320e+20 1.294551444282740736e+20 1.157780071256792269e+20 1.036620847915129733e+20 9.315299600254494310e+19 8.416822866287109734e+19 7.644610747324581478e+19
2.279977657576924774e+20 2.054743161869170115e+20 1.820111881390158643e+20 1.622803060085362524e+20 1.448799149957845647e+20 1.294551444282740244e+20 1.157780071256792433e+20 1.036620847915129897e+20 9.315299600254494310e+19 8.416822866287111373e+19 7.644610747324584755e+19
2.279977657576924447e+20 2.054743161869170115e+20 1.820111881390158643e+20 1.622803060085362524e+20 1.448799149957845156e+20 1.294551444282739917e+20 1.157780071256792596e+20 1.036620847915130061e+20 9.315299600254494310e+19 8.416822866287109734e+19 7.644610747324583117e+19
2.279977657576924447e+20 2.054743161869169787e+20 1.820111881390157988e+20 1.622803060085362852e+20 1.448799149957845156e+20 1.294551444282739753e+20 1.157780071256792760e+20 1.036620847915130225e+20 9.315299600254494310e+19 8.416822866287104819e+19 7.644610747324583117e+19
2.279977657576925102e+20 2.054743161869169132e+20 1.820111881390157660e+20 1.622803060085362524e+20 1.448799149957844992e+20 1.294551444282740081e+20 1.157780071256793088e+20 1.036620847915130225e+20 9.315299600254492672e+19 8.416822866287108096e+19 7.644610747324581478e+19
2.279977657576924774e+20 2.054743161869169459e+20 1.820111881390156677e+20 1.622803060085362196e+20 1.448799149957844992e+20 1.294551444282739917e+20 1.157780071256793252e+20 1.036620847915129897e+20 9.315299600254494310e+19 8.416822866287104819e+19 7.644610747324576563e+19
2.279977657576925102e+20 2.054743161869170115e+20 1.820111881390157332e+20 1.622803060085362196e+20 1.448799149957844992e+20 1.294551444282739753e+20 1.157780071256793416e+20 1.036620847915129897e+20 9.315299600254492672e+19 8.416822866287106458e+19 7.644610747324576563e+19
2.279977657576924774e+20 2.054743161869169459e+20 1.820111881390157332e+20 1.622803060085362196e+20 1.448799149957844828e+20 1.294551444282739589e+20 1.157780071256793088e+20 1.036620847915130061e+20 9.315299600254492672e+19 8.416822866287109734e+19 7.644610747324573286e+19
2.279977657576925102e+20 2.054743161869169132e+20 1.820111881390156349e+20 1.622803060085361213e+20 1.448799149957844664e+20 1.294551444282739589e+20 1.157780071256793088e+20 1.036620847915129733e+20 9.315299600254492672e+19 8.416822866287109734e+19 7.644610747324570010e+19
2.279977657576924119e+20 2.054743161869168804e+20 1.820111881390156022e+20 1.622803060085361541e+20 1.448799149957844828e+20 1.294551444282739589e+20 1.157780071256792924e+20 1.036620847915129897e+20 9.315299600254494310e+19 8.416822866287113011e+19 7.644610747324568371e+19
2.279977657576923791e+20 2.054743161869168476e+20 1.820111881390156022e+20 1.622803060085361869e+20 1.448799149957844992e+20 1.294551444282739261e+20 1.157780071256792924e+20 1.036620847915129733e+20 9.315299600254489395e+19 8.416822866287114650e+19 7.644610747324568371e+19
2.279977657576923464e+20 2.054743161869168148e+20 1.820111881390156349e+20 1.622803060085361869e+20 1.448799149957844992e+20 1.294551444282739261e+20 1.157780071256793088e+20 1.036620847915130061e+20 9.315299600254492672e+19 8.416822866287113011e+19 7.644610747324568371e+19
2.279977657576923136e+20 2.054743161869166838e+20 1.820111881390157332e+20 1.622803060085361869e+20 1.448799149957845156e+20 1.294551444282738934e+20 1.157780071256793252e+20 1.036620847915129733e+20 9.315299600254494310e+19 8.416822866287113011e+19 7.644610747324571648e+19
2.279977657576923464e+20 2.054743161869166182e+20 1.820111881390157005e+20 1.622803060085361541e+20 1.448799149957844828e+20 1.294551444282738770e+20 1.157780071256793580e+20 1.036620847915129733e+20 9.315299600254495949e+19 8.416822866287111373e+19 7.644610747324568371e+19
2.279977657576923464e+20 2.054743161869165527e+20 1.820111881390157005e+20 1.622803060085361541e+20 1.448799149957844992e+20 1.294551444282738770e+20 1.157780071256793743e+20 1.036620847915129733e+20 9.315299600254495949e+19 8.416822866287113011e+19 7.644610747324570010e+19
2.279977657576923464e+20 2.054743161869165199e+20 1.820111881390157005e+20 1.622803060085361541e+20 1.448799149957844992e+20 1.294551444282738934e+20 1.157780071256793743e+20 1.036620847915129733e+20 9.315299600254491034e+19 8.416822866287109734e+19 7.644610747324570010e+19
2.279977657576923791e+20 2.054743161869165855e+20 1.820111881390157005e+20 1.622803060085362196e+20 1.448799149957844992e+20 1.294551444282739098e+20 1.157780071256793907e+20 1.036620847915130225e+20 9.315299600254492672e+19 8.416822866287108096e+19 7.644610747324573286e+19
2.279977657576923464e+20 2.054743161869166510e+20 1.820111881390156677e+20 1.622803060085362852e+20 1.448799149957845320e+20 1.294551444282739098e+20 1.157780071256793416e+20 1.036620847915130388e+20 9.315299600254492672e+19 8.416822866287109734e+19 7.644610747324574925e+19
2.279977657576923136e+20 2.054743161869166510e+20 1.820111881390157660e+20 1.622803060085362524e+20 1.448799149957845320e+20 1.294551444282739098e+20 1.157780071256793580e+20 1.036620847915130061e+20 9.315299600254492672e+19 8.416822866287113011e+19 7.644610747324574925e+19
2.279977657576922808e+20 2.054743161869166182e+20 1.820111881390157332e+20 1.622803060085362524e+20 1.448799149957845484e+20 1.294551444282738934e+20 1.157780071256793580e+20 1.036620847915129897e+20 9.315299600254495949e+19 8.416822866287111373e+19 7.644610747324578202e+19
2.279977657576922481e+20 2.054743161869166510e+20 1.820111881390157332e+20 1.622803060085362196e+20 1.448799149957845811e+20 1.294551444282738934e+20 1.157780071256793416e+20 1.036620847915129897e+20 9.315299600254494310e+19 8.416822866287111373e+19 7.644610747324578202e+19
2.279977657576922808e+20 2.054743161869166838e+20 1.820111881390157660e+20 1.622803060085362852e+20 1.448799149957845811e+20 1.294551444282738606e+20 1.157780071256793088e+20 1.036620847915130061e+20 9.315299600254494310e+19 8.416822866287109734e+19 7.644610747324578202e+19
2.279977657576922808e+20 2.054743161869166838e+20 1.820111881390157988e+20 1.622803060085363180e+20 1.448799149957845811e+20 1.294551444282738606e+20 1.157780071256792924e+20 1.036620847915130061e+20 9.315299600254492672e+19 8.416822866287103181e+19 7.644610747324576563e+19
2.279977657576922481e+20 2.054743161869166838e+20 1.820111881390158643e+20 1.622803060085364163e+20 1.448799149957845975e+20 1.294551444282738606e+20 1.157780071256792924e+20 1.036620847915130061e+20 9.315299600254494310e+19 8.416822866287099904e+19 7.644610747324579840e+19
2.279977657576922808e+20 2.054743161869166838e+20 1.820111881390158643e+20 1.622803060085363835e+20 1.448799149957846303e+20 1.294551444282738442e+20 1.157780071256792596e+20 1.036620847915130388e+20 9.315299600254494310e+19 8.416822866287099904e+19 7.644610747324578202e+19
2.279977657576922481e+20 2.054743161869167165e+20 1.820111881390158316e+20 1.622803060085363835e+20 1.448799149957846467e+20 1.294551444282738442e+20 1.157780071256792596e+20 1.036620847915130061e+20 9.315299600254492672e+19 8.416822866287099904e+19 7.644610747324578202e+19
2.279977657576922481e+20 2.054743161869166510e+20 1.820111881390158316e+20 1.622803060085364490e+20 1.448799149957845975e+20 1.294551444282738606e+20 1.157780071256792433e+20 1.036620847915130061e+20 9.315299600254495949e+19 8.416822866287096627e+19 7.644610747324579840e+19
2.279977657576921825e+20 2.054743161869166182e+20 1.820111881390157988e+20 1.622803060085363507e+20 1.448799149957845975e+20 1.294551444282738606e+20 1.157780071256792433e+20 1.036620847915130061e+20 9.315299600254495949e+19 8.416822866287099904e+19 7.644610747324578202e+19
2.279977657576922153e+20 2.054743161869165527e+20 1.820111881390158316e+20 1.622803060085363507e+20 1.448799149957845975e+20 1.294551444282738770e+20 1.157780071256792596e+20 1.036620847915130061e+20 9.315299600254497587e+19 8.416822866287099904e+19 7.644610747324576563e+19
2.279977657576921498e+20 2.054743161869165855e+20 1.820111881390158316e+20 1.622803060085363180e+20 1.448799149957846303e+20 1.294551444282738606e+20 1.157780071256792760e+20 1.036620847915130225e+20 9.315299600254499226e+19 8.416822866287098266e+19 7.644610747324581478e+19
2.279977657576922153e+20 2.054743161869166182e+20 1.820111881390159299e+20 1.622803060085363180e+20 1.448799149957846303e+20 1.294551444282738606e+20 1.157780071256792924e+20 1.036620847915129897e+20 9.315299600254497587e+19 8.416822866287096627e+19 7.644610747324581478e+19
2.279977657576922153e+20 2.054743161869166182e+20 1.820111881390159626e+20 1.622803060085364490e+20 1.448799149957846139e+20 1.294551444282738442e+20 1.157780071256793088e+20 1.036620847915130061e+20 9.315299600254499226e+19 8.416822866287096627e+19 7.644610747324578202e+19
2.279977657576921825e+20 2.054743161869166838e+20 1.820111881390159626e+20 1.622803060085364163e+20 1.448799149957846139e+20 1.294551444282738442e+20 1.157780071256793252e+20 1.036620847915130225e+20 9.315299600254497587e+19 8.416822866287096627e+19 7.644610747324578202e+19
2.279977657576921498e+20 2.054743161869167165e+20 1.820111881390159299e+20 1.622803060085364818e+20 1.448799149957846303e+20 1.294551444282738934e+20 1.157780071256793252e+20 1.036620847915130225e+20 9.315299600254502502e+19 8.416822866287099904e+19 7.644610747324576563e+19
2.279977657576921498e+20 2.054743161869167165e+20 1.820111881390160282e+20 1.622803060085364818e+20 1.448799149957846303e+20 1.294551444282738606e+20 1.157780071256793088e+20 1.036620847915130388e+20 9.315299600254500864e+19 8.416822866287101542e+19 7.644610747324578202e+19
2.279977657576921825e+20 2.054743161869166838e+20 1.820111881390159954e+20 1.622803060085364818e+20 1.448799149957846139e+20 1.294551444282738770e+20 1.157780071256792924e+20 1.036620847915130388e+20 9.315299600254499226e+19 8.416822866287098266e+19 7.644610747324574925e+19
2.279977657576921170e+20 2.054743161869166838e+20 1.820111881390160609e+20 1.622803060085364490e+20 1.448799149957845811e+20 1.294551444282739098e+20 1.157780071256792924e+20 1.036620847915130388e+20 9.315299600254504141e+19 8.416822866287098266e+19 7.644610747324573286e+19
2.279977657576920842e+20 2.054743161869166838e+20 1.820111881390160282e+20 1.622803060085364490e+20 1.448799149957845975e+20 1.294551444282739098e+20 1.157780071256793252e+20 1.036620847915130388e+20 9.315299600254502502e+19 8.416822866287096627e+19 7.644610747324573286e+19
2.279977657576920187e+20 2.054743161869166182e+20 1.820111881390159954e+20 1.622803060085364818e+20 1.448799149957845975e+20 1.294551444282739425e+20 1.157780071256793416e+20 1.036620847915130552e+20 9.315299600254505779e+19 8.416822866287094989e+19 7.644610747324570010e+19
2.279977657576920842e+20 2.054743161869166838e+20 1.820111881390159626e+20 1.622803060085364490e+20 1.448799149957846303e+20 1.294551444282739589e+20 1.157780071256793252e+20 1.036620847915130225e+20 9.315299600254509056e+19 8.416822866287091712e+19 7.644610747324568371e+19
2.279977657576920842e+20 2.054743161869166510e+20 1.820111881390159626e+20 1.622803060085363835e+20 1.448799149957846303e+20 1.294551444282739425e+20 1.157780071256793088e+20 1.036620847915130225e+20 9.315299600254507418e+19 8.416822866287091712e+19 7.644610747324565094e+19
2.279977657576920515e+20 2.054743161869167493e+20 1.820111881390160609e+20 1.622803060085364818e+20 1.448799149957846467e+20 1.294551444282739098e+20 1.157780071256793252e+20 1.036620847915130061e+20 9.315299600254505779e+19 8.416822866287091712e+19 7.644610747324565094e+19
2.279977657576920842e+20 2.054743161869167493e+20 1.820111881390159954e+20 1.622803060085364818e+20 1.448799149957846630e+20 1.294551444282738934e+20 1.157780071256793580e+20 1.036620847915129569e+20 9.315299600254509056e+19 8.416822866287091712e+19 7.644610747324568371e+19
2.279977657576920842e+20 2.054743161869167165e+20 1.820111881390159954e+20 1.622803060085365146e+20 1.448799149957846794e+20 1.294551444282739425e+20 1.157780071256793743e+20 1.036620847915129078e+20 9.315299600254509056e+19 8.416822866287093350e+19 7.644610747324570010e+19
2.279977657576921170e+20 2.054743161869166838e+20 1.820111881390160609e+20 1.622803060085365146e+20 1.448799149957846630e+20 1.294551444282739261e+20 1.157780071256793580e+20 1.036620847915129078e+20 9.315299600254507418e+19 8.416822866287093350e+19 7.644610747324568371e+19
2.279977657576921170e+20 2.054743161869166510e+20 1.820111881390161265e+20 1.622803060085364490e+20 1.448799149957847450e+20 1.294551444282739753e+20 1.157780071256793416e+20 1.036620847915128914e+20 9.315299600254509056e+19 8.416822866287090074e+19 7.644610747324566733e+19
2.279977657576921170e+20 2.054743161869166838e+20 1.820111881390161920e+20 1.622803060085364163e+20 1.448799149957847613e+20 1.294551444282740081e+20 1.157780071256793416e+20 1.036620847915128586e+20 9.315299600254507418e+19 8.416822866287091712e+19 7.644610747324566733e+19
2.279977657576921170e+20 2.054743161869166510e+20 1.820111881390162248e+20 1.622803060085364490e+20 1.448799149957847450e+20 1.294551444282740244e+20 1.157780071256793743e+20 1.036620847915128750e+20 9.315299600254507418e+19 8.416822866287090074e+19 7.644610747324563456e+19
2.279977657576919859e+20 2.054743161869166182e+20 1.820111881390162903e+20 1.622803060085363835e+20 1.448799149957847613e+20 1.294551444282740244e+20 1.157780071256793580e+20 1.036620847915128914e+20 9.315299600254507418e+19 8.416822866287088435e+19 7.644610747324563456e+19
2.279977657576919859e+20 2.054743161869166510e+20 1.820111881390162575e+20 1.622803060085364163e+20 1.448799149957847450e+20 1.294551444282740081e+20 1.157780071256793743e+20 1.036620847915128750e+20 9.315299600254507418e+19 8.416822866287086797e+19 7.644610747324568371e+19
2.279977657576919859e+20 2.054743161869166182e+20 1.820111881390162248e+20 1.622803060085363835e+20 1.448799149957847450e+20 1.294551444282740081e+20 1.157780071256793580e+20 1.036620847915128586e+20 9.315299600254509056e+19 8.416822866287085158e+19 7.644610747324568371e+19
2.279977657576919859e+20 2.054743161869166182e+20 1.820111881390161920e+20 1.622803060085364163e+20 1.448799149957847613e+20 1.294551444282740244e+20 1.157780071256793252e+20 1.036620847915128422e+20 9.315299600254509056e+19 8.416822866287088435e+19 7.644610747324565094e+19
2.279977657576920515e+20 2.054743161869166182e+20 1.820111881390161265e+20 1.622803060085363507e+20 1.448799149957847941e+20 1.294551444282740244e+20 1.157780071256793252e+20 1.036620847915128914e+20 9.315299600254509056e+19 8.416822866287088435e+19 7.644610747324563456e+19
2.279977657576920515e+20 2.054743161869165855e+20 1.820111881390160937e+20 1.622803060085364163e+20 1.448799149957847450e+20 1.294551444282739753e+20 1.157780071256793088e+20 1.036620847915128750e+20 9.315299600254510694e+19 8.416822866287086797e+19 7.644610747324566733e+19
2.279977657576920515e+20 2.054743161869164872e+20 1.820111881390160282e+20 1.622803060085363835e+20 1.448799149957847286e+20 1.294551444282739425e+20 1.157780071256793252e+20 1.036620847915128750e+20 9.315299600254515610e+19 8.416822866287083520e+19 7.644610747324566733e+19
2.279977657576920187e+20 2.054743161869164544e+20 1.820111881390160282e+20 1.622803060085364163e+20 1.448799149957847613e+20 1.294551444282739753e+20 1.157780071256793252e+20 1.036620847915128914e+20 9.315299600254518886e+19 8.416822866287081882e+19 7.644610747324568371e+19
2.279977657576921170e+20 2.054743161869163561e+20 1.820111881390159954e+20 1.622803060085364818e+20 1.448799149957847122e+20 1.294551444282739917e+20 1.157780071256793416e+20 1.036620847915129242e+20 9.315299600254517248e+19 8.416822866287083520e+19 7.644610747324574925e+19
2.279977657576920842e+20 2.054743161869163233e+20 1.820111881390159626e+20 1.622803060085364818e+20 1.448799149957847286e+20 1.294551444282740081e+20 1.157780071256793580e+20 1.036620847915129242e+20 9.315299600254520525e+19 8.416822866287085158e+19 7.644610747324573286e+19
2.279977657576920842e+20 2.054743161869163561e+20 1.820111881390159626e+20 1.622803060085365473e+20 1.448799149957847122e+20 1.294551444282739753e+20 1.157780071256793743e+20 1.036620847915129405e+20 9.315299600254518886e+19 8.416822866287086797e+19 7.644610747324571648e+19
2.279977657576920515e+20 2.054743161869164872e+20 1.820111881390159954e+20 1.622803060085365801e+20 1.448799149957846794e+20 1.294551444282739753e+20 1.157780071256793743e+20 1.036620847915129569e+20 9.315299600254517248e+19 8.416822866287083520e+19 7.644610747324571648e+19
2.279977657576920187e+20 2.054743161869163889e+20 1.820111881390159299e+20 1.622803060085365146e+20 1.448799149957846794e+20 1.294551444282740081e+20 1.157780071256793580e+20 1.036620847915129242e+20 9.315299600254520525e+19 8.416822866287083520e+19 7.644610747324570010e+19
2.279977657576920187e+20 2.054743161869164872e+20 1.820111881390158971e+20 1.622803060085365146e+20 1.448799149957846303e+20 1.294551444282740408e+20 1.157780071256793743e+20 1.036620847915129078e+20 9.315299600254520525e+19 8.416822866287083520e+19 7.644610747324568371e+19
2.279977657576919204e+20 2.054743161869165199e+20 1.820111881390158643e+20 1.622803060085364818e+20 1.448799149957846467e+20 1.294551444282740736e+20 1.157780071256793580e+20 1.036620847915128586e+20 9.315299600254517248e+19 8.416822866287080243e+19 7.644610747324568371e+19
2.279977657576918876e+20 2.054743161869165199e+20 1.820111881390158316e+20 1.622803060085365473e+20 1.448799149957846630e+20 1.294551444282740408e+20 1.157780071256793416e+20 1.036620847915128750e+20 9.315299600254517248e+19 8.416822866287081882e+19 7.644610747324571648e+19
2.279977657576919204e+20 2.054743161869165199e+20 1.820111881390158643e+20 1.622803060085364490e+20 1.448799149957846794e+20 1.294551444282740408e+20 1.157780071256793416e+20 1.036620847915128914e+20 9.315299600254517248e+19 8.416822866287080243e+19 7.644610747324573286e+19
2.279977657576918876e+20 2.054743161869165527e+20 1.820111881390158643e+20 1.622803060085364818e+20 1.448799149957847122e+20 1.294551444282740572e+20 1.157780071256793580e+20 1.036620847915128914e+20 9.315299600254518886e+19 8.416822866287080243e+19 7.644610747324568371e+19
2.279977657576918876e+20 2.054743161869165199e+20 1.820111881390158316e+20 1.622803060085364490e+20 1.448799149957847450e+20 1.294551444282740408e+20 1.157780071256793416e+20 1.036620847915128914e+20 9.315299600254518886e+19 8.416822866287078605e+19 7.644610747324565094e+19
2.279977657576918548e+20 2.054743161869165855e+20 1.820111881390158316e+20 1.622803060085364163e+20 1.448799149957847450e+20 1.294551444282740572e+20 1.157780071256793416e+20 1.036620847915129242e+20 9.315299600254520525e+19 8.416822866287081882e+19 7.644610747324565094e+19
2.279977657576918548e+20 2.054743161869165527e+20 1.820111881390158316e+20 1.622803060085363507e+20 1.448799149957847450e+20 1.294551444282740408e+20 1.157780071256793252e+20 1.036620847915129405e+20 9.315299600254522163e+19 8.416822866287080243e+19 7.644610747324563456e+19
2.279977657576918548e+20 2.054743161869165527e+20 1.820111881390157332e+20 1.622803060085363507e+20 1.448799149957847286e+20 1.294551444282740736e+20 1.157780071256793252e+20 1.036620847915129569e+20 9.315299600254522163e+19 8.416822866287081882e+19 7.644610747324561818e+19
2.279977657576918876e+20 2.054743161869165527e+20 1.820111881390157005e+20 1.622803060085363507e+20 1.448799149957847450e+20 1.294551444282740736e+20 1.157780071256793416e+20 1.036620847915129569e+20 9.315299600254523802e+19 8.416822866287085158e+19 7.644610747324561818e+19
2.279977657576918876e+20 2.054743161869164872e+20 1.820111881390156677e+20 1.622803060085363180e+20 1.448799149957847450e+20 1.294551444282740900e+20 1.157780071256793580e+20 1.036620847915129733e+20 9.315299600254523802e+19 8.416822866287081882e+19 7.644610747324560179e+19
2.279977657576918548e+20 2.054743161869164872e+20 1.820111881390157332e+20 1.622803060085363835e+20 1.448799149957847450e+20 1.294551444282741064e+20 1.157780071256793416e+20 1.036620847915129569e+20 9.315299600254528717e+19 8.416822866287081882e+19 7.644610747324560179e+19
2.279977657576918548e+20 2.054743161869164544e+20 1.820111881390157660e+20 1.622803060085364490e+20 1.448799149957847613e+20 1.294551444282740572e+20 1.157780071256793743e+20 1.036620847915129242e+20 9.315299600254527078e+19 8.416822866287076966e+19 7.644610747324561818e+19
2.279977657576919204e+20 2.054743161869164216e+20 1.820111881390157332e+20 1.622803060085363835e+20 1.448799149957847613e+20 1.294551444282740572e+20 1.157780071256793743e+20 1.036620847915128914e+20 9.315299600254530355e+19 8.416822866287078605e+19 7.644610747324563456e+19
2.279977657576918548e+20 2.054743161869163889e+20 1.820111881390157660e+20 1.622803060085363835e+20 1.448799149957847777e+20 1.294551444282740408e+20 1.157780071256793580e+20 1.036620847915128914e+20 9.315299600254528717e+19 8.416822866287080243e+19 7.644610747324563456e+19
2.279977657576918548e+20 2.054743161869164216e+20 1.820111881390157660e+20 1.622803060085364163e+20 1.448799149957847613e+20 1.294551444282740408e+20 1.157780071256794071e+20 1.036620847915129242e+20 9.315299600254527078e+19 8.416822866287078605e+19 7.644610747324561818e+19
2.279977657576919204e+20 2.054743161869164872e+20 1.820111881390158316e+20 1.622803060085364818e+20 1.448799149957847450e+20 1.294551444282740900e+20 1.157780071256793743e+20 1.036620847915129569e+20 9.315299600254527078e+19 8.416822866287076966e+19 7.644610747324563456e+19
2.279977657576918876e+20 2.054743161869165199e+20 1.820111881390158643e+20 1.622803060085364490e+20 1.448799149957847613e+20 1.294551444282740900e+20 1.157780071256794071e+20 1.036620847915129078e+20 9.315299600254525440e+19 8.416822866287075328e+19 7.644610747324563456e+19
2.279977657576918876e+20 2.054743161869165855e+20 1.820111881390158971e+20 1.622803060085364490e+20 1.448799149957847613e+20 1.294551444282741064e+20 1.157780071256794071e+20 1.036620847915129078e+20 9.315299600254523802e+19 8.416822866287072051e+19 7.644610747324565094e+19
2.279977657576919204e+20 2.054743161869164872e+20 1.820111881390158971e+20 1.622803060085364818e+20 1.448799149957847941e+20 1.294551444282741064e+20 1.157780071256794071e+20 1.036620847915129405e+20 9.315299600254527078e+19 8.416822866287072051e+19 7.644610747324563456e+19
2.279977657576920187e+20 2.054743161869164216e+20 1.820111881390159299e+20 1.622803060085364818e+20 1.448799149957847941e+20 1.294551444282741228e+20 1.157780071256794235e+20 1.036620847915129242e+20 9.315299600254533632e+19 8.416822866287075328e+19 7.644610747324565094e+19
2.279977657576920187e+20 2.054743161869164872e+20 1.820111881390158971e+20 1.622803060085364818e+20 1.448799149957847777e+20 1.294551444282741064e+20 1.157780071256794563e+20 1.036620847915128914e+20 9.315299600254533632e+19 8.416822866287075328e+19 7.644610747324565094e+19
2.279977657576920187e+20 2.054743161869164544e+20 1.820111881390158971e+20 1.622803060085364490e+20 1.448799149957847613e+20 1.294551444282740900e+20 1.157780071256794399e+20 1.036620847915128914e+20 9.315299600254535270e+19 8.416822866287078605e+19 7.644610747324563456e+19
2.279977657576920187e+20 2.054743161869163889e+20 1.820111881390158643e+20 1.622803060085364490e+20 1.448799149957847286e+20 1.294551444282740572e+20 1.157780071256794399e+20 1.036620847915128586e+20 9.315299600254535270e+19 8.416822866287076966e+19 7.644610747324563456e+19
2.279977657576920187e+20 2.054743161869163889e+20 1.820111881390157988e+20 1.622803060085364818e+20 1.448799149957847286e+20 1.294551444282740572e+20 1.157780071256794563e+20 1.036620847915128259e+20 9.315299600254531994e+19 8.416822866287076966e+19 7.644610747324565094e+19
2.279977657576919859e+20 2.054743161869164544e+20 1.820111881390157988e+20 1.622803060085364818e+20 1.448799149957847450e+20 1.294551444282740572e+20 1.157780071256794890e+20 1.036620847915128586e+20 9.315299600254533632e+19 8.416822866287076966e+19 7.644610747324565094e+19
2.279977657576920187e+20 2.054743161869164216e+20 1.820111881390158316e+20 1.622803060085365146e+20 1.448799149957847450e+20 1.294551444282740572e+20 1.157780071256794563e+20 1.036620847915128586e+20 9.315299600254533632e+19 8.416822866287078605e+19 7.644610747324565094e+19
2.279977657576919859e+20 2.054743161869164872e+20 1.820111881390157988e+20 1.622803060085364163e+20 1.448799149957847777e+20 1.294551444282740572e+20 1.157780071256794399e+20 1.036620847915128422e+20 9.315299600254536909e+19 8.416822866287078605e+19 7.644610747324566733e+19
2.279977657576919859e+20 2.054743161869165199e+20 1.820111881390157988e+20 1.622803060085363835e+20 1.448799149957847941e+20 1.294551444282740736e+20 1.157780071256794890e+20 1.036620847915128586e+20 9.315299600254536909e+19 8.416822866287075328e+19 7.644610747324568371e+19
2.279977657576920515e+20 2.054743161869165855e+20 1.820111881390158316e+20 1.622803060085363507e+20 1.448799149957848105e+20 1.294551444282740900e+20 1.157780071256795218e+20 1.036620847915128750e+20 9.315299600254536909e+19 8.416822866287075328e+19 7.644610747324568371e+19
2.279977657576920842e+20 2.054743161869165855e+20 1.820111881390157988e+20 1.622803060085363835e+20 1.448799149957847941e+20 1.294551444282740900e+20 1.157780071256795218e+20 1.036620847915128586e+20 9.315299600254538547e+19 8.416822866287073690e+19 7.644610747324566733e+19
2.279977657576920842e+20 2.054743161869165527e+20 1.820111881390157988e+20 1.622803060085364490e+20 1.448799149957848105e+20 1.294551444282740900e+20 1.157780071256794890e+20 1.036620847915128586e+20 9.315299600254543462e+19 8.416822866287072051e+19 7.644610747324565094e+19
2.279977657576920515e+20 2.054743161869165527e+20 1.820111881390157660e+20 1.622803060085364490e+20 1.448799149957848269e+20 1.294551444282740736e+20 1.157780071256794890e+20 1.036620847915128586e+20 9.315299600254546739e+19 8.416822866287073690e+19 7.644610747324563456e+19
2.279977657576920842e+20 2.054743161869165527e+20 1.820111881390157988e+20 1.622803060085365473e+20 1.448799149957848269e+20 1.294551444282740736e+20 1.157780071256795054e+20 1.036620847915128586e+20 9.315299600254548378e+19 8.416822866287073690e+19 7.644610747324563456e+19
2.279977657576920515e+20 2.054743161869165527e+20 1.820111881390157988e+20 1.622803060085365801e+20 1.448799149957847941e+20 1.294551444282740408e+20 1.157780071256795054e+20 1.036620847915128586e+20 9.315299600254548378e+19 8.416822866287072051e+19 7.644610747324565094e+19
2.279977657576920842e+20 2.054743161869165527e+20 1.820111881390158643e+20 1.622803060085366129e+20 1.448799149957847613e+20 1.294551444282740244e+20 1.157780071256794563e+20 1.036620847915128259e+20 9.315299600254546739e+19 8.416822866287070413e+19 7.644610747324563456e+19
2.279977657576920842e+20 2.054743161869166510e+20 1.820111881390158971e+20 1.622803060085366129e+20 1.448799149957847450e+20 1.294551444282740408e+20 1.157780071256794563e+20 1.036620847915128095e+20 9.315299600254545101e+19 8.416822866287070413e+19 7.644610747324565094e+19
2.279977657576920842e+20 2.054743161869166838e+20 1.820111881390158971e+20 1.622803060085366784e+20 1.448799149957847613e+20 1.294551444282740736e+20 1.157780071256794399e+20 1.036620847915127931e+20 9.315299600254541824e+19 8.416822866287067136e+19 7.644610747324565094e+19
2.279977657576921170e+20 2.054743161869166838e+20 1.820111881390159299e+20 1.622803060085367112e+20 1.448799149957847613e+20 1.294551444282740736e+20 1.157780071256793907e+20 1.036620847915127439e+20 9.315299600254543462e+19 8.416822866287068774e+19 7.644610747324568371e+19
2.279977657576921170e+20 2.054743161869166838e+20 1.820111881390159954e+20 1.622803060085367112e+20 1.448799149957847122e+20 1.294551444282740900e+20 1.157780071256794071e+20 1.036620847915127439e+20 9.315299600254540186e+19 8.416822866287067136e+19 7.644610747324571648e+19
2.279977657576921498e+20 2.054743161869167165e+20 1.820111881390159954e+20 1.622803060085367112e+20 1.448799149957847286e+20 1.294551444282741064e+20 1.157780071256794235e+20 1.036620847915126620e+20 9.315299600254538547e+19 8.416822866287065498e+19 7.644610747324571648e+19
2.279977657576921170e+20 2.054743161869167165e+20 1.820111881390160282e+20 1.622803060085367112e+20 1.448799149957847286e+20 1.294551444282740572e+20 1.157780071256794235e+20 1.036620847915126456e+20 9.315299600254538547e+19 8.416822866287068774e+19 7.644610747324568371e+19
2.279977657576921170e+20 2.054743161869166838e+20 1.820111881390159954e+20 1.622803060085366456e+20 1.448799149957847613e+20 1.294551444282740736e+20 1.157780071256794726e+20 1.036620847915126129e+20 9.315299600254536909e+19 8.416822866287068774e+19 7.644610747324570010e+19
2.279977657576921170e+20 2.054743161869166510e+20 1.820111881390159626e+20 1.622803060085365146e+20 1.448799149957847450e+20 1.294551444282740244e+20 1.157780071256794726e+20 1.036620847915126292e+20 9.315299600254536909e+19 8.416822866287070413e+19 7.644610747324568371e+19
2.279977657576920842e+20 2.054743161869166510e+20 1.820111881390159626e+20 1.622803060085364818e+20 1.448799149957847777e+20 1.294551444282739917e+20 1.157780071256794563e+20 1.036620847915126456e+20 9.315299600254536909e+19 8.416822866287070413e+19 7.644610747324568371e+19
2.279977657576920515e+20 2.054743161869165855e+20 1.820111881390159299e+20 1.622803060085365473e+20 1.448799149957847777e+20 1.294551444282740081e+20 1.157780071256794563e+20 1.036620847915126292e+20 9.315299600254536909e+19 8.416822866287072051e+19 7.644610747324570010e+19
2.279977657576920842e+20 2.054743161869166510e+20 1.820111881390159299e+20 1.622803060085365801e+20 1.448799149957848269e+20 1.294551444282740408e+20 1.157780071256794235e+20 1.036620847915126456e+20 9.315299600254541824e+19 8.416822866287068774e+19 7.644610747324570010e+19
2.279977657576920515e+20 2.054743161869166510e+20 1.820111881390158971e+20 1.622803060085366129e+20 1.448799149957848596e+20 1.294551444282740244e+20 1.157780071256794563e+20 1.036620847915126292e+20 9.315299600254543462e+19 8.416822866287072051e+19 7.644610747324573286e+19
2.279977657576920842e+20 2.054743161869166838e+20 1.820111881390159299e+20 1.622803060085366129e+20 1.448799149957848596e+20 1.294551444282739917e+20 1.157780071256794726e+20 1.036620847915126620e+20 9.315299600254543462e+19 8.416822866287075328e+19 7.644610747324570010e+19
2.279977657576921170e+20 2.054743161869168148e+20 1.820111881390159299e+20 1.622803060085366784e+20 1.448799149957848760e+20 1.294551444282739589e+20 1.157780071256794726e+20 1.036620847915126292e+20 9.315299600254543462e+19 8.416822866287073690e+19 7.644610747324568371e+19
2.279977657576920515e+20 2.054743161869168476e+20 1.820111881390159299e+20 1.622803060085366129e+20 1.448799149957848596e+20 1.294551444282739589e+20 1.157780071256795054e+20 1.036620847915126456e+20 9.315299600254540186e+19 8.416822866287072051e+19 7.644610747324568371e+19
2.279977657576920842e+20 2.054743161869168476e+20 1.820111881390158643e+20 1.622803060085366456e+20 1.448799149957848760e+20 1.294551444282739261e+20 1.157780071256795382e+20 1.036620847915126456e+20 9.315299600254540186e+19 8.416822866287073690e+19 7.644610747324570010e+19
2.279977657576920842e+20 2.054743161869169132e+20 1.820111881390158643e+20 1.622803060085366784e+20 1.448799149957848269e+20 1.294551444282739425e+20 1.157780071256795382e+20 1.036620847915126620e+20 9.315299600254540186e+19 8.416822866287070413e+19 7.644610747324570010e+19
2.279977657576919859e+20 2.054743161869169132e+20 1.820111881390158971e+20 1.622803060085366456e+20 1.448799149957848105e+20 1.294551444282738934e+20 1.157780071256795546e+20 1.036620847915126620e+20 9.315299600254540186e+19 8.416822866287072051e+19 7.644610747324571648e+19
2.279977657576919532e+20 2.054743161869168804e+20 1.820111881390158971e+20 1.622803060085367112e+20 1.448799149957848433e+20 1.294551444282738770e+20 1.157780071256795382e+20 1.036620847915126456e+20 9.315299600254538547e+19 8.416822866287073690e+19 7.644610747324573286e+19
2.279977657576919204e+20 2.054743161869168804e+20 1.820111881390159299e+20 1.622803060085366784e+20 1.448799149957848596e+20 1.294551444282739261e+20 1.157780071256795546e+20 1.036620847915126784e+20 9.315299600254536909e+19 8.416822866287075328e+19 7.644610747324573286e+19
2.279977657576919204e+20 2.054743161869168148e+20 1.820111881390159626e+20 1.622803060085365801e+20 1.448799149957848760e+20 1.294551444282739425e+20 1.157780071256795709e+20 1.036620847915127112e+20 9.315299600254538547e+19 8.416822866287076966e+19 7.644610747324570010e+19
2.279977657576919204e+20 2.054743161869168148e+20 1.820111881390158643e+20 1.622803060085366129e+20 1.448799149957848596e+20 1.294551444282739425e+20 1.157780071256795546e+20 1.036620847915126784e+20 9.315299600254535270e+19 8.416822866287075328e+19 7.644610747324570010e+19
2.279977657576918221e+20 2.054743161869167821e+20 1.820111881390158316e+20 1.622803060085365801e+20 1.448799149957848433e+20 1.294551444282739589e+20 1.157780071256795382e+20 1.036620847915126948e+20 9.315299600254535270e+19 8.416822866287078605e+19 7.644610747324568371e+19
2.279977657576918221e+20 2.054743161869168804e+20 1.820111881390157660e+20 1.622803060085366129e+20 1.448799149957848269e+20 1.294551444282739917e+20 1.157780071256795546e+20 1.036620847915126620e+20 9.315299600254530355e+19 8.416822866287080243e+19 7.644610747324566733e+19
2.279977657576918548e+20 2.054743161869168476e+20 1.820111881390157332e+20 1.622803060085365801e+20 1.448799149957848433e+20 1.294551444282740408e+20 1.157780071256795382e+20 1.036620847915126784e+20 9.315299600254528717e+19 8.416822866287080243e+19 7.644610747324568371e+19
2.279977657576919204e+20 2.054743161869168476e+20 1.820111881390157660e+20 1.622803060085365146e+20 1.448799149957848760e+20 1.294551444282740408e+20 1.157780071256795382e+20 1.036620847915127112e+20 9.315299600254528717e+19 8.416822866287076966e+19 7.644610747324565094e+19
2.279977657576918876e+20 2.054743161869168804e+20 1.820111881390157005e+20 1.622803060085364490e+20 1.448799149957848760e+20 1.294551444282740408e+20 1.157780071256795218e+20 1.036620847915127276e+20 9.315299600254528717e+19 8.416822866287078605e+19 7.644610747324565094e+19
2.279977657576918221e+20 2.054743161869169459e+20 1.820111881390157005e+20 1.622803060085364163e+20 1.448799149957848760e+20 1.294551444282740244e+20 1.157780071256795382e+20 1.036620847915127112e+20 9.315299600254531994e+19 8.416822866287076966e+19 7.644610747324566733e+19
2.279977657576918876e+20 2.054743161869169459e+20 1.820111881390157332e+20 1.622803060085363835e+20 1.448799149957848924e+20 1.294551444282740244e+20 1.157780071256795382e+20 1.036620847915126620e+20 9.315299600254535270e+19 8.416822866287075328e+19 7.644610747324565094e+19
2.279977657576918221e+20 2.054743161869168476e+20 1.820111881390157332e+20 1.622803060085363835e+20 1.448799149957849580e+20 1.294551444282740081e+20 1.157780071256795382e+20 1.036620847915126784e+20 9.315299600254536909e+19 8.416822866287075328e+19 7.644610747324565094e+19
2.279977657576917893e+20 2.054743161869168804e+20 1.820111881390157660e+20 1.622803060085363180e+20 1.448799149957849416e+20 1.294551444282740081e+20 1.157780071256795546e+20 1.036620847915126456e+20 9.315299600254533632e+19 8.416822866287076966e+19 7.644610747324561818e+19
2.279977657576917893e+20 2.054743161869168804e+20 1.820111881390158316e+20 1.622803060085362852e+20 1.448799149957849743e+20 1.294551444282740408e+20 1.157780071256795873e+20 1.036620847915126129e+20 9.315299600254528717e+19 8.416822866287081882e+19 7.644610747324565094e+19
2.279977657576917565e+20 2.054743161869169459e+20 1.820111881390157332e+20 1.622803060085362852e+20 1.448799149957849416e+20 1.294551444282739917e+20 1.157780071256796201e+20 1.036620847915126292e+20 9.315299600254528717e+19 8.416822866287080243e+19 7.644610747324561818e+19
2.279977657576917893e+20 2.054743161869169132e+20 1.820111881390157332e+20 1.622803060085362524e+20 1.448799149957849743e+20 1.294551444282740081e+20 1.157780071256796201e+20 1.036620847915125965e+20 9.315299600254528717e+19 8.416822866287080243e+19 7.644610747324566733e+19
2.279977657576918221e+20 2.054743161869168476e+20 1.820111881390157332e+20 1.622803060085362524e+20 1.448799149957849580e+20 1.294551444282740244e+20 1.157780071256796365e+20 1.036620847915125637e+20 9.315299600254527078e+19 8.416822866287075328e+19 7.644610747324563456e+19
2.279977657576917893e+20 2.054743161869168476e+20 1.820111881390157988e+20 1.622803060085361869e+20 1.448799149957849743e+20 1.294551444282740081e+20 1.157780071256796365e+20 1.036620847915125473e+20 9.315299600254527078e+19 8.416822866287078605e+19 7.644610747324563456e+19
2.279977657576917565e+20 2.054743161869168476e+20 1.820111881390157332e+20 1.622803060085361541e+20 1.448799149957849743e+20 1.294551444282740081e+20 1.157780071256796365e+20 1.036620847915125801e+20 9.315299600254527078e+19 8.416822866287076966e+19 7.644610747324565094e+19
2.279977657576918221e+20 2.054743161869168804e+20 1.820111881390157332e+20 1.622803060085361869e+20 1.448799149957849907e+20 1.294551444282739917e+20 1.157780071256796365e+20 1.036620847915125637e+20 9.315299600254528717e+19 8.416822866287076966e+19 7.644610747324566733e+19
2.279977657576917893e+20 2.054743161869169132e+20 1.820111881390157660e+20 1.622803060085361213e+20 1.448799149957850071e+20 1.294551444282739753e+20 1.157780071256796037e+20 1.036620847915125637e+20 9.315299600254530355e+19 8.416822866287076966e+19 7.644610747324565094e+19
2.279977657576918221e+20 2.054743161869169459e+20 1.820111881390157660e+20 1.622803060085361541e+20 1.448799149957849907e+20 1.294551444282739917e+20 1.157780071256796365e+20 1.036620847915125637e+20 9.315299600254525440e+19 8.416822866287075328e+19 7.644610747324566733e+19
2.279977657576918221e+20 2.054743161869169459e+20 1.820111881390157660e+20 1.622803060085361541e+20 1.448799149957849907e+20 1.294551444282740408e+20 1.157780071256796201e+20 1.036620847915125473e+20 9.315299600254528717e+19 8.416822866287078605e+19 7.644610747324566733e+19
2.279977657576917893e+20 2.054743161869168476e+20 1.820111881390158316e+20 1.622803060085361213e+20 1.448799149957850071e+20 1.294551444282740244e+20 1.157780071256796529e+20 1.036620847915125473e+20 9.315299600254522163e+19 8.416822866287078605e+19 7.644610747324568371e+19
2.279977657576917893e+20 2.054743161869168476e+20 1.820111881390159299e+20 1.622803060085361869e+20 1.448799149957849907e+20 1.294551444282739917e+20 1.157780071256797020e+20 1.036620847915125965e+20 9.315299600254520525e+19 8.416822866287076966e+19 7.644610747324568371e+19
2.279977657576916910e+20 2.054743161869169132e+20 1.820111881390159954e+20 1.622803060085361213e+20 1.448799149957849743e+20 1.294551444282740408e+20 1.157780071256797020e+20 1.036620847915125801e+20 9.315299600254523802e+19 8.416822866287075328e+19 7.644610747324573286e+19
2.279977657576916910e+20 2.054743161869169459e+20 1.820111881390160282e+20 1.622803060085361541e+20 1.448799149957850399e+20 1.294551444282740244e+20 1.157780071256797184e+20 1.036620847915125801e+20 9.315299600254525440e+19 8.416822866287073690e+19 7.644610747324576563e+19
2.279977657576916910e+20 2.054743161869169132e+20 1.820111881390159954e+20 1.622803060085361213e+20 1.448799149957850071e+20 1.294551444282740572e+20 1.157780071256797348e+20 1.036620847915126129e+20 9.315299600254525440e+19 8.416822866287068774e+19 7.644610747324578202e+19
2.279977657576917565e+20 2.054743161869169459e+20 1.820111881390159299e+20 1.622803060085361541e+20 1.448799149957850235e+20 1.294551444282740900e+20 1.157780071256797348e+20 1.036620847915126292e+20 9.315299600254527078e+19 8.416822866287072051e+19 7.644610747324576563e+19
2.279977657576917893e+20 2.054743161869169459e+20 1.820111881390159626e+20 1.622803060085362196e+20 1.448799149957850235e+20 1.294551444282740900e+20 1.157780071256797348e+20 1.036620847915126129e+20 9.315299600254525440e+19 8.416822866287073690e+19 7.644610747324576563e+19
2.279977657576918221e+20 2.054743161869169459e+20 1.820111881390159954e+20 1.622803060085361869e+20 1.448799149957850399e+20 1.294551444282740900e+20 1.157780071256797348e+20 1.036620847915126292e+20 9.315299600254527078e+19 8.416822866287075328e+19 7.644610747324578202e+19
2.279977657576918876e+20 2.054743161869170115e+20 1.820111881390160609e+20 1.622803060085361541e+20 1.448799149957849743e+20 1.294551444282741064e+20 1.157780071256796692e+20 1.036620847915126292e+20 9.315299600254528717e+19 8.416822866287073690e+19 7.644610747324576563e+19
2.279977657576918548e+20 2.054743161869170115e+20 1.820111881390161265e+20 1.622803060085361541e+20 1.448799149957849907e+20 1.294551444282741064e+20 1.157780071256796856e+20 1.036620847915125965e+20 9.315299600254528717e+19 8.416822866287072051e+19 7.644610747324576563e+19
2.279977657576918221e+20 2.054743161869170442e+20 1.820111881390161920e+20 1.622803060085361541e+20 1.448799149957849907e+20 1.294551444282740900e+20 1.157780071256797184e+20 1.036620847915125801e+20 9.315299600254531994e+19 8.416822866287070413e+19 7.644610747324574925e+19
2.279977657576918221e+20 2.054743161869170770e+20 1.820111881390161592e+20 1.622803060085361869e+20 1.448799149957849907e+20 1.294551444282740900e+20 1.157780071256797184e+20 1.036620847915125965e+20 9.315299600254528717e+19 8.416822866287068774e+19 7.644610747324576563e+19
2.279977657576918221e+20 2.054743161869171098e+20 1.820111881390161920e+20 1.622803060085361869e+20 1.448799149957850071e+20 1.294551444282740572e+20 1.157780071256797020e+20 1.036620847915125965e+20 9.315299600254528717e+19 8.416822866287065498e+19 7.644610747324579840e+19
2.279977657576917565e+20 2.054743161869171425e+20 1.820111881390161920e+20 1.622803060085361213e+20 1.448799149957849743e+20 1.294551444282740572e+20 1.157780071256797020e+20 1.036620847915126129e+20 9.315299600254530355e+19 8.416822866287063859e+19 7.644610747324583117e+19
2.279977657576917893e+20 2.054743161869171425e+20 1.820111881390161592e+20 1.622803060085361541e+20 1.448799149957849907e+20 1.294551444282740736e+20 1.157780071256797184e+20 1.036620847915126292e+20 9.315299600254533632e+19 8.416822866287065498e+19 7.644610747324581478e+19
2.279977657576917893e+20 2.054743161869171425e+20 1.820111881390161920e+20 1.622803060085361869e+20 1.448799149957850071e+20 1.294551444282740900e+20 1.157780071256797184e+20 1.036620847915126129e+20 9.315299600254531994e+19 8.416822866287067136e+19 7.644610747324584755e+19
2.279977657576918221e+20 2.054743161869172081e+20 1.820111881390162575e+20 1.622803060085361213e+20 1.448799149957849907e+20 1.294551444282740572e+20 1.157780071256797020e+20 1.036620847915125965e+20 9.315299600254531994e+19 8.416822866287062221e+19 7.644610747324584755e+19
2.279977657576918548e+20 2.054743161869172408e+20 1.820111881390162903e+20 1.622803060085360886e+20 1.448799149957849907e+20 1.294551444282740736e+20 1.157780071256797348e+20 1.036620847915126129e+20 9.315299600254528717e+19 8.416822866287060582e+19 7.644610747324581478e+19
2.279977657576918221e+20 2.054743161869173391e+20 1.820111881390162903e+20 1.622803060085360230e+20 1.448799149957849743e+20 1.294551444282740736e+20 1.157780071256797512e+20 1.036620847915126456e+20 9.315299600254530355e+19 8.416822866287058944e+19 7.644610747324581478e+19
2.279977657576917893e+20 2.054743161869173391e+20 1.820111881390162903e+20 1.622803060085359903e+20 1.448799149957849743e+20 1.294551444282740572e+20 1.157780071256797676e+20 1.036620847915126620e+20 9.315299600254525440e+19 8.416822866287058944e+19 7.644610747324579840e+19
2.279977657576919204e+20 2.054743161869173719e+20 1.820111881390162903e+20 1.622803060085359575e+20 1.448799149957849907e+20 1.294551444282740572e+20 1.157780071256798003e+20 1.036620847915126620e+20 9.315299600254530355e+19 8.416822866287060582e+19 7.644610747324579840e+19
2.279977657576919204e+20 2.054743161869174047e+20 1.820111881390162903e+20 1.622803060085359247e+20 1.448799149957850071e+20 1.294551444282740408e+20 1.157780071256797839e+20 1.036620847915126292e+20 9.315299600254528717e+19 8.416822866287060582e+19 7.644610747324581478e+19
2.279977657576919204e+20 2.054743161869173719e+20 1.820111881390163231e+20 1.622803060085359575e+20 1.448799149957850071e+20 1.294551444282740572e+20 1.157780071256797676e+20 1.036620847915126456e+20 9.315299600254527078e+19 8.416822866287060582e+19 7.644610747324579840e+19
2.279977657576919204e+20 2.054743161869173064e+20 1.820111881390163231e+20 1.622803060085359903e+20 1.448799149957849907e+20 1.294551444282740900e+20 1.157780071256797512e+20 1.036620847915126456e+20 9.315299600254530355e+19 8.416822866287062221e+19 7.644610747324583117e+19
2.279977657576918876e+20 2.054743161869173064e+20 1.820111881390162575e+20 1.622803060085359903e+20 1.448799149957849743e+20 1.294551444282741228e+20 1.157780071256797839e+20 1.036620847915126292e+20 9.315299600254530355e+19 8.416822866287065498e+19 7.644610747324586394e+19
2.279977657576918548e+20 2.054743161869173719e+20 1.820111881390161920e+20 1.622803060085360558e+20 1.448799149957850071e+20 1.294551444282740900e+20 1.157780071256798003e+20 1.036620847915126292e+20 9.315299600254531994e+19 8.416822866287065498e+19 7.644610747324586394e+19
2.279977657576917893e+20 2.054743161869174374e+20 1.820111881390162575e+20 1.622803060085360886e+20 1.448799149957850235e+20 1.294551444282740736e+20 1.157780071256798331e+20 1.036620847915126456e+20 9.315299600254527078e+19 8.416822866287067136e+19 7.644610747324586394e+19
2.279977657576918221e+20 2.054743161869174047e+20 1.820111881390162248e+20 1.622803060085361541e+20 1.448799149957850071e+20 1.294551444282740736e+20 1.157780071256798659e+20 1.036620847915126129e+20 9.315299600254527078e+19 8.416822866287062221e+19 7.644610747324591309e+19
2.279977657576918221e+20 2.054743161869174374e+20 1.820111881390162248e+20 1.622803060085360558e+20 1.448799149957850399e+20 1.294551444282740900e+20 1.157780071256798986e+20 1.036620847915125801e+20 9.315299600254523802e+19 8.416822866287060582e+19 7.644610747324591309e+19
2.279977657576918548e+20 2.054743161869173719e+20 1.820111881390162248e+20 1.622803060085361213e+20 1.448799149957850235e+20 1.294551444282741064e+20 1.157780071256798822e+20 1.036620847915125965e+20 9.315299600254522163e+19 8.416822866287062221e+19 7.644610747324594586e+19
2.279977657576917893e+20 2.054743161869173719e+20 1.820111881390161920e+20 1.622803060085361213e+20 1.448799149957850235e+20 1.294551444282741391e+20 1.157780071256798986e+20 1.036620847915125801e+20 9.315299600254518886e+19 8.416822866287058944e+19 7.644610747324594586e+19
2.279977657576917238e+20 2.054743161869173719e+20 1.820111881390163231e+20 1.622803060085361869e+20 1.448799149957850235e+20 1.294551444282741555e+20 1.157780071256798986e+20 1.036620847915125965e+20 9.315299600254517248e+19 8.416822866287058944e+19 7.644610747324592947e+19
2.279977657576918221e+20 2.054743161869173719e+20 1.820111881390163558e+20 1.622803060085362196e+20 1.448799149957850235e+20 1.294551444282741719e+20 1.157780071256799314e+20 1.036620847915125473e+20 9.315299600254515610e+19 8.416822866287057306e+19 7.644610747324588032e+19
2.279977657576918221e+20 2.054743161869174047e+20 1.820111881390163558e+20 1.622803060085361541e+20 1.448799149957850399e+20 1.294551444282741555e+20 1.157780071256799150e+20 1.036620847915125473e+20 9.315299600254515610e+19 8.416822866287057306e+19 7.644610747324586394e+19
2.279977657576918221e+20 2.054743161869172736e+20 1.820111881390164541e+20 1.622803060085361213e+20 1.448799149957850235e+20 1.294551444282741555e+20 1.157780071256799314e+20 1.036620847915125965e+20 9.315299600254517248e+19 8.416822866287058944e+19 7.644610747324589670e+19
2.279977657576918221e+20 2.054743161869172736e+20 1.820111881390164869e+20 1.622803060085361541e+20 1.448799149957850399e+20 1.294551444282741555e+20 1.157780071256799150e+20 1.036620847915126129e+20 9.315299600254518886e+19 8.416822866287058944e+19 7.644610747324586394e+19
2.279977657576917893e+20 2.054743161869172408e+20 1.820111881390164541e+20 1.622803060085361541e+20 1.448799149957850235e+20 1.294551444282741719e+20 1.157780071256799314e+20 1.036620847915126456e+20 9.315299600254518886e+19 8.416822866287057306e+19 7.644610747324586394e+19
2.279977657576917565e+20 2.054743161869172408e+20 1.820111881390164541e+20 1.622803060085361213e+20 1.448799149957850399e+20 1.294551444282742047e+20 1.157780071256799478e+20 1.036620847915126292e+20 9.315299600254517248e+19 8.416822866287060582e+19 7.644610747324581478e+19
2.279977657576917893e+20 2.054743161869172408e+20 1.820111881390164214e+20 1.622803060085360558e+20 1.448799149957850399e+20 1.294551444282741883e+20 1.157780071256799150e+20 1.036620847915126292e+20 9.315299600254515610e+19 8.416822866287057306e+19 7.644610747324581478e+19
2.279977657576917565e+20 2.054743161869172408e+20 1.820111881390165197e+20 1.622803060085361541e+20 1.448799149957850563e+20 1.294551444282741883e+20 1.157780071256799150e+20 1.036620847915126129e+20 9.315299600254515610e+19 8.416822866287058944e+19 7.644610747324583117e+19
2.279977657576918221e+20 2.054743161869173391e+20 1.820111881390165197e+20 1.622803060085361213e+20 1.448799149957850726e+20 1.294551444282742047e+20 1.157780071256799150e+20 1.036620847915126292e+20 9.315299600254520525e+19 8.416822866287055667e+19 7.644610747324586394e+19
2.279977657576917565e+20 2.054743161869173391e+20 1.820111881390165852e+20 1.622803060085361213e+20 1.448799149957850890e+20 1.294551444282742211e+20 1.157780071256798986e+20 1.036620847915126620e+20 9.315299600254520525e+19 8.416822866287054029e+19 7.644610747324588032e+19
2.279977657576917565e+20 2.054743161869173719e+20 1.820111881390165852e+20 1.622803060085360886e+20 1.448799149957850890e+20 1.294551444282742211e+20 1.157780071256799150e+20 1.036620847915127112e+20 9.315299600254518886e+19 8.416822866287055667e+19 7.644610747324589670e+19
2.279977657576916910e+20 2.054743161869173391e+20 1.820111881390165524e+20 1.622803060085360230e+20 1.448799149957850890e+20 1.294551444282742211e+20 1.157780071256799478e+20 1.036620847915126948e+20 9.315299600254517248e+19 8.416822866287055667e+19 7.644610747324588032e+19
2.279977657576916582e+20 2.054743161869173064e+20 1.820111881390165197e+20 1.622803060085360558e+20 1.448799149957850890e+20 1.294551444282742047e+20 1.157780071256799478e+20 1.036620847915126948e+20 9.315299600254518886e+19 8.416822866287055667e+19 7.644610747324589670e+19
2.279977657576916582e+20 2.054743161869173391e+20 1.820111881390165524e+20 1.622803060085360558e+20 1.448799149957851382e+20 1.294551444282742211e+20 1.157780071256799805e+20 1.036620847915127112e+20 9.315299600254520525e+19 8.416822866287057306e+19 7.644610747324588032e+19
2.279977657576916910e+20 2.054743161869173719e+20 1.820111881390165524e+20 1.622803060085361213e+20 1.448799149957851054e+20 1.294551444282742374e+20 1.157780071256799969e+20 1.036620847915127112e+20 9.315299600254520525e+19 8.416822866287057306e+19 7.644610747324589670e+19
2.279977657576917238e+20 2.054743161869174374e+20 1.820111881390165197e+20 1.622803060085361541e+20 1.448799149957851709e+20 1.294551444282742211e+20 1.157780071256799969e+20 1.036620847915127276e+20 9.315299600254525440e+19 8.416822866287055667e+19 7.644610747324588032e+19
2.279977657576917238e+20 2.054743161869174047e+20 1.820111881390165524e+20 1.622803060085361541e+20 1.448799149957851709e+20 1.294551444282741719e+20 1.157780071256800297e+20 1.036620847915127276e+20 9.315299600254520525e+19 8.416822866287055667e+19 7.644610747324588032e+19
2.279977657576916910e+20 2.054743161869174374e+20 1.820111881390165852e+20 1.622803060085361541e+20 1.448799149957851709e+20 1.294551444282741719e+20 1.157780071256799969e+20 1.036620847915126948e+20 9.315299600254522163e+19 8.416822866287057306e+19 7.644610747324586394e+19
2.279977657576917893e+20 2.054743161869174047e+20 1.820111881390165852e+20 1.622803060085360558e+20 1.448799149957852037e+20 1.294551444282741883e+20 1.157780071256800133e+20 1.036620847915126948e+20 9.315299600254520525e+19 8.416822866287060582e+19 7.644610747324588032e+19
2.279977657576918548e+20 2.054743161869174047e+20 1.820111881390166180e+20 1.622803060085360230e+20 1.448799149957852529e+20 1.294551444282741555e+20 1.157780071256799478e+20 1.036620847915126948e+20 9.315299600254518886e+19 8.416822866287062221e+19 7.644610747324588032e+19
2.279977657576918221e+20 2.054743161869174047e+20 1.820111881390166508e+20 1.622803060085360230e+20 1.448799149957852365e+20 1.294551444282741719e+20 1.157780071256799314e+20 1.036620847915126784e+20 9.315299600254522163e+19 8.416822866287062221e+19 7.644610747324589670e+19
2.279977657576918221e+20 2.054743161869173064e+20 1.820111881390166180e+20 1.622803060085360558e+20 1.448799149957852529e+20 1.294551444282742047e+20 1.157780071256799150e+20 1.036620847915126456e+20 9.315299600254520525e+19 8.416822866287065498e+19 7.644610747324589670e+19
2.279977657576917565e+20 2.054743161869173064e+20 1.820111881390165852e+20 1.622803060085360558e+20 1.448799149957852365e+20 1.294551444282742047e+20 1.157780071256799150e+20 1.036620847915126620e+20 9.315299600254522163e+19 8.416822866287062221e+19 7.644610747324591309e+19
2.279977657576917238e+20 2.054743161869172736e+20 1.820111881390165852e+20 1.622803060085360886e+20 1.448799149957852856e+20 1.294551444282741719e+20 1.157780071256798986e+20 1.036620847915126620e+20 9.315299600254520525e+19 8.416822866287062221e+19 7.644610747324591309e+19
2.279977657576916910e+20 2.054743161869172408e+20 1.820111881390166180e+20 1.622803060085360886e+20 1.448799149957852529e+20 1.294551444282741391e+20 1.157780071256798986e+20 1.036620847915126456e+20 9.315299600254520525e+19 8.416822866287063859e+19 7.644610747324591309e+19
2.279977657576917565e+20 2.054743161869172408e+20 1.820111881390165852e+20 1.622803060085361213e+20 1.448799149957852529e+20 1.294551444282741719e+20 1.157780071256798822e+20 1.036620847915126620e+20 9.315299600254522163e+19 8.416822866287065498e+19 7.644610747324592947e+19
2.279977657576917238e+20 2.054743161869172736e+20 1.820111881390165197e+20 1.622803060085361213e+20 1.448799149957853184e+20 1.294551444282741883e+20 1.157780071256799150e+20 1.036620847915126948e+20 9.315299600254523802e+19 8.416822866287063859e+19 7.644610747324594586e+19
2.279977657576917565e+20 2.054743161869172081e+20 1.820111881390164869e+20 1.622803060085359903e+20 1.448799149957853348e+20 1.294551444282741719e+20 1.157780071256798822e+20 1.036620847915127112e+20 9.315299600254523802e+19 8.416822866287065498e+19 7.644610747324599501e+19
2.279977657576917565e+20 2.054743161869171425e+20 1.820111881390164869e+20 1.622803060085360230e+20 1.448799149957852856e+20 1.294551444282742047e+20 1.157780071256798822e+20 1.036620847915127439e+20 9.315299600254523802e+19 8.416822866287067136e+19 7.644610747324601139e+19
2.279977657576917893e+20 2.054743161869171098e+20 1.820111881390164869e+20 1.622803060085360230e+20 1.448799149957853184e+20 1.294551444282742211e+20 1.157780071256798822e+20 1.036620847915127603e+20 9.315299600254527078e+19 8.416822866287068774e+19 7.644610747324597862e+19
2.279977657576917893e+20 2.054743161869170770e+20 1.820111881390165197e+20 1.622803060085360230e+20 1.448799149957853184e+20 1.294551444282741719e+20 1.157780071256798822e+20 1.036620847915127276e+20 9.315299600254525440e+19 8.416822866287067136e+19 7.644610747324597862e+19
2.279977657576918221e+20 2.054743161869170770e+20 1.820111881390164541e+20 1.622803060085359903e+20 1.448799149957853348e+20 1.294551444282741391e+20 1.157780071256798822e+20 1.036620847915127112e+20 9.315299600254520525e+19 8.416822866287070413e+19 7.644610747324599501e+19
2.279977657576918221e+20 2.054743161869170442e+20 1.820111881390164541e+20 1.622803060085360230e+20 1.448799149957853512e+20 1.294551444282741555e+20 1.157780071256798659e+20 1.036620847915127439e+20 9.315299600254522163e+19 8.416822866287070413e+19 7.644610747324596224e+19
2.279977657576918548e+20 2.054743161869170442e+20 1.820111881390164214e+20 1.622803060085360558e+20 1.448799149957853512e+20 1.294551444282741719e+20 1.157780071256798822e+20 1.036620847915127603e+20 9.315299600254523802e+19 8.416822866287072051e+19 7.644610747324597862e+19
2.279977657576919532e+20 2.054743161869170770e+20 1.820111881390163886e+20 1.622803060085360886e+20 1.448799149957853512e+20 1.294551444282741391e+20 1.157780071256798822e+20 1.036620847915127112e+20 9.315299600254522163e+19 8.416822866287073690e+19 7.644610747324597862e+19
2.279977657576919532e+20 2.054743161869170442e+20 1.820111881390163886e+20 1.622803060085361213e+20 1.448799149957854003e+20 1.294551444282741228e+20 1.157780071256798822e+20 1.036620847915126948e+20 9.315299600254520525e+19 8.416822866287070413e+19 7.644610747324596224e+19
2.279977657576919859e+20 2.054743161869170115e+20 1.820111881390163886e+20 1.622803060085361213e+20 1.448799149957854003e+20 1.294551444282741228e+20 1.157780071256798495e+20 1.036620847915126620e+20 9.315299600254520525e+19 8.416822866287072051e+19 7.644610747324597862e+19
2.279977657576920515e+20 2.054743161869169787e+20 1.820111881390164869e+20 1.622803060085360886e+20 1.448799149957854003e+20 1.294551444282741064e+20 1.157780071256798659e+20 1.036620847915126784e+20 9.315299600254520525e+19 8.416822866287072051e+19 7.644610747324597862e+19
2.279977657576919859e+20 2.054743161869170115e+20 1.820111881390162248e+20 1.622803060085361541e+20 1.448799149957854167e+20 1.294551444282741228e+20 1.157780071256798822e+20 1.036620847915126948e+20 9.315299600254517248e+19 8.416822866287067136e+19 7.644610747324596224e+19
2.279977657576919204e+20 2.054743161869170115e+20 1.820111881390162248e+20 1.622803060085361541e+20 1.448799149957854003e+20 1.294551444282741391e+20 1.157780071256798822e+20 1.036620847915127603e+20 9.315299600254517248e+19 8.416822866287067136e+19 7.644610747324599501e+19
2.279977657576918876e+20 2.054743161869170115e+20 1.820111881390162248e+20 1.622803060085361541e+20 1.448799149957854331e+20 1.294551444282741228e+20 1.157780071256798659e+20 1.036620847915127603e+20 9.315299600254520525e+19 8.416822866287068774e+19 7.644610747324604416e+19
2.279977657576919532e+20 2.054743161869170770e+20 1.820111881390162248e+20 1.622803060085360886e+20 1.448799149957854331e+20 1.294551444282741391e+20 1.157780071256798822e+20 1.036620847915127603e+20 9.315299600254518886e+19 8.416822866287072051e+19 7.644610747324602778e+19
2.279977657576918876e+20 2.054743161869171098e+20 1.820111881390162248e+20 1.622803060085361213e+20 1.448799149957854331e+20 1.294551444282741064e+20 1.157780071256798495e+20 1.036620847915127603e+20 9.315299600254518886e+19 8.416822866287076966e+19 7.644610747324604416e+19
2.279977657576918876e+20 2.054743161869170770e+20 1.820111881390162248e+20 1.622803060085361541e+20 1.448799149957854659e+20 1.294551444282741719e+20 1.157780071256798167e+20 1.036620847915127439e+20 9.315299600254515610e+19 8.416822866287080243e+19 7.644610747324601139e+19
2.279977657576919204e+20 2.054743161869170770e+20 1.820111881390161920e+20 1.622803060085361541e+20 1.448799149957854659e+20 1.294551444282741391e+20 1.157780071256798167e+20 1.036620847915127603e+20 9.315299600254517248e+19 8.416822866287081882e+19 7.644610747324599501e+19
2.279977657576919204e+20 2.054743161869170442e+20 1.820111881390161920e+20 1.622803060085360886e+20 1.448799149957854822e+20 1.294551444282741228e+20 1.157780071256798331e+20 1.036620847915127439e+20 9.315299600254515610e+19 8.416822866287080243e+19 7.644610747324602778e+19
2.279977657576919204e+20 2.054743161869170442e+20 1.820111881390161592e+20 1.622803060085360230e+20 1.448799149957854659e+20 1.294551444282741719e+20 1.157780071256798495e+20 1.036620847915127439e+20 9.315299600254513971e+19 8.416822866287083520e+19 7.644610747324602778e+19
2.279977657576920187e+20 2.054743161869170442e+20 1.820111881390161592e+20 1.622803060085359903e+20 1.448799149957854495e+20 1.294551444282741719e+20 1.157780071256798495e+20 1.036620847915127276e+20 9.315299600254517248e+19 8.416822866287085158e+19 7.644610747324601139e+19
2.279977657576920842e+20 2.054743161869170442e+20 1.820111881390161265e+20 1.622803060085359903e+20 1.448799149957854659e+20 1.294551444282741719e+20 1.157780071256798003e+20 1.036620847915127276e+20 9.315299600254512333e+19 8.416822866287086797e+19 7.644610747324601139e+19
2.279977657576921498e+20 2.054743161869170442e+20 1.820111881390161265e+20 1.622803060085360886e+20 1.448799149957854495e+20 1.294551444282741719e+20 1.157780071256797676e+20 1.036620847915127603e+20 9.315299600254513971e+19 8.416822866287083520e+19 7.644610747324601139e+19
2.279977657576921498e+20 2.054743161869169787e+20 1.820111881390160937e+20 1.622803060085359903e+20 1.448799149957854331e+20 1.294551444282741719e+20 1.157780071256798003e+20 1.036620847915127767e+20 9.315299600254510694e+19 8.416822866287081882e+19 7.644610747324606054e+19
2.279977657576922153e+20 2.054743161869170115e+20 1.820111881390161920e+20 1.622803060085359247e+20 1.448799149957854822e+20 1.294551444282741719e+20 1.157780071256798003e+20 1.036620847915127931e+20 9.315299600254510694e+19 8.416822866287083520e+19 7.644610747324604416e+19
2.279977657576922808e+20 2.054743161869170442e+20 1.820111881390162575e+20 1.622803060085358920e+20 1.448799149957854659e+20 1.294551444282741555e+20 1.157780071256798003e+20 1.036620847915128259e+20 9.315299600254512333e+19 8.416822866287085158e+19 7.644610747324606054e+19
2.279977657576922481e+20 2.054743161869170442e+20 1.820111881390162248e+20 1.622803060085359575e+20 1.448799149957854495e+20 1.294551444282741228e+20 1.157780071256798003e+20 1.036620847915128259e+20 9.315299600254512333e+19 8.416822866287085158e+19 7.644610747324606054e+19
2.279977657576922153e+20 2.054743161869170770e+20 1.820111881390162575e+20 1.622803060085359247e+20 1.448799149957854495e+20 1.294551444282741064e+20 1.157780071256798167e+20 1.036620847915128586e+20 9.315299600254513971e+19 8.416822866287081882e+19 7.644610747324609331e+19
2.279977657576921825e+20 2.054743161869171425e+20 1.820111881390162575e+20 1.622803060085358920e+20 1.448799149957854003e+20 1.294551444282740900e+20 1.157780071256797839e+20 1.036620847915128914e+20 9.315299600254513971e+19 8.416822866287081882e+19 7.644610747324606054e+19
2.279977657576921170e+20 2.054743161869171098e+20 1.820111881390162248e+20 1.622803060085358592e+20 1.448799149957853512e+20 1.294551444282740900e+20 1.157780071256797839e+20 1.036620847915129078e+20 9.315299600254515610e+19 8.416822866287083520e+19 7.644610747324602778e+19
2.279977657576921170e+20 2.054743161869171098e+20 1.820111881390162248e+20 1.622803060085358592e+20 1.448799149957853512e+20 1.294551444282740900e+20 1.157780071256797839e+20 1.036620847915129242e+20 9.315299600254520525e+19 8.416822866287088435e+19 7.644610747324599501e+19
2.279977657576921498e+20 2.054743161869170770e+20 1.820111881390162248e+20 1.622803060085359247e+20 1.448799149957853676e+20 1.294551444282740900e+20 1.157780071256797839e+20 1.036620847915129405e+20 9.315299600254520525e+19 8.416822866287088435e+19 7.644610747324599501e+19
2.279977657576922153e+20 2.054743161869171098e+20 1.820111881390162248e+20 1.622803060085359247e+20 1.448799149957853676e+20 1.294551444282740900e+20 1.157780071256797839e+20 1.036620847915129242e+20 9.315299600254522163e+19 8.416822866287085158e+19 7.644610747324599501e+19
2.279977657576922153e+20 2.054743161869171425e+20 1.820111881390161920e+20 1.622803060085358592e+20 1.448799149957853348e+20 1.294551444282740900e+20 1.157780071256797839e+20 1.036620847915129405e+20 9.315299600254520525e+19 8.416822866287085158e+19 7.644610747324597862e+19
2.279977657576922153e+20 2.054743161869171098e+20 1.820111881390161920e+20 1.622803060085358592e+20 1.448799149957853184e+20 1.294551444282741064e+20 1.157780071256797512e+20 1.036620847915129405e+20 9.315299600254523802e+19 8.416822866287081882e+19 7.644610747324599501e+19
2.279977657576922481e+20 2.054743161869170770e+20 1.820111881390161592e+20 1.622803060085358920e+20 1.448799149957853184e+20 1.294551444282741391e+20 1.157780071256797512e+20 1.036620847915129078e+20 9.315299600254527078e+19 8.416822866287081882e+19 7.644610747324597862e+19
2.279977657576922481e+20 2.054743161869170115e+20 1.820111881390161592e+20 1.622803060085358920e+20 1.448799149957852692e+20 1.294551444282740900e+20 1.157780071256797676e+20 1.036620847915129569e+20 9.315299600254527078e+19 8.416822866287080243e+19 7.644610747324596224e+19
2.279977657576922153e+20 2.054743161869169787e+20 1.820111881390161592e+20 1.622803060085358920e+20 1.448799149957852856e+20 1.294551444282740900e+20 1.157780071256798003e+20 1.036620847915129733e+20 9.315299600254527078e+19 8.416822866287083520e+19 7.644610747324596224e+19
2.279977657576922481e+20 2.054743161869170442e+20 1.820111881390161592e+20 1.622803060085358264e+20 1.448799149957852856e+20 1.294551444282741391e+20 1.157780071256798003e+20 1.036620847915129733e+20 9.315299600254527078e+19 8.416822866287083520e+19 7.644610747324599501e+19
2.279977657576922808e+20 2.054743161869170115e+20 1.820111881390161592e+20 1.622803060085358592e+20 1.448799149957852856e+20 1.294551444282741555e+20 1.157780071256797839e+20 1.036620847915129405e+20 9.315299600254528717e+19 8.416822866287081882e+19 7.644610747324601139e+19
2.279977657576922481e+20 2.054743161869169787e+20 1.820111881390161265e+20 1.622803060085358592e+20 1.448799149957852529e+20 1.294551444282741719e+20 1.157780071256797512e+20 1.036620847915129078e+20 9.315299600254527078e+19 8.416822866287081882e+19 7.644610747324601139e+19
2.279977657576922808e+20 2.054743161869170115e+20 1.820111881390161265e+20 1.622803060085358592e+20 1.448799149957852365e+20 1.294551444282741719e+20 1.157780071256797512e+20 1.036620847915128914e+20 9.315299600254530355e+19 8.416822866287080243e+19 7.644610747324601139e+19
2.279977657576922481e+20 2.054743161869169787e+20 1.820111881390160937e+20 1.622803060085357609e+20 1.448799149957852529e+20 1.294551444282741391e+20 1.157780071256797839e+20 1.036620847915129405e+20 9.315299600254530355e+19 8.416822866287081882e+19 7.644610747324599501e+19
2.279977657576923136e+20 2.054743161869169459e+20 1.820111881390161265e+20 1.622803060085357609e+20 1.448799149957852529e+20 1.294551444282741391e+20 1.157780071256797676e+20 1.036620847915129078e+20 9.315299600254531994e+19 8.416822866287081882e+19 7.644610747324597862e+19
2.279977657576924119e+20 2.054743161869170115e+20 1.820111881390161592e+20 1.622803060085357937e+20 1.448799149957852692e+20 1.294551444282741391e+20 1.157780071256797512e+20 1.036620847915128914e+20 9.315299600254536909e+19 8.416822866287081882e+19 7.644610747324594586e+19
2.279977657576924774e+20 2.054743161869170115e+20 1.820111881390161265e+20 1.622803060085358264e+20 1.448799149957852529e+20 1.294551444282741228e+20 1.157780071256798003e+20 1.036620847915129078e+20 9.315299600254531994e+19 8.416822866287083520e+19 7.644610747324589670e+19
2.279977657576925102e+20 2.054743161869169787e+20 1.820111881390161592e+20 1.622803060085357609e+20 1.448799149957852365e+20 1.294551444282741228e+20 1.157780071256798331e+20 1.036620847915129078e+20 9.315299600254533632e+19 8.416822866287083520e+19 7.644610747324591309e+19
2.279977657576925102e+20 2.054743161869170115e+20 1.820111881390161265e+20 1.622803060085357609e+20 1.448799149957852365e+20 1.294551444282741555e+20 1.157780071256798495e+20 1.036620847915129078e+20 9.315299600254531994e+19 8.416822866287086797e+19 7.644610747324594586e+19
2.279977657576925102e+20 2.054743161869170770e+20 1.820111881390161592e+20 1.622803060085357937e+20 1.448799149957852529e+20 1.294551444282741555e+20 1.157780071256798495e+20 1.036620847915129242e+20 9.315299600254528717e+19 8.416822866287083520e+19 7.644610747324594586e+19
2.279977657576925102e+20 2.054743161869171098e+20 1.820111881390161920e+20 1.622803060085358264e+20 1.448799149957852692e+20 1.294551444282741228e+20 1.157780071256798495e+20 1.036620847915129078e+20 9.315299600254531994e+19 8.416822866287083520e+19 7.644610747324596224e+19
2.279977657576925102e+20 2.054743161869171098e+20 1.820111881390161920e+20 1.622803060085358264e+20 1.448799149957853184e+20 1.294551444282741228e+20 1.157780071256798331e+20 1.036620847915128914e+20 9.315299600254531994e+19 8.416822866287085158e+19 7.644610747324596224e+19
2.279977657576925102e+20 2.054743161869171425e+20 1.820111881390161920e+20 1.622803060085358264e+20 1.448799149957853348e+20 1.294551444282741064e+20 1.157780071256798495e+20 1.036620847915128750e+20 9.315299600254535270e+19 8.416822866287090074e+19 7.644610747324592947e+19
2.279977657576925430e+20 2.054743161869171425e+20 1.820111881390161920e+20 1.622803060085358264e+20 1.448799149957853184e+20 1.294551444282741391e+20 1.157780071256798331e+20 1.036620847915128586e+20 9.315299600254533632e+19 8.416822866287093350e+19 7.644610747324592947e+19
2.279977657576924774e+20 2.054743161869171425e+20 1.820111881390161920e+20 1.622803060085357937e+20 1.448799149957853184e+20 1.294551444282741228e+20 1.157780071256798331e+20 1.036620847915128095e+20 9.315299600254533632e+19 8.416822866287088435e+19 7.644610747324592947e+19
2.279977657576924774e+20 2.054743161869171753e+20 1.820111881390161265e+20 1.622803060085357937e+20 1.448799149957853184e+20 1.294551444282741064e+20 1.157780071256798167e+20 1.036620847915128586e+20 9.315299600254533632e+19 8.416822866287088435e+19 7.644610747324594586e+19
2.279977657576925102e+20 2.054743161869172081e+20 1.820111881390161265e+20 1.622803060085358264e+20 1.448799149957853184e+20 1.294551444282741064e+20 1.157780071256798331e+20 1.036620847915128259e+20 9.315299600254531994e+19 8.416822866287088435e+19 7.644610747324597862e+19
2.279977657576925102e+20 2.054743161869172081e+20 1.820111881390161265e+20 1.622803060085357937e+20 1.448799149957853020e+20 1.294551444282740900e+20 1.157780071256798495e+20 1.036620847915128095e+20 9.315299600254531994e+19 8.416822866287086797e+19 7.644610747324599501e+19
2.279977657576925102e+20 2.054743161869171753e+20 1.820111881390161265e+20 1.622803060085358264e+20 1.448799149957852856e+20 1.294551444282741228e+20 1.157780071256798495e+20 1.036620847915127931e+20 9.315299600254533632e+19 8.416822866287088435e+19 7.644610747324599501e+19
2.279977657576925430e+20 2.054743161869171753e+20 1.820111881390160937e+20 1.622803060085358264e+20 1.448799149957853020e+20 1.294551444282741555e+20 1.157780071256798659e+20 1.036620847915128095e+20 9.315299600254531994e+19 8.416822866287088435e+19 7.644610747324602778e+19
2.279977657576925430e+20 2.054743161869171753e+20 1.820111881390161265e+20 1.622803060085357937e+20 1.448799149957853020e+20 1.294551444282741555e+20 1.157780071256798495e+20 1.036620847915128095e+20 9.315299600254530355e+19 8.416822866287083520e+19 7.644610747324601139e+19
2.279977657576925102e+20 2.054743161869172408e+20 1.820111881390160937e+20 1.622803060085358264e+20 1.448799149957853020e+20 1.294551444282741719e+20 1.157780071256798659e+20 1.036620847915128259e+20 9.315299600254531994e+19 8.416822866287080243e+19 7.644610747324602778e+19
2.279977657576925102e+20 2.054743161869172081e+20 1.820111881390160937e+20 1.622803060085358592e+20 1.448799149957852529e+20 1.294551444282741883e+20 1.157780071256798331e+20 1.036620847915128259e+20 9.315299600254533632e+19 8.416822866287078605e+19 7.644610747324601139e+19
2.279977657576925757e+20 2.054743161869172081e+20 1.820111881390161265e+20 1.622803060085358920e+20 1.448799149957852365e+20 1.294551444282741883e+20 1.157780071256798495e+20 1.036620847915128095e+20 9.315299600254536909e+19 8.416822866287081882e+19 7.644610747324604416e+19
2.279977657576926085e+20 2.054743161869171425e+20 1.820111881390160937e+20 1.622803060085358920e+20 1.448799149957852365e+20 1.294551444282742047e+20 1.157780071256798986e+20 1.036620847915128095e+20 9.315299600254536909e+19 8.416822866287081882e+19 7.644610747324604416e+19
2.279977657576925757e+20 2.054743161869171753e+20 1.820111881390160937e+20 1.622803060085358920e+20 1.448799149957852529e+20 1.294551444282742374e+20 1.157780071256798659e+20 1.036620847915128095e+20 9.315299600254536909e+19 8.416822866287080243e+19 7.644610747324604416e+19
2.279977657576925757e+20 2.054743161869171425e+20 1.820111881390160937e+20 1.622803060085358920e+20 1.448799149957852365e+20 1.294551444282742374e+20 1.157780071256798986e+20 1.036620847915128095e+20 9.315299600254533632e+19 8.416822866287083520e+19 7.644610747324602778e+19
2.279977657576925757e+20 2.054743161869171425e+20 1.820111881390160937e+20 1.622803060085358920e+20 1.448799149957852529e+20 1.294551444282742866e+20 1.157780071256798986e+20 1.036620847915127931e+20 9.315299600254530355e+19 8.416822866287085158e+19 7.644610747324606054e+19
2.279977657576925430e+20 2.054743161869172081e+20 1.820111881390160609e+20 1.622803060085359247e+20 1.448799149957852365e+20 1.294551444282742702e+20 1.157780071256799150e+20 1.036620847915127931e+20 9.315299600254533632e+19 8.416822866287080243e+19 7.644610747324606054e+19
2.279977657576925757e+20 2.054743161869172408e+20 1.820111881390160609e+20 1.622803060085359247e+20 1.448799149957852856e+20 1.294551444282742866e+20 1.157780071256799150e+20 1.036620847915127767e+20 9.315299600254533632e+19 8.416822866287083520e+19 7.644610747324609331e+19
2.279977657576925757e+20 2.054743161869172408e+20 1.820111881390160937e+20 1.622803060085358592e+20 1.448799149957852365e+20 1.294551444282743030e+20 1.157780071256799150e+20 1.036620847915127767e+20 9.315299600254535270e+19 8.416822866287081882e+19 7.644610747324607693e+19
2.279977657576925430e+20 2.054743161869172408e+20 1.820111881390160937e+20 1.622803060085358920e+20 1.448799149957852201e+20 1.294551444282743030e+20 1.157780071256799314e+20 1.036620847915127276e+20 9.315299600254533632e+19 8.416822866287083520e+19 7.644610747324606054e+19
2.279977657576925102e+20 2.054743161869172736e+20 1.820111881390160937e+20 1.622803060085359247e+20 1.448799149957852365e+20 1.294551444282743030e+20 1.157780071256799642e+20 1.036620847915127112e+20 9.315299600254531994e+19 8.416822866287086797e+19 7.644610747324602778e+19
2.279977657576924774e+20 2.054743161869172736e+20 1.820111881390160937e+20 1.622803060085359247e+20 1.448799149957852201e+20 1.294551444282742538e+20 1.157780071256799314e+20 1.036620847915126620e+20 9.315299600254535270e+19 8.416822866287081882e+19 7.644610747324599501e+19
2.279977657576925102e+20 2.054743161869172736e+20 1.820111881390160609e+20 1.622803060085359247e+20 1.448799149957852201e+20 1.294551444282742538e+20 1.157780071256799314e+20 1.036620847915126784e+20 9.315299600254535270e+19 8.416822866287081882e+19 7.644610747324601139e+19
2.279977657576925102e+20 2.054743161869172736e+20 1.820111881390160937e+20 1.622803060085359247e+20 1.448799149957851709e+20 1.294551444282742702e+20 1.157780071256799478e+20 1.036620847915126620e+20 9.315299600254533632e+19 8.416822866287083520e+19 7.644610747324601139e+19
2.279977657576925430e+20 2.054743161869173391e+20 1.820111881390160937e+20 1.622803060085358920e+20 1.448799149957851546e+20 1.294551444282743030e+20 1.157780071256799478e+20 1.036620847915126784e+20 9.315299600254535270e+19 8.416822866287081882e+19 7.644610747324599501e+19
2.279977657576924774e+20 2.054743161869173391e+20 1.820111881390160937e+20 1.622803060085358920e+20 1.448799149957851709e+20 1.294551444282742866e+20 1.157780071256799314e+20 1.036620847915126948e+20 9.315299600254535270e+19 8.416822866287081882e+19 7.644610747324597862e+19
2.279977657576924119e+20 2.054743161869173391e+20 1.820111881390160937e+20 1.622803060085358592e+20 1.448799149957851709e+20 1.294551444282743030e+20 1.157780071256799150e+20 1.036620847915127276e+20 9.315299600254535270e+19 8.416822866287080243e+19 7.644610747324601139e+19
2.279977657576924119e+20 2.054743161869173064e+20 1.820111881390160937e+20 1.622803060085358920e+20 1.448799149957851873e+20 1.294551444282743030e+20 1.157780071256799150e+20 1.036620847915127439e+20 9.315299600254536909e+19 8.416822866287081882e+19 7.644610747324606054e+19
2.279977657576924447e+20 2.054743161869173391e+20 1.820111881390161265e+20 1.622803060085358920e+20 1.448799149957851546e+20 1.294551444282743194e+20 1.157780071256799314e+20 1.036620847915127276e+20 9.315299600254536909e+19 8.416822866287081882e+19 7.644610747324607693e+19
2.279977657576924447e+20 2.054743161869173719e+20 1.820111881390161265e+20 1.622803060085358592e+20 1.448799149957851546e+20 1.294551444282743521e+20 1.157780071256799150e+20 1.036620847915127276e+20 9.315299600254538547e+19 8.416822866287083520e+19 7.644610747324607693e+19
2.279977657576924119e+20 2.054743161869173719e+20 1.820111881390161265e+20 1.622803060085358592e+20 1.448799149957851382e+20 1.294551444282743357e+20 1.157780071256799150e+20 1.036620847915127439e+20 9.315299600254536909e+19 8.416822866287088435e+19 7.644610747324606054e+19
2.279977657576924447e+20 2.054743161869173719e+20 1.820111881390160937e+20 1.622803060085358592e+20 1.448799149957851709e+20 1.294551444282743030e+20 1.157780071256798986e+20 1.036620847915127603e+20 9.315299600254540186e+19 8.416822866287088435e+19 7.644610747324606054e+19
2.279977657576925102e+20 2.054743161869173391e+20 1.820111881390161265e+20 1.622803060085358592e+20 1.448799149957851709e+20 1.294551444282743030e+20 1.157780071256798986e+20 1.036620847915127767e+20 9.315299600254540186e+19 8.416822866287088435e+19 7.644610747324607693e+19
2.279977657576924774e+20 2.054743161869173391e+20 1.820111881390160937e+20 1.622803060085358592e+20 1.448799149957851546e+20 1.294551444282742866e+20 1.157780071256799314e+20 1.036620847915127439e+20 9.315299600254540186e+19 8.416822866287090074e+19 7.644610747324604416e+19
2.279977657576925430e+20 2.054743161869173719e+20 1.820111881390160937e+20 1.622803060085358264e+20 1.448799149957851546e+20 1.294551444282742538e+20 1.157780071256798986e+20 1.036620847915127439e+20 9.315299600254541824e+19 8.416822866287093350e+19 7.644610747324607693e+19
2.279977657576924774e+20 2.054743161869174047e+20 1.820111881390160937e+20 1.622803060085358264e+20 1.448799149957851546e+20 1.294551444282742866e+20 1.157780071256799150e+20 1.036620847915127603e+20 9.315299600254538547e+19 8.416822866287094989e+19 7.644610747324609331e+19
2.279977657576925430e+20 2.054743161869173719e+20 1.820111881390160937e+20 1.622803060085358592e+20 1.448799149957851873e+20 1.294551444282742702e+20 1.157780071256799314e+20 1.036620847915128095e+20 9.315299600254536909e+19 8.416822866287094989e+19 7.644610747324606054e+19
2.279977657576925102e+20 2.054743161869173719e+20 1.820111881390160937e+20 1.622803060085358592e+20 1.448799149957851709e+20 1.294551444282742374e+20 1.157780071256799150e+20 1.036620847915128095e+20 9.315299600254533632e+19 8.416822866287096627e+19 7.644610747324610970e+19
2.279977657576925430e+20 2.054743161869173391e+20 1.820111881390160937e+20 1.622803060085358264e+20 1.448799149957851709e+20 1.294551444282742211e+20 1.157780071256798986e+20 1.036620847915128586e+20 9.315299600254535270e+19 8.416822866287093350e+19 7.644610747324615885e+19
2.279977657576926085e+20 2.054743161869173719e+20 1.820111881390160937e+20 1.622803060085358592e+20 1.448799149957851873e+20 1.294551444282742211e+20 1.157780071256798331e+20 1.036620847915128259e+20 9.315299600254536909e+19 8.416822866287091712e+19 7.644610747324617523e+19
2.279977657576926085e+20 2.054743161869173391e+20 1.820111881390160937e+20 1.622803060085358592e+20 1.448799149957851546e+20 1.294551444282742538e+20 1.157780071256798331e+20 1.036620847915128422e+20 9.315299600254538547e+19 8.416822866287093350e+19 7.644610747324614246e+19
2.279977657576925757e+20 2.054743161869173391e+20 1.820111881390160937e+20 1.622803060085358920e+20 1.448799149957851546e+20 1.294551444282742374e+20 1.157780071256798822e+20 1.036620847915128586e+20 9.315299600254538547e+19 8.416822866287093350e+19 7.644610747324619162e+19
2.279977657576926085e+20 2.054743161869173391e+20 1.820111881390160937e+20 1.622803060085358920e+20 1.448799149957851546e+20 1.294551444282741883e+20 1.157780071256798495e+20 1.036620847915128586e+20 9.315299600254536909e+19 8.416822866287094989e+19 7.644610747324622438e+19
2.279977657576925757e+20 2.054743161869173391e+20 1.820111881390160609e+20 1.622803060085358920e+20 1.448799149957851382e+20 1.294551444282741883e+20 1.157780071256798167e+20 1.036620847915128422e+20 9.315299600254538547e+19 8.416822866287098266e+19 7.644610747324624077e+19
2.279977657576925430e+20 2.054743161869172736e+20 1.820111881390160609e+20 1.622803060085358920e+20 1.448799149957851873e+20 1.294551444282742211e+20 1.157780071256798003e+20 1.036620847915128259e+20 9.315299600254538547e+19 8.416822866287098266e+19 7.644610747324625715e+19
2.279977657576926085e+20 2.054743161869172736e+20 1.820111881390160609e+20 1.622803060085358264e+20 1.448799149957852037e+20 1.294551444282742047e+20 1.157780071256797839e+20 1.036620847915128750e+20 9.315299600254543462e+19 8.416822866287098266e+19 7.644610747324625715e+19
2.279977657576925757e+20 2.054743161869172736e+20 1.820111881390160609e+20 1.622803060085358592e+20 1.448799149957851873e+20 1.294551444282742047e+20 1.157780071256798167e+20 1.036620847915128914e+20 9.315299600254546739e+19 8.416822866287098266e+19 7.644610747324624077e+19
2.279977657576925757e+20 2.054743161869173064e+20 1.820111881390160609e+20 1.622803060085358920e+20 1.448799149957852692e+20 1.294551444282742211e+20 1.157780071256798167e+20 1.036620847915128914e+20 9.315299600254546739e+19 8.416822866287099904e+19 7.644610747324624077e+19
2.279977657576926085e+20 2.054743161869172736e+20 1.820111881390160282e+20 1.622803060085358592e+20 1.448799149957852365e+20 1.294551444282742538e+20 1.157780071256798167e+20 1.036620847915128586e+20 9.315299600254543462e+19 8.416822866287096627e+19 7.644610747324622438e+19
2.279977657576925757e+20 2.054743161869172736e+20 1.820111881390159954e+20 1.622803060085358592e+20 1.448799149957852201e+20 1.294551444282742702e+20 1.157780071256798331e+20 1.036620847915128750e+20 9.315299600254545101e+19 8.416822866287096627e+19 7.644610747324622438e+19
2.279977657576925757e+20 2.054743161869172736e+20 1.820111881390159954e+20 1.622803060085358920e+20 1.448799149957852365e+20 1.294551444282742702e+20 1.157780071256798331e+20 1.036620847915128750e+20 9.315299600254543462e+19 8.416822866287099904e+19 7.644610747324620800e+19
2.279977657576926085e+20 2.054743161869173064e+20 1.820111881390159626e+20 1.622803060085358920e+20 1.448799149957852201e+20 1.294551444282742702e+20 1.157780071256798003e+20 1.036620847915129405e+20 9.315299600254538547e+19 8.416822866287101542e+19 7.644610747324625715e+19
2.279977657576926413e+20 2.054743161869173064e+20 1.820111881390159626e+20 1.622803060085358592e+20 1.448799149957852037e+20 1.294551444282742047e+20 1.157780071256798003e+20 1.036620847915129242e+20 9.315299600254540186e+19 8.416822866287098266e+19 7.644610747324627354e+19
2.279977657576926085e+20 2.054743161869173064e+20 1.820111881390159954e+20 1.622803060085358592e+20 1.448799149957852037e+20 1.294551444282742374e+20 1.157780071256798331e+20 1.036620847915129242e+20 9.315299600254540186e+19 8.416822866287098266e+19 7.644610747324630630e+19
2.279977657576926085e+20 2.054743161869173719e+20 1.820111881390159954e+20 1.622803060085358920e+20 1.448799149957852037e+20 1.294551444282742374e+20 1.157780071256798331e+20 1.036620847915129405e+20 9.315299600254538547e+19 8.416822866287101542e+19 7.644610747324628992e+19
2.279977657576926413e+20 2.054743161869173391e+20 1.820111881390159954e+20 1.622803060085358592e+20 1.448799149957852037e+20 1.294551444282742374e+20 1.157780071256798331e+20 1.036620847915129242e+20 9.315299600254536909e+19 8.416822866287104819e+19 7.644610747324628992e+19
2.279977657576926085e+20 2.054743161869173064e+20 1.820111881390159954e+20 1.622803060085358920e+20 1.448799149957851873e+20 1.294551444282742538e+20 1.157780071256798495e+20 1.036620847915129242e+20 9.315299600254541824e+19 8.416822866287104819e+19 7.644610747324630630e+19
2.279977657576925757e+20 2.054743161869173719e+20 1.820111881390159954e+20 1.622803060085358920e+20 1.448799149957851873e+20 1.294551444282743030e+20 1.157780071256798822e+20 1.036620847915129405e+20 9.315299600254543462e+19 8.416822866287101542e+19 7.644610747324632269e+19
2.279977657576925757e+20 2.054743161869173391e+20 1.820111881390159954e+20 1.622803060085358592e+20 1.448799149957852201e+20 1.294551444282743030e+20 1.157780071256798986e+20 1.036620847915129405e+20 9.315299600254541824e+19 8.416822866287103181e+19 7.644610747324633907e+19
2.279977657576926413e+20 2.054743161869173719e+20 1.820111881390159954e+20 1.622803060085358592e+20 1.448799149957852365e+20 1.294551444282743030e+20 1.157780071256799150e+20 1.036620847915129242e+20 9.315299600254541824e+19 8.416822866287101542e+19 7.644610747324632269e+19
2.279977657576926413e+20 2.054743161869174047e+20 1.820111881390159626e+20 1.622803060085358920e+20 1.448799149957852529e+20 1.294551444282742866e+20 1.157780071256798986e+20 1.036620847915129078e+20 9.315299600254540186e+19 8.416822866287104819e+19 7.644610747324630630e+19
2.279977657576926413e+20 2.054743161869173719e+20 1.820111881390159626e+20 1.622803060085358920e+20 1.448799149957852365e+20 1.294551444282742702e+20 1.157780071256798659e+20 1.036620847915129405e+20 9.315299600254543462e+19 8.416822866287108096e+19 7.644610747324632269e+19
2.279977657576926740e+20 2.054743161869174047e+20 1.820111881390159954e+20 1.622803060085359247e+20 1.448799149957852529e+20 1.294551444282743030e+20 1.157780071256798331e+20 1.036620847915129242e+20 9.315299600254543462e+19 8.416822866287106458e+19 7.644610747324633907e+19
2.279977657576926413e+20 2.054743161869174702e+20 1.820111881390159626e+20 1.622803060085358920e+20 1.448799149957852692e+20 1.294551444282742374e+20 1.157780071256798659e+20 1.036620847915129733e+20 9.315299600254546739e+19 8.416822866287104819e+19 7.644610747324632269e+19
2.279977657576925757e+20 2.054743161869174702e+20 1.820111881390159626e+20 1.622803060085358920e+20 1.448799149957852529e+20 1.294551444282742538e+20 1.157780071256798822e+20 1.036620847915129405e+20 9.315299600254546739e+19 8.416822866287104819e+19 7.644610747324633907e+19
2.279977657576925757e+20 2.054743161869174374e+20 1.820111881390160282e+20 1.622803060085359247e+20 1.448799149957852365e+20 1.294551444282742374e+20 1.157780071256798822e+20 1.036620847915128914e+20 9.315299600254548378e+19 8.416822866287109734e+19 7.644610747324630630e+19
2.279977657576926085e+20 2.054743161869174702e+20 1.820111881390159954e+20 1.622803060085359247e+20 1.448799149957852529e+20 1.294551444282742374e+20 1.157780071256798986e+20 1.036620847915128914e+20 9.315299600254551654e+19 8.416822866287109734e+19 7.644610747324630630e+19
2.279977657576926740e+20 2.054743161869174374e+20 1.820111881390159954e+20 1.622803060085359247e+20 1.448799149957852692e+20 1.294551444282742047e+20 1.157780071256798822e+20 1.036620847915129242e+20 9.315299600254550016e+19 8.416822866287109734e+19 7.644610747324628992e+19
2.279977657576926413e+20 2.054743161869174374e+20 1.820111881390160282e+20 1.622803060085359575e+20 1.448799149957852692e+20 1.294551444282741719e+20 1.157780071256798986e+20 1.036620847915129569e+20 9.315299600254550016e+19 8.416822866287106458e+19 7.644610747324628992e+19
2.279977657576926413e+20 2.054743161869174374e+20 1.820111881390159954e+20 1.622803060085359575e+20 1.448799149957852529e+20 1.294551444282741391e+20 1.157780071256799150e+20 1.036620847915129569e+20 9.315299600254546739e+19 8.416822866287108096e+19 7.644610747324624077e+19
2.279977657576925757e+20 2.054743161869174047e+20 1.820111881390159954e+20 1.622803060085359575e+20 1.448799149957852365e+20 1.294551444282741555e+20 1.157780071256799150e+20 1.036620847915129569e+20 9.315299600254548378e+19 8.416822866287109734e+19 7.644610747324625715e+19
2.279977657576926413e+20 2.054743161869174047e+20 1.820111881390159954e+20 1.622803060085359903e+20 1.448799149957852692e+20 1.294551444282741391e+20 1.157780071256799314e+20 1.036620847915129405e+20 9.315299600254548378e+19 8.416822866287106458e+19 7.644610747324624077e+19
2.279977657576927068e+20 2.054743161869173391e+20 1.820111881390159954e+20 1.622803060085359903e+20 1.448799149957852365e+20 1.294551444282741719e+20 1.157780071256799314e+20 1.036620847915129569e+20 9.315299600254546739e+19 8.416822866287106458e+19 7.644610747324624077e+19
2.279977657576928051e+20 2.054743161869173719e+20 1.820111881390159954e+20 1.622803060085360230e+20 1.448799149957852037e+20 1.294551444282741883e+20 1.157780071256799478e+20 1.036620847915129733e+20 9.315299600254546739e+19 8.416822866287109734e+19 7.644610747324624077e+19
2.279977657576927724e+20 2.054743161869173719e+20 1.820111881390159626e+20 1.622803060085360230e+20 1.448799149957852201e+20 1.294551444282741719e+20 1.157780071256799478e+20 1.036620847915129897e+20 9.315299600254548378e+19 8.416822866287111373e+19 7.644610747324624077e+19
2.279977657576927068e+20 2.054743161869172736e+20 1.820111881390159954e+20 1.622803060085360230e+20 1.448799149957851873e+20 1.294551444282741883e+20 1.157780071256799150e+20 1.036620847915129733e+20 9.315299600254548378e+19 8.416822866287111373e+19 7.644610747324627354e+19
2.279977657576926740e+20 2.054743161869173719e+20 1.820111881390160282e+20 1.622803060085359903e+20 1.448799149957851873e+20 1.294551444282741883e+20 1.157780071256799150e+20 1.036620847915129405e+20 9.315299600254548378e+19 8.416822866287109734e+19 7.644610747324625715e+19
2.279977657576927068e+20 2.054743161869173064e+20 1.820111881390159954e+20 1.622803060085359903e+20 1.448799149957851546e+20 1.294551444282741883e+20 1.157780071256799314e+20 1.036620847915129405e+20 9.315299600254548378e+19 8.416822866287111373e+19 7.644610747324625715e+19
2.279977657576927396e+20 2.054743161869173719e+20 1.820111881390159954e+20 1.622803060085359903e+20 1.448799149957851709e+20 1.294551444282742047e+20 1.157780071256799478e+20 1.036620847915129405e+20 9.315299600254550016e+19 8.416822866287111373e+19 7.644610747324625715e+19
2.279977657576927068e+20 2.054743161869174047e+20 1.820111881390159299e+20 1.622803060085359903e+20 1.448799149957851382e+20 1.294551444282742211e+20 1.157780071256799642e+20 1.036620847915129405e+20 9.315299600254551654e+19 8.416822866287111373e+19 7.644610747324628992e+19
2.279977657576926085e+20 2.054743161869173064e+20 1.820111881390159626e+20 1.622803060085359575e+20 1.448799149957851218e+20 1.294551444282742374e+20 1.157780071256799478e+20 1.036620847915129405e+20 9.315299600254553293e+19 8.416822866287109734e+19 7.644610747324633907e+19
2.279977657576926085e+20 2.054743161869173391e+20 1.820111881390159626e+20 1.622803060085359903e+20 1.448799149957851054e+20 1.294551444282742866e+20 1.157780071256799478e+20 1.036620847915129242e+20 9.315299600254554931e+19 8.416822866287108096e+19 7.644610747324633907e+19
2.279977657576926740e+20 2.054743161869172736e+20 1.820111881390159626e+20 1.622803060085359575e+20 1.448799149957850890e+20 1.294551444282742702e+20 1.157780071256799478e+20 1.036620847915129405e+20 9.315299600254556570e+19 8.416822866287111373e+19 7.644610747324637184e+19
2.279977657576927068e+20 2.054743161869173391e+20 1.820111881390159954e+20 1.622803060085359575e+20 1.448799149957851054e+20 1.294551444282743521e+20 1.157780071256799805e+20 1.036620847915129242e+20 9.315299600254556570e+19 8.416822866287109734e+19 7.644610747324642099e+19
2.279977657576927068e+20 2.054743161869173064e+20 1.820111881390159626e+20 1.622803060085359575e+20 1.448799149957851054e+20 1.294551444282743849e+20 1.157780071256800133e+20 1.036620847915129569e+20 9.315299600254554931e+19 8.416822866287106458e+19 7.644610747324638822e+19
2.279977657576927068e+20 2.054743161869173064e+20 1.820111881390159954e+20 1.622803060085359247e+20 1.448799149957850890e+20 1.294551444282743685e+20 1.157780071256800133e+20 1.036620847915129897e+20 9.315299600254559846e+19 8.416822866287108096e+19 7.644610747324637184e+19
2.279977657576926740e+20 2.054743161869173719e+20 1.820111881390159626e+20 1.622803060085358920e+20 1.448799149957851054e+20 1.294551444282743030e+20 1.157780071256800461e+20 1.036620847915129733e+20 9.315299600254554931e+19 8.416822866287111373e+19 7.644610747324635546e+19
2.279977657576926413e+20 2.054743161869173391e+20 1.820111881390159626e+20 1.622803060085358920e+20 1.448799149957851054e+20 1.294551444282743030e+20 1.157780071256800133e+20 1.036620847915129569e+20 9.315299600254556570e+19 8.416822866287114650e+19 7.644610747324638822e+19
2.279977657576927068e+20 2.054743161869173719e+20 1.820111881390159626e+20 1.622803060085358920e+20 1.448799149957850890e+20 1.294551444282743194e+20 1.157780071256800297e+20 1.036620847915129078e+20 9.315299600254558208e+19 8.416822866287114650e+19 7.644610747324638822e+19
2.279977657576927396e+20 2.054743161869173719e+20 1.820111881390159954e+20 1.622803060085359247e+20 1.448799149957850563e+20 1.294551444282743357e+20 1.157780071256800297e+20 1.036620847915129078e+20 9.315299600254554931e+19 8.416822866287114650e+19 7.644610747324635546e+19
2.279977657576926740e+20 2.054743161869173719e+20 1.820111881390159626e+20 1.622803060085359247e+20 1.448799149957850399e+20 1.294551444282742866e+20 1.157780071256799805e+20 1.036620847915129405e+20 9.315299600254554931e+19 8.416822866287114650e+19 7.644610747324635546e+19
2.279977657576927068e+20 2.054743161869173719e+20 1.820111881390159626e+20 1.622803060085358920e+20 1.448799149957850726e+20 1.294551444282743030e+20 1.157780071256799969e+20 1.036620847915129242e+20 9.315299600254551654e+19 8.416822866287119565e+19 7.644610747324635546e+19
2.279977657576927724e+20 2.054743161869173391e+20 1.820111881390159954e+20 1.622803060085359247e+20 1.448799149957850563e+20 1.294551444282742702e+20 1.157780071256799642e+20 1.036620847915129405e+20 9.315299600254554931e+19 8.416822866287121203e+19 7.644610747324635546e+19
2.279977657576927724e+20 2.054743161869173391e+20 1.820111881390159626e+20 1.622803060085359247e+20 1.448799149957850563e+20 1.294551444282742866e+20 1.157780071256799642e+20 1.036620847915129569e+20 9.315299600254554931e+19 8.416822866287122842e+19 7.644610747324637184e+19
2.279977657576927724e+20 2.054743161869173064e+20 1.820111881390159626e+20 1.622803060085359247e+20 1.448799149957850890e+20 1.294551444282742866e+20 1.157780071256799805e+20 1.036620847915129569e+20 9.315299600254551654e+19 8.416822866287119565e+19 7.644610747324638822e+19
2.279977657576927724e+20 2.054743161869173064e+20 1.820111881390159626e+20 1.622803060085359575e+20 1.448799149957851054e+20 1.294551444282742866e+20 1.157780071256799478e+20 1.036620847915129733e+20 9.315299600254553293e+19 8.416822866287121203e+19 7.644610747324637184e+19
2.279977657576928051e+20 2.054743161869172736e+20 1.820111881390159626e+20 1.622803060085359575e+20 1.448799149957850890e+20 1.294551444282742538e+20 1.157780071256799805e+20 1.036620847915129733e+20 9.315299600254554931e+19 8.416822866287122842e+19 7.644610747324637184e+19
2.279977657576928379e+20 2.054743161869173064e+20 1.820111881390159299e+20 1.622803060085359575e+20 1.448799149957851054e+20 1.294551444282742702e+20 1.157780071256799805e+20 1.036620847915130061e+20 9.315299600254554931e+19 8.416822866287124480e+19 7.644610747324637184e+19
2.279977657576928707e+20 2.054743161869172736e+20 1.820111881390159299e+20 1.622803060085359575e+20 1.448799149957851382e+20 1.294551444282742374e+20 1.157780071256799642e+20 1.036620847915130225e+20 9.315299600254553293e+19 8.416822866287126118e+19 7.644610747324638822e+19
2.279977657576928051e+20 2.054743161869172408e+20 1.820111881390158971e+20 1.622803060085359903e+20 1.448799149957851546e+20 1.294551444282742702e+20 1.157780071256799805e+20 1.036620847915130388e+20 9.315299600254554931e+19 8.416822866287127757e+19 7.644610747324638822e+19
2.279977657576928051e+20 2.054743161869172408e+20 1.820111881390158971e+20 1.622803060085359575e+20 1.448799149957851218e+20 1.294551444282742374e+20 1.157780071256799478e+20 1.036620847915130388e+20 9.315299600254556570e+19 8.416822866287129395e+19 7.644610747324643738e+19
2.279977657576927724e+20 2.054743161869172408e+20 1.820111881390158971e+20 1.622803060085359575e+20 1.448799149957851546e+20 1.294551444282742374e+20 1.157780071256798986e+20 1.036620847915130388e+20 9.315299600254556570e+19 8.416822866287127757e+19 7.644610747324642099e+19
2.279977657576928379e+20 2.054743161869172736e+20 1.820111881390158643e+20 1.622803060085359575e+20 1.448799149957851709e+20 1.294551444282742047e+20 1.157780071256799314e+20 1.036620847915130225e+20 9.315299600254558208e+19 8.416822866287129395e+19 7.644610747324642099e+19
2.279977657576928707e+20 2.054743161869173064e+20 1.820111881390158643e+20 1.622803060085359247e+20 1.448799149957851709e+20 1.294551444282742047e+20 1.157780071256798986e+20 1.036620847915129897e+20 9.315299600254556570e+19 8.416822866287127757e+19 7.644610747324643738e+19
2.279977657576928707e+20 2.054743161869172736e+20 1.820111881390158643e+20 1.622803060085359575e+20 1.448799149957851546e+20 1.294551444282742211e+20 1.157780071256799150e+20 1.036620847915129733e+20 9.315299600254553293e+19 8.416822866287129395e+19 7.644610747324645376e+19
2.279977657576928379e+20 2.054743161869172408e+20 1.820111881390158971e+20 1.622803060085359575e+20 1.448799149957851546e+20 1.294551444282742538e+20 1.157780071256799478e+20 1.036620847915129405e+20 9.315299600254556570e+19 8.416822866287131034e+19 7.644610747324642099e+19
2.279977657576929034e+20 2.054743161869172408e+20 1.820111881390158643e+20 1.622803060085359247e+20 1.448799149957851709e+20 1.294551444282742702e+20 1.157780071256799478e+20 1.036620847915129405e+20 9.315299600254558208e+19 8.416822866287131034e+19 7.644610747324642099e+19
2.279977657576929362e+20 2.054743161869172081e+20 1.820111881390158971e+20 1.622803060085359575e+20 1.448799149957851873e+20 1.294551444282742866e+20 1.157780071256799150e+20 1.036620847915129078e+20 9.315299600254559846e+19 8.416822866287134310e+19 7.644610747324638822e+19
2.279977657576929690e+20 2.054743161869172736e+20 1.820111881390158971e+20 1.622803060085359575e+20 1.448799149957851709e+20 1.294551444282743194e+20 1.157780071256798986e+20 1.036620847915129242e+20 9.315299600254559846e+19 8.416822866287131034e+19 7.644610747324645376e+19
2.279977657576930017e+20 2.054743161869172408e+20 1.820111881390158643e+20 1.622803060085359903e+20 1.448799149957851709e+20 1.294551444282743030e+20 1.157780071256798986e+20 1.036620847915129405e+20 9.315299600254556570e+19 8.416822866287132672e+19 7.644610747324643738e+19
2.279977657576930017e+20 2.054743161869173064e+20 1.820111881390158971e+20 1.622803060085359575e+20 1.448799149957851709e+20 1.294551444282743194e+20 1.157780071256798986e+20 1.036620847915129733e+20 9.315299600254556570e+19 8.416822866287134310e+19 7.644610747324643738e+19
2.279977657576930017e+20 2.054743161869172408e+20 1.820111881390158971e+20 1.622803060085359903e+20 1.448799149957851382e+20 1.294551444282743194e+20 1.157780071256798822e+20 1.036620847915130061e+20 9.315299600254558208e+19 8.416822866287131034e+19 7.644610747324645376e+19
2.279977657576929690e+20 2.054743161869173064e+20 1.820111881390159299e+20 1.622803060085359575e+20 1.448799149957851218e+20 1.294551444282743194e+20 1.157780071256798822e+20 1.036620847915129733e+20 9.315299600254554931e+19 8.416822866287132672e+19 7.644610747324648653e+19
2.279977657576930345e+20 2.054743161869172408e+20 1.820111881390158971e+20 1.622803060085359247e+20 1.448799149957851546e+20 1.294551444282743521e+20 1.157780071256798822e+20 1.036620847915129897e+20 9.315299600254556570e+19 8.416822866287135949e+19 7.644610747324643738e+19
2.279977657576930017e+20 2.054743161869173064e+20 1.820111881390158971e+20 1.622803060085358920e+20 1.448799149957851382e+20 1.294551444282743521e+20 1.157780071256798986e+20 1.036620847915129733e+20 9.315299600254556570e+19 8.416822866287134310e+19 7.644610747324640461e+19
2.279977657576929690e+20 2.054743161869172081e+20 1.820111881390159299e+20 1.622803060085358920e+20 1.448799149957851382e+20 1.294551444282743521e+20 1.157780071256799314e+20 1.036620847915129405e+20 9.315299600254556570e+19 8.416822866287132672e+19 7.644610747324638822e+19
2.279977657576930017e+20 2.054743161869172408e+20 1.820111881390158643e+20 1.622803060085359247e+20 1.448799149957851218e+20 1.294551444282743521e+20 1.157780071256799150e+20 1.036620847915129405e+20 9.315299600254559846e+19 8.416822866287131034e+19 7.644610747324640461e+19
2.279977657576929690e+20 2.054743161869172081e+20 1.820111881390158971e+20 1.622803060085359247e+20 1.448799149957851218e+20 1.294551444282743030e+20 1.157780071256798822e+20 1.036620847915129733e+20 9.315299600254559846e+19 8.416822866287127757e+19 7.644610747324640461e+19
2.279977657576929690e+20 2.054743161869172408e+20 1.820111881390158643e+20 1.622803060085359575e+20 1.448799149957851054e+20 1.294551444282743194e+20 1.157780071256798495e+20 1.036620847915130061e+20 9.315299600254556570e+19 8.416822866287127757e+19 7.644610747324640461e+19
2.279977657576930017e+20 2.054743161869171753e+20 1.820111881390158643e+20 1.622803060085358920e+20 1.448799149957850890e+20 1.294551444282743194e+20 1.157780071256798495e+20 1.036620847915130552e+20 9.315299600254558208e+19 8.416822866287124480e+19 7.644610747324638822e+19
2.279977657576930345e+20 2.054743161869172081e+20 1.820111881390158643e+20 1.622803060085358592e+20 1.448799149957851054e+20 1.294551444282743194e+20 1.157780071256799150e+20 1.036620847915130716e+20 9.315299600254561485e+19 8.416822866287126118e+19 7.644610747324643738e+19
2.279977657576929690e+20 2.054743161869171425e+20 1.820111881390158643e+20 1.622803060085358592e+20 1.448799149957851546e+20 1.294551444282743357e+20 1.157780071256799150e+20 1.036620847915131044e+20 9.315299600254561485e+19 8.416822866287126118e+19 7.644610747324642099e+19
2.279977657576929690e+20 2.054743161869171425e+20 1.820111881390158316e+20 1.622803060085358920e+20 1.448799149957851382e+20 1.294551444282743194e+20 1.157780071256799150e+20 1.036620847915131044e+20 9.315299600254563123e+19 8.416822866287127757e+19 7.644610747324642099e+19
2.279977657576930017e+20 2.054743161869170770e+20 1.820111881390158316e+20 1.622803060085358592e+20 1.448799149957851546e+20 1.294551444282743194e+20 1.157780071256798986e+20 1.036620847915130880e+20 9.315299600254566400e+19 8.416822866287131034e+19 7.644610747324640461e+19
2.279977657576930017e+20 2.054743161869170770e+20 1.820111881390157988e+20 1.622803060085359247e+20 1.448799149957851218e+20 1.294551444282743194e+20 1.157780071256799314e+20 1.036620847915130880e+20 9.315299600254563123e+19 8.416822866287127757e+19 7.644610747324643738e+19
2.279977657576930345e+20 2.054743161869171098e+20 1.820111881390157988e+20 1.622803060085358920e+20 1.448799149957851546e+20 1.294551444282743030e+20 1.157780071256799150e+20 1.036620847915130552e+20 9.315299600254566400e+19 8.416822866287129395e+19 7.644610747324638822e+19
2.279977657576930345e+20 2.054743161869171098e+20 1.820111881390157988e+20 1.622803060085359575e+20 1.448799149957851546e+20 1.294551444282743030e+20 1.157780071256799314e+20 1.036620847915130225e+20 9.315299600254564762e+19 8.416822866287129395e+19 7.644610747324642099e+19
2.279977657576930017e+20 2.054743161869171098e+20 1.820111881390157988e+20 1.622803060085358920e+20 1.448799149957851546e+20 1.294551444282742866e+20 1.157780071256799314e+20 1.036620847915130225e+20 9.315299600254563123e+19 8.416822866287134310e+19 7.644610747324637184e+19
2.279977657576929690e+20 2.054743161869171098e+20 1.820111881390157660e+20 1.622803060085359247e+20 1.448799149957851873e+20 1.294551444282743030e+20 1.157780071256799314e+20 1.036620847915130716e+20 9.315299600254561485e+19 8.416822866287132672e+19 7.644610747324637184e+19
2.279977657576929690e+20 2.054743161869171098e+20 1.820111881390157988e+20 1.622803060085359575e+20 1.448799149957851546e+20 1.294551444282742702e+20 1.157780071256799314e+20 1.036620847915130552e+20 9.315299600254558208e+19 8.416822866287131034e+19 7.644610747324637184e+19
2.279977657576930017e+20 2.054743161869171425e+20 1.820111881390158316e+20 1.622803060085359247e+20 1.448799149957851873e+20 1.294551444282742702e+20 1.157780071256799642e+20 1.036620847915130880e+20 9.315299600254559846e+19 8.416822866287132672e+19 7.644610747324637184e+19
2.279977657576929690e+20 2.054743161869171753e+20 1.820111881390157988e+20 1.622803060085359247e+20 1.448799149957851873e+20 1.294551444282742538e+20 1.157780071256799642e+20 1.036620847915130880e+20 9.315299600254558208e+19 8.416822866287129395e+19 7.644610747324635546e+19
2.279977657576929362e+20 2.054743161869171753e+20 1.820111881390157988e+20 1.622803060085358920e+20 1.448799149957852201e+20 1.294551444282742702e+20 1.157780071256799969e+20 1.036620847915130716e+20 9.315299600254556570e+19 8.416822866287129395e+19 7.644610747324632269e+19
2.279977657576929034e+20 2.054743161869172081e+20 1.820111881390158316e+20 1.622803060085358920e+20 1.448799149957852201e+20 1.294551444282743030e+20 1.157780071256799805e+20 1.036620847915130880e+20 9.315299600254556570e+19 8.416822866287129395e+19 7.644610747324630630e+19
2.279977657576928379e+20 2.054743161869172081e+20 1.820111881390158316e+20 1.622803060085359247e+20 1.448799149957852037e+20 1.294551444282743194e+20 1.157780071256800133e+20 1.036620847915131044e+20 9.315299600254556570e+19 8.416822866287129395e+19 7.644610747324628992e+19
2.279977657576927724e+20 2.054743161869172081e+20 1.820111881390157988e+20 1.622803060085359247e+20 1.448799149957852037e+20 1.294551444282743030e+20 1.157780071256800133e+20 1.036620847915131044e+20 9.315299600254558208e+19 8.416822866287131034e+19 7.644610747324627354e+19
2.279977657576927396e+20 2.054743161869172081e+20 1.820111881390158316e+20 1.622803060085358920e+20 1.448799149957852037e+20 1.294551444282743030e+20 1.157780071256799969e+20 1.036620847915130716e+20 9.315299600254558208e+19 8.416822866287134310e+19 7.644610747324628992e+19
2.279977657576927068e+20 2.054743161869171753e+20 1.820111881390158643e+20 1.622803060085359247e+20 1.448799149957852037e+20 1.294551444282743030e+20 1.157780071256799969e+20 1.036620847915130716e+20 9.315299600254564762e+19 8.416822866287134310e+19 7.644610747324630630e+19
2.279977657576927396e+20 2.054743161869172081e+20 1.820111881390158316e+20 1.622803060085359247e+20 1.448799149957852037e+20 1.294551444282743030e+20 1.157780071256800297e+20 1.036620847915130880e+20 9.315299600254561485e+19 8.416822866287139226e+19 7.644610747324632269e+19
2.279977657576926740e+20 2.054743161869171425e+20 1.820111881390158316e+20 1.622803060085359247e+20 1.448799149957852037e+20 1.294551444282742866e+20 1.157780071256800461e+20 1.036620847915130716e+20 9.315299600254559846e+19 8.416822866287135949e+19 7.644610747324628992e+19
2.279977657576926413e+20 2.054743161869171753e+20 1.820111881390158643e+20 1.622803060085359575e+20 1.448799149957852037e+20 1.294551444282743030e+20 1.157780071256800461e+20 1.036620847915130716e+20 9.315299600254559846e+19 8.416822866287134310e+19 7.644610747324630630e+19
2.279977657576925757e+20 2.054743161869170770e+20 1.820111881390158316e+20 1.622803060085359903e+20 1.448799149957852037e+20 1.294551444282743030e+20 1.157780071256800297e+20 1.036620847915130716e+20 9.315299600254563123e+19 8.416822866287132672e+19 7.644610747324628992e+19
2.279977657576925757e+20 2.054743161869170442e+20 1.820111881390157988e+20 1.622803060085359575e+20 1.448799149957852037e+20 1.294551444282743194e+20 1.157780071256800297e+20 1.036620847915130552e+20 9.315299600254564762e+19 8.416822866287134310e+19 7.644610747324625715e+19
2.279977657576925757e+20 2.054743161869170115e+20 1.820111881390158316e+20 1.622803060085358920e+20 1.448799149957852201e+20 1.294551444282743030e+20 1.157780071256800297e+20 1.036620847915130552e+20 9.315299600254564762e+19 8.416822866287132672e+19 7.644610747324627354e+19
2.279977657576925430e+20 2.054743161869170115e+20 1.820111881390158316e+20 1.622803060085358264e+20 1.448799149957852037e+20 1.294551444282743357e+20 1.157780071256799969e+20 1.036620847915130552e+20 9.315299600254563123e+19 8.416822866287131034e+19 7.644610747324627354e+19
2.279977657576925757e+20 2.054743161869169787e+20 1.820111881390157988e+20 1.622803060085358264e+20 1.448799149957852037e+20 1.294551444282743849e+20 1.157780071256800297e+20 1.036620847915130716e+20 9.315299600254561485e+19 8.416822866287132672e+19 7.644610747324630630e+19
2.279977657576925430e+20 2.054743161869170442e+20 1.820111881390158316e+20 1.622803060085358920e+20 1.448799149957852037e+20 1.294551444282744013e+20 1.157780071256800461e+20 1.036620847915130716e+20 9.315299600254558208e+19 8.416822866287131034e+19 7.644610747324628992e+19
2.279977657576925757e+20 2.054743161869170442e+20 1.820111881390157988e+20 1.622803060085358592e+20 1.448799149957852037e+20 1.294551444282744177e+20 1.157780071256800625e+20 1.036620847915130552e+20 9.315299600254556570e+19 8.416822866287131034e+19 7.644610747324627354e+19
2.279977657576925757e+20 2.054743161869170442e+20 1.820111881390157988e+20 1.622803060085358264e+20 1.448799149957852365e+20 1.294551444282744013e+20 1.157780071256800297e+20 1.036620847915130716e+20 9.315299600254554931e+19 8.416822866287129395e+19 7.644610747324624077e+19
2.279977657576925430e+20 2.054743161869170115e+20 1.820111881390158316e+20 1.622803060085358264e+20 1.448799149957852365e+20 1.294551444282743685e+20 1.157780071256800133e+20 1.036620847915130716e+20 9.315299600254554931e+19 8.416822866287132672e+19 7.644610747324624077e+19
2.279977657576925757e+20 2.054743161869170442e+20 1.820111881390158316e+20 1.622803060085358264e+20 1.448799149957852365e+20 1.294551444282743685e+20 1.157780071256800133e+20 1.036620847915130716e+20 9.315299600254551654e+19 8.416822866287131034e+19 7.644610747324619162e+19
2.279977657576925757e+20 2.054743161869170442e+20 1.820111881390158316e+20 1.622803060085358920e+20 1.448799149957852365e+20 1.294551444282743685e+20 1.157780071256800461e+20 1.036620847915130388e+20 9.315299600254548378e+19 8.416822866287132672e+19 7.644610747324617523e+19
2.279977657576925430e+20 2.054743161869170442e+20 1.820111881390158316e+20 1.622803060085358592e+20 1.448799149957852201e+20 1.294551444282743521e+20 1.157780071256800952e+20 1.036620847915130880e+20 9.315299600254546739e+19 8.416822866287131034e+19 7.644610747324615885e+19
2.279977657576925430e+20 2.054743161869170770e+20 1.820111881390158643e+20 1.622803060085358592e+20 1.448799149957851709e+20 1.294551444282743685e+20 1.157780071256800788e+20 1.036620847915130716e+20 9.315299600254543462e+19 8.416822866287132672e+19 7.644610747324614246e+19
2.279977657576925102e+20 2.054743161869171098e+20 1.820111881390158643e+20 1.622803060085358264e+20 1.448799149957852037e+20 1.294551444282743685e+20 1.157780071256801116e+20 1.036620847915130716e+20 9.315299600254545101e+19 8.416822866287134310e+19 7.644610747324614246e+19
2.279977657576925430e+20 2.054743161869170442e+20 1.820111881390158316e+20 1.622803060085358264e+20 1.448799149957852365e+20 1.294551444282743849e+20 1.157780071256801280e+20 1.036620847915130225e+20 9.315299600254546739e+19 8.416822866287134310e+19 7.644610747324614246e+19
2.279977657576925102e+20 2.054743161869170770e+20 1.820111881390158643e+20 1.622803060085358264e+20 1.448799149957852692e+20 1.294551444282743521e+20 1.157780071256801608e+20 1.036620847915130552e+20 9.315299600254545101e+19 8.416822866287134310e+19 7.644610747324612608e+19
2.279977657576925757e+20 2.054743161869170115e+20 1.820111881390158316e+20 1.622803060085358264e+20 1.448799149957852692e+20 1.294551444282743685e+20 1.157780071256801608e+20 1.036620847915130552e+20 9.315299600254546739e+19 8.416822866287135949e+19 7.644610747324614246e+19
2.279977657576925430e+20 2.054743161869169787e+20 1.820111881390158316e+20 1.622803060085358264e+20 1.448799149957852365e+20 1.294551444282743849e+20 1.157780071256801772e+20 1.036620847915130388e+20 9.315299600254546739e+19 8.416822866287134310e+19 7.644610747324610970e+19
2.279977657576925757e+20 2.054743161869170115e+20 1.820111881390158643e+20 1.622803060085358264e+20 1.448799149957852692e+20 1.294551444282744013e+20 1.157780071256802099e+20 1.036620847915130388e+20 9.315299600254545101e+19 8.416822866287135949e+19 7.644610747324609331e+19
2.279977657576926085e+20 2.054743161869169787e+20 1.820111881390158971e+20 1.622803060085358264e+20 1.448799149957852365e+20 1.294551444282744177e+20 1.157780071256802263e+20 1.036620847915130225e+20 9.315299600254545101e+19 8.416822866287140864e+19 7.644610747324609331e+19
2.279977657576926085e+20 2.054743161869169787e+20 1.820111881390158643e+20 1.622803060085357937e+20 1.448799149957852365e+20 1.294551444282743849e+20 1.157780071256802263e+20 1.036620847915130225e+20 9.315299600254548378e+19 8.416822866287140864e+19 7.644610747324614246e+19
2.279977657576926085e+20 2.054743161869170770e+20 1.820111881390158643e+20 1.622803060085357281e+20 1.448799149957852201e+20 1.294551444282743685e+20 1.157780071256802427e+20 1.036620847915130225e+20 9.315299600254550016e+19 8.416822866287140864e+19 7.644610747324612608e+19
2.279977657576925757e+20 2.054743161869170442e+20 1.820111881390158316e+20 1.622803060085358264e+20 1.448799149957852365e+20 1.294551444282744013e+20 1.157780071256802263e+20 1.036620847915130061e+20 9.315299600254548378e+19 8.416822866287140864e+19 7.644610747324612608e+19
2.279977657576925430e+20 2.054743161869170115e+20 1.820111881390158643e+20 1.622803060085358920e+20 1.448799149957852037e+20 1.294551444282743849e+20 1.157780071256802263e+20 1.036620847915129897e+20 9.315299600254546739e+19 8.416822866287140864e+19 7.644610747324612608e+19
2.279977657576925757e+20 2.054743161869170442e+20 1.820111881390158643e+20 1.622803060085358592e+20 1.448799149957852037e+20 1.294551444282744013e+20 1.157780071256802263e+20 1.036620847915129733e+20 9.315299600254551654e+19 8.416822866287144141e+19 7.644610747324612608e+19
2.279977657576925757e+20 2.054743161869170770e+20 1.820111881390158971e+20 1.622803060085358592e+20 1.448799149957851873e+20 1.294551444282743849e+20 1.157780071256802591e+20 1.036620847915129733e+20 9.315299600254553293e+19 8.416822866287142502e+19 7.644610747324614246e+19
2.279977657576925430e+20 2.054743161869170442e+20 1.820111881390158971e+20 1.622803060085358920e+20 1.448799149957851546e+20 1.294551444282743521e+20 1.157780071256802591e+20 1.036620847915129897e+20 9.315299600254554931e+19 8.416822866287144141e+19 7.644610747324612608e+19
2.279977657576925102e+20 2.054743161869170770e+20 1.820111881390158643e+20 1.622803060085358920e+20 1.448799149957851546e+20 1.294551444282743849e+20 1.157780071256802591e+20 1.036620847915129897e+20 9.315299600254550016e+19 8.416822866287147418e+19 7.644610747324612608e+19
2.279977657576925102e+20 2.054743161869170442e+20 1.820111881390158971e+20 1.622803060085358592e+20 1.448799149957851546e+20 1.294551444282744013e+20 1.157780071256802591e+20 1.036620847915129569e+20 9.315299600254551654e+19 8.416822866287145779e+19 7.644610747324607693e+19
2.279977657576926085e+20 2.054743161869170442e+20 1.820111881390158971e+20 1.622803060085358920e+20 1.448799149957851382e+20 1.294551444282744013e+20 1.157780071256802591e+20 1.036620847915129078e+20 9.315299600254553293e+19 8.416822866287144141e+19 7.644610747324609331e+19
2.279977657576925757e+20 2.054743161869170442e+20 1.820111881390159299e+20 1.622803060085358592e+20 1.448799149957851382e+20 1.294551444282743685e+20 1.157780071256802591e+20 1.036620847915129078e+20 9.315299600254553293e+19 8.416822866287139226e+19 7.644610747324614246e+19
2.279977657576925757e+20 2.054743161869170442e+20 1.820111881390158971e+20 1.622803060085358264e+20 1.448799149957851218e+20 1.294551444282743849e+20 1.157780071256802755e+20 1.036620847915129569e+20 9.315299600254554931e+19 8.416822866287135949e+19 7.644610747324617523e+19
2.279977657576924774e+20 2.054743161869170770e+20 1.820111881390158971e+20 1.622803060085358264e+20 1.448799149957851054e+20 1.294551444282744013e+20 1.157780071256802755e+20 1.036620847915129405e+20 9.315299600254558208e+19 8.416822866287134310e+19 7.644610747324617523e+19
2.279977657576925102e+20 2.054743161869170442e+20 1.820111881390158643e+20 1.622803060085357609e+20 1.448799149957851054e+20 1.294551444282744013e+20 1.157780071256802591e+20 1.036620847915129569e+20 9.315299600254559846e+19 8.416822866287134310e+19 7.644610747324614246e+19
2.279977657576925430e+20 2.054743161869170442e+20 1.820111881390158643e+20 1.622803060085357937e+20 1.448799149957851218e+20 1.294551444282744177e+20 1.157780071256802427e+20 1.036620847915129733e+20 9.315299600254556570e+19 8.416822866287135949e+19 7.644610747324619162e+19
2.279977657576925757e+20 2.054743161869170115e+20 1.820111881390158316e+20 1.622803060085357937e+20 1.448799149957851382e+20 1.294551444282744340e+20 1.157780071256802591e+20 1.036620847915129897e+20 9.315299600254558208e+19 8.416822866287135949e+19 7.644610747324619162e+19
2.279977657576925430e+20 2.054743161869170442e+20 1.820111881390158643e+20 1.622803060085357609e+20 1.448799149957851218e+20 1.294551444282744668e+20 1.157780071256802427e+20 1.036620847915130061e+20 9.315299600254561485e+19 8.416822866287137587e+19 7.644610747324619162e+19
2.279977657576924774e+20 2.054743161869170442e+20 1.820111881390158316e+20 1.622803060085357937e+20 1.448799149957851382e+20 1.294551444282744668e+20 1.157780071256802263e+20 1.036620847915130061e+20 9.315299600254564762e+19 8.416822866287142502e+19 7.644610747324624077e+19
2.279977657576924774e+20 2.054743161869170442e+20 1.820111881390158643e+20 1.622803060085357609e+20 1.448799149957851218e+20 1.294551444282744668e+20 1.157780071256802263e+20 1.036620847915130061e+20 9.315299600254566400e+19 8.416822866287142502e+19 7.644610747324624077e+19
2.279977657576924774e+20 2.054743161869170770e+20 1.820111881390158316e+20 1.622803060085357609e+20 1.448799149957851382e+20 1.294551444282744504e+20 1.157780071256802263e+20 1.036620847915130061e+20 9.315299600254569677e+19 8.416822866287140864e+19 7.644610747324622438e+19
2.279977657576924119e+20 2.054743161869170770e+20 1.820111881390158643e+20 1.622803060085357609e+20 1.448799149957850890e+20 1.294551444282744668e+20 1.157780071256802099e+20 1.036620847915130225e+20 9.315299600254569677e+19 8.416822866287139226e+19 7.644610747324622438e+19
2.279977657576923791e+20 2.054743161869170770e+20 1.820111881390158316e+20 1.622803060085357281e+20 1.448799149957850890e+20 1.294551444282744832e+20 1.157780071256802099e+20 1.036620847915130225e+20 9.315299600254571315e+19 8.416822866287139226e+19 7.644610747324625715e+19
2.279977657576924119e+20 2.054743161869170770e+20 1.820111881390158316e+20 1.622803060085357609e+20 1.448799149957851054e+20 1.294551444282744996e+20 1.157780071256802591e+20 1.036620847915130225e+20 9.315299600254571315e+19 8.416822866287137587e+19 7.644610747324624077e+19
2.279977657576924119e+20 2.054743161869170770e+20 1.820111881390158643e+20 1.622803060085357281e+20 1.448799149957851054e+20 1.294551444282744996e+20 1.157780071256802755e+20 1.036620847915130061e+20 9.315299600254569677e+19 8.416822866287134310e+19 7.644610747324627354e+19
2.279977657576924119e+20 2.054743161869171098e+20 1.820111881390158316e+20 1.622803060085357609e+20 1.448799149957850563e+20 1.294551444282744996e+20 1.157780071256802427e+20 1.036620847915130061e+20 9.315299600254571315e+19 8.416822866287132672e+19 7.644610747324628992e+19
2.279977657576923791e+20 2.054743161869171098e+20 1.820111881390158316e+20 1.622803060085357609e+20 1.448799149957850890e+20 1.294551444282744996e+20 1.157780071256802263e+20 1.036620847915130061e+20 9.315299600254571315e+19 8.416822866287135949e+19 7.644610747324627354e+19
2.279977657576923791e+20 2.054743161869171098e+20 1.820111881390157988e+20 1.622803060085357609e+20 1.448799149957850563e+20 1.294551444282744832e+20 1.157780071256801935e+20 1.036620847915129897e+20 9.315299600254571315e+19 8.416822866287135949e+19 7.644610747324625715e+19
2.279977657576924119e+20 2.054743161869171098e+20 1.820111881390157660e+20 1.622803060085357937e+20 1.448799149957850726e+20 1.294551444282744668e+20 1.157780071256801935e+20 1.036620847915130061e+20 9.315299600254569677e+19 8.416822866287132672e+19 7.644610747324624077e+19
2.279977657576923791e+20 2.054743161869171425e+20 1.820111881390157988e+20 1.622803060085357609e+20 1.448799149957850563e+20 1.294551444282744340e+20 1.157780071256801935e+20 1.036620847915129733e+20 9.315299600254568038e+19 8.416822866287129395e+19 7.644610747324620800e+19
2.279977657576923464e+20 2.054743161869171425e+20 1.820111881390157660e+20 1.622803060085357281e+20 1.448799149957850726e+20 1.294551444282744996e+20 1.157780071256801935e+20 1.036620847915129569e+20 9.315299600254568038e+19 8.416822866287129395e+19 7.644610747324622438e+19
2.279977657576922808e+20 2.054743161869172081e+20 1.820111881390157988e+20 1.622803060085357281e+20 1.448799149957850726e+20 1.294551444282744668e+20 1.157780071256801772e+20 1.036620847915129405e+20 9.315299600254568038e+19 8.416822866287126118e+19 7.644610747324622438e+19
2.279977657576922808e+20 2.054743161869172081e+20 1.820111881390157332e+20 1.622803060085357609e+20 1.448799149957850890e+20 1.294551444282744504e+20 1.157780071256801772e+20 1.036620847915129078e+20 9.315299600254566400e+19 8.416822866287121203e+19 7.644610747324624077e+19
2.279977657576922481e+20 2.054743161869172081e+20 1.820111881390157332e+20 1.622803060085357937e+20 1.448799149957850890e+20 1.294551444282744504e+20 1.157780071256801444e+20 1.036620847915128914e+20 9.315299600254566400e+19 8.416822866287126118e+19 7.644610747324619162e+19
2.279977657576922808e+20 2.054743161869172081e+20 1.820111881390157332e+20 1.622803060085357609e+20 1.448799149957850890e+20 1.294551444282744668e+20 1.157780071256801608e+20 1.036620847915129242e+20 9.315299600254568038e+19 8.416822866287122842e+19 7.644610747324622438e+19
2.279977657576922153e+20 2.054743161869172081e+20 1.820111881390157005e+20 1.622803060085357609e+20 1.448799149957851054e+20 1.294551444282744668e+20 1.157780071256802099e+20 1.036620847915129078e+20 9.315299600254571315e+19 8.416822866287124480e+19 7.644610747324622438e+19
2.279977657576922153e+20 2.054743161869172081e+20 1.820111881390156677e+20 1.622803060085356954e+20 1.448799149957850726e+20 1.294551444282744668e+20 1.157780071256802099e+20 1.036620847915129242e+20 9.315299600254569677e+19 8.416822866287127757e+19 7.644610747324620800e+19
2.279977657576921825e+20 2.054743161869171753e+20 1.820111881390157005e+20 1.622803060085357609e+20 1.448799149957851054e+20 1.294551444282744340e+20 1.157780071256802099e+20 1.036620847915129078e+20 9.315299600254564762e+19 8.416822866287127757e+19 7.644610747324619162e+19
2.279977657576922481e+20 2.054743161869172081e+20 1.820111881390157005e+20 1.622803060085357609e+20 1.448799149957851218e+20 1.294551444282743685e+20 1.157780071256802099e+20 1.036620847915129405e+20 9.315299600254561485e+19 8.416822866287127757e+19 7.644610747324620800e+19
2.279977657576923136e+20 2.054743161869172081e+20 1.820111881390157005e+20 1.622803060085357609e+20 1.448799149957851382e+20 1.294551444282743357e+20 1.157780071256801935e+20 1.036620847915129405e+20 9.315299600254564762e+19 8.416822866287131034e+19 7.644610747324624077e+19
2.279977657576922808e+20 2.054743161869171425e+20 1.820111881390157005e+20 1.622803060085357609e+20 1.448799149957851382e+20 1.294551444282743030e+20 1.157780071256802099e+20 1.036620847915129242e+20 9.315299600254564762e+19 8.416822866287135949e+19 7.644610747324624077e+19
2.279977657576922153e+20 2.054743161869170770e+20 1.820111881390156677e+20 1.622803060085357609e+20 1.448799149957851546e+20 1.294551444282743521e+20 1.157780071256801772e+20 1.036620847915129242e+20 9.315299600254563123e+19 8.416822866287135949e+19 7.644610747324627354e+19
2.279977657576922153e+20 2.054743161869171098e+20 1.820111881390156677e+20 1.622803060085357281e+20 1.448799149957851546e+20 1.294551444282743521e+20 1.157780071256801772e+20 1.036620847915129569e+20 9.315299600254566400e+19 8.416822866287135949e+19 7.644610747324625715e+19
2.279977657576922808e+20 2.054743161869171098e+20 1.820111881390156677e+20 1.622803060085357281e+20 1.448799149957851709e+20 1.294551444282744013e+20 1.157780071256801772e+20 1.036620847915129733e+20 9.315299600254564762e+19 8.416822866287137587e+19 7.644610747324625715e+19
2.279977657576922808e+20 2.054743161869171098e+20 1.820111881390156677e+20 1.622803060085357281e+20 1.448799149957851873e+20 1.294551444282743849e+20 1.157780071256801608e+20 1.036620847915129733e+20 9.315299600254561485e+19 8.416822866287139226e+19 7.644610747324624077e+19
2.279977657576922808e+20 2.054743161869170770e+20 1.820111881390156349e+20 1.622803060085356954e+20 1.448799149957851873e+20 1.294551444282743849e+20 1.157780071256801608e+20 1.036620847915129733e+20 9.315299600254558208e+19 8.416822866287134310e+19 7.644610747324625715e+19
2.279977657576922481e+20 2.054743161869171098e+20 1.820111881390156349e+20 1.622803060085357281e+20 1.448799149957851873e+20 1.294551444282744340e+20 1.157780071256801772e+20 1.036620847915129897e+20 9.315299600254564762e+19 8.416822866287131034e+19 7.644610747324625715e+19
2.279977657576922481e+20 2.054743161869171425e+20 1.820111881390156677e+20 1.622803060085356954e+20 1.448799149957851709e+20 1.294551444282744177e+20 1.157780071256802099e+20 1.036620847915130225e+20 9.315299600254559846e+19 8.416822866287129395e+19 7.644610747324625715e+19
2.279977657576922481e+20 2.054743161869171098e+20 1.820111881390156677e+20 1.622803060085357281e+20 1.448799149957852037e+20 1.294551444282744504e+20 1.157780071256802099e+20 1.036620847915130225e+20 9.315299600254558208e+19 8.416822866287127757e+19 7.644610747324628992e+19
2.279977657576922808e+20 2.054743161869171098e+20 1.820111881390156677e+20 1.622803060085357281e+20 1.448799149957852037e+20 1.294551444282744177e+20 1.157780071256802099e+20 1.036620847915130061e+20 9.315299600254561485e+19 8.416822866287129395e+19 7.644610747324627354e+19
2.279977657576922153e+20 2.054743161869171098e+20 1.820111881390156349e+20 1.622803060085357281e+20 1.448799149957852201e+20 1.294551444282744013e+20 1.157780071256802099e+20 1.036620847915130225e+20 9.315299600254561485e+19 8.416822866287127757e+19 7.644610747324627354e+19
2.279977657576921825e+20 2.054743161869170442e+20 1.820111881390155694e+20 1.622803060085357281e+20 1.448799149957852201e+20 1.294551444282743685e+20 1.157780071256801935e+20 1.036620847915130225e+20 9.315299600254559846e+19 8.416822866287131034e+19 7.644610747324630630e+19
2.279977657576921825e+20 2.054743161869170442e+20 1.820111881390155366e+20 1.622803060085356954e+20 1.448799149957852365e+20 1.294551444282743849e+20 1.157780071256801608e+20 1.036620847915130225e+20 9.315299600254561485e+19 8.416822866287131034e+19 7.644610747324628992e+19
2.279977657576922481e+20 2.054743161869170770e+20 1.820111881390155039e+20 1.622803060085356954e+20 1.448799149957852365e+20 1.294551444282744177e+20 1.157780071256801444e+20 1.036620847915130552e+20 9.315299600254561485e+19 8.416822866287131034e+19 7.644610747324625715e+19
2.279977657576922153e+20 2.054743161869170442e+20 1.820111881390155366e+20 1.622803060085356954e+20 1.448799149957852201e+20 1.294551444282744340e+20 1.157780071256801608e+20 1.036620847915130388e+20 9.315299600254561485e+19 8.416822866287132672e+19 7.644610747324620800e+19
2.279977657576922153e+20 2.054743161869170115e+20 1.820111881390155039e+20 1.622803060085356954e+20 1.448799149957852037e+20 1.294551444282744013e+20 1.157780071256801608e+20 1.036620847915130388e+20 9.315299600254561485e+19 8.416822866287132672e+19 7.644610747324620800e+19
2.279977657576922153e+20 2.054743161869169787e+20 1.820111881390155039e+20 1.622803060085356626e+20 1.448799149957852037e+20 1.294551444282743849e+20 1.157780071256801608e+20 1.036620847915130552e+20 9.315299600254561485e+19 8.416822866287132672e+19 7.644610747324617523e+19
2.279977657576921825e+20 2.054743161869170442e+20 1.820111881390155039e+20 1.622803060085356954e+20 1.448799149957852201e+20 1.294551444282744177e+20 1.157780071256801772e+20 1.036620847915130225e+20 9.315299600254563123e+19 8.416822866287131034e+19 7.644610747324615885e+19
2.279977657576922153e+20 2.054743161869170115e+20 1.820111881390155039e+20 1.622803060085357281e+20 1.448799149957852201e+20 1.294551444282744013e+20 1.157780071256801608e+20 1.036620847915129897e+20 9.315299600254568038e+19 8.416822866287132672e+19 7.644610747324617523e+19
2.279977657576921825e+20 2.054743161869170115e+20 1.820111881390154711e+20 1.622803060085357281e+20 1.448799149957852365e+20 1.294551444282744177e+20 1.157780071256801608e+20 1.036620847915129897e+20 9.315299600254569677e+19 8.416822866287131034e+19 7.644610747324615885e+19
2.279977657576922481e+20 2.054743161869170115e+20 1.820111881390154383e+20 1.622803060085357281e+20 1.448799149957852529e+20 1.294551444282744013e+20 1.157780071256801444e+20 1.036620847915129078e+20 9.315299600254566400e+19 8.416822866287127757e+19 7.644610747324615885e+19
2.279977657576922808e+20 2.054743161869170442e+20 1.820111881390154711e+20 1.622803060085356954e+20 1.448799149957852529e+20 1.294551444282744177e+20 1.157780071256801608e+20 1.036620847915128750e+20 9.315299600254568038e+19 8.416822866287129395e+19 7.644610747324620800e+19
2.279977657576922481e+20 2.054743161869170442e+20 1.820111881390154711e+20 1.622803060085357609e+20 1.448799149957852365e+20 1.294551444282744340e+20 1.157780071256801444e+20 1.036620847915128259e+20 9.315299600254564762e+19 8.416822866287127757e+19 7.644610747324619162e+19
2.279977657576922153e+20 2.054743161869170115e+20 1.820111881390154711e+20 1.622803060085357609e+20 1.448799149957852692e+20 1.294551444282744504e+20 1.157780071256801608e+20 1.036620847915128586e+20 9.315299600254568038e+19 8.416822866287126118e+19 7.644610747324619162e+19
2.279977657576921825e+20 2.054743161869170115e+20 1.820111881390154711e+20 1.622803060085357609e+20 1.448799149957852201e+20 1.294551444282744668e+20 1.157780071256801772e+20 1.036620847915128259e+20 9.315299600254571315e+19 8.416822866287126118e+19 7.644610747324620800e+19
2.279977657576922153e+20 2.054743161869170115e+20 1.820111881390154711e+20 1.622803060085357281e+20 1.448799149957852365e+20 1.294551444282744668e+20 1.157780071256801772e+20 1.036620847915127931e+20 9.315299600254569677e+19 8.416822866287121203e+19 7.644610747324619162e+19
2.279977657576921825e+20 2.054743161869170115e+20 1.820111881390155039e+20 1.622803060085357609e+20 1.448799149957852692e+20 1.294551444282744996e+20 1.157780071256801772e+20 1.036620847915127767e+20 9.315299600254571315e+19 8.416822866287122842e+19 7.644610747324619162e+19
2.279977657576922153e+20 2.054743161869169787e+20 1.820111881390155039e+20 1.622803060085357281e+20 1.448799149957852856e+20 1.294551444282744668e+20 1.157780071256801935e+20 1.036620847915128095e+20 9.315299600254569677e+19 8.416822866287121203e+19 7.644610747324624077e+19
2.279977657576921825e+20 2.054743161869169787e+20 1.820111881390155039e+20 1.622803060085357609e+20 1.448799149957853020e+20 1.294551444282744668e+20 1.157780071256801772e+20 1.036620847915128259e+20 9.315299600254566400e+19 8.416822866287121203e+19 7.644610747324622438e+19
2.279977657576922153e+20 2.054743161869170115e+20 1.820111881390155039e+20 1.622803060085356626e+20 1.448799149957853512e+20 1.294551444282744340e+20 1.157780071256801772e+20 1.036620847915128095e+20 9.315299600254564762e+19 8.416822866287122842e+19 7.644610747324624077e+19
2.279977657576922153e+20 2.054743161869169787e+20 1.820111881390155039e+20 1.622803060085356626e+20 1.448799149957853348e+20 1.294551444282744504e+20 1.157780071256801935e+20 1.036620847915128259e+20 9.315299600254564762e+19 8.416822866287121203e+19 7.644610747324628992e+19
2.279977657576921498e+20 2.054743161869169459e+20 1.820111881390155039e+20 1.622803060085356626e+20 1.448799149957853184e+20 1.294551444282744340e+20 1.157780071256802263e+20 1.036620847915127931e+20 9.315299600254566400e+19 8.416822866287119565e+19 7.644610747324627354e+19
2.279977657576921170e+20 2.054743161869169459e+20 1.820111881390155039e+20 1.622803060085356626e+20 1.448799149957853512e+20 1.294551444282744340e+20 1.157780071256802263e+20 1.036620847915127931e+20 9.315299600254566400e+19 8.416822866287122842e+19 7.644610747324624077e+19
2.279977657576921170e+20 2.054743161869169787e+20 1.820111881390155039e+20 1.622803060085356626e+20 1.448799149957853512e+20 1.294551444282744340e+20 1.157780071256802099e+20 1.036620847915127767e+20 9.315299600254566400e+19 8.416822866287124480e+19 7.644610747324627354e+19
2.279977657576921170e+20 2.054743161869170442e+20 1.820111881390155039e+20 1.622803060085356626e+20 1.448799149957853512e+20 1.294551444282744340e+20 1.157780071256802263e+20 1.036620847915127931e+20 9.315299600254563123e+19 8.416822866287122842e+19 7.644610747324630630e+19
2.279977657576921498e+20 2.054743161869170115e+20 1.820111881390155366e+20 1.622803060085356298e+20 1.448799149957853676e+20 1.294551444282744340e+20 1.157780071256802263e+20 1.036620847915127931e+20 9.315299600254561485e+19 8.416822866287124480e+19 7.644610747324630630e+19
2.279977657576921170e+20 2.054743161869170442e+20 1.820111881390155366e+20 1.622803060085356298e+20 1.448799149957853512e+20 1.294551444282744340e+20 1.157780071256802427e+20 1.036620847915128095e+20 9.315299600254559846e+19 8.416822866287122842e+19 7.644610747324630630e+19
2.279977657576920842e+20 2.054743161869170770e+20 1.820111881390155039e+20 1.622803060085356626e+20 1.448799149957853512e+20 1.294551444282744504e+20 1.157780071256802591e+20 1.036620847915128259e+20 9.315299600254558208e+19 8.416822866287119565e+19 7.644610747324632269e+19
2.279977657576920842e+20 2.054743161869170770e+20 1.820111881390155039e+20 1.622803060085356298e+20 1.448799149957853839e+20 1.294551444282744340e+20 1.157780071256803082e+20 1.036620847915128259e+20 9.315299600254554931e+19 8.416822866287117926e+19 7.644610747324625715e+19
2.279977657576920515e+20 2.054743161869170115e+20 1.820111881390155039e+20 1.622803060085356298e+20 1.448799149957853839e+20 1.294551444282744340e+20 1.157780071256803082e+20 1.036620847915128095e+20 9.315299600254553293e+19 8.416822866287116288e+19 7.644610747324627354e+19
2.279977657576920515e+20 2.054743161869169787e+20 1.820111881390155039e+20 1.622803060085355971e+20 1.448799149957853839e+20 1.294551444282744177e+20 1.157780071256803574e+20 1.036620847915128095e+20 9.315299600254556570e+19 8.416822866287116288e+19 7.644610747324625715e+19
2.279977657576919859e+20 2.054743161869169787e+20 1.820111881390155039e+20 1.622803060085355971e+20 1.448799149957853839e+20 1.294551444282744340e+20 1.157780071256803410e+20 1.036620847915127767e+20 9.315299600254556570e+19 8.416822866287119565e+19 7.644610747324625715e+19
2.279977657576920187e+20 2.054743161869169459e+20 1.820111881390155366e+20 1.622803060085355643e+20 1.448799149957854003e+20 1.294551444282744340e+20 1.157780071256803574e+20 1.036620847915127931e+20 9.315299600254556570e+19 8.416822866287119565e+19 7.644610747324622438e+19
2.279977657576919859e+20 2.054743161869169787e+20 1.820111881390155039e+20 1.622803060085355971e+20 1.448799149957853839e+20 1.294551444282744504e+20 1.157780071256803410e+20 1.036620847915127767e+20 9.315299600254553293e+19 8.416822866287116288e+19 7.644610747324622438e+19
2.279977657576919532e+20 2.054743161869170115e+20 1.820111881390155039e+20 1.622803060085355971e+20 1.448799149957854003e+20 1.294551444282744504e+20 1.157780071256803410e+20 1.036620847915127439e+20 9.315299600254551654e+19 8.416822866287116288e+19 7.644610747324627354e+19
2.279977657576919532e+20 2.054743161869169787e+20 1.820111881390155039e+20 1.622803060085356298e+20 1.448799149957854167e+20 1.294551444282744504e+20 1.157780071256803574e+20 1.036620847915127439e+20 9.315299600254553293e+19 8.416822866287114650e+19 7.644610747324627354e+19
2.279977657576919204e+20 2.054743161869170115e+20 1.820111881390155366e+20 1.622803060085355643e+20 1.448799149957854003e+20 1.294551444282744832e+20 1.157780071256804065e+20 1.036620847915127603e+20 9.315299600254554931e+19 8.416822866287116288e+19 7.644610747324630630e+19
2.279977657576919204e+20 2.054743161869169787e+20 1.820111881390155366e+20 1.622803060085355971e+20 1.448799149957854003e+20 1.294551444282744668e+20 1.157780071256803901e+20 1.036620847915127439e+20 9.315299600254556570e+19 8.416822866287116288e+19 7.644610747324632269e+19
2.279977657576919532e+20 2.054743161869170115e+20 1.820111881390155366e+20 1.622803060085355971e+20 1.448799149957854003e+20 1.294551444282744668e+20 1.157780071256804229e+20 1.036620847915127276e+20 9.315299600254556570e+19 8.416822866287111373e+19 7.644610747324633907e+19
2.279977657576919859e+20 2.054743161869169459e+20 1.820111881390155366e+20 1.622803060085356626e+20 1.448799149957853839e+20 1.294551444282744504e+20 1.157780071256804557e+20 1.036620847915127603e+20 9.315299600254556570e+19 8.416822866287116288e+19 7.644610747324635546e+19
2.279977657576919859e+20 2.054743161869169459e+20 1.820111881390155366e+20 1.622803060085356298e+20 1.448799149957853676e+20 1.294551444282744340e+20 1.157780071256804557e+20 1.036620847915127603e+20 9.315299600254553293e+19 8.416822866287116288e+19 7.644610747324635546e+19
2.279977657576919204e+20 2.054743161869169787e+20 1.820111881390155694e+20 1.622803060085356626e+20 1.448799149957853676e+20 1.294551444282744177e+20 1.157780071256804557e+20 1.036620847915127603e+20 9.315299600254556570e+19 8.416822866287117926e+19 7.644610747324630630e+19
2.279977657576918548e+20 2.054743161869169787e+20 1.820111881390156022e+20 1.622803060085356626e+20 1.448799149957853676e+20 1.294551444282744177e+20 1.157780071256804393e+20 1.036620847915127439e+20 9.315299600254554931e+19 8.416822866287117926e+19 7.644610747324632269e+19
2.279977657576918548e+20 2.054743161869169787e+20 1.820111881390155694e+20 1.622803060085356954e+20 1.448799149957853512e+20 1.294551444282744832e+20 1.157780071256804393e+20 1.036620847915127439e+20 9.315299600254551654e+19 8.416822866287116288e+19 7.644610747324633907e+19
2.279977657576918876e+20 2.054743161869170442e+20 1.820111881390155694e+20 1.622803060085357281e+20 1.448799149957853839e+20 1.294551444282744996e+20 1.157780071256804721e+20 1.036620847915127931e+20 9.315299600254551654e+19 8.416822866287117926e+19 7.644610747324632269e+19
2.279977657576919532e+20 2.054743161869170115e+20 1.820111881390156022e+20 1.622803060085356954e+20 1.448799149957853839e+20 1.294551444282745160e+20 1.157780071256804393e+20 1.036620847915127931e+20 9.315299600254551654e+19 8.416822866287121203e+19 7.644610747324632269e+19
2.279977657576919532e+20 2.054743161869170442e+20 1.820111881390156022e+20 1.622803060085356626e+20 1.448799149957853676e+20 1.294551444282744996e+20 1.157780071256804393e+20 1.036620847915127931e+20 9.315299600254546739e+19 8.416822866287119565e+19 7.644610747324628992e+19
2.279977657576919204e+20 2.054743161869171098e+20 1.820111881390156022e+20 1.622803060085356954e+20 1.448799149957853676e+20 1.294551444282744996e+20 1.157780071256804557e+20 1.036620847915127931e+20 9.315299600254551654e+19 8.416822866287117926e+19 7.644610747324630630e+19
2.279977657576918876e+20 2.054743161869170770e+20 1.820111881390156022e+20 1.622803060085356954e+20 1.448799149957853184e+20 1.294551444282744832e+20 1.157780071256804721e+20 1.036620847915127931e+20 9.315299600254550016e+19 8.416822866287116288e+19 7.644610747324630630e+19
2.279977657576919204e+20 2.054743161869170770e+20 1.820111881390156022e+20 1.622803060085357281e+20 1.448799149957852856e+20 1.294551444282744832e+20 1.157780071256804721e+20 1.036620847915127931e+20 9.315299600254548378e+19 8.416822866287121203e+19 7.644610747324628992e+19
2.279977657576919204e+20 2.054743161869171098e+20 1.820111881390156349e+20 1.622803060085357281e+20 1.448799149957852856e+20 1.294551444282744504e+20 1.157780071256804721e+20 1.036620847915127603e+20 9.315299600254548378e+19 8.416822866287121203e+19 7.644610747324627354e+19
2.279977657576918876e+20 2.054743161869171425e+20 1.820111881390156022e+20 1.622803060085357609e+20 1.448799149957853184e+20 1.294551444282744340e+20 1.157780071256805048e+20 1.036620847915127276e+20 9.315299600254541824e+19 8.416822866287116288e+19 7.644610747324627354e+19
2.279977657576917893e+20 2.054743161869171425e+20 1.820111881390156022e+20 1.622803060085357281e+20 1.448799149957853184e+20 1.294551444282744340e+20 1.157780071256805540e+20 1.036620847915127439e+20 9.315299600254543462e+19 8.416822866287114650e+19 7.644610747324630630e+19
2.279977657576918221e+20 2.054743161869171425e+20 1.820111881390156022e+20 1.622803060085357609e+20 1.448799149957853020e+20 1.294551444282744504e+20 1.157780071256805540e+20 1.036620847915127603e+20 9.315299600254541824e+19 8.416822866287113011e+19 7.644610747324628992e+19
2.279977657576917893e+20 2.054743161869171098e+20 1.820111881390156022e+20 1.622803060085357937e+20 1.448799149957853020e+20 1.294551444282744504e+20 1.157780071256805540e+20 1.036620847915127603e+20 9.315299600254540186e+19 8.416822866287109734e+19 7.644610747324625715e+19
2.279977657576918221e+20 2.054743161869171098e+20 1.820111881390156022e+20 1.622803060085357937e+20 1.448799149957853020e+20 1.294551444282744013e+20 1.157780071256805704e+20 1.036620847915127603e+20 9.315299600254538547e+19 8.416822866287108096e+19 7.644610747324625715e+19
2.279977657576918548e+20 2.054743161869171098e+20 1.820111881390156022e+20 1.622803060085357937e+20 1.448799149957852856e+20 1.294551444282744013e+20 1.157780071256806359e+20 1.036620847915127603e+20 9.315299600254531994e+19 8.416822866287108096e+19 7.644610747324625715e+19
2.279977657576917565e+20 2.054743161869171098e+20 1.820111881390156022e+20 1.622803060085357937e+20 1.448799149957852692e+20 1.294551444282744177e+20 1.157780071256806851e+20 1.036620847915127439e+20 9.315299600254533632e+19 8.416822866287106458e+19 7.644610747324625715e+19
2.279977657576917893e+20 2.054743161869171098e+20 1.820111881390156022e+20 1.622803060085357937e+20 1.448799149957852692e+20 1.294551444282744013e+20 1.157780071256806687e+20 1.036620847915127112e+20 9.315299600254536909e+19 8.416822866287104819e+19 7.644610747324624077e+19
2.279977657576917893e+20 2.054743161869171098e+20 1.820111881390156022e+20 1.622803060085358264e+20 1.448799149957852692e+20 1.294551444282743849e+20 1.157780071256807014e+20 1.036620847915127439e+20 9.315299600254535270e+19 8.416822866287106458e+19 7.644610747324622438e+19
2.279977657576917893e+20 2.054743161869171425e+20 1.820111881390156349e+20 1.622803060085358592e+20 1.448799149957852692e+20 1.294551444282743849e+20 1.157780071256806851e+20 1.036620847915126784e+20 9.315299600254536909e+19 8.416822866287106458e+19 7.644610747324620800e+19
2.279977657576916910e+20 2.054743161869171098e+20 1.820111881390156022e+20 1.622803060085358264e+20 1.448799149957852692e+20 1.294551444282743521e+20 1.157780071256807014e+20 1.036620847915127112e+20 9.315299600254538547e+19 8.416822866287109734e+19 7.644610747324624077e+19
2.279977657576916910e+20 2.054743161869171098e+20 1.820111881390156349e+20 1.622803060085357937e+20 1.448799149957852856e+20 1.294551444282743685e+20 1.157780071256807014e+20 1.036620847915127276e+20 9.315299600254540186e+19 8.416822866287106458e+19 7.644610747324624077e+19
2.279977657576917238e+20 2.054743161869170442e+20 1.820111881390156022e+20 1.622803060085357937e+20 1.448799149957852856e+20 1.294551444282743521e+20 1.157780071256807178e+20 1.036620847915127112e+20 9.315299600254540186e+19 8.416822866287106458e+19 7.644610747324622438e+19
2.279977657576917565e+20 2.054743161869170442e+20 1.820111881390156349e+20 1.622803060085357609e+20 1.448799149957852692e+20 1.294551444282743194e+20 1.157780071256807506e+20 1.036620847915126948e+20 9.315299600254540186e+19 8.416822866287104819e+19 7.644610747324624077e+19
2.279977657576916910e+20 2.054743161869171098e+20 1.820111881390156349e+20 1.622803060085357937e+20 1.448799149957852856e+20 1.294551444282743194e+20 1.157780071256807670e+20 1.036620847915126948e+20 9.315299600254543462e+19 8.416822866287104819e+19 7.644610747324622438e+19
2.279977657576916910e+20 2.054743161869171425e+20 1.820111881390156349e+20 1.622803060085357609e+20 1.448799149957852692e+20 1.294551444282743194e+20 1.157780071256807997e+20 1.036620847915127276e+20 9.315299600254545101e+19 8.416822866287099904e+19 7.644610747324620800e+19
2.279977657576916910e+20 2.054743161869171098e+20 1.820111881390156349e+20 1.622803060085357609e+20 1.448799149957852692e+20 1.294551444282743030e+20 1.157780071256807997e+20 1.036620847915127439e+20 9.315299600254543462e+19 8.416822866287099904e+19 7.644610747324619162e+19
2.279977657576917238e+20 2.054743161869171098e+20 1.820111881390156349e+20 1.622803060085357281e+20 1.448799149957852856e+20 1.294551444282743030e+20 1.157780071256807834e+20 1.036620847915127767e+20 9.315299600254543462e+19 8.416822866287099904e+19 7.644610747324619162e+19
2.279977657576916582e+20 2.054743161869170770e+20 1.820111881390156349e+20 1.622803060085357281e+20 1.448799149957852692e+20 1.294551444282742866e+20 1.157780071256807670e+20 1.036620847915127931e+20 9.315299600254543462e+19 8.416822866287099904e+19 7.644610747324619162e+19
2.279977657576916582e+20 2.054743161869170442e+20 1.820111881390156349e+20 1.622803060085356954e+20 1.448799149957853020e+20 1.294551444282742866e+20 1.157780071256807342e+20 1.036620847915128259e+20 9.315299600254545101e+19 8.416822866287099904e+19 7.644610747324619162e+19
2.279977657576916255e+20 2.054743161869170770e+20 1.820111881390156349e+20 1.622803060085357281e+20 1.448799149957853020e+20 1.294551444282742702e+20 1.157780071256807670e+20 1.036620847915128095e+20 9.315299600254546739e+19 8.416822866287096627e+19 7.644610747324619162e+19
2.279977657576916255e+20 2.054743161869170442e+20 1.820111881390156349e+20 1.622803060085357281e+20 1.448799149957853020e+20 1.294551444282742538e+20 1.157780071256807506e+20 1.036620847915127931e+20 9.315299600254545101e+19 8.416822866287094989e+19 7.644610747324619162e+19
2.279977657576916255e+20 2.054743161869171098e+20 1.820111881390156022e+20 1.622803060085356954e+20 1.448799149957852692e+20 1.294551444282743030e+20 1.157780071256807670e+20 1.036620847915128422e+20 9.315299600254543462e+19 8.416822866287094989e+19 7.644610747324620800e+19
2.279977657576916255e+20 2.054743161869170770e+20 1.820111881390156022e+20 1.622803060085356954e+20 1.448799149957852692e+20 1.294551444282742538e+20 1.157780071256807997e+20 1.036620847915128259e+20 9.315299600254545101e+19 8.416822866287094989e+19 7.644610747324624077e+19
2.279977657576916582e+20 2.054743161869171098e+20 1.820111881390156349e+20 1.622803060085356626e+20 1.448799149957852692e+20 1.294551444282742702e+20 1.157780071256807670e+20 1.036620847915128259e+20 9.315299600254546739e+19 8.416822866287093350e+19 7.644610747324627354e+19
2.279977657576916582e+20 2.054743161869170770e+20 1.820111881390156349e+20 1.622803060085356626e+20 1.448799149957852692e+20 1.294551444282743194e+20 1.157780071256807670e+20 1.036620847915128422e+20 9.315299600254545101e+19 8.416822866287094989e+19 7.644610747324624077e+19
2.279977657576916582e+20 2.054743161869170770e+20 1.820111881390156677e+20 1.622803060085356954e+20 1.448799149957852529e+20 1.294551444282743685e+20 1.157780071256807342e+20 1.036620847915128422e+20 9.315299600254545101e+19 8.416822866287096627e+19 7.644610747324622438e+19
2.279977657576916582e+20 2.054743161869170770e+20 1.820111881390157005e+20 1.622803060085356626e+20 1.448799149957852692e+20 1.294551444282743685e+20 1.157780071256807506e+20 1.036620847915128914e+20 9.315299600254543462e+19 8.416822866287098266e+19 7.644610747324622438e+19
2.279977657576917565e+20 2.054743161869170770e+20 1.820111881390156677e+20 1.622803060085356298e+20 1.448799149957852365e+20 1.294551444282743194e+20 1.157780071256807342e+20 1.036620847915129078e+20 9.315299600254541824e+19 8.416822866287093350e+19 7.644610747324619162e+19
2.279977657576916910e+20 2.054743161869170115e+20 1.820111881390156677e+20 1.622803060085356298e+20 1.448799149957852529e+20 1.294551444282743849e+20 1.157780071256807014e+20 1.036620847915128914e+20 9.315299600254545101e+19 8.416822866287093350e+19 7.644610747324620800e+19
2.279977657576917565e+20 2.054743161869170115e+20 1.820111881390156677e+20 1.622803060085356298e+20 1.448799149957852692e+20 1.294551444282743357e+20 1.157780071256806687e+20 1.036620847915128586e+20 9.315299600254545101e+19 8.416822866287093350e+19 7.644610747324619162e+19
2.279977657576916582e+20 2.054743161869170115e+20 1.820111881390157005e+20 1.622803060085356626e+20 1.448799149957852529e+20 1.294551444282743685e+20 1.157780071256807014e+20 1.036620847915128750e+20 9.315299600254546739e+19 8.416822866287091712e+19 7.644610747324620800e+19
2.279977657576916255e+20 2.054743161869169459e+20 1.820111881390157005e+20 1.622803060085356626e+20 1.448799149957852365e+20 1.294551444282743194e+20 1.157780071256806687e+20 1.036620847915129078e+20 9.315299600254548378e+19 8.416822866287091712e+19 7.644610747324615885e+19
2.279977657576916255e+20 2.054743161869169459e+20 1.820111881390157005e+20 1.622803060085356626e+20 1.448799149957852692e+20 1.294551444282743357e+20 1.157780071256806851e+20 1.036620847915128914e+20 9.315299600254550016e+19 8.416822866287093350e+19 7.644610747324612608e+19
2.279977657576916910e+20 2.054743161869169787e+20 1.820111881390157005e+20 1.622803060085356298e+20 1.448799149957852856e+20 1.294551444282743521e+20 1.157780071256806195e+20 1.036620847915129242e+20 9.315299600254546739e+19 8.416822866287094989e+19 7.644610747324614246e+19
2.279977657576917238e+20 2.054743161869169132e+20 1.820111881390156677e+20 1.622803060085356298e+20 1.448799149957852856e+20 1.294551444282743521e+20 1.157780071256806195e+20 1.036620847915129405e+20 9.315299600254550016e+19 8.416822866287096627e+19 7.644610747324615885e+19
2.279977657576917565e+20 2.054743161869169132e+20 1.820111881390156677e+20 1.622803060085356626e+20 1.448799149957852692e+20 1.294551444282743357e+20 1.157780071256806031e+20 1.036620847915129078e+20 9.315299600254550016e+19 8.416822866287094989e+19 7.644610747324615885e+19
2.279977657576917565e+20 2.054743161869169787e+20 1.820111881390157005e+20 1.622803060085356298e+20 1.448799149957853020e+20 1.294551444282743357e+20 1.157780071256805868e+20 1.036620847915129242e+20 9.315299600254551654e+19 8.416822866287093350e+19 7.644610747324612608e+19
2.279977657576918221e+20 2.054743161869169132e+20 1.820111881390157005e+20 1.622803060085356298e+20 1.448799149957852856e+20 1.294551444282743521e+20 1.157780071256805704e+20 1.036620847915129733e+20 9.315299600254551654e+19 8.416822866287091712e+19 7.644610747324614246e+19
2.279977657576918221e+20 2.054743161869169459e+20 1.820111881390156677e+20 1.622803060085356298e+20 1.448799149957853184e+20 1.294551444282743521e+20 1.157780071256805376e+20 1.036620847915129897e+20 9.315299600254553293e+19 8.416822866287090074e+19 7.644610747324612608e+19
2.279977657576919204e+20 2.054743161869169787e+20 1.820111881390157005e+20 1.622803060085356626e+20 1.448799149957852856e+20 1.294551444282743521e+20 1.157780071256804884e+20 1.036620847915130552e+20 9.315299600254550016e+19 8.416822866287088435e+19 7.644610747324615885e+19
2.279977657576918548e+20 2.054743161869169132e+20 1.820111881390156677e+20 1.622803060085356298e+20 1.448799149957852856e+20 1.294551444282743521e+20 1.157780071256805376e+20 1.036620847915130225e+20 9.315299600254553293e+19 8.416822866287086797e+19 7.644610747324617523e+19
2.279977657576918876e+20 2.054743161869168804e+20 1.820111881390157005e+20 1.622803060085356298e+20 1.448799149957852692e+20 1.294551444282743521e+20 1.157780071256805704e+20 1.036620847915130225e+20 9.315299600254554931e+19 8.416822866287085158e+19 7.644610747324619162e+19
2.279977657576919204e+20 2.054743161869169132e+20 1.820111881390157332e+20 1.622803060085356298e+20 1.448799149957853184e+20 1.294551444282743194e+20 1.157780071256806195e+20 1.036620847915130061e+20 9.315299600254550016e+19 8.416822866287086797e+19 7.644610747324619162e+19
2.279977657576919204e+20 2.054743161869168476e+20 1.820111881390157005e+20 1.622803060085355971e+20 1.448799149957853348e+20 1.294551444282743194e+20 1.157780071256806195e+20 1.036620847915130388e+20 9.315299600254550016e+19 8.416822866287086797e+19 7.644610747324619162e+19
2.279977657576919204e+20 2.054743161869168804e+20 1.820111881390157005e+20 1.622803060085355971e+20 1.448799149957853676e+20 1.294551444282743030e+20 1.157780071256806031e+20 1.036620847915130225e+20 9.315299600254546739e+19 8.416822866287085158e+19 7.644610747324620800e+19
2.279977657576918548e+20 2.054743161869168476e+20 1.820111881390157005e+20 1.622803060085355643e+20 1.448799149957853676e+20 1.294551444282743194e+20 1.157780071256806359e+20 1.036620847915130225e+20 9.315299600254543462e+19 8.416822866287088435e+19 7.644610747324620800e+19
2.279977657576918221e+20 2.054743161869168476e+20 1.820111881390157005e+20 1.622803060085355643e+20 1.448799149957853676e+20 1.294551444282743030e+20 1.157780071256806359e+20 1.036620847915130552e+20 9.315299600254543462e+19 8.416822866287090074e+19 7.644610747324619162e+19
2.279977657576918221e+20 2.054743161869168804e+20 1.820111881390157332e+20 1.622803060085355643e+20 1.448799149957853512e+20 1.294551444282743030e+20 1.157780071256806359e+20 1.036620847915130225e+20 9.315299600254541824e+19 8.416822866287091712e+19 7.644610747324619162e+19
2.279977657576917893e+20 2.054743161869168804e+20 1.820111881390157005e+20 1.622803060085355643e+20 1.448799149957853512e+20 1.294551444282743030e+20 1.157780071256806359e+20 1.036620847915130061e+20 9.315299600254540186e+19 8.416822866287091712e+19 7.644610747324619162e+19
2.279977657576917893e+20 2.054743161869169132e+20 1.820111881390157005e+20 1.622803060085355643e+20 1.448799149957853676e+20 1.294551444282743194e+20 1.157780071256806031e+20 1.036620847915130061e+20 9.315299600254540186e+19 8.416822866287091712e+19 7.644610747324627354e+19
2.279977657576918221e+20 2.054743161869169787e+20 1.820111881390157005e+20 1.622803060085355643e+20 1.448799149957854003e+20 1.294551444282743357e+20 1.157780071256806031e+20 1.036620847915129897e+20 9.315299600254538547e+19 8.416822866287091712e+19 7.644610747324628992e+19
2.279977657576918548e+20 2.054743161869169132e+20 1.820111881390157005e+20 1.622803060085355643e+20 1.448799149957854003e+20 1.294551444282743194e+20 1.157780071256806031e+20 1.036620847915129897e+20 9.315299600254540186e+19 8.416822866287093350e+19 7.644610747324628992e+19
2.279977657576918548e+20 2.054743161869169459e+20 1.820111881390157332e+20 1.622803060085355315e+20 1.448799149957853676e+20 1.294551444282742866e+20 1.157780071256806031e+20 1.036620847915130061e+20 9.315299600254538547e+19 8.416822866287098266e+19 7.644610747324628992e+19
2.279977657576918221e+20 2.054743161869169459e+20 1.820111881390157005e+20 1.622803060085355315e+20 1.448799149957854003e+20 1.294551444282743194e+20 1.157780071256806031e+20 1.036620847915129897e+20 9.315299600254536909e+19 8.416822866287094989e+19 7.644610747324630630e+19
2.279977657576918221e+20 2.054743161869168804e+20 1.820111881390157005e+20 1.622803060085355643e+20 1.448799149957854003e+20 1.294551444282742866e+20 1.157780071256805868e+20 1.036620847915130061e+20 9.315299600254536909e+19 8.416822866287093350e+19 7.644610747324630630e+19
2.279977657576918876e+20 2.054743161869168804e+20 1.820111881390157005e+20 1.622803060085355315e+20 1.448799149957853839e+20 1.294551444282742866e+20 1.157780071256805704e+20 1.036620847915129733e+20 9.315299600254538547e+19 8.416822866287091712e+19 7.644610747324630630e+19
2.279977657576918221e+20 2.054743161869168476e+20 1.820111881390156677e+20 1.622803060085354988e+20 1.448799149957853839e+20 1.294551444282742702e+20 1.157780071256805704e+20 1.036620847915129569e+20 9.315299600254536909e+19 8.416822866287091712e+19 7.644610747324630630e+19
2.279977657576917565e+20 2.054743161869168476e+20 1.820111881390157332e+20 1.622803060085355315e+20 1.448799149957853839e+20 1.294551444282742866e+20 1.157780071256805704e+20 1.036620847915129242e+20 9.315299600254538547e+19 8.416822866287091712e+19 7.644610747324630630e+19
2.279977657576917893e+20 2.054743161869168804e+20 1.820111881390157005e+20 1.622803060085355315e+20 1.448799149957854003e+20 1.294551444282742866e+20 1.157780071256805376e+20 1.036620847915129242e+20 9.315299600254541824e+19 8.416822866287090074e+19 7.644610747324632269e+19
2.279977657576918221e+20 2.054743161869168476e+20 1.820111881390157005e+20 1.622803060085355315e+20 1.448799149957853839e+20 1.294551444282743194e+20 1.157780071256805376e+20 1.036620847915129242e+20 9.315299600254543462e+19 8.416822866287088435e+19 7.644610747324633907e+19
2.279977657576917893e+20 2.054743161869168804e+20 1.820111881390156677e+20 1.622803060085355315e+20 1.448799149957854167e+20 1.294551444282743521e+20 1.157780071256805704e+20 1.036620847915129078e+20 9.315299600254543462e+19 8.416822866287091712e+19 7.644610747324632269e+19
2.279977657576918221e+20 2.054743161869169459e+20 1.820111881390156677e+20 1.622803060085355643e+20 1.448799149957854003e+20 1.294551444282743521e+20 1.157780071256805704e+20 1.036620847915128914e+20 9.315299600254543462e+19 8.416822866287091712e+19 7.644610747324633907e+19
2.279977657576917893e+20 2.054743161869168804e+20 1.820111881390157005e+20 1.622803060085355315e+20 1.448799149957853839e+20 1.294551444282743521e+20 1.157780071256805868e+20 1.036620847915128914e+20 9.315299600254545101e+19 8.416822866287093350e+19 7.644610747324635546e+19
2.279977657576917893e+20 2.054743161869169787e+20 1.820111881390156677e+20 1.622803060085355315e+20 1.448799149957854167e+20 1.294551444282743685e+20 1.157780071256806359e+20 1.036620847915129078e+20 9.315299600254543462e+19 8.416822866287094989e+19 7.644610747324633907e+19
2.279977657576918221e+20 2.054743161869169787e+20 1.820111881390157005e+20 1.622803060085355643e+20 1.448799149957854167e+20 1.294551444282743685e+20 1.157780071256805704e+20 1.036620847915128586e+20 9.315299600254541824e+19 8.416822866287094989e+19 7.644610747324633907e+19
2.279977657576918221e+20 2.054743161869169459e+20 1.820111881390156677e+20 1.622803060085355315e+20 1.448799149957854003e+20 1.294551444282743521e+20 1.157780071256805704e+20 1.036620847915128586e+20 9.315299600254541824e+19 8.416822866287090074e+19 7.644610747324632269e+19
2.279977657576918221e+20 2.054743161869169459e+20 1.820111881390157005e+20 1.622803060085355643e+20 1.448799149957854167e+20 1.294551444282743030e+20 1.157780071256805704e+20 1.036620847915128422e+20 9.315299600254540186e+19 8.416822866287088435e+19 7.644610747324633907e+19
2.279977657576918221e+20 2.054743161869169132e+20 1.820111881390156677e+20 1.622803060085355643e+20 1.448799149957854331e+20 1.294551444282743685e+20 1.157780071256805704e+20 1.036620847915128095e+20 9.315299600254540186e+19 8.416822866287093350e+19 7.644610747324632269e+19
2.279977657576917893e+20 2.054743161869169787e+20 1.820111881390157005e+20 1.622803060085355643e+20 1.448799149957854331e+20 1.294551444282743521e+20 1.157780071256805212e+20 1.036620847915128422e+20 9.315299600254541824e+19 8.416822866287090074e+19 7.644610747324632269e+19
2.279977657576917893e+20 2.054743161869169459e+20 1.820111881390156677e+20 1.622803060085355643e+20 1.448799149957854495e+20 1.294551444282743521e+20 1.157780071256805212e+20 1.036620847915128914e+20 9.315299600254538547e+19 8.416822866287091712e+19 7.644610747324628992e+19
2.279977657576918548e+20 2.054743161869169787e+20 1.820111881390157005e+20 1.622803060085355643e+20 1.448799149957854331e+20 1.294551444282743357e+20 1.157780071256805376e+20 1.036620847915128914e+20 9.315299600254535270e+19 8.416822866287090074e+19 7.644610747324625715e+19
2.279977657576918221e+20 2.054743161869170115e+20 1.820111881390157005e+20 1.622803060085355971e+20 1.448799149957854495e+20 1.294551444282743357e+20 1.157780071256805048e+20 1.036620847915129078e+20 9.315299600254531994e+19 8.416822866287091712e+19 7.644610747324627354e+19
2.279977657576918876e+20 2.054743161869169459e+20 1.820111881390157332e+20 1.622803060085355643e+20 1.448799149957854659e+20 1.294551444282743194e+20 1.157780071256805540e+20 1.036620847915129078e+20 9.315299600254528717e+19 8.416822866287088435e+19 7.644610747324627354e+19
2.279977657576918548e+20 2.054743161869169787e+20 1.820111881390157332e+20 1.622803060085355643e+20 1.448799149957854659e+20 1.294551444282743194e+20 1.157780071256805540e+20 1.036620847915128750e+20 9.315299600254528717e+19 8.416822866287085158e+19 7.644610747324630630e+19
2.279977657576919204e+20 2.054743161869169132e+20 1.820111881390157332e+20 1.622803060085355643e+20 1.448799149957854495e+20 1.294551444282743194e+20 1.157780071256806031e+20 1.036620847915129078e+20 9.315299600254527078e+19 8.416822866287083520e+19 7.644610747324628992e+19
2.279977657576919204e+20 2.054743161869169132e+20 1.820111881390157332e+20 1.622803060085355971e+20 1.448799149957854659e+20 1.294551444282743357e+20 1.157780071256805868e+20 1.036620847915128914e+20 9.315299600254527078e+19 8.416822866287085158e+19 7.644610747324630630e+19
2.279977657576918876e+20 2.054743161869169459e+20 1.820111881390157005e+20 1.622803060085356298e+20 1.448799149957854822e+20 1.294551444282743030e+20 1.157780071256806031e+20 1.036620847915128586e+20 9.315299600254530355e+19 8.416822866287086797e+19 7.644610747324633907e+19
2.279977657576918876e+20 2.054743161869169132e+20 1.820111881390157332e+20 1.622803060085356298e+20 1.448799149957854822e+20 1.294551444282742866e+20 1.157780071256806031e+20 1.036620847915128914e+20 9.315299600254533632e+19 8.416822866287086797e+19 7.644610747324633907e+19
2.279977657576918876e+20 2.054743161869169132e+20 1.820111881390157005e+20 1.622803060085355971e+20 1.448799149957854986e+20 1.294551444282742702e+20 1.157780071256806523e+20 1.036620847915128914e+20 9.315299600254533632e+19 8.416822866287088435e+19 7.644610747324635546e+19
2.279977657576919204e+20 2.054743161869168804e+20 1.820111881390157332e+20 1.622803060085355971e+20 1.448799149957854986e+20 1.294551444282742538e+20 1.157780071256806359e+20 1.036620847915129242e+20 9.315299600254531994e+19 8.416822866287086797e+19 7.644610747324637184e+19
2.279977657576918876e+20 2.054743161869169132e+20 1.820111881390157332e+20 1.622803060085355971e+20 1.448799149957854822e+20 1.294551444282742538e+20 1.157780071256806359e+20 1.036620847915129405e+20 9.315299600254531994e+19 8.416822866287090074e+19 7.644610747324635546e+19
2.279977657576919532e+20 2.054743161869168804e+20 1.820111881390157332e+20 1.622803060085355971e+20 1.448799149957854822e+20 1.294551444282742538e+20 1.157780071256806195e+20 1.036620847915129242e+20 9.315299600254530355e+19 8.416822866287093350e+19 7.644610747324635546e+19
2.279977657576919532e+20 2.054743161869168476e+20 1.820111881390157005e+20 1.622803060085355971e+20 1.448799149957854822e+20 1.294551444282742702e+20 1.157780071256805868e+20 1.036620847915129569e+20 9.315299600254530355e+19 8.416822866287090074e+19 7.644610747324632269e+19
2.279977657576919532e+20 2.054743161869168476e+20 1.820111881390157005e+20 1.622803060085355971e+20 1.448799149957855150e+20 1.294551444282742702e+20 1.157780071256806031e+20 1.036620847915129242e+20 9.315299600254530355e+19 8.416822866287090074e+19 7.644610747324628992e+19
2.279977657576919532e+20 2.054743161869167821e+20 1.820111881390157005e+20 1.622803060085355971e+20 1.448799149957855478e+20 1.294551444282742866e+20 1.157780071256806195e+20 1.036620847915129569e+20 9.315299600254528717e+19 8.416822866287088435e+19 7.644610747324628992e+19
2.279977657576919204e+20 2.054743161869168148e+20 1.820111881390157332e+20 1.622803060085355643e+20 1.448799149957855478e+20 1.294551444282743030e+20 1.157780071256806195e+20 1.036620847915129897e+20 9.315299600254528717e+19 8.416822866287088435e+19 7.644610747324628992e+19
2.279977657576919859e+20 2.054743161869167493e+20 1.820111881390157660e+20 1.622803060085355315e+20 1.448799149957854986e+20 1.294551444282743030e+20 1.157780071256806195e+20 1.036620847915129897e+20 9.315299600254530355e+19 8.416822866287085158e+19 7.644610747324625715e+19
2.279977657576919859e+20 2.054743161869167493e+20 1.820111881390157988e+20 1.622803060085355643e+20 1.448799149957854986e+20 1.294551444282743030e+20 1.157780071256806195e+20 1.036620847915129897e+20 9.315299600254528717e+19 8.416822866287081882e+19 7.644610747324627354e+19
2.279977657576919859e+20 2.054743161869167493e+20 1.820111881390157660e+20 1.622803060085355315e+20 1.448799149957854986e+20 1.294551444282743030e+20 1.157780071256806359e+20 1.036620847915129897e+20 9.315299600254528717e+19 8.416822866287078605e+19 7.644610747324625715e+19
2.279977657576920187e+20 2.054743161869167165e+20 1.820111881390157332e+20 1.622803060085355315e+20 1.448799149957854986e+20 1.294551444282743194e+20 1.157780071256806851e+20 1.036620847915129897e+20 9.315299600254530355e+19 8.416822866287081882e+19 7.644610747324624077e+19
2.279977657576920515e+20 2.054743161869167821e+20 1.820111881390157005e+20 1.622803060085355315e+20 1.448799149957854986e+20 1.294551444282743030e+20 1.157780071256807014e+20 1.036620847915129569e+20 9.315299600254531994e+19 8.416822866287076966e+19 7.644610747324627354e+19
2.279977657576921170e+20 2.054743161869166838e+20 1.820111881390156677e+20 1.622803060085355315e+20 1.448799149957854822e+20 1.294551444282743194e+20 1.157780071256806851e+20 1.036620847915129897e+20 9.315299600254530355e+19 8.416822866287075328e+19 7.644610747324625715e+19
2.279977657576921825e+20 2.054743161869167493e+20 1.820111881390156349e+20 1.622803060085355315e+20 1.448799149957855150e+20 1.294551444282743521e+20 1.157780071256806851e+20 1.036620847915130061e+20 9.315299600254530355e+19 8.416822866287073690e+19 7.644610747324624077e+19
2.279977657576921825e+20 2.054743161869167165e+20 1.820111881390156349e+20 1.622803060085355315e+20 1.448799149957855314e+20 1.294551444282743521e+20 1.157780071256806687e+20 1.036620847915130225e+20 9.315299600254527078e+19 8.416822866287072051e+19 7.644610747324625715e+19
2.279977657576921498e+20 2.054743161869167493e+20 1.820111881390156677e+20 1.622803060085354988e+20 1.448799149957855150e+20 1.294551444282743685e+20 1.157780071256806851e+20 1.036620847915130061e+20 9.315299600254525440e+19 8.416822866287068774e+19 7.644610747324630630e+19
2.279977657576921498e+20 2.054743161869167493e+20 1.820111881390156677e+20 1.622803060085355315e+20 1.448799149957855150e+20 1.294551444282743685e+20 1.157780071256806687e+20 1.036620847915130061e+20 9.315299600254523802e+19 8.416822866287067136e+19 7.644610747324632269e+19
2.279977657576921498e+20 2.054743161869167493e+20 1.820111881390157332e+20 1.622803060085355315e+20 1.448799149957855314e+20 1.294551444282743521e+20 1.157780071256806523e+20 1.036620847915130061e+20 9.315299600254523802e+19 8.416822866287062221e+19 7.644610747324633907e+19
2.279977657576921170e+20 2.054743161869167821e+20 1.820111881390157005e+20 1.622803060085354988e+20 1.448799149957855150e+20 1.294551444282743521e+20 1.157780071256806359e+20 1.036620847915129897e+20 9.315299600254523802e+19 8.416822866287062221e+19 7.644610747324633907e+19
2.279977657576921170e+20 2.054743161869167493e+20 1.820111881390157332e+20 1.622803060085355315e+20 1.448799149957854986e+20 1.294551444282743685e+20 1.157780071256806195e+20 1.036620847915129897e+20 9.315299600254523802e+19 8.416822866287063859e+19 7.644610747324633907e+19
2.279977657576920842e+20 2.054743161869167821e+20 1.820111881390156677e+20 1.622803060085354988e+20 1.448799149957854822e+20 1.294551444282743521e+20 1.157780071256806523e+20 1.036620847915129897e+20 9.315299600254523802e+19 8.416822866287063859e+19 7.644610747324632269e+19
2.279977657576920842e+20 2.054743161869166838e+20 1.820111881390156677e+20 1.622803060085355315e+20 1.448799149957855150e+20 1.294551444282743521e+20 1.157780071256806523e+20 1.036620847915129897e+20 9.315299600254525440e+19 8.416822866287063859e+19 7.644610747324637184e+19
2.279977657576920515e+20 2.054743161869167493e+20 1.820111881390156677e+20 1.622803060085354988e+20 1.448799149957855314e+20 1.294551444282743521e+20 1.157780071256806687e+20 1.036620847915129897e+20 9.315299600254527078e+19 8.416822866287060582e+19 7.644610747324640461e+19
2.279977657576920842e+20 2.054743161869167165e+20 1.820111881390156677e+20 1.622803060085355315e+20 1.448799149957855150e+20 1.294551444282743521e+20 1.157780071256806359e+20 1.036620847915129897e+20 9.315299600254527078e+19 8.416822866287062221e+19 7.644610747324638822e+19
2.279977657576920842e+20 2.054743161869167165e+20 1.820111881390156349e+20 1.622803060085354660e+20 1.448799149957855478e+20 1.294551444282743357e+20 1.157780071256806359e+20 1.036620847915130225e+20 9.315299600254528717e+19 8.416822866287063859e+19 7.644610747324640461e+19
2.279977657576920842e+20 2.054743161869167493e+20 1.820111881390156349e+20 1.622803060085354988e+20 1.448799149957855642e+20 1.294551444282743030e+20 1.157780071256806523e+20 1.036620847915130061e+20 9.315299600254530355e+19 8.416822866287063859e+19 7.644610747324640461e+19
2.279977657576921170e+20 2.054743161869166838e+20 1.820111881390156677e+20 1.622803060085354988e+20 1.448799149957855805e+20 1.294551444282742866e+20 1.157780071256806687e+20 1.036620847915130061e+20 9.315299600254530355e+19 8.416822866287063859e+19 7.644610747324638822e+19
2.279977657576920842e+20 2.054743161869166838e+20 1.820111881390156349e+20 1.622803060085354660e+20 1.448799149957856133e+20 1.294551444282743030e+20 1.157780071256806359e+20 1.036620847915129897e+20 9.315299600254531994e+19 8.416822866287065498e+19 7.644610747324637184e+19
2.279977657576920842e+20 2.054743161869166510e+20 1.820111881390157005e+20 1.622803060085355315e+20 1.448799149957855805e+20 1.294551444282743030e+20 1.157780071256806195e+20 1.036620847915129569e+20 9.315299600254533632e+19 8.416822866287065498e+19 7.644610747324637184e+19
2.279977657576921170e+20 2.054743161869166838e+20 1.820111881390156349e+20 1.622803060085354988e+20 1.448799149957855805e+20 1.294551444282742866e+20 1.157780071256805868e+20 1.036620847915129569e+20 9.315299600254533632e+19 8.416822866287063859e+19 7.644610747324637184e+19
2.279977657576920515e+20 2.054743161869166838e+20 1.820111881390157005e+20 1.622803060085354660e+20 1.448799149957856133e+20 1.294551444282742866e+20 1.157780071256805704e+20 1.036620847915129733e+20 9.315299600254533632e+19 8.416822866287067136e+19 7.644610747324637184e+19
2.279977657576920187e+20 2.054743161869167165e+20 1.820111881390157005e+20 1.622803060085354660e+20 1.448799149957856297e+20 1.294551444282742866e+20 1.157780071256805540e+20 1.036620847915129733e+20 9.315299600254531994e+19 8.416822866287070413e+19 7.644610747324637184e+19
2.279977657576919859e+20 2.054743161869166510e+20 1.820111881390156677e+20 1.622803060085355315e+20 1.448799149957856625e+20 1.294551444282742866e+20 1.157780071256805540e+20 1.036620847915129569e+20 9.315299600254531994e+19 8.416822866287068774e+19 7.644610747324637184e+19
2.279977657576920187e+20 2.054743161869166838e+20 1.820111881390157005e+20 1.622803060085354332e+20 1.448799149957856625e+20 1.294551444282742702e+20 1.157780071256805540e+20 1.036620847915129569e+20 9.315299600254528717e+19 8.416822866287070413e+19 7.644610747324635546e+19
2.279977657576919859e+20 2.054743161869167165e+20 1.820111881390157005e+20 1.622803060085354004e+20 1.448799149957856625e+20 1.294551444282742866e+20 1.157780071256805704e+20 1.036620847915129733e+20 9.315299600254530355e+19 8.416822866287068774e+19 7.644610747324637184e+19
2.279977657576920187e+20 2.054743161869167165e+20 1.820111881390157005e+20 1.622803060085354004e+20 1.448799149957856461e+20 1.294551444282743030e+20 1.157780071256805704e+20 1.036620847915130061e+20 9.315299600254530355e+19 8.416822866287068774e+19 7.644610747324635546e+19
2.279977657576920187e+20 2.054743161869167493e+20 1.820111881390157005e+20 1.622803060085354004e+20 1.448799149957856461e+20 1.294551444282742866e+20 1.157780071256805704e+20 1.036620847915130061e+20 9.315299600254530355e+19 8.416822866287072051e+19 7.644610747324637184e+19
2.279977657576919859e+20 2.054743161869167493e+20 1.820111881390157005e+20 1.622803060085354660e+20 1.448799149957856133e+20 1.294551444282743030e+20 1.157780071256805376e+20 1.036620847915129897e+20 9.315299600254530355e+19 8.416822866287072051e+19 7.644610747324635546e+19
2.279977657576919859e+20 2.054743161869167821e+20 1.820111881390157332e+20 1.622803060085355315e+20 1.448799149957855969e+20 1.294551444282743357e+20 1.157780071256805212e+20 1.036620847915130225e+20 9.315299600254531994e+19 8.416822866287072051e+19 7.644610747324632269e+19
2.279977657576920515e+20 2.054743161869167165e+20 1.820111881390157005e+20 1.622803060085355315e+20 1.448799149957855969e+20 1.294551444282743521e+20 1.157780071256805376e+20 1.036620847915130061e+20 9.315299600254531994e+19 8.416822866287072051e+19 7.644610747324630630e+19
2.279977657576921170e+20 2.054743161869167165e+20 1.820111881390157332e+20 1.622803060085354988e+20 1.448799149957855969e+20 1.294551444282743521e+20 1.157780071256805376e+20 1.036620847915130061e+20 9.315299600254533632e+19 8.416822866287068774e+19 7.644610747324628992e+19
2.279977657576920842e+20 2.054743161869166838e+20 1.820111881390157005e+20 1.622803060085354332e+20 1.448799149957856133e+20 1.294551444282743357e+20 1.157780071256805048e+20 1.036620847915129897e+20 9.315299600254533632e+19 8.416822866287068774e+19 7.644610747324630630e+19
2.279977657576920515e+20 2.054743161869167165e+20 1.820111881390157332e+20 1.622803060085353349e+20 1.448799149957855969e+20 1.294551444282743030e+20 1.157780071256805212e+20 1.036620847915129897e+20 9.315299600254533632e+19 8.416822866287072051e+19 7.644610747324627354e+19
2.279977657576920515e+20 2.054743161869166838e+20 1.820111881390157332e+20 1.622803060085353021e+20 1.448799149957855805e+20 1.294551444282742866e+20 1.157780071256805212e+20 1.036620847915129569e+20 9.315299600254533632e+19 8.416822866287065498e+19 7.644610747324625715e+19
2.279977657576919859e+20 2.054743161869166838e+20 1.820111881390157005e+20 1.622803060085352366e+20 1.448799149957855478e+20 1.294551444282743194e+20 1.157780071256805048e+20 1.036620847915129569e+20 9.315299600254535270e+19 8.416822866287068774e+19 7.644610747324628992e+19
2.279977657576920187e+20 2.054743161869166510e+20 1.820111881390157332e+20 1.622803060085353021e+20 1.448799149957855805e+20 1.294551444282742866e+20 1.157780071256805048e+20 1.036620847915129405e+20 9.315299600254533632e+19 8.416822866287068774e+19 7.644610747324627354e+19
2.279977657576919859e+20 2.054743161869166838e+20 1.820111881390157005e+20 1.622803060085353677e+20 1.448799149957855642e+20 1.294551444282742702e+20 1.157780071256805212e+20 1.036620847915129078e+20 9.315299600254531994e+19 8.416822866287068774e+19 7.644610747324627354e+19
2.279977657576920187e+20 2.054743161869166510e+20 1.820111881390157005e+20 1.622803060085354332e+20 1.448799149957855478e+20 1.294551444282742538e+20 1.157780071256805540e+20 1.036620847915129078e+20 9.315299600254530355e+19 8.416822866287070413e+19 7.644610747324624077e+19
2.279977657576920187e+20 2.054743161869166838e+20 1.820111881390157332e+20 1.622803060085354988e+20 1.448799149957855150e+20 1.294551444282742538e+20 1.157780071256805868e+20 1.036620847915129242e+20 9.315299600254530355e+19 8.416822866287072051e+19 7.644610747324622438e+19
2.279977657576919859e+20 2.054743161869166838e+20 1.820111881390157005e+20 1.622803060085354988e+20 1.448799149957854986e+20 1.294551444282742538e+20 1.157780071256806031e+20 1.036620847915129242e+20 9.315299600254530355e+19 8.416822866287073690e+19 7.644610747324625715e+19
2.279977657576919859e+20 2.054743161869166838e+20 1.820111881390157005e+20 1.622803060085354988e+20 1.448799149957854659e+20 1.294551444282742702e+20 1.157780071256805868e+20 1.036620847915129242e+20 9.315299600254528717e+19 8.416822866287068774e+19 7.644610747324624077e+19
2.279977657576920187e+20 2.054743161869167493e+20 1.820111881390157005e+20 1.622803060085354332e+20 1.448799149957854659e+20 1.294551444282742702e+20 1.157780071256806031e+20 1.036620847915129242e+20 9.315299600254530355e+19 8.416822866287070413e+19 7.644610747324619162e+19
2.279977657576920515e+20 2.054743161869167165e+20 1.820111881390156677e+20 1.622803060085354004e+20 1.448799149957855150e+20 1.294551444282743030e+20 1.157780071256806031e+20 1.036620847915129078e+20 9.315299600254530355e+19 8.416822866287073690e+19 7.644610747324620800e+19
2.279977657576919859e+20 2.054743161869167493e+20 1.820111881390157332e+20 1.622803060085354660e+20 1.448799149957855150e+20 1.294551444282743030e+20 1.157780071256805704e+20 1.036620847915129242e+20 9.315299600254530355e+19 8.416822866287076966e+19 7.644610747324622438e+19
2.279977657576920187e+20 2.054743161869167493e+20 1.820111881390157332e+20 1.622803060085354660e+20 1.448799149957855150e+20 1.294551444282742866e+20 1.157780071256805704e+20 1.036620847915129242e+20 9.315299600254530355e+19 8.416822866287075328e+19 7.644610747324624077e+19
2.279977657576920842e+20 2.054743161869167821e+20 1.820111881390157005e+20 1.622803060085354332e+20 1.448799149957854822e+20 1.294551444282743030e+20 1.157780071256805868e+20 1.036620847915128914e+20 9.315299600254531994e+19 8.416822866287078605e+19 7.644610747324622438e+19
2.279977657576920842e+20 2.054743161869167493e+20 1.820111881390157005e+20 1.622803060085354332e+20 1.448799149957854986e+20 1.294551444282743194e+20 1.157780071256805704e+20 1.036620847915128914e+20 9.315299600254531994e+19 8.416822866287076966e+19 7.644610747324622438e+19
2.279977657576920842e+20 2.054743161869168148e+20 1.820111881390156677e+20 1.622803060085354660e+20 1.448799149957854986e+20 1.294551444282742702e+20 1.157780071256805868e+20 1.036620847915128914e+20 9.315299600254531994e+19 8.416822866287073690e+19 7.644610747324620800e+19
2.279977657576920842e+20 2.054743161869167165e+20 1.820111881390156677e+20 1.622803060085354332e+20 1.448799149957855314e+20 1.294551444282743030e+20 1.157780071256806195e+20 1.036620847915129078e+20 9.315299600254533632e+19 8.416822866287073690e+19 7.644610747324619162e+19
2.279977657576920515e+20 2.054743161869168148e+20 1.820111881390156677e+20 1.622803060085354004e+20 1.448799149957855314e+20 1.294551444282743030e+20 1.157780071256806195e+20 1.036620847915128914e+20 9.315299600254531994e+19 8.416822866287073690e+19 7.644610747324615885e+19
2.279977657576920515e+20 2.054743161869167493e+20 1.820111881390156349e+20 1.622803060085354332e+20 1.448799149957855314e+20 1.294551444282742866e+20 1.157780071256806687e+20 1.036620847915128586e+20 9.315299600254533632e+19 8.416822866287072051e+19 7.644610747324617523e+19
2.279977657576920515e+20 2.054743161869168148e+20 1.820111881390156349e+20 1.622803060085353677e+20 1.448799149957855314e+20 1.294551444282742866e+20 1.157780071256806523e+20 1.036620847915128586e+20 9.315299600254533632e+19 8.416822866287070413e+19 7.644610747324617523e+19
2.279977657576920515e+20 2.054743161869168148e+20 1.820111881390156677e+20 1.622803060085354004e+20 1.448799149957855314e+20 1.294551444282742866e+20 1.157780071256806687e+20 1.036620847915128586e+20 9.315299600254533632e+19 8.416822866287070413e+19 7.644610747324617523e+19
2.279977657576919859e+20 2.054743161869168476e+20 1.820111881390156349e+20 1.622803060085353677e+20 1.448799149957854986e+20 1.294551444282742866e+20 1.157780071256806359e+20 1.036620847915128422e+20 9.315299600254533632e+19 8.416822866287075328e+19 7.644610747324617523e+19
2.279977657576919532e+20 2.054743161869168148e+20 1.820111881390156677e+20 1.622803060085354004e+20 1.448799149957854822e+20 1.294551444282742538e+20 1.157780071256806359e+20 1.036620847915128422e+20 9.315299600254535270e+19 8.416822866287073690e+19 7.644610747324624077e+19
2.279977657576919204e+20 2.054743161869168148e+20 1.820111881390156349e+20 1.622803060085353677e+20 1.448799149957854659e+20 1.294551444282742211e+20 1.157780071256806687e+20 1.036620847915128422e+20 9.315299600254533632e+19 8.416822866287070413e+19 7.644610747324622438e+19
2.279977657576919532e+20 2.054743161869167821e+20 1.820111881390156349e+20 1.622803060085354004e+20 1.448799149957854495e+20 1.294551444282742374e+20 1.157780071256806523e+20 1.036620847915128586e+20 9.315299600254536909e+19 8.416822866287070413e+19 7.644610747324624077e+19
2.279977657576919532e+20 2.054743161869167821e+20 1.820111881390156349e+20 1.622803060085353677e+20 1.448799149957854986e+20 1.294551444282742374e+20 1.157780071256807014e+20 1.036620847915128422e+20 9.315299600254536909e+19 8.416822866287070413e+19 7.644610747324622438e+19
2.279977657576919204e+20 2.054743161869167493e+20 1.820111881390156677e+20 1.622803060085354004e+20 1.448799149957854659e+20 1.294551444282742374e+20 1.157780071256806687e+20 1.036620847915128586e+20 9.315299600254535270e+19 8.416822866287072051e+19 7.644610747324622438e+19
2.279977657576918221e+20 2.054743161869167493e+20 1.820111881390156349e+20 1.622803060085354004e+20 1.448799149957854659e+20 1.294551444282741883e+20 1.157780071256807014e+20 1.036620847915128259e+20 9.315299600254536909e+19 8.416822866287073690e+19 7.644610747324625715e+19
2.279977657576917893e+20 2.054743161869167165e+20 1.820111881390156677e+20 1.622803060085354332e+20 1.448799149957854986e+20 1.294551444282741883e+20 1.157780071256807178e+20 1.036620847915128259e+20 9.315299600254540186e+19 8.416822866287072051e+19 7.644610747324620800e+19
2.279977657576918548e+20 2.054743161869166838e+20 1.820111881390157005e+20 1.622803060085354332e+20 1.448799149957854986e+20 1.294551444282741883e+20 1.157780071256807342e+20 1.036620847915128259e+20 9.315299600254536909e+19 8.416822866287070413e+19 7.644610747324619162e+19
2.279977657576917893e+20 2.054743161869166510e+20 1.820111881390156677e+20 1.622803060085354332e+20 1.448799149957854822e+20 1.294551444282741883e+20 1.157780071256807506e+20 1.036620847915128095e+20 9.315299600254538547e+19 8.416822866287067136e+19 7.644610747324619162e+19
2.279977657576918221e+20 2.054743161869166838e+20 1.820111881390157005e+20 1.622803060085354332e+20 1.448799149957854986e+20 1.294551444282741883e+20 1.157780071256807506e+20 1.036620847915127767e+20 9.315299600254540186e+19 8.416822866287063859e+19 7.644610747324617523e+19
2.279977657576918221e+20 2.054743161869167165e+20 1.820111881390156677e+20 1.622803060085354660e+20 1.448799149957854822e+20 1.294551444282741883e+20 1.157780071256807506e+20 1.036620847915127931e+20 9.315299600254540186e+19 8.416822866287067136e+19 7.644610747324617523e+19
2.279977657576917893e+20 2.054743161869167165e+20 1.820111881390156677e+20 1.622803060085354004e+20 1.448799149957855150e+20 1.294551444282741555e+20 1.157780071256807178e+20 1.036620847915127931e+20 9.315299600254540186e+19 8.416822866287065498e+19 7.644610747324615885e+19
2.279977657576918221e+20 2.054743161869167165e+20 1.820111881390157005e+20 1.622803060085354332e+20 1.448799149957855314e+20 1.294551444282741391e+20 1.157780071256807014e+20 1.036620847915127931e+20 9.315299600254540186e+19 8.416822866287065498e+19 7.644610747324614246e+19
2.279977657576918221e+20 2.054743161869167165e+20 1.820111881390156677e+20 1.622803060085354004e+20 1.448799149957854822e+20 1.294551444282741228e+20 1.157780071256806851e+20 1.036620847915127931e+20 9.315299600254538547e+19 8.416822866287067136e+19 7.644610747324615885e+19
2.279977657576918548e+20 2.054743161869167165e+20 1.820111881390156677e+20 1.622803060085354332e+20 1.448799149957854659e+20 1.294551444282740736e+20 1.157780071256807014e+20 1.036620847915127931e+20 9.315299600254538547e+19 8.416822866287068774e+19 7.644610747324615885e+19
2.279977657576918876e+20 2.054743161869167165e+20 1.820111881390156677e+20 1.622803060085354004e+20 1.448799149957854822e+20 1.294551444282740736e+20 1.157780071256806851e+20 1.036620847915127931e+20 9.315299600254538547e+19 8.416822866287070413e+19 7.644610747324615885e+19
2.279977657576918876e+20 2.054743161869167493e+20 1.820111881390156677e+20 1.622803060085354004e+20 1.448799149957854986e+20 1.294551444282740900e+20 1.157780071256806851e+20 1.036620847915127931e+20 9.315299600254540186e+19 8.416822866287070413e+19 7.644610747324615885e+19
2.279977657576918876e+20 2.054743161869167493e+20 1.820111881390156677e+20 1.622803060085354004e+20 1.448799149957855150e+20 1.294551444282741064e+20 1.157780071256807342e+20 1.036620847915127931e+20 9.315299600254540186e+19 8.416822866287070413e+19 7.644610747324620800e+19
2.279977657576919532e+20 2.054743161869167165e+20 1.820111881390156677e+20 1.622803060085354004e+20 1.448799149957855314e+20 1.294551444282740408e+20 1.157780071256807342e+20 1.036620847915127931e+20 9.315299600254543462e+19 8.416822866287068774e+19 7.644610747324620800e+19
2.279977657576919204e+20 2.054743161869166838e+20 1.820111881390156677e+20 1.622803060085353677e+20 1.448799149957855150e+20 1.294551444282740244e+20 1.157780071256807506e+20 1.036620847915127931e+20 9.315299600254543462e+19 8.416822866287070413e+19 7.644610747324620800e+19
2.279977657576919532e+20 2.054743161869166838e+20 1.820111881390156677e+20 1.622803060085353677e+20 1.448799149957855150e+20 1.294551444282740572e+20 1.157780071256807834e+20 1.036620847915127931e+20 9.315299600254545101e+19 8.416822866287068774e+19 7.644610747324619162e+19
2.279977657576919532e+20 2.054743161869166182e+20 1.820111881390156677e+20 1.622803060085353677e+20 1.448799149957855150e+20 1.294551444282740408e+20 1.157780071256807834e+20 1.036620847915127931e+20 9.315299600254545101e+19 8.416822866287068774e+19 7.644610747324620800e+19
2.279977657576919859e+20 2.054743161869166510e+20 1.820111881390157005e+20 1.622803060085353349e+20 1.448799149957855150e+20 1.294551444282740408e+20 1.157780071256807506e+20 1.036620847915127931e+20 9.315299600254545101e+19 8.416822866287068774e+19 7.644610747324620800e+19
2.279977657576919859e+20 2.054743161869166838e+20 1.820111881390156677e+20 1.622803060085353021e+20 1.448799149957855150e+20 1.294551444282740081e+20 1.157780071256807834e+20 1.036620847915127931e+20 9.315299600254543462e+19 8.416822866287070413e+19 7.644610747324622438e+19
2.279977657576919204e+20 2.054743161869167165e+20 1.820111881390156349e+20 1.622803060085353349e+20 1.448799149957854986e+20 1.294551444282739917e+20 1.157780071256807506e+20 1.036620847915127931e+20 9.315299600254543462e+19 8.416822866287073690e+19 7.644610747324620800e+19
2.279977657576918876e+20 2.054743161869167165e+20 1.820111881390156677e+20 1.622803060085353349e+20 1.448799149957854822e+20 1.294551444282739917e+20 1.157780071256807506e+20 1.036620847915127931e+20 9.315299600254541824e+19 8.416822866287072051e+19 7.644610747324620800e+19
2.279977657576918876e+20 2.054743161869167493e+20 1.820111881390156349e+20 1.622803060085353021e+20 1.448799149957854986e+20 1.294551444282740081e+20 1.157780071256807670e+20 1.036620847915127931e+20 9.315299600254541824e+19 8.416822866287070413e+19 7.644610747324620800e+19
2.279977657576918876e+20 2.054743161869166838e+20 1.820111881390156349e+20 1.622803060085353021e+20 1.448799149957854822e+20 1.294551444282739917e+20 1.157780071256807834e+20 1.036620847915127931e+20 9.315299600254541824e+19 8.416822866287072051e+19 7.644610747324619162e+19
2.279977657576918876e+20 2.054743161869167165e+20 1.820111881390156349e+20 1.622803060085353021e+20 1.448799149957854822e+20 1.294551444282740081e+20 1.157780071256807506e+20 1.036620847915127931e+20 9.315299600254541824e+19 8.416822866287073690e+19 7.644610747324617523e+19
2.279977657576918876e+20 2.054743161869167165e+20 1.820111881390156677e+20 1.622803060085353021e+20 1.448799149957854659e+20 1.294551444282740081e+20 1.157780071256807834e+20 1.036620847915127931e+20 9.315299600254540186e+19 8.416822866287076966e+19 7.644610747324619162e+19
2.279977657576918548e+20 2.054743161869167165e+20 1.820111881390156677e+20 1.622803060085353349e+20 1.448799149957854495e+20 1.294551444282740081e+20 1.157780071256807834e+20 1.036620847915127931e+20 9.315299600254540186e+19 8.416822866287075328e+19 7.644610747324615885e+19
2.279977657576918876e+20 2.054743161869166838e+20 1.820111881390156677e+20 1.622803060085353349e+20 1.448799149957854659e+20 1.294551444282740244e+20 1.157780071256807997e+20 1.036620847915127931e+20 9.315299600254541824e+19 8.416822866287078605e+19 7.644610747324612608e+19
2.279977657576917893e+20 2.054743161869167165e+20 1.820111881390156677e+20 1.622803060085353349e+20 1.448799149957854822e+20 1.294551444282739917e+20 1.157780071256807834e+20 1.036620847915127931e+20 9.315299600254541824e+19 8.416822866287075328e+19 7.644610747324614246e+19
2.279977657576917565e+20 2.054743161869167493e+20 1.820111881390156677e+20 1.622803060085353021e+20 1.448799149957854659e+20 1.294551444282740408e+20 1.157780071256808161e+20 1.036620847915127931e+20 9.315299600254538547e+19 8.416822866287076966e+19 7.644610747324614246e+19
2.279977657576917565e+20 2.054743161869167165e+20 1.820111881390156349e+20 1.622803060085353021e+20 1.448799149957854659e+20 1.294551444282740572e+20 1.157780071256808161e+20 1.036620847915127931e+20 9.315299600254538547e+19 8.416822866287076966e+19 7.644610747324615885e+19
2.279977657576918221e+20 2.054743161869166838e+20 1.820111881390156349e+20 1.622803060085353349e+20 1.448799149957854495e+20 1.294551444282740572e+20 1.157780071256807997e+20 1.036620847915127931e+20 9.315299600254541824e+19 8.416822866287076966e+19 7.644610747324617523e+19
2.279977657576918548e+20 2.054743161869166838e+20 1.820111881390156677e+20 1.622803060085353349e+20 1.448799149957854495e+20 1.294551444282740408e+20 1.157780071256808489e+20 1.036620847915127931e+20 9.315299600254538547e+19 8.416822866287076966e+19 7.644610747324617523e+19
2.279977657576918548e+20 2.054743161869166838e+20 1.820111881390156677e+20 1.622803060085353349e+20 1.448799149957854659e+20 1.294551444282740736e+20 1.157780071256808325e+20 1.036620847915127931e+20 9.315299600254540186e+19 8.416822866287080243e+19 7.644610747324614246e+19
2.279977657576918221e+20 2.054743161869166510e+20 1.820111881390156677e+20 1.622803060085353021e+20 1.448799149957854659e+20 1.294551444282740736e+20 1.157780071256808817e+20 1.036620847915127931e+20 9.315299600254543462e+19 8.416822866287081882e+19 7.644610747324614246e+19
2.279977657576918548e+20 2.054743161869167165e+20 1.820111881390156677e+20 1.622803060085353349e+20 1.448799149957854659e+20 1.294551444282740900e+20 1.157780071256808489e+20 1.036620847915127931e+20 9.315299600254543462e+19 8.416822866287083520e+19 7.644610747324612608e+19
2.279977657576918221e+20 2.054743161869166838e+20 1.820111881390157005e+20 1.622803060085353021e+20 1.448799149957854659e+20 1.294551444282741228e+20 1.157780071256808653e+20 1.036620847915127931e+20 9.315299600254543462e+19 8.416822866287083520e+19 7.644610747324610970e+19
2.279977657576918221e+20 2.054743161869167165e+20 1.820111881390156677e+20 1.622803060085353349e+20 1.448799149957854822e+20 1.294551444282740900e+20 1.157780071256808653e+20 1.036620847915127931e+20 9.315299600254545101e+19 8.416822866287081882e+19 7.644610747324609331e+19
2.279977657576918221e+20 2.054743161869166838e+20 1.820111881390156677e+20 1.622803060085353349e+20 1.448799149957854822e+20 1.294551444282740900e+20 1.157780071256808489e+20 1.036620847915127931e+20 9.315299600254543462e+19 8.416822866287083520e+19 7.644610747324606054e+19
2.279977657576918221e+20 2.054743161869167493e+20 1.820111881390157005e+20 1.622803060085353349e+20 1.448799149957854659e+20 1.294551444282741228e+20 1.157780071256808325e+20 1.036620847915127931e+20 9.315299600254545101e+19 8.416822866287085158e+19 7.644610747324607693e+19
2.279977657576918548e+20 2.054743161869167493e+20 1.820111881390157005e+20 1.622803060085353677e+20 1.448799149957854331e+20 1.294551444282741064e+20 1.157780071256808325e+20 1.036620847915127931e+20 9.315299600254543462e+19 8.416822866287085158e+19 7.644610747324610970e+19
2.279977657576917893e+20 2.054743161869167821e+20 1.820111881390156677e+20 1.622803060085353349e+20 1.448799149957854495e+20 1.294551444282741228e+20 1.157780071256807997e+20 1.036620847915127931e+20 9.315299600254543462e+19 8.416822866287088435e+19 7.644610747324610970e+19
2.279977657576917893e+20 2.054743161869166838e+20 1.820111881390156677e+20 1.622803060085353677e+20 1.448799149957854822e+20 1.294551444282741228e+20 1.157780071256808489e+20 1.036620847915127931e+20 9.315299600254543462e+19 8.416822866287091712e+19 7.644610747324610970e+19
2.279977657576917565e+20 2.054743161869167493e+20 1.820111881390157005e+20 1.622803060085353677e+20 1.448799149957854822e+20 1.294551444282741228e+20 1.157780071256808980e+20 1.036620847915127931e+20 9.315299600254543462e+19 8.416822866287090074e+19 7.644610747324614246e+19
2.279977657576917893e+20 2.054743161869167493e+20 1.820111881390157005e+20 1.622803060085353677e+20 1.448799149957854659e+20 1.294551444282741228e+20 1.157780071256808980e+20 1.036620847915127931e+20 9.315299600254543462e+19 8.416822866287093350e+19 7.644610747324612608e+19
2.279977657576918221e+20 2.054743161869167821e+20 1.820111881390156677e+20 1.622803060085353349e+20 1.448799149957854822e+20 1.294551444282741228e+20 1.157780071256809308e+20 1.036620847915127931e+20 9.315299600254545101e+19 8.416822866287093350e+19 7.644610747324612608e+19
2.279977657576918221e+20 2.054743161869167493e+20 1.820111881390156677e+20 1.622803060085353021e+20 1.448799149957854822e+20 1.294551444282741064e+20 1.157780071256808817e+20 1.036620847915127931e+20 9.315299600254545101e+19 8.416822866287091712e+19 7.644610747324612608e+19
2.279977657576918221e+20 2.054743161869168148e+20 1.820111881390157005e+20 1.622803060085353349e+20 1.448799149957854495e+20 1.294551444282741228e+20 1.157780071256808817e+20 1.036620847915127931e+20 9.315299600254545101e+19 8.416822866287093350e+19 7.644610747324612608e+19
2.279977657576918221e+20 2.054743161869168148e+20 1.820111881390157332e+20 1.622803060085353349e+20 1.448799149957854659e+20 1.294551444282741555e+20 1.157780071256808980e+20 1.036620847915127931e+20 9.315299600254545101e+19 8.416822866287093350e+19 7.644610747324612608e+19
2.279977657576918876e+20 2.054743161869168148e+20 1.820111881390157005e+20 1.622803060085353677e+20 1.448799149957854659e+20 1.294551444282741719e+20 1.157780071256809144e+20 1.036620847915127931e+20 9.315299600254545101e+19 8.416822866287094989e+19 7.644610747324609331e+19
2.279977657576918548e+20 2.054743161869168148e+20 1.820111881390157005e+20 1.622803060085353349e+20 1.448799149957854822e+20 1.294551444282741555e+20 1.157780071256808980e+20 1.036620847915127931e+20 9.315299600254545101e+19 8.416822866287094989e+19 7.644610747324609331e+19
2.279977657576918876e+20 2.054743161869168148e+20 1.820111881390156677e+20 1.622803060085353349e+20 1.448799149957855314e+20 1.294551444282741719e+20 1.157780071256808653e+20 1.036620847915127931e+20 9.315299600254548378e+19 8.416822866287093350e+19 7.644610747324609331e+19
2.279977657576918876e+20 2.054743161869168804e+20 1.820111881390157005e+20 1.622803060085353021e+20 1.448799149957855478e+20 1.294551444282741719e+20 1.157780071256808653e+20 1.036620847915127931e+20 9.315299600254546739e+19 8.416822866287094989e+19 7.644610747324609331e+19
2.279977657576919204e+20 2.054743161869168476e+20 1.820111881390156349e+20 1.622803060085353021e+20 1.448799149957855478e+20 1.294551444282741719e+20 1.157780071256808817e+20 1.036620847915127931e+20 9.315299600254546739e+19 8.416822866287093350e+19 7.644610747324607693e+19
2.279977657576918876e+20 2.054743161869169132e+20 1.820111881390156349e+20 1.622803060085353021e+20 1.448799149957855642e+20 1.294551444282741391e+20 1.157780071256808980e+20 1.036620847915127931e+20 9.315299600254545101e+19 8.416822866287091712e+19 7.644610747324610970e+19
2.279977657576918876e+20 2.054743161869169459e+20 1.820111881390156349e+20 1.622803060085353021e+20 1.448799149957855150e+20 1.294551444282741391e+20 1.157780071256808817e+20 1.036620847915127931e+20 9.315299600254546739e+19 8.416822866287085158e+19 7.644610747324610970e+19
2.279977657576919204e+20 2.054743161869169787e+20 1.820111881390156349e+20 1.622803060085353021e+20 1.448799149957855314e+20 1.294551444282741391e+20 1.157780071256808817e+20 1.036620847915127931e+20 9.315299600254546739e+19 8.416822866287085158e+19 7.644610747324612608e+19
2.279977657576919204e+20 2.054743161869169132e+20 1.820111881390156022e+20 1.622803060085352694e+20 1.448799149957855478e+20 1.294551444282741228e+20 1.157780071256808980e+20 1.036620847915127931e+20 9.315299600254546739e+19 8.416822866287088435e+19 7.644610747324610970e+19
2.279977657576918221e+20 2.054743161869169459e+20 1.820111881390155694e+20 1.622803060085352694e+20 1.448799149957855314e+20 1.294551444282741064e+20 1.157780071256808980e+20 1.036620847915127931e+20 9.315299600254546739e+19 8.416822866287088435e+19 7.644610747324610970e+19
2.279977657576918221e+20 2.054743161869169132e+20 1.820111881390155694e+20 1.622803060085352694e+20 1.448799149957854986e+20 1.294551444282740736e+20 1.157780071256808817e+20 1.036620847915127931e+20 9.315299600254546739e+19 8.416822866287086797e+19 7.644610747324610970e+19
2.279977657576918221e+20 2.054743161869169132e+20 1.820111881390156022e+20 1.622803060085352694e+20 1.448799149957855150e+20 1.294551444282740572e+20 1.157780071256808653e+20 1.036620847915127931e+20 9.315299600254548378e+19 8.416822866287083520e+19 7.644610747324612608e+19
2.279977657576918548e+20 2.054743161869168476e+20 1.820111881390156022e+20 1.622803060085352694e+20 1.448799149957855150e+20 1.294551444282740572e+20 1.157780071256808653e+20 1.036620847915127931e+20 9.315299600254550016e+19 8.416822866287085158e+19 7.644610747324617523e+19
2.279977657576918221e+20 2.054743161869168476e+20 1.820111881390156022e+20 1.622803060085352694e+20 1.448799149957854986e+20 1.294551444282740736e+20 1.157780071256808653e+20 1.036620847915127931e+20 9.315299600254550016e+19 8.416822866287085158e+19 7.644610747324614246e+19
2.279977657576918548e+20 2.054743161869168148e+20 1.820111881390156022e+20 1.622803060085353021e+20 1.448799149957855478e+20 1.294551444282740408e+20 1.157780071256808980e+20 1.036620847915127931e+20 9.315299600254548378e+19 8.416822866287083520e+19 7.644610747324612608e+19
2.279977657576918548e+20 2.054743161869168148e+20 1.820111881390156349e+20 1.622803060085352694e+20 1.448799149957855478e+20 1.294551444282740244e+20 1.157780071256809308e+20 1.036620847915127931e+20 9.315299600254550016e+19 8.416822866287085158e+19 7.644610747324612608e+19
2.279977657576919532e+20 2.054743161869168476e+20 1.820111881390156349e+20 1.622803060085353021e+20 1.448799149957855805e+20 1.294551444282740408e+20 1.157780071256809144e+20 1.036620847915127931e+20 9.315299600254550016e+19 8.416822866287085158e+19 7.644610747324610970e+19
2.279977657576919204e+20 2.054743161869168148e+20 1.820111881390156349e+20 1.622803060085353349e+20 1.448799149957855805e+20 1.294551444282740572e+20 1.157780071256809308e+20 1.036620847915127931e+20 9.315299600254550016e+19 8.416822866287086797e+19 7.644610747324614246e+19
2.279977657576919204e+20 2.054743161869168476e+20 1.820111881390156349e+20 1.622803060085353349e+20 1.448799149957855805e+20 1.294551444282740736e+20 1.157780071256809472e+20 1.036620847915127931e+20 9.315299600254550016e+19 8.416822866287088435e+19 7.644610747324617523e+19
2.279977657576919204e+20 2.054743161869167821e+20 1.820111881390156349e+20 1.622803060085353349e+20 1.448799149957855478e+20 1.294551444282740900e+20 1.157780071256809636e+20 1.036620847915127931e+20 9.315299600254550016e+19 8.416822866287086797e+19 7.644610747324615885e+19
2.279977657576919204e+20 2.054743161869168148e+20 1.820111881390156349e+20 1.622803060085353349e+20 1.448799149957855314e+20 1.294551444282741064e+20 1.157780071256809800e+20 1.036620847915127931e+20 9.315299600254550016e+19 8.416822866287086797e+19 7.644610747324619162e+19
2.279977657576919204e+20 2.054743161869167821e+20 1.820111881390156349e+20 1.622803060085353349e+20 1.448799149957855314e+20 1.294551444282740900e+20 1.157780071256809964e+20 1.036620847915127931e+20 9.315299600254550016e+19 8.416822866287085158e+19 7.644610747324617523e+19
2.279977657576919532e+20 2.054743161869168476e+20 1.820111881390156349e+20 1.622803060085353677e+20 1.448799149957855642e+20 1.294551444282740572e+20 1.157780071256809800e+20 1.036620847915127931e+20 9.315299600254550016e+19 8.416822866287083520e+19 7.644610747324615885e+19
2.279977657576919532e+20 2.054743161869167821e+20 1.820111881390156349e+20 1.622803060085353349e+20 1.448799149957855478e+20 1.294551444282740736e+20 1.157780071256810127e+20 1.036620847915127931e+20 9.315299600254550016e+19 8.416822866287086797e+19 7.644610747324614246e+19
2.279977657576920187e+20 2.054743161869167821e+20 1.820111881390156022e+20 1.622803060085353677e+20 1.448799149957855805e+20 1.294551444282740736e+20 1.157780071256809964e+20 1.036620847915127931e+20 9.315299600254550016e+19 8.416822866287086797e+19 7.644610747324614246e+19
2.279977657576920187e+20 2.054743161869167821e+20 1.820111881390156349e+20 1.622803060085353677e+20 1.448799149957855642e+20 1.294551444282740736e+20 1.157780071256810291e+20 1.036620847915127931e+20 9.315299600254550016e+19 8.416822866287090074e+19 7.644610747324612608e+19
2.279977657576920515e+20 2.054743161869167821e+20 1.820111881390156349e+20 1.622803060085353677e+20 1.448799149957855805e+20 1.294551444282740572e+20 1.157780071256810127e+20 1.036620847915127931e+20 9.315299600254550016e+19 8.416822866287094989e+19 7.644610747324610970e+19
2.279977657576920187e+20 2.054743161869168148e+20 1.820111881390156677e+20 1.622803060085353677e+20 1.448799149957855969e+20 1.294551444282740244e+20 1.157780071256809964e+20 1.036620847915127931e+20 9.315299600254550016e+19 8.416822866287091712e+19 7.644610747324612608e+19
2.279977657576920187e+20 2.054743161869167821e+20 1.820111881390156349e+20 1.622803060085353677e+20 1.448799149957855805e+20 1.294551444282740081e+20 1.157780071256810291e+20 1.036620847915127931e+20 9.315299600254550016e+19 8.416822866287098266e+19 7.644610747324612608e+19
2.279977657576919859e+20 2.054743161869168476e+20 1.820111881390156349e+20 1.622803060085353677e+20 1.448799149957855969e+20 1.294551444282740408e+20 1.157780071256810291e+20 1.036620847915127931e+20 9.315299600254550016e+19 8.416822866287098266e+19 7.644610747324610970e+19
2.279977657576919204e+20 2.054743161869168148e+20 1.820111881390156349e+20 1.622803060085353677e+20 1.448799149957855805e+20 1.294551444282740408e+20 1.157780071256810127e+20 1.036620847915127931e+20 9.315299600254550016e+19 8.416822866287099904e+19 7.644610747324607693e+19
2.279977657576918548e+20 2.054743161869168476e+20 1.820111881390156022e+20 1.622803060085354004e+20 1.448799149957855969e+20 1.294551444282740408e+20 1.157780071256810455e+20 1.036620847915127931e+20 9.315299600254550016e+19 8.416822866287101542e+19 7.644610747324609331e+19
2.279977657576918221e+20 2.054743161869168476e+20 1.820111881390156349e+20 1.622803060085354004e+20 1.448799149957855805e+20 1.294551444282740572e+20 1.157780071256810455e+20 1.036620847915127931e+20 9.315299600254550016e+19 8.416822866287104819e+19 7.644610747324609331e+19
2.279977657576917893e+20 2.054743161869168804e+20 1.820111881390156677e+20 1.622803060085354004e+20 1.448799149957855805e+20 1.294551444282740244e+20 1.157780071256810127e+20 1.036620847915127931e+20 9.315299600254550016e+19 8.416822866287104819e+19 7.644610747324610970e+19
2.279977657576918221e+20 2.054743161869168148e+20 1.820111881390156349e+20 1.622803060085353677e+20 1.448799149957855642e+20 1.294551444282739917e+20 1.157780071256809964e+20 1.036620847915127931e+20 9.315299600254550016e+19 8.416822866287104819e+19 7.644610747324610970e+19
2.279977657576918548e+20 2.054743161869168476e+20 1.820111881390156022e+20 1.622803060085353677e+20 1.448799149957855969e+20 1.294551444282739917e+20 1.157780071256809800e+20 1.036620847915127931e+20 9.315299600254550016e+19 8.416822866287103181e+19 7.644610747324610970e+19
2.279977657576918548e+20 2.054743161869168804e+20 1.820111881390156022e+20 1.622803060085354004e+20 1.448799149957856297e+20 1.294551444282739917e+20 1.157780071256809472e+20 1.036620847915127931e+20 9.315299600254550016e+19 8.416822866287104819e+19 7.644610747324612608e+19
2.279977657576918221e+20 2.054743161869168148e+20 1.820111881390156349e+20 1.622803060085353677e+20 1.448799149957856133e+20 1.294551444282739753e+20 1.157780071256809800e+20 1.036620847915127931e+20 9.315299600254550016e+19 8.416822866287106458e+19 7.644610747324615885e+19
2.279977657576918221e+20 2.054743161869168476e+20 1.820111881390156677e+20 1.622803060085354004e+20 1.448799149957856133e+20 1.294551444282739917e+20 1.157780071256809800e+20 1.036620847915127931e+20 9.315299600254550016e+19 8.416822866287104819e+19 7.644610747324615885e+19
2.279977657576918876e+20 2.054743161869168148e+20 1.820111881390156677e+20 1.622803060085354332e+20 1.448799149957856297e+20 1.294551444282739589e+20 1.157780071256809636e+20 1.036620847915127931e+20 9.315299600254550016e+19 8.416822866287103181e+19 7.644610747324619162e+19
2.279977657576918876e+20 2.054743161869168804e+20 1.820111881390156677e+20 1.622803060085354004e+20 1.448799149957856297e+20 1.294551444282739589e+20 1.157780071256809636e+20 1.036620847915127931e+20 9.315299600254550016e+19 8.416822866287103181e+19 7.644610747324619162e+19
2.279977657576918548e+20 2.054743161869168476e+20 1.820111881390156022e+20 1.622803060085354004e+20 1.448799149957856625e+20 1.294551444282739753e+20 1.157780071256809636e+20 1.036620847915127931e+20 9.315299600254550016e+19 8.416822866287104819e+19 7.644610747324619162e+19
2.279977657576918548e+20 2.054743161869168148e+20 1.820111881390156022e+20 1.622803060085354004e+20 1.448799149957856461e+20 1.294551444282739917e+20 1.157780071256809636e+20 1.036620847915127931e+20 9.315299600254550016e+19 8.416822866287106458e+19 7.644610747324617523e+19
2.279977657576918548e+20 2.054743161869168804e+20 1.820111881390156349e+20 1.622803060085354004e+20 1.448799149957856788e+20 1.294551444282739917e+20 1.157780071256809308e+20 1.036620847915127931e+20 9.315299600254550016e+19 8.416822866287104819e+19 7.644610747324619162e+19
2.279977657576918548e+20 2.054743161869168148e+20 1.820111881390156349e+20 1.622803060085354332e+20 1.448799149957856788e+20 1.294551444282739917e+20 1.157780071256809472e+20 1.036620847915127931e+20 9.315299600254550016e+19 8.416822866287104819e+19 7.644610747324619162e+19
2.279977657576918221e+20 2.054743161869169132e+20 1.820111881390156677e+20 1.622803060085354332e+20 1.448799149957856952e+20 1.294551444282740081e+20 1.157780071256809800e+20 1.036620847915127931e+20 9.315299600254550016e+19 8.416822866287104819e+19 7.644610747324619162e+19
2.279977657576918548e+20 2.054743161869168148e+20 1.820111881390156677e+20 1.622803060085354332e+20 1.448799149957856952e+20 1.294551444282739917e+20 1.157780071256809800e+20 1.036620847915127931e+20 9.315299600254550016e+19 8.416822866287101542e+19 7.644610747324620800e+19
2.279977657576917893e+20 2.054743161869168476e+20 1.820111881390156677e+20 1.622803060085354332e+20 1.448799149957856625e+20 1.294551444282739589e+20 1.157780071256810127e+20 1.036620847915127931e+20 9.315299600254550016e+19 8.416822866287101542e+19 7.644610747324622438e+19
2.279977657576917893e+20 2.054743161869168148e+20 1.820111881390156677e+20 1.622803060085354660e+20 1.448799149957856625e+20 1.294551444282740081e+20 1.157780071256809964e+20 1.036620847915127931e+20 9.315299600254550016e+19 8.416822866287101542e+19 7.644610747324624077e+19
2.279977657576917893e+20 2.054743161869168148e+20 1.820111881390156677e+20 1.622803060085354660e+20 1.448799149957856788e+20 1.294551444282739917e+20 1.157780071256809964e+20 1.036620847915127931e+20 9.315299600254550016e+19 8.416822866287099904e+19 7.644610747324627354e+19
2.279977657576917893e+20 2.054743161869168148e+20 1.820111881390156349e+20 1.622803060085354660e+20 1.448799149957856952e+20 1.294551444282739917e+20 1.157780071256809800e+20 1.036620847915127931e+20 9.315299600254550016e+19 8.416822866287101542e+19 7.644610747324628992e+19
2.279977657576917893e+20 2.054743161869168148e+20 1.820111881390156677e+20 1.622803060085354332e+20 1.448799149957857116e+20 1.294551444282740081e+20 1.157780071256809472e+20 1.036620847915127931e+20 9.315299600254550016e+19 8.416822866287104819e+19 7.644610747324630630e+19
2.279977657576917893e+20 2.054743161869168148e+20 1.820111881390156677e+20 1.622803060085354660e+20 1.448799149957857116e+20 1.294551444282739917e+20 1.157780071256809964e+20 1.036620847915127931e+20 9.315299600254550016e+19 8.416822866287098266e+19 7.644610747324630630e+19
2.279977657576918876e+20 2.054743161869167493e+20 1.820111881390156677e+20 1.622803060085354988e+20 1.448799149957856952e+20 1.294551444282739589e+20 1.157780071256809800e+20 1.036620847915127931e+20 9.315299600254550016e+19 8.416822866287098266e+19 7.644610747324630630e+19
2.279977657576918876e+20 2.054743161869168148e+20 1.820111881390157005e+20 1.622803060085354660e+20 1.448799149957856788e+20 1.294551444282739753e+20 1.157780071256809636e+20 1.036620847915127931e+20 9.315299600254550016e+19 8.416822866287101542e+19 7.644610747324628992e+19
2.279977657576918876e+20 2.054743161869167821e+20 1.820111881390157005e+20 1.622803060085354988e+20 1.448799149957856625e+20 1.294551444282739753e+20 1.157780071256809308e+20 1.036620847915127931e+20 9.315299600254550016e+19 8.416822866287099904e+19 7.644610747324627354e+19
2.279977657576918221e+20 2.054743161869167821e+20 1.820111881390157005e+20 1.622803060085354988e+20 1.448799149957856625e+20 1.294551444282740081e+20 1.157780071256809636e+20 1.036620847915127931e+20 9.315299600254550016e+19 8.416822866287106458e+19 7.644610747324628992e+19
2.279977657576917893e+20 2.054743161869168148e+20 1.820111881390157005e+20 1.622803060085354660e+20 1.448799149957856625e+20 1.294551444282740408e+20 1.157780071256809472e+20 1.036620847915127931e+20 9.315299600254550016e+19 8.416822866287108096e+19 7.644610747324630630e+19
2.279977657576917565e+20 2.054743161869167493e+20 1.820111881390157005e+20 1.622803060085354660e+20 1.448799149957856788e+20 1.294551444282740408e+20 1.157780071256809472e+20 1.036620847915127931e+20 9.315299600254550016e+19 8.416822866287111373e+19 7.644610747324635546e+19
2.279977657576917238e+20 2.054743161869168148e+20 1.820111881390157332e+20 1.622803060085354660e+20 1.448799149957856952e+20 1.294551444282740572e+20 1.157780071256809308e+20 1.036620847915127931e+20 9.315299600254550016e+19 8.416822866287111373e+19 7.644610747324632269e+19
2.279977657576916910e+20 2.054743161869167821e+20 1.820111881390157332e+20 1.622803060085354660e+20 1.448799149957856952e+20 1.294551444282740408e+20 1.157780071256809472e+20 1.036620847915127931e+20 9.315299600254550016e+19 8.416822866287111373e+19 7.644610747324635546e+19
2.279977657576916582e+20 2.054743161869168148e+20 1.820111881390157005e+20 1.622803060085354660e+20 1.448799149957856461e+20 1.294551444282740408e+20 1.157780071256809308e+20 1.036620847915127931e+20 9.315299600254550016e+19 8.416822866287111373e+19 7.644610747324633907e+19
2.279977657576916910e+20 2.054743161869167821e+20 1.820111881390157005e+20 1.622803060085354988e+20 1.448799149957856625e+20 1.294551444282740244e+20 1.157780071256808980e+20 1.036620847915127931e+20 9.315299600254550016e+19 8.416822866287111373e+19 7.644610747324632269e+19
2.279977657576916910e+20 2.054743161869168148e+20 1.820111881390157005e+20 1.622803060085354988e+20 1.448799149957856297e+20 1.294551444282740572e+20 1.157780071256808489e+20 1.036620847915127931e+20 9.315299600254550016e+19 8.416822866287108096e+19 7.644610747324632269e+19
2.279977657576916255e+20 2.054743161869168148e+20 1.820111881390157005e+20 1.622803060085354988e+20 1.448799149957856133e+20 1.294551444282740408e+20 1.157780071256808653e+20 1.036620847915127931e+20 9.315299600254550016e+19 8.416822866287108096e+19 7.644610747324635546e+19
2.279977657576916255e+20 2.054743161869167493e+20 1.820111881390157005e+20 1.622803060085354988e+20 1.448799149957856133e+20 1.294551444282740244e+20 1.157780071256808653e+20 1.036620847915127931e+20 9.315299600254550016e+19 8.416822866287108096e+19 7.644610747324632269e+19
2.279977657576916255e+20 2.054743161869168476e+20 1.820111881390157005e+20 1.622803060085354988e+20 1.448799149957856133e+20 1.294551444282740408e+20 1.157780071256808489e+20 1.036620847915127931e+20 9.315299600254550016e+19 8.416822866287106458e+19 7.644610747324632269e+19
2.279977657576916910e+20 2.054743161869168476e+20 1.820111881390157332e+20 1.622803060085354988e+20 1.448799149957856297e+20 1.294551444282740572e+20 1.157780071256808653e+20 1.036620847915127931e+20 9.315299600254550016e+19 8.416822866287104819e+19 7.644610747324630630e+19
2.279977657576917238e+20 2.054743161869169132e+20 1.820111881390157332e+20 1.622803060085355315e+20 1.448799149957856133e+20 1.294551444282740736e+20 1.157780071256808489e+20 1.036620847915127931e+20 9.315299600254550016e+19 8.416822866287104819e+19 7.644610747324632269e+19
2.279977657576916910e+20 2.054743161869168804e+20 1.820111881390157660e+20 1.622803060085354988e+20 1.448799149957856297e+20 1.294551444282741064e+20 1.157780071256807997e+20 1.036620847915127931e+20 9.315299600254550016e+19 8.416822866287104819e+19 7.644610747324633907e+19
2.279977657576917238e+20 2.054743161869168804e+20 1.820111881390157332e+20 1.622803060085354988e+20 1.448799149957856297e+20 1.294551444282741064e+20 1.157780071256807670e+20 1.036620847915127931e+20 9.315299600254550016e+19 8.416822866287103181e+19 7.644610747324632269e+19
2.279977657576917238e+20 2.054743161869168804e+20 1.820111881390157005e+20 1.622803060085354988e+20 1.448799149957856133e+20 1.294551444282741228e+20 1.157780071256807342e+20 1.036620847915127931e+20 9.315299600254550016e+19 8.416822866287103181e+19 7.644610747324628992e+19
2.279977657576917565e+20 2.054743161869168476e+20 1.820111881390157332e+20 1.622803060085354660e+20 1.448799149957856133e+20 1.294551444282741391e+20 1.157780071256807342e+20 1.036620847915127931e+20 9.315299600254550016e+19 8.416822866287098266e+19 7.644610747324628992e+19
2.279977657576917238e+20 2.054743161869168804e+20 1.820111881390157005e+20 1.622803060085354988e+20 1.448799149957855969e+20 1.294551444282741064e+20 1.157780071256807506e+20 1.036620847915127931e+20 9.315299600254550016e+19 8.416822866287099904e+19 7.644610747324630630e+19
2.279977657576916910e+20 2.054743161869168476e+20 1.820111881390157332e+20 1.622803060085354988e+20 1.448799149957856133e+20 1.294551444282741228e+20 1.157780071256807178e+20 1.036620847915127931e+20 9.315299600254550016e+19 8.416822866287099904e+19 7.644610747324633907e+19
2.279977657576917565e+20 2.054743161869168476e+20 1.820111881390157332e+20 1.622803060085355315e+20 1.448799149957856133e+20 1.294551444282741391e+20 1.157780071256807014e+20 1.036620847915127931e+20 9.315299600254550016e+19 8.416822866287103181e+19 7.644610747324632269e+19
2.279977657576917565e+20 2.054743161869168804e+20 1.820111881390157332e+20 1.622803060085354988e+20 1.448799149957855969e+20 1.294551444282741391e+20 1.157780071256807014e+20 1.036620847915127931e+20 9.315299600254550016e+19 8.416822866287104819e+19 7.644610747324635546e+19
2.279977657576917893e+20 2.054743161869168804e+20 1.820111881390157005e+20 1.622803060085354988e+20 1.448799149957855969e+20 1.294551444282741719e+20 1.157780071256807014e+20 1.036620847915127931e+20 9.315299600254550016e+19 8.416822866287104819e+19 7.644610747324638822e+19
2.279977657576918221e+20 2.054743161869169132e+20 1.820111881390157660e+20 1.622803060085355315e+20 1.448799149957856133e+20 1.294551444282741555e+20 1.157780071256807014e+20 1.036620847915127931e+20 9.315299600254550016e+19 8.416822866287104819e+19 7.644610747324642099e+19
2.279977657576917565e+20 2.054743161869168148e+20 1.820111881390157660e+20 1.622803060085354988e+20 1.448799149957856461e+20 1.294551444282741555e+20 1.157780071256807178e+20 1.036620847915127931e+20 9.315299600254550016e+19 8.416822866287103181e+19 7.644610747324643738e+19
2.279977657576917565e+20 2.054743161869168148e+20 1.820111881390157660e+20 1.622803060085354988e+20 1.448799149957856297e+20 1.294551444282741719e+20 1.157780071256806851e+20 1.036620847915127931e+20 9.315299600254550016e+19 8.416822866287106458e+19 7.644610747324643738e+19
2.279977657576917238e+20 2.054743161869168148e+20 1.820111881390157332e+20 1.622803060085354988e+20 1.448799149957856297e+20 1.294551444282742211e+20 1.157780071256806523e+20 1.036620847915127931e+20 9.315299600254550016e+19 8.416822866287106458e+19 7.644610747324645376e+19
2.279977657576917893e+20 2.054743161869167821e+20 1.820111881390157332e+20 1.622803060085354660e+20 1.448799149957856461e+20 1.294551444282742211e+20 1.157780071256806523e+20 1.036620847915127931e+20 9.315299600254550016e+19 8.416822866287108096e+19 7.644610747324645376e+19
2.279977657576918221e+20 2.054743161869168476e+20 1.820111881390157005e+20 1.622803060085354660e+20 1.448799149957856297e+20 1.294551444282742211e+20 1.157780071256806523e+20 1.036620847915127931e+20 9.315299600254550016e+19 8.416822866287109734e+19 7.644610747324645376e+19
2.279977657576918548e+20 2.054743161869168148e+20 1.820111881390157332e+20 1.622803060085354660e+20 1.448799149957856461e+20 1.294551444282742374e+20 1.157780071256806687e+20 1.036620847915127931e+20 9.315299600254550016e+19 8.416822866287104819e+19 7.644610747324647014e+19
2.279977657576919532e+20 2.054743161869168148e+20 1.820111881390157332e+20 1.622803060085354660e+20 1.448799149957856625e+20 1.294551444282742211e+20 1.157780071256806851e+20 1.036620847915127931e+20 9.315299600254550016e+19 8.416822866287106458e+19 7.644610747324643738e+19
2.279977657576919859e+20 2.054743161869168148e+20 1.820111881390157332e+20 1.622803060085354660e+20 1.448799149957856625e+20 1.294551444282742047e+20 1.157780071256806523e+20 1.036620847915127931e+20 9.315299600254550016e+19 8.416822866287104819e+19 7.644610747324643738e+19
2.279977657576919859e+20 2.054743161869167821e+20 1.820111881390157332e+20 1.622803060085354988e+20 1.448799149957856788e+20 1.294551444282741883e+20 1.157780071256806359e+20 1.036620847915127931e+20 9.315299600254550016e+19 8.416822866287109734e+19 7.644610747324640461e+19
2.279977657576920515e+20 2.054743161869168148e+20 1.820111881390157332e+20 1.622803060085354988e+20 1.448799149957856788e+20 1.294551444282741883e+20 1.157780071256806195e+20 1.036620847915127931e+20 9.315299600254550016e+19 8.416822866287109734e+19 7.644610747324642099e+19
2.279977657576920842e+20 2.054743161869167493e+20 1.820111881390157332e+20 1.622803060085355315e+20 1.448799149957856952e+20 1.294551444282742047e+20 1.157780071256806359e+20 1.036620847915127931e+20 9.315299600254550016e+19 8.416822866287109734e+19 7.644610747324643738e+19
2.279977657576920515e+20 2.054743161869167493e+20 1.820111881390157332e+20 1.622803060085354988e+20 1.448799149957856952e+20 1.294551444282742047e+20 1.157780071256806195e+20 1.036620847915127931e+20 9.315299600254550016e+19 8.416822866287109734e+19 7.644610747324643738e+19
2.279977657576920515e+20 2.054743161869167821e+20 1.820111881390157332e+20 1.622803060085354988e+20 1.448799149957856952e+20 1.294551444282742047e+20 1.157780071256805868e+20 1.036620847915127931e+20 9.315299600254550016e+19 8.416822866287113011e+19 7.644610747324640461e+19
2.279977657576920515e+20 2.054743161869167493e+20 1.820111881390157332e+20 1.622803060085354660e+20 1.448799149957857116e+20 1.294551444282742211e+20 1.157780071256806031e+20 1.036620847915127931e+20 9.315299600254550016e+19 8.416822866287111373e+19 7.644610747324640461e+19
2.279977657576920187e+20 2.054743161869167821e+20 1.820111881390157332e+20 1.622803060085354660e+20 1.448799149957857116e+20 1.294551444282741883e+20 1.157780071256806195e+20 1.036620847915127931e+20 9.315299600254550016e+19 8.416822866287106458e+19 7.644610747324642099e+19
2.279977657576920515e+20 2.054743161869167493e+20 1.820111881390157332e+20 1.622803060085354332e+20 1.448799149957857280e+20 1.294551444282741883e+20 1.157780071256806359e+20 1.036620847915127931e+20 9.315299600254550016e+19 8.416822866287106458e+19 7.644610747324642099e+19
2.279977657576919859e+20 2.054743161869167493e+20 1.820111881390157332e+20 1.622803060085354660e+20 1.448799149957857444e+20 1.294551444282741555e+20 1.157780071256806523e+20 1.036620847915127931e+20 9.315299600254550016e+19 8.416822866287106458e+19 7.644610747324642099e+19
2.279977657576919859e+20 2.054743161869167821e+20 1.820111881390157005e+20 1.622803060085354660e+20 1.448799149957857444e+20 1.294551444282741228e+20 1.157780071256806687e+20 1.036620847915127931e+20 9.315299600254550016e+19 8.416822866287104819e+19 7.644610747324640461e+19
2.279977657576919859e+20 2.054743161869167165e+20 1.820111881390157005e+20 1.622803060085354332e+20 1.448799149957857608e+20 1.294551444282741391e+20 1.157780071256806687e+20 1.036620847915127931e+20 9.315299600254550016e+19 8.416822866287103181e+19 7.644610747324643738e+19
2.279977657576919204e+20 2.054743161869167493e+20 1.820111881390157005e+20 1.622803060085354660e+20 1.448799149957857608e+20 1.294551444282741555e+20 1.157780071256806523e+20 1.036620847915127931e+20 9.315299600254550016e+19 8.416822866287098266e+19 7.644610747324643738e+19
2.279977657576918548e+20 2.054743161869167165e+20 1.820111881390157005e+20 1.622803060085354660e+20 1.448799149957857444e+20 1.294551444282741555e+20 1.157780071256806359e+20 1.036620847915127931e+20 9.315299600254550016e+19 8.416822866287098266e+19 7.644610747324643738e+19
2.279977657576918221e+20 2.054743161869167493e+20 1.820111881390157005e+20 1.622803060085354660e+20 1.448799149957857608e+20 1.294551444282741555e+20 1.157780071256806687e+20 1.036620847915127931e+20 9.315299600254550016e+19 8.416822866287094989e+19 7.644610747324648653e+19
2.279977657576918548e+20 2.054743161869167821e+20 1.820111881390157005e+20 1.622803060085354660e+20 1.448799149957857444e+20 1.294551444282741555e+20 1.157780071256806851e+20 1.036620847915127931e+20 9.315299600254550016e+19 8.416822866287098266e+19 7.644610747324650291e+19
2.279977657576917893e+20 2.054743161869167165e+20 1.820111881390157005e+20 1.622803060085354660e+20 1.448799149957857608e+20 1.294551444282741391e+20 1.157780071256806687e+20 1.036620847915127931e+20 9.315299600254550016e+19 8.416822866287099904e+19 7.644610747324648653e+19
2.279977657576918221e+20 2.054743161869167493e+20 1.820111881390157005e+20 1.622803060085354660e+20 1.448799149957857608e+20 1.294551444282741228e+20 1.157780071256806523e+20 1.036620847915127931e+20 9.315299600254550016e+19 8.416822866287099904e+19 7.644610747324653568e+19
2.279977657576918221e+20 2.054743161869167165e+20 1.820111881390156677e+20 1.622803060085354332e+20 1.448799149957857608e+20 1.294551444282741555e+20 1.157780071256806523e+20 1.036620847915127931e+20 9.315299600254550016e+19 8.416822866287099904e+19 7.644610747324651930e+19
2.279977657576917565e+20 2.054743161869167165e+20 1.820111881390156349e+20 1.622803060085354332e+20 1.448799149957857444e+20 1.294551444282741391e+20 1.157780071256806851e+20 1.036620847915127931e+20 9.315299600254550016e+19 8.416822866287098266e+19 7.644610747324655206e+19
2.279977657576917893e+20 2.054743161869167493e+20 1.820111881390156349e+20 1.622803060085354332e+20 1.448799149957857608e+20 1.294551444282741228e+20 1.157780071256807014e+20 1.036620847915127931e+20 9.315299600254550016e+19 8.416822866287094989e+19 7.644610747324653568e+19
2.279977657576917893e+20 2.054743161869166838e+20 1.820111881390156349e+20 1.622803060085354004e+20 1.448799149957857444e+20 1.294551444282741228e+20 1.157780071256806687e+20 1.036620847915127931e+20 9.315299600254550016e+19 8.416822866287094989e+19 7.644610747324651930e+19
2.279977657576917893e+20 2.054743161869167165e+20 1.820111881390156022e+20 1.622803060085354004e+20 1.448799149957857608e+20 1.294551444282741391e+20 1.157780071256806851e+20 1.036620847915127931e+20 9.315299600254550016e+19 8.416822866287098266e+19 7.644610747324651930e+19
2.279977657576918221e+20 2.054743161869167493e+20 1.820111881390156022e+20 1.622803060085354004e+20 1.448799149957857280e+20 1.294551444282741555e+20 1.157780071256807342e+20 1.036620847915127931e+20 9.315299600254550016e+19 8.416822866287098266e+19 7.644610747324645376e+19
2.279977657576918548e+20 2.054743161869166838e+20 1.820111881390156022e+20 1.622803060085354004e+20 1.448799149957857444e+20 1.294551444282741719e+20 1.157780071256807014e+20 1.036620847915127931e+20 9.315299600254550016e+19 8.416822866287098266e+19 7.644610747324643738e+19
2.279977657576918548e+20 2.054743161869167493e+20 1.820111881390155694e+20 1.622803060085354004e+20 1.448799149957857444e+20 1.294551444282741883e+20 1.157780071256807342e+20 1.036620847915127931e+20 9.315299600254550016e+19 8.416822866287101542e+19 7.644610747324643738e+19
2.279977657576918548e+20 2.054743161869167493e+20 1.820111881390156022e+20 1.622803060085354004e+20 1.448799149957857444e+20 1.294551444282741883e+20 1.157780071256807670e+20 1.036620847915127931e+20 9.315299600254550016e+19 8.416822866287101542e+19 7.644610747324645376e+19
2.279977657576918548e+20 2.054743161869167165e+20 1.820111881390156022e+20 1.622803060085354332e+20 1.448799149957857608e+20 1.294551444282741883e+20 1.157780071256808161e+20 1.036620847915127931e+20 9.315299600254550016e+19 8.416822866287103181e+19 7.644610747324643738e+19
2.279977657576918876e+20 2.054743161869167821e+20 1.820111881390155694e+20 1.622803060085354332e+20 1.448799149957857935e+20 1.294551444282742211e+20 1.157780071256807997e+20 1.036620847915127931e+20 9.315299600254550016e+19 8.416822866287103181e+19 7.644610747324642099e+19
2.279977657576918876e+20 2.054743161869167821e+20 1.820111881390155694e+20 1.622803060085354332e+20 1.448799149957857935e+20 1.294551444282741883e+20 1.157780071256808161e+20 1.036620847915127931e+20 9.315299600254550016e+19 8.416822866287101542e+19 7.644610747324643738e+19
2.279977657576918876e+20 2.054743161869167821e+20 1.820111881390156022e+20 1.622803060085354004e+20 1.448799149957857935e+20 1.294551444282742047e+20 1.157780071256808325e+20 1.036620847915127931e+20 9.315299600254550016e+19 8.416822866287106458e+19 7.644610747324643738e+19
2.279977657576918876e+20 2.054743161869168476e+20 1.820111881390156022e+20 1.622803060085354004e+20 1.448799149957857935e+20 1.294551444282742211e+20 1.157780071256808161e+20 1.036620847915127931e+20 9.315299600254550016e+19 8.416822866287099904e+19 7.644610747324642099e+19
2.279977657576918876e+20 2.054743161869168148e+20 1.820111881390156022e+20 1.622803060085354332e+20 1.448799149957857935e+20 1.294551444282742702e+20 1.157780071256808325e+20 1.036620847915127931e+20 9.315299600254550016e+19 8.416822866287099904e+19 7.644610747324643738e+19
2.279977657576919204e+20 2.054743161869168804e+20 1.820111881390156022e+20 1.622803060085354004e+20 1.448799149957858263e+20 1.294551444282742702e+20 1.157780071256808489e+20 1.036620847915127931e+20 9.315299600254550016e+19 8.416822866287099904e+19 7.644610747324642099e+19
2.279977657576918876e+20 2.054743161869168148e+20 1.820111881390155366e+20 1.622803060085354004e+20 1.448799149957858427e+20 1.294551444282742866e+20 1.157780071256808653e+20 1.036620847915127931e+20 9.315299600254550016e+19 8.416822866287099904e+19 7.644610747324643738e+19
2.279977657576919204e+20 2.054743161869168148e+20 1.820111881390155694e+20 1.622803060085354004e+20 1.448799149957858591e+20 1.294551444282743357e+20 1.157780071256808489e+20 1.036620847915127931e+20 9.315299600254550016e+19 8.416822866287099904e+19 7.644610747324647014e+19
2.279977657576918548e+20 2.054743161869168476e+20 1.820111881390155694e+20 1.622803060085354332e+20 1.448799149957858263e+20 1.294551444282743194e+20 1.157780071256808325e+20 1.036620847915127931e+20 9.315299600254550016e+19 8.416822866287098266e+19 7.644610747324643738e+19
2.279977657576918221e+20 2.054743161869168148e+20 1.820111881390155694e+20 1.622803060085354332e+20 1.448799149957858427e+20 1.294551444282743030e+20 1.157780071256808817e+20 1.036620847915127931e+20 9.315299600254550016e+19 8.416822866287098266e+19 7.644610747324647014e+19
2.279977657576918876e+20 2.054743161869168148e+20 1.820111881390155694e+20 1.622803060085354332e+20 1.448799149957858427e+20 1.294551444282743030e+20 1.157780071256808817e+20 1.036620847915127931e+20 9.315299600254550016e+19 8.416822866287096627e+19 7.644610747324645376e+19
2.279977657576918548e+20 2.054743161869168476e+20 1.820111881390155694e+20 1.622803060085354332e+20 1.448799149957858591e+20 1.294551444282743357e+20 1.157780071256808817e+20 1.036620847915127931e+20 9.315299600254550016e+19 8.416822866287094989e+19 7.644610747324643738e+19
2.279977657576918548e+20 2.054743161869168148e+20 1.820111881390155366e+20 1.622803060085354004e+20 1.448799149957858591e+20 1.294551444282743357e+20 1.157780071256809144e+20 1.036620847915127931e+20 9.315299600254550016e+19 8.416822866287098266e+19 7.644610747324642099e+19
2.279977657576918548e+20 2.054743161869168476e+20 1.820111881390155366e+20 1.622803060085354332e+20 1.448799149957858591e+20 1.294551444282743521e+20 1.157780071256809472e+20 1.036620847915127931e+20 9.315299600254550016e+19 8.416822866287098266e+19 7.644610747324638822e+19
2.279977657576918221e+20 2.054743161869168148e+20 1.820111881390155366e+20 1.622803060085354332e+20 1.448799149957858591e+20 1.294551444282743521e+20 1.157780071256809472e+20 1.036620847915127931e+20 9.315299600254550016e+19 8.416822866287096627e+19 7.644610747324635546e+19
2.279977657576918876e+20 2.054743161869167821e+20 1.820111881390155039e+20 1.622803060085354004e+20 1.448799149957858427e+20 1.294551444282743357e+20 1.157780071256809308e+20 1.036620847915127931e+20 9.315299600254550016e+19 8.416822866287096627e+19 7.644610747324632269e+19
2.279977657576918548e+20 2.054743161869168148e+20 1.820111881390155039e+20 1.622803060085354332e+20 1.448799149957858263e+20 1.294551444282743194e+20 1.157780071256809472e+20 1.036620847915127931e+20 9.315299600254550016e+19 8.416822866287093350e+19 7.644610747324632269e+19
2.279977657576918221e+20 2.054743161869168476e+20 1.820111881390155039e+20 1.622803060085354332e+20 1.448799149957858755e+20 1.294551444282743194e+20 1.157780071256809308e+20 1.036620847915127931e+20 9.315299600254550016e+19 8.416822866287094989e+19 7.644610747324627354e+19
2.279977657576917565e+20 2.054743161869168476e+20 1.820111881390155039e+20 1.622803060085354332e+20 1.448799149957858918e+20 1.294551444282742866e+20 1.157780071256809472e+20 1.036620847915127931e+20 9.315299600254550016e+19 8.416822866287096627e+19 7.644610747324628992e+19
2.279977657576917238e+20 2.054743161869169132e+20 1.820111881390154711e+20 1.622803060085354660e+20 1.448799149957858591e+20 1.294551444282743194e+20 1.157780071256809636e+20 1.036620847915127931e+20 9.315299600254550016e+19 8.416822866287094989e+19 7.644610747324627354e+19
2.279977657576917238e+20 2.054743161869168804e+20 1.820111881390154711e+20 1.622803060085354660e+20 1.448799149957858427e+20 1.294551444282743357e+20 1.157780071256809472e+20 1.036620847915127931e+20 9.315299600254550016e+19 8.416822866287094989e+19 7.644610747324622438e+19
2.279977657576917238e+20 2.054743161869168804e+20 1.820111881390154711e+20 1.622803060085354004e+20 1.448799149957858755e+20 1.294551444282742866e+20 1.157780071256809472e+20 1.036620847915127931e+20 9.315299600254550016e+19 8.416822866287094989e+19 7.644610747324617523e+19
2.279977657576916910e+20 2.054743161869169132e+20 1.820111881390155039e+20 1.622803060085354004e+20 1.448799149957858755e+20 1.294551444282742702e+20 1.157780071256809308e+20 1.036620847915127931e+20 9.315299600254550016e+19 8.416822866287098266e+19 7.644610747324620800e+19
2.279977657576915927e+20 2.054743161869168148e+20 1.820111881390154711e+20 1.622803060085354332e+20 1.448799149957858427e+20 1.294551444282742866e+20 1.157780071256809472e+20 1.036620847915127931e+20 9.315299600254550016e+19 8.416822866287099904e+19 7.644610747324620800e+19
2.279977657576915927e+20 2.054743161869168476e+20 1.820111881390155039e+20 1.622803060085354660e+20 1.448799149957859082e+20 1.294551444282743030e+20 1.157780071256809472e+20 1.036620847915127931e+20 9.315299600254550016e+19 8.416822866287101542e+19 7.644610747324624077e+19
2.279977657576916582e+20 2.054743161869168804e+20 1.820111881390155039e+20 1.622803060085354988e+20 1.448799149957858591e+20 1.294551444282743194e+20 1.157780071256809636e+20 1.036620847915127931e+20 9.315299600254550016e+19 8.416822866287104819e+19 7.644610747324624077e+19
2.279977657576916255e+20 2.054743161869168148e+20 1.820111881390154711e+20 1.622803060085354660e+20 1.448799149957858755e+20 1.294551444282743194e+20 1.157780071256809800e+20 1.036620847915127931e+20 9.315299600254550016e+19 8.416822866287103181e+19 7.644610747324622438e+19
2.279977657576915599e+20 2.054743161869168476e+20 1.820111881390155039e+20 1.622803060085354004e+20 1.448799149957858591e+20 1.294551444282743357e+20 1.157780071256809636e+20 1.036620847915127931e+20 9.315299600254550016e+19 8.416822866287099904e+19 7.644610747324620800e+19
2.279977657576915927e+20 2.054743161869168804e+20 1.820111881390155039e+20 1.622803060085353677e+20 1.448799149957858755e+20 1.294551444282743194e+20 1.157780071256809964e+20 1.036620847915127931e+20 9.315299600254550016e+19 8.416822866287098266e+19 7.644610747324619162e+19
2.279977657576915927e+20 2.054743161869168476e+20 1.820111881390155039e+20 1.622803060085353677e+20 1.448799149957858591e+20 1.294551444282743357e+20 1.157780071256809800e+20 1.036620847915127931e+20 9.315299600254550016e+19 8.416822866287099904e+19 7.644610747324622438e+19
2.279977657576915927e+20 2.054743161869168804e+20 1.820111881390154711e+20 1.622803060085353349e+20 1.448799149957858755e+20 1.294551444282743685e+20 1.157780071256809964e+20 1.036620847915127931e+20 9.315299600254550016e+19 8.416822866287098266e+19 7.644610747324624077e+19
2.279977657576916582e+20 2.054743161869168476e+20 1.820111881390155039e+20 1.622803060085353349e+20 1.448799149957858263e+20 1.294551444282743521e+20 1.157780071256809964e+20 1.036620847915127931e+20 9.315299600254550016e+19 8.416822866287099904e+19 7.644610747324620800e+19
2.279977657576916582e+20 2.054743161869168148e+20 1.820111881390155366e+20 1.622803060085353021e+20 1.448799149957859082e+20 1.294551444282743849e+20 1.157780071256810127e+20 1.036620847915127931e+20 9.315299600254550016e+19 8.416822866287103181e+19 7.644610747324619162e+19
2.279977657576916582e+20 2.054743161869168804e+20 1.820111881390155039e+20 1.622803060085352694e+20 1.448799149957858427e+20 1.294551444282743521e+20 1.157780071256810291e+20 1.036620847915127931e+20 9.315299600254550016e+19 8.416822866287106458e+19 7.644610747324620800e+19
2.279977657576916582e+20 2.054743161869168148e+20 1.820111881390154711e+20 1.622803060085352366e+20 1.448799149957858263e+20 1.294551444282743685e+20 1.157780071256810291e+20 1.036620847915127931e+20 9.315299600254550016e+19 8.416822866287106458e+19 7.644610747324620800e+19
2.279977657576916910e+20 2.054743161869167821e+20 1.820111881390154383e+20 1.622803060085351711e+20 1.448799149957859082e+20 1.294551444282743521e+20 1.157780071256810127e+20 1.036620847915127931e+20 9.315299600254550016e+19 8.416822866287104819e+19 7.644610747324624077e+19
2.279977657576916910e+20 2.054743161869168148e+20 1.820111881390154383e+20 1.622803060085352038e+20 1.448799149957858263e+20 1.294551444282743194e+20 1.157780071256809636e+20 1.036620847915127931e+20 9.315299600254550016e+19 8.416822866287101542e+19 7.644610747324625715e+19
2.279977657576916910e+20 2.054743161869167821e+20 1.820111881390154711e+20 1.622803060085352366e+20 1.448799149957857772e+20 1.294551444282743030e+20 1.157780071256809636e+20 1.036620847915127931e+20 9.315299600254550016e+19 8.416822866287098266e+19 7.644610747324627354e+19
2.279977657576916255e+20 2.054743161869168148e+20 1.820111881390154711e+20 1.622803060085352694e+20 1.448799149957858099e+20 1.294551444282743194e+20 1.157780071256809472e+20 1.036620847915127931e+20 9.315299600254550016e+19 8.416822866287094989e+19 7.644610747324625715e+19
2.279977657576915927e+20 2.054743161869168148e+20 1.820111881390154711e+20 1.622803060085352694e+20 1.448799149957859410e+20 1.294551444282743194e+20 1.157780071256809964e+20 1.036620847915127931e+20 9.315299600254550016e+19 8.416822866287094989e+19 7.644610747324628992e+19
2.279977657576915272e+20 2.054743161869167493e+20 1.820111881390154711e+20 1.622803060085352366e+20 1.448799149957859246e+20 1.294551444282743194e+20 1.157780071256809800e+20 1.036620847915127931e+20 9.315299600254550016e+19 8.416822866287096627e+19 7.644610747324630630e+19
2.279977657576915272e+20 2.054743161869167493e+20 1.820111881390154711e+20 1.622803060085352366e+20 1.448799149957858099e+20 1.294551444282743521e+20 1.157780071256810127e+20 1.036620847915127931e+20 9.315299600254550016e+19 8.416822866287098266e+19 7.644610747324628992e+19
2.279977657576915599e+20 2.054743161869167821e+20 1.820111881390155039e+20 1.622803060085352694e+20 1.448799149957857444e+20 1.294551444282743357e+20 1.157780071256810127e+20 1.036620847915127931e+20 9.315299600254550016e+19 8.416822866287098266e+19 7.644610747324628992e+19
2.279977657576915272e+20 2.054743161869166838e+20 1.820111881390155366e+20 1.622803060085352694e+20 1.448799149957857116e+20 1.294551444282743521e+20 1.157780071256810619e+20 1.036620847915127931e+20 9.315299600254550016e+19 8.416822866287101542e+19 7.644610747324627354e+19
2.279977657576915927e+20 2.054743161869166838e+20 1.820111881390155694e+20 1.622803060085352038e+20 1.448799149957857280e+20 1.294551444282743685e+20 1.157780071256810455e+20 1.036620847915127931e+20 9.315299600254550016e+19 8.416822866287103181e+19 7.644610747324627354e+19
2.279977657576915599e+20 2.054743161869166838e+20 1.820111881390155694e+20 1.622803060085352366e+20 1.448799149957857444e+20 1.294551444282743849e+20 1.157780071256810291e+20 1.036620847915127931e+20 9.315299600254550016e+19 8.416822866287103181e+19 7.644610747324624077e+19
2.279977657576915927e+20 2.054743161869166510e+20 1.820111881390156022e+20 1.622803060085352038e+20 1.448799149957857772e+20 1.294551444282743685e+20 1.157780071256810127e+20 1.036620847915127931e+20 9.315299600254550016e+19 8.416822866287103181e+19 7.644610747324620800e+19
2.279977657576916582e+20 2.054743161869166510e+20 1.820111881390156022e+20 1.622803060085352038e+20 1.448799149957858263e+20 1.294551444282743685e+20 1.157780071256810291e+20 1.036620847915127931e+20 9.315299600254550016e+19 8.416822866287101542e+19 7.644610747324619162e+19
2.279977657576916910e+20 2.054743161869166510e+20 1.820111881390156022e+20 1.622803060085352038e+20 1.448799149957858591e+20 1.294551444282743521e+20 1.157780071256810783e+20 1.036620847915127931e+20 9.315299600254550016e+19 8.416822866287101542e+19 7.644610747324619162e+19
2.279977657576916910e+20 2.054743161869165855e+20 1.820111881390155694e+20 1.622803060085351711e+20 1.448799149957858755e+20 1.294551444282743685e+20 1.157780071256810783e+20 1.036620847915127931e+20 9.315299600254550016e+19 8.416822866287099904e+19 7.644610747324620800e+19
2.279977657576916910e+20 2.054743161869165527e+20 1.820111881390155366e+20 1.622803060085352038e+20 1.448799149957858591e+20 1.294551444282744013e+20 1.157780071256810455e+20 1.036620847915127931e+20 9.315299600254550016e+19 8.416822866287096627e+19 7.644610747324619162e+19
2.279977657576917238e+20 2.054743161869165855e+20 1.820111881390155039e+20 1.622803060085351711e+20 1.448799149957858099e+20 1.294551444282744177e+20 1.157780071256810291e+20 1.036620847915127931e+20 9.315299600254550016e+19 8.416822866287094989e+19 7.644610747324612608e+19
2.279977657576916255e+20 2.054743161869165527e+20 1.820111881390155039e+20 1.622803060085351711e+20 1.448799149957857116e+20 1.294551444282744504e+20 1.157780071256810127e+20 1.036620847915127931e+20 9.315299600254550016e+19 8.416822866287096627e+19 7.644610747324614246e+19
2.279977657576916255e+20 2.054743161869165527e+20 1.820111881390154711e+20 1.622803060085351711e+20 1.448799149957856297e+20 1.294551444282744340e+20 1.157780071256810291e+20 1.036620847915127931e+20 9.315299600254550016e+19 8.416822866287101542e+19 7.644610747324612608e+19
2.279977657576916910e+20 2.054743161869166182e+20 1.820111881390154711e+20 1.622803060085351711e+20 1.448799149957857116e+20 1.294551444282744504e+20 1.157780071256810291e+20 1.036620847915127931e+20 9.315299600254550016e+19 8.416822866287101542e+19 7.644610747324614246e+19
2.279977657576916910e+20 2.054743161869165527e+20 1.820111881390154711e+20 1.622803060085351711e+20 1.448799149957857772e+20 1.294551444282744177e+20 1.157780071256810127e+20 1.036620847915127931e+20 9.315299600254550016e+19 8.416822866287101542e+19 7.644610747324614246e+19
2.279977657576916910e+20 2.054743161869165527e+20 1.820111881390154711e+20 1.622803060085351711e+20 1.448799149957857772e+20 1.294551444282744013e+20 1.157780071256810291e+20 1.036620847915127931e+20 9.315299600254550016e+19 8.416822866287101542e+19 7.644610747324619162e+19
2.279977657576916582e+20 2.054743161869165527e+20 1.820111881390154711e+20 1.622803060085351711e+20 1.448799149957856625e+20 1.294551444282744177e+20 1.157780071256810619e+20 1.036620847915127931e+20 9.315299600254550016e+19 8.416822866287108096e+19 7.644610747324617523e+19
2.279977657576916582e+20 2.054743161869165527e+20 1.820111881390154711e+20 1.622803060085352038e+20 1.448799149957856952e+20 1.294551444282744340e+20 1.157780071256810455e+20 1.036620847915127931e+20 9.315299600254550016e+19 8.416822866287109734e+19 7.644610747324620800e+19
2.279977657576916582e+20 2.054743161869165527e+20 1.820111881390154711e+20 1.622803060085351711e+20 1.448799149957857444e+20 1.294551444282744668e+20 1.157780071256810291e+20 1.036620847915127931e+20 9.315299600254550016e+19 8.416822866287106458e+19 7.644610747324619162e+19
2.279977657576916582e+20 2.054743161869165855e+20 1.820111881390154711e+20 1.622803060085351711e+20 1.448799149957856788e+20 1.294551444282744668e+20 1.157780071256810291e+20 1.036620847915127931e+20 9.315299600254550016e+19 8.416822866287103181e+19 7.644610747324617523e+19
2.279977657576917238e+20 2.054743161869165527e+20 1.820111881390154383e+20 1.622803060085351711e+20 1.448799149957856952e+20 1.294551444282744504e+20 1.157780071256810127e+20 1.036620847915127931e+20 9.315299600254550016e+19 8.416822866287104819e+19 7.644610747324620800e+19
2.279977657576916910e+20 2.054743161869165527e+20 1.820111881390154383e+20 1.622803060085351711e+20 1.448799149957857280e+20 1.294551444282744668e+20 1.157780071256810127e+20 1.036620847915127931e+20 9.315299600254550016e+19 8.416822866287103181e+19 7.644610747324619162e+19
2.279977657576917238e+20 2.054743161869166182e+20 1.820111881390154383e+20 1.622803060085351383e+20 1.448799149957856625e+20 1.294551444282744668e+20 1.157780071256809800e+20 1.036620847915127931e+20 9.315299600254550016e+19 8.416822866287101542e+19 7.644610747324619162e+19
2.279977657576917238e+20 2.054743161869165199e+20 1.820111881390154711e+20 1.622803060085351383e+20 1.448799149957857444e+20 1.294551444282744832e+20 1.157780071256809964e+20 1.036620847915127931e+20 9.315299600254550016e+19 8.416822866287101542e+19 7.644610747324619162e+19
2.279977657576916910e+20 2.054743161869165527e+20 1.820111881390154711e+20 1.622803060085351055e+20 1.448799149957856625e+20 1.294551444282745324e+20 1.157780071256810127e+20 1.036620847915127931e+20 9.315299600254550016e+19 8.416822866287098266e+19 7.644610747324619162e+19
2.279977657576916910e+20 2.054743161869165855e+20 1.820111881390154711e+20 1.622803060085351055e+20 1.448799149957857608e+20 1.294551444282745487e+20 1.157780071256809964e+20 1.036620847915127931e+20 9.315299600254550016e+19 8.416822866287096627e+19 7.644610747324619162e+19
2.279977657576916582e+20 2.054743161869165855e+20 1.820111881390154711e+20 1.622803060085351383e+20 1.448799149957856788e+20 1.294551444282745487e+20 1.157780071256809800e+20 1.036620847915127931e+20 9.315299600254550016e+19 8.416822866287096627e+19 7.644610747324615885e+19
2.279977657576915927e+20 2.054743161869165527e+20 1.820111881390154383e+20 1.622803060085351383e+20 1.448799149957857116e+20 1.294551444282745324e+20 1.157780071256809636e+20 1.036620847915127931e+20 9.315299600254550016e+19 8.416822866287099904e+19 7.644610747324620800e+19
2.279977657576915599e+20 2.054743161869165855e+20 1.820111881390154383e+20 1.622803060085351383e+20 1.448799149957856625e+20 1.294551444282745815e+20 1.157780071256809308e+20 1.036620847915127931e+20 9.315299600254550016e+19 8.416822866287104819e+19 7.644610747324620800e+19
2.279977657576915927e+20 2.054743161869165199e+20 1.820111881390154383e+20 1.622803060085351383e+20 1.448799149957856952e+20 1.294551444282745979e+20 1.157780071256809144e+20 1.036620847915127931e+20 9.315299600254550016e+19 8.416822866287106458e+19 7.644610747324625715e+19
2.279977657576916582e+20 2.054743161869165199e+20 1.820111881390154056e+20 1.622803060085351383e+20 1.448799149957856788e+20 1.294551444282746307e+20 1.157780071256809144e+20 1.036620847915127931e+20 9.315299600254550016e+19 8.416822866287106458e+19 7.644610747324625715e+19
2.279977657576916910e+20 2.054743161869165527e+20 1.820111881390154056e+20 1.622803060085351383e+20 1.448799149957856461e+20 1.294551444282746470e+20 1.157780071256809308e+20 1.036620847915127931e+20 9.315299600254550016e+19 8.416822866287104819e+19 7.644610747324625715e+19
2.279977657576916910e+20 2.054743161869165855e+20 1.820111881390154383e+20 1.622803060085351383e+20 1.448799149957856788e+20 1.294551444282746470e+20 1.157780071256809800e+20 1.036620847915127931e+20 9.315299600254550016e+19 8.416822866287104819e+19 7.644610747324622438e+19
2.279977657576916582e+20 2.054743161869165527e+20 1.820111881390154711e+20 1.622803060085351383e+20 1.448799149957856788e+20 1.294551444282746307e+20 1.157780071256809800e+20 1.036620847915127931e+20 9.315299600254550016e+19 8.416822866287104819e+19 7.644610747324614246e+19
2.279977657576916255e+20 2.054743161869165855e+20 1.820111881390154711e+20 1.622803060085351383e+20 1.448799149957856461e+20 1.294551444282746634e+20 1.157780071256809964e+20 1.036620847915127931e+20 9.315299600254550016e+19 8.416822866287106458e+19 7.644610747324610970e+19
2.279977657576915927e+20 2.054743161869166182e+20 1.820111881390154383e+20 1.622803060085351055e+20 1.448799149957857116e+20 1.294551444282746307e+20 1.157780071256810291e+20 1.036620847915127931e+20 9.315299600254550016e+19 8.416822866287111373e+19 7.644610747324609331e+19
2.279977657576916255e+20 2.054743161869166182e+20 1.820111881390153728e+20 1.622803060085351055e+20 1.448799149957857280e+20 1.294551444282746307e+20 1.157780071256810127e+20 1.036620847915127931e+20 9.315299600254550016e+19 8.416822866287109734e+19 7.644610747324610970e+19
2.279977657576916255e+20 2.054743161869166510e+20 1.820111881390153728e+20 1.622803060085351055e+20 1.448799149957856952e+20 1.294551444282746470e+20 1.157780071256810455e+20 1.036620847915127931e+20 9.315299600254550016e+19 8.416822866287113011e+19 7.644610747324606054e+19
2.279977657576915927e+20 2.054743161869166838e+20 1.820111881390153728e+20 1.622803060085351055e+20 1.448799149957856788e+20 1.294551444282746470e+20 1.157780071256810291e+20 1.036620847915127931e+20 9.315299600254550016e+19 8.416822866287114650e+19 7.644610747324607693e+19
2.279977657576915599e+20 2.054743161869166182e+20 1.820111881390153400e+20 1.622803060085351383e+20 1.448799149957856952e+20 1.294551444282746798e+20 1.157780071256810127e+20 1.036620847915127931e+20 9.315299600254550016e+19 8.416822866287116288e+19 7.644610747324609331e+19
2.279977657576915272e+20 2.054743161869166182e+20 1.820111881390153400e+20 1.622803060085350728e+20 1.448799149957857116e+20 1.294551444282746962e+20 1.157780071256809800e+20 1.036620847915127931e+20 9.315299600254550016e+19 8.416822866287114650e+19 7.644610747324614246e+19
2.279977657576915272e+20 2.054743161869166510e+20 1.820111881390153728e+20 1.622803060085350728e+20 1.448799149957857280e+20 1.294551444282746962e+20 1.157780071256809964e+20 1.036620847915127931e+20 9.315299600254550016e+19 8.416822866287114650e+19 7.644610747324614246e+19
2.279977657576915272e+20 2.054743161869165855e+20 1.820111881390153728e+20 1.622803060085350728e+20 1.448799149957857608e+20 1.294551444282746798e+20 1.157780071256810291e+20 1.036620847915127931e+20 9.315299600254550016e+19 8.416822866287113011e+19 7.644610747324615885e+19
2.279977657576914944e+20 2.054743161869165855e+20 1.820111881390153400e+20 1.622803060085350728e+20 1.448799149957857444e+20 1.294551444282746634e+20 1.157780071256810291e+20 1.036620847915127931e+20 9.315299600254550016e+19 8.416822866287113011e+19 7.644610747324617523e+19
2.279977657576914616e+20 2.054743161869165855e+20 1.820111881390153728e+20 1.622803060085350728e+20 1.448799149957857444e+20 1.294551444282746470e+20 1.157780071256810455e+20 1.036620847915127931e+20 9.315299600254550016e+19 8.416822866287113011e+19 7.644610747324617523e+19
2.279977657576914944e+20 2.054743161869165527e+20 1.820111881390153728e+20 1.622803060085350728e+20 1.448799149957857116e+20 1.294551444282746470e+20 1.157780071256810455e+20 1.036620847915127931e+20 9.315299600254550016e+19 8.416822866287116288e+19 7.644610747324615885e+19
2.279977657576914616e+20 2.054743161869165527e+20 1.820111881390154056e+20 1.622803060085350728e+20 1.448799149957857116e+20 1.294551444282746470e+20 1.157780071256810783e+20 1.036620847915127931e+20 9.315299600254550016e+19 8.416822866287114650e+19 7.644610747324612608e+19
2.279977657576914616e+20 2.054743161869165855e+20 1.820111881390154056e+20 1.622803060085350400e+20 1.448799149957857116e+20 1.294551444282746143e+20 1.157780071256810947e+20 1.036620847915127931e+20 9.315299600254550016e+19 8.416822866287113011e+19 7.644610747324612608e+19
2.279977657576914289e+20 2.054743161869165527e+20 1.820111881390153728e+20 1.622803060085350728e+20 1.448799149957857116e+20 1.294551444282746307e+20 1.157780071256811110e+20 1.036620847915127931e+20 9.315299600254550016e+19 8.416822866287117926e+19 7.644610747324615885e+19
2.279977657576914616e+20 2.054743161869165199e+20 1.820111881390153400e+20 1.622803060085350728e+20 1.448799149957857116e+20 1.294551444282745979e+20 1.157780071256811274e+20 1.036620847915127931e+20 9.315299600254550016e+19 8.416822866287116288e+19 7.644610747324617523e+19
2.279977657576914944e+20 2.054743161869165199e+20 1.820111881390153073e+20 1.622803060085350728e+20 1.448799149957857116e+20 1.294551444282746143e+20 1.157780071256811274e+20 1.036620847915127931e+20 9.315299600254550016e+19 8.416822866287121203e+19 7.644610747324615885e+19
2.279977657576915272e+20 2.054743161869165527e+20 1.820111881390153073e+20 1.622803060085350400e+20 1.448799149957857280e+20 1.294551444282746143e+20 1.157780071256811438e+20 1.036620847915127931e+20 9.315299600254550016e+19 8.416822866287119565e+19 7.644610747324619162e+19
2.279977657576915272e+20 2.054743161869165527e+20 1.820111881390153073e+20 1.622803060085350728e+20 1.448799149957857280e+20 1.294551444282746307e+20 1.157780071256811438e+20 1.036620847915127931e+20 9.315299600254550016e+19 8.416822866287117926e+19 7.644610747324624077e+19
2.279977657576914944e+20 2.054743161869165527e+20 1.820111881390153728e+20 1.622803060085350728e+20 1.448799149957857280e+20 1.294551444282746307e+20 1.157780071256811110e+20 1.036620847915127931e+20 9.315299600254550016e+19 8.416822866287119565e+19 7.644610747324620800e+19
2.279977657576914616e+20 2.054743161869166182e+20 1.820111881390153400e+20 1.622803060085350728e+20 1.448799149957857280e+20 1.294551444282745979e+20 1.157780071256810947e+20 1.036620847915127931e+20 9.315299600254550016e+19 8.416822866287117926e+19 7.644610747324619162e+19
2.279977657576914944e+20 2.054743161869165199e+20 1.820111881390153400e+20 1.622803060085350728e+20 1.448799149957856952e+20 1.294551444282746307e+20 1.157780071256810783e+20 1.036620847915127931e+20 9.315299600254550016e+19 8.416822866287117926e+19 7.644610747324619162e+19
2.279977657576914289e+20 2.054743161869164872e+20 1.820111881390153400e+20 1.622803060085350728e+20 1.448799149957857116e+20 1.294551444282746470e+20 1.157780071256810947e+20 1.036620847915127931e+20 9.315299600254550016e+19 8.416822866287119565e+19 7.644610747324622438e+19
2.279977657576914616e+20 2.054743161869164872e+20 1.820111881390153400e+20 1.622803060085350400e+20 1.448799149957857444e+20 1.294551444282746470e+20 1.157780071256810947e+20 1.036620847915127931e+20 9.315299600254550016e+19 8.416822866287119565e+19 7.644610747324622438e+19
2.279977657576914616e+20 2.054743161869165527e+20 1.820111881390153400e+20 1.622803060085350400e+20 1.448799149957857608e+20 1.294551444282746307e+20 1.157780071256811110e+20 1.036620847915127931e+20 9.315299600254550016e+19 8.416822866287119565e+19 7.644610747324622438e+19
2.279977657576914289e+20 2.054743161869165199e+20 1.820111881390153728e+20 1.622803060085350400e+20 1.448799149957857608e+20 1.294551444282746634e+20 1.157780071256810947e+20 1.036620847915127931e+20 9.315299600254550016e+19 8.416822866287117926e+19 7.644610747324624077e+19
2.279977657576914944e+20 2.054743161869165199e+20 1.820111881390153400e+20 1.622803060085350728e+20 1.448799149957857444e+20 1.294551444282746470e+20 1.157780071256810619e+20 1.036620847915127931e+20 9.315299600254550016e+19 8.416822866287111373e+19 7.644610747324622438e+19
2.279977657576914616e+20 2.054743161869165527e+20 1.820111881390153400e+20 1.622803060085350400e+20 1.448799149957857444e+20 1.294551444282746634e+20 1.157780071256810455e+20 1.036620847915127931e+20 9.315299600254550016e+19 8.416822866287111373e+19 7.644610747324622438e+19
2.279977657576914289e+20 2.054743161869165199e+20 1.820111881390153400e+20 1.622803060085350728e+20 1.448799149957857444e+20 1.294551444282746798e+20 1.157780071256810455e+20 1.036620847915127931e+20 9.315299600254550016e+19 8.416822866287109734e+19 7.644610747324627354e+19
2.279977657576913961e+20 2.054743161869164872e+20 1.820111881390153400e+20 1.622803060085350728e+20 1.448799149957857608e+20 1.294551444282746634e+20 1.157780071256810783e+20 1.036620847915127931e+20 9.315299600254550016e+19 8.416822866287113011e+19 7.644610747324628992e+19
2.279977657576913961e+20 2.054743161869165199e+20 1.820111881390153728e+20 1.622803060085350400e+20 1.448799149957857444e+20 1.294551444282746307e+20 1.157780071256811274e+20 1.036620847915127931e+20 9.315299600254550016e+19 8.416822866287113011e+19 7.644610747324627354e+19
2.279977657576913633e+20 2.054743161869165199e+20 1.820111881390153400e+20 1.622803060085350400e+20 1.448799149957857608e+20 1.294551444282746470e+20 1.157780071256810783e+20 1.036620847915127931e+20 9.315299600254550016e+19 8.416822866287113011e+19 7.644610747324625715e+19
2.279977657576913306e+20 2.054743161869164872e+20 1.820111881390153728e+20 1.622803060085350400e+20 1.448799149957857608e+20 1.294551444282746470e+20 1.157780071256810783e+20 1.036620847915127931e+20 9.315299600254550016e+19 8.416822866287113011e+19 7.644610747324625715e+19
2.279977657576913633e+20 2.054743161869164872e+20 1.820111881390153400e+20 1.622803060085350400e+20 1.448799149957857116e+20 1.294551444282746307e+20 1.157780071256810619e+20 1.036620847915127931e+20 9.315299600254550016e+19 8.416822866287114650e+19 7.644610747324627354e+19
2.279977657576913306e+20 2.054743161869165527e+20 1.820111881390153400e+20 1.622803060085350400e+20 1.448799149957857444e+20 1.294551444282746470e+20 1.157780071256810783e+20 1.036620847915127931e+20 9.315299600254550016e+19 8.416822866287114650e+19 7.644610747324627354e+19
2.279977657576912978e+20 2.054743161869164872e+20 1.820111881390153400e+20 1.622803060085350400e+20 1.448799149957857280e+20 1.294551444282746798e+20 1.157780071256810783e+20 1.036620847915127931e+20 9.315299600254550016e+19 8.416822866287113011e+19 7.644610747324627354e+19
2.279977657576913961e+20 2.054743161869164872e+20 1.820111881390153728e+20 1.622803060085350728e+20 1.448799149957857116e+20 1.294551444282746634e+20 1.157780071256810455e+20 1.036620847915127931e+20 9.315299600254550016e+19 8.416822866287114650e+19 7.644610747324627354e+19
2.279977657576914289e+20 2.054743161869165199e+20 1.820111881390153073e+20 1.622803060085350728e+20 1.448799149957857280e+20 1.294551444282746634e+20 1.157780071256810455e+20 1.036620847915127931e+20 9.315299600254550016e+19 8.416822866287111373e+19 7.644610747324625715e+19
2.279977657576914289e+20 2.054743161869165199e+20 1.820111881390153073e+20 1.622803060085350400e+20 1.448799149957857116e+20 1.294551444282746634e+20 1.157780071256810619e+20 1.036620847915127931e+20 9.315299600254550016e+19 8.416822866287111373e+19 7.644610747324625715e+19
2.279977657576913633e+20 2.054743161869165199e+20 1.820111881390152417e+20 1.622803060085350728e+20 1.448799149957857280e+20 1.294551444282746470e+20 1.157780071256810783e+20 1.036620847915127931e+20 9.315299600254550016e+19 8.416822866287106458e+19 7.644610747324627354e+19
2.279977657576913306e+20 2.054743161869165527e+20 1.820111881390152745e+20 1.622803060085350400e+20 1.448799149957856952e+20 1.294551444282746143e+20 1.157780071256810783e+20 1.036620847915127931e+20 9.315299600254550016e+19 8.416822866287103181e+19 7.644610747324624077e+19
2.279977657576912978e+20 2.054743161869165527e+20 1.820111881390153073e+20 1.622803060085350400e+20 1.448799149957857116e+20 1.294551444282746143e+20 1.157780071256810619e+20 1.036620847915127931e+20 9.315299600254550016e+19 8.416822866287104819e+19 7.644610747324620800e+19
2.279977657576913306e+20 2.054743161869165199e+20 1.820111881390152745e+20 1.622803060085350400e+20 1.448799149957856952e+20 1.294551444282745979e+20 1.157780071256810619e+20 1.036620847915127931e+20 9.315299600254550016e+19 8.416822866287101542e+19 7.644610747324622438e+19
2.279977657576912978e+20 2.054743161869165199e+20 1.820111881390152417e+20 1.622803060085350072e+20 1.448799149957856952e+20 1.294551444282745815e+20 1.157780071256810619e+20 1.036620847915127931e+20 9.315299600254550016e+19 8.416822866287103181e+19 7.644610747324622438e+19
2.279977657576912978e+20 2.054743161869165855e+20 1.820111881390152417e+20 1.622803060085350072e+20 1.448799149957856625e+20 1.294551444282746143e+20 1.157780071256810455e+20 1.036620847915127931e+20 9.315299600254550016e+19 8.416822866287103181e+19 7.644610747324622438e+19
2.279977657576912978e+20 2.054743161869165527e+20 1.820111881390152745e+20 1.622803060085350400e+20 1.448799149957856625e+20 1.294551444282746143e+20 1.157780071256810455e+20 1.036620847915127931e+20 9.315299600254550016e+19 8.416822866287103181e+19 7.644610747324622438e+19
2.279977657576912650e+20 2.054743161869165527e+20 1.820111881390152745e+20 1.622803060085350072e+20 1.448799149957856625e+20 1.294551444282746143e+20 1.157780071256810455e+20 1.036620847915127931e+20 9.315299600254550016e+19 8.416822866287103181e+19 7.644610747324624077e+19
2.279977657576912323e+20 2.054743161869165527e+20 1.820111881390152417e+20 1.622803060085349745e+20 1.448799149957856625e+20 1.294551444282745815e+20 1.157780071256810455e+20 1.036620847915127931e+20 9.315299600254550016e+19 8.416822866287101542e+19 7.644610747324622438e+19
2.279977657576912650e+20 2.054743161869165855e+20 1.820111881390152417e+20 1.622803060085349745e+20 1.448799149957856625e+20 1.294551444282745979e+20 1.157780071256810455e+20 1.036620847915127931e+20 9.315299600254550016e+19 8.416822866287096627e+19 7.644610747324625715e+19
2.279977657576912323e+20 2.054743161869165527e+20 1.820111881390152090e+20 1.622803060085350072e+20 1.448799149957856625e+20 1.294551444282745979e+20 1.157780071256810127e+20 1.036620847915127931e+20 9.315299600254550016e+19 8.416822866287096627e+19 7.644610747324625715e+19
2.279977657576911667e+20 2.054743161869165527e+20 1.820111881390152745e+20 1.622803060085350072e+20 1.448799149957856461e+20 1.294551444282746307e+20 1.157780071256809800e+20 1.036620847915127931e+20 9.315299600254550016e+19 8.416822866287093350e+19 7.644610747324625715e+19
2.279977657576911340e+20 2.054743161869165855e+20 1.820111881390152745e+20 1.622803060085350728e+20 1.448799149957856625e+20 1.294551444282746634e+20 1.157780071256809636e+20 1.036620847915127931e+20 9.315299600254550016e+19 8.416822866287093350e+19 7.644610747324625715e+19
2.279977657576911340e+20 2.054743161869165855e+20 1.820111881390152417e+20 1.622803060085350400e+20 1.448799149957856461e+20 1.294551444282746962e+20 1.157780071256809636e+20 1.036620847915127931e+20 9.315299600254550016e+19 8.416822866287093350e+19 7.644610747324624077e+19
2.279977657576911340e+20 2.054743161869165855e+20 1.820111881390152090e+20 1.622803060085350072e+20 1.448799149957856297e+20 1.294551444282746798e+20 1.157780071256809472e+20 1.036620847915127931e+20 9.315299600254550016e+19 8.416822866287088435e+19 7.644610747324620800e+19
2.279977657576911012e+20 2.054743161869165527e+20 1.820111881390152417e+20 1.622803060085349745e+20 1.448799149957856297e+20 1.294551444282746634e+20 1.157780071256809472e+20 1.036620847915127931e+20 9.315299600254550016e+19 8.416822866287088435e+19 7.644610747324620800e+19
2.279977657576911995e+20 2.054743161869166182e+20 1.820111881390152745e+20 1.622803060085349417e+20 1.448799149957856133e+20 1.294551444282746798e+20 1.157780071256809800e+20 1.036620847915127931e+20 9.315299600254550016e+19 8.416822866287088435e+19 7.644610747324615885e+19
2.279977657576911667e+20 2.054743161869165855e+20 1.820111881390152745e+20 1.622803060085349417e+20 1.448799149957856297e+20 1.294551444282746798e+20 1.157780071256809800e+20 1.036620847915127931e+20 9.315299600254550016e+19 8.416822866287086797e+19 7.644610747324615885e+19
2.279977657576910684e+20 2.054743161869165527e+20 1.820111881390152745e+20 1.622803060085349089e+20 1.448799149957856461e+20 1.294551444282746962e+20 1.157780071256809800e+20 1.036620847915127931e+20 9.315299600254550016e+19 8.416822866287083520e+19 7.644610747324615885e+19
2.279977657576911012e+20 2.054743161869166182e+20 1.820111881390152417e+20 1.622803060085349089e+20 1.448799149957856297e+20 1.294551444282746798e+20 1.157780071256810291e+20 1.036620847915127931e+20 9.315299600254550016e+19 8.416822866287085158e+19 7.644610747324614246e+19
2.279977657576910684e+20 2.054743161869165855e+20 1.820111881390152745e+20 1.622803060085348762e+20 1.448799149957856461e+20 1.294551444282746634e+20 1.157780071256810455e+20 1.036620847915127931e+20 9.315299600254550016e+19 8.416822866287086797e+19 7.644610747324614246e+19
2.279977657576910356e+20 2.054743161869165199e+20 1.820111881390153073e+20 1.622803060085348434e+20 1.448799149957856461e+20 1.294551444282746470e+20 1.157780071256810619e+20 1.036620847915127931e+20 9.315299600254550016e+19 8.416822866287088435e+19 7.644610747324614246e+19
2.279977657576910029e+20 2.054743161869165527e+20 1.820111881390152417e+20 1.622803060085348762e+20 1.448799149957856625e+20 1.294551444282746470e+20 1.157780071256810619e+20 1.036620847915127931e+20 9.315299600254550016e+19 8.416822866287086797e+19 7.644610747324617523e+19
2.279977657576910684e+20 2.054743161869166182e+20 1.820111881390152090e+20 1.622803060085349089e+20 1.448799149957856788e+20 1.294551444282746307e+20 1.157780071256810947e+20 1.036620847915127931e+20 9.315299600254550016e+19 8.416822866287085158e+19 7.644610747324619162e+19
2.279977657576910684e+20 2.054743161869165855e+20 1.820111881390151762e+20 1.622803060085349089e+20 1.448799149957856788e+20 1.294551444282746143e+20 1.157780071256811110e+20 1.036620847915127931e+20 9.315299600254550016e+19 8.416822866287081882e+19 7.644610747324622438e+19
2.279977657576911340e+20 2.054743161869165527e+20 1.820111881390152090e+20 1.622803060085349089e+20 1.448799149957856788e+20 1.294551444282746470e+20 1.157780071256811110e+20 1.036620847915127931e+20 9.315299600254550016e+19 8.416822866287081882e+19 7.644610747324622438e+19
2.279977657576911667e+20 2.054743161869165855e+20 1.820111881390152417e+20 1.622803060085349089e+20 1.448799149957856952e+20 1.294551444282746470e+20 1.157780071256811274e+20 1.036620847915127931e+20 9.315299600254550016e+19 8.416822866287085158e+19 7.644610747324622438e+19
2.279977657576911667e+20 2.054743161869166510e+20 1.820111881390152090e+20 1.622803060085348762e+20 1.448799149957856952e+20 1.294551444282746634e+20 1.157780071256811930e+20 1.036620847915127931e+20 9.315299600254550016e+19 8.416822866287083520e+19 7.644610747324622438e+19
2.279977657576912650e+20 2.054743161869165855e+20 1.820111881390151762e+20 1.622803060085349089e+20 1.448799149957856952e+20 1.294551444282746470e+20 1.157780071256811766e+20 1.036620847915127931e+20 9.315299600254550016e+19 8.416822866287083520e+19 7.644610747324619162e+19
2.279977657576912978e+20 2.054743161869165527e+20 1.820111881390152090e+20 1.622803060085349417e+20 1.448799149957856788e+20 1.294551444282746143e+20 1.157780071256811766e+20 1.036620847915127931e+20 9.315299600254550016e+19 8.416822866287085158e+19 7.644610747324617523e+19
2.279977657576912323e+20 2.054743161869165855e+20 1.820111881390152417e+20 1.622803060085349417e+20 1.448799149957856952e+20 1.294551444282746143e+20 1.157780071256811766e+20 1.036620847915127931e+20 9.315299600254550016e+19 8.416822866287083520e+19 7.644610747324622438e+19
2.279977657576913306e+20 2.054743161869166182e+20 1.820111881390152090e+20 1.622803060085349089e+20 1.448799149957857280e+20 1.294551444282745979e+20 1.157780071256811602e+20 1.036620847915127931e+20 9.315299600254550016e+19 8.416822866287086797e+19 7.644610747324624077e+19
2.279977657576912978e+20 2.054743161869165855e+20 1.820111881390151762e+20 1.622803060085349417e+20 1.448799149957857116e+20 1.294551444282745979e+20 1.157780071256811438e+20 1.036620847915127931e+20 9.315299600254550016e+19 8.416822866287086797e+19 7.644610747324624077e+19
2.279977657576912978e+20 2.054743161869165855e+20 1.820111881390152090e+20 1.622803060085349417e+20 1.448799149957856952e+20 1.294551444282746143e+20 1.157780071256811274e+20 1.036620847915127931e+20 9.315299600254550016e+19 8.416822866287086797e+19 7.644610747324624077e+19
2.279977657576913306e+20 2.054743161869166182e+20 1.820111881390152417e+20 1.622803060085349417e+20 1.448799149957856952e+20 1.294551444282745815e+20 1.157780071256811274e+20 1.036620847915127931e+20 9.315299600254550016e+19 8.416822866287088435e+19 7.644610747324620800e+19
2.279977657576913306e+20 2.054743161869165527e+20 1.820111881390152417e+20 1.622803060085349417e+20 1.448799149957857116e+20 1.294551444282745815e+20 1.157780071256811274e+20 1.036620847915127931e+20 9.315299600254550016e+19 8.416822866287088435e+19 7.644610747324619162e+19
2.279977657576913633e+20 2.054743161869165199e+20 1.820111881390152090e+20 1.622803060085349417e+20 1.448799149957857280e+20 1.294551444282745651e+20 1.157780071256811602e+20 1.036620847915127931e+20 9.315299600254550016e+19 8.416822866287086797e+19 7.644610747324624077e+19
2.279977657576913633e+20 2.054743161869165855e+20 1.820111881390152090e+20 1.622803060085349417e+20 1.448799149957856952e+20 1.294551444282745651e+20 1.157780071256811602e+20 1.036620847915127931e+20 9.315299600254550016e+19 8.416822866287086797e+19 7.644610747324624077e+19
2.279977657576913961e+20 2.054743161869165527e+20 1.820111881390152417e+20 1.622803060085349745e+20 1.448799149957856952e+20 1.294551444282745651e+20 1.157780071256811930e+20 1.036620847915127931e+20 9.315299600254550016e+19 8.416822866287086797e+19 7.644610747324622438e+19
2.279977657576914289e+20 2.054743161869165199e+20 1.820111881390153073e+20 1.622803060085349417e+20 1.448799149957856952e+20 1.294551444282745651e+20 1.157780071256812093e+20 1.036620847915127931e+20 9.315299600254550016e+19 8.416822866287085158e+19 7.644610747324615885e+19
2.279977657576913961e+20 2.054743161869164872e+20 1.820111881390152417e+20 1.622803060085349417e+20 1.448799149957857116e+20 1.294551444282745651e+20 1.157780071256811930e+20 1.036620847915127931e+20 9.315299600254550016e+19 8.416822866287086797e+19 7.644610747324615885e+19
2.279977657576913961e+20 2.054743161869165199e+20 1.820111881390152417e+20 1.622803060085349417e+20 1.448799149957857280e+20 1.294551444282745651e+20 1.157780071256811766e+20 1.036620847915127931e+20 9.315299600254550016e+19 8.416822866287085158e+19 7.644610747324617523e+19
2.279977657576914616e+20 2.054743161869165199e+20 1.820111881390152090e+20 1.622803060085349745e+20 1.448799149957857444e+20 1.294551444282745651e+20 1.157780071256811274e+20 1.036620847915127931e+20 9.315299600254550016e+19 8.416822866287085158e+19 7.644610747324617523e+19
2.279977657576915272e+20 2.054743161869165199e+20 1.820111881390152090e+20 1.622803060085349417e+20 1.448799149957857444e+20 1.294551444282745487e+20 1.157780071256811766e+20 1.036620847915127931e+20 9.315299600254550016e+19 8.416822866287081882e+19 7.644610747324615885e+19
2.279977657576915272e+20 2.054743161869165199e+20 1.820111881390151762e+20 1.622803060085349417e+20 1.448799149957857444e+20 1.294551444282745324e+20 1.157780071256811602e+20 1.036620847915127931e+20 9.315299600254550016e+19 8.416822866287085158e+19 7.644610747324614246e+19
2.279977657576914944e+20 2.054743161869165527e+20 1.820111881390151434e+20 1.622803060085349417e+20 1.448799149957857280e+20 1.294551444282745160e+20 1.157780071256811602e+20 1.036620847915127931e+20 9.315299600254550016e+19 8.416822866287088435e+19 7.644610747324615885e+19
2.279977657576914944e+20 2.054743161869164872e+20 1.820111881390151434e+20 1.622803060085349417e+20 1.448799149957857116e+20 1.294551444282745324e+20 1.157780071256811438e+20 1.036620847915127931e+20 9.315299600254550016e+19 8.416822866287090074e+19 7.644610747324614246e+19
2.279977657576915272e+20 2.054743161869164872e+20 1.820111881390151762e+20 1.622803060085349417e+20 1.448799149957857116e+20 1.294551444282745324e+20 1.157780071256811110e+20 1.036620847915127931e+20 9.315299600254550016e+19 8.416822866287093350e+19 7.644610747324615885e+19
2.279977657576915272e+20 2.054743161869165199e+20 1.820111881390151762e+20 1.622803060085349745e+20 1.448799149957857280e+20 1.294551444282745324e+20 1.157780071256811110e+20 1.036620847915127931e+20 9.315299600254550016e+19 8.416822866287094989e+19 7.644610747324614246e+19
2.279977657576915599e+20 2.054743161869165527e+20 1.820111881390151434e+20 1.622803060085349745e+20 1.448799149957857444e+20 1.294551444282745160e+20 1.157780071256810783e+20 1.036620847915127931e+20 9.315299600254550016e+19 8.416822866287093350e+19 7.644610747324614246e+19
2.279977657576914616e+20 2.054743161869164872e+20 1.820111881390151107e+20 1.622803060085349417e+20 1.448799149957857608e+20 1.294551444282744996e+20 1.157780071256810947e+20 1.036620847915127931e+20 9.315299600254550016e+19 8.416822866287093350e+19 7.644610747324614246e+19
2.279977657576914944e+20 2.054743161869164872e+20 1.820111881390151107e+20 1.622803060085349417e+20 1.448799149957857608e+20 1.294551444282744996e+20 1.157780071256810947e+20 1.036620847915127931e+20 9.315299600254550016e+19 8.416822866287091712e+19 7.644610747324612608e+19
2.279977657576914616e+20 2.054743161869165855e+20 1.820111881390151434e+20 1.622803060085349745e+20 1.448799149957857444e+20 1.294551444282744832e+20 1.157780071256810783e+20 1.036620847915127931e+20 9.315299600254550016e+19 8.416822866287086797e+19 7.644610747324612608e+19
2.279977657576915272e+20 2.054743161869165527e+20 1.820111881390151107e+20 1.622803060085349745e+20 1.448799149957857608e+20 1.294551444282744832e+20 1.157780071256810947e+20 1.036620847915127931e+20 9.315299600254550016e+19 8.416822866287088435e+19 7.644610747324610970e+19
2.279977657576915927e+20 2.054743161869165527e+20 1.820111881390150779e+20 1.622803060085349745e+20 1.448799149957857608e+20 1.294551444282744177e+20 1.157780071256810783e+20 1.036620847915127931e+20 9.315299600254550016e+19 8.416822866287090074e+19 7.644610747324609331e+19
2.279977657576915927e+20 2.054743161869165199e+20 1.820111881390150779e+20 1.622803060085349745e+20 1.448799149957857608e+20 1.294551444282744013e+20 1.157780071256810947e+20 1.036620847915127931e+20 9.315299600254550016e+19 8.416822866287088435e+19 7.644610747324609331e+19
2.279977657576915599e+20 2.054743161869165855e+20 1.820111881390151107e+20 1.622803060085349745e+20 1.448799149957857444e+20 1.294551444282744013e+20 1.157780071256810291e+20 1.036620847915127931e+20 9.315299600254550016e+19 8.416822866287090074e+19 7.644610747324606054e+19
2.279977657576916910e+20 2.054743161869165527e+20 1.820111881390151107e+20 1.622803060085349745e+20 1.448799149957857608e+20 1.294551444282743849e+20 1.157780071256810127e+20 1.036620847915127931e+20 9.315299600254550016e+19 8.416822866287086797e+19 7.644610747324609331e+19
2.279977657576916910e+20 2.054743161869165855e+20 1.820111881390150451e+20 1.622803060085349417e+20 1.448799149957857608e+20 1.294551444282743521e+20 1.157780071256809800e+20 1.036620847915127931e+20 9.315299600254550016e+19 8.416822866287086797e+19 7.644610747324610970e+19
2.279977657576916582e+20 2.054743161869165855e+20 1.820111881390150779e+20 1.622803060085349745e+20 1.448799149957857772e+20 1.294551444282743521e+20 1.157780071256809800e+20 1.036620847915127931e+20 9.315299600254550016e+19 8.416822866287085158e+19 7.644610747324609331e+19
2.279977657576916255e+20 2.054743161869166510e+20 1.820111881390150779e+20 1.622803060085349417e+20 1.448799149957857772e+20 1.294551444282743357e+20 1.157780071256809636e+20 1.036620847915127931e+20 9.315299600254550016e+19 8.416822866287086797e+19 7.644610747324607693e+19
2.279977657576915599e+20 2.054743161869166182e+20 1.820111881390150779e+20 1.622803060085349745e+20 1.448799149957857772e+20 1.294551444282743357e+20 1.157780071256809308e+20 1.036620847915127931e+20 9.315299600254550016e+19 8.416822866287086797e+19 7.644610747324610970e+19
2.279977657576915599e+20 2.054743161869165855e+20 1.820111881390150124e+20 1.622803060085349417e+20 1.448799149957857772e+20 1.294551444282743194e+20 1.157780071256809472e+20 1.036620847915127931e+20 9.315299600254550016e+19 8.416822866287090074e+19 7.644610747324609331e+19
2.279977657576915927e+20 2.054743161869166838e+20 1.820111881390150451e+20 1.622803060085349417e+20 1.448799149957857608e+20 1.294551444282743357e+20 1.157780071256809144e+20 1.036620847915127931e+20 9.315299600254550016e+19 8.416822866287088435e+19 7.644610747324606054e+19
2.279977657576915272e+20 2.054743161869166182e+20 1.820111881390150779e+20 1.622803060085349745e+20 1.448799149957857608e+20 1.294551444282743521e+20 1.157780071256808980e+20 1.036620847915127931e+20 9.315299600254550016e+19 8.416822866287093350e+19 7.644610747324604416e+19
2.279977657576915599e+20 2.054743161869165855e+20 1.820111881390150779e+20 1.622803060085349417e+20 1.448799149957857608e+20 1.294551444282743030e+20 1.157780071256809308e+20 1.036620847915127931e+20 9.315299600254550016e+19 8.416822866287094989e+19 7.644610747324606054e+19
2.279977657576915599e+20 2.054743161869165855e+20 1.820111881390150451e+20 1.622803060085349417e+20 1.448799149957857772e+20 1.294551444282742866e+20 1.157780071256809144e+20 1.036620847915127931e+20 9.315299600254550016e+19 8.416822866287099904e+19 7.644610747324609331e+19
2.279977657576914944e+20 2.054743161869165855e+20 1.820111881390150451e+20 1.622803060085349417e+20 1.448799149957857608e+20 1.294551444282742538e+20 1.157780071256808980e+20 1.036620847915127931e+20 9.315299600254550016e+19 8.416822866287103181e+19 7.644610747324609331e+19
2.279977657576914616e+20 2.054743161869165527e+20 1.820111881390150451e+20 1.622803060085349089e+20 1.448799149957857608e+20 1.294551444282742866e+20 1.157780071256808817e+20 1.036620847915127931e+20 9.315299600254550016e+19 8.416822866287101542e+19 7.644610747324609331e+19
2.279977657576914616e+20 2.054743161869165855e+20 1.820111881390150124e+20 1.622803060085348762e+20 1.448799149957857935e+20 1.294551444282743030e+20 1.157780071256808653e+20 1.036620847915127931e+20 9.315299600254550016e+19 8.416822866287104819e+19 7.644610747324606054e+19
2.279977657576914944e+20 2.054743161869165855e+20 1.820111881390150451e+20 1.622803060085349089e+20 1.448799149957857772e+20 1.294551444282743030e+20 1.157780071256808653e+20 1.036620847915127931e+20 9.315299600254550016e+19 8.416822866287103181e+19 7.644610747324602778e+19
2.279977657576915599e+20 2.054743161869166510e+20 1.820111881390150779e+20 1.622803060085349089e+20 1.448799149957857772e+20 1.294551444282743357e+20 1.157780071256808817e+20 1.036620847915127931e+20 9.315299600254550016e+19 8.416822866287099904e+19 7.644610747324606054e+19
2.279977657576915599e+20 2.054743161869166182e+20 1.820111881390150779e+20 1.622803060085349089e+20 1.448799149957857444e+20 1.294551444282743030e+20 1.157780071256808653e+20 1.036620847915127931e+20 9.315299600254550016e+19 8.416822866287104819e+19 7.644610747324599501e+19
2.279977657576915599e+20 2.054743161869166182e+20 1.820111881390150451e+20 1.622803060085349089e+20 1.448799149957857444e+20 1.294551444282743194e+20 1.157780071256808325e+20 1.036620847915127931e+20 9.315299600254550016e+19 8.416822866287104819e+19 7.644610747324597862e+19
2.279977657576916255e+20 2.054743161869166510e+20 1.820111881390150451e+20 1.622803060085348762e+20 1.448799149957857280e+20 1.294551444282743521e+20 1.157780071256808161e+20 1.036620847915127931e+20 9.315299600254550016e+19 8.416822866287108096e+19 7.644610747324594586e+19
2.279977657576916255e+20 2.054743161869167165e+20 1.820111881390150779e+20 1.622803060085349089e+20 1.448799149957857280e+20 1.294551444282743357e+20 1.157780071256808489e+20 1.036620847915127931e+20 9.315299600254550016e+19 8.416822866287108096e+19 7.644610747324596224e+19
2.279977657576915927e+20 2.054743161869166510e+20 1.820111881390151107e+20 1.622803060085349089e+20 1.448799149957857280e+20 1.294551444282743357e+20 1.157780071256808980e+20 1.036620847915127931e+20 9.315299600254550016e+19 8.416822866287106458e+19 7.644610747324596224e+19
2.279977657576915927e+20 2.054743161869166838e+20 1.820111881390151107e+20 1.622803060085349089e+20 1.448799149957857608e+20 1.294551444282743521e+20 1.157780071256808980e+20 1.036620847915127931e+20 9.315299600254550016e+19 8.416822866287108096e+19 7.644610747324596224e+19
2.279977657576916582e+20 2.054743161869167165e+20 1.820111881390151107e+20 1.622803060085349089e+20 1.448799149957857772e+20 1.294551444282743357e+20 1.157780071256809636e+20 1.036620847915127931e+20 9.315299600254550016e+19 8.416822866287106458e+19 7.644610747324594586e+19
2.279977657576915599e+20 2.054743161869167493e+20 1.820111881390151107e+20 1.622803060085348762e+20 1.448799149957857772e+20 1.294551444282743357e+20 1.157780071256809636e+20 1.036620847915127931e+20 9.315299600254550016e+19 8.416822866287106458e+19 7.644610747324597862e+19
2.279977657576914289e+20 2.054743161869167165e+20 1.820111881390150779e+20 1.622803060085348762e+20 1.448799149957857608e+20 1.294551444282743521e+20 1.157780071256809964e+20 1.036620847915127931e+20 9.315299600254550016e+19 8.416822866287104819e+19 7.644610747324594586e+19
2.279977657576914289e+20 2.054743161869167165e+20 1.820111881390150779e+20 1.622803060085348762e+20 1.448799149957857935e+20 1.294551444282743521e+20 1.157780071256809472e+20 1.036620847915127931e+20 9.315299600254550016e+19 8.416822866287103181e+19 7.644610747324596224e+19
2.279977657576914616e+20 2.054743161869167493e+20 1.820111881390150779e+20 1.622803060085349089e+20 1.448799149957857772e+20 1.294551444282743357e+20 1.157780071256809308e+20 1.036620847915127931e+20 9.315299600254550016e+19 8.416822866287104819e+19 7.644610747324592947e+19
2.279977657576914616e+20 2.054743161869167493e+20 1.820111881390151107e+20 1.622803060085349089e+20 1.448799149957857772e+20 1.294551444282743194e+20 1.157780071256808980e+20 1.036620847915127931e+20 9.315299600254550016e+19 8.416822866287103181e+19 7.644610747324594586e+19
2.279977657576913961e+20 2.054743161869166510e+20 1.820111881390150451e+20 1.622803060085349089e+20 1.448799149957858099e+20 1.294551444282743194e+20 1.157780071256808980e+20 1.036620847915127931e+20 9.315299600254550016e+19 8.416822866287106458e+19 7.644610747324594586e+19
2.279977657576913633e+20 2.054743161869166510e+20 1.820111881390150451e+20 1.622803060085349089e+20 1.448799149957858099e+20 1.294551444282743194e+20 1.157780071256809472e+20 1.036620847915127931e+20 9.315299600254550016e+19 8.416822866287106458e+19 7.644610747324596224e+19
2.279977657576913306e+20 2.054743161869167493e+20 1.820111881390151107e+20 1.622803060085348762e+20 1.448799149957858099e+20 1.294551444282743030e+20 1.157780071256809472e+20 1.036620847915127931e+20 9.315299600254550016e+19 8.416822866287108096e+19 7.644610747324596224e+19
2.279977657576913961e+20 2.054743161869167165e+20 1.820111881390150779e+20 1.622803060085348762e+20 1.448799149957858099e+20 1.294551444282743194e+20 1.157780071256809144e+20 1.036620847915127931e+20 9.315299600254550016e+19 8.416822866287104819e+19 7.644610747324597862e+19
2.279977657576913961e+20 2.054743161869166510e+20 1.820111881390150779e+20 1.622803060085348762e+20 1.448799149957858263e+20 1.294551444282743194e+20 1.157780071256808980e+20 1.036620847915127931e+20 9.315299600254550016e+19 8.416822866287106458e+19 7.644610747324597862e+19
2.279977657576913306e+20 2.054743161869166838e+20 1.820111881390151107e+20 1.622803060085348762e+20 1.448799149957858263e+20 1.294551444282743194e+20 1.157780071256808817e+20 1.036620847915127931e+20 9.315299600254550016e+19 8.416822866287108096e+19 7.644610747324599501e+19
2.279977657576912978e+20 2.054743161869167165e+20 1.820111881390151107e+20 1.622803060085348762e+20 1.448799149957858427e+20 1.294551444282743357e+20 1.157780071256808817e+20 1.036620847915127931e+20 9.315299600254550016e+19 8.416822866287108096e+19 7.644610747324599501e+19
2.279977657576913633e+20 2.054743161869167493e+20 1.820111881390151107e+20 1.622803060085349089e+20 1.448799149957858427e+20 1.294551444282743685e+20 1.157780071256808653e+20 1.036620847915127931e+20 9.315299600254550016e+19 8.416822866287109734e+19 7.644610747324601139e+19
2.279977657576913633e+20 2.054743161869167165e+20 1.820111881390151107e+20 1.622803060085348762e+20 1.448799149957858591e+20 1.294551444282743849e+20 1.157780071256808653e+20 1.036620847915127931e+20 9.315299600254550016e+19 8.416822866287106458e+19 7.644610747324602778e+19
2.279977657576913633e+20 2.054743161869167165e+20 1.820111881390151107e+20 1.622803060085348762e+20 1.448799149957858427e+20 1.294551444282743849e+20 1.157780071256808161e+20 1.036620847915127931e+20 9.315299600254550016e+19 8.416822866287104819e+19 7.644610747324607693e+19
2.279977657576913633e+20 2.054743161869167165e+20 1.820111881390150779e+20 1.622803060085348762e+20 1.448799149957858427e+20 1.294551444282744177e+20 1.157780071256808325e+20 1.036620847915127931e+20 9.315299600254550016e+19 8.416822866287104819e+19 7.644610747324610970e+19
2.279977657576913633e+20 2.054743161869167493e+20 1.820111881390150779e+20 1.622803060085348762e+20 1.448799149957858099e+20 1.294551444282744013e+20 1.157780071256808817e+20 1.036620847915127931e+20 9.315299600254550016e+19 8.416822866287103181e+19 7.644610747324609331e+19
2.279977657576913633e+20 2.054743161869166838e+20 1.820111881390150779e+20 1.622803060085348762e+20 1.448799149957858427e+20 1.294551444282744013e+20 1.157780071256808817e+20 1.036620847915127931e+20 9.315299600254548378e+19 8.416822866287104819e+19 7.644610747324610970e+19
2.279977657576913633e+20 2.054743161869166510e+20 1.820111881390150451e+20 1.622803060085349417e+20 1.448799149957858427e+20 1.294551444282743685e+20 1.157780071256808653e+20 1.036620847915127931e+20 9.315299600254546739e+19 8.416822866287103181e+19 7.644610747324612608e+19
2.279977657576913961e+20 2.054743161869166182e+20 1.820111881390150779e+20 1.622803060085349089e+20 1.448799149957858591e+20 1.294551444282743685e+20 1.157780071256808817e+20 1.036620847915127931e+20 9.315299600254548378e+19 8.416822866287103181e+19 7.644610747324614246e+19
2.279977657576912978e+20 2.054743161869166182e+20 1.820111881390150779e+20 1.622803060085349089e+20 1.448799149957858591e+20 1.294551444282743849e+20 1.157780071256808489e+20 1.036620847915127931e+20 9.315299600254548378e+19 8.416822866287101542e+19 7.644610747324614246e+19
2.279977657576913306e+20 2.054743161869165855e+20 1.820111881390150779e+20 1.622803060085348762e+20 1.448799149957858427e+20 1.294551444282743849e+20 1.157780071256808489e+20 1.036620847915127931e+20 9.315299600254550016e+19 8.416822866287096627e+19 7.644610747324609331e+19
2.279977657576913633e+20 2.054743161869165527e+20 1.820111881390151107e+20 1.622803060085349089e+20 1.448799149957858591e+20 1.294551444282744177e+20 1.157780071256808325e+20 1.036620847915127931e+20 9.315299600254550016e+19 8.416822866287091712e+19 7.644610747324610970e+19
2.279977657576913961e+20 2.054743161869165199e+20 1.820111881390150451e+20 1.622803060085349089e+20 1.448799149957858591e+20 1.294551444282743849e+20 1.157780071256808325e+20 1.036620847915127931e+20 9.315299600254550016e+19 8.416822866287093350e+19 7.644610747324606054e+19
2.279977657576913961e+20 2.054743161869165527e+20 1.820111881390150451e+20 1.622803060085349089e+20 1.448799149957858755e+20 1.294551444282743849e+20 1.157780071256808325e+20 1.036620847915127931e+20 9.315299600254550016e+19 8.416822866287096627e+19 7.644610747324607693e+19
2.279977657576914289e+20 2.054743161869165855e+20 1.820111881390151107e+20 1.622803060085349089e+20 1.448799149957858755e+20 1.294551444282744013e+20 1.157780071256808817e+20 1.036620847915127931e+20 9.315299600254550016e+19 8.416822866287096627e+19 7.644610747324610970e+19
2.279977657576914616e+20 2.054743161869165527e+20 1.820111881390150779e+20 1.622803060085349417e+20 1.448799149957858427e+20 1.294551444282744177e+20 1.157780071256808817e+20 1.036620847915127931e+20 9.315299600254551654e+19 8.416822866287096627e+19 7.644610747324614246e+19
2.279977657576914944e+20 2.054743161869165527e+20 1.820111881390151107e+20 1.622803060085349089e+20 1.448799149957858427e+20 1.294551444282744504e+20 1.157780071256808817e+20 1.036620847915127931e+20 9.315299600254550016e+19 8.416822866287099904e+19 7.644610747324615885e+19
2.279977657576914944e+20 2.054743161869165527e+20 1.820111881390151107e+20 1.622803060085349089e+20 1.448799149957858427e+20 1.294551444282744504e+20 1.157780071256808817e+20 1.036620847915127931e+20 9.315299600254551654e+19 8.416822866287101542e+19 7.644610747324610970e+19
2.279977657576914944e+20 2.054743161869166182e+20 1.820111881390150779e+20 1.622803060085349417e+20 1.448799149957858591e+20 1.294551444282744504e+20 1.157780071256808817e+20 1.036620847915127931e+20 9.315299600254550016e+19 8.416822866287098266e+19 7.644610747324609331e+19
2.279977657576914616e+20 2.054743161869166838e+20 1.820111881390151434e+20 1.622803060085349417e+20 1.448799149957858591e+20 1.294551444282744504e+20 1.157780071256808817e+20 1.036620847915127931e+20 9.315299600254550016e+19 8.416822866287098266e+19 7.644610747324610970e+19
2.279977657576914289e+20 2.054743161869166510e+20 1.820111881390151107e+20 1.622803060085349745e+20 1.448799149957858918e+20 1.294551444282744504e+20 1.157780071256808817e+20 1.036620847915127931e+20 9.315299600254551654e+19 8.416822866287094989e+19 7.644610747324615885e+19
2.279977657576914289e+20 2.054743161869166182e+20 1.820111881390151434e+20 1.622803060085349417e+20 1.448799149957858755e+20 1.294551444282744504e+20 1.157780071256809144e+20 1.036620847915127931e+20 9.315299600254553293e+19 8.416822866287091712e+19 7.644610747324614246e+19
2.279977657576914289e+20 2.054743161869166510e+20 1.820111881390151434e+20 1.622803060085349745e+20 1.448799149957858755e+20 1.294551444282744668e+20 1.157780071256809636e+20 1.036620847915127931e+20 9.315299600254554931e+19 8.416822866287091712e+19 7.644610747324619162e+19
2.279977657576913961e+20 2.054743161869166838e+20 1.820111881390151107e+20 1.622803060085349745e+20 1.448799149957858918e+20 1.294551444282744668e+20 1.157780071256809472e+20 1.036620847915127931e+20 9.315299600254554931e+19 8.416822866287090074e+19 7.644610747324617523e+19
2.279977657576913306e+20 2.054743161869166838e+20 1.820111881390151434e+20 1.622803060085350072e+20 1.448799149957858918e+20 1.294551444282744832e+20 1.157780071256809472e+20 1.036620847915127931e+20 9.315299600254556570e+19 8.416822866287088435e+19 7.644610747324617523e+19
2.279977657576913633e+20 2.054743161869166510e+20 1.820111881390150779e+20 1.622803060085349745e+20 1.448799149957858755e+20 1.294551444282744832e+20 1.157780071256809800e+20 1.036620847915127931e+20 9.315299600254556570e+19 8.416822866287088435e+19 7.644610747324620800e+19
2.279977657576913633e+20 2.054743161869166182e+20 1.820111881390151107e+20 1.622803060085350072e+20 1.448799149957858755e+20 1.294551444282744832e+20 1.157780071256809308e+20 1.036620847915127931e+20 9.315299600254556570e+19 8.416822866287086797e+19 7.644610747324624077e+19
2.279977657576913306e+20 2.054743161869166182e+20 1.820111881390150779e+20 1.622803060085349745e+20 1.448799149957858918e+20 1.294551444282744832e+20 1.157780071256809144e+20 1.036620847915127931e+20 9.315299600254556570e+19 8.416822866287086797e+19 7.644610747324625715e+19
2.279977657576912650e+20 2.054743161869166182e+20 1.820111881390151107e+20 1.622803060085350072e+20 1.448799149957858918e+20 1.294551444282744996e+20 1.157780071256809308e+20 1.036620847915127931e+20 9.315299600254558208e+19 8.416822866287086797e+19 7.644610747324628992e+19
2.279977657576912323e+20 2.054743161869166510e+20 1.820111881390150779e+20 1.622803060085350072e+20 1.448799149957859246e+20 1.294551444282744832e+20 1.157780071256809308e+20 1.036620847915127931e+20 9.315299600254556570e+19 8.416822866287090074e+19 7.644610747324630630e+19
2.279977657576912323e+20 2.054743161869165855e+20 1.820111881390151107e+20 1.622803060085349745e+20 1.448799149957859082e+20 1.294551444282744996e+20 1.157780071256809144e+20 1.036620847915127931e+20 9.315299600254556570e+19 8.416822866287086797e+19 7.644610747324628992e+19
2.279977657576912323e+20 2.054743161869165527e+20 1.820111881390151107e+20 1.622803060085350072e+20 1.448799149957859082e+20 1.294551444282745160e+20 1.157780071256808653e+20 1.036620847915127931e+20 9.315299600254556570e+19 8.416822866287088435e+19 7.644610747324625715e+19
2.279977657576911995e+20 2.054743161869165527e+20 1.820111881390151107e+20 1.622803060085349745e+20 1.448799149957859082e+20 1.294551444282745324e+20 1.157780071256808489e+20 1.036620847915127931e+20 9.315299600254558208e+19 8.416822866287093350e+19 7.644610747324627354e+19
2.279977657576911340e+20 2.054743161869165527e+20 1.820111881390151434e+20 1.622803060085349745e+20 1.448799149957858918e+20 1.294551444282745324e+20 1.157780071256808489e+20 1.036620847915127931e+20 9.315299600254556570e+19 8.416822866287093350e+19 7.644610747324627354e+19
2.279977657576911340e+20 2.054743161869165855e+20 1.820111881390151434e+20 1.622803060085349745e+20 1.448799149957858755e+20 1.294551444282744832e+20 1.157780071256808489e+20 1.036620847915127931e+20 9.315299600254558208e+19 8.416822866287091712e+19 7.644610747324630630e+19
2.279977657576911340e+20 2.054743161869166182e+20 1.820111881390151107e+20 1.622803060085350072e+20 1.448799149957858591e+20 1.294551444282745487e+20 1.157780071256808489e+20 1.036620847915127931e+20 9.315299600254558208e+19 8.416822866287091712e+19 7.644610747324628992e+19
2.279977657576911012e+20 2.054743161869165855e+20 1.820111881390151107e+20 1.622803060085349745e+20 1.448799149957858591e+20 1.294551444282745324e+20 1.157780071256808489e+20 1.036620847915127931e+20 9.315299600254559846e+19 8.416822866287090074e+19 7.644610747324627354e+19
2.279977657576911012e+20 2.054743161869165527e+20 1.820111881390151107e+20 1.622803060085349745e+20 1.448799149957858918e+20 1.294551444282745324e+20 1.157780071256808980e+20 1.036620847915127931e+20 9.315299600254559846e+19 8.416822866287093350e+19 7.644610747324628992e+19
2.279977657576911340e+20 2.054743161869165199e+20 1.820111881390151107e+20 1.622803060085350072e+20 1.448799149957858918e+20 1.294551444282744504e+20 1.157780071256808817e+20 1.036620847915127931e+20 9.315299600254559846e+19 8.416822866287096627e+19 7.644610747324627354e+19
2.279977657576911995e+20 2.054743161869165527e+20 1.820111881390151107e+20 1.622803060085349745e+20 1.448799149957859082e+20 1.294551444282744996e+20 1.157780071256808980e+20 1.036620847915127931e+20 9.315299600254559846e+19 8.416822866287094989e+19 7.644610747324625715e+19
2.279977657576911995e+20 2.054743161869165527e+20 1.820111881390151107e+20 1.622803060085350072e+20 1.448799149957859246e+20 1.294551444282745651e+20 1.157780071256809308e+20 1.036620847915127931e+20 9.315299600254559846e+19 8.416822866287094989e+19 7.644610747324624077e+19
2.279977657576912323e+20 2.054743161869166182e+20 1.820111881390150779e+20 1.622803060085350072e+20 1.448799149957859082e+20 1.294551444282744996e+20 1.157780071256809144e+20 1.036620847915127931e+20 9.315299600254563123e+19 8.416822866287096627e+19 7.644610747324624077e+19
2.279977657576912323e+20 2.054743161869166510e+20 1.820111881390150779e+20 1.622803060085350400e+20 1.448799149957858918e+20 1.294551444282744177e+20 1.157780071256808980e+20 1.036620847915127931e+20 9.315299600254563123e+19 8.416822866287099904e+19 7.644610747324620800e+19
2.279977657576912323e+20 2.054743161869165855e+20 1.820111881390150779e+20 1.622803060085350072e+20 1.448799149957858918e+20 1.294551444282743849e+20 1.157780071256808980e+20 1.036620847915127931e+20 9.315299600254561485e+19 8.416822866287101542e+19 7.644610747324625715e+19
2.279977657576912323e+20 2.054743161869165527e+20 1.820111881390151107e+20 1.622803060085350072e+20 1.448799149957858755e+20 1.294551444282743685e+20 1.157780071256809144e+20 1.036620847915127931e+20 9.315299600254561485e+19 8.416822866287101542e+19 7.644610747324622438e+19
2.279977657576911995e+20 2.054743161869165527e+20 1.820111881390150451e+20 1.622803060085350400e+20 1.448799149957858591e+20 1.294551444282744013e+20 1.157780071256809144e+20 1.036620847915127931e+20 9.315299600254559846e+19 8.416822866287101542e+19 7.644610747324622438e+19
2.279977657576912323e+20 2.054743161869165527e+20 1.820111881390151107e+20 1.622803060085350728e+20 1.448799149957859082e+20 1.294551444282744504e+20 1.157780071256809144e+20 1.036620847915127931e+20 9.315299600254559846e+19 8.416822866287098266e+19 7.644610747324625715e+19
2.279977657576912323e+20 2.054743161869165855e+20 1.820111881390150451e+20 1.622803060085350072e+20 1.448799149957858918e+20 1.294551444282745160e+20 1.157780071256809144e+20 1.036620847915127931e+20 9.315299600254559846e+19 8.416822866287094989e+19 7.644610747324625715e+19
2.279977657576913306e+20 2.054743161869166182e+20 1.820111881390150779e+20 1.622803060085349745e+20 1.448799149957859082e+20 1.294551444282746143e+20 1.157780071256809144e+20 1.036620847915127931e+20 9.315299600254559846e+19 8.416822866287094989e+19 7.644610747324624077e+19
2.279977657576912650e+20 2.054743161869166510e+20 1.820111881390150451e+20 1.622803060085349745e+20 1.448799149957859082e+20 1.294551444282746143e+20 1.157780071256809144e+20 1.036620847915127931e+20 9.315299600254559846e+19 8.416822866287098266e+19 7.644610747324620800e+19
2.279977657576912650e+20 2.054743161869166510e+20 1.820111881390150451e+20 1.622803060085350400e+20 1.448799149957858918e+20 1.294551444282745160e+20 1.157780071256809308e+20 1.036620847915127931e+20 9.315299600254561485e+19 8.416822866287101542e+19 7.644610747324617523e+19
2.279977657576912650e+20 2.054743161869166510e+20 1.820111881390150451e+20 1.622803060085350072e+20 1.448799149957858755e+20 1.294551444282744832e+20 1.157780071256809472e+20 1.036620847915127931e+20 9.315299600254559846e+19 8.416822866287098266e+19 7.644610747324614246e+19
2.279977657576912978e+20 2.054743161869165527e+20 1.820111881390150124e+20 1.622803060085350072e+20 1.448799149957858755e+20 1.294551444282745815e+20 1.157780071256809308e+20 1.036620847915127931e+20 9.315299600254561485e+19 8.416822866287098266e+19 7.644610747324614246e+19
2.279977657576912650e+20 2.054743161869165855e+20 1.820111881390150451e+20 1.622803060085350072e+20 1.448799149957858591e+20 1.294551444282745160e+20 1.157780071256809144e+20 1.036620847915127931e+20 9.315299600254558208e+19 8.416822866287099904e+19 7.644610747324612608e+19
2.279977657576911995e+20 2.054743161869165855e+20 1.820111881390150124e+20 1.622803060085350072e+20 1.448799149957858263e+20 1.294551444282745160e+20 1.157780071256808817e+20 1.036620847915127931e+20 9.315299600254556570e+19 8.416822866287098266e+19 7.644610747324615885e+19
2.279977657576911340e+20 2.054743161869166182e+20 1.820111881390150451e+20 1.622803060085350072e+20 1.448799149957858591e+20 1.294551444282745160e+20 1.157780071256808980e+20 1.036620847915127931e+20 9.315299600254556570e+19 8.416822866287099904e+19 7.644610747324617523e+19
2.279977657576911012e+20 2.054743161869166838e+20 1.820111881390150451e+20 1.622803060085349745e+20 1.448799149957858591e+20 1.294551444282744996e+20 1.157780071256809308e+20 1.036620847915127931e+20 9.315299600254556570e+19 8.416822866287096627e+19 7.644610747324612608e+19
2.279977657576911012e+20 2.054743161869167165e+20 1.820111881390150779e+20 1.622803060085350072e+20 1.448799149957858591e+20 1.294551444282744996e+20 1.157780071256809308e+20 1.036620847915127931e+20 9.315299600254556570e+19 8.416822866287099904e+19 7.644610747324612608e+19
2.279977657576911995e+20 2.054743161869166838e+20 1.820111881390150451e+20 1.622803060085350072e+20 1.448799149957858755e+20 1.294551444282745160e+20 1.157780071256809308e+20 1.036620847915127931e+20 9.315299600254556570e+19 8.416822866287106458e+19 7.644610747324607693e+19
2.279977657576911667e+20 2.054743161869166510e+20 1.820111881390150779e+20 1.622803060085349745e+20 1.448799149957858591e+20 1.294551444282745324e+20 1.157780071256809308e+20 1.036620847915127931e+20 9.315299600254558208e+19 8.416822866287104819e+19 7.644610747324604416e+19
2.279977657576911667e+20 2.054743161869166510e+20 1.820111881390150779e+20 1.622803060085350072e+20 1.448799149957858591e+20 1.294551444282745651e+20 1.157780071256809636e+20 1.036620847915127931e+20 9.315299600254556570e+19 8.416822866287106458e+19 7.644610747324604416e+19
2.279977657576912323e+20 2.054743161869166838e+20 1.820111881390151107e+20 1.622803060085349745e+20 1.448799149957858591e+20 1.294551444282745487e+20 1.157780071256809472e+20 1.036620847915127931e+20 9.315299600254556570e+19 8.416822866287104819e+19 7.644610747324607693e+19
2.279977657576912323e+20 2.054743161869167165e+20 1.820111881390150779e+20 1.622803060085349745e+20 1.448799149957858591e+20 1.294551444282745651e+20 1.157780071256809800e+20 1.036620847915127931e+20 9.315299600254556570e+19 8.416822866287108096e+19 7.644610747324607693e+19
2.279977657576912323e+20 2.054743161869167165e+20 1.820111881390150779e+20 1.622803060085349417e+20 1.448799149957858918e+20 1.294551444282745651e+20 1.157780071256809472e+20 1.036620847915127931e+20 9.315299600254556570e+19 8.416822866287113011e+19 7.644610747324609331e+19
2.279977657576912650e+20 2.054743161869166838e+20 1.820111881390150779e+20 1.622803060085349745e+20 1.448799149957858918e+20 1.294551444282745487e+20 1.157780071256809636e+20 1.036620847915127931e+20 9.315299600254559846e+19 8.416822866287109734e+19 7.644610747324604416e+19
2.279977657576912323e+20 2.054743161869166510e+20 1.820111881390150451e+20 1.622803060085349417e+20 1.448799149957859082e+20 1.294551444282745160e+20 1.157780071256809800e+20 1.036620847915127931e+20 9.315299600254561485e+19 8.416822866287111373e+19 7.644610747324606054e+19
2.279977657576912323e+20 2.054743161869166182e+20 1.820111881390150779e+20 1.622803060085348762e+20 1.448799149957859246e+20 1.294551444282744996e+20 1.157780071256809800e+20 1.036620847915127931e+20 9.315299600254559846e+19 8.416822866287111373e+19 7.644610747324604416e+19
2.279977657576911667e+20 2.054743161869166838e+20 1.820111881390150451e+20 1.622803060085348762e+20 1.448799149957859410e+20 1.294551444282744668e+20 1.157780071256809636e+20 1.036620847915127931e+20 9.315299600254559846e+19 8.416822866287111373e+19 7.644610747324607693e+19
2.279977657576911667e+20 2.054743161869167493e+20 1.820111881390150451e+20 1.622803060085349089e+20 1.448799149957859082e+20 1.294551444282744668e+20 1.157780071256809800e+20 1.036620847915127931e+20 9.315299600254559846e+19 8.416822866287108096e+19 7.644610747324607693e+19
2.279977657576911340e+20 2.054743161869166838e+20 1.820111881390151107e+20 1.622803060085348762e+20 1.448799149957859410e+20 1.294551444282744668e+20 1.157780071256809308e+20 1.036620847915127931e+20 9.315299600254559846e+19 8.416822866287113011e+19 7.644610747324602778e+19
2.279977657576912323e+20 2.054743161869167165e+20 1.820111881390150779e+20 1.622803060085348434e+20 1.448799149957858263e+20 1.294551444282744504e+20 1.157780071256808980e+20 1.036620847915127931e+20 9.315299600254559846e+19 8.416822866287114650e+19 7.644610747324602778e+19
2.279977657576912323e+20 2.054743161869167493e+20 1.820111881390150451e+20 1.622803060085348434e+20 1.448799149957857280e+20 1.294551444282744668e+20 1.157780071256808980e+20 1.036620847915127931e+20 9.315299600254556570e+19 8.416822866287116288e+19 7.644610747324601139e+19
2.279977657576911995e+20 2.054743161869167821e+20 1.820111881390150451e+20 1.622803060085348106e+20 1.448799149957857444e+20 1.294551444282744668e+20 1.157780071256808980e+20 1.036620847915127931e+20 9.315299600254559846e+19 8.416822866287119565e+19 7.644610747324597862e+19
2.279977657576911340e+20 2.054743161869167165e+20 1.820111881390150451e+20 1.622803060085348434e+20 1.448799149957857116e+20 1.294551444282744832e+20 1.157780071256808653e+20 1.036620847915127931e+20 9.315299600254561485e+19 8.416822866287122842e+19 7.644610747324594586e+19
2.279977657576911012e+20 2.054743161869166838e+20 1.820111881390150779e+20 1.622803060085348106e+20 1.448799149957856952e+20 1.294551444282744668e+20 1.157780071256808980e+20 1.036620847915127931e+20 9.315299600254561485e+19 8.416822866287122842e+19 7.644610747324597862e+19
2.279977657576910684e+20 2.054743161869167165e+20 1.820111881390150779e+20 1.622803060085347451e+20 1.448799149957856952e+20 1.294551444282744832e+20 1.157780071256809144e+20 1.036620847915127931e+20 9.315299600254559846e+19 8.416822866287126118e+19 7.644610747324596224e+19
2.279977657576911667e+20 2.054743161869166838e+20 1.820111881390150779e+20 1.622803060085347451e+20 1.448799149957856788e+20 1.294551444282744504e+20 1.157780071256809144e+20 1.036620847915127931e+20 9.315299600254561485e+19 8.416822866287121203e+19 7.644610747324602778e+19
2.279977657576911667e+20 2.054743161869167165e+20 1.820111881390150779e+20 1.622803060085347779e+20 1.448799149957856788e+20 1.294551444282744996e+20 1.157780071256809144e+20 1.036620847915127931e+20 9.315299600254561485e+19 8.416822866287119565e+19 7.644610747324601139e+19
2.279977657576911012e+20 2.054743161869167493e+20 1.820111881390150779e+20 1.622803060085347451e+20 1.448799149957856788e+20 1.294551444282744996e+20 1.157780071256809308e+20 1.036620847915127931e+20 9.315299600254556570e+19 8.416822866287119565e+19 7.644610747324604416e+19
2.279977657576910684e+20 2.054743161869166838e+20 1.820111881390151107e+20 1.622803060085347451e+20 1.448799149957856788e+20 1.294551444282744996e+20 1.157780071256809144e+20 1.036620847915127931e+20 9.315299600254559846e+19 8.416822866287119565e+19 7.644610747324602778e+19
2.279977657576911012e+20 2.054743161869167165e+20 1.820111881390151434e+20 1.622803060085347451e+20 1.448799149957856788e+20 1.294551444282745160e+20 1.157780071256808817e+20 1.036620847915127931e+20 9.315299600254559846e+19 8.416822866287119565e+19 7.644610747324599501e+19
2.279977657576911012e+20 2.054743161869167165e+20 1.820111881390151434e+20 1.622803060085347451e+20 1.448799149957856788e+20 1.294551444282745324e+20 1.157780071256808817e+20 1.036620847915127931e+20 9.315299600254559846e+19 8.416822866287119565e+19 7.644610747324601139e+19
2.279977657576911340e+20 2.054743161869167165e+20 1.820111881390151107e+20 1.622803060085347779e+20 1.448799149957856625e+20 1.294551444282744996e+20 1.157780071256808489e+20 1.036620847915127931e+20 9.315299600254559846e+19 8.416822866287121203e+19 7.644610747324601139e+19
2.279977657576911667e+20 2.054743161869167165e+20 1.820111881390150779e+20 1.622803060085347451e+20 1.448799149957856788e+20 1.294551444282744996e+20 1.157780071256808489e+20 1.036620847915127931e+20 9.315299600254559846e+19 8.416822866287119565e+19 7.644610747324601139e+19
2.279977657576911995e+20 2.054743161869167165e+20 1.820111881390150779e+20 1.622803060085347779e+20 1.448799149957856788e+20 1.294551444282744668e+20 1.157780071256808489e+20 1.036620847915127931e+20 9.315299600254558208e+19 8.416822866287116288e+19 7.644610747324599501e+19
2.279977657576911340e+20 2.054743161869166838e+20 1.820111881390151107e+20 1.622803060085348106e+20 1.448799149957856625e+20 1.294551444282744832e+20 1.157780071256808325e+20 1.036620847915127931e+20 9.315299600254559846e+19 8.416822866287114650e+19 7.644610747324597862e+19
2.279977657576912323e+20 2.054743161869166838e+20 1.820111881390150779e+20 1.622803060085348762e+20 1.448799149957856625e+20 1.294551444282744832e+20 1.157780071256808325e+20 1.036620847915127931e+20 9.315299600254559846e+19 8.416822866287113011e+19 7.644610747324601139e+19
2.279977657576912323e+20 2.054743161869166838e+20 1.820111881390150779e+20 1.622803060085348434e+20 1.448799149957856625e+20 1.294551444282744832e+20 1.157780071256808325e+20 1.036620847915127931e+20 9.315299600254561485e+19 8.416822866287113011e+19 7.644610747324601139e+19
2.279977657576911995e+20 2.054743161869167165e+20 1.820111881390151107e+20 1.622803060085348434e+20 1.448799149957856788e+20 1.294551444282744832e+20 1.157780071256808325e+20 1.036620847915127931e+20 9.315299600254561485e+19 8.416822866287109734e+19 7.644610747324602778e+19
2.279977657576911995e+20 2.054743161869166838e+20 1.820111881390150779e+20 1.622803060085348762e+20 1.448799149957856788e+20 1.294551444282744832e+20 1.157780071256808489e+20 1.036620847915127931e+20 9.315299600254564762e+19 8.416822866287109734e+19 7.644610747324599501e+19
2.279977657576911667e+20 2.054743161869167165e+20 1.820111881390151107e+20 1.622803060085348434e+20 1.448799149957857116e+20 1.294551444282744996e+20 1.157780071256807997e+20 1.036620847915127931e+20 9.315299600254563123e+19 8.416822866287111373e+19 7.644610747324604416e+19
2.279977657576911667e+20 2.054743161869167165e+20 1.820111881390151107e+20 1.622803060085348434e+20 1.448799149957857444e+20 1.294551444282744996e+20 1.157780071256807670e+20 1.036620847915127931e+20 9.315299600254559846e+19 8.416822866287111373e+19 7.644610747324604416e+19
2.279977657576911667e+20 2.054743161869166838e+20 1.820111881390151107e+20 1.622803060085348434e+20 1.448799149957857608e+20 1.294551444282744996e+20 1.157780071256807670e+20 1.036620847915127931e+20 9.315299600254558208e+19 8.416822866287108096e+19 7.644610747324606054e+19
2.279977657576912323e+20 2.054743161869167165e+20 1.820111881390151107e+20 1.622803060085348434e+20 1.448799149957857608e+20 1.294551444282744996e+20 1.157780071256807997e+20 1.036620847915127931e+20 9.315299600254556570e+19 8.416822866287108096e+19 7.644610747324607693e+19
2.279977657576912978e+20 2.054743161869166510e+20 1.820111881390151434e+20 1.622803060085348762e+20 1.448799149957857608e+20 1.294551444282744832e+20 1.157780071256807997e+20 1.036620847915127931e+20 9.315299600254558208e+19 8.416822866287108096e+19 7.644610747324614246e+19
2.279977657576912650e+20 2.054743161869166838e+20 1.820111881390151434e+20 1.622803060085348434e+20 1.448799149957857772e+20 1.294551444282744832e+20 1.157780071256807997e+20 1.036620847915127931e+20 9.315299600254556570e+19 8.416822866287108096e+19 7.644610747324615885e+19
2.279977657576912323e+20 2.054743161869166838e+20 1.820111881390151107e+20 1.622803060085348434e+20 1.448799149957857608e+20 1.294551444282744668e+20 1.157780071256807670e+20 1.036620847915127931e+20 9.315299600254559846e+19 8.416822866287104819e+19 7.644610747324619162e+19
2.279977657576912323e+20 2.054743161869166182e+20 1.820111881390151107e+20 1.622803060085348434e+20 1.448799149957857772e+20 1.294551444282744832e+20 1.157780071256807670e+20 1.036620847915127931e+20 9.315299600254563123e+19 8.416822866287108096e+19 7.644610747324622438e+19
2.279977657576911995e+20 2.054743161869166510e+20 1.820111881390151107e+20 1.622803060085348762e+20 1.448799149957857772e+20 1.294551444282744832e+20 1.157780071256807997e+20 1.036620847915127931e+20 9.315299600254561485e+19 8.416822866287109734e+19 7.644610747324622438e+19
2.279977657576911667e+20 2.054743161869166838e+20 1.820111881390151107e+20 1.622803060085348762e+20 1.448799149957857772e+20 1.294551444282744832e+20 1.157780071256808325e+20 1.036620847915127931e+20 9.315299600254559846e+19 8.416822866287111373e+19 7.644610747324624077e+19
2.279977657576911667e+20 2.054743161869166838e+20 1.820111881390150779e+20 1.622803060085348434e+20 1.448799149957857772e+20 1.294551444282744832e+20 1.157780071256808489e+20 1.036620847915127931e+20 9.315299600254561485e+19 8.416822866287116288e+19 7.644610747324620800e+19
2.279977657576911340e+20 2.054743161869166510e+20 1.820111881390151107e+20 1.622803060085348106e+20 1.448799149957857444e+20 1.294551444282744832e+20 1.157780071256808325e+20 1.036620847915127931e+20 9.315299600254559846e+19 8.416822866287114650e+19 7.644610747324620800e+19
2.279977657576912323e+20 2.054743161869166510e+20 1.820111881390150779e+20 1.622803060085348106e+20 1.448799149957857116e+20 1.294551444282744668e+20 1.157780071256808325e+20 1.036620847915127931e+20 9.315299600254559846e+19 8.416822866287116288e+19 7.644610747324624077e+19
2.279977657576912323e+20 2.054743161869166838e+20 1.820111881390150779e+20 1.622803060085348434e+20 1.448799149957857116e+20 1.294551444282744832e+20 1.157780071256807997e+20 1.036620847915127931e+20 9.315299600254559846e+19 8.416822866287117926e+19 7.644610747324625715e+19
2.279977657576912323e+20 2.054743161869166838e+20 1.820111881390151107e+20 1.622803060085348434e+20 1.448799149957857116e+20 1.294551444282744832e+20 1.157780071256808161e+20 1.036620847915127931e+20 9.315299600254558208e+19 8.416822866287116288e+19 7.644610747324625715e+19
2.279977657576912323e+20 2.054743161869166838e+20 1.820111881390151107e+20 1.622803060085348434e+20 1.448799149957857444e+20 1.294551444282744832e+20 1.157780071256808325e+20 1.036620847915127931e+20 9.315299600254556570e+19 8.416822866287114650e+19 7.644610747324622438e+19
2.279977657576911995e+20 2.054743161869167165e+20 1.820111881390150779e+20 1.622803060085348434e+20 1.448799149957857444e+20 1.294551444282744668e+20 1.157780071256808325e+20 1.036620847915127931e+20 9.315299600254553293e+19 8.416822866287113011e+19 7.644610747324620800e+19
2.279977657576911995e+20 2.054743161869167165e+20 1.820111881390150779e+20 1.622803060085348106e+20 1.448799149957857116e+20 1.294551444282744832e+20 1.157780071256808161e+20 1.036620847915127931e+20 9.315299600254551654e+19 8.416822866287113011e+19 7.644610747324624077e+19
2.279977657576911995e+20 2.054743161869166510e+20 1.820111881390150451e+20 1.622803060085348106e+20 1.448799149957857280e+20 1.294551444282744832e+20 1.157780071256808161e+20 1.036620847915127931e+20 9.315299600254551654e+19 8.416822866287113011e+19 7.644610747324619162e+19
2.279977657576912323e+20 2.054743161869166510e+20 1.820111881390150451e+20 1.622803060085348106e+20 1.448799149957857444e+20 1.294551444282744832e+20 1.157780071256808161e+20 1.036620847915127931e+20 9.315299600254550016e+19 8.416822866287113011e+19 7.644610747324617523e+19
2.279977657576911667e+20 2.054743161869166838e+20 1.820111881390150451e+20 1.622803060085348106e+20 1.448799149957857608e+20 1.294551444282744832e+20 1.157780071256807997e+20 1.036620847915127931e+20 9.315299600254550016e+19 8.416822866287117926e+19 7.644610747324617523e+19
2.279977657576912650e+20 2.054743161869166838e+20 1.820111881390150451e+20 1.622803060085348434e+20 1.448799149957857935e+20 1.294551444282744504e+20 1.157780071256808161e+20 1.036620847915127931e+20 9.315299600254550016e+19 8.416822866287114650e+19 7.644610747324614246e+19
2.279977657576912978e+20 2.054743161869166182e+20 1.820111881390150779e+20 1.622803060085348106e+20 1.448799149957857935e+20 1.294551444282744504e+20 1.157780071256808325e+20 1.036620847915127931e+20 9.315299600254550016e+19 8.416822866287113011e+19 7.644610747324610970e+19
2.279977657576911995e+20 2.054743161869166838e+20 1.820111881390150451e+20 1.622803060085347779e+20 1.448799149957857772e+20 1.294551444282744504e+20 1.157780071256808817e+20 1.036620847915127931e+20 9.315299600254550016e+19 8.416822866287117926e+19 7.644610747324607693e+19
2.279977657576912323e+20 2.054743161869166838e+20 1.820111881390150779e+20 1.622803060085347779e+20 1.448799149957857772e+20 1.294551444282744504e+20 1.157780071256808653e+20 1.036620847915127931e+20 9.315299600254550016e+19 8.416822866287117926e+19 7.644610747324609331e+19
2.279977657576911667e+20 2.054743161869166510e+20 1.820111881390150124e+20 1.622803060085347451e+20 1.448799149957857608e+20 1.294551444282744340e+20 1.157780071256808817e+20 1.036620847915127931e+20 9.315299600254550016e+19 8.416822866287121203e+19 7.644610747324612608e+19
2.279977657576911012e+20 2.054743161869167165e+20 1.820111881390150451e+20 1.622803060085347451e+20 1.448799149957857444e+20 1.294551444282744340e+20 1.157780071256808653e+20 1.036620847915127931e+20 9.315299600254551654e+19 8.416822866287121203e+19 7.644610747324610970e+19
2.279977657576910684e+20 2.054743161869166510e+20 1.820111881390150451e+20 1.622803060085347779e+20 1.448799149957857280e+20 1.294551444282744504e+20 1.157780071256808980e+20 1.036620847915127931e+20 9.315299600254551654e+19 8.416822866287117926e+19 7.644610747324610970e+19
2.279977657576911012e+20 2.054743161869166838e+20 1.820111881390150124e+20 1.622803060085347451e+20 1.448799149957857444e+20 1.294551444282744504e+20 1.157780071256809144e+20 1.036620847915127931e+20 9.315299600254550016e+19 8.416822866287119565e+19 7.644610747324612608e+19
2.279977657576910356e+20 2.054743161869166510e+20 1.820111881390150124e+20 1.622803060085347779e+20 1.448799149957857280e+20 1.294551444282744668e+20 1.157780071256809308e+20 1.036620847915127931e+20 9.315299600254550016e+19 8.416822866287122842e+19 7.644610747324615885e+19
2.279977657576911012e+20 2.054743161869166182e+20 1.820111881390150124e+20 1.622803060085347451e+20 1.448799149957857444e+20 1.294551444282744668e+20 1.157780071256809144e+20 1.036620847915127931e+20 9.315299600254550016e+19 8.416822866287122842e+19 7.644610747324617523e+19
2.279977657576911667e+20 2.054743161869166838e+20 1.820111881390149796e+20 1.622803060085347779e+20 1.448799149957857772e+20 1.294551444282744832e+20 1.157780071256809144e+20 1.036620847915127931e+20 9.315299600254550016e+19 8.416822866287121203e+19 7.644610747324617523e+19
2.279977657576911995e+20 2.054743161869166182e+20 1.820111881390150124e+20 1.622803060085347779e+20 1.448799149957856788e+20 1.294551444282744668e+20 1.157780071256809144e+20 1.036620847915127931e+20 9.315299600254550016e+19 8.416822866287121203e+19 7.644610747324619162e+19
2.279977657576911340e+20 2.054743161869166182e+20 1.820111881390149796e+20 1.622803060085347779e+20 1.448799149957855642e+20 1.294551444282744832e+20 1.157780071256809144e+20 1.036620847915127931e+20 9.315299600254551654e+19 8.416822866287126118e+19 7.644610747324617523e+19
2.279977657576911667e+20 2.054743161869165855e+20 1.820111881390150451e+20 1.622803060085347779e+20 1.448799149957855969e+20 1.294551444282745160e+20 1.157780071256808980e+20 1.036620847915127931e+20 9.315299600254553293e+19 8.416822866287126118e+19 7.644610747324614246e+19
2.279977657576910684e+20 2.054743161869166182e+20 1.820111881390150451e+20 1.622803060085347779e+20 1.448799149957855969e+20 1.294551444282745160e+20 1.157780071256808653e+20 1.036620847915127931e+20 9.315299600254553293e+19 8.416822866287127757e+19 7.644610747324614246e+19
2.279977657576910684e+20 2.054743161869165527e+20 1.820111881390150451e+20 1.622803060085348106e+20 1.448799149957855969e+20 1.294551444282745487e+20 1.157780071256808980e+20 1.036620847915127931e+20 9.315299600254553293e+19 8.416822866287124480e+19 7.644610747324610970e+19
2.279977657576910684e+20 2.054743161869165855e+20 1.820111881390150451e+20 1.622803060085348762e+20 1.448799149957855642e+20 1.294551444282745651e+20 1.157780071256808653e+20 1.036620847915127931e+20 9.315299600254553293e+19 8.416822866287126118e+19 7.644610747324610970e+19
2.279977657576911012e+20 2.054743161869166510e+20 1.820111881390150779e+20 1.622803060085348762e+20 1.448799149957855805e+20 1.294551444282745979e+20 1.157780071256808817e+20 1.036620847915127931e+20 9.315299600254551654e+19 8.416822866287124480e+19 7.644610747324614246e+19
2.279977657576910684e+20 2.054743161869166182e+20 1.820111881390150779e+20 1.622803060085348762e+20 1.448799149957855805e+20 1.294551444282745815e+20 1.157780071256808980e+20 1.036620847915127931e+20 9.315299600254551654e+19 8.416822866287119565e+19 7.644610747324615885e+19
2.279977657576910684e+20 2.054743161869167165e+20 1.820111881390150779e+20 1.622803060085349089e+20 1.448799149957855969e+20 1.294551444282745651e+20 1.157780071256809308e+20 1.036620847915127931e+20 9.315299600254551654e+19 8.416822866287119565e+19 7.644610747324614246e+19
2.279977657576910356e+20 2.054743161869166838e+20 1.820111881390150779e+20 1.622803060085348762e+20 1.448799149957855642e+20 1.294551444282745487e+20 1.157780071256809964e+20 1.036620847915127931e+20 9.315299600254553293e+19 8.416822866287117926e+19 7.644610747324615885e+19
2.279977657576910356e+20 2.054743161869167165e+20 1.820111881390150779e+20 1.622803060085349089e+20 1.448799149957855642e+20 1.294551444282745487e+20 1.157780071256809964e+20 1.036620847915127931e+20 9.315299600254553293e+19 8.416822866287117926e+19 7.644610747324615885e+19
2.279977657576911012e+20 2.054743161869166838e+20 1.820111881390150779e+20 1.622803060085348762e+20 1.448799149957855478e+20 1.294551444282745487e+20 1.157780071256810291e+20 1.036620847915127931e+20 9.315299600254553293e+19 8.416822866287121203e+19 7.644610747324614246e+19
2.279977657576910684e+20 2.054743161869166510e+20 1.820111881390150451e+20 1.622803060085348762e+20 1.448799149957855642e+20 1.294551444282745324e+20 1.157780071256810619e+20 1.036620847915127931e+20 9.315299600254551654e+19 8.416822866287124480e+19 7.644610747324612608e+19
2.279977657576911012e+20 2.054743161869167165e+20 1.820111881390150779e+20 1.622803060085348762e+20 1.448799149957855478e+20 1.294551444282745324e+20 1.157780071256810455e+20 1.036620847915127931e+20 9.315299600254551654e+19 8.416822866287127757e+19 7.644610747324612608e+19
2.279977657576911340e+20 2.054743161869167165e+20 1.820111881390150779e+20 1.622803060085348762e+20 1.448799149957855478e+20 1.294551444282745324e+20 1.157780071256810619e+20 1.036620847915127931e+20 9.315299600254553293e+19 8.416822866287127757e+19 7.644610747324615885e+19
2.279977657576911012e+20 2.054743161869167165e+20 1.820111881390150779e+20 1.622803060085348762e+20 1.448799149957855478e+20 1.294551444282745651e+20 1.157780071256810619e+20 1.036620847915127931e+20 9.315299600254556570e+19 8.416822866287129395e+19 7.644610747324612608e+19
2.279977657576910684e+20 2.054743161869167493e+20 1.820111881390151434e+20 1.622803060085348762e+20 1.448799149957855805e+20 1.294551444282745651e+20 1.157780071256810619e+20 1.036620847915127931e+20 9.315299600254556570e+19 8.416822866287131034e+19 7.644610747324609331e+19
2.279977657576911340e+20 2.054743161869167165e+20 1.820111881390151434e+20 1.622803060085348434e+20 1.448799149957855642e+20 1.294551444282745487e+20 1.157780071256810783e+20 1.036620847915127931e+20 9.315299600254554931e+19 8.416822866287126118e+19 7.644610747324612608e+19
2.279977657576911340e+20 2.054743161869166838e+20 1.820111881390151107e+20 1.622803060085348434e+20 1.448799149957855478e+20 1.294551444282745651e+20 1.157780071256810619e+20 1.036620847915127931e+20 9.315299600254554931e+19 8.416822866287127757e+19 7.644610747324607693e+19
2.279977657576911667e+20 2.054743161869167165e+20 1.820111881390151107e+20 1.622803060085348434e+20 1.448799149957855478e+20 1.294551444282745487e+20 1.157780071256810455e+20 1.036620847915127931e+20 9.315299600254553293e+19 8.416822866287126118e+19 7.644610747324609331e+19
2.279977657576912323e+20 2.054743161869166510e+20 1.820111881390151434e+20 1.622803060085348106e+20 1.448799149957855478e+20 1.294551444282745160e+20 1.157780071256810291e+20 1.036620847915127931e+20 9.315299600254553293e+19 8.416822866287127757e+19 7.644610747324607693e+19
2.279977657576912650e+20 2.054743161869166510e+20 1.820111881390151434e+20 1.622803060085348434e+20 1.448799149957855314e+20 1.294551444282745324e+20 1.157780071256810455e+20 1.036620847915127931e+20 9.315299600254553293e+19 8.416822866287129395e+19 7.644610747324607693e+19
2.279977657576911667e+20 2.054743161869166838e+20 1.820111881390151107e+20 1.622803060085348762e+20 1.448799149957855642e+20 1.294551444282745324e+20 1.157780071256810291e+20 1.036620847915127931e+20 9.315299600254554931e+19 8.416822866287129395e+19 7.644610747324606054e+19
2.279977657576911995e+20 2.054743161869166510e+20 1.820111881390151107e+20 1.622803060085349089e+20 1.448799149957855478e+20 1.294551444282745160e+20 1.157780071256809964e+20 1.036620847915127931e+20 9.315299600254556570e+19 8.416822866287127757e+19 7.644610747324601139e+19
2.279977657576911995e+20 2.054743161869166510e+20 1.820111881390151107e+20 1.622803060085349417e+20 1.448799149957855478e+20 1.294551444282745160e+20 1.157780071256809636e+20 1.036620847915127931e+20 9.315299600254556570e+19 8.416822866287129395e+19 7.644610747324601139e+19
2.279977657576912650e+20 2.054743161869166510e+20 1.820111881390151107e+20 1.622803060085349745e+20 1.448799149957855314e+20 1.294551444282745324e+20 1.157780071256809636e+20 1.036620847915127931e+20 9.315299600254556570e+19 8.416822866287127757e+19 7.644610747324604416e+19
2.279977657576912323e+20 2.054743161869167821e+20 1.820111881390150779e+20 1.622803060085349745e+20 1.448799149957855150e+20 1.294551444282745324e+20 1.157780071256809144e+20 1.036620847915127931e+20 9.315299600254559846e+19 8.416822866287129395e+19 7.644610747324601139e+19
2.279977657576912323e+20 2.054743161869167821e+20 1.820111881390151434e+20 1.622803060085349745e+20 1.448799149957854986e+20 1.294551444282745651e+20 1.157780071256809308e+20 1.036620847915127931e+20 9.315299600254559846e+19 8.416822866287131034e+19 7.644610747324602778e+19
2.279977657576912323e+20 2.054743161869167493e+20 1.820111881390151762e+20 1.622803060085349745e+20 1.448799149957855150e+20 1.294551444282745651e+20 1.157780071256809308e+20 1.036620847915127931e+20 9.315299600254558208e+19 8.416822866287126118e+19 7.644610747324599501e+19
2.279977657576912323e+20 2.054743161869167821e+20 1.820111881390151434e+20 1.622803060085349745e+20 1.448799149957854986e+20 1.294551444282745815e+20 1.157780071256809636e+20 1.036620847915127931e+20 9.315299600254558208e+19 8.416822866287126118e+19 7.644610747324599501e+19
2.279977657576912650e+20 2.054743161869168148e+20 1.820111881390151762e+20 1.622803060085349417e+20 1.448799149957855150e+20 1.294551444282745979e+20 1.157780071256809636e+20 1.036620847915127931e+20 9.315299600254558208e+19 8.416822866287122842e+19 7.644610747324597862e+19
2.279977657576913306e+20 2.054743161869167821e+20 1.820111881390152090e+20 1.622803060085349745e+20 1.448799149957854822e+20 1.294551444282745815e+20 1.157780071256809800e+20 1.036620847915127931e+20 9.315299600254558208e+19 8.416822866287122842e+19 7.644610747324599501e+19
2.279977657576913306e+20 2.054743161869167821e+20 1.820111881390151762e+20 1.622803060085349417e+20 1.448799149957854822e+20 1.294551444282746143e+20 1.157780071256809800e+20 1.036620847915127931e+20 9.315299600254559846e+19 8.416822866287122842e+19 7.644610747324597862e+19
2.279977657576912978e+20 2.054743161869168148e+20 1.820111881390152090e+20 1.622803060085350072e+20 1.448799149957854986e+20 1.294551444282746143e+20 1.157780071256809800e+20 1.036620847915127931e+20 9.315299600254559846e+19 8.416822866287122842e+19 7.644610747324597862e+19
2.279977657576912323e+20 2.054743161869168804e+20 1.820111881390152090e+20 1.622803060085349417e+20 1.448799149957854822e+20 1.294551444282746143e+20 1.157780071256809964e+20 1.036620847915127931e+20 9.315299600254559846e+19 8.416822866287122842e+19 7.644610747324594586e+19
2.279977657576912650e+20 2.054743161869168476e+20 1.820111881390151762e+20 1.622803060085349745e+20 1.448799149957854659e+20 1.294551444282746307e+20 1.157780071256809964e+20 1.036620847915127931e+20 9.315299600254558208e+19 8.416822866287122842e+19 7.644610747324592947e+19
2.279977657576912323e+20 2.054743161869168476e+20 1.820111881390152090e+20 1.622803060085349745e+20 1.448799149957854822e+20 1.294551444282746470e+20 1.157780071256809800e+20 1.036620847915127931e+20 9.315299600254558208e+19 8.416822866287122842e+19 7.644610747324592947e+19
2.279977657576912650e+20 2.054743161869168148e+20 1.820111881390152090e+20 1.622803060085349417e+20 1.448799149957854822e+20 1.294551444282746470e+20 1.157780071256809964e+20 1.036620847915127931e+20 9.315299600254558208e+19 8.416822866287122842e+19 7.644610747324594586e+19
2.279977657576912650e+20 2.054743161869169132e+20 1.820111881390152090e+20 1.622803060085349745e+20 1.448799149957854822e+20 1.294551444282746143e+20 1.157780071256809964e+20 1.036620847915127931e+20 9.315299600254559846e+19 8.416822866287122842e+19 7.644610747324597862e+19
2.279977657576912323e+20 2.054743161869168804e+20 1.820111881390152417e+20 1.622803060085349745e+20 1.448799149957854986e+20 1.294551444282746307e+20 1.157780071256809472e+20 1.036620847915127931e+20 9.315299600254561485e+19 8.416822866287121203e+19 7.644610747324596224e+19
2.279977657576912650e+20 2.054743161869168476e+20 1.820111881390152417e+20 1.622803060085349745e+20 1.448799149957854822e+20 1.294551444282746143e+20 1.157780071256809636e+20 1.036620847915127931e+20 9.315299600254563123e+19 8.416822866287119565e+19 7.644610747324597862e+19
2.279977657576912323e+20 2.054743161869168804e+20 1.820111881390152417e+20 1.622803060085350072e+20 1.448799149957854822e+20 1.294551444282745815e+20 1.157780071256809800e+20 1.036620847915127931e+20 9.315299600254563123e+19 8.416822866287121203e+19 7.644610747324597862e+19
2.279977657576912650e+20 2.054743161869169132e+20 1.820111881390153073e+20 1.622803060085350072e+20 1.448799149957854822e+20 1.294551444282745815e+20 1.157780071256809636e+20 1.036620847915127931e+20 9.315299600254566400e+19 8.416822866287121203e+19 7.644610747324599501e+19
2.279977657576912978e+20 2.054743161869168804e+20 1.820111881390152745e+20 1.622803060085350400e+20 1.448799149957854659e+20 1.294551444282746143e+20 1.157780071256809964e+20 1.036620847915127931e+20 9.315299600254566400e+19 8.416822866287119565e+19 7.644610747324601139e+19
2.279977657576913306e+20 2.054743161869168804e+20 1.820111881390152417e+20 1.622803060085349745e+20 1.448799149957854822e+20 1.294551444282745815e+20 1.157780071256809636e+20 1.036620847915127931e+20 9.315299600254568038e+19 8.416822866287121203e+19 7.644610747324601139e+19
2.279977657576913306e+20 2.054743161869168476e+20 1.820111881390153073e+20 1.622803060085349745e+20 1.448799149957854659e+20 1.294551444282745979e+20 1.157780071256809964e+20 1.036620847915127931e+20 9.315299600254569677e+19 8.416822866287122842e+19 7.644610747324602778e+19
2.279977657576912650e+20 2.054743161869168804e+20 1.820111881390152417e+20 1.622803060085350072e+20 1.448799149957854659e+20 1.294551444282745979e+20 1.157780071256810127e+20 1.036620847915127931e+20 9.315299600254571315e+19 8.416822866287122842e+19 7.644610747324601139e+19
2.279977657576913306e+20 2.054743161869168148e+20 1.820111881390152745e+20 1.622803060085349745e+20 1.448799149957854659e+20 1.294551444282746143e+20 1.157780071256809964e+20 1.036620847915127931e+20 9.315299600254569677e+19 8.416822866287124480e+19 7.644610747324602778e+19
2.279977657576913306e+20 2.054743161869167821e+20 1.820111881390152745e+20 1.622803060085349745e+20 1.448799149957854986e+20 1.294551444282746307e+20 1.157780071256810619e+20 1.036620847915127931e+20 9.315299600254571315e+19 8.416822866287126118e+19 7.644610747324601139e+19
2.279977657576913633e+20 2.054743161869167821e+20 1.820111881390152745e+20 1.622803060085349745e+20 1.448799149957854822e+20 1.294551444282746470e+20 1.157780071256810291e+20 1.036620847915127931e+20 9.315299600254572954e+19 8.416822866287126118e+19 7.644610747324601139e+19
2.279977657576914289e+20 2.054743161869168148e+20 1.820111881390153073e+20 1.622803060085349745e+20 1.448799149957854822e+20 1.294551444282746307e+20 1.157780071256810455e+20 1.036620847915127931e+20 9.315299600254576230e+19 8.416822866287126118e+19 7.644610747324602778e+19
2.279977657576914944e+20 2.054743161869168476e+20 1.820111881390152745e+20 1.622803060085349417e+20 1.448799149957854986e+20 1.294551444282746307e+20 1.157780071256810455e+20 1.036620847915127931e+20 9.315299600254576230e+19 8.416822866287126118e+19 7.644610747324602778e+19
2.279977657576915272e+20 2.054743161869168148e+20 1.820111881390153073e+20 1.622803060085349745e+20 1.448799149957854986e+20 1.294551444282746143e+20 1.157780071256810619e+20 1.036620847915127931e+20 9.315299600254577869e+19 8.416822866287124480e+19 7.644610747324602778e+19
2.279977657576915272e+20 2.054743161869168476e+20 1.820111881390153400e+20 1.622803060085349745e+20 1.448799149957854986e+20 1.294551444282746307e+20 1.157780071256810783e+20 1.036620847915127931e+20 9.315299600254576230e+19 8.416822866287124480e+19 7.644610747324602778e+19
2.279977657576915599e+20 2.054743161869168804e+20 1.820111881390153073e+20 1.622803060085349417e+20 1.448799149957855150e+20 1.294551444282746143e+20 1.157780071256810619e+20 1.036620847915127931e+20 9.315299600254572954e+19 8.416822866287127757e+19 7.644610747324606054e+19
2.279977657576915599e+20 2.054743161869168476e+20 1.820111881390153400e+20 1.622803060085349417e+20 1.448799149957855150e+20 1.294551444282745979e+20 1.157780071256810455e+20 1.036620847915127931e+20 9.315299600254572954e+19 8.416822866287129395e+19 7.644610747324606054e+19
2.279977657576915272e+20 2.054743161869168804e+20 1.820111881390153400e+20 1.622803060085349417e+20 1.448799149957855150e+20 1.294551444282745979e+20 1.157780071256810291e+20 1.036620847915127931e+20 9.315299600254572954e+19 8.416822866287127757e+19 7.644610747324607693e+19
2.279977657576915599e+20 2.054743161869168476e+20 1.820111881390153073e+20 1.622803060085349745e+20 1.448799149957854986e+20 1.294551444282745979e+20 1.157780071256810127e+20 1.036620847915127931e+20 9.315299600254572954e+19 8.416822866287129395e+19 7.644610747324607693e+19
2.279977657576915599e+20 2.054743161869168804e+20 1.820111881390153728e+20 1.622803060085349417e+20 1.448799149957854659e+20 1.294551444282745651e+20 1.157780071256809964e+20 1.036620847915127931e+20 9.315299600254572954e+19 8.416822866287129395e+19 7.644610747324610970e+19
2.279977657576915599e+20 2.054743161869169459e+20 1.820111881390153073e+20 1.622803060085349745e+20 1.448799149957854986e+20 1.294551444282745815e+20 1.157780071256809964e+20 1.036620847915127931e+20 9.315299600254574592e+19 8.416822866287127757e+19 7.644610747324615885e+19
2.279977657576915599e+20 2.054743161869169459e+20 1.820111881390153073e+20 1.622803060085349745e+20 1.448799149957854986e+20 1.294551444282745815e+20 1.157780071256810127e+20 1.036620847915127931e+20 9.315299600254571315e+19 8.416822866287126118e+19 7.644610747324614246e+19
2.279977657576915599e+20 2.054743161869168804e+20 1.820111881390153073e+20 1.622803060085349745e+20 1.448799149957854986e+20 1.294551444282745979e+20 1.157780071256810127e+20 1.036620847915127931e+20 9.315299600254568038e+19 8.416822866287127757e+19 7.644610747324610970e+19
2.279977657576915599e+20 2.054743161869168476e+20 1.820111881390152745e+20 1.622803060085349417e+20 1.448799149957854986e+20 1.294551444282745815e+20 1.157780071256810291e+20 1.036620847915127931e+20 9.315299600254569677e+19 8.416822866287127757e+19 7.644610747324614246e+19
2.279977657576915927e+20 2.054743161869168804e+20 1.820111881390153400e+20 1.622803060085350072e+20 1.448799149957854822e+20 1.294551444282745815e+20 1.157780071256810619e+20 1.036620847915127931e+20 9.315299600254569677e+19 8.416822866287129395e+19 7.644610747324617523e+19
2.279977657576915927e+20 2.054743161869169132e+20 1.820111881390152745e+20 1.622803060085349745e+20 1.448799149957854822e+20 1.294551444282745979e+20 1.157780071256810783e+20 1.036620847915127931e+20 9.315299600254571315e+19 8.416822866287131034e+19 7.644610747324615885e+19
2.279977657576915927e+20 2.054743161869168148e+20 1.820111881390153400e+20 1.622803060085349745e+20 1.448799149957854659e+20 1.294551444282745979e+20 1.157780071256810783e+20 1.036620847915127931e+20 9.315299600254569677e+19 8.416822866287129395e+19 7.644610747324617523e+19
2.279977657576915272e+20 2.054743161869168148e+20 1.820111881390153728e+20 1.622803060085349745e+20 1.448799149957854822e+20 1.294551444282745815e+20 1.157780071256810947e+20 1.036620847915127931e+20 9.315299600254569677e+19 8.416822866287129395e+19 7.644610747324617523e+19
2.279977657576915599e+20 2.054743161869168148e+20 1.820111881390153400e+20 1.622803060085349745e+20 1.448799149957854986e+20 1.294551444282745815e+20 1.157780071256811110e+20 1.036620847915127931e+20 9.315299600254569677e+19 8.416822866287129395e+19 7.644610747324612608e+19
2.279977657576915599e+20 2.054743161869168476e+20 1.820111881390153728e+20 1.622803060085349417e+20 1.448799149957854986e+20 1.294551444282745651e+20 1.157780071256811110e+20 1.036620847915127931e+20 9.315299600254569677e+19 8.416822866287129395e+19 7.644610747324612608e+19
2.279977657576915272e+20 2.054743161869168804e+20 1.820111881390153073e+20 1.622803060085349417e+20 1.448799149957854822e+20 1.294551444282745651e+20 1.157780071256811274e+20 1.036620847915127931e+20 9.315299600254569677e+19 8.416822866287131034e+19 7.644610747324612608e+19
2.279977657576914616e+20 2.054743161869168148e+20 1.820111881390153073e+20 1.622803060085349089e+20 1.448799149957854986e+20 1.294551444282745324e+20 1.157780071256811110e+20 1.036620847915127931e+20 9.315299600254569677e+19 8.416822866287132672e+19 7.644610747324610970e+19
2.279977657576914944e+20 2.054743161869168148e+20 1.820111881390153400e+20 1.622803060085349417e+20 1.448799149957854986e+20 1.294551444282745487e+20 1.157780071256810947e+20 1.036620847915127931e+20 9.315299600254569677e+19 8.416822866287131034e+19 7.644610747324614246e+19
2.279977657576915272e+20 2.054743161869168476e+20 1.820111881390153073e+20 1.622803060085349417e+20 1.448799149957854986e+20 1.294551444282745324e+20 1.157780071256810783e+20 1.036620847915127931e+20 9.315299600254571315e+19 8.416822866287132672e+19 7.644610747324609331e+19
2.279977657576915272e+20 2.054743161869169132e+20 1.820111881390153400e+20 1.622803060085349417e+20 1.448799149957854986e+20 1.294551444282745324e+20 1.157780071256810619e+20 1.036620847915127931e+20 9.315299600254569677e+19 8.416822866287132672e+19 7.644610747324610970e+19
2.279977657576915599e+20 2.054743161869169132e+20 1.820111881390152417e+20 1.622803060085349745e+20 1.448799149957855150e+20 1.294551444282744996e+20 1.157780071256810619e+20 1.036620847915127931e+20 9.315299600254571315e+19 8.416822866287132672e+19 7.644610747324610970e+19
2.279977657576915599e+20 2.054743161869168804e+20 1.820111881390152745e+20 1.622803060085349745e+20 1.448799149957855150e+20 1.294551444282745160e+20 1.157780071256810619e+20 1.036620847915127931e+20 9.315299600254571315e+19 8.416822866287132672e+19 7.644610747324609331e+19
2.279977657576915272e+20 2.054743161869169132e+20 1.820111881390152745e+20 1.622803060085349745e+20 1.448799149957855150e+20 1.294551444282744832e+20 1.157780071256810291e+20 1.036620847915127931e+20 9.315299600254572954e+19 8.416822866287131034e+19 7.644610747324609331e+19
2.279977657576914944e+20 2.054743161869169459e+20 1.820111881390152745e+20 1.622803060085349745e+20 1.448799149957854986e+20 1.294551444282744668e+20 1.157780071256810619e+20 1.036620847915127931e+20 9.315299600254571315e+19 8.416822866287129395e+19 7.644610747324607693e+19
2.279977657576915272e+20 2.054743161869169787e+20 1.820111881390153073e+20 1.622803060085349745e+20 1.448799149957854822e+20 1.294551444282744668e+20 1.157780071256810127e+20 1.036620847915127931e+20 9.315299600254571315e+19 8.416822866287129395e+19 7.644610747324606054e+19
2.279977657576915599e+20 2.054743161869169132e+20 1.820111881390152745e+20 1.622803060085349745e+20 1.448799149957854986e+20 1.294551444282744504e+20 1.157780071256810127e+20 1.036620847915127931e+20 9.315299600254571315e+19 8.416822866287129395e+19 7.644610747324609331e+19
2.279977657576915599e+20 2.054743161869168804e+20 1.820111881390153073e+20 1.622803060085349417e+20 1.448799149957854659e+20 1.294551444282744340e+20 1.157780071256810619e+20 1.036620847915127931e+20 9.315299600254571315e+19 8.416822866287129395e+19 7.644610747324609331e+19
2.279977657576915599e+20 2.054743161869168476e+20 1.820111881390152745e+20 1.622803060085349745e+20 1.448799149957854822e+20 1.294551444282744340e+20 1.157780071256810619e+20 1.036620847915127931e+20 9.315299600254572954e+19 8.416822866287131034e+19 7.644610747324606054e+19
2.279977657576915272e+20 2.054743161869168804e+20 1.820111881390153073e+20 1.622803060085349417e+20 1.448799149957854986e+20 1.294551444282744504e+20 1.157780071256810619e+20 1.036620847915127931e+20 9.315299600254572954e+19 8.416822866287129395e+19 7.644610747324607693e+19
2.279977657576914944e+20 2.054743161869169459e+20 1.820111881390152745e+20 1.622803060085349745e+20 1.448799149957855150e+20 1.294551444282744668e+20 1.157780071256810619e+20 1.036620847915127931e+20 9.315299600254572954e+19 8.416822866287129395e+19 7.644610747324607693e+19
2.279977657576914616e+20 2.054743161869168804e+20 1.820111881390153073e+20 1.622803060085349417e+20 1.448799149957854986e+20 1.294551444282744668e+20 1.157780071256810619e+20 1.036620847915127931e+20 9.315299600254571315e+19 8.416822866287129395e+19 7.644610747324606054e+19
2.279977657576914944e+20 2.054743161869168476e+20 1.820111881390153073e+20 1.622803060085349417e+20 1.448799149957854986e+20 1.294551444282744504e+20 1.157780071256810619e+20 1.036620847915127931e+20 9.315299600254572954e+19 8.416822866287129395e+19 7.644610747324606054e+19
2.279977657576914944e+20 2.054743161869168804e+20 1.820111881390152745e+20 1.622803060085349745e+20 1.448799149957854659e+20 1.294551444282744504e+20 1.157780071256810947e+20 1.036620847915127931e+20 9.315299600254572954e+19 8.416822866287127757e+19 7.644610747324599501e+19
2.279977657576915272e+20 2.054743161869169132e+20 1.820111881390152745e+20 1.622803060085349417e+20 1.448799149957854659e+20 1.294551444282744504e+20 1.157780071256811110e+20 1.036620847915127931e+20 9.315299600254571315e+19 8.416822866287129395e+19 7.644610747324602778e+19
2.279977657576914944e+20 2.054743161869169459e+20 1.820111881390152417e+20 1.622803060085349417e+20 1.448799149957854822e+20 1.294551444282744668e+20 1.157780071256811274e+20 1.036620847915127931e+20 9.315299600254569677e+19 8.416822866287127757e+19 7.644610747324606054e+19
2.279977657576914944e+20 2.054743161869169132e+20 1.820111881390152417e+20 1.622803060085349417e+20 1.448799149957854659e+20 1.294551444282744340e+20 1.157780071256810947e+20 1.036620847915127931e+20 9.315299600254569677e+19 8.416822866287129395e+19 7.644610747324606054e+19
2.279977657576914616e+20 2.054743161869168804e+20 1.820111881390152417e+20 1.622803060085349745e+20 1.448799149957854659e+20 1.294551444282744340e+20 1.157780071256810947e+20 1.036620847915127931e+20 9.315299600254568038e+19 8.416822866287126118e+19 7.644610747324606054e+19
2.279977657576914944e+20 2.054743161869168804e+20 1.820111881390152745e+20 1.622803060085349745e+20 1.448799149957854659e+20 1.294551444282744340e+20 1.157780071256810947e+20 1.036620847915127931e+20 9.315299600254571315e+19 8.416822866287126118e+19 7.644610747324601139e+19
2.279977657576914944e+20 2.054743161869169459e+20 1.820111881390152745e+20 1.622803060085349745e+20 1.448799149957854659e+20 1.294551444282744177e+20 1.157780071256811110e+20 1.036620847915127931e+20 9.315299600254572954e+19 8.416822866287126118e+19 7.644610747324601139e+19
2.279977657576914944e+20 2.054743161869169459e+20 1.820111881390152417e+20 1.622803060085349089e+20 1.448799149957854659e+20 1.294551444282744013e+20 1.157780071256810947e+20 1.036620847915127931e+20 9.315299600254572954e+19 8.416822866287127757e+19 7.644610747324599501e+19
2.279977657576915599e+20 2.054743161869168476e+20 1.820111881390152745e+20 1.622803060085349417e+20 1.448799149957854659e+20 1.294551444282744013e+20 1.157780071256810619e+20 1.036620847915127931e+20 9.315299600254572954e+19 8.416822866287127757e+19 7.644610747324601139e+19
2.279977657576915599e+20 2.054743161869168148e+20 1.820111881390152417e+20 1.622803060085349089e+20 1.448799149957854822e+20 1.294551444282743849e+20 1.157780071256810619e+20 1.036620847915127931e+20 9.315299600254576230e+19 8.416822866287127757e+19 7.644610747324597862e+19
2.279977657576914944e+20 2.054743161869168476e+20 1.820111881390153073e+20 1.622803060085348762e+20 1.448799149957854986e+20 1.294551444282743849e+20 1.157780071256810455e+20 1.036620847915127931e+20 9.315299600254576230e+19 8.416822866287127757e+19 7.644610747324596224e+19
2.279977657576915272e+20 2.054743161869168148e+20 1.820111881390152417e+20 1.622803060085348762e+20 1.448799149957854986e+20 1.294551444282744013e+20 1.157780071256810619e+20 1.036620847915127931e+20 9.315299600254576230e+19 8.416822866287127757e+19 7.644610747324597862e+19
2.279977657576915599e+20 2.054743161869168148e+20 1.820111881390152745e+20 1.622803060085348762e+20 1.448799149957854822e+20 1.294551444282744013e+20 1.157780071256810783e+20 1.036620847915127931e+20 9.315299600254576230e+19 8.416822866287126118e+19 7.644610747324592947e+19
2.279977657576915927e+20 2.054743161869167493e+20 1.820111881390152417e+20 1.622803060085349089e+20 1.448799149957854822e+20 1.294551444282744504e+20 1.157780071256810619e+20 1.036620847915127931e+20 9.315299600254576230e+19 8.416822866287127757e+19 7.644610747324591309e+19
2.279977657576916582e+20 2.054743161869167493e+20 1.820111881390152745e+20 1.622803060085348762e+20 1.448799149957854822e+20 1.294551444282744668e+20 1.157780071256810619e+20 1.036620847915127931e+20 9.315299600254579507e+19 8.416822866287127757e+19 7.644610747324591309e+19
2.279977657576916582e+20 2.054743161869167821e+20 1.820111881390152745e+20 1.622803060085348762e+20 1.448799149957854822e+20 1.294551444282744504e+20 1.157780071256810947e+20 1.036620847915127931e+20 9.315299600254579507e+19 8.416822866287129395e+19 7.644610747324588032e+19
2.279977657576915927e+20 2.054743161869168476e+20 1.820111881390153073e+20 1.622803060085348762e+20 1.448799149957854822e+20 1.294551444282744177e+20 1.157780071256810947e+20 1.036620847915127931e+20 9.315299600254579507e+19 8.416822866287127757e+19 7.644610747324588032e+19
2.279977657576915927e+20 2.054743161869168148e+20 1.820111881390153073e+20 1.622803060085348762e+20 1.448799149957854822e+20 1.294551444282744340e+20 1.157780071256810947e+20 1.036620847915127931e+20 9.315299600254577869e+19 8.416822866287126118e+19 7.644610747324588032e+19
2.279977657576916255e+20 2.054743161869167165e+20 1.820111881390153073e+20 1.622803060085349089e+20 1.448799149957854822e+20 1.294551444282744504e+20 1.157780071256810947e+20 1.036620847915127931e+20 9.315299600254576230e+19 8.416822866287129395e+19 7.644610747324591309e+19
2.279977657576916582e+20 2.054743161869167165e+20 1.820111881390153400e+20 1.622803060085348762e+20 1.448799149957854659e+20 1.294551444282744177e+20 1.157780071256810947e+20 1.036620847915127931e+20 9.315299600254579507e+19 8.416822866287129395e+19 7.644610747324594586e+19
2.279977657576916255e+20 2.054743161869167165e+20 1.820111881390152745e+20 1.622803060085348762e+20 1.448799149957854986e+20 1.294551444282744013e+20 1.157780071256810947e+20 1.036620847915127931e+20 9.315299600254579507e+19 8.416822866287131034e+19 7.644610747324594586e+19
2.279977657576915927e+20 2.054743161869167821e+20 1.820111881390153728e+20 1.622803060085348762e+20 1.448799149957854986e+20 1.294551444282744177e+20 1.157780071256810947e+20 1.036620847915127931e+20 9.315299600254577869e+19 8.416822866287129395e+19 7.644610747324594586e+19
2.279977657576916255e+20 2.054743161869168148e+20 1.820111881390153073e+20 1.622803060085348762e+20 1.448799149957854986e+20 1.294551444282744013e+20 1.157780071256810947e+20 1.036620847915127931e+20 9.315299600254579507e+19 8.416822866287129395e+19 7.644610747324594586e+19
2.279977657576916255e+20 2.054743161869167821e+20 1.820111881390153400e+20 1.622803060085348762e+20 1.448799149957854986e+20 1.294551444282744668e+20 1.157780071256810783e+20 1.036620847915127931e+20 9.315299600254579507e+19 8.416822866287126118e+19 7.644610747324596224e+19
2.279977657576916255e+20 2.054743161869167493e+20 1.820111881390153073e+20 1.622803060085348762e+20 1.448799149957855150e+20 1.294551444282744013e+20 1.157780071256810947e+20 1.036620847915127931e+20 9.315299600254579507e+19 8.416822866287126118e+19 7.644610747324597862e+19
2.279977657576916582e+20 2.054743161869167821e+20 1.820111881390153400e+20 1.622803060085348762e+20 1.448799149957854986e+20 1.294551444282744340e+20 1.157780071256810947e+20 1.036620847915127931e+20 9.315299600254579507e+19 8.416822866287126118e+19 7.644610747324597862e+19
2.279977657576915927e+20 2.054743161869167821e+20 1.820111881390153073e+20 1.622803060085349089e+20 1.448799149957854986e+20 1.294551444282744177e+20 1.157780071256810947e+20 1.036620847915127931e+20 9.315299600254582784e+19 8.416822866287126118e+19 7.644610747324594586e+19
2.279977657576915927e+20 2.054743161869168148e+20 1.820111881390153073e+20 1.622803060085348762e+20 1.448799149957854822e+20 1.294551444282744504e+20 1.157780071256810619e+20 1.036620847915127931e+20 9.315299600254582784e+19 8.416822866287127757e+19 7.644610747324591309e+19
2.279977657576915927e+20 2.054743161869167821e+20 1.820111881390153073e+20 1.622803060085348762e+20 1.448799149957854822e+20 1.294551444282744177e+20 1.157780071256810619e+20 1.036620847915127931e+20 9.315299600254582784e+19 8.416822866287129395e+19 7.644610747324594586e+19
2.279977657576916255e+20 2.054743161869167165e+20 1.820111881390153728e+20 1.622803060085348762e+20 1.448799149957854822e+20 1.294551444282744832e+20 1.157780071256810619e+20 1.036620847915127931e+20 9.315299600254582784e+19 8.416822866287129395e+19 7.644610747324597862e+19
2.279977657576915599e+20 2.054743161869167165e+20 1.820111881390153400e+20 1.622803060085348762e+20 1.448799149957854659e+20 1.294551444282744177e+20 1.157780071256810619e+20 1.036620847915127931e+20 9.315299600254584422e+19 8.416822866287127757e+19 7.644610747324601139e+19
2.279977657576915272e+20 2.054743161869167165e+20 1.820111881390153073e+20 1.622803060085349089e+20 1.448799149957854822e+20 1.294551444282744996e+20 1.157780071256810619e+20 1.036620847915127931e+20 9.315299600254581146e+19 8.416822866287127757e+19 7.644610747324599501e+19
2.279977657576915272e+20 2.054743161869167493e+20 1.820111881390153073e+20 1.622803060085348762e+20 1.448799149957854822e+20 1.294551444282744340e+20 1.157780071256810783e+20 1.036620847915127931e+20 9.315299600254582784e+19 8.416822866287126118e+19 7.644610747324599501e+19
2.279977657576915927e+20 2.054743161869167821e+20 1.820111881390153400e+20 1.622803060085348434e+20 1.448799149957854986e+20 1.294551444282744177e+20 1.157780071256810947e+20 1.036620847915127931e+20 9.315299600254586061e+19 8.416822866287127757e+19 7.644610747324601139e+19
2.279977657576915927e+20 2.054743161869167165e+20 1.820111881390153400e+20 1.622803060085348434e+20 1.448799149957854986e+20 1.294551444282744832e+20 1.157780071256810783e+20 1.036620847915127931e+20 9.315299600254586061e+19 8.416822866287131034e+19 7.644610747324596224e+19
2.279977657576915599e+20 2.054743161869167165e+20 1.820111881390153073e+20 1.622803060085348434e+20 1.448799149957854822e+20 1.294551444282744177e+20 1.157780071256810783e+20 1.036620847915127931e+20 9.315299600254586061e+19 8.416822866287129395e+19 7.644610747324601139e+19
2.279977657576915272e+20 2.054743161869167493e+20 1.820111881390153073e+20 1.622803060085348106e+20 1.448799149957855150e+20 1.294551444282743685e+20 1.157780071256810619e+20 1.036620847915127931e+20 9.315299600254586061e+19 8.416822866287131034e+19 7.644610747324601139e+19
2.279977657576914616e+20 2.054743161869167493e+20 1.820111881390153400e+20 1.622803060085348434e+20 1.448799149957855314e+20 1.294551444282744340e+20 1.157780071256811110e+20 1.036620847915127931e+20 9.315299600254584422e+19 8.416822866287129395e+19 7.644610747324606054e+19
2.279977657576913961e+20 2.054743161869168148e+20 1.820111881390153728e+20 1.622803060085348434e+20 1.448799149957855314e+20 1.294551444282745324e+20 1.157780071256810947e+20 1.036620847915127931e+20 9.315299600254586061e+19 8.416822866287129395e+19 7.644610747324602778e+19
2.279977657576913306e+20 2.054743161869167821e+20 1.820111881390153400e+20 1.622803060085348106e+20 1.448799149957855150e+20 1.294551444282744177e+20 1.157780071256810947e+20 1.036620847915127931e+20 9.315299600254586061e+19 8.416822866287126118e+19 7.644610747324604416e+19
2.279977657576912650e+20 2.054743161869167821e+20 1.820111881390154056e+20 1.622803060085348106e+20 1.448799149957854986e+20 1.294551444282743685e+20 1.157780071256810619e+20 1.036620847915127931e+20 9.315299600254586061e+19 8.416822866287126118e+19 7.644610747324604416e+19
2.279977657576912650e+20 2.054743161869167821e+20 1.820111881390153728e+20 1.622803060085348106e+20 1.448799149957854986e+20 1.294551444282743685e+20 1.157780071256811110e+20 1.036620847915127931e+20 9.315299600254582784e+19 8.416822866287124480e+19 7.644610747324606054e+19
2.279977657576912978e+20 2.054743161869167821e+20 1.820111881390154383e+20 1.622803060085348106e+20 1.448799149957855314e+20 1.294551444282744340e+20 1.157780071256811110e+20 1.036620847915127931e+20 9.315299600254586061e+19 8.416822866287124480e+19 7.644610747324606054e+19
2.279977657576912323e+20 2.054743161869168148e+20 1.820111881390153728e+20 1.622803060085348106e+20 1.448799149957855150e+20 1.294551444282745324e+20 1.157780071256810947e+20 1.036620847915127931e+20 9.315299600254586061e+19 8.416822866287126118e+19 7.644610747324606054e+19
2.279977657576911995e+20 2.054743161869168476e+20 1.820111881390154056e+20 1.622803060085348434e+20 1.448799149957855314e+20 1.294551444282745651e+20 1.157780071256811110e+20 1.036620847915127931e+20 9.315299600254586061e+19 8.416822866287124480e+19 7.644610747324606054e+19
2.279977657576911667e+20 2.054743161869168148e+20 1.820111881390153728e+20 1.622803060085348434e+20 1.448799149957854986e+20 1.294551444282745324e+20 1.157780071256811274e+20 1.036620847915127931e+20 9.315299600254589338e+19 8.416822866287124480e+19 7.644610747324601139e+19
2.279977657576911012e+20 2.054743161869167821e+20 1.820111881390154383e+20 1.622803060085348434e+20 1.448799149957855150e+20 1.294551444282744013e+20 1.157780071256811274e+20 1.036620847915127931e+20 9.315299600254589338e+19 8.416822866287122842e+19 7.644610747324601139e+19
2.279977657576911012e+20 2.054743161869168148e+20 1.820111881390153728e+20 1.622803060085348434e+20 1.448799149957855314e+20 1.294551444282743030e+20 1.157780071256811110e+20 1.036620847915127931e+20 9.315299600254587699e+19 8.416822866287122842e+19 7.644610747324602778e+19
2.279977657576910684e+20 2.054743161869168476e+20 1.820111881390154383e+20 1.622803060085348434e+20 1.448799149957855314e+20 1.294551444282742047e+20 1.157780071256810783e+20 1.036620847915127931e+20 9.315299600254589338e+19 8.416822866287124480e+19 7.644610747324607693e+19
2.279977657576910356e+20 2.054743161869168804e+20 1.820111881390154056e+20 1.622803060085348434e+20 1.448799149957855314e+20 1.294551444282741064e+20 1.157780071256811110e+20 1.036620847915127931e+20 9.315299600254587699e+19 8.416822866287122842e+19 7.644610747324604416e+19
2.279977657576910684e+20 2.054743161869168804e+20 1.820111881390154383e+20 1.622803060085348762e+20 1.448799149957855314e+20 1.294551444282739917e+20 1.157780071256811110e+20 1.036620847915127931e+20 9.315299600254587699e+19 8.416822866287124480e+19 7.644610747324604416e+19
2.279977657576910356e+20 2.054743161869168804e+20 1.820111881390154056e+20 1.622803060085348762e+20 1.448799149957855478e+20 1.294551444282738770e+20 1.157780071256811274e+20 1.036620847915127931e+20 9.315299600254586061e+19 8.416822866287126118e+19 7.644610747324606054e+19
2.279977657576910356e+20 2.054743161869168476e+20 1.820111881390154711e+20 1.622803060085348106e+20 1.448799149957855478e+20 1.294551444282738934e+20 1.157780071256811110e+20 1.036620847915127931e+20 9.315299600254589338e+19 8.416822866287126118e+19 7.644610747324601139e+19
2.279977657576910684e+20 2.054743161869168804e+20 1.820111881390154056e+20 1.622803060085348434e+20 1.448799149957855478e+20 1.294551444282739425e+20 1.157780071256811274e+20 1.036620847915127931e+20 9.315299600254589338e+19 8.416822866287124480e+19 7.644610747324602778e+19
2.279977657576910684e+20 2.054743161869169132e+20 1.820111881390154383e+20 1.622803060085348434e+20 1.448799149957855478e+20 1.294551444282740244e+20 1.157780071256810783e+20 1.036620847915127931e+20 9.315299600254589338e+19 8.416822866287127757e+19 7.644610747324601139e+19
2.279977657576911340e+20 2.054743161869169132e+20 1.820111881390154056e+20 1.622803060085348434e+20 1.448799149957855478e+20 1.294551444282740900e+20 1.157780071256811110e+20 1.036620847915127931e+20 9.315299600254589338e+19 8.416822866287129395e+19 7.644610747324599501e+19
2.279977657576911340e+20 2.054743161869169132e+20 1.820111881390154383e+20 1.622803060085348434e+20 1.448799149957855314e+20 1.294551444282741064e+20 1.157780071256811274e+20 1.036620847915127931e+20 9.315299600254586061e+19 8.416822866287129395e+19 7.644610747324597862e+19
2.279977657576911667e+20 2.054743161869169132e+20 1.820111881390153728e+20 1.622803060085348434e+20 1.448799149957855478e+20 1.294551444282740736e+20 1.157780071256811274e+20 1.036620847915127931e+20 9.315299600254586061e+19 8.416822866287126118e+19 7.644610747324596224e+19
2.279977657576911667e+20 2.054743161869168804e+20 1.820111881390154383e+20 1.622803060085348434e+20 1.448799149957855642e+20 1.294551444282739425e+20 1.157780071256811274e+20 1.036620847915127931e+20 9.315299600254587699e+19 8.416822866287126118e+19 7.644610747324594586e+19
2.279977657576911340e+20 2.054743161869168804e+20 1.820111881390154383e+20 1.622803060085348434e+20 1.448799149957855642e+20 1.294551444282740244e+20 1.157780071256811438e+20 1.036620847915127931e+20 9.315299600254587699e+19 8.416822866287126118e+19 7.644610747324599501e+19
2.279977657576911012e+20 2.054743161869169459e+20 1.820111881390154711e+20 1.622803060085348106e+20 1.448799149957855642e+20 1.294551444282740900e+20 1.157780071256811602e+20 1.036620847915127931e+20 9.315299600254586061e+19 8.416822866287126118e+19 7.644610747324597862e+19
2.279977657576910684e+20 2.054743161869169787e+20 1.820111881390154056e+20 1.622803060085348434e+20 1.448799149957855642e+20 1.294551444282740736e+20 1.157780071256811274e+20 1.036620847915127931e+20 9.315299600254586061e+19 8.416822866287126118e+19 7.644610747324601139e+19
2.279977657576911012e+20 2.054743161869169459e+20 1.820111881390154711e+20 1.622803060085348434e+20 1.448799149957855805e+20 1.294551444282739917e+20 1.157780071256811110e+20 1.036620847915127931e+20 9.315299600254586061e+19 8.416822866287129395e+19 7.644610747324597862e+19
2.279977657576911012e+20 2.054743161869169132e+20 1.820111881390154383e+20 1.622803060085348434e+20 1.448799149957855805e+20 1.294551444282740900e+20 1.157780071256811438e+20 1.036620847915127931e+20 9.315299600254587699e+19 8.416822866287129395e+19 7.644610747324596224e+19
2.279977657576910356e+20 2.054743161869169459e+20 1.820111881390154711e+20 1.622803060085348106e+20 1.448799149957855969e+20 1.294551444282741064e+20 1.157780071256810947e+20 1.036620847915127931e+20 9.315299600254587699e+19 8.416822866287127757e+19 7.644610747324594586e+19
2.279977657576909701e+20 2.054743161869169787e+20 1.820111881390154056e+20 1.622803060085348434e+20 1.448799149957856133e+20 1.294551444282740081e+20 1.157780071256810947e+20 1.036620847915127931e+20 9.315299600254589338e+19 8.416822866287127757e+19 7.644610747324594586e+19
2.279977657576909701e+20 2.054743161869170115e+20 1.820111881390154383e+20 1.622803060085348434e+20 1.448799149957855969e+20 1.294551444282741064e+20 1.157780071256811110e+20 1.036620847915127931e+20 9.315299600254589338e+19 8.416822866287127757e+19 7.644610747324592947e+19
2.279977657576910029e+20 2.054743161869170115e+20 1.820111881390154056e+20 1.622803060085348106e+20 1.448799149957855969e+20 1.294551444282740736e+20 1.157780071256811110e+20 1.036620847915127931e+20 9.315299600254589338e+19 8.416822866287126118e+19 7.644610747324589670e+19
2.279977657576909701e+20 2.054743161869169787e+20 1.820111881390154056e+20 1.622803060085348434e+20 1.448799149957855969e+20 1.294551444282740736e+20 1.157780071256810947e+20 1.036620847915127931e+20 9.315299600254589338e+19 8.416822866287126118e+19 7.644610747324586394e+19
2.279977657576909701e+20 2.054743161869169787e+20 1.820111881390154056e+20 1.622803060085348106e+20 1.448799149957855969e+20 1.294551444282740900e+20 1.157780071256810783e+20 1.036620847915127931e+20 9.315299600254590976e+19 8.416822866287126118e+19 7.644610747324586394e+19
2.279977657576909701e+20 2.054743161869169787e+20 1.820111881390153728e+20 1.622803060085348434e+20 1.448799149957855805e+20 1.294551444282740081e+20 1.157780071256810947e+20 1.036620847915127931e+20 9.315299600254589338e+19 8.416822866287122842e+19 7.644610747324584755e+19
2.279977657576909046e+20 2.054743161869170442e+20 1.820111881390153728e+20 1.622803060085348434e+20 1.448799149957856133e+20 1.294551444282740572e+20 1.157780071256810783e+20 1.036620847915127931e+20 9.315299600254590976e+19 8.416822866287124480e+19 7.644610747324583117e+19
2.279977657576908390e+20 2.054743161869170442e+20 1.820111881390153400e+20 1.622803060085348106e+20 1.448799149957856461e+20 1.294551444282740408e+20 1.157780071256810291e+20 1.036620847915127931e+20 9.315299600254592614e+19 8.416822866287122842e+19 7.644610747324586394e+19
2.279977657576908063e+20 2.054743161869170442e+20 1.820111881390153728e+20 1.622803060085348106e+20 1.448799149957856297e+20 1.294551444282740736e+20 1.157780071256810619e+20 1.036620847915127931e+20 9.315299600254590976e+19 8.416822866287122842e+19 7.644610747324586394e+19
2.279977657576908718e+20 2.054743161869170442e+20 1.820111881390153400e+20 1.622803060085348762e+20 1.448799149957856297e+20 1.294551444282740408e+20 1.157780071256810455e+20 1.036620847915127931e+20 9.315299600254592614e+19 8.416822866287126118e+19 7.644610747324588032e+19
2.279977657576909701e+20 2.054743161869170115e+20 1.820111881390154056e+20 1.622803060085348762e+20 1.448799149957856297e+20 1.294551444282740244e+20 1.157780071256810291e+20 1.036620847915127931e+20 9.315299600254592614e+19 8.416822866287127757e+19 7.644610747324584755e+19
2.279977657576910029e+20 2.054743161869170442e+20 1.820111881390153400e+20 1.622803060085348434e+20 1.448799149957856461e+20 1.294551444282740408e+20 1.157780071256810619e+20 1.036620847915127931e+20 9.315299600254592614e+19 8.416822866287129395e+19 7.644610747324583117e+19
2.279977657576910684e+20 2.054743161869170770e+20 1.820111881390153728e+20 1.622803060085348106e+20 1.448799149957856461e+20 1.294551444282739917e+20 1.157780071256810783e+20 1.036620847915127931e+20 9.315299600254592614e+19 8.416822866287129395e+19 7.644610747324578202e+19
2.279977657576910356e+20 2.054743161869171425e+20 1.820111881390153073e+20 1.622803060085348434e+20 1.448799149957856297e+20 1.294551444282740408e+20 1.157780071256810455e+20 1.036620847915127931e+20 9.315299600254592614e+19 8.416822866287131034e+19 7.644610747324581478e+19
2.279977657576910356e+20 2.054743161869171425e+20 1.820111881390153400e+20 1.622803060085348762e+20 1.448799149957856461e+20 1.294551444282740244e+20 1.157780071256810783e+20 1.036620847915127931e+20 9.315299600254592614e+19 8.416822866287131034e+19 7.644610747324581478e+19
2.279977657576910029e+20 2.054743161869171753e+20 1.820111881390153073e+20 1.622803060085349417e+20 1.448799149957856625e+20 1.294551444282739917e+20 1.157780071256810947e+20 1.036620847915127931e+20 9.315299600254590976e+19 8.416822866287132672e+19 7.644610747324581478e+19
2.279977657576910029e+20 2.054743161869171425e+20 1.820111881390153073e+20 1.622803060085348762e+20 1.448799149957856952e+20 1.294551444282740408e+20 1.157780071256811110e+20 1.036620847915127931e+20 9.315299600254589338e+19 8.416822866287129395e+19 7.644610747324583117e+19
2.279977657576910356e+20 2.054743161869171753e+20 1.820111881390153400e+20 1.622803060085348434e+20 1.448799149957856788e+20 1.294551444282740736e+20 1.157780071256810947e+20 1.036620847915127931e+20 9.315299600254586061e+19 8.416822866287131034e+19 7.644610747324583117e+19
2.279977657576910684e+20 2.054743161869172081e+20 1.820111881390153400e+20 1.622803060085348106e+20 1.448799149957856788e+20 1.294551444282740244e+20 1.157780071256811110e+20 1.036620847915127931e+20 9.315299600254586061e+19 8.416822866287129395e+19 7.644610747324584755e+19
2.279977657576910029e+20 2.054743161869172408e+20 1.820111881390153400e+20 1.622803060085347779e+20 1.448799149957856625e+20 1.294551444282740081e+20 1.157780071256811274e+20 1.036620847915127931e+20 9.315299600254586061e+19 8.416822866287129395e+19 7.644610747324584755e+19
2.279977657576909373e+20 2.054743161869172736e+20 1.820111881390153400e+20 1.622803060085347779e+20 1.448799149957856625e+20 1.294551444282740244e+20 1.157780071256810783e+20 1.036620847915127931e+20 9.315299600254587699e+19 8.416822866287127757e+19 7.644610747324581478e+19
2.279977657576909373e+20 2.054743161869172736e+20 1.820111881390153728e+20 1.622803060085347451e+20 1.448799149957856788e+20 1.294551444282740244e+20 1.157780071256810783e+20 1.036620847915127931e+20 9.315299600254587699e+19 8.416822866287129395e+19 7.644610747324581478e+19
2.279977657576909701e+20 2.054743161869172736e+20 1.820111881390153400e+20 1.622803060085347123e+20 1.448799149957856788e+20 1.294551444282740244e+20 1.157780071256810947e+20 1.036620847915127931e+20 9.315299600254587699e+19 8.416822866287129395e+19 7.644610747324583117e+19
2.279977657576910029e+20 2.054743161869173064e+20 1.820111881390154056e+20 1.622803060085346796e+20 1.448799149957856788e+20 1.294551444282739917e+20 1.157780071256810619e+20 1.036620847915127931e+20 9.315299600254587699e+19 8.416822866287132672e+19 7.644610747324584755e+19
2.279977657576910029e+20 2.054743161869173719e+20 1.820111881390153400e+20 1.622803060085346796e+20 1.448799149957856788e+20 1.294551444282739917e+20 1.157780071256810291e+20 1.036620847915127931e+20 9.315299600254586061e+19 8.416822866287131034e+19 7.644610747324579840e+19
2.279977657576910029e+20 2.054743161869174047e+20 1.820111881390153400e+20 1.622803060085346468e+20 1.448799149957856952e+20 1.294551444282739753e+20 1.157780071256810291e+20 1.036620847915127931e+20 9.315299600254586061e+19 8.416822866287131034e+19 7.644610747324581478e+19
2.279977657576910356e+20 2.054743161869174374e+20 1.820111881390153073e+20 1.622803060085346140e+20 1.448799149957857116e+20 1.294551444282739753e+20 1.157780071256810455e+20 1.036620847915127931e+20 9.315299600254586061e+19 8.416822866287131034e+19 7.644610747324581478e+19
2.279977657576910029e+20 2.054743161869173719e+20 1.820111881390153073e+20 1.622803060085346468e+20 1.448799149957856788e+20 1.294551444282740081e+20 1.157780071256810455e+20 1.036620847915127931e+20 9.315299600254586061e+19 8.416822866287131034e+19 7.644610747324586394e+19
2.279977657576909046e+20 2.054743161869173391e+20 1.820111881390153073e+20 1.622803060085346468e+20 1.448799149957856788e+20 1.294551444282740244e+20 1.157780071256810619e+20 1.036620847915127931e+20 9.315299600254586061e+19 8.416822866287129395e+19 7.644610747324583117e+19
2.279977657576909373e+20 2.054743161869173064e+20 1.820111881390153073e+20 1.622803060085346796e+20 1.448799149957856788e+20 1.294551444282740244e+20 1.157780071256810455e+20 1.036620847915127931e+20 9.315299600254586061e+19 8.416822866287129395e+19 7.644610747324578202e+19
2.279977657576910356e+20 2.054743161869173391e+20 1.820111881390153073e+20 1.622803060085346796e+20 1.448799149957856788e+20 1.294551444282740408e+20 1.157780071256810127e+20 1.036620847915127931e+20 9.315299600254589338e+19 8.416822866287129395e+19 7.644610747324579840e+19
2.279977657576910356e+20 2.054743161869173719e+20 1.820111881390153073e+20 1.622803060085346796e+20 1.448799149957856952e+20 1.294551444282739917e+20 1.157780071256810127e+20 1.036620847915127931e+20 9.315299600254590976e+19 8.416822866287127757e+19 7.644610747324581478e+19
2.279977657576911012e+20 2.054743161869173719e+20 1.820111881390153728e+20 1.622803060085346796e+20 1.448799149957856788e+20 1.294551444282739753e+20 1.157780071256810127e+20 1.036620847915127931e+20 9.315299600254589338e+19 8.416822866287129395e+19 7.644610747324583117e+19
2.279977657576911340e+20 2.054743161869173391e+20 1.820111881390153400e+20 1.622803060085346796e+20 1.448799149957856952e+20 1.294551444282739753e+20 1.157780071256809964e+20 1.036620847915127931e+20 9.315299600254590976e+19 8.416822866287131034e+19 7.644610747324583117e+19
2.279977657576911012e+20 2.054743161869173064e+20 1.820111881390153728e+20 1.622803060085347123e+20 1.448799149957856788e+20 1.294551444282739425e+20 1.157780071256810127e+20 1.036620847915127931e+20 9.315299600254590976e+19 8.416822866287132672e+19 7.644610747324578202e+19
2.279977657576910684e+20 2.054743161869172736e+20 1.820111881390153073e+20 1.622803060085346796e+20 1.448799149957856625e+20 1.294551444282739589e+20 1.157780071256810127e+20 1.036620847915127931e+20 9.315299600254592614e+19 8.416822866287131034e+19 7.644610747324579840e+19
2.279977657576910356e+20 2.054743161869172736e+20 1.820111881390153073e+20 1.622803060085346796e+20 1.448799149957856788e+20 1.294551444282739589e+20 1.157780071256809964e+20 1.036620847915127931e+20 9.315299600254592614e+19 8.416822866287127757e+19 7.644610747324578202e+19
2.279977657576910356e+20 2.054743161869173064e+20 1.820111881390153073e+20 1.622803060085347123e+20 1.448799149957856625e+20 1.294551444282739753e+20 1.157780071256809964e+20 1.036620847915127931e+20 9.315299600254590976e+19 8.416822866287126118e+19 7.644610747324576563e+19
2.279977657576910356e+20 2.054743161869172736e+20 1.820111881390152745e+20 1.622803060085347123e+20 1.448799149957856625e+20 1.294551444282739917e+20 1.157780071256809964e+20 1.036620847915127931e+20 9.315299600254592614e+19 8.416822866287124480e+19 7.644610747324579840e+19
2.279977657576910356e+20 2.054743161869173064e+20 1.820111881390153073e+20 1.622803060085347123e+20 1.448799149957856788e+20 1.294551444282739753e+20 1.157780071256809636e+20 1.036620847915127931e+20 9.315299600254594253e+19 8.416822866287126118e+19 7.644610747324583117e+19
2.279977657576910029e+20 2.054743161869173064e+20 1.820111881390152745e+20 1.622803060085347123e+20 1.448799149957856625e+20 1.294551444282739589e+20 1.157780071256809800e+20 1.036620847915127931e+20 9.315299600254594253e+19 8.416822866287124480e+19 7.644610747324586394e+19
2.279977657576909373e+20 2.054743161869172736e+20 1.820111881390153073e+20 1.622803060085346796e+20 1.448799149957856625e+20 1.294551444282739589e+20 1.157780071256809964e+20 1.036620847915127931e+20 9.315299600254594253e+19 8.416822866287124480e+19 7.644610747324584755e+19
2.279977657576909046e+20 2.054743161869172408e+20 1.820111881390152745e+20 1.622803060085346796e+20 1.448799149957856625e+20 1.294551444282739917e+20 1.157780071256810127e+20 1.036620847915127931e+20 9.315299600254595891e+19 8.416822866287124480e+19 7.644610747324588032e+19
2.279977657576909046e+20 2.054743161869172736e+20 1.820111881390153073e+20 1.622803060085346796e+20 1.448799149957856788e+20 1.294551444282739917e+20 1.157780071256809636e+20 1.036620847915127931e+20 9.315299600254595891e+19 8.416822866287122842e+19 7.644610747324588032e+19
2.279977657576908718e+20 2.054743161869173064e+20 1.820111881390152745e+20 1.622803060085346796e+20 1.448799149957856625e+20 1.294551444282739753e+20 1.157780071256809472e+20 1.036620847915127931e+20 9.315299600254595891e+19 8.416822866287122842e+19 7.644610747324586394e+19
2.279977657576909373e+20 2.054743161869173719e+20 1.820111881390152745e+20 1.622803060085346796e+20 1.448799149957856788e+20 1.294551444282739589e+20 1.157780071256809144e+20 1.036620847915127931e+20 9.315299600254595891e+19 8.416822866287122842e+19 7.644610747324588032e+19
2.279977657576909373e+20 2.054743161869173391e+20 1.820111881390152745e+20 1.622803060085346796e+20 1.448799149957856788e+20 1.294551444282739753e+20 1.157780071256809472e+20 1.036620847915127931e+20 9.315299600254592614e+19 8.416822866287122842e+19 7.644610747324584755e+19
2.279977657576909701e+20 2.054743161869173064e+20 1.820111881390152745e+20 1.622803060085347123e+20 1.448799149957856788e+20 1.294551444282739425e+20 1.157780071256809144e+20 1.036620847915127931e+20 9.315299600254592614e+19 8.416822866287124480e+19 7.644610747324584755e+19
2.279977657576910029e+20 2.054743161869173064e+20 1.820111881390153073e+20 1.622803060085347123e+20 1.448799149957856625e+20 1.294551444282739261e+20 1.157780071256809472e+20 1.036620847915127931e+20 9.315299600254592614e+19 8.416822866287122842e+19 7.644610747324583117e+19
2.279977657576909701e+20 2.054743161869173064e+20 1.820111881390152745e+20 1.622803060085347123e+20 1.448799149957856625e+20 1.294551444282739261e+20 1.157780071256809308e+20 1.036620847915127931e+20 9.315299600254594253e+19 8.416822866287122842e+19 7.644610747324579840e+19
2.279977657576909701e+20 2.054743161869173064e+20 1.820111881390152745e+20 1.622803060085346796e+20 1.448799149957856625e+20 1.294551444282739425e+20 1.157780071256809308e+20 1.036620847915127931e+20 9.315299600254594253e+19 8.416822866287122842e+19 7.644610747324579840e+19
2.279977657576910029e+20 2.054743161869173391e+20 1.820111881390153073e+20 1.622803060085346796e+20 1.448799149957856625e+20 1.294551444282739425e+20 1.157780071256809144e+20 1.036620847915127931e+20 9.315299600254594253e+19 8.416822866287122842e+19 7.644610747324581478e+19
2.279977657576909701e+20 2.054743161869173719e+20 1.820111881390152745e+20 1.622803060085346796e+20 1.448799149957856788e+20 1.294551444282739261e+20 1.157780071256809472e+20 1.036620847915127931e+20 9.315299600254595891e+19 8.416822866287122842e+19 7.644610747324578202e+19
2.279977657576909701e+20 2.054743161869173391e+20 1.820111881390153073e+20 1.622803060085346796e+20 1.448799149957856952e+20 1.294551444282739425e+20 1.157780071256808980e+20 1.036620847915127931e+20 9.315299600254595891e+19 8.416822866287124480e+19 7.644610747324576563e+19
2.279977657576909373e+20 2.054743161869173064e+20 1.820111881390152417e+20 1.622803060085346796e+20 1.448799149957856952e+20 1.294551444282739589e+20 1.157780071256808980e+20 1.036620847915127931e+20 9.315299600254595891e+19 8.416822866287122842e+19 7.644610747324573286e+19
2.279977657576909701e+20 2.054743161869173064e+20 1.820111881390153073e+20 1.622803060085346796e+20 1.448799149957856788e+20 1.294551444282739753e+20 1.157780071256809144e+20 1.036620847915127931e+20 9.315299600254594253e+19 8.416822866287122842e+19 7.644610747324574925e+19
2.279977657576909046e+20 2.054743161869172736e+20 1.820111881390152745e+20 1.622803060085346796e+20 1.448799149957856952e+20 1.294551444282739589e+20 1.157780071256809144e+20 1.036620847915127931e+20 9.315299600254595891e+19 8.416822866287124480e+19 7.644610747324573286e+19
2.279977657576909701e+20 2.054743161869173064e+20 1.820111881390152745e+20 1.622803060085347123e+20 1.448799149957857116e+20 1.294551444282739917e+20 1.157780071256809472e+20 1.036620847915127931e+20 9.315299600254594253e+19 8.416822866287124480e+19 7.644610747324571648e+19
2.279977657576909701e+20 2.054743161869173064e+20 1.820111881390152745e+20 1.622803060085347123e+20 1.448799149957857116e+20 1.294551444282739589e+20 1.157780071256809472e+20 1.036620847915127931e+20 9.315299600254597530e+19 8.416822866287122842e+19 7.644610747324573286e+19
2.279977657576910029e+20 2.054743161869173064e+20 1.820111881390152745e+20 1.622803060085347123e+20 1.448799149957857116e+20 1.294551444282739917e+20 1.157780071256809308e+20 1.036620847915127931e+20 9.315299600254595891e+19 8.416822866287121203e+19 7.644610747324573286e+19
2.279977657576910356e+20 2.054743161869173391e+20 1.820111881390153073e+20 1.622803060085347123e+20 1.448799149957857116e+20 1.294551444282740081e+20 1.157780071256809308e+20 1.036620847915127931e+20 9.315299600254595891e+19 8.416822866287119565e+19 7.644610747324574925e+19
2.279977657576910684e+20 2.054743161869173064e+20 1.820111881390152417e+20 1.622803060085346796e+20 1.448799149957856952e+20 1.294551444282739917e+20 1.157780071256809636e+20 1.036620847915127931e+20 9.315299600254595891e+19 8.416822866287121203e+19 7.644610747324576563e+19
2.279977657576910356e+20 2.054743161869173064e+20 1.820111881390152745e+20 1.622803060085346468e+20 1.448799149957856952e+20 1.294551444282740081e+20 1.157780071256809636e+20 1.036620847915127931e+20 9.315299600254595891e+19 8.416822866287121203e+19 7.644610747324574925e+19
2.279977657576910684e+20 2.054743161869172408e+20 1.820111881390153400e+20 1.622803060085346796e+20 1.448799149957857116e+20 1.294551444282739917e+20 1.157780071256809472e+20 1.036620847915127931e+20 9.315299600254595891e+19 8.416822866287119565e+19 7.644610747324576563e+19
2.279977657576910684e+20 2.054743161869172408e+20 1.820111881390153073e+20 1.622803060085346796e+20 1.448799149957856788e+20 1.294551444282739917e+20 1.157780071256809472e+20 1.036620847915127931e+20 9.315299600254597530e+19 8.416822866287122842e+19 7.644610747324579840e+19
2.279977657576910684e+20 2.054743161869173064e+20 1.820111881390153728e+20 1.622803060085346796e+20 1.448799149957856625e+20 1.294551444282739753e+20 1.157780071256809472e+20 1.036620847915127931e+20 9.315299600254597530e+19 8.416822866287122842e+19 7.644610747324579840e+19
2.279977657576910684e+20 2.054743161869172736e+20 1.820111881390153073e+20 1.622803060085346796e+20 1.448799149957856625e+20 1.294551444282739589e+20 1.157780071256809308e+20 1.036620847915127931e+20 9.315299600254597530e+19 8.416822866287122842e+19 7.644610747324578202e+19
2.279977657576910684e+20 2.054743161869172736e+20 1.820111881390153400e+20 1.622803060085346796e+20 1.448799149957856461e+20 1.294551444282739425e+20 1.157780071256809144e+20 1.036620847915127931e+20 9.315299600254594253e+19 8.416822866287124480e+19 7.644610747324574925e+19
2.279977657576910684e+20 2.054743161869172081e+20 1.820111881390153400e+20 1.622803060085347123e+20 1.448799149957856461e+20 1.294551444282739425e+20 1.157780071256809308e+20 1.036620847915127931e+20 9.315299600254590976e+19 8.416822866287127757e+19 7.644610747324576563e+19
2.279977657576910684e+20 2.054743161869171425e+20 1.820111881390153073e+20 1.622803060085346796e+20 1.448799149957856625e+20 1.294551444282739425e+20 1.157780071256809472e+20 1.036620847915127931e+20 9.315299600254594253e+19 8.416822866287127757e+19 7.644610747324573286e+19
2.279977657576910684e+20 2.054743161869171425e+20 1.820111881390153400e+20 1.622803060085346796e+20 1.448799149957856625e+20 1.294551444282739425e+20 1.157780071256809472e+20 1.036620847915127931e+20 9.315299600254594253e+19 8.416822866287129395e+19 7.644610747324573286e+19
2.279977657576910684e+20 2.054743161869171753e+20 1.820111881390152745e+20 1.622803060085346796e+20 1.448799149957856788e+20 1.294551444282739261e+20 1.157780071256809308e+20 1.036620847915127931e+20 9.315299600254592614e+19 8.416822866287129395e+19 7.644610747324574925e+19
2.279977657576910356e+20 2.054743161869171753e+20 1.820111881390153073e+20 1.622803060085346796e+20 1.448799149957856788e+20 1.294551444282739098e+20 1.157780071256809636e+20 1.036620847915127931e+20 9.315299600254595891e+19 8.416822866287127757e+19 7.644610747324573286e+19
2.279977657576910356e+20 2.054743161869171753e+20 1.820111881390152745e+20 1.622803060085346796e+20 1.448799149957856788e+20 1.294551444282738934e+20 1.157780071256809800e+20 1.036620847915127931e+20 9.315299600254594253e+19 8.416822866287126118e+19 7.644610747324574925e+19
2.279977657576910356e+20 2.054743161869172081e+20 1.820111881390152417e+20 1.622803060085346796e+20 1.448799149957856952e+20 1.294551444282739261e+20 1.157780071256809472e+20 1.036620847915127931e+20 9.315299600254592614e+19 8.416822866287127757e+19 7.644610747324574925e+19
2.279977657576910684e+20 2.054743161869171425e+20 1.820111881390153073e+20 1.622803060085346796e+20 1.448799149957856952e+20 1.294551444282739098e+20 1.157780071256809308e+20 1.036620847915127931e+20 9.315299600254592614e+19 8.416822866287127757e+19 7.644610747324570010e+19
2.279977657576910029e+20 2.054743161869171425e+20 1.820111881390152745e+20 1.622803060085347123e+20 1.448799149957856952e+20 1.294551444282739261e+20 1.157780071256809144e+20 1.036620847915127931e+20 9.315299600254590976e+19 8.416822866287126118e+19 7.644610747324571648e+19
2.279977657576910356e+20 2.054743161869171425e+20 1.820111881390152745e+20 1.622803060085347123e+20 1.448799149957856788e+20 1.294551444282739425e+20 1.157780071256808817e+20 1.036620847915127931e+20 9.315299600254590976e+19 8.416822866287127757e+19 7.644610747324573286e+19
2.279977657576911012e+20 2.054743161869171098e+20 1.820111881390153073e+20 1.622803060085347123e+20 1.448799149957856788e+20 1.294551444282739589e+20 1.157780071256808817e+20 1.036620847915127931e+20 9.315299600254589338e+19 8.416822866287127757e+19 7.644610747324571648e+19
2.279977657576911012e+20 2.054743161869171098e+20 1.820111881390152745e+20 1.622803060085347123e+20 1.448799149957856625e+20 1.294551444282739261e+20 1.157780071256808817e+20 1.036620847915127931e+20 9.315299600254587699e+19 8.416822866287127757e+19 7.644610747324574925e+19
2.279977657576910356e+20 2.054743161869171425e+20 1.820111881390153400e+20 1.622803060085347123e+20 1.448799149957856788e+20 1.294551444282739425e+20 1.157780071256808489e+20 1.036620847915127931e+20 9.315299600254587699e+19 8.416822866287129395e+19 7.644610747324576563e+19
2.279977657576911340e+20 2.054743161869171425e+20 1.820111881390153073e+20 1.622803060085346796e+20 1.448799149957856625e+20 1.294551444282739589e+20 1.157780071256808489e+20 1.036620847915127931e+20 9.315299600254587699e+19 8.416822866287131034e+19 7.644610747324571648e+19
2.279977657576910684e+20 2.054743161869171753e+20 1.820111881390153073e+20 1.622803060085346796e+20 1.448799149957856788e+20 1.294551444282739425e+20 1.157780071256808489e+20 1.036620847915127931e+20 9.315299600254589338e+19 8.416822866287131034e+19 7.644610747324570010e+19
2.279977657576910356e+20 2.054743161869171098e+20 1.820111881390153400e+20 1.622803060085347123e+20 1.448799149957856625e+20 1.294551444282739261e+20 1.157780071256808325e+20 1.036620847915127931e+20 9.315299600254589338e+19 8.416822866287131034e+19 7.644610747324573286e+19
2.279977657576911012e+20 2.054743161869171098e+20 1.820111881390152745e+20 1.622803060085347123e+20 1.448799149957856788e+20 1.294551444282739261e+20 1.157780071256807997e+20 1.036620847915127931e+20 9.315299600254586061e+19 8.416822866287131034e+19 7.644610747324573286e+19
2.279977657576911667e+20 2.054743161869171098e+20 1.820111881390152745e+20 1.622803060085346796e+20 1.448799149957856625e+20 1.294551444282739425e+20 1.157780071256808161e+20 1.036620847915127931e+20 9.315299600254587699e+19 8.416822866287131034e+19 7.644610747324574925e+19
2.279977657576912323e+20 2.054743161869171425e+20 1.820111881390152745e+20 1.622803060085346796e+20 1.448799149957856461e+20 1.294551444282739753e+20 1.157780071256808161e+20 1.036620847915127931e+20 9.315299600254587699e+19 8.416822866287132672e+19 7.644610747324574925e+19
2.279977657576911995e+20 2.054743161869171098e+20 1.820111881390152417e+20 1.622803060085347123e+20 1.448799149957856625e+20 1.294551444282739917e+20 1.157780071256808325e+20 1.036620847915127931e+20 9.315299600254589338e+19 8.416822866287131034e+19 7.644610747324574925e+19
2.279977657576911667e+20 2.054743161869171098e+20 1.820111881390153073e+20 1.622803060085347123e+20 1.448799149957856952e+20 1.294551444282739917e+20 1.157780071256808161e+20 1.036620847915127931e+20 9.315299600254590976e+19 8.416822866287127757e+19 7.644610747324574925e+19
2.279977657576911667e+20 2.054743161869171425e+20 1.820111881390152417e+20 1.622803060085347123e+20 1.448799149957857280e+20 1.294551444282740244e+20 1.157780071256808325e+20 1.036620847915127931e+20 9.315299600254587699e+19 8.416822866287127757e+19 7.644610747324574925e+19
2.279977657576911995e+20 2.054743161869171425e+20 1.820111881390152417e+20 1.622803060085347123e+20 1.448799149957857280e+20 1.294551444282740081e+20 1.157780071256808489e+20 1.036620847915127931e+20 9.315299600254589338e+19 8.416822866287124480e+19 7.644610747324573286e+19
2.279977657576911995e+20 2.054743161869171425e+20 1.820111881390152417e+20 1.622803060085347123e+20 1.448799149957856952e+20 1.294551444282739917e+20 1.157780071256808489e+20 1.036620847915127931e+20 9.315299600254589338e+19 8.416822866287124480e+19 7.644610747324571648e+19
2.279977657576912323e+20 2.054743161869171425e+20 1.820111881390152417e+20 1.622803060085347123e+20 1.448799149957856788e+20 1.294551444282740081e+20 1.157780071256808653e+20 1.036620847915127931e+20 9.315299600254590976e+19 8.416822866287122842e+19 7.644610747324570010e+19
2.279977657576912323e+20 2.054743161869171098e+20 1.820111881390152745e+20 1.622803060085347123e+20 1.448799149957856461e+20 1.294551444282740244e+20 1.157780071256808653e+20 1.036620847915127931e+20 9.315299600254587699e+19 8.416822866287121203e+19 7.644610747324568371e+19
2.279977657576912323e+20 2.054743161869171098e+20 1.820111881390152417e+20 1.622803060085346796e+20 1.448799149957856133e+20 1.294551444282740081e+20 1.157780071256808653e+20 1.036620847915127931e+20 9.315299600254587699e+19 8.416822866287121203e+19 7.644610747324565094e+19
2.279977657576912323e+20 2.054743161869170770e+20 1.820111881390152417e+20 1.622803060085346796e+20 1.448799149957855642e+20 1.294551444282740081e+20 1.157780071256808161e+20 1.036620847915127931e+20 9.315299600254590976e+19 8.416822866287121203e+19 7.644610747324563456e+19
2.279977657576911995e+20 2.054743161869171098e+20 1.820111881390152745e+20 1.622803060085346796e+20 1.448799149957855805e+20 1.294551444282740244e+20 1.157780071256808489e+20 1.036620847915127931e+20 9.315299600254592614e+19 8.416822866287122842e+19 7.644610747324565094e+19
2.279977657576911667e+20 2.054743161869171425e+20 1.820111881390152090e+20 1.622803060085346796e+20 1.448799149957856133e+20 1.294551444282740408e+20 1.157780071256808325e+20 1.036620847915127931e+20 9.315299600254592614e+19 8.416822866287122842e+19 7.644610747324565094e+19
2.279977657576911340e+20 2.054743161869171425e+20 1.820111881390152090e+20 1.622803060085346796e+20 1.448799149957856297e+20 1.294551444282740408e+20 1.157780071256808325e+20 1.036620847915127931e+20 9.315299600254594253e+19 8.416822866287124480e+19 7.644610747324566733e+19
2.279977657576910684e+20 2.054743161869171425e+20 1.820111881390152417e+20 1.622803060085346796e+20 1.448799149957856133e+20 1.294551444282740572e+20 1.157780071256808325e+20 1.036620847915127931e+20 9.315299600254592614e+19 8.416822866287126118e+19 7.644610747324561818e+19
2.279977657576911012e+20 2.054743161869171098e+20 1.820111881390152090e+20 1.622803060085346468e+20 1.448799149957856133e+20 1.294551444282740572e+20 1.157780071256808325e+20 1.036620847915127931e+20 9.315299600254594253e+19 8.416822866287126118e+19 7.644610747324561818e+19
2.279977657576911667e+20 2.054743161869171098e+20 1.820111881390152090e+20 1.622803060085346468e+20 1.448799149957856297e+20 1.294551444282740736e+20 1.157780071256808161e+20 1.036620847915127931e+20 9.315299600254594253e+19 8.416822866287127757e+19 7.644610747324558541e+19
2.279977657576911340e+20 2.054743161869171098e+20 1.820111881390152417e+20 1.622803060085346468e+20 1.448799149957856133e+20 1.294551444282740572e+20 1.157780071256808325e+20 1.036620847915127931e+20 9.315299600254592614e+19 8.416822866287127757e+19 7.644610747324558541e+19
2.279977657576911667e+20 2.054743161869170770e+20 1.820111881390152090e+20 1.622803060085346468e+20 1.448799149957856133e+20 1.294551444282740900e+20 1.157780071256807997e+20 1.036620847915127931e+20 9.315299600254592614e+19 8.416822866287126118e+19 7.644610747324561818e+19
2.279977657576911340e+20 2.054743161869171098e+20 1.820111881390152417e+20 1.622803060085346468e+20 1.448799149957856133e+20 1.294551444282740900e+20 1.157780071256807997e+20 1.036620847915127931e+20 9.315299600254595891e+19 8.416822866287127757e+19 7.644610747324561818e+19
2.279977657576911012e+20 2.054743161869172081e+20 1.820111881390152090e+20 1.622803060085346468e+20 1.448799149957856461e+20 1.294551444282740736e+20 1.157780071256808161e+20 1.036620847915127931e+20 9.315299600254595891e+19 8.416822866287127757e+19 7.644610747324561818e+19
2.279977657576911995e+20 2.054743161869172081e+20 1.820111881390152090e+20 1.622803060085346468e+20 1.448799149957856297e+20 1.294551444282740736e+20 1.157780071256807997e+20 1.036620847915127931e+20 9.315299600254594253e+19 8.416822866287126118e+19 7.644610747324560179e+19
2.279977657576912650e+20 2.054743161869172081e+20 1.820111881390152745e+20 1.622803060085346468e+20 1.448799149957856625e+20 1.294551444282741064e+20 1.157780071256807997e+20 1.036620847915127931e+20 9.315299600254595891e+19 8.416822866287126118e+19 7.644610747324563456e+19
2.279977657576912978e+20 2.054743161869172081e+20 1.820111881390152417e+20 1.622803060085346796e+20 1.448799149957856461e+20 1.294551444282740900e+20 1.157780071256808161e+20 1.036620847915127931e+20 9.315299600254595891e+19 8.416822866287127757e+19 7.644610747324563456e+19
2.279977657576912978e+20 2.054743161869171753e+20 1.820111881390152745e+20 1.622803060085346468e+20 1.448799149957856461e+20 1.294551444282740900e+20 1.157780071256807997e+20 1.036620847915127931e+20 9.315299600254597530e+19 8.416822866287127757e+19 7.644610747324565094e+19
2.279977657576911995e+20 2.054743161869171753e+20 1.820111881390153073e+20 1.622803060085346468e+20 1.448799149957856788e+20 1.294551444282740900e+20 1.157780071256807834e+20 1.036620847915127931e+20 9.315299600254599168e+19 8.416822866287129395e+19 7.644610747324561818e+19
2.279977657576911995e+20 2.054743161869171753e+20 1.820111881390152417e+20 1.622803060085346468e+20 1.448799149957856788e+20 1.294551444282741064e+20 1.157780071256807670e+20 1.036620847915127931e+20 9.315299600254599168e+19 8.416822866287129395e+19 7.644610747324561818e+19
2.279977657576911012e+20 2.054743161869172081e+20 1.820111881390152745e+20 1.622803060085346796e+20 1.448799149957856952e+20 1.294551444282741391e+20 1.157780071256807014e+20 1.036620847915127931e+20 9.315299600254599168e+19 8.416822866287129395e+19 7.644610747324566733e+19
2.279977657576911667e+20 2.054743161869172081e+20 1.820111881390153073e+20 1.622803060085346468e+20 1.448799149957856625e+20 1.294551444282741228e+20 1.157780071256807178e+20 1.036620847915127931e+20 9.315299600254597530e+19 8.416822866287131034e+19 7.644610747324570010e+19
2.279977657576911340e+20 2.054743161869172736e+20 1.820111881390152745e+20 1.622803060085346140e+20 1.448799149957856625e+20 1.294551444282741228e+20 1.157780071256807178e+20 1.036620847915127931e+20 9.315299600254597530e+19 8.416822866287132672e+19 7.644610747324566733e+19
2.279977657576911667e+20 2.054743161869172081e+20 1.820111881390153073e+20 1.622803060085346468e+20 1.448799149957856625e+20 1.294551444282741228e+20 1.157780071256807342e+20 1.036620847915127931e+20 9.315299600254599168e+19 8.416822866287132672e+19 7.644610747324568371e+19
2.279977657576912323e+20 2.054743161869171753e+20 1.820111881390153073e+20 1.622803060085346140e+20 1.448799149957856788e+20 1.294551444282741064e+20 1.157780071256807014e+20 1.036620847915127931e+20 9.315299600254600806e+19 8.416822866287131034e+19 7.644610747324570010e+19
2.279977657576912650e+20 2.054743161869172081e+20 1.820111881390153073e+20 1.622803060085346140e+20 1.448799149957856625e+20 1.294551444282741064e+20 1.157780071256807178e+20 1.036620847915127931e+20 9.315299600254600806e+19 8.416822866287131034e+19 7.644610747324570010e+19
2.279977657576912323e+20 2.054743161869171753e+20 1.820111881390153400e+20 1.622803060085346140e+20 1.448799149957856461e+20 1.294551444282741228e+20 1.157780071256807670e+20 1.036620847915127931e+20 9.315299600254602445e+19 8.416822866287131034e+19 7.644610747324570010e+19
2.279977657576912323e+20 2.054743161869171753e+20 1.820111881390153400e+20 1.622803060085346140e+20 1.448799149957856788e+20 1.294551444282741391e+20 1.157780071256807506e+20 1.036620847915127931e+20 9.315299600254604083e+19 8.416822866287131034e+19 7.644610747324568371e+19
2.279977657576912650e+20 2.054743161869171753e+20 1.820111881390153073e+20 1.622803060085346468e+20 1.448799149957856625e+20 1.294551444282741391e+20 1.157780071256807834e+20 1.036620847915127931e+20 9.315299600254604083e+19 8.416822866287132672e+19 7.644610747324563456e+19
2.279977657576912323e+20 2.054743161869171753e+20 1.820111881390153728e+20 1.622803060085346468e+20 1.448799149957856625e+20 1.294551444282741228e+20 1.157780071256807997e+20 1.036620847915127931e+20 9.315299600254605722e+19 8.416822866287134310e+19 7.644610747324566733e+19
2.279977657576911667e+20 2.054743161869172408e+20 1.820111881390153728e+20 1.622803060085346796e+20 1.448799149957856625e+20 1.294551444282741391e+20 1.157780071256808489e+20 1.036620847915127931e+20 9.315299600254607360e+19 8.416822866287132672e+19 7.644610747324568371e+19
2.279977657576912650e+20 2.054743161869172408e+20 1.820111881390153728e+20 1.622803060085346796e+20 1.448799149957856788e+20 1.294551444282741555e+20 1.157780071256808489e+20 1.036620847915127931e+20 9.315299600254605722e+19 8.416822866287132672e+19 7.644610747324565094e+19
2.279977657576912978e+20 2.054743161869172081e+20 1.820111881390154056e+20 1.622803060085346468e+20 1.448799149957856788e+20 1.294551444282741719e+20 1.157780071256808489e+20 1.036620847915127931e+20 9.315299600254605722e+19 8.416822866287132672e+19 7.644610747324563456e+19
2.279977657576913306e+20 2.054743161869171753e+20 1.820111881390153728e+20 1.622803060085346140e+20 1.448799149957856788e+20 1.294551444282741883e+20 1.157780071256808489e+20 1.036620847915127931e+20 9.315299600254604083e+19 8.416822866287132672e+19 7.644610747324561818e+19
2.279977657576912650e+20 2.054743161869172081e+20 1.820111881390153400e+20 1.622803060085346140e+20 1.448799149957856788e+20 1.294551444282741883e+20 1.157780071256808489e+20 1.036620847915127931e+20 9.315299600254604083e+19 8.416822866287132672e+19 7.644610747324563456e+19
2.279977657576912978e+20 2.054743161869171753e+20 1.820111881390153728e+20 1.622803060085346140e+20 1.448799149957856625e+20 1.294551444282742047e+20 1.157780071256808489e+20 1.036620847915127931e+20 9.315299600254604083e+19 8.416822866287132672e+19 7.644610747324565094e+19
2.279977657576912650e+20 2.054743161869171753e+20 1.820111881390153400e+20 1.622803060085346140e+20 1.448799149957856625e+20 1.294551444282741883e+20 1.157780071256808325e+20 1.036620847915127931e+20 9.315299600254604083e+19 8.416822866287132672e+19 7.644610747324561818e+19
2.279977657576912978e+20 2.054743161869171753e+20 1.820111881390153400e+20 1.622803060085346140e+20 1.448799149957856461e+20 1.294551444282742211e+20 1.157780071256808325e+20 1.036620847915127931e+20 9.315299600254602445e+19 8.416822866287132672e+19 7.644610747324561818e+19
2.279977657576912978e+20 2.054743161869172408e+20 1.820111881390153728e+20 1.622803060085346140e+20 1.448799149957856788e+20 1.294551444282742211e+20 1.157780071256808325e+20 1.036620847915127931e+20 9.315299600254602445e+19 8.416822866287132672e+19 7.644610747324560179e+19
2.279977657576913306e+20 2.054743161869173391e+20 1.820111881390153728e+20 1.622803060085346140e+20 1.448799149957856952e+20 1.294551444282742211e+20 1.157780071256808161e+20 1.036620847915127931e+20 9.315299600254604083e+19 8.416822866287132672e+19 7.644610747324560179e+19
2.279977657576913306e+20 2.054743161869173391e+20 1.820111881390153400e+20 1.622803060085346140e+20 1.448799149957857116e+20 1.294551444282742047e+20 1.157780071256808161e+20 1.036620847915127931e+20 9.315299600254604083e+19 8.416822866287132672e+19 7.644610747324561818e+19
2.279977657576913633e+20 2.054743161869173064e+20 1.820111881390154056e+20 1.622803060085345812e+20 1.448799149957857116e+20 1.294551444282741719e+20 1.157780071256807834e+20 1.036620847915127931e+20 9.315299600254602445e+19 8.416822866287132672e+19 7.644610747324561818e+19
2.279977657576914289e+20 2.054743161869173391e+20 1.820111881390154056e+20 1.622803060085345485e+20 1.448799149957857280e+20 1.294551444282741719e+20 1.157780071256807670e+20 1.036620847915127931e+20 9.315299600254602445e+19 8.416822866287132672e+19 7.644610747324560179e+19
2.279977657576914616e+20 2.054743161869173064e+20 1.820111881390153728e+20 1.622803060085345812e+20 1.448799149957857116e+20 1.294551444282741883e+20 1.157780071256807342e+20 1.036620847915127931e+20 9.315299600254604083e+19 8.416822866287132672e+19 7.644610747324561818e+19
2.279977657576914616e+20 2.054743161869173391e+20 1.820111881390154383e+20 1.622803060085345485e+20 1.448799149957857280e+20 1.294551444282741883e+20 1.157780071256807178e+20 1.036620847915127931e+20 9.315299600254604083e+19 8.416822866287132672e+19 7.644610747324556902e+19
2.279977657576914616e+20 2.054743161869173719e+20 1.820111881390153728e+20 1.622803060085345485e+20 1.448799149957857280e+20 1.294551444282741883e+20 1.157780071256806851e+20 1.036620847915127931e+20 9.315299600254605722e+19 8.416822866287132672e+19 7.644610747324558541e+19
2.279977657576914289e+20 2.054743161869174047e+20 1.820111881390153728e+20 1.622803060085345812e+20 1.448799149957857280e+20 1.294551444282742047e+20 1.157780071256806687e+20 1.036620847915127931e+20 9.315299600254607360e+19 8.416822866287132672e+19 7.644610747324556902e+19
2.279977657576914289e+20 2.054743161869174047e+20 1.820111881390154056e+20 1.622803060085345485e+20 1.448799149957857444e+20 1.294551444282741719e+20 1.157780071256806687e+20 1.036620847915127931e+20 9.315299600254608998e+19 8.416822866287132672e+19 7.644610747324558541e+19
2.279977657576913961e+20 2.054743161869173719e+20 1.820111881390153728e+20 1.622803060085345485e+20 1.448799149957857444e+20 1.294551444282741883e+20 1.157780071256807014e+20 1.036620847915127931e+20 9.315299600254608998e+19 8.416822866287132672e+19 7.644610747324561818e+19
2.279977657576914289e+20 2.054743161869173719e+20 1.820111881390153400e+20 1.622803060085345485e+20 1.448799149957857608e+20 1.294551444282741719e+20 1.157780071256807014e+20 1.036620847915127931e+20 9.315299600254608998e+19 8.416822866287132672e+19 7.644610747324560179e+19
2.279977657576914616e+20 2.054743161869173719e+20 1.820111881390153728e+20 1.622803060085345812e+20 1.448799149957857444e+20 1.294551444282741555e+20 1.157780071256807178e+20 1.036620847915127931e+20 9.315299600254605722e+19 8.416822866287132672e+19 7.644610747324560179e+19
2.279977657576913306e+20 2.054743161869173391e+20 1.820111881390153728e+20 1.622803060085345485e+20 1.448799149957857444e+20 1.294551444282741555e+20 1.157780071256807342e+20 1.036620847915127931e+20 9.315299600254602445e+19 8.416822866287132672e+19 7.644610747324561818e+19
2.279977657576913306e+20 2.054743161869173391e+20 1.820111881390153400e+20 1.622803060085345812e+20 1.448799149957857608e+20 1.294551444282741391e+20 1.157780071256807342e+20 1.036620847915127931e+20 9.315299600254602445e+19 8.416822866287132672e+19 7.644610747324563456e+19
2.279977657576912650e+20 2.054743161869173391e+20 1.820111881390153400e+20 1.622803060085345485e+20 1.448799149957857772e+20 1.294551444282741228e+20 1.157780071256807506e+20 1.036620847915127931e+20 9.315299600254602445e+19 8.416822866287132672e+19 7.644610747324561818e+19
2.279977657576912650e+20 2.054743161869173391e+20 1.820111881390153728e+20 1.622803060085345485e+20 1.448799149957857608e+20 1.294551444282740900e+20 1.157780071256807506e+20 1.036620847915127931e+20 9.315299600254602445e+19 8.416822866287132672e+19 7.644610747324563456e+19
2.279977657576912650e+20 2.054743161869173391e+20 1.820111881390153400e+20 1.622803060085345485e+20 1.448799149957857444e+20 1.294551444282740736e+20 1.157780071256807506e+20 1.036620847915127931e+20 9.315299600254604083e+19 8.416822866287132672e+19 7.644610747324561818e+19
2.279977657576912323e+20 2.054743161869173391e+20 1.820111881390153400e+20 1.622803060085345485e+20 1.448799149957857608e+20 1.294551444282740736e+20 1.157780071256807506e+20 1.036620847915127931e+20 9.315299600254604083e+19 8.416822866287132672e+19 7.644610747324561818e+19
2.279977657576911995e+20 2.054743161869173391e+20 1.820111881390153728e+20 1.622803060085345485e+20 1.448799149957857772e+20 1.294551444282740900e+20 1.157780071256807178e+20 1.036620847915127931e+20 9.315299600254607360e+19 8.416822866287132672e+19 7.644610747324561818e+19
2.279977657576911995e+20 2.054743161869173719e+20 1.820111881390153073e+20 1.622803060085345485e+20 1.448799149957857772e+20 1.294551444282740900e+20 1.157780071256807342e+20 1.036620847915127931e+20 9.315299600254605722e+19 8.416822866287132672e+19 7.644610747324558541e+19
2.279977657576911995e+20 2.054743161869173719e+20 1.820111881390153073e+20 1.622803060085345812e+20 1.448799149957857935e+20 1.294551444282741064e+20 1.157780071256807342e+20 1.036620847915127931e+20 9.315299600254607360e+19 8.416822866287132672e+19 7.644610747324556902e+19
2.279977657576911995e+20 2.054743161869173391e+20 1.820111881390153400e+20 1.622803060085345812e+20 1.448799149957857935e+20 1.294551444282741064e+20 1.157780071256807506e+20 1.036620847915127931e+20 9.315299600254604083e+19 8.416822866287132672e+19 7.644610747324558541e+19
2.279977657576911667e+20 2.054743161869173391e+20 1.820111881390152745e+20 1.622803060085345812e+20 1.448799149957857935e+20 1.294551444282740900e+20 1.157780071256807178e+20 1.036620847915127931e+20 9.315299600254604083e+19 8.416822866287132672e+19 7.644610747324560179e+19
2.279977657576911995e+20 2.054743161869173064e+20 1.820111881390152745e+20 1.622803060085345485e+20 1.448799149957857935e+20 1.294551444282740900e+20 1.157780071256807178e+20 1.036620847915127931e+20 9.315299600254605722e+19 8.416822866287132672e+19 7.644610747324560179e+19
2.279977657576912323e+20 2.054743161869173064e+20 1.820111881390153400e+20 1.622803060085345485e+20 1.448799149957857935e+20 1.294551444282740736e+20 1.157780071256807670e+20 1.036620847915127931e+20 9.315299600254602445e+19 8.416822866287132672e+19 7.644610747324560179e+19
2.279977657576912323e+20 2.054743161869173064e+20 1.820111881390153073e+20 1.622803060085345812e+20 1.448799149957858099e+20 1.294551444282740736e+20 1.157780071256807834e+20 1.036620847915127931e+20 9.315299600254604083e+19 8.416822866287132672e+19 7.644610747324558541e+19
2.279977657576911995e+20 2.054743161869173064e+20 1.820111881390152745e+20 1.622803060085346140e+20 1.448799149957857935e+20 1.294551444282740736e+20 1.157780071256807997e+20 1.036620847915127931e+20 9.315299600254605722e+19 8.416822866287132672e+19 7.644610747324556902e+19
2.279977657576911667e+20 2.054743161869173064e+20 1.820111881390153073e+20 1.622803060085345485e+20 1.448799149957857935e+20 1.294551444282740736e+20 1.157780071256807997e+20 1.036620847915127931e+20 9.315299600254607360e+19 8.416822866287132672e+19 7.644610747324556902e+19
2.279977657576911995e+20 2.054743161869173391e+20 1.820111881390153073e+20 1.622803060085345157e+20 1.448799149957857772e+20 1.294551444282740736e+20 1.157780071256807997e+20 1.036620847915127931e+20 9.315299600254608998e+19 8.416822866287132672e+19 7.644610747324560179e+19
2.279977657576911340e+20 2.054743161869173719e+20 1.820111881390152745e+20 1.622803060085345157e+20 1.448799149957857935e+20 1.294551444282740572e+20 1.157780071256807997e+20 1.036620847915127931e+20 9.315299600254612275e+19 8.416822866287132672e+19 7.644610747324561818e+19
2.279977657576911340e+20 2.054743161869173719e+20 1.820111881390152745e+20 1.622803060085345157e+20 1.448799149957858099e+20 1.294551444282740736e+20 1.157780071256807997e+20 1.036620847915127931e+20 9.315299600254612275e+19 8.416822866287132672e+19 7.644610747324563456e+19
2.279977657576911995e+20 2.054743161869173719e+20 1.820111881390153400e+20 1.622803060085345157e+20 1.448799149957857935e+20 1.294551444282740572e+20 1.157780071256807834e+20 1.036620847915127931e+20 9.315299600254612275e+19 8.416822866287132672e+19 7.644610747324563456e+19
2.279977657576911340e+20 2.054743161869173391e+20 1.820111881390152745e+20 1.622803060085345157e+20 1.448799149957857935e+20 1.294551444282740572e+20 1.157780071256807834e+20 1.036620847915127931e+20 9.315299600254608998e+19 8.416822866287132672e+19 7.644610747324561818e+19
2.279977657576911340e+20 2.054743161869173391e+20 1.820111881390152745e+20 1.622803060085345157e+20 1.448799149957857935e+20 1.294551444282740572e+20 1.157780071256807997e+20 1.036620847915127931e+20 9.315299600254608998e+19 8.416822866287132672e+19 7.644610747324565094e+19
2.279977657576911340e+20 2.054743161869173064e+20 1.820111881390153073e+20 1.622803060085345485e+20 1.448799149957857772e+20 1.294551444282740572e+20 1.157780071256807834e+20 1.036620847915127931e+20 9.315299600254610637e+19 8.416822866287132672e+19 7.644610747324565094e+19
2.279977657576911340e+20 2.054743161869172736e+20 1.820111881390152745e+20 1.622803060085345812e+20 1.448799149957857935e+20 1.294551444282740736e+20 1.157780071256807506e+20 1.036620847915127931e+20 9.315299600254610637e+19 8.416822866287132672e+19 7.644610747324566733e+19
2.279977657576911340e+20 2.054743161869172736e+20 1.820111881390152417e+20 1.622803060085345485e+20 1.448799149957857935e+20 1.294551444282740572e+20 1.157780071256807506e+20 1.036620847915127931e+20 9.315299600254608998e+19 8.416822866287132672e+19 7.644610747324568371e+19
2.279977657576910684e+20 2.054743161869172736e+20 1.820111881390153073e+20 1.622803060085345485e+20 1.448799149957858099e+20 1.294551444282740572e+20 1.157780071256807506e+20 1.036620847915127931e+20 9.315299600254610637e+19 8.416822866287132672e+19 7.644610747324570010e+19
2.279977657576910356e+20 2.054743161869172736e+20 1.820111881390153073e+20 1.622803060085345485e+20 1.448799149957857772e+20 1.294551444282740572e+20 1.157780071256807506e+20 1.036620847915127931e+20 9.315299600254612275e+19 8.416822866287132672e+19 7.644610747324570010e+19
2.279977657576910029e+20 2.054743161869172408e+20 1.820111881390152745e+20 1.622803060085345485e+20 1.448799149957857935e+20 1.294551444282740408e+20 1.157780071256807342e+20 1.036620847915127931e+20 9.315299600254608998e+19 8.416822866287132672e+19 7.644610747324568371e+19
2.279977657576909701e+20 2.054743161869172736e+20 1.820111881390152745e+20 1.622803060085345485e+20 1.448799149957857935e+20 1.294551444282740408e+20 1.157780071256807506e+20 1.036620847915127931e+20 9.315299600254608998e+19 8.416822866287132672e+19 7.644610747324570010e+19
2.279977657576909373e+20 2.054743161869172736e+20 1.820111881390153400e+20 1.622803060085345157e+20 1.448799149957857935e+20 1.294551444282740408e+20 1.157780071256807506e+20 1.036620847915127931e+20 9.315299600254610637e+19 8.416822866287132672e+19 7.644610747324568371e+19
2.279977657576909373e+20 2.054743161869172736e+20 1.820111881390153073e+20 1.622803060085344829e+20 1.448799149957857935e+20 1.294551444282740572e+20 1.157780071256807506e+20 1.036620847915127931e+20 9.315299600254610637e+19 8.416822866287132672e+19 7.644610747324573286e+19
2.279977657576909046e+20 2.054743161869172736e+20 1.820111881390153073e+20 1.622803060085345485e+20 1.448799149957857935e+20 1.294551444282740244e+20 1.157780071256807670e+20 1.036620847915127931e+20 9.315299600254610637e+19 8.416822866287132672e+19 7.644610747324573286e+19
2.279977657576909046e+20 2.054743161869172736e+20 1.820111881390153728e+20 1.622803060085345812e+20 1.448799149957858099e+20 1.294551444282740408e+20 1.157780071256807506e+20 1.036620847915127931e+20 9.315299600254610637e+19 8.416822866287132672e+19 7.644610747324573286e+19
2.279977657576909373e+20 2.054743161869172736e+20 1.820111881390153728e+20 1.622803060085345485e+20 1.448799149957858263e+20 1.294551444282740408e+20 1.157780071256807342e+20 1.036620847915127931e+20 9.315299600254608998e+19 8.416822866287132672e+19 7.644610747324573286e+19
2.279977657576909373e+20 2.054743161869172408e+20 1.820111881390153400e+20 1.622803060085345157e+20 1.448799149957858427e+20 1.294551444282740244e+20 1.157780071256807178e+20 1.036620847915127931e+20 9.315299600254610637e+19 8.416822866287132672e+19 7.644610747324568371e+19
2.279977657576909701e+20 2.054743161869172408e+20 1.820111881390153400e+20 1.622803060085345485e+20 1.448799149957858263e+20 1.294551444282740408e+20 1.157780071256807014e+20 1.036620847915127931e+20 9.315299600254610637e+19 8.416822866287132672e+19 7.644610747324568371e+19
2.279977657576910029e+20 2.054743161869172736e+20 1.820111881390154056e+20 1.622803060085345812e+20 1.448799149957858263e+20 1.294551444282740572e+20 1.157780071256807014e+20 1.036620847915127931e+20 9.315299600254610637e+19 8.416822866287132672e+19 7.644610747324571648e+19
2.279977657576910029e+20 2.054743161869173064e+20 1.820111881390153728e+20 1.622803060085345485e+20 1.448799149957858263e+20 1.294551444282740244e+20 1.157780071256807178e+20 1.036620847915127931e+20 9.315299600254610637e+19 8.416822866287132672e+19 7.644610747324571648e+19
2.279977657576909046e+20 2.054743161869173064e+20 1.820111881390153728e+20 1.622803060085345157e+20 1.448799149957858263e+20 1.294551444282740408e+20 1.157780071256807014e+20 1.036620847915127931e+20 9.315299600254608998e+19 8.416822866287132672e+19 7.644610747324573286e+19
2.279977657576909373e+20 2.054743161869173719e+20 1.820111881390154056e+20 1.622803060085345485e+20 1.448799149957858099e+20 1.294551444282740408e+20 1.157780071256807014e+20 1.036620847915127931e+20 9.315299600254608998e+19 8.416822866287132672e+19 7.644610747324576563e+19
2.279977657576909046e+20 2.054743161869173391e+20 1.820111881390154383e+20 1.622803060085345812e+20 1.448799149957858263e+20 1.294551444282740244e+20 1.157780071256807178e+20 1.036620847915127931e+20 9.315299600254608998e+19 8.416822866287132672e+19 7.644610747324578202e+19
2.279977657576909373e+20 2.054743161869173391e+20 1.820111881390153728e+20 1.622803060085345485e+20 1.448799149957858099e+20 1.294551444282740244e+20 1.157780071256807342e+20 1.036620847915127931e+20 9.315299600254607360e+19 8.416822866287132672e+19 7.644610747324579840e+19
2.279977657576909373e+20 2.054743161869173391e+20 1.820111881390153728e+20 1.622803060085345485e+20 1.448799149957858099e+20 1.294551444282740408e+20 1.157780071256807178e+20 1.036620847915127931e+20 9.315299600254607360e+19 8.416822866287132672e+19 7.644610747324578202e+19
2.279977657576909046e+20 2.054743161869173391e+20 1.820111881390154056e+20 1.622803060085345485e+20 1.448799149957858099e+20 1.294551444282740244e+20 1.157780071256807014e+20 1.036620847915127931e+20 9.315299600254607360e+19 8.416822866287132672e+19 7.644610747324579840e+19
2.279977657576909373e+20 2.054743161869173391e+20 1.820111881390154056e+20 1.622803060085345812e+20 1.448799149957858263e+20 1.294551444282740081e+20 1.157780071256807178e+20 1.036620847915127931e+20 9.315299600254607360e+19 8.416822866287132672e+19 7.644610747324581478e+19
2.279977657576909046e+20 2.054743161869173391e+20 1.820111881390153400e+20 1.622803060085345485e+20 1.448799149957857935e+20 1.294551444282740081e+20 1.157780071256807178e+20 1.036620847915127931e+20 9.315299600254605722e+19 8.416822866287132672e+19 7.644610747324583117e+19
2.279977657576908390e+20 2.054743161869173391e+20 1.820111881390153400e+20 1.622803060085345812e+20 1.448799149957858099e+20 1.294551444282739917e+20 1.157780071256807178e+20 1.036620847915127931e+20 9.315299600254607360e+19 8.416822866287132672e+19 7.644610747324584755e+19
2.279977657576909046e+20 2.054743161869173391e+20 1.820111881390154056e+20 1.622803060085345812e+20 1.448799149957858263e+20 1.294551444282740081e+20 1.157780071256807014e+20 1.036620847915127931e+20 9.315299600254605722e+19 8.416822866287132672e+19 7.644610747324579840e+19
2.279977657576908718e+20 2.054743161869173391e+20 1.820111881390153400e+20 1.622803060085345812e+20 1.448799149957858263e+20 1.294551444282740081e+20 1.157780071256807178e+20 1.036620847915127931e+20 9.315299600254604083e+19 8.416822866287132672e+19 7.644610747324581478e+19
2.279977657576909046e+20 2.054743161869173719e+20 1.820111881390153073e+20 1.622803060085345485e+20 1.448799149957858099e+20 1.294551444282739917e+20 1.157780071256807342e+20 1.036620847915127931e+20 9.315299600254604083e+19 8.416822866287132672e+19 7.644610747324581478e+19
2.279977657576909373e+20 2.054743161869174047e+20 1.820111881390153400e+20 1.622803060085345485e+20 1.448799149957858263e+20 1.294551444282740081e+20 1.157780071256807178e+20 1.036620847915127931e+20 9.315299600254605722e+19 8.416822866287132672e+19 7.644610747324579840e+19
2.279977657576910029e+20 2.054743161869174374e+20 1.820111881390153400e+20 1.622803060085345812e+20 1.448799149957858099e+20 1.294551444282740244e+20 1.157780071256807178e+20 1.036620847915127931e+20 9.315299600254605722e+19 8.416822866287132672e+19 7.644610747324583117e+19
2.279977657576909701e+20 2.054743161869174374e+20 1.820111881390153400e+20 1.622803060085345485e+20 1.448799149957857935e+20 1.294551444282740408e+20 1.157780071256807342e+20 1.036620847915127931e+20 9.315299600254605722e+19 8.416822866287132672e+19 7.644610747324583117e+19
2.279977657576909701e+20 2.054743161869174374e+20 1.820111881390153400e+20 1.622803060085345485e+20 1.448799149957857772e+20 1.294551444282740572e+20 1.157780071256807178e+20 1.036620847915127931e+20 9.315299600254605722e+19 8.416822866287132672e+19 7.644610747324581478e+19
2.279977657576909701e+20 2.054743161869173719e+20 1.820111881390153728e+20 1.622803060085345812e+20 1.448799149957857772e+20 1.294551444282740736e+20 1.157780071256806851e+20 1.036620847915127931e+20 9.315299600254602445e+19 8.416822866287132672e+19 7.644610747324584755e+19
2.279977657576910029e+20 2.054743161869173719e+20 1.820111881390153728e+20 1.622803060085345485e+20 1.448799149957857935e+20 1.294551444282740736e+20 1.157780071256806851e+20 1.036620847915127931e+20 9.315299600254602445e+19 8.416822866287132672e+19 7.644610747324588032e+19
2.279977657576909701e+20 2.054743161869173719e+20 1.820111881390153073e+20 1.622803060085345485e+20 1.448799149957858263e+20 1.294551444282740900e+20 1.157780071256807506e+20 1.036620847915127931e+20 9.315299600254602445e+19 8.416822866287132672e+19 7.644610747324589670e+19
2.279977657576909701e+20 2.054743161869173719e+20 1.820111881390153073e+20 1.622803060085345812e+20 1.448799149957858099e+20 1.294551444282740900e+20 1.157780071256807014e+20 1.036620847915127931e+20 9.315299600254604083e+19 8.416822866287132672e+19 7.644610747324584755e+19
2.279977657576909701e+20 2.054743161869173719e+20 1.820111881390153728e+20 1.622803060085345485e+20 1.448799149957858263e+20 1.294551444282740736e+20 1.157780071256807178e+20 1.036620847915127931e+20 9.315299600254604083e+19 8.416822866287132672e+19 7.644610747324588032e+19
2.279977657576909701e+20 2.054743161869173719e+20 1.820111881390153728e+20 1.622803060085345485e+20 1.448799149957858263e+20 1.294551444282740572e+20 1.157780071256807178e+20 1.036620847915127931e+20 9.315299600254604083e+19 8.416822866287132672e+19 7.644610747324584755e+19
2.279977657576909046e+20 2.054743161869174047e+20 1.820111881390153400e+20 1.622803060085345485e+20 1.448799149957858099e+20 1.294551444282740900e+20 1.157780071256807342e+20 1.036620847915127931e+20 9.315299600254602445e+19 8.416822866287132672e+19 7.644610747324588032e+19
2.279977657576909046e+20 2.054743161869174702e+20 1.820111881390153073e+20 1.622803060085345485e+20 1.448799149957858427e+20 1.294551444282740736e+20 1.157780071256807014e+20 1.036620847915127931e+20 9.315299600254602445e+19 8.416822866287132672e+19 7.644610747324586394e+19
2.279977657576909046e+20 2.054743161869175030e+20 1.820111881390153400e+20 1.622803060085345485e+20 1.448799149957858427e+20 1.294551444282740900e+20 1.157780071256807670e+20 1.036620847915127931e+20 9.315299600254602445e+19 8.416822866287132672e+19 7.644610747324579840e+19
2.279977657576910029e+20 2.054743161869175030e+20 1.820111881390153728e+20 1.622803060085345812e+20 1.448799149957858427e+20 1.294551444282740572e+20 1.157780071256807506e+20 1.036620847915127931e+20 9.315299600254604083e+19 8.416822866287132672e+19 7.644610747324578202e+19
2.279977657576910029e+20 2.054743161869175030e+20 1.820111881390153073e+20 1.622803060085345812e+20 1.448799149957858427e+20 1.294551444282740900e+20 1.157780071256807342e+20 1.036620847915127931e+20 9.315299600254604083e+19 8.416822866287132672e+19 7.644610747324578202e+19
2.279977657576909373e+20 2.054743161869175030e+20 1.820111881390153073e+20 1.622803060085345812e+20 1.448799149957858263e+20 1.294551444282741064e+20 1.157780071256807997e+20 1.036620847915127931e+20 9.315299600254604083e+19 8.416822866287132672e+19 7.644610747324578202e+19
2.279977657576908718e+20 2.054743161869174702e+20 1.820111881390153400e+20 1.622803060085346140e+20 1.448799149957858263e+20 1.294551444282741228e+20 1.157780071256808161e+20 1.036620847915127931e+20 9.315299600254604083e+19 8.416822866287132672e+19 7.644610747324578202e+19
2.279977657576909046e+20 2.054743161869174702e+20 1.820111881390153400e+20 1.622803060085346140e+20 1.448799149957858099e+20 1.294551444282741391e+20 1.157780071256807834e+20 1.036620847915127931e+20 9.315299600254605722e+19 8.416822866287132672e+19 7.644610747324579840e+19
2.279977657576908718e+20 2.054743161869174702e+20 1.820111881390152745e+20 1.622803060085346140e+20 1.448799149957858099e+20 1.294551444282741228e+20 1.157780071256807178e+20 1.036620847915127931e+20 9.315299600254605722e+19 8.416822866287132672e+19 7.644610747324579840e+19
2.279977657576908063e+20 2.054743161869174374e+20 1.820111881390152745e+20 1.622803060085346140e+20 1.448799149957857935e+20 1.294551444282741064e+20 1.157780071256806523e+20 1.036620847915127931e+20 9.315299600254605722e+19 8.416822866287132672e+19 7.644610747324579840e+19
2.279977657576907735e+20 2.054743161869174702e+20 1.820111881390153073e+20 1.622803060085346140e+20 1.448799149957857935e+20 1.294551444282741228e+20 1.157780071256805868e+20 1.036620847915127931e+20 9.315299600254605722e+19 8.416822866287132672e+19 7.644610747324581478e+19
2.279977657576907080e+20 2.054743161869174374e+20 1.820111881390153073e+20 1.622803060085346140e+20 1.448799149957857935e+20 1.294551444282741228e+20 1.157780071256805376e+20 1.036620847915127931e+20 9.315299600254605722e+19 8.416822866287132672e+19 7.644610747324581478e+19
2.279977657576907080e+20 2.054743161869174374e+20 1.820111881390152745e+20 1.622803060085346140e+20 1.448799149957857772e+20 1.294551444282741391e+20 1.157780071256805048e+20 1.036620847915127931e+20 9.315299600254605722e+19 8.416822866287132672e+19 7.644610747324578202e+19
2.279977657576906752e+20 2.054743161869174702e+20 1.820111881390152745e+20 1.622803060085346468e+20 1.448799149957857935e+20 1.294551444282741391e+20 1.157780071256805212e+20 1.036620847915127931e+20 9.315299600254604083e+19 8.416822866287132672e+19 7.644610747324578202e+19
2.279977657576907080e+20 2.054743161869174702e+20 1.820111881390153073e+20 1.622803060085346140e+20 1.448799149957858099e+20 1.294551444282741719e+20 1.157780071256805868e+20 1.036620847915127931e+20 9.315299600254599168e+19 8.416822866287132672e+19 7.644610747324576563e+19
2.279977657576907080e+20 2.054743161869175357e+20 1.820111881390153400e+20 1.622803060085346468e+20 1.448799149957857935e+20 1.294551444282741719e+20 1.157780071256805868e+20 1.036620847915127931e+20 9.315299600254602445e+19 8.416822866287132672e+19 7.644610747324579840e+19
2.279977657576907407e+20 2.054743161869175685e+20 1.820111881390152745e+20 1.622803060085346140e+20 1.448799149957857935e+20 1.294551444282741719e+20 1.157780071256805048e+20 1.036620847915127931e+20 9.315299600254602445e+19 8.416822866287132672e+19 7.644610747324581478e+19
2.279977657576907407e+20 2.054743161869176340e+20 1.820111881390152745e+20 1.622803060085346468e+20 1.448799149957857935e+20 1.294551444282742047e+20 1.157780071256805212e+20 1.036620847915127931e+20 9.315299600254604083e+19 8.416822866287132672e+19 7.644610747324581478e+19
2.279977657576907407e+20 2.054743161869176340e+20 1.820111881390153073e+20 1.622803060085346468e+20 1.448799149957857772e+20 1.294551444282742047e+20 1.157780071256805048e+20 1.036620847915127931e+20 9.315299600254604083e+19 8.416822866287132672e+19 7.644610747324576563e+19
2.279977657576907407e+20 2.054743161869176013e+20 1.820111881390153728e+20 1.622803060085346140e+20 1.448799149957857935e+20 1.294551444282742211e+20 1.157780071256804557e+20 1.036620847915127931e+20 9.315299600254604083e+19 8.416822866287132672e+19 7.644610747324574925e+19
2.279977657576907080e+20 2.054743161869176013e+20 1.820111881390153073e+20 1.622803060085346140e+20 1.448799149957857772e+20 1.294551444282742211e+20 1.157780071256804721e+20 1.036620847915127931e+20 9.315299600254605722e+19 8.416822866287132672e+19 7.644610747324579840e+19
2.279977657576907080e+20 2.054743161869175685e+20 1.820111881390152745e+20 1.622803060085346468e+20 1.448799149957857772e+20 1.294551444282742047e+20 1.157780071256804557e+20 1.036620847915127931e+20 9.315299600254604083e+19 8.416822866287132672e+19 7.644610747324583117e+19
2.279977657576907080e+20 2.054743161869175685e+20 1.820111881390153073e+20 1.622803060085346140e+20 1.448799149957857935e+20 1.294551444282742047e+20 1.157780071256804229e+20 1.036620847915127931e+20 9.315299600254605722e+19 8.416822866287132672e+19 7.644610747324584755e+19
2.279977657576907407e+20 2.054743161869175357e+20 1.820111881390153400e+20 1.622803060085346140e+20 1.448799149957857935e+20 1.294551444282742047e+20 1.157780071256804229e+20 1.036620847915127931e+20 9.315299600254608998e+19 8.416822866287132672e+19 7.644610747324584755e+19
2.279977657576907407e+20 2.054743161869175685e+20 1.820111881390152745e+20 1.622803060085345812e+20 1.448799149957857772e+20 1.294551444282742374e+20 1.157780071256804065e+20 1.036620847915127931e+20 9.315299600254608998e+19 8.416822866287132672e+19 7.644610747324583117e+19
2.279977657576908063e+20 2.054743161869175030e+20 1.820111881390152417e+20 1.622803060085345485e+20 1.448799149957857772e+20 1.294551444282742374e+20 1.157780071256804229e+20 1.036620847915127931e+20 9.315299600254608998e+19 8.416822866287132672e+19 7.644610747324579840e+19
2.279977657576907407e+20 2.054743161869175357e+20 1.820111881390152745e+20 1.622803060085345812e+20 1.448799149957857608e+20 1.294551444282742211e+20 1.157780071256804393e+20 1.036620847915127931e+20 9.315299600254608998e+19 8.416822866287132672e+19 7.644610747324581478e+19
2.279977657576907080e+20 2.054743161869175357e+20 1.820111881390153073e+20 1.622803060085345485e+20 1.448799149957857608e+20 1.294551444282742538e+20 1.157780071256804721e+20 1.036620847915127931e+20 9.315299600254608998e+19 8.416822866287132672e+19 7.644610747324581478e+19
2.279977657576906752e+20 2.054743161869175685e+20 1.820111881390153073e+20 1.622803060085345485e+20 1.448799149957857608e+20 1.294551444282742538e+20 1.157780071256804721e+20 1.036620847915127931e+20 9.315299600254610637e+19 8.416822866287132672e+19 7.644610747324579840e+19
2.279977657576906424e+20 2.054743161869175685e+20 1.820111881390152745e+20 1.622803060085345812e+20 1.448799149957857608e+20 1.294551444282742702e+20 1.157780071256804557e+20 1.036620847915127931e+20 9.315299600254608998e+19 8.416822866287132672e+19 7.644610747324581478e+19
2.279977657576906752e+20 2.054743161869176013e+20 1.820111881390152745e+20 1.622803060085345485e+20 1.448799149957857444e+20 1.294551444282742538e+20 1.157780071256804557e+20 1.036620847915127931e+20 9.315299600254607360e+19 8.416822866287132672e+19 7.644610747324579840e+19
2.279977657576906752e+20 2.054743161869176013e+20 1.820111881390153073e+20 1.622803060085345812e+20 1.448799149957857608e+20 1.294551444282742538e+20 1.157780071256804557e+20 1.036620847915127931e+20 9.315299600254608998e+19 8.416822866287132672e+19 7.644610747324583117e+19
2.279977657576907080e+20 2.054743161869176013e+20 1.820111881390153728e+20 1.622803060085345485e+20 1.448799149957857608e+20 1.294551444282742374e+20 1.157780071256804721e+20 1.036620847915127931e+20 9.315299600254607360e+19 8.416822866287132672e+19 7.644610747324586394e+19
2.279977657576906424e+20 2.054743161869176340e+20 1.820111881390153400e+20 1.622803060085345485e+20 1.448799149957857772e+20 1.294551444282742374e+20 1.157780071256804721e+20 1.036620847915127931e+20 9.315299600254607360e+19 8.416822866287132672e+19 7.644610747324588032e+19
2.279977657576906097e+20 2.054743161869176013e+20 1.820111881390153400e+20 1.622803060085345812e+20 1.448799149957857608e+20 1.294551444282742211e+20 1.157780071256804557e+20 1.036620847915127931e+20 9.315299600254608998e+19 8.416822866287132672e+19 7.644610747324589670e+19
2.279977657576906097e+20 2.054743161869176013e+20 1.820111881390153728e+20 1.622803060085345485e+20 1.448799149957857608e+20 1.294551444282742047e+20 1.157780071256804721e+20 1.036620847915127931e+20 9.315299600254607360e+19 8.416822866287132672e+19 7.644610747324591309e+19
2.279977657576905769e+20 2.054743161869175685e+20 1.820111881390154056e+20 1.622803060085345812e+20 1.448799149957857608e+20 1.294551444282742211e+20 1.157780071256804721e+20 1.036620847915127931e+20 9.315299600254610637e+19 8.416822866287132672e+19 7.644610747324591309e+19
2.279977657576905769e+20 2.054743161869176013e+20 1.820111881390154056e+20 1.622803060085345485e+20 1.448799149957857608e+20 1.294551444282742211e+20 1.157780071256804393e+20 1.036620847915127931e+20 9.315299600254610637e+19 8.416822866287132672e+19 7.644610747324591309e+19
2.279977657576906097e+20 2.054743161869175685e+20 1.820111881390153728e+20 1.622803060085345485e+20 1.448799149957857772e+20 1.294551444282742047e+20 1.157780071256804721e+20 1.036620847915127931e+20 9.315299600254612275e+19 8.416822866287132672e+19 7.644610747324591309e+19
2.279977657576906752e+20 2.054743161869176013e+20 1.820111881390153400e+20 1.622803060085345812e+20 1.448799149957857608e+20 1.294551444282742047e+20 1.157780071256804721e+20 1.036620847915127931e+20 9.315299600254612275e+19 8.416822866287132672e+19 7.644610747324592947e+19
2.279977657576907080e+20 2.054743161869176340e+20 1.820111881390153728e+20 1.622803060085345812e+20 1.448799149957857608e+20 1.294551444282742211e+20 1.157780071256804721e+20 1.036620847915127931e+20 9.315299600254610637e+19 8.416822866287132672e+19 7.644610747324592947e+19
2.279977657576907080e+20 2.054743161869176340e+20 1.820111881390154056e+20 1.622803060085345812e+20 1.448799149957857444e+20 1.294551444282742047e+20 1.157780071256804721e+20 1.036620847915127931e+20 9.315299600254612275e+19 8.416822866287132672e+19 7.644610747324594586e+19
2.279977657576907735e+20 2.054743161869176340e+20 1.820111881390153400e+20 1.622803060085345485e+20 1.448799149957857608e+20 1.294551444282741719e+20 1.157780071256804721e+20 1.036620847915127931e+20 9.315299600254610637e+19 8.416822866287132672e+19 7.644610747324592947e+19
2.279977657576907735e+20 2.054743161869176340e+20 1.820111881390153073e+20 1.622803060085345812e+20 1.448799149957857444e+20 1.294551444282741719e+20 1.157780071256804393e+20 1.036620847915127931e+20 9.315299600254610637e+19 8.416822866287132672e+19 7.644610747324594586e+19
2.279977657576907407e+20 2.054743161869176340e+20 1.820111881390153400e+20 1.622803060085345485e+20 1.448799149957857444e+20 1.294551444282741719e+20 1.157780071256804393e+20 1.036620847915127931e+20 9.315299600254615552e+19 8.416822866287132672e+19 7.644610747324589670e+19
2.279977657576907080e+20 2.054743161869176668e+20 1.820111881390153728e+20 1.622803060085345485e+20 1.448799149957857444e+20 1.294551444282741719e+20 1.157780071256804393e+20 1.036620847915127931e+20 9.315299600254615552e+19 8.416822866287132672e+19 7.644610747324586394e+19
2.279977657576907080e+20 2.054743161869176996e+20 1.820111881390154383e+20 1.622803060085345485e+20 1.448799149957857280e+20 1.294551444282741719e+20 1.157780071256804229e+20 1.036620847915127931e+20 9.315299600254615552e+19 8.416822866287132672e+19 7.644610747324588032e+19
2.279977657576906752e+20 2.054743161869176668e+20 1.820111881390154056e+20 1.622803060085345485e+20 1.448799149957857280e+20 1.294551444282741719e+20 1.157780071256804065e+20 1.036620847915127931e+20 9.315299600254617190e+19 8.416822866287132672e+19 7.644610747324589670e+19
2.279977657576906752e+20 2.054743161869176668e+20 1.820111881390153728e+20 1.622803060085345485e+20 1.448799149957857280e+20 1.294551444282741555e+20 1.157780071256803901e+20 1.036620847915127931e+20 9.315299600254618829e+19 8.416822866287132672e+19 7.644610747324588032e+19
2.279977657576906424e+20 2.054743161869176668e+20 1.820111881390153728e+20 1.622803060085345485e+20 1.448799149957857116e+20 1.294551444282741391e+20 1.157780071256803574e+20 1.036620847915127931e+20 9.315299600254617190e+19 8.416822866287132672e+19 7.644610747324591309e+19
2.279977657576906752e+20 2.054743161869176340e+20 1.820111881390153728e+20 1.622803060085345485e+20 1.448799149957857116e+20 1.294551444282741555e+20 1.157780071256803410e+20 1.036620847915127931e+20 9.315299600254617190e+19 8.416822866287132672e+19 7.644610747324591309e+19
2.279977657576906424e+20 2.054743161869176340e+20 1.820111881390154056e+20 1.622803060085345485e+20 1.448799149957856952e+20 1.294551444282741719e+20 1.157780071256803082e+20 1.036620847915127931e+20 9.315299600254617190e+19 8.416822866287132672e+19 7.644610747324592947e+19
2.279977657576906424e+20 2.054743161869176013e+20 1.820111881390154056e+20 1.622803060085345812e+20 1.448799149957856952e+20 1.294551444282741719e+20 1.157780071256803082e+20 1.036620847915127931e+20 9.315299600254617190e+19 8.416822866287132672e+19 7.644610747324594586e+19
2.279977657576906424e+20 2.054743161869175685e+20 1.820111881390153400e+20 1.622803060085345485e+20 1.448799149957856952e+20 1.294551444282741719e+20 1.157780071256803082e+20 1.036620847915127931e+20 9.315299600254618829e+19 8.416822866287132672e+19 7.644610747324594586e+19
2.279977657576906424e+20 2.054743161869175357e+20 1.820111881390153400e+20 1.622803060085345485e+20 1.448799149957856952e+20 1.294551444282741555e+20 1.157780071256803246e+20 1.036620847915127931e+20 9.315299600254617190e+19 8.416822866287132672e+19 7.644610747324597862e+19
2.279977657576906097e+20 2.054743161869175357e+20 1.820111881390153400e+20 1.622803060085345485e+20 1.448799149957856952e+20 1.294551444282741719e+20 1.157780071256803410e+20 1.036620847915127931e+20 9.315299600254617190e+19 8.416822866287132672e+19 7.644610747324592947e+19
2.279977657576905441e+20 2.054743161869175030e+20 1.820111881390154056e+20 1.622803060085345485e+20 1.448799149957856788e+20 1.294551444282741719e+20 1.157780071256803410e+20 1.036620847915127931e+20 9.315299600254615552e+19 8.416822866287132672e+19 7.644610747324594586e+19
2.279977657576905441e+20 2.054743161869175357e+20 1.820111881390153728e+20 1.622803060085345812e+20 1.448799149957856788e+20 1.294551444282741555e+20 1.157780071256803410e+20 1.036620847915127931e+20 9.315299600254615552e+19 8.416822866287132672e+19 7.644610747324592947e+19
2.279977657576905114e+20 2.054743161869175685e+20 1.820111881390153728e+20 1.622803060085345485e+20 1.448799149957856625e+20 1.294551444282741719e+20 1.157780071256803410e+20 1.036620847915127931e+20 9.315299600254617190e+19 8.416822866287132672e+19 7.644610747324592947e+19
2.279977657576905441e+20 2.054743161869175357e+20 1.820111881390153728e+20 1.622803060085345812e+20 1.448799149957856788e+20 1.294551444282741555e+20 1.157780071256803574e+20 1.036620847915127931e+20 9.315299600254618829e+19 8.416822866287132672e+19 7.644610747324591309e+19
2.279977657576905114e+20 2.054743161869176013e+20 1.820111881390154056e+20 1.622803060085345485e+20 1.448799149957856625e+20 1.294551444282741883e+20 1.157780071256803410e+20 1.036620847915127931e+20 9.315299600254618829e+19 8.416822866287132672e+19 7.644610747324591309e+19
2.279977657576905769e+20 2.054743161869176013e+20 1.820111881390154383e+20 1.622803060085345812e+20 1.448799149957856788e+20 1.294551444282741883e+20 1.157780071256803574e+20 1.036620847915127931e+20 9.315299600254618829e+19 8.416822866287132672e+19 7.644610747324594586e+19
2.279977657576906097e+20 2.054743161869176340e+20 1.820111881390154056e+20 1.622803060085345157e+20 1.448799149957856788e+20 1.294551444282741883e+20 1.157780071256803574e+20 1.036620847915127931e+20 9.315299600254618829e+19 8.416822866287132672e+19 7.644610747324591309e+19
2.279977657576906097e+20 2.054743161869176668e+20 1.820111881390153728e+20 1.622803060085345812e+20 1.448799149957856952e+20 1.294551444282742047e+20 1.157780071256803246e+20 1.036620847915127931e+20 9.315299600254618829e+19 8.416822866287132672e+19 7.644610747324591309e+19
2.279977657576905769e+20 2.054743161869176668e+20 1.820111881390154056e+20 1.622803060085345485e+20 1.448799149957856788e+20 1.294551444282742047e+20 1.157780071256803410e+20 1.036620847915127931e+20 9.315299600254617190e+19 8.416822866287132672e+19 7.644610747324589670e+19
2.279977657576905441e+20 2.054743161869176668e+20 1.820111881390154056e+20 1.622803060085345485e+20 1.448799149957856625e+20 1.294551444282742047e+20 1.157780071256803246e+20 1.036620847915127931e+20 9.315299600254615552e+19 8.416822866287132672e+19 7.644610747324591309e+19
2.279977657576906424e+20 2.054743161869176668e+20 1.820111881390154383e+20 1.622803060085345157e+20 1.448799149957856625e+20 1.294551444282742211e+20 1.157780071256803082e+20 1.036620847915127931e+20 9.315299600254613914e+19 8.416822866287132672e+19 7.644610747324589670e+19
2.279977657576906752e+20 2.054743161869176668e+20 1.820111881390154383e+20 1.622803060085345485e+20 1.448799149957856788e+20 1.294551444282742374e+20 1.157780071256803082e+20 1.036620847915127931e+20 9.315299600254613914e+19 8.416822866287132672e+19 7.644610747324584755e+19
2.279977657576906752e+20 2.054743161869176668e+20 1.820111881390154056e+20 1.622803060085345157e+20 1.448799149957856788e+20 1.294551444282742538e+20 1.157780071256802918e+20 1.036620847915127931e+20 9.315299600254615552e+19 8.416822866287132672e+19 7.644610747324586394e+19
2.279977657576906752e+20 2.054743161869176340e+20 1.820111881390154056e+20 1.622803060085345485e+20 1.448799149957856461e+20 1.294551444282742374e+20 1.157780071256803082e+20 1.036620847915127931e+20 9.315299600254615552e+19 8.416822866287132672e+19 7.644610747324586394e+19
2.279977657576906752e+20 2.054743161869176013e+20 1.820111881390154056e+20 1.622803060085345485e+20 1.448799149957856461e+20 1.294551444282742538e+20 1.157780071256802591e+20 1.036620847915127931e+20 9.315299600254615552e+19 8.416822866287132672e+19 7.644610747324588032e+19
2.279977657576906752e+20 2.054743161869175685e+20 1.820111881390154056e+20 1.622803060085345157e+20 1.448799149957856461e+20 1.294551444282742866e+20 1.157780071256802591e+20 1.036620847915127931e+20 9.315299600254615552e+19 8.416822866287132672e+19 7.644610747324584755e+19
2.279977657576906752e+20 2.054743161869176013e+20 1.820111881390154383e+20 1.622803060085345157e+20 1.448799149957856461e+20 1.294551444282742866e+20 1.157780071256802263e+20 1.036620847915127931e+20 9.315299600254613914e+19 8.416822866287132672e+19 7.644610747324583117e+19
2.279977657576907080e+20 2.054743161869175685e+20 1.820111881390154056e+20 1.622803060085345485e+20 1.448799149957856133e+20 1.294551444282742866e+20 1.157780071256802591e+20 1.036620847915127931e+20 9.315299600254612275e+19 8.416822866287132672e+19 7.644610747324581478e+19
2.279977657576906752e+20 2.054743161869175685e+20 1.820111881390153728e+20 1.622803060085345485e+20 1.448799149957856133e+20 1.294551444282742866e+20 1.157780071256802427e+20 1.036620847915127931e+20 9.315299600254610637e+19 8.416822866287132672e+19 7.644610747324581478e+19
2.279977657576906424e+20 2.054743161869175685e+20 1.820111881390153728e+20 1.622803060085345812e+20 1.448799149957856297e+20 1.294551444282742866e+20 1.157780071256802263e+20 1.036620847915127931e+20 9.315299600254608998e+19 8.416822866287132672e+19 7.644610747324583117e+19
2.279977657576906097e+20 2.054743161869175685e+20 1.820111881390153728e+20 1.622803060085345485e+20 1.448799149957856133e+20 1.294551444282743030e+20 1.157780071256802099e+20 1.036620847915127931e+20 9.315299600254610637e+19 8.416822866287132672e+19 7.644610747324584755e+19
2.279977657576906097e+20 2.054743161869175357e+20 1.820111881390154056e+20 1.622803060085345485e+20 1.448799149957856297e+20 1.294551444282743030e+20 1.157780071256801772e+20 1.036620847915127931e+20 9.315299600254608998e+19 8.416822866287132672e+19 7.644610747324584755e+19
2.279977657576907080e+20 2.054743161869175357e+20 1.820111881390154383e+20 1.622803060085344829e+20 1.448799149957856297e+20 1.294551444282742866e+20 1.157780071256801608e+20 1.036620847915127931e+20 9.315299600254607360e+19 8.416822866287132672e+19 7.644610747324586394e+19
2.279977657576907080e+20 2.054743161869175357e+20 1.820111881390153728e+20 1.622803060085344829e+20 1.448799149957856461e+20 1.294551444282742866e+20 1.157780071256801608e+20 1.036620847915127931e+20 9.315299600254605722e+19 8.416822866287132672e+19 7.644610747324586394e+19
2.279977657576906752e+20 2.054743161869175030e+20 1.820111881390153728e+20 1.622803060085344502e+20 1.448799149957856297e+20 1.294551444282742866e+20 1.157780071256801772e+20 1.036620847915127931e+20 9.315299600254605722e+19 8.416822866287132672e+19 7.644610747324586394e+19
2.279977657576906752e+20 2.054743161869175030e+20 1.820111881390153400e+20 1.622803060085344829e+20 1.448799149957856297e+20 1.294551444282742866e+20 1.157780071256801935e+20 1.036620847915127931e+20 9.315299600254607360e+19 8.416822866287132672e+19 7.644610747324588032e+19
2.279977657576907080e+20 2.054743161869175357e+20 1.820111881390153728e+20 1.622803060085344502e+20 1.448799149957856297e+20 1.294551444282742866e+20 1.157780071256801772e+20 1.036620847915127931e+20 9.315299600254605722e+19 8.416822866287132672e+19 7.644610747324588032e+19
2.279977657576906752e+20 2.054743161869175685e+20 1.820111881390154056e+20 1.622803060085344502e+20 1.448799149957856461e+20 1.294551444282742866e+20 1.157780071256802099e+20 1.036620847915127931e+20 9.315299600254604083e+19 8.416822866287132672e+19 7.644610747324581478e+19
2.279977657576907407e+20 2.054743161869175685e+20 1.820111881390154056e+20 1.622803060085343846e+20 1.448799149957856461e+20 1.294551444282743030e+20 1.157780071256802263e+20 1.036620847915127931e+20 9.315299600254605722e+19 8.416822866287132672e+19 7.644610747324583117e+19
2.279977657576907735e+20 2.054743161869175685e+20 1.820111881390153728e+20 1.622803060085343846e+20 1.448799149957856625e+20 1.294551444282743194e+20 1.157780071256802427e+20 1.036620847915127931e+20 9.315299600254607360e+19 8.416822866287132672e+19 7.644610747324581478e+19
2.279977657576908063e+20 2.054743161869176013e+20 1.820111881390153400e+20 1.622803060085343191e+20 1.448799149957856461e+20 1.294551444282743194e+20 1.157780071256802591e+20 1.036620847915127931e+20 9.315299600254608998e+19 8.416822866287132672e+19 7.644610747324583117e+19
2.279977657576907080e+20 2.054743161869176013e+20 1.820111881390153728e+20 1.622803060085343846e+20 1.448799149957856461e+20 1.294551444282743194e+20 1.157780071256802755e+20 1.036620847915127931e+20 9.315299600254608998e+19 8.416822866287132672e+19 7.644610747324586394e+19
2.279977657576907407e+20 2.054743161869176013e+20 1.820111881390153728e+20 1.622803060085343846e+20 1.448799149957856297e+20 1.294551444282743357e+20 1.157780071256802918e+20 1.036620847915127931e+20 9.315299600254607360e+19 8.416822866287132672e+19 7.644610747324588032e+19
2.279977657576907735e+20 2.054743161869176013e+20 1.820111881390154056e+20 1.622803060085344174e+20 1.448799149957856297e+20 1.294551444282743194e+20 1.157780071256803410e+20 1.036620847915127931e+20 9.315299600254605722e+19 8.416822866287132672e+19 7.644610747324588032e+19
2.279977657576907735e+20 2.054743161869176013e+20 1.820111881390153728e+20 1.622803060085344174e+20 1.448799149957856625e+20 1.294551444282743357e+20 1.157780071256803574e+20 1.036620847915127931e+20 9.315299600254605722e+19 8.416822866287132672e+19 7.644610747324588032e+19
2.279977657576907407e+20 2.054743161869176340e+20 1.820111881390153400e+20 1.622803060085343846e+20 1.448799149957856461e+20 1.294551444282743194e+20 1.157780071256803574e+20 1.036620847915127931e+20 9.315299600254605722e+19 8.416822866287132672e+19 7.644610747324591309e+19
2.279977657576907407e+20 2.054743161869176013e+20 1.820111881390153073e+20 1.622803060085344174e+20 1.448799149957856297e+20 1.294551444282743030e+20 1.157780071256803738e+20 1.036620847915127931e+20 9.315299600254607360e+19 8.416822866287132672e+19 7.644610747324591309e+19
2.279977657576906752e+20 2.054743161869175685e+20 1.820111881390152745e+20 1.622803060085343846e+20 1.448799149957856133e+20 1.294551444282743030e+20 1.157780071256803410e+20 1.036620847915127931e+20 9.315299600254605722e+19 8.416822866287132672e+19 7.644610747324589670e+19
2.279977657576907080e+20 2.054743161869175357e+20 1.820111881390152745e+20 1.622803060085344174e+20 1.448799149957856133e+20 1.294551444282743030e+20 1.157780071256803574e+20 1.036620847915127931e+20 9.315299600254605722e+19 8.416822866287132672e+19 7.644610747324584755e+19
2.279977657576907080e+20 2.054743161869175357e+20 1.820111881390153073e+20 1.622803060085343846e+20 1.448799149957856133e+20 1.294551444282743357e+20 1.157780071256803574e+20 1.036620847915127931e+20 9.315299600254605722e+19 8.416822866287132672e+19 7.644610747324586394e+19
2.279977657576907080e+20 2.054743161869175685e+20 1.820111881390153400e+20 1.622803060085344174e+20 1.448799149957855805e+20 1.294551444282743357e+20 1.157780071256803410e+20 1.036620847915127931e+20 9.315299600254608998e+19 8.416822866287132672e+19 7.644610747324584755e+19
2.279977657576906424e+20 2.054743161869175030e+20 1.820111881390152745e+20 1.622803060085344174e+20 1.448799149957855805e+20 1.294551444282743194e+20 1.157780071256803246e+20 1.036620847915127931e+20 9.315299600254607360e+19 8.416822866287132672e+19 7.644610747324584755e+19
2.279977657576906424e+20 2.054743161869175030e+20 1.820111881390152417e+20 1.622803060085344174e+20 1.448799149957855805e+20 1.294551444282743194e+20 1.157780071256803082e+20 1.036620847915127931e+20 9.315299600254605722e+19 8.416822866287132672e+19 7.644610747324579840e+19
2.279977657576906752e+20 2.054743161869175030e+20 1.820111881390152745e+20 1.622803060085344174e+20 1.448799149957855805e+20 1.294551444282743030e+20 1.157780071256802918e+20 1.036620847915127931e+20 9.315299600254605722e+19 8.416822866287132672e+19 7.644610747324579840e+19
2.279977657576907080e+20 2.054743161869175030e+20 1.820111881390152417e+20 1.622803060085343846e+20 1.448799149957855642e+20 1.294551444282743194e+20 1.157780071256802755e+20 1.036620847915127931e+20 9.315299600254605722e+19 8.416822866287132672e+19 7.644610747324576563e+19
2.279977657576907080e+20 2.054743161869175030e+20 1.820111881390152417e+20 1.622803060085344502e+20 1.448799149957855642e+20 1.294551444282743030e+20 1.157780071256802755e+20 1.036620847915127931e+20 9.315299600254607360e+19 8.416822866287132672e+19 7.644610747324576563e+19
2.279977657576907080e+20 2.054743161869175030e+20 1.820111881390153073e+20 1.622803060085343846e+20 1.448799149957855805e+20 1.294551444282742866e+20 1.157780071256802591e+20 1.036620847915127931e+20 9.315299600254607360e+19 8.416822866287132672e+19 7.644610747324576563e+19
2.279977657576906752e+20 2.054743161869175030e+20 1.820111881390153073e+20 1.622803060085344174e+20 1.448799149957855969e+20 1.294551444282743194e+20 1.157780071256802591e+20 1.036620847915127931e+20 9.315299600254608998e+19 8.416822866287132672e+19 7.644610747324576563e+19
2.279977657576907080e+20 2.054743161869175030e+20 1.820111881390152745e+20 1.622803060085343846e+20 1.448799149957855805e+20 1.294551444282743030e+20 1.157780071256802755e+20 1.036620847915127931e+20 9.315299600254607360e+19 8.416822866287132672e+19 7.644610747324573286e+19
2.279977657576907080e+20 2.054743161869175357e+20 1.820111881390152417e+20 1.622803060085343846e+20 1.448799149957855969e+20 1.294551444282743030e+20 1.157780071256802755e+20 1.036620847915127931e+20 9.315299600254607360e+19 8.416822866287132672e+19 7.644610747324573286e+19
2.279977657576907080e+20 2.054743161869175685e+20 1.820111881390152745e+20 1.622803060085344174e+20 1.448799149957855805e+20 1.294551444282742702e+20 1.157780071256802918e+20 1.036620847915127931e+20 9.315299600254607360e+19 8.416822866287134310e+19 7.644610747324573286e+19
2.279977657576907080e+20 2.054743161869175685e+20 1.820111881390152745e+20 1.622803060085343846e+20 1.448799149957855969e+20 1.294551444282743030e+20 1.157780071256802918e+20 1.036620847915127931e+20 9.315299600254608998e+19 8.416822866287132672e+19 7.644610747324573286e+19
2.279977657576906424e+20 2.054743161869175357e+20 1.820111881390152745e+20 1.622803060085344174e+20 1.448799149957855805e+20 1.294551444282743194e+20 1.157780071256802755e+20 1.036620847915127931e+20 9.315299600254608998e+19 8.416822866287132672e+19 7.644610747324574925e+19
2.279977657576906097e+20 2.054743161869175357e+20 1.820111881390153073e+20 1.622803060085343846e+20 1.448799149957855805e+20 1.294551444282743357e+20 1.157780071256802755e+20 1.036620847915127931e+20 9.315299600254605722e+19 8.416822866287134310e+19 7.644610747324573286e+19
2.279977657576906097e+20 2.054743161869175030e+20 1.820111881390152745e+20 1.622803060085343846e+20 1.448799149957855969e+20 1.294551444282743194e+20 1.157780071256802755e+20 1.036620847915127931e+20 9.315299600254604083e+19 8.416822866287134310e+19 7.644610747324574925e+19
2.279977657576906424e+20 2.054743161869174702e+20 1.820111881390152417e+20 1.622803060085344174e+20 1.448799149957855805e+20 1.294551444282743194e+20 1.157780071256802591e+20 1.036620847915127931e+20 9.315299600254602445e+19 8.416822866287135949e+19 7.644610747324576563e+19
2.279977657576906097e+20 2.054743161869174702e+20 1.820111881390152090e+20 1.622803060085343519e+20 1.448799149957856133e+20 1.294551444282743194e+20 1.157780071256803082e+20 1.036620847915127931e+20 9.315299600254602445e+19 8.416822866287135949e+19 7.644610747324573286e+19
2.279977657576906424e+20 2.054743161869174702e+20 1.820111881390152090e+20 1.622803060085343846e+20 1.448799149957855969e+20 1.294551444282743194e+20 1.157780071256803246e+20 1.036620847915127931e+20 9.315299600254604083e+19 8.416822866287135949e+19 7.644610747324574925e+19
2.279977657576906752e+20 2.054743161869175030e+20 1.820111881390152090e+20 1.622803060085343846e+20 1.448799149957855969e+20 1.294551444282743194e+20 1.157780071256803246e+20 1.036620847915127931e+20 9.315299600254605722e+19 8.416822866287135949e+19 7.644610747324573286e+19
2.279977657576906424e+20 2.054743161869175685e+20 1.820111881390152417e+20 1.622803060085343519e+20 1.448799149957855969e+20 1.294551444282743030e+20 1.157780071256803082e+20 1.036620847915127931e+20 9.315299600254605722e+19 8.416822866287135949e+19 7.644610747324573286e+19
2.279977657576906424e+20 2.054743161869175685e+20 1.820111881390153073e+20 1.622803060085343846e+20 1.448799149957855969e+20 1.294551444282742866e+20 1.157780071256803082e+20 1.036620847915127931e+20 9.315299600254605722e+19 8.416822866287135949e+19 7.644610747324573286e+19
2.279977657576906097e+20 2.054743161869176013e+20 1.820111881390153073e+20 1.622803060085343191e+20 1.448799149957855805e+20 1.294551444282742866e+20 1.157780071256802755e+20 1.036620847915127931e+20 9.315299600254605722e+19 8.416822866287132672e+19 7.644610747324574925e+19
2.279977657576906097e+20 2.054743161869176013e+20 1.820111881390152417e+20 1.622803060085343519e+20 1.448799149957855805e+20 1.294551444282742866e+20 1.157780071256802755e+20 1.036620847915127931e+20 9.315299600254604083e+19 8.416822866287134310e+19 7.644610747324573286e+19
2.279977657576906424e+20 2.054743161869176340e+20 1.820111881390152417e+20 1.622803060085343191e+20 1.448799149957855805e+20 1.294551444282742538e+20 1.157780071256802591e+20 1.036620847915127931e+20 9.315299600254602445e+19 8.416822866287135949e+19 7.644610747324574925e+19
2.279977657576906424e+20 2.054743161869176340e+20 1.820111881390152417e+20 1.622803060085343191e+20 1.448799149957855805e+20 1.294551444282742538e+20 1.157780071256802591e+20 1.036620847915127931e+20 9.315299600254604083e+19 8.416822866287135949e+19 7.644610747324574925e+19
2.279977657576905769e+20 2.054743161869176340e+20 1.820111881390152417e+20 1.622803060085343519e+20 1.448799149957855969e+20 1.294551444282742702e+20 1.157780071256802427e+20 1.036620847915127931e+20 9.315299600254605722e+19 8.416822866287135949e+19 7.644610747324574925e+19
2.279977657576905769e+20 2.054743161869176668e+20 1.820111881390152417e+20 1.622803060085343519e+20 1.448799149957855969e+20 1.294551444282742538e+20 1.157780071256802427e+20 1.036620847915127931e+20 9.315299600254605722e+19 8.416822866287135949e+19 7.644610747324571648e+19
2.279977657576906424e+20 2.054743161869176340e+20 1.820111881390152417e+20 1.622803060085343191e+20 1.448799149957855969e+20 1.294551444282742538e+20 1.157780071256802263e+20 1.036620847915127931e+20 9.315299600254605722e+19 8.416822866287134310e+19 7.644610747324571648e+19
2.279977657576906424e+20 2.054743161869176340e+20 1.820111881390152745e+20 1.622803060085343519e+20 1.448799149957856297e+20 1.294551444282742866e+20 1.157780071256802427e+20 1.036620847915127931e+20 9.315299600254605722e+19 8.416822866287134310e+19 7.644610747324573286e+19
2.279977657576906424e+20 2.054743161869176340e+20 1.820111881390152745e+20 1.622803060085343191e+20 1.448799149957856297e+20 1.294551444282742702e+20 1.157780071256802755e+20 1.036620847915127931e+20 9.315299600254604083e+19 8.416822866287137587e+19 7.644610747324571648e+19
2.279977657576907080e+20 2.054743161869176340e+20 1.820111881390152090e+20 1.622803060085343191e+20 1.448799149957856297e+20 1.294551444282742538e+20 1.157780071256802427e+20 1.036620847915127931e+20 9.315299600254604083e+19 8.416822866287135949e+19 7.644610747324571648e+19
2.279977657576907407e+20 2.054743161869176668e+20 1.820111881390151762e+20 1.622803060085343191e+20 1.448799149957856461e+20 1.294551444282742374e+20 1.157780071256802918e+20 1.036620847915127931e+20 9.315299600254602445e+19 8.416822866287135949e+19 7.644610747324571648e+19
2.279977657576907080e+20 2.054743161869176996e+20 1.820111881390151434e+20 1.622803060085343191e+20 1.448799149957856297e+20 1.294551444282742211e+20 1.157780071256803246e+20 1.036620847915127931e+20 9.315299600254602445e+19 8.416822866287135949e+19 7.644610747324573286e+19
2.279977657576907080e+20 2.054743161869176668e+20 1.820111881390151434e+20 1.622803060085343191e+20 1.448799149957856297e+20 1.294551444282742374e+20 1.157780071256803410e+20 1.036620847915127931e+20 9.315299600254600806e+19 8.416822866287135949e+19 7.644610747324571648e+19
2.279977657576907080e+20 2.054743161869176340e+20 1.820111881390151762e+20 1.622803060085343519e+20 1.448799149957856297e+20 1.294551444282742047e+20 1.157780071256803410e+20 1.036620847915127931e+20 9.315299600254600806e+19 8.416822866287135949e+19 7.644610747324574925e+19
2.279977657576906752e+20 2.054743161869176340e+20 1.820111881390152090e+20 1.622803060085343191e+20 1.448799149957856297e+20 1.294551444282742047e+20 1.157780071256803246e+20 1.036620847915127931e+20 9.315299600254604083e+19 8.416822866287139226e+19 7.644610747324576563e+19
2.279977657576907080e+20 2.054743161869176340e+20 1.820111881390152090e+20 1.622803060085343191e+20 1.448799149957856625e+20 1.294551444282742211e+20 1.157780071256802918e+20 1.036620847915127931e+20 9.315299600254605722e+19 8.416822866287140864e+19 7.644610747324579840e+19
2.279977657576907407e+20 2.054743161869176340e+20 1.820111881390152417e+20 1.622803060085343519e+20 1.448799149957856625e+20 1.294551444282742374e+20 1.157780071256802591e+20 1.036620847915127931e+20 9.315299600254605722e+19 8.416822866287142502e+19 7.644610747324578202e+19
2.279977657576907080e+20 2.054743161869176340e+20 1.820111881390152090e+20 1.622803060085343519e+20 1.448799149957856297e+20 1.294551444282742211e+20 1.157780071256802591e+20 1.036620847915127931e+20 9.315299600254608998e+19 8.416822866287144141e+19 7.644610747324573286e+19
2.279977657576907407e+20 2.054743161869176668e+20 1.820111881390151762e+20 1.622803060085343519e+20 1.448799149957856297e+20 1.294551444282742374e+20 1.157780071256802263e+20 1.036620847915127931e+20 9.315299600254607360e+19 8.416822866287142502e+19 7.644610747324573286e+19
2.279977657576907735e+20 2.054743161869176668e+20 1.820111881390151762e+20 1.622803060085343846e+20 1.448799149957856461e+20 1.294551444282742538e+20 1.157780071256802427e+20 1.036620847915127931e+20 9.315299600254607360e+19 8.416822866287142502e+19 7.644610747324574925e+19
2.279977657576908063e+20 2.054743161869176996e+20 1.820111881390151762e+20 1.622803060085343519e+20 1.448799149957856461e+20 1.294551444282742374e+20 1.157780071256802263e+20 1.036620847915127931e+20 9.315299600254608998e+19 8.416822866287142502e+19 7.644610747324573286e+19
2.279977657576907407e+20 2.054743161869176996e+20 1.820111881390152090e+20 1.622803060085343846e+20 1.448799149957856297e+20 1.294551444282742374e+20 1.157780071256802263e+20 1.036620847915127931e+20 9.315299600254608998e+19 8.416822866287142502e+19 7.644610747324573286e+19
2.279977657576907735e+20 2.054743161869176996e+20 1.820111881390152090e+20 1.622803060085343846e+20 1.448799149957856461e+20 1.294551444282742374e+20 1.157780071256802099e+20 1.036620847915127931e+20 9.315299600254608998e+19 8.416822866287142502e+19 7.644610747324574925e+19
2.279977657576908063e+20 2.054743161869176996e+20 1.820111881390152417e+20 1.622803060085343519e+20 1.448799149957856297e+20 1.294551444282742538e+20 1.157780071256802263e+20 1.036620847915127931e+20 9.315299600254608998e+19 8.416822866287139226e+19 7.644610747324574925e+19
2.279977657576908390e+20 2.054743161869177324e+20 1.820111881390152417e+20 1.622803060085343846e+20 1.448799149957856461e+20 1.294551444282742374e+20 1.157780071256802427e+20 1.036620847915127931e+20 9.315299600254605722e+19 8.416822866287140864e+19 7.644610747324570010e+19
2.279977657576908390e+20 2.054743161869177324e+20 1.820111881390152417e+20 1.622803060085343846e+20 1.448799149957856461e+20 1.294551444282742211e+20 1.157780071256802099e+20 1.036620847915127931e+20 9.315299600254605722e+19 8.416822866287144141e+19 7.644610747324566733e+19
2.279977657576908063e+20 2.054743161869176996e+20 1.820111881390152417e+20 1.622803060085343846e+20 1.448799149957856297e+20 1.294551444282742538e+20 1.157780071256802099e+20 1.036620847915127931e+20 9.315299600254607360e+19 8.416822866287144141e+19 7.644610747324566733e+19
2.279977657576908063e+20 2.054743161869176996e+20 1.820111881390152090e+20 1.622803060085343519e+20 1.448799149957856297e+20 1.294551444282742374e+20 1.157780071256802263e+20 1.036620847915127931e+20 9.315299600254605722e+19 8.416822866287145779e+19 7.644610747324566733e+19
2.279977657576907735e+20 2.054743161869177324e+20 1.820111881390152090e+20 1.622803060085343846e+20 1.448799149957856297e+20 1.294551444282742211e+20 1.157780071256802099e+20 1.036620847915127931e+20 9.315299600254605722e+19 8.416822866287145779e+19 7.644610747324568371e+19
2.279977657576908390e+20 2.054743161869176996e+20 1.820111881390152090e+20 1.622803060085343519e+20 1.448799149957856297e+20 1.294551444282742374e+20 1.157780071256802263e+20 1.036620847915127931e+20 9.315299600254605722e+19 8.416822866287145779e+19 7.644610747324568371e+19
2.279977657576908063e+20 2.054743161869176996e+20 1.820111881390152090e+20 1.622803060085343191e+20 1.448799149957856461e+20 1.294551444282742211e+20 1.157780071256801935e+20 1.036620847915127931e+20 9.315299600254607360e+19 8.416822866287145779e+19 7.644610747324565094e+19
2.279977657576907407e+20 2.054743161869176668e+20 1.820111881390152090e+20 1.622803060085343519e+20 1.448799149957856133e+20 1.294551444282741883e+20 1.157780071256801935e+20 1.036620847915127931e+20 9.315299600254605722e+19 8.416822866287145779e+19 7.644610747324561818e+19
2.279977657576907735e+20 2.054743161869176668e+20 1.820111881390152090e+20 1.622803060085343519e+20 1.448799149957856461e+20 1.294551444282742211e+20 1.157780071256801935e+20 1.036620847915127931e+20 9.315299600254607360e+19 8.416822866287142502e+19 7.644610747324561818e+19
2.279977657576907735e+20 2.054743161869176668e+20 1.820111881390152090e+20 1.622803060085343191e+20 1.448799149957856133e+20 1.294551444282742211e+20 1.157780071256801935e+20 1.036620847915127931e+20 9.315299600254608998e+19 8.416822866287144141e+19 7.644610747324561818e+19
2.279977657576906752e+20 2.054743161869176668e+20 1.820111881390152417e+20 1.622803060085343519e+20 1.448799149957855805e+20 1.294551444282742538e+20 1.157780071256801935e+20 1.036620847915127931e+20 9.315299600254605722e+19 8.416822866287142502e+19 7.644610747324565094e+19
2.279977657576906752e+20 2.054743161869176668e+20 1.820111881390152417e+20 1.622803060085343846e+20 1.448799149957855969e+20 1.294551444282742866e+20 1.157780071256801935e+20 1.036620847915127931e+20 9.315299600254608998e+19 8.416822866287142502e+19 7.644610747324566733e+19
2.279977657576906424e+20 2.054743161869176668e+20 1.820111881390152090e+20 1.622803060085343519e+20 1.448799149957856461e+20 1.294551444282742702e+20 1.157780071256802099e+20 1.036620847915127931e+20 9.315299600254608998e+19 8.416822866287144141e+19 7.644610747324565094e+19
2.279977657576906097e+20 2.054743161869176668e+20 1.820111881390152090e+20 1.622803060085343519e+20 1.448799149957856133e+20 1.294551444282742866e+20 1.157780071256802099e+20 1.036620847915127931e+20 9.315299600254608998e+19 8.416822866287140864e+19 7.644610747324565094e+19
2.279977657576906097e+20 2.054743161869176668e+20 1.820111881390152090e+20 1.622803060085343846e+20 1.448799149957855805e+20 1.294551444282743194e+20 1.157780071256802099e+20 1.036620847915127931e+20 9.315299600254608998e+19 8.416822866287144141e+19 7.644610747324565094e+19
2.279977657576906424e+20 2.054743161869176668e+20 1.820111881390152090e+20 1.622803060085343519e+20 1.448799149957855805e+20 1.294551444282743521e+20 1.157780071256802263e+20 1.036620847915127931e+20 9.315299600254608998e+19 8.416822866287145779e+19 7.644610747324566733e+19
2.279977657576907080e+20 2.054743161869176668e+20 1.820111881390152090e+20 1.622803060085343519e+20 1.448799149957855969e+20 1.294551444282743357e+20 1.157780071256802591e+20 1.036620847915127931e+20 9.315299600254608998e+19 8.416822866287147418e+19 7.644610747324570010e+19
2.279977657576907407e+20 2.054743161869176668e+20 1.820111881390152090e+20 1.622803060085343519e+20 1.448799149957856461e+20 1.294551444282743521e+20 1.157780071256802918e+20 1.036620847915127931e+20 9.315299600254608998e+19 8.416822866287149056e+19 7.644610747324568371e+19
2.279977657576907407e+20 2.054743161869176668e+20 1.820111881390152090e+20 1.622803060085343846e+20 1.448799149957857116e+20 1.294551444282743521e+20 1.157780071256802591e+20 1.036620847915127931e+20 9.315299600254610637e+19 8.416822866287150694e+19 7.644610747324565094e+19
2.279977657576907407e+20 2.054743161869176996e+20 1.820111881390152417e+20 1.622803060085343519e+20 1.448799149957857444e+20 1.294551444282743685e+20 1.157780071256802427e+20 1.036620847915127931e+20 9.315299600254612275e+19 8.416822866287150694e+19 7.644610747324563456e+19
2.279977657576907080e+20 2.054743161869176996e+20 1.820111881390152417e+20 1.622803060085343519e+20 1.448799149957857935e+20 1.294551444282743685e+20 1.157780071256802591e+20 1.036620847915127931e+20 9.315299600254612275e+19 8.416822866287152333e+19 7.644610747324561818e+19
2.279977657576906752e+20 2.054743161869176996e+20 1.820111881390152417e+20 1.622803060085343846e+20 1.448799149957858263e+20 1.294551444282743521e+20 1.157780071256802427e+20 1.036620847915127931e+20 9.315299600254613914e+19 8.416822866287153971e+19 7.644610747324565094e+19
2.279977657576906752e+20 2.054743161869176996e+20 1.820111881390151762e+20 1.622803060085343519e+20 1.448799149957858755e+20 1.294551444282743849e+20 1.157780071256802263e+20 1.036620847915127931e+20 9.315299600254612275e+19 8.416822866287155610e+19 7.644610747324565094e+19
2.279977657576907080e+20 2.054743161869176668e+20 1.820111881390151762e+20 1.622803060085343519e+20 1.448799149957859082e+20 1.294551444282743849e+20 1.157780071256802427e+20 1.036620847915127931e+20 9.315299600254613914e+19 8.416822866287155610e+19 7.644610747324566733e+19
2.279977657576907080e+20 2.054743161869176668e+20 1.820111881390151107e+20 1.622803060085343519e+20 1.448799149957859738e+20 1.294551444282743521e+20 1.157780071256802263e+20 1.036620847915127931e+20 9.315299600254613914e+19 8.416822866287153971e+19 7.644610747324566733e+19
2.279977657576907407e+20 2.054743161869176668e+20 1.820111881390151107e+20 1.622803060085343846e+20 1.448799149957860229e+20 1.294551444282743194e+20 1.157780071256802263e+20 1.036620847915127931e+20 9.315299600254615552e+19 8.416822866287152333e+19 7.644610747324565094e+19
2.279977657576907735e+20 2.054743161869176340e+20 1.820111881390150779e+20 1.622803060085343519e+20 1.448799149957860557e+20 1.294551444282743030e+20 1.157780071256802263e+20 1.036620847915127931e+20 9.315299600254615552e+19 8.416822866287152333e+19 7.644610747324565094e+19
2.279977657576907407e+20 2.054743161869176340e+20 1.820111881390150779e+20 1.622803060085343519e+20 1.448799149957860393e+20 1.294551444282742866e+20 1.157780071256802263e+20 1.036620847915127931e+20 9.315299600254613914e+19 8.416822866287152333e+19 7.644610747324565094e+19
2.279977657576907080e+20 2.054743161869176013e+20 1.820111881390150451e+20 1.622803060085343519e+20 1.448799149957860065e+20 1.294551444282743030e+20 1.157780071256802263e+20 1.036620847915127931e+20 9.315299600254617190e+19 8.416822866287152333e+19 7.644610747324565094e+19
2.279977657576907080e+20 2.054743161869176013e+20 1.820111881390150779e+20 1.622803060085344174e+20 1.448799149957859738e+20 1.294551444282742866e+20 1.157780071256802099e+20 1.036620847915127931e+20 9.315299600254618829e+19 8.416822866287155610e+19 7.644610747324563456e+19
2.279977657576906752e+20 2.054743161869176340e+20 1.820111881390150779e+20 1.622803060085343846e+20 1.448799149957860229e+20 1.294551444282742702e+20 1.157780071256802263e+20 1.036620847915127931e+20 9.315299600254613914e+19 8.416822866287157248e+19 7.644610747324566733e+19
2.279977657576906424e+20 2.054743161869176668e+20 1.820111881390150779e+20 1.622803060085343519e+20 1.448799149957860557e+20 1.294551444282742866e+20 1.157780071256802263e+20 1.036620847915127931e+20 9.315299600254612275e+19 8.416822866287155610e+19 7.644610747324566733e+19
