2.617121844164427776e+19 2.614339736170145792e+19 2.603977883687878246e+19 2.581371155016500429e+19 2.541325002695646413e+19 2.477342945936152166e+19 2.382684849499174093e+19 2.247597888115895910e+19 2.056754423925398323e+19 1.783555023249401651e+19 1.367100652234204160e+19
2.617121844164428595e+19 2.614339736170146611e+19 2.603977883687879066e+19 2.581371155016499610e+19 2.541325002695646413e+19 2.477342945936152166e+19 2.382684849499174093e+19 2.247597888115896320e+19 2.056754423925398733e+19 1.783555023249401856e+19 1.367100652234203341e+19
2.617121844164428186e+19 2.614339736170146611e+19 2.603977883687879066e+19 2.581371155016499610e+19 2.541325002695646413e+19 2.477342945936152576e+19 2.382684849499174502e+19 2.247597888115896320e+19 2.056754423925399142e+19 1.783555023249401856e+19 1.367100652234203750e+19
2.617121844164427776e+19 2.614339736170147021e+19 2.603977883687879475e+19 2.581371155016500019e+19 2.541325002695646413e+19 2.477342945936152166e+19 2.382684849499174502e+19 2.247597888115895501e+19 2.056754423925398323e+19 1.783555023249401651e+19 1.367100652234203750e+19
2.617121844164427776e+19 2.614339736170147021e+19 2.603977883687878656e+19 2.581371155016499610e+19 2.541325002695646822e+19 2.477342945936152576e+19 2.382684849499174502e+19 2.247597888115894682e+19 2.056754423925399142e+19 1.783555023249401446e+19 1.367100652234203750e+19
2.617121844164427776e+19 2.614339736170147021e+19 2.603977883687879066e+19 2.581371155016499200e+19 2.541325002695646003e+19 2.477342945936152166e+19 2.382684849499174912e+19 2.247597888115895091e+19 2.056754423925398733e+19 1.783555023249401651e+19 1.367100652234203955e+19
2.617121844164427366e+19 2.614339736170147021e+19 2.603977883687879066e+19 2.581371155016499200e+19 2.541325002695646413e+19 2.477342945936152166e+19 2.382684849499174912e+19 2.247597888115895091e+19 2.056754423925398733e+19 1.783555023249401651e+19 1.367100652234203955e+19
2.617121844164427366e+19 2.614339736170147021e+19 2.603977883687879066e+19 2.581371155016499200e+19 2.541325002695646822e+19 2.477342945936152166e+19 2.382684849499174912e+19 2.247597888115895091e+19 2.056754423925398323e+19 1.783555023249401242e+19 1.367100652234203955e+19
2.617121844164427366e+19 2.614339736170147430e+19 2.603977883687879475e+19 2.581371155016499200e+19 2.541325002695647232e+19 2.477342945936151757e+19 2.382684849499174912e+19 2.247597888115895091e+19 2.056754423925399142e+19 1.783555023249401242e+19 1.367100652234203955e+19
2.617121844164427366e+19 2.614339736170147430e+19 2.603977883687879475e+19 2.581371155016499200e+19 2.541325002695647642e+19 2.477342945936150528e+19 2.382684849499175322e+19 2.247597888115894682e+19 2.056754423925398733e+19 1.783555023249401037e+19 1.367100652234203750e+19
2.617121844164427366e+19 2.614339736170147021e+19 2.603977883687879885e+19 2.581371155016498790e+19 2.541325002695647642e+19 2.477342945936148890e+19 2.382684849499175322e+19 2.247597888115894682e+19 2.056754423925399552e+19 1.783555023249401242e+19 1.367100652234203750e+19
2.617121844164426957e+19 2.614339736170146611e+19 2.603977883687879885e+19 2.581371155016498790e+19 2.541325002695647232e+19 2.477342945936148070e+19 2.382684849499175322e+19 2.247597888115894272e+19 2.056754423925399142e+19 1.783555023249401242e+19 1.367100652234203750e+19
2.617121844164426957e+19 2.614339736170146611e+19 2.603977883687880294e+19 2.581371155016499200e+19 2.541325002695647642e+19 2.477342945936148070e+19 2.382684849499175731e+19 2.247597888115894272e+19 2.056754423925399552e+19 1.783555023249401037e+19 1.367100652234203955e+19
2.617121844164427366e+19 2.614339736170147021e+19 2.603977883687880704e+19 2.581371155016499200e+19 2.541325002695647232e+19 2.477342945936148070e+19 2.382684849499175322e+19 2.247597888115894272e+19 2.056754423925398733e+19 1.783555023249401037e+19 1.367100652234203955e+19
2.617121844164427776e+19 2.614339736170147021e+19 2.603977883687880294e+19 2.581371155016499610e+19 2.541325002695647642e+19 2.477342945936148480e+19 2.382684849499174912e+19 2.247597888115894682e+19 2.056754423925399552e+19 1.783555023249401242e+19 1.367100652234203341e+19
2.617121844164427776e+19 2.614339736170147021e+19 2.603977883687880294e+19 2.581371155016499200e+19 2.541325002695646822e+19 2.477342945936148480e+19 2.382684849499174912e+19 2.247597888115894272e+19 2.056754423925399552e+19 1.783555023249401037e+19 1.367100652234203341e+19
2.617121844164427366e+19 2.614339736170146611e+19 2.603977883687880294e+19 2.581371155016499610e+19 2.541325002695646413e+19 2.477342945936148480e+19 2.382684849499175322e+19 2.247597888115895501e+19 2.056754423925399142e+19 1.783555023249401037e+19 1.367100652234203546e+19
2.617121844164427366e+19 2.614339736170146611e+19 2.603977883687880294e+19 2.581371155016499200e+19 2.541325002695646003e+19 2.477342945936148070e+19 2.382684849499175322e+19 2.247597888115896320e+19 2.056754423925399552e+19 1.783555023249401446e+19 1.367100652234203750e+19
2.617121844164426957e+19 2.614339736170146611e+19 2.603977883687879885e+19 2.581371155016498790e+19 2.541325002695646413e+19 2.477342945936147661e+19 2.382684849499174502e+19 2.247597888115896320e+19 2.056754423925399142e+19 1.783555023249401242e+19 1.367100652234203750e+19
2.617121844164427366e+19 2.614339736170147430e+19 2.603977883687880704e+19 2.581371155016499200e+19 2.541325002695646413e+19 2.477342945936147661e+19 2.382684849499174502e+19 2.247597888115895910e+19 2.056754423925399962e+19 1.783555023249401242e+19 1.367100652234203546e+19
2.617121844164427776e+19 2.614339736170147021e+19 2.603977883687880704e+19 2.581371155016498790e+19 2.541325002695646413e+19 2.477342945936147251e+19 2.382684849499174502e+19 2.247597888115896320e+19 2.056754423925399552e+19 1.783555023249400422e+19 1.367100652234203546e+19
2.617121844164428186e+19 2.614339736170147021e+19 2.603977883687880294e+19 2.581371155016498790e+19 2.541325002695646003e+19 2.477342945936147251e+19 2.382684849499174502e+19 2.247597888115896320e+19 2.056754423925400371e+19 1.783555023249400832e+19 1.367100652234203750e+19
2.617121844164429414e+19 2.614339736170147021e+19 2.603977883687880704e+19 2.581371155016497971e+19 2.541325002695646003e+19 2.477342945936147251e+19 2.382684849499174093e+19 2.247597888115896730e+19 2.056754423925399552e+19 1.783555023249400832e+19 1.367100652234203750e+19
2.617121844164431462e+19 2.614339736170147430e+19 2.603977883687880704e+19 2.581371155016498381e+19 2.541325002695646003e+19 2.477342945936147251e+19 2.382684849499174093e+19 2.247597888115896730e+19 2.056754423925399962e+19 1.783555023249400832e+19 1.367100652234203546e+19
2.617121844164430643e+19 2.614339736170147840e+19 2.603977883687880704e+19 2.581371155016496333e+19 2.541325002695646003e+19 2.477342945936147251e+19 2.382684849499174093e+19 2.247597888115896320e+19 2.056754423925399962e+19 1.783555023249401037e+19 1.367100652234203750e+19
2.617121844164429414e+19 2.614339736170148250e+19 2.603977883687880704e+19 2.581371155016493466e+19 2.541325002695646822e+19 2.477342945936147661e+19 2.382684849499173683e+19 2.247597888115896320e+19 2.056754423925400371e+19 1.783555023249401037e+19 1.367100652234203750e+19
2.617121844164429824e+19 2.614339736170147840e+19 2.603977883687881114e+19 2.581371155016493466e+19 2.541325002695645594e+19 2.477342945936147661e+19 2.382684849499172864e+19 2.247597888115895910e+19 2.056754423925400371e+19 1.783555023249401037e+19 1.367100652234203955e+19
2.617121844164430234e+19 2.614339736170147840e+19 2.603977883687881114e+19 2.581371155016493875e+19 2.541325002695645184e+19 2.477342945936147251e+19 2.382684849499172864e+19 2.247597888115896320e+19 2.056754423925400371e+19 1.783555023249400832e+19 1.367100652234203750e+19
2.617121844164430643e+19 2.614339736170147840e+19 2.603977883687881114e+19 2.581371155016493875e+19 2.541325002695644774e+19 2.477342945936148070e+19 2.382684849499172864e+19 2.247597888115896320e+19 2.056754423925400371e+19 1.783555023249400627e+19 1.367100652234203750e+19
2.617121844164430643e+19 2.614339736170147840e+19 2.603977883687881114e+19 2.581371155016493466e+19 2.541325002695644774e+19 2.477342945936147661e+19 2.382684849499172864e+19 2.247597888115895910e+19 2.056754423925400781e+19 1.783555023249400627e+19 1.367100652234203750e+19
2.617121844164430643e+19 2.614339736170148250e+19 2.603977883687881114e+19 2.581371155016493875e+19 2.541325002695644774e+19 2.477342945936146842e+19 2.382684849499172454e+19 2.247597888115895501e+19 2.056754423925400781e+19 1.783555023249400627e+19 1.367100652234203955e+19
2.617121844164431053e+19 2.614339736170148250e+19 2.603977883687881114e+19 2.581371155016493466e+19 2.541325002695644774e+19 2.477342945936147251e+19 2.382684849499172045e+19 2.247597888115895910e+19 2.056754423925400781e+19 1.783555023249400832e+19 1.367100652234203750e+19
2.617121844164431462e+19 2.614339736170148250e+19 2.603977883687881114e+19 2.581371155016493466e+19 2.541325002695644774e+19 2.477342945936146842e+19 2.382684849499171635e+19 2.247597888115896320e+19 2.056754423925400781e+19 1.783555023249400627e+19 1.367100652234204570e+19
2.617121844164431462e+19 2.614339736170148250e+19 2.603977883687880704e+19 2.581371155016493466e+19 2.541325002695644774e+19 2.477342945936146842e+19 2.382684849499171226e+19 2.247597888115896320e+19 2.056754423925400781e+19 1.783555023249400832e+19 1.367100652234203136e+19
2.617121844164432282e+19 2.614339736170147840e+19 2.603977883687881114e+19 2.581371155016493056e+19 2.541325002695645184e+19 2.477342945936146842e+19 2.382684849499171635e+19 2.247597888115895910e+19 2.056754423925400781e+19 1.783555023249400832e+19 1.367100652234202317e+19
2.617121844164432691e+19 2.614339736170147840e+19 2.603977883687881933e+19 2.581371155016493056e+19 2.541325002695645184e+19 2.477342945936146842e+19 2.382684849499171226e+19 2.247597888115895501e+19 2.056754423925401190e+19 1.783555023249400627e+19 1.367100652234202317e+19
2.617121844164432691e+19 2.614339736170147430e+19 2.603977883687882752e+19 2.581371155016493056e+19 2.541325002695645184e+19 2.477342945936146842e+19 2.382684849499171226e+19 2.247597888115895091e+19 2.056754423925401190e+19 1.783555023249400218e+19 1.367100652234202112e+19
2.617121844164432691e+19 2.614339736170146611e+19 2.603977883687882752e+19 2.581371155016492646e+19 2.541325002695645184e+19 2.477342945936146842e+19 2.382684849499172045e+19 2.247597888115895501e+19 2.056754423925400781e+19 1.783555023249400627e+19 1.367100652234202317e+19
2.617121844164433101e+19 2.614339736170147430e+19 2.603977883687883162e+19 2.581371155016493466e+19 2.541325002695645184e+19 2.477342945936146842e+19 2.382684849499171635e+19 2.247597888115895501e+19 2.056754423925401190e+19 1.783555023249400627e+19 1.367100652234202317e+19
2.617121844164432691e+19 2.614339736170147430e+19 2.603977883687883162e+19 2.581371155016493875e+19 2.541325002695645594e+19 2.477342945936146842e+19 2.382684849499171635e+19 2.247597888115895501e+19 2.056754423925401190e+19 1.783555023249400832e+19 1.367100652234202317e+19
2.617121844164432691e+19 2.614339736170147021e+19 2.603977883687882752e+19 2.581371155016493466e+19 2.541325002695646003e+19 2.477342945936146842e+19 2.382684849499172864e+19 2.247597888115895501e+19 2.056754423925400781e+19 1.783555023249400832e+19 1.367100652234202317e+19
2.617121844164433510e+19 2.614339736170147021e+19 2.603977883687882342e+19 2.581371155016492646e+19 2.541325002695646413e+19 2.477342945936146022e+19 2.382684849499174912e+19 2.247597888115895091e+19 2.056754423925401190e+19 1.783555023249400832e+19 1.367100652234202112e+19
2.617121844164433101e+19 2.614339736170146611e+19 2.603977883687882752e+19 2.581371155016493466e+19 2.541325002695646413e+19 2.477342945936146432e+19 2.382684849499174093e+19 2.247597888115894682e+19 2.056754423925401190e+19 1.783555023249401242e+19 1.367100652234201907e+19
2.617121844164433920e+19 2.614339736170146611e+19 2.603977883687883571e+19 2.581371155016493466e+19 2.541325002695646822e+19 2.477342945936143155e+19 2.382684849499173683e+19 2.247597888115894682e+19 2.056754423925401600e+19 1.783555023249401037e+19 1.367100652234202112e+19
2.617121844164433510e+19 2.614339736170146202e+19 2.603977883687883981e+19 2.581371155016492646e+19 2.541325002695644365e+19 2.477342945936143565e+19 2.382684849499173683e+19 2.247597888115894272e+19 2.056754423925401600e+19 1.783555023249401037e+19 1.367100652234201907e+19
2.617121844164433101e+19 2.614339736170147021e+19 2.603977883687883571e+19 2.581371155016491827e+19 2.541325002695644365e+19 2.477342945936143155e+19 2.382684849499174093e+19 2.247597888115893862e+19 2.056754423925401600e+19 1.783555023249401037e+19 1.367100652234201702e+19
2.617121844164433101e+19 2.614339736170147840e+19 2.603977883687881523e+19 2.581371155016490598e+19 2.541325002695643955e+19 2.477342945936143155e+19 2.382684849499173274e+19 2.247597888115893862e+19 2.056754423925401190e+19 1.783555023249401037e+19 1.367100652234201907e+19
2.617121844164433510e+19 2.614339736170147021e+19 2.603977883687881933e+19 2.581371155016491008e+19 2.541325002695643955e+19 2.477342945936143155e+19 2.382684849499173274e+19 2.247597888115893043e+19 2.056754423925401600e+19 1.783555023249401446e+19 1.367100652234201702e+19
2.617121844164433920e+19 2.614339736170147021e+19 2.603977883687881933e+19 2.581371155016490598e+19 2.541325002695644774e+19 2.477342945936142746e+19 2.382684849499173274e+19 2.247597888115894272e+19 2.056754423925401600e+19 1.783555023249401856e+19 1.367100652234201498e+19
2.617121844164433510e+19 2.614339736170146611e+19 2.603977883687882752e+19 2.581371155016490189e+19 2.541325002695644365e+19 2.477342945936142746e+19 2.382684849499172864e+19 2.247597888115893043e+19 2.056754423925401190e+19 1.783555023249402470e+19 1.367100652234201293e+19
2.617121844164433920e+19 2.614339736170146611e+19 2.603977883687882752e+19 2.581371155016490189e+19 2.541325002695644365e+19 2.477342945936143155e+19 2.382684849499173683e+19 2.247597888115895091e+19 2.056754423925401190e+19 1.783555023249402880e+19 1.367100652234201498e+19
2.617121844164432691e+19 2.614339736170146611e+19 2.603977883687883162e+19 2.581371155016490189e+19 2.541325002695643955e+19 2.477342945936143155e+19 2.382684849499173274e+19 2.247597888115893862e+19 2.056754423925401600e+19 1.783555023249402880e+19 1.367100652234201088e+19
2.617121844164433510e+19 2.614339736170146611e+19 2.603977883687883571e+19 2.581371155016489779e+19 2.541325002695643955e+19 2.477342945936142746e+19 2.382684849499173274e+19 2.247597888115893862e+19 2.056754423925401600e+19 1.783555023249402470e+19 1.367100652234201088e+19
2.617121844164432691e+19 2.614339736170147021e+19 2.603977883687883981e+19 2.581371155016490189e+19 2.541325002695643955e+19 2.477342945936142746e+19 2.382684849499172864e+19 2.247597888115893862e+19 2.056754423925402010e+19 1.783555023249402880e+19 1.367100652234201088e+19
2.617121844164431462e+19 2.614339736170147021e+19 2.603977883687883571e+19 2.581371155016490598e+19 2.541325002695644365e+19 2.477342945936142746e+19 2.382684849499173274e+19 2.247597888115893862e+19 2.056754423925402010e+19 1.783555023249402470e+19 1.367100652234201088e+19
2.617121844164432691e+19 2.614339736170147021e+19 2.603977883687884390e+19 2.581371155016490598e+19 2.541325002695643955e+19 2.477342945936143155e+19 2.382684849499172045e+19 2.247597888115893862e+19 2.056754423925402010e+19 1.783555023249402880e+19 1.367100652234201088e+19
2.617121844164433510e+19 2.614339736170147430e+19 2.603977883687884390e+19 2.581371155016491008e+19 2.541325002695644365e+19 2.477342945936142336e+19 2.382684849499172045e+19 2.247597888115893862e+19 2.056754423925402010e+19 1.783555023249403085e+19 1.367100652234201088e+19
2.617121844164433510e+19 2.614339736170147430e+19 2.603977883687885210e+19 2.581371155016491008e+19 2.541325002695645184e+19 2.477342945936142746e+19 2.382684849499172045e+19 2.247597888115894272e+19 2.056754423925402010e+19 1.783555023249403085e+19 1.367100652234201088e+19
2.617121844164432282e+19 2.614339736170147840e+19 2.603977883687885210e+19 2.581371155016490598e+19 2.541325002695643955e+19 2.477342945936143974e+19 2.382684849499171226e+19 2.247597888115894682e+19 2.056754423925402010e+19 1.783555023249403085e+19 1.367100652234201293e+19
2.617121844164431053e+19 2.614339736170147430e+19 2.603977883687885210e+19 2.581371155016490598e+19 2.541325002695644365e+19 2.477342945936143974e+19 2.382684849499171635e+19 2.247597888115894682e+19 2.056754423925401600e+19 1.783555023249403494e+19 1.367100652234201293e+19
2.617121844164430643e+19 2.614339736170146611e+19 2.603977883687885210e+19 2.581371155016491418e+19 2.541325002695644774e+19 2.477342945936143565e+19 2.382684849499171635e+19 2.247597888115894682e+19 2.056754423925400781e+19 1.783555023249403290e+19 1.367100652234201088e+19
2.617121844164431053e+19 2.614339736170147021e+19 2.603977883687886438e+19 2.581371155016491418e+19 2.541325002695644774e+19 2.477342945936143974e+19 2.382684849499171635e+19 2.247597888115894272e+19 2.056754423925400781e+19 1.783555023249403290e+19 1.367100652234201088e+19
2.617121844164431053e+19 2.614339736170146202e+19 2.603977883687885619e+19 2.581371155016492237e+19 2.541325002695644774e+19 2.477342945936143974e+19 2.382684849499172864e+19 2.247597888115893862e+19 2.056754423925401190e+19 1.783555023249403290e+19 1.367100652234201498e+19
2.617121844164429824e+19 2.614339736170146202e+19 2.603977883687886029e+19 2.581371155016492646e+19 2.541325002695645594e+19 2.477342945936143974e+19 2.382684849499173274e+19 2.247597888115894272e+19 2.056754423925401190e+19 1.783555023249403085e+19 1.367100652234201498e+19
2.617121844164430234e+19 2.614339736170146202e+19 2.603977883687886438e+19 2.581371155016492646e+19 2.541325002695646003e+19 2.477342945936143974e+19 2.382684849499172864e+19 2.247597888115894272e+19 2.056754423925401190e+19 1.783555023249403085e+19 1.367100652234201498e+19
2.617121844164430643e+19 2.614339736170144973e+19 2.603977883687885619e+19 2.581371155016492646e+19 2.541325002695646413e+19 2.477342945936145203e+19 2.382684849499172864e+19 2.247597888115894272e+19 2.056754423925401600e+19 1.783555023249403085e+19 1.367100652234201498e+19
2.617121844164431872e+19 2.614339736170144563e+19 2.603977883687885619e+19 2.581371155016492237e+19 2.541325002695646003e+19 2.477342945936145613e+19 2.382684849499173274e+19 2.247597888115893453e+19 2.056754423925401600e+19 1.783555023249403085e+19 1.367100652234201498e+19
2.617121844164431872e+19 2.614339736170144154e+19 2.603977883687886438e+19 2.581371155016492237e+19 2.541325002695646413e+19 2.477342945936146022e+19 2.382684849499172045e+19 2.247597888115893043e+19 2.056754423925402010e+19 1.783555023249403085e+19 1.367100652234201702e+19
2.617121844164431872e+19 2.614339736170144154e+19 2.603977883687886438e+19 2.581371155016492646e+19 2.541325002695646822e+19 2.477342945936146022e+19 2.382684849499172454e+19 2.247597888115892634e+19 2.056754423925401190e+19 1.783555023249403085e+19 1.367100652234201498e+19
2.617121844164432691e+19 2.614339736170144154e+19 2.603977883687885619e+19 2.581371155016493466e+19 2.541325002695646003e+19 2.477342945936146432e+19 2.382684849499172864e+19 2.247597888115892634e+19 2.056754423925402010e+19 1.783555023249402880e+19 1.367100652234201702e+19
2.617121844164432691e+19 2.614339736170144563e+19 2.603977883687886438e+19 2.581371155016494285e+19 2.541325002695646413e+19 2.477342945936146432e+19 2.382684849499172864e+19 2.247597888115893043e+19 2.056754423925402010e+19 1.783555023249403085e+19 1.367100652234201702e+19
2.617121844164432691e+19 2.614339736170145382e+19 2.603977883687886029e+19 2.581371155016494285e+19 2.541325002695646003e+19 2.477342945936146022e+19 2.382684849499172454e+19 2.247597888115893043e+19 2.056754423925402010e+19 1.783555023249403085e+19 1.367100652234201702e+19
2.617121844164432282e+19 2.614339736170146202e+19 2.603977883687886438e+19 2.581371155016493466e+19 2.541325002695644365e+19 2.477342945936144794e+19 2.382684849499173274e+19 2.247597888115893453e+19 2.056754423925402010e+19 1.783555023249403085e+19 1.367100652234201498e+19
2.617121844164431462e+19 2.614339736170145382e+19 2.603977883687886848e+19 2.581371155016493466e+19 2.541325002695644365e+19 2.477342945936144384e+19 2.382684849499173274e+19 2.247597888115893043e+19 2.056754423925402419e+19 1.783555023249403085e+19 1.367100652234201293e+19
2.617121844164431462e+19 2.614339736170145792e+19 2.603977883687886848e+19 2.581371155016493875e+19 2.541325002695643136e+19 2.477342945936144384e+19 2.382684849499173683e+19 2.247597888115893043e+19 2.056754423925402419e+19 1.783555023249403494e+19 1.367100652234201293e+19
2.617121844164431462e+19 2.614339736170146202e+19 2.603977883687886438e+19 2.581371155016493466e+19 2.541325002695643546e+19 2.477342945936144384e+19 2.382684849499173683e+19 2.247597888115893453e+19 2.056754423925402419e+19 1.783555023249403290e+19 1.367100652234201498e+19
2.617121844164430234e+19 2.614339736170146611e+19 2.603977883687886848e+19 2.581371155016492646e+19 2.541325002695644365e+19 2.477342945936144384e+19 2.382684849499175322e+19 2.247597888115893453e+19 2.056754423925403238e+19 1.783555023249403494e+19 1.367100652234201293e+19
2.617121844164430643e+19 2.614339736170146202e+19 2.603977883687886438e+19 2.581371155016491418e+19 2.541325002695644774e+19 2.477342945936144384e+19 2.382684849499174912e+19 2.247597888115893862e+19 2.056754423925403238e+19 1.783555023249403290e+19 1.367100652234201088e+19
2.617121844164430234e+19 2.614339736170145792e+19 2.603977883687887258e+19 2.581371155016491008e+19 2.541325002695645184e+19 2.477342945936143974e+19 2.382684849499174502e+19 2.247597888115893862e+19 2.056754423925403238e+19 1.783555023249403290e+19 1.367100652234201498e+19
2.617121844164430234e+19 2.614339736170147021e+19 2.603977883687887667e+19 2.581371155016491008e+19 2.541325002695646413e+19 2.477342945936143974e+19 2.382684849499174093e+19 2.247597888115893862e+19 2.056754423925403238e+19 1.783555023249403494e+19 1.367100652234201702e+19
2.617121844164429824e+19 2.614339736170147840e+19 2.603977883687888486e+19 2.581371155016489779e+19 2.541325002695646413e+19 2.477342945936143974e+19 2.382684849499173683e+19 2.247597888115892634e+19 2.056754423925402829e+19 1.783555023249403290e+19 1.367100652234202112e+19
2.617121844164430643e+19 2.614339736170147021e+19 2.603977883687888077e+19 2.581371155016488960e+19 2.541325002695646822e+19 2.477342945936143155e+19 2.382684849499173683e+19 2.247597888115893043e+19 2.056754423925402829e+19 1.783555023249404928e+19 1.367100652234202112e+19
2.617121844164430643e+19 2.614339736170147021e+19 2.603977883687886438e+19 2.581371155016488960e+19 2.541325002695646003e+19 2.477342945936143974e+19 2.382684849499174502e+19 2.247597888115892634e+19 2.056754423925402419e+19 1.783555023249404314e+19 1.367100652234201907e+19
2.617121844164429824e+19 2.614339736170146611e+19 2.603977883687886438e+19 2.581371155016489370e+19 2.541325002695646413e+19 2.477342945936143974e+19 2.382684849499174502e+19 2.247597888115892634e+19 2.056754423925401600e+19 1.783555023249404723e+19 1.367100652234202112e+19
2.617121844164430234e+19 2.614339736170146202e+19 2.603977883687886029e+19 2.581371155016489370e+19 2.541325002695646413e+19 2.477342945936143974e+19 2.382684849499175322e+19 2.247597888115893043e+19 2.056754423925398733e+19 1.783555023249404723e+19 1.367100652234202112e+19
2.617121844164429824e+19 2.614339736170145792e+19 2.603977883687886029e+19 2.581371155016488960e+19 2.541325002695645594e+19 2.477342945936143974e+19 2.382684849499174912e+19 2.247597888115892634e+19 2.056754423925399142e+19 1.783555023249404723e+19 1.367100652234202112e+19
2.617121844164429824e+19 2.614339736170146202e+19 2.603977883687886029e+19 2.581371155016488960e+19 2.541325002695646413e+19 2.477342945936144794e+19 2.382684849499174502e+19 2.247597888115893043e+19 2.056754423925398733e+19 1.783555023249404723e+19 1.367100652234202112e+19
2.617121844164431462e+19 2.614339736170146611e+19 2.603977883687886029e+19 2.581371155016489370e+19 2.541325002695646413e+19 2.477342945936146022e+19 2.382684849499174912e+19 2.247597888115893043e+19 2.056754423925398323e+19 1.783555023249404928e+19 1.367100652234201907e+19
2.617121844164431462e+19 2.614339736170146202e+19 2.603977883687885210e+19 2.581371155016488960e+19 2.541325002695645594e+19 2.477342945936145613e+19 2.382684849499173683e+19 2.247597888115893043e+19 2.056754423925398323e+19 1.783555023249404928e+19 1.367100652234202112e+19
2.617121844164431053e+19 2.614339736170146611e+19 2.603977883687885210e+19 2.581371155016489370e+19 2.541325002695646003e+19 2.477342945936146022e+19 2.382684849499173274e+19 2.247597888115893862e+19 2.056754423925397914e+19 1.783555023249405133e+19 1.367100652234202112e+19
2.617121844164431462e+19 2.614339736170147430e+19 2.603977883687884390e+19 2.581371155016488960e+19 2.541325002695644774e+19 2.477342945936146022e+19 2.382684849499173683e+19 2.247597888115893862e+19 2.056754423925397914e+19 1.783555023249404928e+19 1.367100652234201907e+19
2.617121844164431462e+19 2.614339736170147021e+19 2.603977883687885210e+19 2.581371155016489370e+19 2.541325002695643955e+19 2.477342945936145613e+19 2.382684849499172454e+19 2.247597888115893862e+19 2.056754423925397094e+19 1.783555023249404928e+19 1.367100652234201907e+19
2.617121844164431462e+19 2.614339736170146202e+19 2.603977883687886029e+19 2.581371155016489370e+19 2.541325002695643955e+19 2.477342945936146022e+19 2.382684849499172864e+19 2.247597888115893453e+19 2.056754423925396685e+19 1.783555023249405133e+19 1.367100652234201907e+19
2.617121844164430643e+19 2.614339736170147430e+19 2.603977883687886848e+19 2.581371155016489779e+19 2.541325002695643546e+19 2.477342945936146022e+19 2.382684849499172454e+19 2.247597888115893453e+19 2.056754423925396685e+19 1.783555023249405133e+19 1.367100652234201907e+19
2.617121844164429824e+19 2.614339736170147430e+19 2.603977883687886438e+19 2.581371155016489779e+19 2.541325002695643136e+19 2.477342945936146022e+19 2.382684849499172454e+19 2.247597888115892634e+19 2.056754423925396685e+19 1.783555023249404928e+19 1.367100652234201907e+19
2.617121844164429824e+19 2.614339736170149069e+19 2.603977883687887258e+19 2.581371155016489779e+19 2.541325002695641907e+19 2.477342945936146022e+19 2.382684849499172045e+19 2.247597888115892224e+19 2.056754423925395866e+19 1.783555023249404723e+19 1.367100652234201702e+19
2.617121844164429005e+19 2.614339736170149478e+19 2.603977883687886848e+19 2.581371155016490598e+19 2.541325002695641498e+19 2.477342945936146432e+19 2.382684849499172045e+19 2.247597888115891814e+19 2.056754423925395456e+19 1.783555023249404723e+19 1.367100652234201907e+19
2.617121844164428595e+19 2.614339736170149069e+19 2.603977883687886438e+19 2.581371155016490189e+19 2.541325002695641088e+19 2.477342945936146432e+19 2.382684849499170816e+19 2.247597888115891814e+19 2.056754423925395866e+19 1.783555023249404723e+19 1.367100652234201907e+19
2.617121844164429414e+19 2.614339736170149478e+19 2.603977883687886848e+19 2.581371155016490189e+19 2.541325002695641088e+19 2.477342945936145613e+19 2.382684849499170406e+19 2.247597888115891814e+19 2.056754423925395866e+19 1.783555023249404518e+19 1.367100652234202726e+19
2.617121844164429824e+19 2.614339736170149888e+19 2.603977883687886029e+19 2.581371155016489779e+19 2.541325002695640269e+19 2.477342945936145613e+19 2.382684849499170406e+19 2.247597888115891814e+19 2.056754423925395866e+19 1.783555023249404518e+19 1.367100652234203341e+19
2.617121844164429414e+19 2.614339736170147840e+19 2.603977883687886848e+19 2.581371155016490598e+19 2.541325002695641088e+19 2.477342945936145613e+19 2.382684849499170406e+19 2.247597888115892224e+19 2.056754423925396275e+19 1.783555023249404314e+19 1.367100652234203136e+19
2.617121844164429824e+19 2.614339736170147430e+19 2.603977883687887258e+19 2.581371155016491418e+19 2.541325002695641088e+19 2.477342945936145613e+19 2.382684849499170816e+19 2.247597888115892224e+19 2.056754423925396275e+19 1.783555023249404518e+19 1.367100652234203136e+19
2.617121844164429824e+19 2.614339736170148250e+19 2.603977883687886438e+19 2.581371155016491418e+19 2.541325002695640269e+19 2.477342945936145203e+19 2.382684849499170406e+19 2.247597888115893043e+19 2.056754423925396275e+19 1.783555023249404518e+19 1.367100652234203136e+19
2.617121844164429824e+19 2.614339736170147840e+19 2.603977883687886029e+19 2.581371155016491418e+19 2.541325002695640269e+19 2.477342945936144794e+19 2.382684849499170816e+19 2.247597888115893043e+19 2.056754423925396685e+19 1.783555023249404109e+19 1.367100652234202931e+19
2.617121844164429414e+19 2.614339736170148659e+19 2.603977883687885210e+19 2.581371155016491418e+19 2.541325002695641088e+19 2.477342945936145203e+19 2.382684849499171226e+19 2.247597888115893453e+19 2.056754423925396685e+19 1.783555023249404109e+19 1.367100652234202726e+19
2.617121844164429005e+19 2.614339736170149069e+19 2.603977883687884390e+19 2.581371155016491418e+19 2.541325002695640269e+19 2.477342945936145613e+19 2.382684849499170816e+19 2.247597888115894272e+19 2.056754423925397914e+19 1.783555023249404518e+19 1.367100652234202726e+19
2.617121844164429005e+19 2.614339736170148659e+19 2.603977883687884800e+19 2.581371155016491827e+19 2.541325002695640269e+19 2.477342945936146022e+19 2.382684849499170406e+19 2.247597888115893862e+19 2.056754423925397504e+19 1.783555023249404723e+19 1.367100652234202726e+19
2.617121844164429824e+19 2.614339736170148659e+19 2.603977883687885619e+19 2.581371155016492237e+19 2.541325002695641088e+19 2.477342945936145613e+19 2.382684849499170406e+19 2.247597888115894682e+19 2.056754423925397504e+19 1.783555023249404928e+19 1.367100652234202726e+19
2.617121844164430234e+19 2.614339736170147840e+19 2.603977883687886029e+19 2.581371155016491827e+19 2.541325002695641088e+19 2.477342945936144384e+19 2.382684849499169997e+19 2.247597888115894682e+19 2.056754423925397914e+19 1.783555023249405133e+19 1.367100652234203136e+19
2.617121844164430234e+19 2.614339736170147021e+19 2.603977883687886438e+19 2.581371155016491418e+19 2.541325002695641088e+19 2.477342945936144794e+19 2.382684849499169997e+19 2.247597888115894272e+19 2.056754423925397914e+19 1.783555023249403904e+19 1.367100652234203136e+19
2.617121844164430643e+19 2.614339736170147021e+19 2.603977883687886438e+19 2.581371155016491827e+19 2.541325002695640678e+19 2.477342945936144384e+19 2.382684849499169997e+19 2.247597888115893862e+19 2.056754423925397914e+19 1.783555023249403904e+19 1.367100652234202931e+19
2.617121844164430643e+19 2.614339736170147021e+19 2.603977883687886029e+19 2.581371155016493466e+19 2.541325002695640269e+19 2.477342945936144794e+19 2.382684849499170406e+19 2.247597888115893043e+19 2.056754423925398323e+19 1.783555023249403699e+19 1.367100652234202931e+19
2.617121844164430234e+19 2.614339736170147430e+19 2.603977883687885619e+19 2.581371155016493466e+19 2.541325002695640269e+19 2.477342945936144384e+19 2.382684849499170816e+19 2.247597888115893862e+19 2.056754423925397914e+19 1.783555023249403904e+19 1.367100652234202726e+19
2.617121844164429414e+19 2.614339736170147840e+19 2.603977883687885619e+19 2.581371155016492646e+19 2.541325002695640678e+19 2.477342945936143155e+19 2.382684849499169997e+19 2.247597888115894272e+19 2.056754423925398733e+19 1.783555023249404109e+19 1.367100652234202317e+19
2.617121844164429005e+19 2.614339736170149069e+19 2.603977883687885619e+19 2.581371155016492646e+19 2.541325002695640678e+19 2.477342945936143155e+19 2.382684849499170406e+19 2.247597888115894682e+19 2.056754423925398323e+19 1.783555023249404314e+19 1.367100652234201498e+19
2.617121844164429005e+19 2.614339736170149069e+19 2.603977883687885619e+19 2.581371155016493056e+19 2.541325002695640678e+19 2.477342945936143974e+19 2.382684849499170406e+19 2.247597888115895091e+19 2.056754423925398733e+19 1.783555023249404109e+19 1.367100652234201498e+19
2.617121844164429414e+19 2.614339736170148659e+19 2.603977883687886438e+19 2.581371155016492646e+19 2.541325002695642317e+19 2.477342945936144794e+19 2.382684849499169587e+19 2.247597888115894682e+19 2.056754423925397504e+19 1.783555023249404109e+19 1.367100652234201293e+19
2.617121844164429414e+19 2.614339736170149478e+19 2.603977883687885210e+19 2.581371155016493056e+19 2.541325002695643136e+19 2.477342945936144794e+19 2.382684849499169587e+19 2.247597888115895501e+19 2.056754423925397504e+19 1.783555023249404314e+19 1.367100652234201293e+19
2.617121844164429414e+19 2.614339736170149478e+19 2.603977883687886029e+19 2.581371155016492237e+19 2.541325002695643955e+19 2.477342945936143974e+19 2.382684849499169997e+19 2.247597888115896320e+19 2.056754423925397914e+19 1.783555023249404314e+19 1.367100652234201088e+19
2.617121844164429824e+19 2.614339736170149069e+19 2.603977883687886029e+19 2.581371155016491827e+19 2.541325002695644774e+19 2.477342945936143565e+19 2.382684849499170816e+19 2.247597888115895910e+19 2.056754423925398323e+19 1.783555023249404518e+19 1.367100652234201088e+19
2.617121844164428595e+19 2.614339736170149069e+19 2.603977883687886029e+19 2.581371155016491827e+19 2.541325002695644774e+19 2.477342945936141926e+19 2.382684849499171635e+19 2.247597888115895910e+19 2.056754423925397914e+19 1.783555023249404314e+19 1.367100652234201498e+19
2.617121844164428186e+19 2.614339736170148659e+19 2.603977883687886029e+19 2.581371155016493056e+19 2.541325002695644365e+19 2.477342945936141926e+19 2.382684849499171635e+19 2.247597888115896320e+19 2.056754423925397914e+19 1.783555023249404109e+19 1.367100652234201702e+19
2.617121844164427366e+19 2.614339736170148659e+19 2.603977883687886438e+19 2.581371155016491827e+19 2.541325002695644774e+19 2.477342945936143155e+19 2.382684849499171226e+19 2.247597888115897549e+19 2.056754423925398733e+19 1.783555023249403494e+19 1.367100652234201498e+19
2.617121844164427366e+19 2.614339736170148659e+19 2.603977883687885619e+19 2.581371155016491008e+19 2.541325002695644774e+19 2.477342945936141517e+19 2.382684849499172045e+19 2.247597888115897549e+19 2.056754423925398733e+19 1.783555023249403904e+19 1.367100652234201088e+19
2.617121844164428186e+19 2.614339736170147840e+19 2.603977883687886438e+19 2.581371155016491008e+19 2.541325002695645184e+19 2.477342945936142336e+19 2.382684849499172454e+19 2.247597888115897549e+19 2.056754423925399552e+19 1.783555023249404109e+19 1.367100652234201293e+19
2.617121844164426957e+19 2.614339736170149069e+19 2.603977883687886438e+19 2.581371155016490598e+19 2.541325002695645594e+19 2.477342945936142336e+19 2.382684849499173274e+19 2.247597888115897958e+19 2.056754423925399142e+19 1.783555023249403494e+19 1.367100652234201293e+19
2.617121844164426957e+19 2.614339736170149069e+19 2.603977883687887258e+19 2.581371155016491418e+19 2.541325002695645184e+19 2.477342945936141926e+19 2.382684849499173274e+19 2.247597888115897549e+19 2.056754423925398733e+19 1.783555023249404109e+19 1.367100652234201498e+19
2.617121844164426547e+19 2.614339736170149069e+19 2.603977883687886438e+19 2.581371155016491008e+19 2.541325002695643955e+19 2.477342945936141926e+19 2.382684849499174093e+19 2.247597888115897958e+19 2.056754423925398323e+19 1.783555023249404109e+19 1.367100652234201498e+19
2.617121844164426547e+19 2.614339736170148659e+19 2.603977883687886848e+19 2.581371155016492237e+19 2.541325002695643546e+19 2.477342945936142336e+19 2.382684849499174502e+19 2.247597888115897139e+19 2.056754423925398323e+19 1.783555023249403699e+19 1.367100652234201293e+19
2.617121844164427366e+19 2.614339736170149478e+19 2.603977883687887258e+19 2.581371155016491418e+19 2.541325002695643546e+19 2.477342945936141107e+19 2.382684849499173683e+19 2.247597888115895910e+19 2.056754423925397914e+19 1.783555023249403699e+19 1.367100652234201088e+19
2.617121844164426957e+19 2.614339736170149069e+19 2.603977883687887667e+19 2.581371155016491827e+19 2.541325002695643546e+19 2.477342945936140288e+19 2.382684849499173274e+19 2.247597888115896320e+19 2.056754423925398323e+19 1.783555023249403494e+19 1.367100652234200678e+19
2.617121844164426957e+19 2.614339736170148659e+19 2.603977883687887667e+19 2.581371155016492646e+19 2.541325002695643955e+19 2.477342945936139469e+19 2.382684849499173683e+19 2.247597888115895910e+19 2.056754423925397094e+19 1.783555023249403085e+19 1.367100652234200883e+19
2.617121844164427776e+19 2.614339736170149069e+19 2.603977883687888077e+19 2.581371155016492646e+19 2.541325002695644774e+19 2.477342945936139469e+19 2.382684849499173683e+19 2.247597888115895501e+19 2.056754423925396685e+19 1.783555023249402266e+19 1.367100652234200883e+19
2.617121844164428186e+19 2.614339736170148659e+19 2.603977883687887667e+19 2.581371155016492646e+19 2.541325002695644774e+19 2.477342945936138240e+19 2.382684849499173274e+19 2.247597888115894272e+19 2.056754423925397094e+19 1.783555023249402675e+19 1.367100652234201293e+19
2.617121844164428595e+19 2.614339736170148659e+19 2.603977883687887667e+19 2.581371155016492237e+19 2.541325002695644774e+19 2.477342945936138240e+19 2.382684849499173274e+19 2.247597888115894272e+19 2.056754423925396685e+19 1.783555023249402880e+19 1.367100652234201702e+19
2.617121844164429414e+19 2.614339736170149069e+19 2.603977883687887258e+19 2.581371155016492646e+19 2.541325002695644774e+19 2.477342945936139059e+19 2.382684849499172864e+19 2.247597888115894682e+19 2.056754423925397504e+19 1.783555023249402880e+19 1.367100652234201498e+19
2.617121844164430234e+19 2.614339736170148659e+19 2.603977883687888896e+19 2.581371155016491827e+19 2.541325002695645184e+19 2.477342945936139059e+19 2.382684849499172864e+19 2.247597888115894272e+19 2.056754423925398323e+19 1.783555023249403290e+19 1.367100652234201498e+19
2.617121844164429414e+19 2.614339736170149069e+19 2.603977883687888077e+19 2.581371155016491418e+19 2.541325002695645184e+19 2.477342945936139878e+19 2.382684849499172045e+19 2.247597888115893862e+19 2.056754423925398323e+19 1.783555023249403290e+19 1.367100652234201088e+19
2.617121844164429824e+19 2.614339736170148659e+19 2.603977883687888486e+19 2.581371155016491827e+19 2.541325002695646003e+19 2.477342945936140698e+19 2.382684849499171635e+19 2.247597888115894682e+19 2.056754423925398733e+19 1.783555023249403699e+19 1.367100652234201088e+19
2.617121844164429414e+19 2.614339736170148659e+19 2.603977883687888077e+19 2.581371155016492237e+19 2.541325002695647232e+19 2.477342945936140698e+19 2.382684849499171635e+19 2.247597888115894682e+19 2.056754423925399142e+19 1.783555023249403699e+19 1.367100652234200883e+19
2.617121844164430234e+19 2.614339736170147840e+19 2.603977883687887667e+19 2.581371155016492646e+19 2.541325002695646413e+19 2.477342945936140698e+19 2.382684849499172045e+19 2.247597888115894272e+19 2.056754423925400371e+19 1.783555023249403699e+19 1.367100652234201088e+19
2.617121844164430234e+19 2.614339736170147430e+19 2.603977883687888077e+19 2.581371155016492646e+19 2.541325002695646822e+19 2.477342945936141517e+19 2.382684849499172864e+19 2.247597888115894272e+19 2.056754423925401190e+19 1.783555023249403494e+19 1.367100652234201293e+19
2.617121844164430234e+19 2.614339736170146202e+19 2.603977883687888486e+19 2.581371155016493466e+19 2.541325002695646003e+19 2.477342945936142336e+19 2.382684849499172045e+19 2.247597888115894682e+19 2.056754423925400781e+19 1.783555023249403085e+19 1.367100652234201293e+19
2.617121844164429414e+19 2.614339736170145382e+19 2.603977883687888896e+19 2.581371155016493466e+19 2.541325002695645594e+19 2.477342945936142336e+19 2.382684849499172045e+19 2.247597888115894682e+19 2.056754423925400781e+19 1.783555023249402880e+19 1.367100652234200883e+19
2.617121844164430234e+19 2.614339736170144973e+19 2.603977883687888077e+19 2.581371155016493875e+19 2.541325002695645184e+19 2.477342945936142336e+19 2.382684849499171635e+19 2.247597888115894682e+19 2.056754423925401600e+19 1.783555023249402675e+19 1.367100652234200678e+19
2.617121844164430643e+19 2.614339736170145382e+19 2.603977883687888077e+19 2.581371155016493875e+19 2.541325002695644365e+19 2.477342945936141517e+19 2.382684849499172045e+19 2.247597888115894272e+19 2.056754423925402010e+19 1.783555023249403085e+19 1.367100652234201088e+19
2.617121844164429414e+19 2.614339736170144563e+19 2.603977883687888077e+19 2.581371155016493056e+19 2.541325002695645184e+19 2.477342945936141517e+19 2.382684849499172454e+19 2.247597888115894682e+19 2.056754423925401600e+19 1.783555023249403085e+19 1.367100652234201293e+19
2.617121844164429824e+19 2.614339736170144973e+19 2.603977883687888077e+19 2.581371155016493056e+19 2.541325002695645594e+19 2.477342945936141926e+19 2.382684849499172045e+19 2.247597888115894682e+19 2.056754423925402010e+19 1.783555023249403494e+19 1.367100652234200883e+19
2.617121844164429824e+19 2.614339736170146202e+19 2.603977883687888486e+19 2.581371155016493875e+19 2.541325002695645594e+19 2.477342945936141517e+19 2.382684849499171635e+19 2.247597888115893862e+19 2.056754423925401600e+19 1.783555023249403904e+19 1.367100652234201498e+19
2.617121844164429414e+19 2.614339736170146202e+19 2.603977883687888077e+19 2.581371155016493875e+19 2.541325002695645594e+19 2.477342945936142336e+19 2.382684849499170816e+19 2.247597888115894272e+19 2.056754423925402829e+19 1.783555023249403904e+19 1.367100652234201702e+19
2.617121844164429005e+19 2.614339736170145792e+19 2.603977883687888077e+19 2.581371155016494694e+19 2.541325002695645594e+19 2.477342945936142336e+19 2.382684849499172864e+19 2.247597888115894682e+19 2.056754423925404467e+19 1.783555023249404314e+19 1.367100652234201907e+19
2.617121844164429005e+19 2.614339736170146202e+19 2.603977883687887667e+19 2.581371155016494694e+19 2.541325002695645594e+19 2.477342945936141517e+19 2.382684849499172454e+19 2.247597888115895091e+19 2.056754423925404467e+19 1.783555023249404314e+19 1.367100652234201293e+19
2.617121844164429005e+19 2.614339736170146202e+19 2.603977883687886848e+19 2.581371155016494285e+19 2.541325002695645184e+19 2.477342945936142336e+19 2.382684849499172454e+19 2.247597888115894682e+19 2.056754423925404877e+19 1.783555023249404518e+19 1.367100652234201088e+19
2.617121844164428595e+19 2.614339736170146202e+19 2.603977883687886438e+19 2.581371155016493875e+19 2.541325002695644774e+19 2.477342945936141926e+19 2.382684849499172045e+19 2.247597888115894272e+19 2.056754423925405286e+19 1.783555023249403904e+19 1.367100652234201088e+19
2.617121844164428186e+19 2.614339736170147021e+19 2.603977883687887258e+19 2.581371155016493875e+19 2.541325002695645184e+19 2.477342945936142336e+19 2.382684849499171635e+19 2.247597888115894272e+19 2.056754423925406106e+19 1.783555023249404109e+19 1.367100652234200883e+19
2.617121844164428186e+19 2.614339736170146611e+19 2.603977883687887258e+19 2.581371155016493466e+19 2.541325002695646003e+19 2.477342945936142746e+19 2.382684849499170816e+19 2.247597888115894272e+19 2.056754423925405696e+19 1.783555023249403904e+19 1.367100652234201088e+19
2.617121844164427776e+19 2.614339736170146611e+19 2.603977883687886848e+19 2.581371155016493466e+19 2.541325002695646003e+19 2.477342945936143155e+19 2.382684849499171226e+19 2.247597888115895091e+19 2.056754423925406515e+19 1.783555023249403904e+19 1.367100652234201088e+19
2.617121844164427776e+19 2.614339736170147021e+19 2.603977883687886848e+19 2.581371155016494285e+19 2.541325002695646822e+19 2.477342945936144384e+19 2.382684849499171226e+19 2.247597888115894272e+19 2.056754423925407334e+19 1.783555023249403699e+19 1.367100652234201293e+19
2.617121844164427366e+19 2.614339736170147430e+19 2.603977883687887667e+19 2.581371155016493875e+19 2.541325002695646413e+19 2.477342945936144384e+19 2.382684849499171226e+19 2.247597888115895091e+19 2.056754423925406925e+19 1.783555023249403494e+19 1.367100652234200883e+19
2.617121844164426547e+19 2.614339736170147021e+19 2.603977883687887667e+19 2.581371155016493875e+19 2.541325002695646413e+19 2.477342945936143974e+19 2.382684849499171635e+19 2.247597888115895091e+19 2.056754423925406515e+19 1.783555023249403494e+19 1.367100652234200474e+19
2.617121844164426138e+19 2.614339736170146611e+19 2.603977883687887667e+19 2.581371155016493875e+19 2.541325002695646003e+19 2.477342945936143565e+19 2.382684849499171635e+19 2.247597888115894682e+19 2.056754423925406515e+19 1.783555023249403494e+19 1.367100652234200678e+19
2.617121844164426957e+19 2.614339736170145792e+19 2.603977883687887258e+19 2.581371155016493875e+19 2.541325002695645594e+19 2.477342945936142336e+19 2.382684849499171226e+19 2.247597888115895091e+19 2.056754423925406515e+19 1.783555023249403085e+19 1.367100652234200474e+19
2.617121844164427776e+19 2.614339736170146611e+19 2.603977883687887667e+19 2.581371155016493466e+19 2.541325002695645184e+19 2.477342945936142746e+19 2.382684849499171635e+19 2.247597888115895091e+19 2.056754423925406515e+19 1.783555023249403290e+19 1.367100652234200474e+19
2.617121844164427366e+19 2.614339736170145382e+19 2.603977883687887258e+19 2.581371155016493056e+19 2.541325002695643955e+19 2.477342945936143155e+19 2.382684849499171635e+19 2.247597888115895910e+19 2.056754423925407334e+19 1.783555023249403290e+19 1.367100652234200883e+19
2.617121844164426547e+19 2.614339736170146202e+19 2.603977883687887258e+19 2.581371155016494285e+19 2.541325002695644365e+19 2.477342945936142746e+19 2.382684849499170816e+19 2.247597888115896320e+19 2.056754423925407334e+19 1.783555023249403085e+19 1.367100652234200474e+19
2.617121844164426547e+19 2.614339736170147021e+19 2.603977883687886438e+19 2.581371155016494285e+19 2.541325002695644365e+19 2.477342945936142336e+19 2.382684849499171226e+19 2.247597888115897139e+19 2.056754423925407334e+19 1.783555023249402880e+19 1.367100652234200269e+19
2.617121844164427366e+19 2.614339736170147430e+19 2.603977883687886848e+19 2.581371155016493056e+19 2.541325002695643955e+19 2.477342945936143155e+19 2.382684849499171226e+19 2.247597888115896730e+19 2.056754423925406925e+19 1.783555023249403290e+19 1.367100652234200269e+19
2.617121844164427776e+19 2.614339736170147840e+19 2.603977883687886848e+19 2.581371155016493056e+19 2.541325002695643136e+19 2.477342945936143974e+19 2.382684849499170816e+19 2.247597888115896730e+19 2.056754423925406925e+19 1.783555023249403290e+19 1.367100652234199859e+19
2.617121844164428186e+19 2.614339736170148250e+19 2.603977883687886848e+19 2.581371155016493466e+19 2.541325002695643955e+19 2.477342945936143974e+19 2.382684849499169997e+19 2.247597888115897139e+19 2.056754423925406925e+19 1.783555023249403290e+19 1.367100652234199654e+19
2.617121844164427366e+19 2.614339736170147840e+19 2.603977883687887667e+19 2.581371155016493056e+19 2.541325002695645184e+19 2.477342945936143155e+19 2.382684849499169997e+19 2.247597888115898368e+19 2.056754423925406515e+19 1.783555023249403494e+19 1.367100652234199654e+19
2.617121844164426957e+19 2.614339736170147840e+19 2.603977883687887667e+19 2.581371155016493056e+19 2.541325002695644774e+19 2.477342945936143155e+19 2.382684849499169178e+19 2.247597888115898778e+19 2.056754423925407744e+19 1.783555023249403494e+19 1.367100652234199040e+19
2.617121844164426547e+19 2.614339736170148659e+19 2.603977883687886848e+19 2.581371155016492646e+19 2.541325002695645184e+19 2.477342945936143155e+19 2.382684849499169178e+19 2.247597888115899187e+19 2.056754423925408154e+19 1.783555023249403699e+19 1.367100652234198835e+19
2.617121844164426138e+19 2.614339736170148250e+19 2.603977883687885619e+19 2.581371155016492646e+19 2.541325002695643546e+19 2.477342945936143155e+19 2.382684849499168358e+19 2.247597888115900826e+19 2.056754423925408563e+19 1.783555023249403494e+19 1.367100652234199040e+19
2.617121844164426547e+19 2.614339736170149478e+19 2.603977883687886029e+19 2.581371155016492237e+19 2.541325002695643136e+19 2.477342945936143565e+19 2.382684849499168768e+19 2.247597888115900826e+19 2.056754423925408563e+19 1.783555023249403290e+19 1.367100652234199040e+19
2.617121844164426957e+19 2.614339736170149888e+19 2.603977883687885210e+19 2.581371155016491827e+19 2.541325002695643546e+19 2.477342945936144384e+19 2.382684849499168358e+19 2.247597888115901645e+19 2.056754423925408973e+19 1.783555023249403904e+19 1.367100652234199450e+19
2.617121844164427366e+19 2.614339736170149069e+19 2.603977883687885210e+19 2.581371155016491827e+19 2.541325002695643955e+19 2.477342945936144794e+19 2.382684849499168358e+19 2.247597888115902054e+19 2.056754423925408563e+19 1.783555023249403904e+19 1.367100652234199859e+19
2.617121844164426957e+19 2.614339736170148659e+19 2.603977883687885619e+19 2.581371155016491418e+19 2.541325002695644365e+19 2.477342945936145203e+19 2.382684849499169178e+19 2.247597888115901235e+19 2.056754423925408563e+19 1.783555023249403699e+19 1.367100652234199859e+19
2.617121844164426957e+19 2.614339736170148659e+19 2.603977883687884800e+19 2.581371155016491827e+19 2.541325002695643955e+19 2.477342945936143974e+19 2.382684849499168768e+19 2.247597888115900826e+19 2.056754423925407334e+19 1.783555023249403494e+19 1.367100652234200064e+19
2.617121844164426957e+19 2.614339736170148250e+19 2.603977883687884390e+19 2.581371155016491827e+19 2.541325002695643546e+19 2.477342945936143974e+19 2.382684849499169178e+19 2.247597888115900826e+19 2.056754423925406925e+19 1.783555023249403904e+19 1.367100652234199654e+19
2.617121844164426957e+19 2.614339736170148659e+19 2.603977883687884800e+19 2.581371155016491418e+19 2.541325002695643955e+19 2.477342945936144384e+19 2.382684849499169178e+19 2.247597888115900826e+19 2.056754423925406925e+19 1.783555023249403904e+19 1.367100652234199654e+19
2.617121844164426547e+19 2.614339736170147840e+19 2.603977883687885210e+19 2.581371155016490598e+19 2.541325002695644774e+19 2.477342945936143565e+19 2.382684849499167949e+19 2.247597888115901235e+19 2.056754423925406106e+19 1.783555023249403904e+19 1.367100652234199450e+19
2.617121844164425728e+19 2.614339736170147430e+19 2.603977883687885210e+19 2.581371155016490598e+19 2.541325002695643955e+19 2.477342945936143974e+19 2.382684849499168358e+19 2.247597888115902054e+19 2.056754423925405696e+19 1.783555023249404109e+19 1.367100652234199450e+19
2.617121844164424909e+19 2.614339736170147840e+19 2.603977883687885210e+19 2.581371155016490598e+19 2.541325002695644365e+19 2.477342945936144384e+19 2.382684849499168768e+19 2.247597888115902054e+19 2.056754423925406515e+19 1.783555023249403904e+19 1.367100652234199245e+19
2.617121844164425318e+19 2.614339736170147430e+19 2.603977883687884390e+19 2.581371155016490189e+19 2.541325002695644774e+19 2.477342945936143155e+19 2.382684849499168358e+19 2.247597888115902464e+19 2.056754423925405696e+19 1.783555023249404314e+19 1.367100652234199450e+19
2.617121844164425728e+19 2.614339736170147021e+19 2.603977883687884390e+19 2.581371155016489370e+19 2.541325002695644774e+19 2.477342945936143155e+19 2.382684849499167539e+19 2.247597888115903283e+19 2.056754423925406106e+19 1.783555023249403904e+19 1.367100652234199245e+19
2.617121844164425728e+19 2.614339736170147430e+19 2.603977883687883571e+19 2.581371155016488960e+19 2.541325002695643546e+19 2.477342945936143565e+19 2.382684849499166720e+19 2.247597888115903283e+19 2.056754423925406106e+19 1.783555023249404109e+19 1.367100652234199245e+19
2.617121844164425728e+19 2.614339736170147021e+19 2.603977883687882752e+19 2.581371155016489370e+19 2.541325002695643136e+19 2.477342945936143155e+19 2.382684849499167949e+19 2.247597888115904102e+19 2.056754423925406515e+19 1.783555023249403904e+19 1.367100652234199040e+19
2.617121844164425728e+19 2.614339736170147840e+19 2.603977883687882342e+19 2.581371155016489779e+19 2.541325002695642726e+19 2.477342945936143565e+19 2.382684849499167539e+19 2.247597888115904922e+19 2.056754423925405696e+19 1.783555023249404518e+19 1.367100652234199245e+19
2.617121844164425318e+19 2.614339736170147430e+19 2.603977883687881933e+19 2.581371155016490189e+19 2.541325002695642317e+19 2.477342945936143974e+19 2.382684849499167949e+19 2.247597888115905331e+19 2.056754423925405696e+19 1.783555023249404518e+19 1.367100652234199245e+19
2.617121844164425728e+19 2.614339736170147021e+19 2.603977883687882342e+19 2.581371155016489779e+19 2.541325002695642317e+19 2.477342945936143974e+19 2.382684849499167949e+19 2.247597888115904922e+19 2.056754423925405286e+19 1.783555023249404928e+19 1.367100652234199245e+19
2.617121844164425728e+19 2.614339736170147840e+19 2.603977883687881933e+19 2.581371155016488960e+19 2.541325002695642726e+19 2.477342945936142746e+19 2.382684849499167539e+19 2.247597888115904922e+19 2.056754423925405286e+19 1.783555023249405133e+19 1.367100652234199040e+19
2.617121844164424909e+19 2.614339736170147840e+19 2.603977883687882752e+19 2.581371155016487731e+19 2.541325002695643136e+19 2.477342945936142746e+19 2.382684849499167539e+19 2.247597888115905331e+19 2.056754423925405696e+19 1.783555023249404928e+19 1.367100652234199245e+19
2.617121844164424909e+19 2.614339736170147840e+19 2.603977883687882752e+19 2.581371155016488550e+19 2.541325002695642317e+19 2.477342945936141926e+19 2.382684849499167949e+19 2.247597888115903693e+19 2.056754423925405696e+19 1.783555023249404928e+19 1.367100652234199450e+19
2.617121844164424909e+19 2.614339736170147430e+19 2.603977883687883981e+19 2.581371155016488960e+19 2.541325002695642726e+19 2.477342945936141107e+19 2.382684849499167539e+19 2.247597888115904102e+19 2.056754423925405696e+19 1.783555023249405542e+19 1.367100652234198630e+19
2.617121844164425318e+19 2.614339736170146611e+19 2.603977883687884390e+19 2.581371155016489370e+19 2.541325002695642317e+19 2.477342945936140698e+19 2.382684849499167130e+19 2.247597888115904102e+19 2.056754423925405286e+19 1.783555023249405952e+19 1.367100652234198630e+19
2.617121844164424909e+19 2.614339736170146202e+19 2.603977883687883571e+19 2.581371155016489370e+19 2.541325002695642726e+19 2.477342945936140698e+19 2.382684849499167130e+19 2.247597888115903283e+19 2.056754423925405286e+19 1.783555023249405952e+19 1.367100652234198426e+19
2.617121844164425318e+19 2.614339736170145792e+19 2.603977883687883571e+19 2.581371155016490189e+19 2.541325002695643136e+19 2.477342945936142336e+19 2.382684849499167130e+19 2.247597888115903283e+19 2.056754423925404877e+19 1.783555023249406362e+19 1.367100652234198630e+19
2.617121844164425728e+19 2.614339736170145382e+19 2.603977883687882752e+19 2.581371155016490598e+19 2.541325002695642726e+19 2.477342945936142746e+19 2.382684849499168768e+19 2.247597888115903693e+19 2.056754423925405696e+19 1.783555023249406362e+19 1.367100652234198221e+19
2.617121844164425728e+19 2.614339736170145792e+19 2.603977883687881933e+19 2.581371155016491008e+19 2.541325002695643136e+19 2.477342945936141926e+19 2.382684849499169587e+19 2.247597888115903693e+19 2.056754423925405696e+19 1.783555023249407181e+19 1.367100652234198426e+19
2.617121844164425318e+19 2.614339736170146202e+19 2.603977883687881523e+19 2.581371155016490598e+19 2.541325002695642726e+19 2.477342945936141517e+19 2.382684849499169587e+19 2.247597888115903283e+19 2.056754423925406106e+19 1.783555023249406976e+19 1.367100652234198426e+19
2.617121844164425318e+19 2.614339736170145382e+19 2.603977883687881114e+19 2.581371155016491418e+19 2.541325002695643136e+19 2.477342945936141517e+19 2.382684849499168768e+19 2.247597888115904102e+19 2.056754423925405696e+19 1.783555023249406976e+19 1.367100652234198221e+19
2.617121844164424499e+19 2.614339736170144973e+19 2.603977883687881933e+19 2.581371155016491418e+19 2.541325002695642317e+19 2.477342945936141107e+19 2.382684849499168358e+19 2.247597888115904922e+19 2.056754423925405696e+19 1.783555023249406362e+19 1.367100652234198221e+19
2.617121844164424090e+19 2.614339736170145382e+19 2.603977883687881523e+19 2.581371155016489779e+19 2.541325002695641088e+19 2.477342945936141107e+19 2.382684849499168768e+19 2.247597888115904922e+19 2.056754423925406515e+19 1.783555023249406157e+19 1.367100652234198426e+19
2.617121844164424909e+19 2.614339736170145382e+19 2.603977883687881114e+19 2.581371155016489370e+19 2.541325002695642317e+19 2.477342945936140698e+19 2.382684849499169178e+19 2.247597888115905331e+19 2.056754423925405286e+19 1.783555023249405747e+19 1.367100652234198221e+19
2.617121844164425318e+19 2.614339736170144563e+19 2.603977883687880294e+19 2.581371155016488960e+19 2.541325002695641088e+19 2.477342945936140288e+19 2.382684849499168358e+19 2.247597888115904922e+19 2.056754423925405696e+19 1.783555023249405952e+19 1.367100652234198016e+19
2.617121844164425318e+19 2.614339736170144154e+19 2.603977883687879885e+19 2.581371155016487731e+19 2.541325002695640678e+19 2.477342945936140698e+19 2.382684849499167130e+19 2.247597888115904512e+19 2.056754423925406515e+19 1.783555023249405542e+19 1.367100652234198221e+19
2.617121844164425728e+19 2.614339736170143744e+19 2.603977883687879885e+19 2.581371155016487322e+19 2.541325002695641088e+19 2.477342945936140698e+19 2.382684849499166310e+19 2.247597888115904512e+19 2.056754423925406106e+19 1.783555023249405542e+19 1.367100652234198016e+19
2.617121844164426547e+19 2.614339736170143334e+19 2.603977883687880704e+19 2.581371155016486912e+19 2.541325002695641088e+19 2.477342945936141107e+19 2.382684849499166310e+19 2.247597888115904102e+19 2.056754423925405286e+19 1.783555023249405952e+19 1.367100652234198016e+19
2.617121844164426547e+19 2.614339736170143334e+19 2.603977883687881523e+19 2.581371155016486502e+19 2.541325002695641907e+19 2.477342945936141107e+19 2.382684849499166310e+19 2.247597888115904512e+19 2.056754423925404877e+19 1.783555023249405338e+19 1.367100652234198426e+19
2.617121844164426957e+19 2.614339736170142925e+19 2.603977883687881933e+19 2.581371155016486502e+19 2.541325002695641498e+19 2.477342945936141517e+19 2.382684849499165491e+19 2.247597888115904102e+19 2.056754423925405286e+19 1.783555023249405338e+19 1.367100652234198221e+19
2.617121844164427776e+19 2.614339736170143334e+19 2.603977883687881114e+19 2.581371155016486093e+19 2.541325002695641907e+19 2.477342945936142336e+19 2.382684849499165901e+19 2.247597888115904102e+19 2.056754423925404877e+19 1.783555023249405747e+19 1.367100652234198016e+19
2.617121844164427776e+19 2.614339736170143744e+19 2.603977883687880704e+19 2.581371155016486502e+19 2.541325002695642317e+19 2.477342945936142746e+19 2.382684849499165901e+19 2.247597888115903693e+19 2.056754423925405286e+19 1.783555023249405542e+19 1.367100652234198221e+19
2.617121844164427776e+19 2.614339736170144154e+19 2.603977883687881114e+19 2.581371155016486093e+19 2.541325002695641088e+19 2.477342945936142746e+19 2.382684849499166310e+19 2.247597888115903693e+19 2.056754423925404877e+19 1.783555023249405338e+19 1.367100652234198221e+19
2.617121844164427776e+19 2.614339736170144563e+19 2.603977883687881523e+19 2.581371155016486093e+19 2.541325002695641498e+19 2.477342945936142746e+19 2.382684849499166720e+19 2.247597888115903693e+19 2.056754423925404877e+19 1.783555023249405542e+19 1.367100652234198221e+19
2.617121844164427776e+19 2.614339736170144563e+19 2.603977883687882342e+19 2.581371155016485683e+19 2.541325002695641088e+19 2.477342945936142336e+19 2.382684849499166720e+19 2.247597888115903693e+19 2.056754423925404467e+19 1.783555023249405542e+19 1.367100652234198016e+19
2.617121844164428186e+19 2.614339736170144563e+19 2.603977883687882342e+19 2.581371155016485683e+19 2.541325002695640678e+19 2.477342945936141517e+19 2.382684849499165901e+19 2.247597888115903693e+19 2.056754423925404467e+19 1.783555023249405747e+19 1.367100652234198221e+19
2.617121844164427776e+19 2.614339736170144973e+19 2.603977883687881933e+19 2.581371155016486502e+19 2.541325002695640678e+19 2.477342945936141926e+19 2.382684849499165491e+19 2.247597888115903693e+19 2.056754423925404877e+19 1.783555023249405747e+19 1.367100652234197811e+19
2.617121844164428186e+19 2.614339736170145382e+19 2.603977883687882752e+19 2.581371155016486502e+19 2.541325002695639859e+19 2.477342945936142336e+19 2.382684849499165901e+19 2.247597888115904102e+19 2.056754423925404877e+19 1.783555023249406157e+19 1.367100652234197606e+19
2.617121844164427366e+19 2.614339736170144563e+19 2.603977883687882342e+19 2.581371155016486912e+19 2.541325002695639040e+19 2.477342945936143155e+19 2.382684849499165491e+19 2.247597888115904512e+19 2.056754423925404467e+19 1.783555023249406362e+19 1.367100652234197811e+19
2.617121844164427366e+19 2.614339736170144563e+19 2.603977883687882752e+19 2.581371155016486912e+19 2.541325002695639040e+19 2.477342945936142746e+19 2.382684849499165491e+19 2.247597888115904102e+19 2.056754423925403648e+19 1.783555023249406976e+19 1.367100652234197811e+19
2.617121844164428595e+19 2.614339736170144973e+19 2.603977883687883162e+19 2.581371155016486502e+19 2.541325002695638630e+19 2.477342945936142336e+19 2.382684849499165491e+19 2.247597888115904512e+19 2.056754423925404058e+19 1.783555023249406771e+19 1.367100652234198221e+19
2.617121844164426957e+19 2.614339736170145382e+19 2.603977883687882342e+19 2.581371155016486912e+19 2.541325002695638221e+19 2.477342945936142746e+19 2.382684849499165082e+19 2.247597888115904512e+19 2.056754423925404058e+19 1.783555023249406771e+19 1.367100652234198221e+19
2.617121844164425728e+19 2.614339736170144154e+19 2.603977883687881933e+19 2.581371155016486093e+19 2.541325002695638630e+19 2.477342945936143565e+19 2.382684849499164672e+19 2.247597888115904922e+19 2.056754423925402829e+19 1.783555023249406362e+19 1.367100652234198016e+19
2.617121844164424499e+19 2.614339736170144154e+19 2.603977883687881523e+19 2.581371155016487731e+19 2.541325002695639040e+19 2.477342945936143565e+19 2.382684849499164672e+19 2.247597888115904922e+19 2.056754423925403648e+19 1.783555023249406157e+19 1.367100652234198426e+19
2.617121844164424909e+19 2.614339736170143744e+19 2.603977883687881114e+19 2.581371155016488141e+19 2.541325002695638630e+19 2.477342945936143565e+19 2.382684849499164262e+19 2.247597888115903693e+19 2.056754423925403648e+19 1.783555023249405952e+19 1.367100652234198016e+19
2.617121844164424499e+19 2.614339736170143744e+19 2.603977883687881114e+19 2.581371155016487731e+19 2.541325002695638221e+19 2.477342945936143974e+19 2.382684849499163853e+19 2.247597888115904102e+19 2.056754423925403238e+19 1.783555023249405747e+19 1.367100652234197811e+19
2.617121844164424499e+19 2.614339736170144563e+19 2.603977883687880294e+19 2.581371155016488141e+19 2.541325002695637402e+19 2.477342945936144384e+19 2.382684849499164262e+19 2.247597888115903693e+19 2.056754423925403648e+19 1.783555023249405747e+19 1.367100652234197811e+19
2.617121844164424909e+19 2.614339736170143744e+19 2.603977883687881114e+19 2.581371155016486912e+19 2.541325002695637402e+19 2.477342945936143974e+19 2.382684849499163853e+19 2.247597888115903693e+19 2.056754423925403648e+19 1.783555023249405952e+19 1.367100652234198016e+19
2.617121844164424499e+19 2.614339736170144154e+19 2.603977883687881114e+19 2.581371155016487322e+19 2.541325002695637402e+19 2.477342945936142746e+19 2.382684849499164672e+19 2.247597888115903693e+19 2.056754423925404058e+19 1.783555023249405952e+19 1.367100652234198016e+19
2.617121844164424909e+19 2.614339736170144563e+19 2.603977883687880704e+19 2.581371155016486502e+19 2.541325002695636992e+19 2.477342945936142746e+19 2.382684849499164672e+19 2.247597888115904102e+19 2.056754423925404877e+19 1.783555023249405747e+19 1.367100652234198221e+19
2.617121844164424909e+19 2.614339736170144973e+19 2.603977883687881523e+19 2.581371155016485683e+19 2.541325002695637402e+19 2.477342945936142746e+19 2.382684849499164672e+19 2.247597888115904512e+19 2.056754423925404467e+19 1.783555023249406157e+19 1.367100652234197402e+19
2.617121844164424909e+19 2.614339736170144154e+19 2.603977883687882342e+19 2.581371155016485683e+19 2.541325002695636992e+19 2.477342945936142746e+19 2.382684849499164672e+19 2.247597888115904102e+19 2.056754423925405696e+19 1.783555023249405747e+19 1.367100652234197811e+19
2.617121844164424909e+19 2.614339736170144563e+19 2.603977883687881933e+19 2.581371155016485683e+19 2.541325002695636582e+19 2.477342945936143565e+19 2.382684849499164262e+19 2.247597888115904102e+19 2.056754423925405696e+19 1.783555023249405338e+19 1.367100652234198016e+19
2.617121844164424909e+19 2.614339736170144973e+19 2.603977883687881933e+19 2.581371155016486093e+19 2.541325002695637402e+19 2.477342945936143155e+19 2.382684849499163853e+19 2.247597888115904102e+19 2.056754423925406106e+19 1.783555023249405542e+19 1.367100652234197811e+19
2.617121844164424909e+19 2.614339736170144154e+19 2.603977883687881523e+19 2.581371155016485683e+19 2.541325002695637402e+19 2.477342945936143974e+19 2.382684849499163443e+19 2.247597888115904102e+19 2.056754423925406106e+19 1.783555023249405133e+19 1.367100652234197811e+19
2.617121844164425728e+19 2.614339736170144563e+19 2.603977883687881523e+19 2.581371155016485274e+19 2.541325002695637402e+19 2.477342945936144384e+19 2.382684849499163853e+19 2.247597888115904512e+19 2.056754423925406515e+19 1.783555023249405133e+19 1.367100652234197606e+19
2.617121844164426138e+19 2.614339736170144154e+19 2.603977883687881933e+19 2.581371155016486093e+19 2.541325002695637402e+19 2.477342945936144384e+19 2.382684849499164262e+19 2.247597888115905331e+19 2.056754423925406515e+19 1.783555023249405133e+19 1.367100652234197606e+19
2.617121844164426138e+19 2.614339736170143744e+19 2.603977883687881933e+19 2.581371155016486502e+19 2.541325002695637811e+19 2.477342945936144794e+19 2.382684849499164262e+19 2.247597888115905331e+19 2.056754423925406515e+19 1.783555023249404518e+19 1.367100652234197402e+19
2.617121844164426547e+19 2.614339736170143744e+19 2.603977883687881933e+19 2.581371155016486912e+19 2.541325002695637402e+19 2.477342945936145613e+19 2.382684849499164262e+19 2.247597888115906970e+19 2.056754423925406515e+19 1.783555023249404109e+19 1.367100652234197402e+19
2.617121844164428186e+19 2.614339736170144154e+19 2.603977883687882342e+19 2.581371155016486912e+19 2.541325002695637402e+19 2.477342945936146432e+19 2.382684849499164672e+19 2.247597888115906970e+19 2.056754423925405696e+19 1.783555023249404109e+19 1.367100652234197402e+19
2.617121844164427366e+19 2.614339736170144563e+19 2.603977883687882342e+19 2.581371155016487322e+19 2.541325002695637402e+19 2.477342945936146432e+19 2.382684849499165082e+19 2.247597888115906970e+19 2.056754423925405286e+19 1.783555023249403494e+19 1.367100652234197402e+19
2.617121844164428186e+19 2.614339736170145382e+19 2.603977883687881523e+19 2.581371155016486912e+19 2.541325002695638221e+19 2.477342945936147661e+19 2.382684849499165082e+19 2.247597888115906970e+19 2.056754423925406106e+19 1.783555023249404109e+19 1.367100652234197197e+19
2.617121844164427366e+19 2.614339736170145382e+19 2.603977883687881114e+19 2.581371155016487322e+19 2.541325002695638630e+19 2.477342945936148070e+19 2.382684849499164672e+19 2.247597888115906560e+19 2.056754423925405696e+19 1.783555023249403699e+19 1.367100652234197402e+19
2.617121844164426957e+19 2.614339736170145792e+19 2.603977883687880704e+19 2.581371155016487322e+19 2.541325002695639040e+19 2.477342945936147251e+19 2.382684849499165491e+19 2.247597888115905741e+19 2.056754423925405286e+19 1.783555023249403494e+19 1.367100652234196787e+19
2.617121844164427776e+19 2.614339736170145792e+19 2.603977883687881933e+19 2.581371155016486502e+19 2.541325002695639040e+19 2.477342945936147661e+19 2.382684849499165082e+19 2.247597888115906970e+19 2.056754423925405286e+19 1.783555023249403494e+19 1.367100652234196582e+19
2.617121844164426957e+19 2.614339736170145792e+19 2.603977883687881523e+19 2.581371155016485683e+19 2.541325002695638221e+19 2.477342945936148070e+19 2.382684849499165082e+19 2.247597888115906970e+19 2.056754423925405286e+19 1.783555023249403494e+19 1.367100652234196378e+19
2.617121844164426547e+19 2.614339736170146202e+19 2.603977883687881114e+19 2.581371155016485274e+19 2.541325002695638221e+19 2.477342945936148070e+19 2.382684849499164672e+19 2.247597888115907379e+19 2.056754423925404877e+19 1.783555023249403699e+19 1.367100652234196378e+19
2.617121844164426957e+19 2.614339736170145382e+19 2.603977883687880294e+19 2.581371155016486093e+19 2.541325002695638221e+19 2.477342945936148070e+19 2.382684849499164672e+19 2.247597888115908608e+19 2.056754423925404877e+19 1.783555023249403290e+19 1.367100652234195968e+19
2.617121844164426957e+19 2.614339736170145382e+19 2.603977883687880294e+19 2.581371155016486093e+19 2.541325002695638221e+19 2.477342945936148890e+19 2.382684849499164672e+19 2.247597888115908608e+19 2.056754423925405286e+19 1.783555023249403494e+19 1.367100652234195968e+19
2.617121844164426547e+19 2.614339736170144973e+19 2.603977883687881114e+19 2.581371155016486502e+19 2.541325002695637402e+19 2.477342945936149299e+19 2.382684849499164672e+19 2.247597888115908608e+19 2.056754423925404877e+19 1.783555023249403290e+19 1.367100652234195968e+19
2.617121844164425318e+19 2.614339736170145792e+19 2.603977883687881114e+19 2.581371155016486502e+19 2.541325002695637811e+19 2.477342945936149709e+19 2.382684849499165491e+19 2.247597888115908608e+19 2.056754423925404877e+19 1.783555023249403699e+19 1.367100652234195558e+19
2.617121844164425728e+19 2.614339736170145792e+19 2.603977883687881114e+19 2.581371155016486502e+19 2.541325002695637811e+19 2.477342945936149299e+19 2.382684849499164262e+19 2.247597888115909018e+19 2.056754423925405286e+19 1.783555023249403290e+19 1.367100652234195558e+19
2.617121844164426138e+19 2.614339736170145382e+19 2.603977883687881114e+19 2.581371155016485683e+19 2.541325002695636992e+19 2.477342945936149299e+19 2.382684849499164262e+19 2.247597888115909837e+19 2.056754423925405696e+19 1.783555023249403085e+19 1.367100652234195354e+19
2.617121844164426957e+19 2.614339736170145382e+19 2.603977883687880704e+19 2.581371155016485683e+19 2.541325002695637402e+19 2.477342945936149709e+19 2.382684849499164672e+19 2.247597888115909837e+19 2.056754423925406925e+19 1.783555023249403494e+19 1.367100652234195149e+19
2.617121844164427366e+19 2.614339736170145382e+19 2.603977883687879885e+19 2.581371155016486502e+19 2.541325002695636992e+19 2.477342945936150118e+19 2.382684849499165082e+19 2.247597888115910246e+19 2.056754423925406515e+19 1.783555023249403290e+19 1.367100652234195354e+19
2.617121844164426547e+19 2.614339736170146611e+19 2.603977883687879885e+19 2.581371155016487322e+19 2.541325002695635763e+19 2.477342945936150528e+19 2.382684849499165491e+19 2.247597888115909018e+19 2.056754423925406515e+19 1.783555023249403290e+19 1.367100652234195354e+19
2.617121844164426957e+19 2.614339736170147430e+19 2.603977883687879885e+19 2.581371155016487322e+19 2.541325002695635763e+19 2.477342945936151757e+19 2.382684849499165491e+19 2.247597888115909837e+19 2.056754423925406106e+19 1.783555023249403085e+19 1.367100652234195149e+19
2.617121844164427776e+19 2.614339736170147021e+19 2.603977883687879475e+19 2.581371155016487322e+19 2.541325002695635763e+19 2.477342945936151757e+19 2.382684849499165901e+19 2.247597888115910246e+19 2.056754423925405696e+19 1.783555023249402880e+19 1.367100652234195149e+19
2.617121844164427776e+19 2.614339736170147840e+19 2.603977883687879066e+19 2.581371155016486912e+19 2.541325002695634944e+19 2.477342945936152166e+19 2.382684849499165491e+19 2.247597888115910246e+19 2.056754423925404877e+19 1.783555023249402880e+19 1.367100652234195149e+19
2.617121844164427366e+19 2.614339736170148659e+19 2.603977883687879066e+19 2.581371155016485683e+19 2.541325002695635763e+19 2.477342945936152986e+19 2.382684849499165491e+19 2.247597888115910246e+19 2.056754423925405286e+19 1.783555023249402880e+19 1.367100652234194944e+19
2.617121844164426957e+19 2.614339736170149069e+19 2.603977883687879066e+19 2.581371155016485274e+19 2.541325002695635763e+19 2.477342945936152576e+19 2.382684849499165901e+19 2.247597888115909427e+19 2.056754423925406515e+19 1.783555023249402675e+19 1.367100652234195149e+19
2.617121844164427776e+19 2.614339736170149069e+19 2.603977883687879885e+19 2.581371155016484864e+19 2.541325002695635354e+19 2.477342945936152166e+19 2.382684849499165901e+19 2.247597888115910656e+19 2.056754423925405286e+19 1.783555023249402470e+19 1.367100652234194944e+19
2.617121844164429005e+19 2.614339736170149478e+19 2.603977883687880294e+19 2.581371155016484864e+19 2.541325002695636582e+19 2.477342945936152166e+19 2.382684849499165082e+19 2.247597888115910246e+19 2.056754423925405286e+19 1.783555023249402266e+19 1.367100652234194739e+19
2.617121844164429005e+19 2.614339736170148659e+19 2.603977883687879475e+19 2.581371155016484454e+19 2.541325002695634944e+19 2.477342945936152576e+19 2.382684849499165082e+19 2.247597888115909837e+19 2.056754423925404467e+19 1.783555023249401856e+19 1.367100652234194125e+19
2.617121844164429414e+19 2.614339736170148659e+19 2.603977883687879475e+19 2.581371155016484864e+19 2.541325002695635354e+19 2.477342945936152986e+19 2.382684849499165901e+19 2.247597888115909018e+19 2.056754423925404877e+19 1.783555023249401856e+19 1.367100652234193715e+19
2.617121844164429414e+19 2.614339736170147840e+19 2.603977883687880294e+19 2.581371155016485274e+19 2.541325002695634534e+19 2.477342945936152986e+19 2.382684849499165901e+19 2.247597888115909837e+19 2.056754423925406106e+19 1.783555023249402266e+19 1.367100652234193715e+19
2.617121844164429414e+19 2.614339736170148659e+19 2.603977883687880704e+19 2.581371155016486502e+19 2.541325002695635354e+19 2.477342945936153395e+19 2.382684849499165491e+19 2.247597888115909427e+19 2.056754423925405696e+19 1.783555023249402061e+19 1.367100652234193306e+19
2.617121844164429005e+19 2.614339736170149069e+19 2.603977883687881114e+19 2.581371155016486502e+19 2.541325002695634944e+19 2.477342945936153395e+19 2.382684849499165901e+19 2.247597888115909018e+19 2.056754423925406106e+19 1.783555023249402675e+19 1.367100652234193306e+19
2.617121844164428595e+19 2.614339736170149069e+19 2.603977883687880704e+19 2.581371155016487731e+19 2.541325002695635354e+19 2.477342945936152986e+19 2.382684849499165901e+19 2.247597888115909018e+19 2.056754423925405696e+19 1.783555023249402675e+19 1.367100652234193306e+19
2.617121844164428186e+19 2.614339736170148659e+19 2.603977883687880704e+19 2.581371155016487731e+19 2.541325002695634944e+19 2.477342945936152576e+19 2.382684849499165491e+19 2.247597888115909427e+19 2.056754423925405696e+19 1.783555023249402470e+19 1.367100652234193920e+19
2.617121844164428186e+19 2.614339736170149069e+19 2.603977883687880294e+19 2.581371155016488550e+19 2.541325002695634534e+19 2.477342945936152576e+19 2.382684849499165082e+19 2.247597888115909018e+19 2.056754423925405286e+19 1.783555023249402061e+19 1.367100652234193510e+19
2.617121844164427776e+19 2.614339736170149478e+19 2.603977883687879475e+19 2.581371155016488141e+19 2.541325002695635354e+19 2.477342945936152576e+19 2.382684849499164672e+19 2.247597888115909018e+19 2.056754423925405286e+19 1.783555023249402266e+19 1.367100652234193306e+19
2.617121844164427366e+19 2.614339736170148250e+19 2.603977883687879475e+19 2.581371155016488550e+19 2.541325002695635354e+19 2.477342945936152576e+19 2.382684849499165082e+19 2.247597888115909018e+19 2.056754423925406106e+19 1.783555023249401856e+19 1.367100652234193510e+19
2.617121844164427776e+19 2.614339736170148659e+19 2.603977883687879475e+19 2.581371155016488960e+19 2.541325002695635354e+19 2.477342945936153395e+19 2.382684849499166310e+19 2.247597888115909018e+19 2.056754423925405286e+19 1.783555023249401651e+19 1.367100652234193306e+19
2.617121844164428186e+19 2.614339736170150298e+19 2.603977883687879475e+19 2.581371155016488550e+19 2.541325002695635354e+19 2.477342945936152576e+19 2.382684849499167130e+19 2.247597888115909018e+19 2.056754423925405696e+19 1.783555023249401651e+19 1.367100652234193715e+19
2.617121844164428186e+19 2.614339736170149888e+19 2.603977883687879475e+19 2.581371155016488960e+19 2.541325002695635763e+19 2.477342945936152986e+19 2.382684849499167130e+19 2.247597888115909018e+19 2.056754423925406925e+19 1.783555023249401651e+19 1.367100652234194330e+19
2.617121844164429414e+19 2.614339736170149478e+19 2.603977883687879066e+19 2.581371155016488550e+19 2.541325002695634534e+19 2.477342945936152986e+19 2.382684849499168358e+19 2.247597888115908198e+19 2.056754423925406515e+19 1.783555023249402061e+19 1.367100652234194125e+19
2.617121844164429414e+19 2.614339736170150707e+19 2.603977883687878246e+19 2.581371155016488141e+19 2.541325002695635763e+19 2.477342945936153395e+19 2.382684849499168768e+19 2.247597888115908198e+19 2.056754423925406106e+19 1.783555023249401856e+19 1.367100652234194125e+19
2.617121844164429414e+19 2.614339736170150707e+19 2.603977883687877427e+19 2.581371155016488550e+19 2.541325002695635763e+19 2.477342945936152576e+19 2.382684849499169178e+19 2.247597888115908608e+19 2.056754423925406106e+19 1.783555023249402061e+19 1.367100652234193920e+19
2.617121844164429005e+19 2.614339736170150707e+19 2.603977883687877018e+19 2.581371155016488960e+19 2.541325002695635763e+19 2.477342945936152986e+19 2.382684849499169178e+19 2.247597888115909018e+19 2.056754423925406925e+19 1.783555023249401651e+19 1.367100652234193920e+19
2.617121844164427366e+19 2.614339736170152346e+19 2.603977883687876198e+19 2.581371155016488550e+19 2.541325002695635354e+19 2.477342945936153395e+19 2.382684849499170406e+19 2.247597888115908608e+19 2.056754423925406925e+19 1.783555023249401651e+19 1.367100652234193715e+19
2.617121844164428186e+19 2.614339736170151526e+19 2.603977883687876198e+19 2.581371155016488550e+19 2.541325002695636173e+19 2.477342945936154214e+19 2.382684849499170816e+19 2.247597888115909018e+19 2.056754423925406925e+19 1.783555023249401446e+19 1.367100652234194330e+19
2.617121844164428186e+19 2.614339736170151117e+19 2.603977883687876198e+19 2.581371155016488550e+19 2.541325002695636173e+19 2.477342945936154214e+19 2.382684849499170406e+19 2.247597888115909018e+19 2.056754423925407334e+19 1.783555023249401446e+19 1.367100652234194534e+19
2.617121844164429005e+19 2.614339736170150298e+19 2.603977883687875379e+19 2.581371155016487731e+19 2.541325002695635763e+19 2.477342945936153395e+19 2.382684849499170406e+19 2.247597888115909427e+19 2.056754423925406925e+19 1.783555023249401242e+19 1.367100652234195149e+19
2.617121844164428595e+19 2.614339736170151117e+19 2.603977883687874970e+19 2.581371155016487322e+19 2.541325002695636173e+19 2.477342945936152576e+19 2.382684849499170406e+19 2.247597888115910246e+19 2.056754423925407334e+19 1.783555023249401446e+19 1.367100652234194944e+19
2.617121844164428186e+19 2.614339736170151117e+19 2.603977883687875379e+19 2.581371155016487731e+19 2.541325002695636582e+19 2.477342945936152576e+19 2.382684849499169997e+19 2.247597888115910656e+19 2.056754423925407334e+19 1.783555023249401446e+19 1.367100652234194944e+19
2.617121844164427776e+19 2.614339736170151936e+19 2.603977883687875379e+19 2.581371155016487322e+19 2.541325002695637811e+19 2.477342945936153395e+19 2.382684849499169587e+19 2.247597888115910656e+19 2.056754423925407744e+19 1.783555023249401446e+19 1.367100652234195354e+19
2.617121844164427366e+19 2.614339736170150707e+19 2.603977883687874970e+19 2.581371155016486912e+19 2.541325002695637402e+19 2.477342945936152576e+19 2.382684849499169587e+19 2.247597888115911066e+19 2.056754423925406925e+19 1.783555023249401651e+19 1.367100652234195149e+19
2.617121844164426957e+19 2.614339736170151117e+19 2.603977883687874560e+19 2.581371155016486093e+19 2.541325002695637402e+19 2.477342945936151757e+19 2.382684849499169587e+19 2.247597888115910246e+19 2.056754423925406515e+19 1.783555023249402061e+19 1.367100652234195558e+19
2.617121844164426138e+19 2.614339736170151117e+19 2.603977883687874970e+19 2.581371155016486093e+19 2.541325002695638630e+19 2.477342945936152986e+19 2.382684849499169587e+19 2.247597888115910656e+19 2.056754423925406515e+19 1.783555023249402266e+19 1.367100652234195354e+19
2.617121844164425728e+19 2.614339736170151526e+19 2.603977883687876198e+19 2.581371155016485274e+19 2.541325002695637811e+19 2.477342945936152986e+19 2.382684849499170406e+19 2.247597888115910656e+19 2.056754423925407334e+19 1.783555023249402266e+19 1.367100652234195149e+19
2.617121844164425318e+19 2.614339736170151526e+19 2.603977883687876608e+19 2.581371155016484454e+19 2.541325002695638221e+19 2.477342945936152576e+19 2.382684849499170816e+19 2.247597888115911066e+19 2.056754423925407334e+19 1.783555023249402266e+19 1.367100652234195354e+19
2.617121844164426138e+19 2.614339736170151117e+19 2.603977883687876198e+19 2.581371155016485274e+19 2.541325002695638630e+19 2.477342945936152986e+19 2.382684849499170816e+19 2.247597888115909837e+19 2.056754423925407744e+19 1.783555023249402266e+19 1.367100652234195558e+19
2.617121844164425318e+19 2.614339736170150707e+19 2.603977883687876608e+19 2.581371155016484864e+19 2.541325002695637811e+19 2.477342945936151757e+19 2.382684849499169997e+19 2.247597888115909427e+19 2.056754423925407744e+19 1.783555023249402061e+19 1.367100652234195763e+19
2.617121844164426138e+19 2.614339736170149888e+19 2.603977883687876608e+19 2.581371155016484454e+19 2.541325002695636992e+19 2.477342945936150118e+19 2.382684849499170816e+19 2.247597888115908198e+19 2.056754423925407334e+19 1.783555023249401856e+19 1.367100652234195968e+19
2.617121844164425318e+19 2.614339736170149478e+19 2.603977883687876198e+19 2.581371155016484045e+19 2.541325002695636173e+19 2.477342945936150938e+19 2.382684849499170816e+19 2.247597888115908198e+19 2.056754423925407334e+19 1.783555023249401651e+19 1.367100652234196173e+19
2.617121844164424909e+19 2.614339736170148659e+19 2.603977883687876198e+19 2.581371155016484454e+19 2.541325002695636582e+19 2.477342945936152166e+19 2.382684849499170406e+19 2.247597888115908198e+19 2.056754423925408154e+19 1.783555023249402266e+19 1.367100652234196378e+19
2.617121844164425728e+19 2.614339736170148250e+19 2.603977883687875379e+19 2.581371155016484454e+19 2.541325002695636992e+19 2.477342945936150938e+19 2.382684849499169997e+19 2.247597888115907789e+19 2.056754423925408563e+19 1.783555023249402470e+19 1.367100652234195763e+19
2.617121844164425728e+19 2.614339736170148250e+19 2.603977883687877018e+19 2.581371155016484864e+19 2.541325002695636582e+19 2.477342945936150938e+19 2.382684849499170406e+19 2.247597888115907789e+19 2.056754423925408154e+19 1.783555023249402675e+19 1.367100652234195968e+19
2.617121844164424909e+19 2.614339736170148250e+19 2.603977883687877018e+19 2.581371155016485683e+19 2.541325002695636173e+19 2.477342945936150938e+19 2.382684849499170406e+19 2.247597888115907379e+19 2.056754423925408973e+19 1.783555023249402675e+19 1.367100652234195968e+19
2.617121844164424909e+19 2.614339736170148250e+19 2.603977883687877837e+19 2.581371155016485274e+19 2.541325002695636582e+19 2.477342945936150528e+19 2.382684849499170816e+19 2.247597888115908198e+19 2.056754423925408973e+19 1.783555023249402880e+19 1.367100652234195968e+19
2.617121844164424909e+19 2.614339736170147430e+19 2.603977883687879475e+19 2.581371155016485274e+19 2.541325002695637811e+19 2.477342945936150938e+19 2.382684849499171226e+19 2.247597888115907789e+19 2.056754423925408154e+19 1.783555023249403085e+19 1.367100652234195968e+19
2.617121844164425318e+19 2.614339736170149478e+19 2.603977883687879066e+19 2.581371155016485683e+19 2.541325002695636582e+19 2.477342945936151757e+19 2.382684849499171635e+19 2.247597888115908608e+19 2.056754423925408154e+19 1.783555023249403085e+19 1.367100652234195558e+19
2.617121844164425728e+19 2.614339736170148659e+19 2.603977883687879066e+19 2.581371155016485683e+19 2.541325002695636582e+19 2.477342945936152166e+19 2.382684849499172045e+19 2.247597888115909018e+19 2.056754423925408154e+19 1.783555023249403290e+19 1.367100652234195763e+19
2.617121844164425318e+19 2.614339736170149888e+19 2.603977883687878246e+19 2.581371155016485683e+19 2.541325002695636582e+19 2.477342945936152166e+19 2.382684849499171226e+19 2.247597888115909018e+19 2.056754423925407744e+19 1.783555023249403290e+19 1.367100652234195558e+19
2.617121844164425728e+19 2.614339736170149478e+19 2.603977883687878246e+19 2.581371155016485683e+19 2.541325002695636582e+19 2.477342945936150938e+19 2.382684849499170816e+19 2.247597888115910246e+19 2.056754423925407334e+19 1.783555023249403699e+19 1.367100652234195968e+19
2.617121844164426138e+19 2.614339736170149478e+19 2.603977883687878656e+19 2.581371155016485683e+19 2.541325002695636992e+19 2.477342945936152166e+19 2.382684849499170816e+19 2.247597888115909837e+19 2.056754423925407334e+19 1.783555023249403699e+19 1.367100652234195763e+19
2.617121844164426138e+19 2.614339736170149069e+19 2.603977883687880294e+19 2.581371155016486093e+19 2.541325002695638221e+19 2.477342945936152986e+19 2.382684849499170406e+19 2.247597888115910656e+19 2.056754423925407334e+19 1.783555023249403494e+19 1.367100652234195763e+19
2.617121844164425728e+19 2.614339736170149478e+19 2.603977883687880294e+19 2.581371155016486502e+19 2.541325002695638221e+19 2.477342945936152166e+19 2.382684849499170406e+19 2.247597888115911066e+19 2.056754423925407744e+19 1.783555023249403494e+19 1.367100652234195968e+19
2.617121844164426138e+19 2.614339736170149478e+19 2.603977883687880294e+19 2.581371155016487322e+19 2.541325002695637402e+19 2.477342945936151757e+19 2.382684849499170816e+19 2.247597888115910656e+19 2.056754423925407744e+19 1.783555023249403290e+19 1.367100652234195763e+19
2.617121844164426138e+19 2.614339736170148250e+19 2.603977883687879475e+19 2.581371155016487731e+19 2.541325002695636992e+19 2.477342945936152576e+19 2.382684849499170816e+19 2.247597888115909427e+19 2.056754423925407744e+19 1.783555023249403290e+19 1.367100652234195763e+19
2.617121844164426138e+19 2.614339736170148250e+19 2.603977883687881114e+19 2.581371155016488550e+19 2.541325002695637402e+19 2.477342945936151757e+19 2.382684849499170406e+19 2.247597888115910246e+19 2.056754423925407334e+19 1.783555023249402880e+19 1.367100652234195558e+19
2.617121844164426957e+19 2.614339736170148659e+19 2.603977883687880704e+19 2.581371155016488550e+19 2.541325002695636992e+19 2.477342945936151757e+19 2.382684849499170406e+19 2.247597888115909427e+19 2.056754423925407744e+19 1.783555023249402880e+19 1.367100652234195763e+19
2.617121844164426138e+19 2.614339736170147840e+19 2.603977883687880704e+19 2.581371155016488141e+19 2.541325002695636582e+19 2.477342945936151757e+19 2.382684849499169997e+19 2.247597888115909427e+19 2.056754423925407334e+19 1.783555023249403290e+19 1.367100652234195558e+19
2.617121844164426547e+19 2.614339736170148250e+19 2.603977883687881114e+19 2.581371155016488141e+19 2.541325002695637402e+19 2.477342945936152576e+19 2.382684849499169178e+19 2.247597888115909427e+19 2.056754423925408154e+19 1.783555023249403494e+19 1.367100652234195354e+19
2.617121844164426957e+19 2.614339736170149069e+19 2.603977883687881114e+19 2.581371155016488141e+19 2.541325002695637402e+19 2.477342945936152576e+19 2.382684849499169587e+19 2.247597888115909427e+19 2.056754423925407744e+19 1.783555023249403085e+19 1.367100652234195558e+19
2.617121844164427366e+19 2.614339736170148659e+19 2.603977883687880294e+19 2.581371155016488550e+19 2.541325002695637811e+19 2.477342945936152986e+19 2.382684849499169997e+19 2.247597888115909018e+19 2.056754423925408563e+19 1.783555023249403494e+19 1.367100652234195354e+19
2.617121844164426957e+19 2.614339736170148659e+19 2.603977883687879885e+19 2.581371155016488550e+19 2.541325002695637402e+19 2.477342945936153395e+19 2.382684849499169997e+19 2.247597888115907789e+19 2.056754423925407744e+19 1.783555023249403699e+19 1.367100652234195558e+19
2.617121844164426957e+19 2.614339736170149069e+19 2.603977883687879885e+19 2.581371155016488550e+19 2.541325002695637811e+19 2.477342945936152576e+19 2.382684849499169997e+19 2.247597888115907789e+19 2.056754423925407334e+19 1.783555023249403290e+19 1.367100652234195763e+19
2.617121844164426957e+19 2.614339736170149478e+19 2.603977883687879475e+19 2.581371155016489370e+19 2.541325002695637402e+19 2.477342945936151757e+19 2.382684849499169587e+19 2.247597888115908198e+19 2.056754423925407744e+19 1.783555023249403699e+19 1.367100652234196173e+19
2.617121844164426547e+19 2.614339736170149478e+19 2.603977883687879475e+19 2.581371155016489370e+19 2.541325002695636582e+19 2.477342945936152166e+19 2.382684849499169997e+19 2.247597888115907379e+19 2.056754423925408154e+19 1.783555023249403699e+19 1.367100652234195968e+19
2.617121844164426547e+19 2.614339736170149478e+19 2.603977883687879885e+19 2.581371155016490189e+19 2.541325002695636582e+19 2.477342945936152986e+19 2.382684849499169997e+19 2.247597888115908198e+19 2.056754423925407744e+19 1.783555023249403494e+19 1.367100652234195968e+19
2.617121844164426547e+19 2.614339736170147840e+19 2.603977883687879475e+19 2.581371155016491008e+19 2.541325002695636582e+19 2.477342945936151757e+19 2.382684849499171635e+19 2.247597888115908198e+19 2.056754423925407744e+19 1.783555023249403290e+19 1.367100652234195558e+19
2.617121844164426547e+19 2.614339736170147430e+19 2.603977883687879475e+19 2.581371155016491418e+19 2.541325002695636582e+19 2.477342945936151757e+19 2.382684849499171635e+19 2.247597888115906970e+19 2.056754423925408563e+19 1.783555023249403290e+19 1.367100652234195558e+19
2.617121844164425728e+19 2.614339736170147430e+19 2.603977883687879475e+19 2.581371155016491418e+19 2.541325002695636582e+19 2.477342945936152166e+19 2.382684849499171635e+19 2.247597888115907379e+19 2.056754423925408973e+19 1.783555023249403699e+19 1.367100652234195149e+19
2.617121844164426138e+19 2.614339736170147840e+19 2.603977883687879885e+19 2.581371155016491418e+19 2.541325002695635763e+19 2.477342945936151757e+19 2.382684849499170406e+19 2.247597888115907379e+19 2.056754423925408973e+19 1.783555023249403290e+19 1.367100652234195558e+19
2.617121844164426138e+19 2.614339736170148250e+19 2.603977883687880294e+19 2.581371155016491827e+19 2.541325002695635354e+19 2.477342945936151757e+19 2.382684849499169997e+19 2.247597888115908198e+19 2.056754423925409792e+19 1.783555023249403290e+19 1.367100652234195558e+19
2.617121844164426138e+19 2.614339736170148250e+19 2.603977883687880294e+19 2.581371155016491827e+19 2.541325002695635354e+19 2.477342945936151347e+19 2.382684849499169178e+19 2.247597888115907789e+19 2.056754423925409382e+19 1.783555023249403290e+19 1.367100652234195763e+19
2.617121844164425728e+19 2.614339736170148250e+19 2.603977883687879885e+19 2.581371155016491008e+19 2.541325002695635354e+19 2.477342945936151757e+19 2.382684849499169178e+19 2.247597888115908608e+19 2.056754423925410202e+19 1.783555023249403085e+19 1.367100652234195354e+19
2.617121844164425318e+19 2.614339736170147840e+19 2.603977883687880294e+19 2.581371155016490598e+19 2.541325002695635354e+19 2.477342945936151757e+19 2.382684849499169997e+19 2.247597888115907789e+19 2.056754423925410611e+19 1.783555023249403290e+19 1.367100652234195558e+19
2.617121844164426547e+19 2.614339736170147840e+19 2.603977883687880704e+19 2.581371155016490189e+19 2.541325002695635354e+19 2.477342945936151757e+19 2.382684849499170406e+19 2.247597888115907789e+19 2.056754423925410202e+19 1.783555023249403290e+19 1.367100652234195763e+19
2.617121844164425728e+19 2.614339736170148250e+19 2.603977883687881114e+19 2.581371155016490189e+19 2.541325002695634944e+19 2.477342945936150938e+19 2.382684849499170406e+19 2.247597888115907379e+19 2.056754423925410611e+19 1.783555023249403290e+19 1.367100652234195763e+19
2.617121844164426547e+19 2.614339736170147840e+19 2.603977883687881114e+19 2.581371155016490189e+19 2.541325002695634125e+19 2.477342945936151347e+19 2.382684849499170406e+19 2.247597888115908198e+19 2.056754423925409382e+19 1.783555023249403494e+19 1.367100652234195968e+19
2.617121844164426547e+19 2.614339736170147840e+19 2.603977883687880704e+19 2.581371155016490189e+19 2.541325002695634534e+19 2.477342945936150938e+19 2.382684849499169587e+19 2.247597888115908198e+19 2.056754423925410202e+19 1.783555023249404109e+19 1.367100652234196173e+19
2.617121844164426547e+19 2.614339736170147840e+19 2.603977883687881933e+19 2.581371155016490598e+19 2.541325002695634125e+19 2.477342945936151347e+19 2.382684849499169997e+19 2.247597888115907789e+19 2.056754423925409382e+19 1.783555023249404314e+19 1.367100652234195763e+19
2.617121844164426547e+19 2.614339736170148659e+19 2.603977883687883162e+19 2.581371155016490598e+19 2.541325002695634534e+19 2.477342945936151347e+19 2.382684849499169178e+19 2.247597888115907379e+19 2.056754423925409382e+19 1.783555023249404109e+19 1.367100652234195354e+19
2.617121844164426957e+19 2.614339736170148659e+19 2.603977883687883162e+19 2.581371155016492237e+19 2.541325002695634534e+19 2.477342945936150938e+19 2.382684849499169178e+19 2.247597888115906970e+19 2.056754423925409792e+19 1.783555023249403904e+19 1.367100652234195354e+19
2.617121844164426547e+19 2.614339736170148659e+19 2.603977883687882752e+19 2.581371155016492237e+19 2.541325002695635354e+19 2.477342945936150528e+19 2.382684849499169587e+19 2.247597888115908198e+19 2.056754423925409382e+19 1.783555023249404109e+19 1.367100652234195354e+19
2.617121844164426957e+19 2.614339736170148659e+19 2.603977883687882342e+19 2.581371155016492237e+19 2.541325002695635354e+19 2.477342945936149299e+19 2.382684849499167949e+19 2.247597888115908198e+19 2.056754423925409382e+19 1.783555023249404314e+19 1.367100652234195558e+19
2.617121844164426547e+19 2.614339736170148659e+19 2.603977883687881933e+19 2.581371155016492237e+19 2.541325002695635763e+19 2.477342945936149709e+19 2.382684849499167130e+19 2.247597888115908198e+19 2.056754423925408973e+19 1.783555023249404518e+19 1.367100652234195763e+19
2.617121844164426547e+19 2.614339736170148659e+19 2.603977883687882342e+19 2.581371155016492237e+19 2.541325002695634944e+19 2.477342945936150118e+19 2.382684849499166720e+19 2.247597888115909018e+19 2.056754423925408973e+19 1.783555023249404928e+19 1.367100652234195763e+19
2.617121844164426547e+19 2.614339736170148250e+19 2.603977883687882752e+19 2.581371155016491827e+19 2.541325002695634534e+19 2.477342945936150118e+19 2.382684849499166720e+19 2.247597888115909427e+19 2.056754423925408154e+19 1.783555023249405133e+19 1.367100652234195763e+19
2.617121844164426547e+19 2.614339736170148659e+19 2.603977883687882752e+19 2.581371155016491827e+19 2.541325002695634944e+19 2.477342945936150528e+19 2.382684849499166310e+19 2.247597888115908608e+19 2.056754423925408154e+19 1.783555023249404518e+19 1.367100652234195558e+19
2.617121844164426138e+19 2.614339736170148659e+19 2.603977883687882342e+19 2.581371155016491418e+19 2.541325002695634534e+19 2.477342945936150528e+19 2.382684849499165491e+19 2.247597888115907789e+19 2.056754423925408154e+19 1.783555023249404723e+19 1.367100652234195149e+19
2.617121844164426957e+19 2.614339736170147840e+19 2.603977883687882342e+19 2.581371155016491418e+19 2.541325002695634944e+19 2.477342945936150528e+19 2.382684849499165491e+19 2.247597888115908198e+19 2.056754423925407744e+19 1.783555023249404928e+19 1.367100652234195558e+19
2.617121844164426957e+19 2.614339736170147430e+19 2.603977883687882752e+19 2.581371155016491008e+19 2.541325002695635354e+19 2.477342945936149709e+19 2.382684849499165491e+19 2.247597888115908198e+19 2.056754423925407744e+19 1.783555023249404723e+19 1.367100652234195763e+19
2.617121844164427366e+19 2.614339736170147021e+19 2.603977883687882752e+19 2.581371155016490598e+19 2.541325002695636173e+19 2.477342945936150118e+19 2.382684849499166310e+19 2.247597888115907789e+19 2.056754423925408154e+19 1.783555023249404928e+19 1.367100652234195968e+19
2.617121844164427366e+19 2.614339736170146611e+19 2.603977883687882752e+19 2.581371155016490598e+19 2.541325002695636173e+19 2.477342945936150938e+19 2.382684849499165491e+19 2.247597888115907789e+19 2.056754423925407334e+19 1.783555023249404928e+19 1.367100652234196173e+19
2.617121844164427366e+19 2.614339736170146611e+19 2.603977883687882752e+19 2.581371155016490189e+19 2.541325002695636992e+19 2.477342945936150118e+19 2.382684849499165901e+19 2.247597888115907789e+19 2.056754423925406515e+19 1.783555023249405133e+19 1.367100652234195968e+19
2.617121844164427776e+19 2.614339736170147021e+19 2.603977883687882752e+19 2.581371155016492646e+19 2.541325002695636582e+19 2.477342945936149299e+19 2.382684849499165901e+19 2.247597888115907379e+19 2.056754423925406515e+19 1.783555023249405338e+19 1.367100652234196173e+19
2.617121844164427366e+19 2.614339736170147021e+19 2.603977883687882752e+19 2.581371155016494694e+19 2.541325002695637402e+19 2.477342945936148480e+19 2.382684849499166720e+19 2.247597888115907789e+19 2.056754423925406106e+19 1.783555023249405542e+19 1.367100652234196173e+19
2.617121844164427776e+19 2.614339736170147840e+19 2.603977883687882752e+19 2.581371155016494694e+19 2.541325002695636992e+19 2.477342945936148890e+19 2.382684849499166720e+19 2.247597888115906970e+19 2.056754423925405696e+19 1.783555023249405542e+19 1.367100652234195763e+19
2.617121844164429414e+19 2.614339736170147840e+19 2.603977883687882752e+19 2.581371155016494285e+19 2.541325002695636992e+19 2.477342945936148890e+19 2.382684849499166720e+19 2.247597888115906560e+19 2.056754423925405696e+19 1.783555023249405747e+19 1.367100652234195149e+19
2.617121844164428595e+19 2.614339736170148250e+19 2.603977883687882342e+19 2.581371155016494285e+19 2.541325002695637811e+19 2.477342945936149299e+19 2.382684849499166310e+19 2.247597888115906560e+19 2.056754423925406106e+19 1.783555023249405952e+19 1.367100652234194944e+19
2.617121844164429005e+19 2.614339736170148659e+19 2.603977883687882752e+19 2.581371155016494694e+19 2.541325002695637402e+19 2.477342945936149709e+19 2.382684849499165491e+19 2.247597888115906560e+19 2.056754423925405286e+19 1.783555023249405747e+19 1.367100652234194739e+19
2.617121844164428186e+19 2.614339736170149069e+19 2.603977883687882752e+19 2.581371155016494285e+19 2.541325002695637811e+19 2.477342945936149299e+19 2.382684849499165491e+19 2.247597888115906150e+19 2.056754423925405286e+19 1.783555023249405747e+19 1.367100652234195149e+19
2.617121844164426957e+19 2.614339736170149888e+19 2.603977883687882752e+19 2.581371155016493875e+19 2.541325002695637402e+19 2.477342945936150118e+19 2.382684849499167130e+19 2.247597888115905741e+19 2.056754423925405696e+19 1.783555023249405747e+19 1.367100652234195149e+19
2.617121844164426957e+19 2.614339736170149069e+19 2.603977883687882752e+19 2.581371155016494285e+19 2.541325002695637402e+19 2.477342945936151347e+19 2.382684849499166720e+19 2.247597888115905741e+19 2.056754423925406106e+19 1.783555023249405952e+19 1.367100652234195149e+19
2.617121844164426547e+19 2.614339736170149478e+19 2.603977883687883162e+19 2.581371155016494694e+19 2.541325002695637402e+19 2.477342945936150938e+19 2.382684849499166310e+19 2.247597888115905331e+19 2.056754423925405696e+19 1.783555023249405952e+19 1.367100652234194944e+19
2.617121844164426138e+19 2.614339736170148659e+19 2.603977883687883162e+19 2.581371155016494694e+19 2.541325002695636992e+19 2.477342945936150528e+19 2.382684849499166310e+19 2.247597888115905331e+19 2.056754423925406515e+19 1.783555023249406362e+19 1.367100652234195354e+19
2.617121844164426138e+19 2.614339736170148659e+19 2.603977883687883162e+19 2.581371155016494694e+19 2.541325002695638221e+19 2.477342945936150938e+19 2.382684849499167539e+19 2.247597888115904922e+19 2.056754423925406925e+19 1.783555023249406362e+19 1.367100652234194944e+19
2.617121844164426138e+19 2.614339736170149478e+19 2.603977883687883162e+19 2.581371155016495104e+19 2.541325002695639450e+19 2.477342945936150528e+19 2.382684849499167539e+19 2.247597888115905741e+19 2.056754423925406925e+19 1.783555023249406362e+19 1.367100652234194739e+19
2.617121844164426138e+19 2.614339736170149478e+19 2.603977883687883162e+19 2.581371155016495104e+19 2.541325002695639450e+19 2.477342945936150528e+19 2.382684849499168358e+19 2.247597888115905331e+19 2.056754423925406106e+19 1.783555023249406566e+19 1.367100652234194944e+19
2.617121844164425728e+19 2.614339736170149478e+19 2.603977883687883162e+19 2.581371155016495104e+19 2.541325002695638630e+19 2.477342945936150528e+19 2.382684849499167539e+19 2.247597888115905741e+19 2.056754423925405696e+19 1.783555023249406362e+19 1.367100652234194739e+19
2.617121844164425728e+19 2.614339736170149069e+19 2.603977883687883571e+19 2.581371155016495104e+19 2.541325002695638221e+19 2.477342945936150528e+19 2.382684849499167130e+19 2.247597888115905741e+19 2.056754423925406515e+19 1.783555023249406771e+19 1.367100652234194739e+19
2.617121844164426138e+19 2.614339736170148659e+19 2.603977883687883571e+19 2.581371155016495104e+19 2.541325002695638630e+19 2.477342945936151347e+19 2.382684849499167539e+19 2.247597888115904922e+19 2.056754423925406925e+19 1.783555023249406771e+19 1.367100652234195149e+19
2.617121844164425318e+19 2.614339736170149069e+19 2.603977883687883162e+19 2.581371155016495104e+19 2.541325002695638630e+19 2.477342945936150938e+19 2.382684849499167539e+19 2.247597888115904922e+19 2.056754423925407334e+19 1.783555023249406362e+19 1.367100652234195354e+19
2.617121844164425728e+19 2.614339736170149478e+19 2.603977883687883162e+19 2.581371155016495514e+19 2.541325002695639040e+19 2.477342945936150118e+19 2.382684849499168768e+19 2.247597888115906150e+19 2.056754423925406925e+19 1.783555023249406362e+19 1.367100652234195149e+19
2.617121844164425728e+19 2.614339736170149478e+19 2.603977883687883162e+19 2.581371155016495104e+19 2.541325002695638630e+19 2.477342945936148890e+19 2.382684849499168768e+19 2.247597888115905331e+19 2.056754423925406515e+19 1.783555023249406566e+19 1.367100652234195149e+19
2.617121844164426138e+19 2.614339736170149888e+19 2.603977883687883162e+19 2.581371155016495104e+19 2.541325002695636992e+19 2.477342945936149709e+19 2.382684849499169178e+19 2.247597888115904922e+19 2.056754423925406515e+19 1.783555023249406157e+19 1.367100652234195354e+19
2.617121844164425318e+19 2.614339736170149888e+19 2.603977883687882752e+19 2.581371155016495923e+19 2.541325002695636992e+19 2.477342945936149299e+19 2.382684849499168768e+19 2.247597888115904512e+19 2.056754423925406515e+19 1.783555023249405952e+19 1.367100652234195354e+19
2.617121844164425318e+19 2.614339736170149478e+19 2.603977883687881933e+19 2.581371155016496742e+19 2.541325002695636173e+19 2.477342945936148890e+19 2.382684849499168768e+19 2.247597888115904102e+19 2.056754423925406515e+19 1.783555023249405952e+19 1.367100652234195558e+19
2.617121844164425318e+19 2.614339736170149478e+19 2.603977883687882342e+19 2.581371155016496333e+19 2.541325002695636173e+19 2.477342945936148890e+19 2.382684849499167539e+19 2.247597888115904102e+19 2.056754423925406106e+19 1.783555023249405952e+19 1.367100652234195354e+19
2.617121844164424499e+19 2.614339736170149888e+19 2.603977883687882342e+19 2.581371155016495923e+19 2.541325002695636582e+19 2.477342945936149299e+19 2.382684849499167539e+19 2.247597888115904922e+19 2.056754423925406106e+19 1.783555023249406157e+19 1.367100652234195354e+19
2.617121844164424499e+19 2.614339736170149478e+19 2.603977883687882342e+19 2.581371155016497562e+19 2.541325002695637402e+19 2.477342945936149299e+19 2.382684849499167130e+19 2.247597888115904512e+19 2.056754423925406515e+19 1.783555023249406771e+19 1.367100652234194944e+19
2.617121844164424499e+19 2.614339736170149069e+19 2.603977883687882342e+19 2.581371155016499200e+19 2.541325002695637402e+19 2.477342945936148890e+19 2.382684849499166310e+19 2.247597888115904512e+19 2.056754423925406106e+19 1.783555023249406771e+19 1.367100652234194739e+19
2.617121844164424090e+19 2.614339736170149069e+19 2.603977883687881933e+19 2.581371155016499610e+19 2.541325002695637811e+19 2.477342945936149709e+19 2.382684849499167949e+19 2.247597888115903693e+19 2.056754423925406925e+19 1.783555023249406771e+19 1.367100652234194739e+19
2.617121844164424090e+19 2.614339736170149478e+19 2.603977883687881933e+19 2.581371155016500019e+19 2.541325002695638221e+19 2.477342945936149299e+19 2.382684849499167539e+19 2.247597888115904102e+19 2.056754423925406515e+19 1.783555023249406566e+19 1.367100652234194534e+19
2.617121844164423680e+19 2.614339736170150298e+19 2.603977883687882342e+19 2.581371155016499610e+19 2.541325002695638221e+19 2.477342945936149709e+19 2.382684849499167130e+19 2.247597888115905331e+19 2.056754423925406106e+19 1.783555023249406566e+19 1.367100652234194534e+19
2.617121844164423680e+19 2.614339736170149888e+19 2.603977883687882342e+19 2.581371155016499200e+19 2.541325002695638630e+19 2.477342945936150528e+19 2.382684849499166720e+19 2.247597888115904922e+19 2.056754423925405696e+19 1.783555023249406976e+19 1.367100652234194330e+19
2.617121844164423680e+19 2.614339736170149478e+19 2.603977883687882342e+19 2.581371155016499610e+19 2.541325002695638630e+19 2.477342945936150938e+19 2.382684849499166310e+19 2.247597888115904512e+19 2.056754423925406925e+19 1.783555023249406771e+19 1.367100652234194534e+19
2.617121844164423680e+19 2.614339736170149888e+19 2.603977883687882342e+19 2.581371155016498790e+19 2.541325002695639040e+19 2.477342945936150938e+19 2.382684849499166310e+19 2.247597888115904922e+19 2.056754423925406515e+19 1.783555023249406771e+19 1.367100652234194739e+19
2.617121844164424499e+19 2.614339736170149888e+19 2.603977883687882752e+19 2.581371155016498790e+19 2.541325002695638630e+19 2.477342945936150528e+19 2.382684849499165491e+19 2.247597888115905331e+19 2.056754423925405696e+19 1.783555023249406976e+19 1.367100652234194739e+19
2.617121844164424499e+19 2.614339736170150707e+19 2.603977883687883162e+19 2.581371155016498790e+19 2.541325002695638630e+19 2.477342945936150118e+19 2.382684849499165491e+19 2.247597888115905741e+19 2.056754423925406515e+19 1.783555023249407590e+19 1.367100652234194330e+19
2.617121844164424499e+19 2.614339736170150298e+19 2.603977883687883571e+19 2.581371155016499200e+19 2.541325002695637811e+19 2.477342945936150528e+19 2.382684849499164672e+19 2.247597888115905741e+19 2.056754423925406106e+19 1.783555023249408000e+19 1.367100652234194534e+19
2.617121844164423680e+19 2.614339736170150298e+19 2.603977883687883162e+19 2.581371155016498790e+19 2.541325002695637402e+19 2.477342945936151347e+19 2.382684849499165082e+19 2.247597888115904102e+19 2.056754423925406515e+19 1.783555023249407590e+19 1.367100652234194330e+19
2.617121844164424909e+19 2.614339736170150298e+19 2.603977883687883571e+19 2.581371155016499200e+19 2.541325002695637402e+19 2.477342945936150528e+19 2.382684849499165491e+19 2.247597888115903283e+19 2.056754423925406925e+19 1.783555023249407795e+19 1.367100652234194534e+19
2.617121844164425728e+19 2.614339736170149888e+19 2.603977883687883162e+19 2.581371155016499610e+19 2.541325002695638221e+19 2.477342945936150118e+19 2.382684849499165082e+19 2.247597888115903283e+19 2.056754423925406515e+19 1.783555023249407795e+19 1.367100652234194739e+19
2.617121844164425318e+19 2.614339736170150298e+19 2.603977883687883571e+19 2.581371155016499610e+19 2.541325002695637811e+19 2.477342945936150938e+19 2.382684849499165082e+19 2.247597888115904102e+19 2.056754423925405696e+19 1.783555023249407181e+19 1.367100652234194330e+19
2.617121844164425318e+19 2.614339736170150707e+19 2.603977883687883981e+19 2.581371155016499200e+19 2.541325002695639040e+19 2.477342945936150938e+19 2.382684849499163853e+19 2.247597888115904512e+19 2.056754423925406106e+19 1.783555023249406976e+19 1.367100652234194534e+19
2.617121844164424499e+19 2.614339736170150707e+19 2.603977883687883571e+19 2.581371155016499200e+19 2.541325002695638630e+19 2.477342945936149299e+19 2.382684849499163443e+19 2.247597888115904922e+19 2.056754423925406515e+19 1.783555023249407386e+19 1.367100652234194330e+19
2.617121844164424909e+19 2.614339736170150298e+19 2.603977883687883162e+19 2.581371155016498790e+19 2.541325002695639040e+19 2.477342945936149299e+19 2.382684849499163034e+19 2.247597888115904512e+19 2.056754423925406925e+19 1.783555023249407795e+19 1.367100652234194330e+19
2.617121844164424909e+19 2.614339736170150298e+19 2.603977883687883571e+19 2.581371155016498790e+19 2.541325002695639040e+19 2.477342945936148890e+19 2.382684849499163034e+19 2.247597888115904512e+19 2.056754423925406925e+19 1.783555023249407386e+19 1.367100652234194330e+19
2.617121844164424499e+19 2.614339736170150298e+19 2.603977883687883981e+19 2.581371155016498790e+19 2.541325002695639859e+19 2.477342945936148890e+19 2.382684849499163034e+19 2.247597888115904102e+19 2.056754423925406925e+19 1.783555023249407795e+19 1.367100652234193715e+19
2.617121844164425318e+19 2.614339736170150707e+19 2.603977883687883571e+19 2.581371155016499200e+19 2.541325002695640269e+19 2.477342945936148480e+19 2.382684849499163443e+19 2.247597888115903283e+19 2.056754423925406925e+19 1.783555023249408205e+19 1.367100652234193715e+19
2.617121844164425318e+19 2.614339736170150298e+19 2.603977883687883571e+19 2.581371155016499200e+19 2.541325002695640269e+19 2.477342945936147661e+19 2.382684849499163034e+19 2.247597888115903693e+19 2.056754423925407334e+19 1.783555023249408410e+19 1.367100652234193306e+19
2.617121844164425318e+19 2.614339736170149478e+19 2.603977883687883981e+19 2.581371155016500019e+19 2.541325002695641498e+19 2.477342945936147661e+19 2.382684849499163853e+19 2.247597888115903693e+19 2.056754423925406925e+19 1.783555023249408410e+19 1.367100652234193101e+19
2.617121844164425318e+19 2.614339736170149888e+19 2.603977883687883571e+19 2.581371155016500019e+19 2.541325002695639040e+19 2.477342945936147661e+19 2.382684849499163034e+19 2.247597888115903283e+19 2.056754423925407334e+19 1.783555023249408819e+19 1.367100652234192282e+19
2.617121844164425318e+19 2.614339736170149478e+19 2.603977883687882752e+19 2.581371155016500019e+19 2.541325002695639450e+19 2.477342945936148070e+19 2.382684849499163443e+19 2.247597888115903283e+19 2.056754423925406925e+19 1.783555023249408614e+19 1.367100652234192282e+19
2.617121844164424090e+19 2.614339736170149069e+19 2.603977883687882342e+19 2.581371155016499610e+19 2.541325002695639859e+19 2.477342945936148070e+19 2.382684849499162624e+19 2.247597888115903693e+19 2.056754423925406106e+19 1.783555023249408819e+19 1.367100652234192691e+19
2.617121844164425318e+19 2.614339736170149069e+19 2.603977883687882752e+19 2.581371155016499610e+19 2.541325002695639040e+19 2.477342945936148890e+19 2.382684849499161395e+19 2.247597888115904102e+19 2.056754423925406106e+19 1.783555023249408614e+19 1.367100652234192691e+19
2.617121844164425728e+19 2.614339736170149069e+19 2.603977883687882752e+19 2.581371155016499610e+19 2.541325002695639450e+19 2.477342945936148070e+19 2.382684849499161395e+19 2.247597888115904922e+19 2.056754423925405286e+19 1.783555023249408614e+19 1.367100652234192486e+19
2.617121844164426547e+19 2.614339736170149478e+19 2.603977883687882752e+19 2.581371155016500019e+19 2.541325002695639040e+19 2.477342945936149709e+19 2.382684849499161395e+19 2.247597888115904512e+19 2.056754423925406106e+19 1.783555023249408614e+19 1.367100652234192486e+19
2.617121844164426547e+19 2.614339736170149888e+19 2.603977883687883162e+19 2.581371155016500019e+19 2.541325002695638630e+19 2.477342945936149299e+19 2.382684849499161805e+19 2.247597888115904922e+19 2.056754423925406515e+19 1.783555023249408614e+19 1.367100652234192486e+19
2.617121844164426957e+19 2.614339736170149888e+19 2.603977883687883162e+19 2.581371155016500019e+19 2.541325002695638221e+19 2.477342945936149299e+19 2.382684849499161805e+19 2.247597888115904512e+19 2.056754423925406515e+19 1.783555023249408819e+19 1.367100652234192077e+19
2.617121844164426547e+19 2.614339736170149888e+19 2.603977883687882752e+19 2.581371155016500019e+19 2.541325002695638221e+19 2.477342945936149299e+19 2.382684849499162214e+19 2.247597888115904512e+19 2.056754423925405696e+19 1.783555023249409229e+19 1.367100652234192077e+19
2.617121844164427366e+19 2.614339736170149888e+19 2.603977883687883162e+19 2.581371155016500429e+19 2.541325002695637811e+19 2.477342945936149299e+19 2.382684849499162214e+19 2.247597888115904512e+19 2.056754423925405286e+19 1.783555023249409024e+19 1.367100652234192282e+19
2.617121844164428186e+19 2.614339736170149888e+19 2.603977883687882752e+19 2.581371155016500019e+19 2.541325002695637811e+19 2.477342945936148890e+19 2.382684849499162214e+19 2.247597888115904102e+19 2.056754423925404877e+19 1.783555023249409024e+19 1.367100652234192691e+19
2.617121844164427776e+19 2.614339736170149888e+19 2.603977883687883162e+19 2.581371155016499610e+19 2.541325002695637402e+19 2.477342945936149299e+19 2.382684849499161805e+19 2.247597888115905741e+19 2.056754423925404877e+19 1.783555023249409024e+19 1.367100652234192896e+19
2.617121844164426957e+19 2.614339736170149888e+19 2.603977883687883162e+19 2.581371155016499610e+19 2.541325002695637402e+19 2.477342945936150118e+19 2.382684849499162214e+19 2.247597888115904922e+19 2.056754423925404877e+19 1.783555023249409024e+19 1.367100652234193101e+19
2.617121844164426957e+19 2.614339736170149888e+19 2.603977883687882752e+19 2.581371155016499200e+19 2.541325002695637811e+19 2.477342945936150118e+19 2.382684849499161805e+19 2.247597888115904922e+19 2.056754423925404877e+19 1.783555023249409229e+19 1.367100652234192896e+19
2.617121844164426547e+19 2.614339736170149478e+19 2.603977883687882752e+19 2.581371155016499200e+19 2.541325002695636992e+19 2.477342945936150118e+19 2.382684849499161805e+19 2.247597888115904922e+19 2.056754423925404058e+19 1.783555023249409024e+19 1.367100652234193306e+19
2.617121844164426547e+19 2.614339736170149069e+19 2.603977883687882752e+19 2.581371155016499610e+19 2.541325002695637402e+19 2.477342945936151347e+19 2.382684849499162214e+19 2.247597888115905741e+19 2.056754423925404877e+19 1.783555023249409024e+19 1.367100652234193715e+19
2.617121844164426957e+19 2.614339736170149478e+19 2.603977883687882752e+19 2.581371155016499610e+19 2.541325002695636992e+19 2.477342945936150938e+19 2.382684849499161805e+19 2.247597888115904922e+19 2.056754423925405286e+19 1.783555023249408819e+19 1.367100652234193920e+19
2.617121844164426547e+19 2.614339736170150298e+19 2.603977883687883162e+19 2.581371155016499200e+19 2.541325002695636173e+19 2.477342945936151757e+19 2.382684849499159757e+19 2.247597888115905331e+19 2.056754423925405286e+19 1.783555023249408614e+19 1.367100652234193920e+19
2.617121844164426547e+19 2.614339736170149478e+19 2.603977883687883162e+19 2.581371155016499200e+19 2.541325002695635763e+19 2.477342945936151757e+19 2.382684849499159757e+19 2.247597888115905331e+19 2.056754423925404877e+19 1.783555023249408410e+19 1.367100652234193920e+19
2.617121844164426138e+19 2.614339736170149478e+19 2.603977883687882752e+19 2.581371155016499200e+19 2.541325002695636173e+19 2.477342945936151757e+19 2.382684849499159757e+19 2.247597888115905741e+19 2.056754423925405696e+19 1.783555023249408410e+19 1.367100652234193510e+19
2.617121844164426138e+19 2.614339736170149069e+19 2.603977883687882752e+19 2.581371155016499610e+19 2.541325002695636173e+19 2.477342945936151347e+19 2.382684849499159347e+19 2.247597888115906970e+19 2.056754423925406925e+19 1.783555023249408410e+19 1.367100652234193306e+19
2.617121844164426957e+19 2.614339736170149478e+19 2.603977883687882752e+19 2.581371155016498790e+19 2.541325002695636173e+19 2.477342945936151757e+19 2.382684849499160576e+19 2.247597888115906560e+19 2.056754423925406106e+19 1.783555023249408410e+19 1.367100652234193510e+19
2.617121844164426547e+19 2.614339736170149888e+19 2.603977883687882752e+19 2.581371155016498790e+19 2.541325002695635763e+19 2.477342945936151757e+19 2.382684849499160166e+19 2.247597888115907379e+19 2.056754423925405696e+19 1.783555023249408205e+19 1.367100652234193510e+19
2.617121844164426138e+19 2.614339736170149888e+19 2.603977883687883162e+19 2.581371155016498790e+19 2.541325002695635354e+19 2.477342945936152166e+19 2.382684849499160576e+19 2.247597888115907379e+19 2.056754423925406106e+19 1.783555023249408410e+19 1.367100652234193306e+19
2.617121844164426957e+19 2.614339736170149478e+19 2.603977883687883571e+19 2.581371155016498790e+19 2.541325002695635354e+19 2.477342945936151757e+19 2.382684849499160166e+19 2.247597888115908198e+19 2.056754423925405696e+19 1.783555023249407795e+19 1.367100652234193101e+19
2.617121844164426957e+19 2.614339736170149478e+19 2.603977883687883571e+19 2.581371155016499200e+19 2.541325002695634944e+19 2.477342945936151347e+19 2.382684849499159757e+19 2.247597888115906970e+19 2.056754423925406106e+19 1.783555023249408000e+19 1.367100652234193101e+19
2.617121844164426547e+19 2.614339736170149888e+19 2.603977883687884390e+19 2.581371155016499200e+19 2.541325002695635354e+19 2.477342945936152576e+19 2.382684849499159757e+19 2.247597888115907379e+19 2.056754423925404877e+19 1.783555023249408410e+19 1.367100652234193101e+19
2.617121844164426957e+19 2.614339736170149888e+19 2.603977883687884390e+19 2.581371155016499200e+19 2.541325002695634125e+19 2.477342945936151757e+19 2.382684849499159757e+19 2.247597888115906560e+19 2.056754423925404058e+19 1.783555023249408614e+19 1.367100652234193306e+19
2.617121844164426547e+19 2.614339736170149478e+19 2.603977883687884390e+19 2.581371155016499610e+19 2.541325002695634125e+19 2.477342945936152576e+19 2.382684849499160576e+19 2.247597888115905741e+19 2.056754423925404058e+19 1.783555023249408410e+19 1.367100652234193510e+19
2.617121844164426547e+19 2.614339736170149069e+19 2.603977883687883981e+19 2.581371155016499610e+19 2.541325002695634534e+19 2.477342945936151757e+19 2.382684849499160576e+19 2.247597888115906150e+19 2.056754423925404058e+19 1.783555023249408614e+19 1.367100652234193715e+19
2.617121844164426957e+19 2.614339736170149478e+19 2.603977883687884390e+19 2.581371155016500019e+19 2.541325002695634534e+19 2.477342945936151757e+19 2.382684849499160166e+19 2.247597888115906560e+19 2.056754423925404058e+19 1.783555023249409229e+19 1.367100652234192896e+19
2.617121844164426547e+19 2.614339736170149069e+19 2.603977883687884390e+19 2.581371155016500429e+19 2.541325002695634534e+19 2.477342945936152576e+19 2.382684849499160986e+19 2.247597888115907379e+19 2.056754423925402829e+19 1.783555023249409434e+19 1.367100652234192896e+19
2.617121844164426957e+19 2.614339736170149478e+19 2.603977883687884800e+19 2.581371155016500429e+19 2.541325002695634944e+19 2.477342945936152986e+19 2.382684849499160166e+19 2.247597888115907379e+19 2.056754423925404058e+19 1.783555023249409229e+19 1.367100652234193306e+19
2.617121844164427776e+19 2.614339736170149888e+19 2.603977883687884800e+19 2.581371155016500838e+19 2.541325002695634534e+19 2.477342945936153395e+19 2.382684849499160576e+19 2.247597888115906970e+19 2.056754423925404467e+19 1.783555023249409434e+19 1.367100652234192486e+19
2.617121844164427776e+19 2.614339736170149478e+19 2.603977883687884800e+19 2.581371155016500838e+19 2.541325002695634125e+19 2.477342945936153805e+19 2.382684849499160576e+19 2.247597888115907379e+19 2.056754423925405286e+19 1.783555023249408819e+19 1.367100652234192486e+19
2.617121844164428186e+19 2.614339736170149069e+19 2.603977883687884800e+19 2.581371155016500838e+19 2.541325002695634125e+19 2.477342945936154214e+19 2.382684849499160576e+19 2.247597888115907789e+19 2.056754423925405286e+19 1.783555023249408614e+19 1.367100652234192486e+19
2.617121844164428595e+19 2.614339736170149888e+19 2.603977883687884800e+19 2.581371155016500838e+19 2.541325002695634125e+19 2.477342945936155034e+19 2.382684849499160986e+19 2.247597888115909427e+19 2.056754423925406106e+19 1.783555023249409229e+19 1.367100652234192691e+19
2.617121844164428186e+19 2.614339736170149478e+19 2.603977883687884390e+19 2.581371155016501248e+19 2.541325002695633715e+19 2.477342945936155034e+19 2.382684849499162214e+19 2.247597888115910246e+19 2.056754423925406106e+19 1.783555023249409229e+19 1.367100652234192691e+19
2.617121844164427776e+19 2.614339736170149888e+19 2.603977883687884390e+19 2.581371155016501658e+19 2.541325002695634534e+19 2.477342945936153805e+19 2.382684849499162214e+19 2.247597888115910656e+19 2.056754423925406106e+19 1.783555023249409434e+19 1.367100652234192486e+19
2.617121844164428186e+19 2.614339736170149888e+19 2.603977883687884390e+19 2.581371155016500838e+19 2.541325002695634125e+19 2.477342945936154214e+19 2.382684849499161395e+19 2.247597888115910656e+19 2.056754423925406106e+19 1.783555023249409229e+19 1.367100652234192486e+19
2.617121844164427776e+19 2.614339736170149888e+19 2.603977883687884390e+19 2.581371155016500838e+19 2.541325002695633715e+19 2.477342945936153805e+19 2.382684849499161805e+19 2.247597888115910656e+19 2.056754423925406925e+19 1.783555023249408819e+19 1.367100652234192486e+19
2.617121844164428186e+19 2.614339736170149478e+19 2.603977883687884390e+19 2.581371155016501248e+19 2.541325002695633306e+19 2.477342945936153805e+19 2.382684849499161805e+19 2.247597888115910656e+19 2.056754423925407744e+19 1.783555023249408410e+19 1.367100652234192282e+19
2.617121844164428595e+19 2.614339736170149888e+19 2.603977883687884390e+19 2.581371155016502067e+19 2.541325002695633306e+19 2.477342945936154624e+19 2.382684849499161805e+19 2.247597888115910246e+19 2.056754423925408154e+19 1.783555023249408205e+19 1.367100652234192077e+19
2.617121844164428595e+19 2.614339736170149888e+19 2.603977883687884390e+19 2.581371155016502067e+19 2.541325002695633306e+19 2.477342945936154624e+19 2.382684849499162214e+19 2.247597888115910246e+19 2.056754423925408154e+19 1.783555023249408614e+19 1.367100652234192077e+19
2.617121844164429005e+19 2.614339736170149069e+19 2.603977883687884390e+19 2.581371155016501658e+19 2.541325002695632077e+19 2.477342945936155034e+19 2.382684849499160986e+19 2.247597888115910246e+19 2.056754423925408563e+19 1.783555023249408205e+19 1.367100652234191872e+19
2.617121844164428595e+19 2.614339736170150298e+19 2.603977883687884800e+19 2.581371155016501658e+19 2.541325002695632486e+19 2.477342945936155443e+19 2.382684849499161395e+19 2.247597888115910246e+19 2.056754423925408154e+19 1.783555023249408000e+19 1.367100652234192077e+19
2.617121844164428595e+19 2.614339736170150298e+19 2.603977883687884800e+19 2.581371155016501658e+19 2.541325002695632486e+19 2.477342945936155443e+19 2.382684849499159757e+19 2.247597888115910656e+19 2.056754423925407334e+19 1.783555023249407386e+19 1.367100652234192282e+19
2.617121844164428595e+19 2.614339736170149888e+19 2.603977883687884800e+19 2.581371155016501658e+19 2.541325002695632486e+19 2.477342945936155853e+19 2.382684849499160166e+19 2.247597888115911885e+19 2.056754423925408154e+19 1.783555023249407386e+19 1.367100652234192077e+19
2.617121844164427776e+19 2.614339736170149888e+19 2.603977883687884800e+19 2.581371155016502067e+19 2.541325002695632077e+19 2.477342945936155443e+19 2.382684849499159757e+19 2.247597888115911066e+19 2.056754423925408154e+19 1.783555023249407386e+19 1.367100652234192486e+19
2.617121844164428186e+19 2.614339736170150298e+19 2.603977883687884800e+19 2.581371155016502477e+19 2.541325002695632077e+19 2.477342945936155443e+19 2.382684849499159757e+19 2.247597888115910656e+19 2.056754423925408154e+19 1.783555023249407181e+19 1.367100652234192486e+19
2.617121844164428595e+19 2.614339736170150298e+19 2.603977883687884800e+19 2.581371155016502477e+19 2.541325002695632077e+19 2.477342945936156262e+19 2.382684849499158938e+19 2.247597888115910656e+19 2.056754423925407744e+19 1.783555023249407590e+19 1.367100652234192282e+19
2.617121844164429414e+19 2.614339736170151117e+19 2.603977883687884800e+19 2.581371155016502067e+19 2.541325002695632077e+19 2.477342945936156262e+19 2.382684849499158528e+19 2.247597888115910656e+19 2.056754423925407744e+19 1.783555023249407181e+19 1.367100652234192691e+19
2.617121844164429414e+19 2.614339736170150707e+19 2.603977883687885210e+19 2.581371155016502067e+19 2.541325002695632077e+19 2.477342945936156672e+19 2.382684849499159347e+19 2.247597888115910656e+19 2.056754423925407744e+19 1.783555023249407181e+19 1.367100652234192691e+19
2.617121844164428595e+19 2.614339736170151117e+19 2.603977883687885210e+19 2.581371155016501658e+19 2.541325002695631258e+19 2.477342945936156262e+19 2.382684849499159347e+19 2.247597888115910656e+19 2.056754423925408154e+19 1.783555023249407181e+19 1.367100652234193101e+19
2.617121844164428595e+19 2.614339736170151117e+19 2.603977883687885210e+19 2.581371155016502067e+19 2.541325002695631258e+19 2.477342945936155034e+19 2.382684849499159347e+19 2.247597888115911066e+19 2.056754423925407744e+19 1.783555023249406976e+19 1.367100652234193101e+19
2.617121844164427776e+19 2.614339736170150298e+19 2.603977883687885210e+19 2.581371155016502067e+19 2.541325002695630848e+19 2.477342945936155443e+19 2.382684849499159347e+19 2.247597888115911066e+19 2.056754423925407744e+19 1.783555023249406976e+19 1.367100652234193306e+19
2.617121844164428595e+19 2.614339736170151117e+19 2.603977883687885210e+19 2.581371155016502477e+19 2.541325002695631258e+19 2.477342945936154624e+19 2.382684849499158938e+19 2.247597888115910656e+19 2.056754423925408154e+19 1.783555023249407181e+19 1.367100652234192896e+19
2.617121844164428595e+19 2.614339736170150707e+19 2.603977883687885210e+19 2.581371155016502477e+19 2.541325002695631667e+19 2.477342945936154214e+19 2.382684849499158528e+19 2.247597888115911066e+19 2.056754423925407334e+19 1.783555023249407590e+19 1.367100652234192896e+19
2.617121844164428186e+19 2.614339736170149888e+19 2.603977883687885619e+19 2.581371155016502477e+19 2.541325002695632077e+19 2.477342945936153395e+19 2.382684849499159347e+19 2.247597888115910656e+19 2.056754423925406925e+19 1.783555023249407590e+19 1.367100652234193306e+19
2.617121844164428186e+19 2.614339736170150298e+19 2.603977883687885210e+19 2.581371155016503296e+19 2.541325002695632486e+19 2.477342945936152986e+19 2.382684849499159347e+19 2.247597888115910656e+19 2.056754423925406925e+19 1.783555023249407795e+19 1.367100652234193306e+19
2.617121844164428186e+19 2.614339736170149888e+19 2.603977883687885210e+19 2.581371155016502886e+19 2.541325002695632486e+19 2.477342945936152986e+19 2.382684849499158938e+19 2.247597888115910656e+19 2.056754423925406925e+19 1.783555023249408410e+19 1.367100652234193101e+19
2.617121844164427776e+19 2.614339736170149888e+19 2.603977883687885619e+19 2.581371155016503706e+19 2.541325002695632896e+19 2.477342945936152576e+19 2.382684849499158528e+19 2.247597888115911066e+19 2.056754423925406925e+19 1.783555023249408614e+19 1.367100652234193306e+19
2.617121844164428186e+19 2.614339736170149888e+19 2.603977883687885210e+19 2.581371155016502886e+19 2.541325002695633306e+19 2.477342945936152166e+19 2.382684849499158118e+19 2.247597888115910656e+19 2.056754423925406925e+19 1.783555023249408614e+19 1.367100652234193715e+19
2.617121844164427366e+19 2.614339736170149888e+19 2.603977883687885210e+19 2.581371155016503706e+19 2.541325002695632896e+19 2.477342945936151347e+19 2.382684849499158528e+19 2.247597888115911475e+19 2.056754423925406106e+19 1.783555023249408614e+19 1.367100652234193920e+19
2.617121844164426957e+19 2.614339736170150707e+19 2.603977883687885210e+19 2.581371155016502886e+19 2.541325002695632896e+19 2.477342945936151757e+19 2.382684849499157299e+19 2.247597888115910656e+19 2.056754423925406925e+19 1.783555023249408410e+19 1.367100652234193715e+19
2.617121844164426547e+19 2.614339736170149888e+19 2.603977883687884800e+19 2.581371155016503296e+19 2.541325002695632486e+19 2.477342945936151757e+19 2.382684849499156480e+19 2.247597888115911475e+19 2.056754423925407334e+19 1.783555023249408614e+19 1.367100652234193715e+19
2.617121844164426547e+19 2.614339736170150298e+19 2.603977883687885210e+19 2.581371155016504115e+19 2.541325002695632486e+19 2.477342945936151757e+19 2.382684849499156890e+19 2.247597888115911475e+19 2.056754423925407334e+19 1.783555023249408614e+19 1.367100652234193920e+19
2.617121844164426547e+19 2.614339736170150298e+19 2.603977883687885210e+19 2.581371155016503706e+19 2.541325002695631667e+19 2.477342945936151347e+19 2.382684849499157299e+19 2.247597888115911066e+19 2.056754423925407334e+19 1.783555023249408205e+19 1.367100652234194125e+19
2.617121844164426547e+19 2.614339736170150298e+19 2.603977883687885210e+19 2.581371155016503296e+19 2.541325002695632077e+19 2.477342945936152166e+19 2.382684849499156480e+19 2.247597888115911066e+19 2.056754423925408563e+19 1.783555023249408000e+19 1.367100652234193920e+19
2.617121844164426138e+19 2.614339736170150707e+19 2.603977883687885210e+19 2.581371155016503706e+19 2.541325002695631667e+19 2.477342945936151757e+19 2.382684849499156070e+19 2.247597888115910656e+19 2.056754423925408563e+19 1.783555023249408614e+19 1.367100652234193715e+19
2.617121844164426957e+19 2.614339736170149888e+19 2.603977883687885210e+19 2.581371155016504115e+19 2.541325002695632896e+19 2.477342945936151757e+19 2.382684849499156070e+19 2.247597888115910246e+19 2.056754423925408563e+19 1.783555023249408819e+19 1.367100652234193715e+19
2.617121844164426957e+19 2.614339736170149888e+19 2.603977883687885210e+19 2.581371155016505754e+19 2.541325002695630848e+19 2.477342945936151757e+19 2.382684849499155661e+19 2.247597888115911066e+19 2.056754423925408973e+19 1.783555023249408410e+19 1.367100652234193510e+19
2.617121844164426547e+19 2.614339736170149069e+19 2.603977883687884800e+19 2.581371155016505754e+19 2.541325002695631667e+19 2.477342945936152166e+19 2.382684849499156070e+19 2.247597888115911066e+19 2.056754423925408563e+19 1.783555023249408205e+19 1.367100652234193920e+19
2.617121844164426547e+19 2.614339736170149478e+19 2.603977883687885210e+19 2.581371155016505754e+19 2.541325002695634125e+19 2.477342945936151757e+19 2.382684849499156070e+19 2.247597888115910246e+19 2.056754423925409382e+19 1.783555023249408000e+19 1.367100652234193510e+19
2.617121844164426957e+19 2.614339736170149478e+19 2.603977883687885210e+19 2.581371155016506573e+19 2.541325002695636992e+19 2.477342945936152576e+19 2.382684849499155661e+19 2.247597888115909018e+19 2.056754423925409382e+19 1.783555023249408000e+19 1.367100652234193510e+19
2.617121844164426138e+19 2.614339736170149069e+19 2.603977883687885210e+19 2.581371155016507392e+19 2.541325002695639859e+19 2.477342945936152576e+19 2.382684849499155251e+19 2.247597888115909018e+19 2.056754423925410202e+19 1.783555023249407795e+19 1.367100652234193101e+19
2.617121844164426957e+19 2.614339736170149478e+19 2.603977883687885210e+19 2.581371155016508211e+19 2.541325002695642317e+19 2.477342945936151757e+19 2.382684849499154842e+19 2.247597888115908608e+19 2.056754423925409382e+19 1.783555023249407590e+19 1.367100652234193306e+19
2.617121844164427366e+19 2.614339736170149478e+19 2.603977883687884800e+19 2.581371155016508211e+19 2.541325002695642726e+19 2.477342945936151757e+19 2.382684849499154842e+19 2.247597888115908608e+19 2.056754423925409382e+19 1.783555023249407590e+19 1.367100652234193510e+19
2.617121844164426957e+19 2.614339736170149888e+19 2.603977883687884800e+19 2.581371155016507802e+19 2.541325002695640678e+19 2.477342945936150118e+19 2.382684849499154432e+19 2.247597888115909018e+19 2.056754423925409382e+19 1.783555023249407590e+19 1.367100652234193306e+19
2.617121844164427366e+19 2.614339736170148659e+19 2.603977883687885210e+19 2.581371155016506982e+19 2.541325002695641498e+19 2.477342945936149709e+19 2.382684849499154022e+19 2.247597888115908608e+19 2.056754423925409382e+19 1.783555023249408205e+19 1.367100652234193306e+19
2.617121844164426547e+19 2.614339736170149478e+19 2.603977883687886029e+19 2.581371155016507802e+19 2.541325002695640678e+19 2.477342945936150118e+19 2.382684849499154842e+19 2.247597888115909018e+19 2.056754423925409792e+19 1.783555023249407795e+19 1.367100652234193510e+19
2.617121844164426547e+19 2.614339736170149478e+19 2.603977883687886029e+19 2.581371155016507392e+19 2.541325002695641498e+19 2.477342945936150528e+19 2.382684849499154022e+19 2.247597888115909427e+19 2.056754423925410202e+19 1.783555023249408000e+19 1.367100652234193306e+19
2.617121844164426547e+19 2.614339736170149069e+19 2.603977883687886438e+19 2.581371155016507392e+19 2.541325002695640269e+19 2.477342945936150118e+19 2.382684849499154022e+19 2.247597888115908198e+19 2.056754423925410202e+19 1.783555023249408205e+19 1.367100652234193306e+19
2.617121844164426547e+19 2.614339736170149478e+19 2.603977883687886438e+19 2.581371155016507392e+19 2.541325002695640678e+19 2.477342945936149709e+19 2.382684849499152794e+19 2.247597888115908198e+19 2.056754423925410611e+19 1.783555023249408205e+19 1.367100652234193715e+19
2.617121844164426547e+19 2.614339736170149069e+19 2.603977883687886848e+19 2.581371155016506573e+19 2.541325002695641088e+19 2.477342945936149709e+19 2.382684849499152794e+19 2.247597888115908608e+19 2.056754423925410611e+19 1.783555023249407795e+19 1.367100652234193920e+19
2.617121844164426138e+19 2.614339736170149478e+19 2.603977883687887258e+19 2.581371155016506163e+19 2.541325002695641088e+19 2.477342945936150118e+19 2.382684849499152384e+19 2.247597888115907789e+19 2.056754423925409382e+19 1.783555023249408000e+19 1.367100652234193510e+19
2.617121844164426138e+19 2.614339736170149478e+19 2.603977883687886848e+19 2.581371155016506163e+19 2.541325002695640678e+19 2.477342945936151347e+19 2.382684849499151974e+19 2.247597888115907379e+19 2.056754423925409382e+19 1.783555023249408410e+19 1.367100652234193510e+19
2.617121844164426138e+19 2.614339736170149478e+19 2.603977883687886438e+19 2.581371155016506163e+19 2.541325002695640269e+19 2.477342945936150938e+19 2.382684849499151974e+19 2.247597888115907379e+19 2.056754423925409382e+19 1.783555023249408410e+19 1.367100652234193715e+19
2.617121844164426547e+19 2.614339736170149069e+19 2.603977883687887258e+19 2.581371155016506163e+19 2.541325002695640269e+19 2.477342945936150528e+19 2.382684849499151974e+19 2.247597888115906970e+19 2.056754423925409792e+19 1.783555023249408205e+19 1.367100652234193510e+19
2.617121844164426138e+19 2.614339736170149888e+19 2.603977883687887258e+19 2.581371155016506163e+19 2.541325002695641088e+19 2.477342945936151347e+19 2.382684849499151565e+19 2.247597888115907379e+19 2.056754423925409792e+19 1.783555023249407590e+19 1.367100652234193510e+19
2.617121844164426547e+19 2.614339736170149069e+19 2.603977883687886848e+19 2.581371155016505754e+19 2.541325002695641088e+19 2.477342945936151347e+19 2.382684849499151565e+19 2.247597888115906560e+19 2.056754423925409382e+19 1.783555023249407386e+19 1.367100652234193306e+19
2.617121844164426547e+19 2.614339736170149888e+19 2.603977883687886848e+19 2.581371155016506163e+19 2.541325002695641088e+19 2.477342945936150938e+19 2.382684849499151155e+19 2.247597888115906970e+19 2.056754423925408563e+19 1.783555023249407386e+19 1.367100652234193306e+19
2.617121844164426547e+19 2.614339736170149888e+19 2.603977883687887667e+19 2.581371155016506163e+19 2.541325002695641498e+19 2.477342945936151347e+19 2.382684849499150336e+19 2.247597888115906560e+19 2.056754423925408563e+19 1.783555023249407181e+19 1.367100652234192896e+19
2.617121844164426547e+19 2.614339736170150298e+19 2.603977883687887258e+19 2.581371155016506573e+19 2.541325002695641088e+19 2.477342945936150528e+19 2.382684849499149517e+19 2.247597888115906970e+19 2.056754423925409382e+19 1.783555023249407181e+19 1.367100652234192691e+19
2.617121844164426138e+19 2.614339736170149478e+19 2.603977883687886848e+19 2.581371155016506573e+19 2.541325002695641088e+19 2.477342945936148890e+19 2.382684849499149517e+19 2.247597888115906560e+19 2.056754423925408973e+19 1.783555023249406771e+19 1.367100652234192486e+19
2.617121844164426138e+19 2.614339736170150298e+19 2.603977883687886848e+19 2.581371155016506982e+19 2.541325002695641498e+19 2.477342945936150118e+19 2.382684849499150746e+19 2.247597888115906560e+19 2.056754423925408973e+19 1.783555023249406157e+19 1.367100652234192282e+19
2.617121844164426547e+19 2.614339736170149478e+19 2.603977883687886848e+19 2.581371155016506573e+19 2.541325002695641498e+19 2.477342945936150118e+19 2.382684849499150336e+19 2.247597888115905331e+19 2.056754423925409382e+19 1.783555023249406362e+19 1.367100652234192077e+19
2.617121844164426547e+19 2.614339736170150298e+19 2.603977883687886438e+19 2.581371155016506573e+19 2.541325002695641498e+19 2.477342945936150118e+19 2.382684849499150746e+19 2.247597888115904922e+19 2.056754423925409792e+19 1.783555023249406362e+19 1.367100652234191667e+19
2.617121844164427366e+19 2.614339736170150298e+19 2.603977883687886848e+19 2.581371155016506163e+19 2.541325002695640269e+19 2.477342945936150118e+19 2.382684849499150746e+19 2.247597888115905331e+19 2.056754423925410611e+19 1.783555023249405952e+19 1.367100652234191667e+19
2.617121844164427366e+19 2.614339736170151117e+19 2.603977883687886438e+19 2.581371155016506163e+19 2.541325002695640269e+19 2.477342945936150528e+19 2.382684849499150336e+19 2.247597888115904922e+19 2.056754423925410202e+19 1.783555023249405747e+19 1.367100652234191872e+19
2.617121844164426957e+19 2.614339736170150298e+19 2.603977883687886029e+19 2.581371155016506573e+19 2.541325002695640269e+19 2.477342945936150938e+19 2.382684849499149517e+19 2.247597888115904512e+19 2.056754423925410611e+19 1.783555023249405747e+19 1.367100652234192077e+19
2.617121844164427366e+19 2.614339736170151526e+19 2.603977883687886848e+19 2.581371155016506163e+19 2.541325002695640269e+19 2.477342945936151347e+19 2.382684849499148698e+19 2.247597888115904102e+19 2.056754423925411840e+19 1.783555023249405338e+19 1.367100652234191667e+19
2.617121844164427776e+19 2.614339736170150707e+19 2.603977883687886438e+19 2.581371155016506163e+19 2.541325002695640269e+19 2.477342945936150938e+19 2.382684849499148288e+19 2.247597888115903693e+19 2.056754423925411430e+19 1.783555023249405338e+19 1.367100652234191462e+19
2.617121844164428186e+19 2.614339736170151936e+19 2.603977883687886438e+19 2.581371155016506573e+19 2.541325002695640269e+19 2.477342945936149299e+19 2.382684849499148698e+19 2.247597888115904512e+19 2.056754423925412250e+19 1.783555023249405338e+19 1.367100652234191462e+19
2.617121844164427776e+19 2.614339736170151117e+19 2.603977883687886848e+19 2.581371155016506573e+19 2.541325002695640269e+19 2.477342945936148890e+19 2.382684849499149107e+19 2.247597888115905741e+19 2.056754423925412659e+19 1.783555023249405338e+19 1.367100652234191667e+19
2.617121844164428186e+19 2.614339736170151526e+19 2.603977883687886438e+19 2.581371155016506982e+19 2.541325002695639859e+19 2.477342945936148890e+19 2.382684849499149107e+19 2.247597888115905741e+19 2.056754423925412659e+19 1.783555023249405338e+19 1.367100652234191462e+19
2.617121844164428186e+19 2.614339736170150707e+19 2.603977883687886438e+19 2.581371155016506982e+19 2.541325002695639859e+19 2.477342945936149299e+19 2.382684849499149926e+19 2.247597888115906970e+19 2.056754423925411021e+19 1.783555023249405338e+19 1.367100652234191258e+19
2.617121844164427776e+19 2.614339736170151526e+19 2.603977883687886848e+19 2.581371155016506982e+19 2.541325002695639450e+19 2.477342945936149709e+19 2.382684849499149926e+19 2.247597888115906970e+19 2.056754423925409792e+19 1.783555023249405133e+19 1.367100652234191258e+19
2.617121844164427776e+19 2.614339736170151117e+19 2.603977883687886438e+19 2.581371155016506982e+19 2.541325002695639450e+19 2.477342945936150118e+19 2.382684849499149926e+19 2.247597888115906560e+19 2.056754423925410202e+19 1.783555023249405133e+19 1.367100652234191667e+19
2.617121844164427366e+19 2.614339736170151936e+19 2.603977883687886848e+19 2.581371155016506573e+19 2.541325002695639859e+19 2.477342945936150528e+19 2.382684849499150746e+19 2.247597888115906560e+19 2.056754423925410202e+19 1.783555023249404723e+19 1.367100652234191258e+19
2.617121844164427366e+19 2.614339736170151936e+19 2.603977883687886438e+19 2.581371155016506573e+19 2.541325002695639040e+19 2.477342945936150528e+19 2.382684849499150746e+19 2.247597888115905331e+19 2.056754423925409382e+19 1.783555023249405338e+19 1.367100652234191053e+19
2.617121844164427366e+19 2.614339736170152346e+19 2.603977883687886438e+19 2.581371155016506573e+19 2.541325002695639040e+19 2.477342945936149709e+19 2.382684849499151565e+19 2.247597888115904512e+19 2.056754423925410202e+19 1.783555023249405133e+19 1.367100652234191462e+19
2.617121844164427366e+19 2.614339736170152346e+19 2.603977883687886848e+19 2.581371155016506982e+19 2.541325002695639040e+19 2.477342945936150118e+19 2.382684849499150746e+19 2.247597888115904102e+19 2.056754423925410202e+19 1.783555023249404723e+19 1.367100652234191872e+19
2.617121844164427366e+19 2.614339736170152346e+19 2.603977883687886848e+19 2.581371155016506982e+19 2.541325002695638630e+19 2.477342945936150118e+19 2.382684849499151155e+19 2.247597888115904922e+19 2.056754423925410611e+19 1.783555023249404109e+19 1.367100652234192282e+19
2.617121844164427776e+19 2.614339736170152346e+19 2.603977883687886848e+19 2.581371155016507802e+19 2.541325002695638221e+19 2.477342945936150938e+19 2.382684849499151565e+19 2.247597888115903693e+19 2.056754423925410202e+19 1.783555023249404314e+19 1.367100652234192691e+19
2.617121844164427366e+19 2.614339736170152346e+19 2.603977883687886848e+19 2.581371155016507802e+19 2.541325002695637402e+19 2.477342945936151347e+19 2.382684849499151565e+19 2.247597888115903283e+19 2.056754423925410611e+19 1.783555023249403904e+19 1.367100652234192691e+19
2.617121844164427366e+19 2.614339736170151936e+19 2.603977883687886438e+19 2.581371155016507392e+19 2.541325002695637402e+19 2.477342945936150528e+19 2.382684849499150746e+19 2.247597888115903283e+19 2.056754423925411021e+19 1.783555023249404109e+19 1.367100652234192691e+19
2.617121844164426957e+19 2.614339736170151936e+19 2.603977883687886848e+19 2.581371155016507392e+19 2.541325002695637402e+19 2.477342945936150938e+19 2.382684849499150336e+19 2.247597888115904102e+19 2.056754423925410611e+19 1.783555023249404314e+19 1.367100652234192691e+19
2.617121844164426957e+19 2.614339736170152346e+19 2.603977883687886848e+19 2.581371155016506982e+19 2.541325002695637811e+19 2.477342945936152576e+19 2.382684849499150336e+19 2.247597888115904102e+19 2.056754423925411021e+19 1.783555023249404109e+19 1.367100652234192486e+19
2.617121844164426957e+19 2.614339736170151936e+19 2.603977883687886848e+19 2.581371155016506573e+19 2.541325002695637811e+19 2.477342945936151757e+19 2.382684849499150746e+19 2.247597888115904922e+19 2.056754423925411840e+19 1.783555023249403904e+19 1.367100652234192486e+19
2.617121844164428186e+19 2.614339736170152755e+19 2.603977883687886848e+19 2.581371155016506573e+19 2.541325002695638221e+19 2.477342945936150528e+19 2.382684849499150746e+19 2.247597888115905741e+19 2.056754423925411430e+19 1.783555023249403699e+19 1.367100652234192896e+19
2.617121844164428595e+19 2.614339736170152346e+19 2.603977883687886848e+19 2.581371155016506573e+19 2.541325002695636582e+19 2.477342945936150118e+19 2.382684849499150336e+19 2.247597888115905741e+19 2.056754423925410611e+19 1.783555023249404314e+19 1.367100652234193510e+19
2.617121844164429005e+19 2.614339736170152755e+19 2.603977883687886848e+19 2.581371155016506163e+19 2.541325002695638221e+19 2.477342945936150938e+19 2.382684849499149107e+19 2.247597888115906150e+19 2.056754423925409382e+19 1.783555023249403904e+19 1.367100652234193715e+19
2.617121844164428595e+19 2.614339736170152755e+19 2.603977883687886848e+19 2.581371155016506573e+19 2.541325002695641088e+19 2.477342945936150938e+19 2.382684849499148698e+19 2.247597888115905331e+19 2.056754423925408973e+19 1.783555023249403699e+19 1.367100652234193306e+19
2.617121844164429005e+19 2.614339736170152755e+19 2.603977883687886438e+19 2.581371155016507392e+19 2.541325002695640678e+19 2.477342945936151347e+19 2.382684849499149926e+19 2.247597888115905331e+19 2.056754423925409382e+19 1.783555023249403494e+19 1.367100652234193306e+19
2.617121844164428186e+19 2.614339736170152755e+19 2.603977883687886438e+19 2.581371155016506163e+19 2.541325002695641088e+19 2.477342945936151757e+19 2.382684849499149107e+19 2.247597888115905741e+19 2.056754423925409792e+19 1.783555023249402880e+19 1.367100652234193306e+19
2.617121844164428595e+19 2.614339736170153574e+19 2.603977883687886029e+19 2.581371155016506573e+19 2.541325002695640678e+19 2.477342945936151347e+19 2.382684849499149926e+19 2.247597888115904922e+19 2.056754423925409382e+19 1.783555023249403290e+19 1.367100652234193101e+19
2.617121844164428595e+19 2.614339736170153574e+19 2.603977883687886029e+19 2.581371155016506573e+19 2.541325002695640269e+19 2.477342945936150118e+19 2.382684849499150336e+19 2.247597888115904512e+19 2.056754423925409792e+19 1.783555023249403290e+19 1.367100652234193101e+19
2.617121844164428595e+19 2.614339736170153574e+19 2.603977883687886438e+19 2.581371155016506573e+19 2.541325002695640678e+19 2.477342945936150118e+19 2.382684849499151565e+19 2.247597888115903693e+19 2.056754423925410202e+19 1.783555023249403085e+19 1.367100652234193101e+19
2.617121844164429005e+19 2.614339736170154394e+19 2.603977883687886438e+19 2.581371155016506163e+19 2.541325002695640678e+19 2.477342945936150528e+19 2.382684849499151974e+19 2.247597888115902464e+19 2.056754423925409792e+19 1.783555023249402880e+19 1.367100652234193101e+19
2.617121844164428595e+19 2.614339736170153984e+19 2.603977883687886848e+19 2.581371155016505754e+19 2.541325002695641088e+19 2.477342945936150528e+19 2.382684849499151974e+19 2.247597888115902464e+19 2.056754423925410202e+19 1.783555023249402880e+19 1.367100652234193306e+19
2.617121844164429005e+19 2.614339736170154394e+19 2.603977883687886848e+19 2.581371155016505754e+19 2.541325002695640678e+19 2.477342945936149709e+19 2.382684849499152384e+19 2.247597888115902464e+19 2.056754423925410202e+19 1.783555023249402470e+19 1.367100652234193510e+19
2.617121844164429005e+19 2.614339736170153984e+19 2.603977883687886848e+19 2.581371155016505754e+19 2.541325002695640678e+19 2.477342945936149299e+19 2.382684849499152794e+19 2.247597888115902054e+19 2.056754423925411840e+19 1.783555023249402880e+19 1.367100652234193510e+19
2.617121844164428186e+19 2.614339736170153984e+19 2.603977883687886848e+19 2.581371155016505754e+19 2.541325002695640678e+19 2.477342945936148480e+19 2.382684849499152794e+19 2.247597888115902054e+19 2.056754423925411840e+19 1.783555023249402880e+19 1.367100652234193306e+19
2.617121844164428186e+19 2.614339736170154803e+19 2.603977883687886848e+19 2.581371155016506163e+19 2.541325002695640678e+19 2.477342945936148070e+19 2.382684849499152794e+19 2.247597888115902054e+19 2.056754423925411430e+19 1.783555023249403085e+19 1.367100652234193715e+19
2.617121844164427776e+19 2.614339736170154803e+19 2.603977883687886848e+19 2.581371155016506573e+19 2.541325002695640678e+19 2.477342945936147251e+19 2.382684849499153613e+19 2.247597888115902874e+19 2.056754423925411021e+19 1.783555023249403085e+19 1.367100652234193510e+19
2.617121844164429005e+19 2.614339736170153984e+19 2.603977883687886438e+19 2.581371155016506573e+19 2.541325002695640678e+19 2.477342945936148070e+19 2.382684849499154022e+19 2.247597888115903283e+19 2.056754423925410611e+19 1.783555023249402880e+19 1.367100652234193306e+19
2.617121844164429005e+19 2.614339736170153984e+19 2.603977883687886438e+19 2.581371155016506982e+19 2.541325002695640678e+19 2.477342945936147661e+19 2.382684849499153203e+19 2.247597888115903693e+19 2.056754423925410611e+19 1.783555023249403085e+19 1.367100652234193715e+19
2.617121844164428595e+19 2.614339736170154394e+19 2.603977883687886848e+19 2.581371155016506573e+19 2.541325002695640678e+19 2.477342945936147251e+19 2.382684849499152794e+19 2.247597888115903693e+19 2.056754423925410611e+19 1.783555023249402675e+19 1.367100652234193920e+19
2.617121844164427776e+19 2.614339736170154394e+19 2.603977883687886438e+19 2.581371155016506573e+19 2.541325002695640269e+19 2.477342945936147251e+19 2.382684849499152794e+19 2.247597888115903693e+19 2.056754423925409792e+19 1.783555023249402675e+19 1.367100652234193510e+19
2.617121844164427776e+19 2.614339736170154803e+19 2.603977883687886848e+19 2.581371155016506573e+19 2.541325002695639859e+19 2.477342945936148480e+19 2.382684849499152384e+19 2.247597888115904102e+19 2.056754423925409792e+19 1.783555023249402061e+19 1.367100652234192896e+19
2.617121844164427776e+19 2.614339736170154803e+19 2.603977883687886438e+19 2.581371155016506163e+19 2.541325002695639450e+19 2.477342945936149709e+19 2.382684849499152384e+19 2.247597888115904102e+19 2.056754423925409792e+19 1.783555023249402061e+19 1.367100652234192896e+19
2.617121844164428186e+19 2.614339736170155213e+19 2.603977883687886438e+19 2.581371155016506163e+19 2.541325002695639450e+19 2.477342945936150118e+19 2.382684849499152384e+19 2.247597888115904102e+19 2.056754423925409382e+19 1.783555023249402470e+19 1.367100652234192896e+19
2.617121844164427776e+19 2.614339736170155213e+19 2.603977883687886029e+19 2.581371155016506163e+19 2.541325002695639040e+19 2.477342945936151347e+19 2.382684849499151565e+19 2.247597888115904922e+19 2.056754423925410202e+19 1.783555023249402266e+19 1.367100652234192486e+19
2.617121844164427366e+19 2.614339736170155622e+19 2.603977883687885210e+19 2.581371155016506573e+19 2.541325002695639040e+19 2.477342945936151347e+19 2.382684849499151565e+19 2.247597888115904512e+19 2.056754423925410202e+19 1.783555023249402470e+19 1.367100652234192486e+19
2.617121844164426957e+19 2.614339736170156032e+19 2.603977883687884800e+19 2.581371155016506163e+19 2.541325002695638630e+19 2.477342945936151347e+19 2.382684849499151155e+19 2.247597888115904922e+19 2.056754423925410611e+19 1.783555023249402675e+19 1.367100652234192691e+19
2.617121844164426547e+19 2.614339736170156032e+19 2.603977883687885210e+19 2.581371155016505754e+19 2.541325002695638630e+19 2.477342945936151347e+19 2.382684849499151155e+19 2.247597888115904512e+19 2.056754423925410202e+19 1.783555023249402470e+19 1.367100652234192896e+19
2.617121844164426138e+19 2.614339736170155622e+19 2.603977883687885210e+19 2.581371155016505344e+19 2.541325002695639040e+19 2.477342945936151757e+19 2.382684849499150746e+19 2.247597888115904922e+19 2.056754423925411021e+19 1.783555023249402470e+19 1.367100652234192486e+19
2.617121844164425728e+19 2.614339736170155622e+19 2.603977883687884800e+19 2.581371155016505754e+19 2.541325002695638221e+19 2.477342945936151347e+19 2.382684849499150746e+19 2.247597888115904102e+19 2.056754423925410611e+19 1.783555023249402470e+19 1.367100652234193101e+19
2.617121844164426138e+19 2.614339736170156032e+19 2.603977883687884800e+19 2.581371155016506163e+19 2.541325002695638630e+19 2.477342945936151757e+19 2.382684849499149926e+19 2.247597888115904102e+19 2.056754423925411021e+19 1.783555023249402470e+19 1.367100652234192691e+19
2.617121844164425728e+19 2.614339736170155622e+19 2.603977883687884800e+19 2.581371155016506573e+19 2.541325002695639040e+19 2.477342945936151757e+19 2.382684849499150336e+19 2.247597888115904102e+19 2.056754423925410611e+19 1.783555023249402061e+19 1.367100652234192486e+19
2.617121844164425728e+19 2.614339736170154803e+19 2.603977883687884800e+19 2.581371155016505754e+19 2.541325002695638630e+19 2.477342945936151757e+19 2.382684849499149107e+19 2.247597888115902874e+19 2.056754423925410202e+19 1.783555023249401651e+19 1.367100652234192691e+19
2.617121844164426138e+19 2.614339736170155213e+19 2.603977883687884800e+19 2.581371155016504934e+19 2.541325002695638630e+19 2.477342945936150938e+19 2.382684849499149107e+19 2.247597888115902874e+19 2.056754423925411021e+19 1.783555023249401856e+19 1.367100652234193306e+19
2.617121844164425728e+19 2.614339736170154803e+19 2.603977883687884800e+19 2.581371155016506573e+19 2.541325002695638630e+19 2.477342945936150118e+19 2.382684849499148698e+19 2.247597888115902874e+19 2.056754423925411430e+19 1.783555023249402061e+19 1.367100652234193101e+19
2.617121844164425318e+19 2.614339736170154803e+19 2.603977883687884390e+19 2.581371155016507802e+19 2.541325002695638630e+19 2.477342945936150528e+19 2.382684849499148698e+19 2.247597888115902874e+19 2.056754423925411430e+19 1.783555023249402061e+19 1.367100652234192486e+19
2.617121844164424909e+19 2.614339736170154394e+19 2.603977883687884390e+19 2.581371155016508621e+19 2.541325002695639040e+19 2.477342945936150528e+19 2.382684849499148698e+19 2.247597888115902464e+19 2.056754423925410611e+19 1.783555023249402061e+19 1.367100652234192077e+19
2.617121844164424909e+19 2.614339736170154394e+19 2.603977883687884390e+19 2.581371155016508621e+19 2.541325002695639450e+19 2.477342945936150118e+19 2.382684849499148698e+19 2.247597888115902054e+19 2.056754423925409792e+19 1.783555023249401651e+19 1.367100652234192077e+19
2.617121844164424499e+19 2.614339736170153574e+19 2.603977883687884390e+19 2.581371155016507802e+19 2.541325002695639859e+19 2.477342945936150938e+19 2.382684849499148698e+19 2.247597888115901235e+19 2.056754423925410202e+19 1.783555023249401446e+19 1.367100652234191872e+19
2.617121844164424499e+19 2.614339736170153574e+19 2.603977883687884390e+19 2.581371155016507802e+19 2.541325002695640678e+19 2.477342945936150938e+19 2.382684849499149107e+19 2.247597888115901645e+19 2.056754423925411021e+19 1.783555023249401446e+19 1.367100652234191872e+19
2.617121844164424090e+19 2.614339736170153984e+19 2.603977883687884390e+19 2.581371155016507802e+19 2.541325002695640678e+19 2.477342945936150938e+19 2.382684849499149517e+19 2.247597888115901645e+19 2.056754423925411021e+19 1.783555023249401651e+19 1.367100652234191462e+19
2.617121844164424499e+19 2.614339736170154394e+19 2.603977883687883981e+19 2.581371155016508621e+19 2.541325002695641088e+19 2.477342945936151757e+19 2.382684849499148698e+19 2.247597888115900826e+19 2.056754423925410202e+19 1.783555023249401651e+19 1.367100652234191667e+19
2.617121844164424499e+19 2.614339736170153984e+19 2.603977883687883981e+19 2.581371155016508621e+19 2.541325002695641498e+19 2.477342945936150118e+19 2.382684849499147878e+19 2.247597888115900826e+19 2.056754423925410202e+19 1.783555023249401651e+19 1.367100652234191667e+19
2.617121844164424909e+19 2.614339736170153984e+19 2.603977883687883981e+19 2.581371155016508621e+19 2.541325002695641498e+19 2.477342945936148070e+19 2.382684849499148288e+19 2.247597888115900826e+19 2.056754423925411021e+19 1.783555023249401446e+19 1.367100652234191667e+19
2.617121844164425318e+19 2.614339736170153984e+19 2.603977883687883981e+19 2.581371155016508621e+19 2.541325002695641088e+19 2.477342945936148480e+19 2.382684849499148698e+19 2.247597888115901235e+19 2.056754423925411021e+19 1.783555023249401856e+19 1.367100652234192077e+19
2.617121844164425728e+19 2.614339736170153984e+19 2.603977883687883981e+19 2.581371155016508621e+19 2.541325002695641088e+19 2.477342945936149299e+19 2.382684849499149107e+19 2.247597888115900826e+19 2.056754423925410611e+19 1.783555023249402061e+19 1.367100652234192077e+19
2.617121844164424909e+19 2.614339736170153984e+19 2.603977883687883981e+19 2.581371155016508211e+19 2.541325002695641907e+19 2.477342945936149709e+19 2.382684849499149517e+19 2.247597888115900826e+19 2.056754423925411021e+19 1.783555023249402675e+19 1.367100652234192486e+19
2.617121844164425318e+19 2.614339736170153165e+19 2.603977883687883981e+19 2.581371155016507802e+19 2.541325002695641907e+19 2.477342945936149709e+19 2.382684849499149107e+19 2.247597888115900416e+19 2.056754423925411021e+19 1.783555023249402880e+19 1.367100652234192486e+19
2.617121844164425318e+19 2.614339736170152755e+19 2.603977883687883571e+19 2.581371155016508211e+19 2.541325002695641088e+19 2.477342945936149299e+19 2.382684849499149517e+19 2.247597888115900826e+19 2.056754423925410611e+19 1.783555023249402675e+19 1.367100652234192896e+19
2.617121844164425318e+19 2.614339736170153165e+19 2.603977883687883981e+19 2.581371155016508211e+19 2.541325002695641088e+19 2.477342945936149299e+19 2.382684849499149926e+19 2.247597888115899597e+19 2.056754423925410202e+19 1.783555023249402675e+19 1.367100652234192691e+19
2.617121844164425318e+19 2.614339736170153165e+19 2.603977883687884390e+19 2.581371155016508621e+19 2.541325002695640678e+19 2.477342945936148480e+19 2.382684849499148698e+19 2.247597888115899597e+19 2.056754423925411021e+19 1.783555023249402880e+19 1.367100652234192691e+19
2.617121844164425728e+19 2.614339736170152755e+19 2.603977883687884800e+19 2.581371155016508621e+19 2.541325002695640678e+19 2.477342945936148070e+19 2.382684849499147469e+19 2.247597888115899597e+19 2.056754423925410611e+19 1.783555023249402880e+19 1.367100652234193306e+19
2.617121844164425728e+19 2.614339736170152755e+19 2.603977883687884390e+19 2.581371155016509030e+19 2.541325002695640269e+19 2.477342945936147661e+19 2.382684849499147878e+19 2.247597888115900416e+19 2.056754423925410202e+19 1.783555023249402266e+19 1.367100652234193101e+19
2.617121844164425318e+19 2.614339736170152346e+19 2.603977883687884390e+19 2.581371155016508621e+19 2.541325002695640269e+19 2.477342945936147661e+19 2.382684849499148698e+19 2.247597888115900416e+19 2.056754423925409382e+19 1.783555023249402266e+19 1.367100652234193510e+19
2.617121844164425728e+19 2.614339736170151936e+19 2.603977883687884390e+19 2.581371155016508621e+19 2.541325002695639859e+19 2.477342945936147251e+19 2.382684849499148698e+19 2.247597888115900006e+19 2.056754423925409792e+19 1.783555023249402266e+19 1.367100652234193510e+19
2.617121844164424909e+19 2.614339736170152755e+19 2.603977883687884800e+19 2.581371155016507802e+19 2.541325002695640269e+19 2.477342945936146432e+19 2.382684849499149107e+19 2.247597888115899597e+19 2.056754423925410611e+19 1.783555023249402266e+19 1.367100652234194125e+19
2.617121844164424499e+19 2.614339736170152755e+19 2.603977883687884800e+19 2.581371155016508211e+19 2.541325002695640269e+19 2.477342945936146022e+19 2.382684849499149517e+19 2.247597888115899187e+19 2.056754423925410611e+19 1.783555023249402266e+19 1.367100652234194125e+19
2.617121844164424499e+19 2.614339736170152755e+19 2.603977883687885210e+19 2.581371155016507802e+19 2.541325002695640678e+19 2.477342945936146432e+19 2.382684849499148698e+19 2.247597888115900006e+19 2.056754423925411430e+19 1.783555023249402470e+19 1.367100652234194534e+19
2.617121844164424090e+19 2.614339736170152755e+19 2.603977883687884800e+19 2.581371155016507802e+19 2.541325002695640269e+19 2.477342945936147661e+19 2.382684849499149107e+19 2.247597888115900826e+19 2.056754423925411021e+19 1.783555023249402675e+19 1.367100652234194739e+19
2.617121844164424909e+19 2.614339736170152346e+19 2.603977883687884800e+19 2.581371155016507802e+19 2.541325002695641907e+19 2.477342945936147251e+19 2.382684849499148698e+19 2.247597888115901235e+19 2.056754423925411021e+19 1.783555023249402880e+19 1.367100652234194739e+19
2.617121844164425318e+19 2.614339736170151936e+19 2.603977883687885210e+19 2.581371155016507802e+19 2.541325002695640678e+19 2.477342945936147251e+19 2.382684849499148698e+19 2.247597888115901645e+19 2.056754423925411430e+19 1.783555023249403290e+19 1.367100652234194125e+19
2.617121844164425728e+19 2.614339736170151936e+19 2.603977883687884800e+19 2.581371155016507802e+19 2.541325002695639040e+19 2.477342945936147661e+19 2.382684849499149107e+19 2.247597888115902054e+19 2.056754423925411430e+19 1.783555023249403494e+19 1.367100652234194125e+19
2.617121844164426138e+19 2.614339736170152346e+19 2.603977883687884390e+19 2.581371155016507802e+19 2.541325002695637811e+19 2.477342945936146842e+19 2.382684849499149517e+19 2.247597888115902054e+19 2.056754423925412659e+19 1.783555023249403494e+19 1.367100652234194534e+19
2.617121844164426547e+19 2.614339736170151936e+19 2.603977883687884390e+19 2.581371155016508211e+19 2.541325002695636992e+19 2.477342945936146022e+19 2.382684849499149107e+19 2.247597888115901235e+19 2.056754423925413478e+19 1.783555023249403494e+19 1.367100652234194330e+19
2.617121844164426138e+19 2.614339736170152346e+19 2.603977883687884800e+19 2.581371155016507802e+19 2.541325002695637402e+19 2.477342945936146432e+19 2.382684849499148698e+19 2.247597888115902054e+19 2.056754423925413069e+19 1.783555023249403699e+19 1.367100652234194739e+19
2.617121844164426547e+19 2.614339736170152346e+19 2.603977883687885210e+19 2.581371155016507392e+19 2.541325002695639450e+19 2.477342945936146022e+19 2.382684849499147878e+19 2.247597888115901645e+19 2.056754423925413069e+19 1.783555023249403699e+19 1.367100652234194330e+19
2.617121844164427776e+19 2.614339736170152755e+19 2.603977883687885619e+19 2.581371155016507802e+19 2.541325002695639040e+19 2.477342945936145203e+19 2.382684849499148288e+19 2.247597888115901645e+19 2.056754423925413069e+19 1.783555023249403494e+19 1.367100652234194125e+19
2.617121844164427776e+19 2.614339736170151936e+19 2.603977883687886029e+19 2.581371155016507802e+19 2.541325002695639859e+19 2.477342945936145613e+19 2.382684849499148288e+19 2.247597888115900416e+19 2.056754423925413069e+19 1.783555023249403699e+19 1.367100652234194125e+19
2.617121844164427366e+19 2.614339736170151936e+19 2.603977883687886438e+19 2.581371155016507802e+19 2.541325002695639450e+19 2.477342945936144794e+19 2.382684849499149107e+19 2.247597888115900416e+19 2.056754423925412250e+19 1.783555023249403699e+19 1.367100652234193920e+19
2.617121844164428595e+19 2.614339736170151936e+19 2.603977883687886848e+19 2.581371155016508621e+19 2.541325002695639040e+19 2.477342945936146022e+19 2.382684849499148288e+19 2.247597888115901235e+19 2.056754423925412250e+19 1.783555023249403699e+19 1.367100652234193920e+19
2.617121844164429414e+19 2.614339736170151526e+19 2.603977883687886848e+19 2.581371155016508621e+19 2.541325002695639859e+19 2.477342945936146432e+19 2.382684849499148698e+19 2.247597888115900416e+19 2.056754423925411840e+19 1.783555023249403904e+19 1.367100652234194125e+19
2.617121844164429414e+19 2.614339736170151117e+19 2.603977883687886848e+19 2.581371155016508211e+19 2.541325002695639859e+19 2.477342945936146022e+19 2.382684849499148698e+19 2.247597888115900416e+19 2.056754423925413478e+19 1.783555023249403904e+19 1.367100652234193715e+19
2.617121844164429824e+19 2.614339736170150707e+19 2.603977883687886438e+19 2.581371155016508621e+19 2.541325002695639859e+19 2.477342945936145613e+19 2.382684849499148288e+19 2.247597888115900416e+19 2.056754423925413888e+19 1.783555023249403494e+19 1.367100652234193715e+19
2.617121844164430234e+19 2.614339736170151526e+19 2.603977883687886848e+19 2.581371155016508621e+19 2.541325002695640269e+19 2.477342945936145203e+19 2.382684849499147469e+19 2.247597888115901645e+19 2.056754423925413888e+19 1.783555023249403699e+19 1.367100652234193101e+19
2.617121844164430643e+19 2.614339736170151526e+19 2.603977883687886848e+19 2.581371155016508621e+19 2.541325002695640269e+19 2.477342945936145613e+19 2.382684849499147059e+19 2.247597888115902464e+19 2.056754423925413069e+19 1.783555023249403699e+19 1.367100652234193101e+19
2.617121844164429824e+19 2.614339736170151526e+19 2.603977883687886438e+19 2.581371155016509030e+19 2.541325002695640269e+19 2.477342945936145613e+19 2.382684849499146650e+19 2.247597888115901645e+19 2.056754423925412659e+19 1.783555023249403699e+19 1.367100652234193101e+19
2.617121844164429414e+19 2.614339736170150707e+19 2.603977883687886438e+19 2.581371155016509030e+19 2.541325002695640269e+19 2.477342945936145613e+19 2.382684849499147059e+19 2.247597888115901645e+19 2.056754423925412659e+19 1.783555023249403494e+19 1.367100652234193715e+19
2.617121844164429824e+19 2.614339736170151117e+19 2.603977883687886029e+19 2.581371155016509030e+19 2.541325002695641498e+19 2.477342945936146022e+19 2.382684849499147469e+19 2.247597888115901235e+19 2.056754423925413478e+19 1.783555023249403699e+19 1.367100652234193306e+19
2.617121844164429824e+19 2.614339736170151526e+19 2.603977883687886438e+19 2.581371155016509030e+19 2.541325002695640269e+19 2.477342945936146432e+19 2.382684849499147469e+19 2.247597888115901235e+19 2.056754423925414298e+19 1.783555023249403085e+19 1.367100652234193306e+19
2.617121844164429824e+19 2.614339736170151526e+19 2.603977883687886438e+19 2.581371155016509030e+19 2.541325002695639859e+19 2.477342945936147661e+19 2.382684849499147878e+19 2.247597888115901235e+19 2.056754423925414298e+19 1.783555023249403699e+19 1.367100652234192896e+19
2.617121844164429824e+19 2.614339736170151936e+19 2.603977883687886438e+19 2.581371155016509030e+19 2.541325002695639859e+19 2.477342945936147251e+19 2.382684849499148288e+19 2.247597888115900826e+19 2.056754423925414707e+19 1.783555023249403699e+19 1.367100652234193306e+19
2.617121844164428595e+19 2.614339736170151526e+19 2.603977883687887258e+19 2.581371155016509030e+19 2.541325002695640269e+19 2.477342945936147661e+19 2.382684849499148698e+19 2.247597888115900826e+19 2.056754423925415117e+19 1.783555023249404109e+19 1.367100652234192691e+19
2.617121844164429005e+19 2.614339736170151526e+19 2.603977883687886848e+19 2.581371155016509030e+19 2.541325002695640678e+19 2.477342945936147251e+19 2.382684849499148288e+19 2.247597888115900826e+19 2.056754423925415936e+19 1.783555023249404518e+19 1.367100652234192691e+19
2.617121844164428595e+19 2.614339736170151936e+19 2.603977883687886848e+19 2.581371155016508211e+19 2.541325002695640269e+19 2.477342945936146432e+19 2.382684849499148698e+19 2.247597888115901645e+19 2.056754423925415526e+19 1.783555023249404723e+19 1.367100652234192282e+19
2.617121844164428595e+19 2.614339736170151936e+19 2.603977883687887258e+19 2.581371155016510259e+19 2.541325002695640678e+19 2.477342945936146432e+19 2.382684849499149107e+19 2.247597888115901645e+19 2.056754423925416346e+19 1.783555023249404928e+19 1.367100652234191872e+19
2.617121844164428595e+19 2.614339736170151526e+19 2.603977883687887258e+19 2.581371155016510259e+19 2.541325002695640678e+19 2.477342945936146432e+19 2.382684849499148698e+19 2.247597888115901235e+19 2.056754423925417165e+19 1.783555023249404518e+19 1.367100652234191258e+19
2.617121844164428595e+19 2.614339736170151117e+19 2.603977883687887258e+19 2.581371155016510259e+19 2.541325002695640269e+19 2.477342945936146842e+19 2.382684849499148698e+19 2.247597888115901645e+19 2.056754423925416755e+19 1.783555023249404928e+19 1.367100652234191462e+19
2.617121844164428186e+19 2.614339736170151526e+19 2.603977883687887258e+19 2.581371155016509440e+19 2.541325002695640269e+19 2.477342945936147251e+19 2.382684849499149517e+19 2.247597888115901235e+19 2.056754423925416346e+19 1.783555023249404928e+19 1.367100652234191872e+19
2.617121844164429005e+19 2.614339736170151526e+19 2.603977883687887258e+19 2.581371155016510259e+19 2.541325002695639040e+19 2.477342945936146842e+19 2.382684849499148288e+19 2.247597888115900826e+19 2.056754423925415936e+19 1.783555023249405338e+19 1.367100652234191667e+19
2.617121844164429005e+19 2.614339736170151526e+19 2.603977883687886848e+19 2.581371155016510259e+19 2.541325002695639450e+19 2.477342945936146842e+19 2.382684849499147469e+19 2.247597888115900416e+19 2.056754423925415526e+19 1.783555023249405338e+19 1.367100652234191258e+19
2.617121844164429005e+19 2.614339736170151117e+19 2.603977883687887667e+19 2.581371155016510669e+19 2.541325002695639040e+19 2.477342945936146022e+19 2.382684849499148288e+19 2.247597888115901235e+19 2.056754423925415526e+19 1.783555023249405952e+19 1.367100652234191462e+19
2.617121844164429005e+19 2.614339736170151117e+19 2.603977883687887667e+19 2.581371155016510669e+19 2.541325002695639859e+19 2.477342945936146432e+19 2.382684849499148698e+19 2.247597888115900416e+19 2.056754423925415526e+19 1.783555023249405133e+19 1.367100652234191462e+19
2.617121844164429824e+19 2.614339736170151117e+19 2.603977883687888077e+19 2.581371155016510669e+19 2.541325002695639859e+19 2.477342945936146432e+19 2.382684849499148288e+19 2.247597888115900826e+19 2.056754423925415526e+19 1.783555023249405542e+19 1.367100652234191667e+19
2.617121844164429824e+19 2.614339736170151117e+19 2.603977883687887667e+19 2.581371155016511078e+19 2.541325002695640269e+19 2.477342945936146022e+19 2.382684849499147469e+19 2.247597888115900416e+19 2.056754423925415936e+19 1.783555023249404928e+19 1.367100652234192077e+19
2.617121844164429824e+19 2.614339736170151117e+19 2.603977883687887258e+19 2.581371155016511078e+19 2.541325002695641088e+19 2.477342945936146842e+19 2.382684849499147469e+19 2.247597888115900006e+19 2.056754423925415936e+19 1.783555023249404928e+19 1.367100652234192077e+19
2.617121844164429414e+19 2.614339736170150707e+19 2.603977883687887258e+19 2.581371155016510669e+19 2.541325002695641088e+19 2.477342945936146432e+19 2.382684849499147878e+19 2.247597888115899187e+19 2.056754423925415526e+19 1.783555023249405133e+19 1.367100652234192282e+19
2.617121844164429824e+19 2.614339736170150298e+19 2.603977883687886848e+19 2.581371155016510259e+19 2.541325002695641088e+19 2.477342945936146432e+19 2.382684849499148288e+19 2.247597888115899597e+19 2.056754423925415526e+19 1.783555023249404928e+19 1.367100652234192282e+19
2.617121844164430643e+19 2.614339736170149888e+19 2.603977883687886848e+19 2.581371155016510669e+19 2.541325002695641088e+19 2.477342945936147251e+19 2.382684849499148698e+19 2.247597888115899187e+19 2.056754423925415936e+19 1.783555023249405338e+19 1.367100652234191667e+19
2.617121844164430643e+19 2.614339736170149478e+19 2.603977883687887258e+19 2.581371155016511078e+19 2.541325002695640678e+19 2.477342945936146842e+19 2.382684849499148288e+19 2.247597888115900006e+19 2.056754423925415936e+19 1.783555023249405338e+19 1.367100652234191462e+19
2.617121844164430234e+19 2.614339736170150298e+19 2.603977883687886848e+19 2.581371155016511488e+19 2.541325002695641498e+19 2.477342945936147661e+19 2.382684849499148698e+19 2.247597888115900416e+19 2.056754423925416346e+19 1.783555023249405133e+19 1.367100652234191872e+19
2.617121844164429824e+19 2.614339736170149888e+19 2.603977883687886848e+19 2.581371155016512307e+19 2.541325002695641907e+19 2.477342945936147661e+19 2.382684849499148698e+19 2.247597888115899597e+19 2.056754423925415936e+19 1.783555023249405133e+19 1.367100652234192077e+19
2.617121844164429824e+19 2.614339736170150298e+19 2.603977883687887258e+19 2.581371155016512717e+19 2.541325002695641498e+19 2.477342945936147661e+19 2.382684849499149517e+19 2.247597888115900006e+19 2.056754423925415936e+19 1.783555023249404928e+19 1.367100652234191872e+19
2.617121844164429824e+19 2.614339736170150298e+19 2.603977883687887258e+19 2.581371155016513536e+19 2.541325002695641088e+19 2.477342945936147251e+19 2.382684849499149107e+19 2.247597888115900006e+19 2.056754423925415936e+19 1.783555023249404723e+19 1.367100652234191462e+19
2.617121844164429824e+19 2.614339736170150298e+19 2.603977883687887667e+19 2.581371155016513536e+19 2.541325002695640678e+19 2.477342945936147661e+19 2.382684849499148698e+19 2.247597888115900006e+19 2.056754423925416755e+19 1.783555023249404314e+19 1.367100652234191258e+19
2.617121844164429824e+19 2.614339736170150707e+19 2.603977883687887258e+19 2.581371155016513946e+19 2.541325002695641088e+19 2.477342945936147661e+19 2.382684849499147878e+19 2.247597888115900006e+19 2.056754423925417165e+19 1.783555023249404314e+19 1.367100652234191872e+19
2.617121844164429005e+19 2.614339736170150298e+19 2.603977883687887258e+19 2.581371155016513536e+19 2.541325002695641088e+19 2.477342945936148070e+19 2.382684849499147469e+19 2.247597888115899597e+19 2.056754423925417574e+19 1.783555023249404109e+19 1.367100652234191667e+19
2.617121844164429414e+19 2.614339736170151117e+19 2.603977883687887667e+19 2.581371155016513536e+19 2.541325002695641088e+19 2.477342945936147251e+19 2.382684849499147878e+19 2.247597888115899597e+19 2.056754423925417574e+19 1.783555023249404109e+19 1.367100652234191258e+19
2.617121844164429005e+19 2.614339736170149888e+19 2.603977883687887667e+19 2.581371155016513126e+19 2.541325002695641498e+19 2.477342945936147251e+19 2.382684849499148288e+19 2.247597888115900416e+19 2.056754423925417574e+19 1.783555023249404314e+19 1.367100652234191462e+19
2.617121844164430234e+19 2.614339736170150298e+19 2.603977883687887258e+19 2.581371155016513126e+19 2.541325002695641498e+19 2.477342945936147251e+19 2.382684849499148698e+19 2.247597888115900416e+19 2.056754423925417574e+19 1.783555023249404723e+19 1.367100652234191462e+19
2.617121844164430643e+19 2.614339736170150298e+19 2.603977883687887258e+19 2.581371155016513126e+19 2.541325002695641088e+19 2.477342945936146842e+19 2.382684849499149926e+19 2.247597888115900416e+19 2.056754423925416755e+19 1.783555023249404518e+19 1.367100652234191872e+19
2.617121844164429414e+19 2.614339736170150707e+19 2.603977883687887667e+19 2.581371155016512307e+19 2.541325002695641498e+19 2.477342945936147251e+19 2.382684849499149517e+19 2.247597888115900826e+19 2.056754423925415936e+19 1.783555023249404518e+19 1.367100652234191872e+19
2.617121844164430234e+19 2.614339736170151117e+19 2.603977883687887258e+19 2.581371155016512307e+19 2.541325002695640678e+19 2.477342945936147251e+19 2.382684849499148698e+19 2.247597888115901235e+19 2.056754423925415526e+19 1.783555023249404314e+19 1.367100652234192077e+19
2.617121844164431053e+19 2.614339736170151117e+19 2.603977883687887667e+19 2.581371155016512717e+19 2.541325002695639859e+19 2.477342945936147661e+19 2.382684849499148288e+19 2.247597888115901645e+19 2.056754423925414298e+19 1.783555023249404314e+19 1.367100652234192077e+19
2.617121844164431872e+19 2.614339736170151526e+19 2.603977883687887258e+19 2.581371155016512307e+19 2.541325002695639450e+19 2.477342945936148070e+19 2.382684849499149517e+19 2.247597888115901645e+19 2.056754423925414298e+19 1.783555023249404518e+19 1.367100652234191667e+19
2.617121844164431872e+19 2.614339736170151936e+19 2.603977883687887258e+19 2.581371155016512717e+19 2.541325002695639450e+19 2.477342945936148070e+19 2.382684849499149517e+19 2.247597888115902054e+19 2.056754423925413888e+19 1.783555023249404109e+19 1.367100652234191462e+19
2.617121844164432691e+19 2.614339736170151936e+19 2.603977883687887258e+19 2.581371155016511488e+19 2.541325002695639450e+19 2.477342945936148480e+19 2.382684849499149107e+19 2.247597888115902464e+19 2.056754423925413478e+19 1.783555023249404109e+19 1.367100652234191462e+19
2.617121844164432691e+19 2.614339736170151526e+19 2.603977883687886438e+19 2.581371155016511488e+19 2.541325002695639040e+19 2.477342945936147251e+19 2.382684849499149926e+19 2.247597888115902464e+19 2.056754423925412659e+19 1.783555023249403494e+19 1.367100652234191462e+19
2.617121844164432282e+19 2.614339736170151936e+19 2.603977883687886438e+19 2.581371155016510669e+19 2.541325002695638630e+19 2.477342945936145613e+19 2.382684849499149517e+19 2.247597888115902464e+19 2.056754423925412250e+19 1.783555023249403494e+19 1.367100652234191258e+19
2.617121844164432691e+19 2.614339736170151936e+19 2.603977883687886848e+19 2.581371155016511078e+19 2.541325002695638630e+19 2.477342945936145613e+19 2.382684849499150336e+19 2.247597888115902874e+19 2.056754423925411840e+19 1.783555023249403699e+19 1.367100652234191258e+19
2.617121844164432691e+19 2.614339736170151117e+19 2.603977883687887258e+19 2.581371155016510669e+19 2.541325002695638630e+19 2.477342945936146022e+19 2.382684849499151155e+19 2.247597888115903693e+19 2.056754423925411430e+19 1.783555023249403290e+19 1.367100652234191258e+19
2.617121844164433101e+19 2.614339736170151526e+19 2.603977883687887258e+19 2.581371155016511078e+19 2.541325002695639040e+19 2.477342945936146432e+19 2.382684849499151155e+19 2.247597888115904102e+19 2.056754423925411840e+19 1.783555023249403494e+19 1.367100652234190848e+19
2.617121844164433101e+19 2.614339736170151936e+19 2.603977883687886848e+19 2.581371155016511078e+19 2.541325002695638630e+19 2.477342945936146432e+19 2.382684849499151155e+19 2.247597888115904102e+19 2.056754423925411840e+19 1.783555023249403699e+19 1.367100652234191258e+19
2.617121844164433101e+19 2.614339736170151526e+19 2.603977883687886848e+19 2.581371155016511488e+19 2.541325002695638630e+19 2.477342945936146842e+19 2.382684849499151155e+19 2.247597888115904102e+19 2.056754423925411021e+19 1.783555023249403699e+19 1.367100652234191053e+19
2.617121844164433101e+19 2.614339736170151936e+19 2.603977883687886848e+19 2.581371155016511898e+19 2.541325002695638221e+19 2.477342945936147251e+19 2.382684849499151565e+19 2.247597888115905741e+19 2.056754423925411430e+19 1.783555023249404109e+19 1.367100652234191053e+19
2.617121844164433101e+19 2.614339736170151936e+19 2.603977883687886848e+19 2.581371155016511898e+19 2.541325002695638221e+19 2.477342945936147251e+19 2.382684849499150336e+19 2.247597888115906150e+19 2.056754423925411021e+19 1.783555023249403699e+19 1.367100652234191258e+19
2.617121844164433101e+19 2.614339736170152346e+19 2.603977883687886029e+19 2.581371155016511898e+19 2.541325002695639040e+19 2.477342945936146432e+19 2.382684849499150746e+19 2.247597888115905331e+19 2.056754423925411021e+19 1.783555023249403904e+19 1.367100652234191667e+19
2.617121844164433101e+19 2.614339736170152346e+19 2.603977883687886438e+19 2.581371155016511898e+19 2.541325002695639040e+19 2.477342945936146022e+19 2.382684849499151155e+19 2.247597888115905331e+19 2.056754423925411430e+19 1.783555023249403904e+19 1.367100652234191667e+19
2.617121844164433101e+19 2.614339736170152755e+19 2.603977883687886438e+19 2.581371155016512307e+19 2.541325002695639859e+19 2.477342945936146432e+19 2.382684849499151565e+19 2.247597888115905331e+19 2.056754423925411840e+19 1.783555023249403290e+19 1.367100652234191872e+19
2.617121844164433101e+19 2.614339736170152755e+19 2.603977883687886029e+19 2.581371155016512307e+19 2.541325002695639859e+19 2.477342945936146842e+19 2.382684849499151155e+19 2.247597888115904512e+19 2.056754423925412250e+19 1.783555023249403290e+19 1.367100652234191872e+19
2.617121844164433101e+19 2.614339736170152346e+19 2.603977883687886029e+19 2.581371155016512717e+19 2.541325002695639450e+19 2.477342945936146842e+19 2.382684849499151565e+19 2.247597888115904512e+19 2.056754423925412659e+19 1.783555023249403290e+19 1.367100652234191872e+19
2.617121844164433101e+19 2.614339736170151936e+19 2.603977883687886029e+19 2.581371155016513126e+19 2.541325002695640678e+19 2.477342945936148070e+19 2.382684849499150746e+19 2.247597888115904512e+19 2.056754423925413069e+19 1.783555023249404109e+19 1.367100652234191667e+19
2.617121844164433101e+19 2.614339736170151936e+19 2.603977883687886029e+19 2.581371155016513126e+19 2.541325002695637811e+19 2.477342945936148480e+19 2.382684849499151155e+19 2.247597888115903693e+19 2.056754423925411430e+19 1.783555023249403904e+19 1.367100652234191258e+19
2.617121844164433101e+19 2.614339736170151936e+19 2.603977883687886029e+19 2.581371155016513126e+19 2.541325002695634534e+19 2.477342945936148070e+19 2.382684849499151155e+19 2.247597888115903283e+19 2.056754423925411430e+19 1.783555023249403290e+19 1.367100652234191462e+19
2.617121844164432282e+19 2.614339736170152346e+19 2.603977883687886029e+19 2.581371155016513536e+19 2.541325002695635763e+19 2.477342945936148890e+19 2.382684849499151565e+19 2.247597888115903283e+19 2.056754423925409792e+19 1.783555023249403699e+19 1.367100652234191258e+19
2.617121844164432691e+19 2.614339736170151936e+19 2.603977883687885619e+19 2.581371155016513126e+19 2.541325002695636173e+19 2.477342945936148890e+19 2.382684849499150336e+19 2.247597888115903283e+19 2.056754423925410202e+19 1.783555023249403699e+19 1.367100652234191258e+19
2.617121844164432691e+19 2.614339736170151936e+19 2.603977883687886029e+19 2.581371155016513126e+19 2.541325002695635354e+19 2.477342945936150528e+19 2.382684849499150746e+19 2.247597888115903693e+19 2.056754423925410611e+19 1.783555023249404314e+19 1.367100652234190848e+19
2.617121844164431872e+19 2.614339736170151936e+19 2.603977883687886029e+19 2.581371155016512717e+19 2.541325002695634534e+19 2.477342945936151347e+19 2.382684849499149926e+19 2.247597888115903693e+19 2.056754423925411021e+19 1.783555023249404109e+19 1.367100652234191258e+19
2.617121844164431872e+19 2.614339736170151526e+19 2.603977883687885619e+19 2.581371155016513126e+19 2.541325002695634944e+19 2.477342945936150938e+19 2.382684849499150746e+19 2.247597888115903693e+19 2.056754423925410202e+19 1.783555023249404109e+19 1.367100652234191258e+19
2.617121844164432282e+19 2.614339736170151936e+19 2.603977883687885619e+19 2.581371155016513126e+19 2.541325002695634944e+19 2.477342945936150938e+19 2.382684849499149926e+19 2.247597888115904512e+19 2.056754423925410202e+19 1.783555023249403494e+19 1.367100652234191258e+19
2.617121844164432282e+19 2.614339736170152346e+19 2.603977883687886029e+19 2.581371155016512717e+19 2.541325002695635354e+19 2.477342945936150528e+19 2.382684849499149517e+19 2.247597888115904102e+19 2.056754423925410202e+19 1.783555023249403085e+19 1.367100652234191258e+19
2.617121844164432282e+19 2.614339736170152346e+19 2.603977883687885619e+19 2.581371155016512717e+19 2.541325002695635354e+19 2.477342945936150118e+19 2.382684849499150336e+19 2.247597888115904512e+19 2.056754423925410611e+19 1.783555023249403290e+19 1.367100652234191462e+19
2.617121844164432282e+19 2.614339736170151936e+19 2.603977883687885619e+19 2.581371155016512717e+19 2.541325002695635354e+19 2.477342945936150118e+19 2.382684849499151155e+19 2.247597888115904922e+19 2.056754423925411021e+19 1.783555023249402880e+19 1.367100652234191667e+19
2.617121844164432282e+19 2.614339736170151936e+19 2.603977883687885619e+19 2.581371155016512717e+19 2.541325002695636173e+19 2.477342945936149709e+19 2.382684849499151155e+19 2.247597888115904922e+19 2.056754423925412250e+19 1.783555023249402675e+19 1.367100652234191667e+19
2.617121844164432282e+19 2.614339736170151936e+19 2.603977883687886029e+19 2.581371155016512717e+19 2.541325002695636173e+19 2.477342945936150118e+19 2.382684849499151974e+19 2.247597888115904102e+19 2.056754423925411430e+19 1.783555023249402880e+19 1.367100652234192077e+19
2.617121844164431053e+19 2.614339736170152346e+19 2.603977883687886029e+19 2.581371155016512717e+19 2.541325002695636173e+19 2.477342945936150528e+19 2.382684849499151565e+19 2.247597888115904512e+19 2.056754423925411021e+19 1.783555023249402675e+19 1.367100652234191872e+19
2.617121844164431872e+19 2.614339736170151526e+19 2.603977883687886029e+19 2.581371155016512717e+19 2.541325002695636582e+19 2.477342945936150118e+19 2.382684849499151565e+19 2.247597888115904512e+19 2.056754423925411840e+19 1.783555023249402880e+19 1.367100652234191667e+19
2.617121844164432282e+19 2.614339736170151936e+19 2.603977883687886029e+19 2.581371155016512717e+19 2.541325002695636582e+19 2.477342945936150118e+19 2.382684849499151565e+19 2.247597888115904512e+19 2.056754423925412250e+19 1.783555023249402880e+19 1.367100652234191667e+19
2.617121844164432691e+19 2.614339736170152346e+19 2.603977883687886029e+19 2.581371155016512717e+19 2.541325002695636582e+19 2.477342945936150528e+19 2.382684849499151565e+19 2.247597888115904512e+19 2.056754423925412250e+19 1.783555023249403085e+19 1.367100652234191667e+19
2.617121844164433101e+19 2.614339736170151936e+19 2.603977883687886029e+19 2.581371155016512307e+19 2.541325002695635763e+19 2.477342945936150938e+19 2.382684849499151974e+19 2.247597888115904922e+19 2.056754423925411840e+19 1.783555023249403085e+19 1.367100652234191667e+19
2.617121844164432691e+19 2.614339736170151526e+19 2.603977883687886029e+19 2.581371155016513126e+19 2.541325002695636173e+19 2.477342945936150938e+19 2.382684849499152794e+19 2.247597888115904512e+19 2.056754423925411840e+19 1.783555023249403290e+19 1.367100652234191872e+19
2.617121844164433510e+19 2.614339736170151526e+19 2.603977883687886029e+19 2.581371155016512717e+19 2.541325002695636582e+19 2.477342945936151757e+19 2.382684849499152794e+19 2.247597888115904922e+19 2.056754423925411840e+19 1.783555023249404109e+19 1.367100652234191462e+19
2.617121844164433510e+19 2.614339736170152346e+19 2.603977883687885619e+19 2.581371155016513126e+19 2.541325002695636582e+19 2.477342945936150528e+19 2.382684849499152794e+19 2.247597888115904512e+19 2.056754423925411840e+19 1.783555023249403904e+19 1.367100652234191462e+19
2.617121844164433510e+19 2.614339736170151526e+19 2.603977883687886029e+19 2.581371155016513126e+19 2.541325002695636992e+19 2.477342945936150528e+19 2.382684849499151974e+19 2.247597888115903693e+19 2.056754423925411021e+19 1.783555023249403904e+19 1.367100652234191258e+19
2.617121844164433101e+19 2.614339736170151936e+19 2.603977883687886029e+19 2.581371155016513536e+19 2.541325002695636992e+19 2.477342945936150118e+19 2.382684849499152794e+19 2.247597888115903693e+19 2.056754423925411021e+19 1.783555023249403699e+19 1.367100652234191258e+19
2.617121844164433101e+19 2.614339736170153165e+19 2.603977883687886029e+19 2.581371155016513126e+19 2.541325002695636992e+19 2.477342945936149709e+19 2.382684849499152794e+19 2.247597888115903283e+19 2.056754423925410202e+19 1.783555023249403494e+19 1.367100652234190848e+19
2.617121844164434330e+19 2.614339736170152755e+19 2.603977883687886029e+19 2.581371155016513536e+19 2.541325002695636992e+19 2.477342945936149709e+19 2.382684849499154022e+19 2.247597888115903693e+19 2.056754423925410611e+19 1.783555023249403699e+19 1.367100652234190848e+19
2.617121844164433510e+19 2.614339736170152346e+19 2.603977883687886029e+19 2.581371155016513536e+19 2.541325002695637402e+19 2.477342945936149299e+19 2.382684849499154022e+19 2.247597888115904512e+19 2.056754423925410202e+19 1.783555023249403290e+19 1.367100652234191258e+19
2.617121844164433510e+19 2.614339736170152346e+19 2.603977883687886029e+19 2.581371155016513536e+19 2.541325002695636992e+19 2.477342945936148070e+19 2.382684849499154022e+19 2.247597888115904102e+19 2.056754423925410202e+19 1.783555023249403085e+19 1.367100652234191258e+19
2.617121844164433920e+19 2.614339736170151936e+19 2.603977883687886029e+19 2.581371155016513536e+19 2.541325002695636582e+19 2.477342945936148070e+19 2.382684849499154022e+19 2.247597888115903283e+19 2.056754423925410202e+19 1.783555023249403085e+19 1.367100652234191053e+19
2.617121844164433510e+19 2.614339736170151526e+19 2.603977883687886029e+19 2.581371155016513536e+19 2.541325002695636582e+19 2.477342945936148890e+19 2.382684849499155251e+19 2.247597888115903693e+19 2.056754423925410202e+19 1.783555023249403085e+19 1.367100652234191053e+19
2.617121844164433920e+19 2.614339736170151936e+19 2.603977883687886029e+19 2.581371155016513536e+19 2.541325002695636992e+19 2.477342945936148480e+19 2.382684849499154022e+19 2.247597888115903283e+19 2.056754423925410611e+19 1.783555023249402880e+19 1.367100652234191053e+19
2.617121844164434330e+19 2.614339736170151936e+19 2.603977883687886438e+19 2.581371155016513536e+19 2.541325002695636992e+19 2.477342945936148070e+19 2.382684849499154022e+19 2.247597888115903693e+19 2.056754423925411021e+19 1.783555023249402675e+19 1.367100652234191053e+19
2.617121844164434330e+19 2.614339736170151526e+19 2.603977883687886438e+19 2.581371155016513536e+19 2.541325002695636992e+19 2.477342945936148480e+19 2.382684849499154022e+19 2.247597888115902874e+19 2.056754423925411021e+19 1.783555023249402675e+19 1.367100652234191053e+19
2.617121844164434739e+19 2.614339736170151936e+19 2.603977883687886029e+19 2.581371155016513536e+19 2.541325002695636992e+19 2.477342945936149299e+19 2.382684849499154022e+19 2.247597888115902874e+19 2.056754423925410611e+19 1.783555023249402061e+19 1.367100652234191258e+19
2.617121844164434739e+19 2.614339736170152346e+19 2.603977883687886029e+19 2.581371155016513536e+19 2.541325002695636992e+19 2.477342945936148890e+19 2.382684849499154022e+19 2.247597888115902874e+19 2.056754423925410611e+19 1.783555023249401856e+19 1.367100652234191258e+19
2.617121844164434739e+19 2.614339736170151936e+19 2.603977883687886029e+19 2.581371155016513946e+19 2.541325002695636992e+19 2.477342945936149299e+19 2.382684849499154432e+19 2.247597888115902874e+19 2.056754423925411021e+19 1.783555023249401446e+19 1.367100652234191053e+19
2.617121844164434739e+19 2.614339736170151936e+19 2.603977883687886029e+19 2.581371155016513946e+19 2.541325002695636992e+19 2.477342945936148890e+19 2.382684849499154432e+19 2.247597888115903283e+19 2.056754423925410611e+19 1.783555023249401037e+19 1.367100652234190848e+19
2.617121844164435149e+19 2.614339736170152346e+19 2.603977883687886029e+19 2.581371155016513536e+19 2.541325002695636992e+19 2.477342945936148070e+19 2.382684849499154022e+19 2.247597888115903693e+19 2.056754423925411021e+19 1.783555023249400627e+19 1.367100652234190643e+19
2.617121844164435149e+19 2.614339736170152346e+19 2.603977883687886029e+19 2.581371155016513536e+19 2.541325002695636582e+19 2.477342945936148480e+19 2.382684849499153203e+19 2.247597888115903283e+19 2.056754423925411430e+19 1.783555023249400218e+19 1.367100652234190643e+19
2.617121844164435149e+19 2.614339736170152755e+19 2.603977883687885619e+19 2.581371155016513946e+19 2.541325002695636992e+19 2.477342945936148070e+19 2.382684849499153203e+19 2.247597888115903693e+19 2.056754423925411021e+19 1.783555023249400013e+19 1.367100652234191053e+19
2.617121844164434330e+19 2.614339736170152755e+19 2.603977883687885619e+19 2.581371155016513946e+19 2.541325002695636992e+19 2.477342945936148070e+19 2.382684849499154432e+19 2.247597888115904102e+19 2.056754423925411021e+19 1.783555023249399808e+19 1.367100652234191053e+19
2.617121844164433920e+19 2.614339736170151936e+19 2.603977883687885619e+19 2.581371155016513946e+19 2.541325002695636582e+19 2.477342945936147661e+19 2.382684849499154022e+19 2.247597888115904512e+19 2.056754423925410611e+19 1.783555023249399808e+19 1.367100652234191462e+19
2.617121844164434330e+19 2.614339736170152755e+19 2.603977883687885210e+19 2.581371155016514355e+19 2.541325002695636992e+19 2.477342945936148480e+19 2.382684849499154432e+19 2.247597888115904512e+19 2.056754423925410611e+19 1.783555023249399808e+19 1.367100652234191462e+19
2.617121844164434739e+19 2.614339736170152346e+19 2.603977883687884800e+19 2.581371155016513536e+19 2.541325002695636992e+19 2.477342945936147661e+19 2.382684849499154022e+19 2.247597888115904512e+19 2.056754423925411021e+19 1.783555023249399603e+19 1.367100652234191462e+19
2.617121844164434739e+19 2.614339736170151526e+19 2.603977883687885210e+19 2.581371155016513946e+19 2.541325002695636582e+19 2.477342945936147661e+19 2.382684849499153613e+19 2.247597888115903283e+19 2.056754423925411021e+19 1.783555023249399603e+19 1.367100652234191872e+19
2.617121844164435149e+19 2.614339736170151936e+19 2.603977883687885210e+19 2.581371155016513536e+19 2.541325002695636582e+19 2.477342945936147251e+19 2.382684849499154842e+19 2.247597888115902874e+19 2.056754423925411021e+19 1.783555023249399603e+19 1.367100652234192077e+19
2.617121844164435149e+19 2.614339736170151117e+19 2.603977883687884800e+19 2.581371155016514355e+19 2.541325002695636992e+19 2.477342945936147251e+19 2.382684849499154022e+19 2.247597888115902874e+19 2.056754423925411021e+19 1.783555023249399603e+19 1.367100652234192077e+19
2.617121844164435968e+19 2.614339736170151526e+19 2.603977883687885210e+19 2.581371155016513946e+19 2.541325002695637402e+19 2.477342945936148480e+19 2.382684849499154022e+19 2.247597888115903693e+19 2.056754423925411021e+19 1.783555023249399808e+19 1.367100652234192486e+19
2.617121844164436378e+19 2.614339736170151526e+19 2.603977883687885619e+19 2.581371155016514355e+19 2.541325002695636582e+19 2.477342945936148480e+19 2.382684849499154022e+19 2.247597888115903693e+19 2.056754423925411430e+19 1.783555023249399808e+19 1.367100652234192282e+19
2.617121844164436378e+19 2.614339736170151936e+19 2.603977883687885619e+19 2.581371155016513536e+19 2.541325002695636582e+19 2.477342945936148070e+19 2.382684849499153613e+19 2.247597888115904102e+19 2.056754423925411430e+19 1.783555023249399398e+19 1.367100652234192691e+19
2.617121844164437197e+19 2.614339736170151526e+19 2.603977883687885619e+19 2.581371155016514355e+19 2.541325002695636582e+19 2.477342945936147661e+19 2.382684849499154022e+19 2.247597888115904102e+19 2.056754423925411021e+19 1.783555023249399398e+19 1.367100652234192691e+19
2.617121844164437197e+19 2.614339736170151936e+19 2.603977883687885210e+19 2.581371155016513946e+19 2.541325002695636992e+19 2.477342945936146842e+19 2.382684849499152794e+19 2.247597888115904102e+19 2.056754423925411021e+19 1.783555023249399398e+19 1.367100652234192691e+19
2.617121844164437197e+19 2.614339736170151117e+19 2.603977883687885210e+19 2.581371155016513946e+19 2.541325002695637402e+19 2.477342945936147251e+19 2.382684849499153203e+19 2.247597888115903693e+19 2.056754423925411021e+19 1.783555023249398989e+19 1.367100652234192896e+19
2.617121844164438016e+19 2.614339736170151526e+19 2.603977883687885210e+19 2.581371155016514765e+19 2.541325002695637402e+19 2.477342945936147251e+19 2.382684849499152794e+19 2.247597888115904102e+19 2.056754423925411021e+19 1.783555023249398784e+19 1.367100652234192896e+19
2.617121844164437606e+19 2.614339736170151936e+19 2.603977883687885210e+19 2.581371155016514355e+19 2.541325002695637402e+19 2.477342945936147251e+19 2.382684849499152794e+19 2.247597888115903693e+19 2.056754423925411021e+19 1.783555023249398784e+19 1.367100652234193101e+19
2.617121844164437197e+19 2.614339736170151117e+19 2.603977883687885210e+19 2.581371155016514355e+19 2.541325002695636582e+19 2.477342945936147251e+19 2.382684849499152384e+19 2.247597888115904102e+19 2.056754423925411021e+19 1.783555023249398989e+19 1.367100652234193306e+19
2.617121844164435968e+19 2.614339736170151526e+19 2.603977883687885210e+19 2.581371155016514765e+19 2.541325002695635763e+19 2.477342945936146842e+19 2.382684849499152384e+19 2.247597888115904102e+19 2.056754423925410202e+19 1.783555023249399398e+19 1.367100652234193510e+19
2.617121844164435558e+19 2.614339736170151117e+19 2.603977883687885210e+19 2.581371155016515174e+19 2.541325002695636173e+19 2.477342945936146432e+19 2.382684849499151974e+19 2.247597888115904512e+19 2.056754423925410202e+19 1.783555023249399398e+19 1.367100652234193306e+19
2.617121844164435558e+19 2.614339736170151117e+19 2.603977883687884800e+19 2.581371155016513946e+19 2.541325002695636582e+19 2.477342945936145613e+19 2.382684849499151565e+19 2.247597888115904102e+19 2.056754423925410202e+19 1.783555023249398989e+19 1.367100652234193306e+19
2.617121844164435968e+19 2.614339736170151117e+19 2.603977883687884800e+19 2.581371155016513946e+19 2.541325002695636992e+19 2.477342945936145613e+19 2.382684849499151155e+19 2.247597888115904512e+19 2.056754423925410611e+19 1.783555023249398784e+19 1.367100652234193101e+19
2.617121844164435149e+19 2.614339736170150707e+19 2.603977883687885210e+19 2.581371155016513946e+19 2.541325002695636992e+19 2.477342945936145613e+19 2.382684849499151565e+19 2.247597888115904922e+19 2.056754423925410202e+19 1.783555023249398989e+19 1.367100652234193101e+19
2.617121844164435149e+19 2.614339736170151117e+19 2.603977883687884800e+19 2.581371155016514355e+19 2.541325002695636582e+19 2.477342945936145203e+19 2.382684849499151565e+19 2.247597888115905331e+19 2.056754423925410202e+19 1.783555023249398784e+19 1.367100652234193101e+19
2.617121844164435558e+19 2.614339736170151526e+19 2.603977883687885210e+19 2.581371155016515584e+19 2.541325002695635763e+19 2.477342945936145203e+19 2.382684849499151974e+19 2.247597888115905331e+19 2.056754423925410202e+19 1.783555023249398784e+19 1.367100652234192486e+19
2.617121844164435149e+19 2.614339736170150707e+19 2.603977883687885210e+19 2.581371155016516813e+19 2.541325002695635354e+19 2.477342945936145613e+19 2.382684849499152384e+19 2.247597888115905331e+19 2.056754423925410202e+19 1.783555023249398579e+19 1.367100652234192691e+19
2.617121844164435558e+19 2.614339736170151526e+19 2.603977883687885619e+19 2.581371155016517222e+19 2.541325002695636582e+19 2.477342945936145613e+19 2.382684849499153203e+19 2.247597888115904922e+19 2.056754423925410202e+19 1.783555023249398989e+19 1.367100652234192691e+19
2.617121844164436378e+19 2.614339736170151526e+19 2.603977883687885210e+19 2.581371155016518042e+19 2.541325002695635763e+19 2.477342945936145203e+19 2.382684849499153203e+19 2.247597888115904512e+19 2.056754423925409792e+19 1.783555023249398989e+19 1.367100652234192691e+19
2.617121844164436787e+19 2.614339736170150707e+19 2.603977883687885210e+19 2.581371155016517632e+19 2.541325002695636173e+19 2.477342945936145203e+19 2.382684849499154022e+19 2.247597888115904512e+19 2.056754423925409382e+19 1.783555023249398579e+19 1.367100652234192486e+19
2.617121844164436378e+19 2.614339736170151526e+19 2.603977883687885210e+19 2.581371155016517632e+19 2.541325002695636582e+19 2.477342945936143974e+19 2.382684849499155251e+19 2.247597888115904512e+19 2.056754423925410202e+19 1.783555023249398579e+19 1.367100652234192282e+19
2.617121844164436787e+19 2.614339736170150707e+19 2.603977883687884800e+19 2.581371155016518451e+19 2.541325002695636992e+19 2.477342945936145613e+19 2.382684849499155661e+19 2.247597888115904922e+19 2.056754423925410202e+19 1.783555023249398989e+19 1.367100652234192077e+19
2.617121844164436378e+19 2.614339736170151526e+19 2.603977883687884390e+19 2.581371155016519680e+19 2.541325002695636582e+19 2.477342945936146022e+19 2.382684849499155251e+19 2.247597888115904512e+19 2.056754423925410202e+19 1.783555023249398784e+19 1.367100652234192077e+19
2.617121844164435968e+19 2.614339736170151526e+19 2.603977883687884800e+19 2.581371155016520499e+19 2.541325002695636992e+19 2.477342945936145613e+19 2.382684849499155251e+19 2.247597888115904102e+19 2.056754423925409792e+19 1.783555023249398579e+19 1.367100652234192486e+19
2.617121844164435149e+19 2.614339736170151526e+19 2.603977883687884800e+19 2.581371155016521318e+19 2.541325002695636992e+19 2.477342945936146022e+19 2.382684849499155251e+19 2.247597888115904512e+19 2.056754423925410202e+19 1.783555023249398989e+19 1.367100652234192282e+19
2.617121844164435558e+19 2.614339736170151936e+19 2.603977883687885210e+19 2.581371155016521318e+19 2.541325002695636992e+19 2.477342945936146022e+19 2.382684849499154842e+19 2.247597888115904512e+19 2.056754423925410611e+19 1.783555023249399808e+19 1.367100652234191667e+19
2.617121844164435968e+19 2.614339736170150707e+19 2.603977883687884390e+19 2.581371155016521318e+19 2.541325002695636582e+19 2.477342945936147251e+19 2.382684849499155251e+19 2.247597888115904922e+19 2.056754423925411021e+19 1.783555023249400422e+19 1.367100652234191258e+19
2.617121844164436787e+19 2.614339736170151117e+19 2.603977883687884800e+19 2.581371155016520499e+19 2.541325002695636582e+19 2.477342945936148070e+19 2.382684849499154842e+19 2.247597888115904922e+19 2.056754423925410611e+19 1.783555023249400422e+19 1.367100652234191258e+19
2.617121844164436787e+19 2.614339736170151117e+19 2.603977883687884800e+19 2.581371155016520499e+19 2.541325002695636582e+19 2.477342945936148070e+19 2.382684849499153613e+19 2.247597888115904512e+19 2.056754423925410611e+19 1.783555023249400627e+19 1.367100652234191258e+19
2.617121844164436787e+19 2.614339736170150707e+19 2.603977883687885210e+19 2.581371155016521318e+19 2.541325002695636582e+19 2.477342945936148070e+19 2.382684849499154432e+19 2.247597888115904512e+19 2.056754423925410202e+19 1.783555023249400627e+19 1.367100652234190848e+19
2.617121844164435968e+19 2.614339736170151526e+19 2.603977883687885210e+19 2.581371155016521318e+19 2.541325002695636992e+19 2.477342945936148070e+19 2.382684849499154432e+19 2.247597888115904512e+19 2.056754423925409792e+19 1.783555023249400627e+19 1.367100652234191053e+19
2.617121844164435968e+19 2.614339736170151526e+19 2.603977883687885210e+19 2.581371155016520499e+19 2.541325002695636173e+19 2.477342945936148070e+19 2.382684849499154022e+19 2.247597888115903693e+19 2.056754423925409382e+19 1.783555023249400422e+19 1.367100652234190643e+19
2.617121844164436378e+19 2.614339736170151936e+19 2.603977883687885619e+19 2.581371155016521318e+19 2.541325002695636582e+19 2.477342945936148480e+19 2.382684849499153613e+19 2.247597888115904102e+19 2.056754423925409382e+19 1.783555023249400422e+19 1.367100652234190234e+19
2.617121844164435558e+19 2.614339736170151526e+19 2.603977883687885210e+19 2.581371155016521728e+19 2.541325002695635763e+19 2.477342945936148070e+19 2.382684849499153613e+19 2.247597888115904512e+19 2.056754423925409382e+19 1.783555023249400832e+19 1.367100652234190234e+19
2.617121844164435968e+19 2.614339736170151936e+19 2.603977883687885619e+19 2.581371155016520909e+19 2.541325002695635763e+19 2.477342945936148070e+19 2.382684849499153203e+19 2.247597888115904512e+19 2.056754423925409792e+19 1.783555023249400832e+19 1.367100652234190234e+19
2.617121844164436787e+19 2.614339736170152346e+19 2.603977883687885619e+19 2.581371155016520499e+19 2.541325002695636173e+19 2.477342945936148480e+19 2.382684849499152794e+19 2.247597888115904512e+19 2.056754423925409792e+19 1.783555023249400627e+19 1.367100652234189824e+19
2.617121844164436787e+19 2.614339736170151936e+19 2.603977883687885210e+19 2.581371155016520499e+19 2.541325002695636173e+19 2.477342945936148890e+19 2.382684849499152794e+19 2.247597888115904922e+19 2.056754423925410202e+19 1.783555023249401037e+19 1.367100652234189619e+19
2.617121844164437197e+19 2.614339736170152755e+19 2.603977883687885210e+19 2.581371155016521318e+19 2.541325002695636173e+19 2.477342945936148890e+19 2.382684849499152794e+19 2.247597888115905331e+19 2.056754423925410202e+19 1.783555023249401037e+19 1.367100652234189414e+19
2.617121844164437197e+19 2.614339736170152755e+19 2.603977883687885210e+19 2.581371155016521318e+19 2.541325002695636582e+19 2.477342945936148890e+19 2.382684849499152384e+19 2.247597888115905331e+19 2.056754423925409382e+19 1.783555023249401037e+19 1.367100652234189619e+19
2.617121844164436787e+19 2.614339736170152755e+19 2.603977883687885619e+19 2.581371155016520909e+19 2.541325002695637402e+19 2.477342945936148890e+19 2.382684849499153203e+19 2.247597888115905331e+19 2.056754423925408973e+19 1.783555023249400832e+19 1.367100652234189210e+19
2.617121844164436378e+19 2.614339736170153165e+19 2.603977883687885619e+19 2.581371155016521318e+19 2.541325002695637811e+19 2.477342945936150118e+19 2.382684849499152794e+19 2.247597888115904922e+19 2.056754423925408563e+19 1.783555023249400627e+19 1.367100652234189210e+19
2.617121844164435968e+19 2.614339736170152755e+19 2.603977883687885210e+19 2.581371155016521318e+19 2.541325002695637811e+19 2.477342945936149299e+19 2.382684849499151565e+19 2.247597888115904922e+19 2.056754423925408563e+19 1.783555023249400832e+19 1.367100652234189414e+19
2.617121844164436378e+19 2.614339736170153574e+19 2.603977883687885210e+19 2.581371155016521318e+19 2.541325002695637402e+19 2.477342945936150118e+19 2.382684849499150746e+19 2.247597888115904922e+19 2.056754423925408563e+19 1.783555023249400832e+19 1.367100652234189619e+19
2.617121844164436378e+19 2.614339736170153574e+19 2.603977883687884800e+19 2.581371155016520499e+19 2.541325002695637811e+19 2.477342945936150118e+19 2.382684849499150336e+19 2.247597888115904512e+19 2.056754423925408154e+19 1.783555023249400627e+19 1.367100652234189414e+19
2.617121844164436378e+19 2.614339736170153574e+19 2.603977883687884800e+19 2.581371155016520499e+19 2.541325002695637811e+19 2.477342945936150118e+19 2.382684849499150746e+19 2.247597888115904922e+19 2.056754423925408563e+19 1.783555023249401037e+19 1.367100652234189414e+19
2.617121844164436787e+19 2.614339736170153574e+19 2.603977883687885210e+19 2.581371155016520499e+19 2.541325002695637811e+19 2.477342945936150118e+19 2.382684849499150746e+19 2.247597888115905331e+19 2.056754423925408563e+19 1.783555023249401242e+19 1.367100652234189414e+19
2.617121844164436787e+19 2.614339736170152755e+19 2.603977883687885619e+19 2.581371155016520499e+19 2.541325002695637402e+19 2.477342945936150528e+19 2.382684849499150336e+19 2.247597888115904922e+19 2.056754423925407744e+19 1.783555023249401242e+19 1.367100652234189005e+19
2.617121844164436787e+19 2.614339736170153165e+19 2.603977883687885619e+19 2.581371155016520499e+19 2.541325002695637811e+19 2.477342945936150118e+19 2.382684849499149517e+19 2.247597888115904512e+19 2.056754423925408563e+19 1.783555023249401037e+19 1.367100652234189005e+19
2.617121844164436787e+19 2.614339736170152755e+19 2.603977883687885619e+19 2.581371155016520499e+19 2.541325002695637811e+19 2.477342945936149709e+19 2.382684849499149107e+19 2.247597888115904512e+19 2.056754423925408154e+19 1.783555023249400627e+19 1.367100652234189210e+19
2.617121844164437606e+19 2.614339736170153165e+19 2.603977883687886029e+19 2.581371155016520499e+19 2.541325002695638630e+19 2.477342945936150118e+19 2.382684849499148698e+19 2.247597888115904922e+19 2.056754423925408154e+19 1.783555023249400832e+19 1.367100652234189210e+19
2.617121844164437197e+19 2.614339736170153165e+19 2.603977883687886029e+19 2.581371155016520499e+19 2.541325002695638221e+19 2.477342945936150118e+19 2.382684849499149926e+19 2.247597888115905331e+19 2.056754423925408563e+19 1.783555023249400832e+19 1.367100652234189414e+19
2.617121844164436787e+19 2.614339736170153165e+19 2.603977883687886438e+19 2.581371155016520499e+19 2.541325002695637811e+19 2.477342945936150118e+19 2.382684849499151565e+19 2.247597888115904922e+19 2.056754423925408563e+19 1.783555023249400627e+19 1.367100652234189619e+19
2.617121844164436787e+19 2.614339736170153165e+19 2.603977883687886029e+19 2.581371155016520499e+19 2.541325002695636992e+19 2.477342945936150938e+19 2.382684849499151155e+19 2.247597888115904102e+19 2.056754423925408973e+19 1.783555023249400422e+19 1.367100652234189414e+19
2.617121844164436787e+19 2.614339736170151936e+19 2.603977883687885619e+19 2.581371155016520499e+19 2.541325002695637402e+19 2.477342945936150528e+19 2.382684849499151565e+19 2.247597888115903693e+19 2.056754423925409382e+19 1.783555023249400013e+19 1.367100652234189414e+19
2.617121844164436378e+19 2.614339736170152346e+19 2.603977883687886029e+19 2.581371155016520090e+19 2.541325002695637402e+19 2.477342945936150938e+19 2.382684849499151155e+19 2.247597888115903693e+19 2.056754423925409382e+19 1.783555023249400013e+19 1.367100652234189210e+19
2.617121844164435558e+19 2.614339736170152346e+19 2.603977883687886029e+19 2.581371155016519680e+19 2.541325002695637811e+19 2.477342945936151757e+19 2.382684849499150746e+19 2.247597888115903693e+19 2.056754423925409382e+19 1.783555023249400013e+19 1.367100652234189414e+19
2.617121844164435968e+19 2.614339736170152755e+19 2.603977883687886029e+19 2.581371155016520090e+19 2.541325002695637811e+19 2.477342945936152166e+19 2.382684849499149926e+19 2.247597888115903283e+19 2.056754423925409382e+19 1.783555023249399603e+19 1.367100652234189619e+19
2.617121844164435558e+19 2.614339736170152346e+19 2.603977883687886029e+19 2.581371155016520499e+19 2.541325002695637402e+19 2.477342945936152166e+19 2.382684849499150336e+19 2.247597888115903283e+19 2.056754423925410202e+19 1.783555023249399398e+19 1.367100652234189210e+19
2.617121844164436378e+19 2.614339736170152346e+19 2.603977883687886029e+19 2.581371155016520499e+19 2.541325002695636582e+19 2.477342945936152166e+19 2.382684849499150746e+19 2.247597888115902874e+19 2.056754423925410611e+19 1.783555023249399808e+19 1.367100652234188800e+19
2.617121844164436787e+19 2.614339736170152755e+19 2.603977883687886029e+19 2.581371155016520499e+19 2.541325002695636173e+19 2.477342945936151757e+19 2.382684849499151155e+19 2.247597888115902874e+19 2.056754423925411021e+19 1.783555023249399808e+19 1.367100652234189005e+19
2.617121844164435968e+19 2.614339736170152755e+19 2.603977883687886438e+19 2.581371155016520909e+19 2.541325002695636992e+19 2.477342945936151757e+19 2.382684849499151155e+19 2.247597888115902874e+19 2.056754423925410611e+19 1.783555023249399398e+19 1.367100652234188595e+19
2.617121844164436378e+19 2.614339736170153574e+19 2.603977883687886029e+19 2.581371155016520499e+19 2.541325002695636992e+19 2.477342945936152166e+19 2.382684849499150336e+19 2.247597888115902874e+19 2.056754423925411430e+19 1.783555023249398989e+19 1.367100652234189210e+19
2.617121844164436787e+19 2.614339736170152755e+19 2.603977883687886029e+19 2.581371155016520909e+19 2.541325002695637402e+19 2.477342945936151757e+19 2.382684849499150336e+19 2.247597888115902464e+19 2.056754423925411430e+19 1.783555023249398784e+19 1.367100652234189210e+19
2.617121844164436787e+19 2.614339736170153165e+19 2.603977883687886438e+19 2.581371155016520499e+19 2.541325002695637402e+19 2.477342945936151757e+19 2.382684849499151155e+19 2.247597888115902874e+19 2.056754423925411430e+19 1.783555023249399194e+19 1.367100652234189414e+19
2.617121844164436378e+19 2.614339736170152755e+19 2.603977883687886438e+19 2.581371155016520909e+19 2.541325002695637402e+19 2.477342945936152166e+19 2.382684849499151155e+19 2.247597888115902464e+19 2.056754423925410611e+19 1.783555023249400013e+19 1.367100652234189414e+19
2.617121844164435968e+19 2.614339736170152346e+19 2.603977883687886029e+19 2.581371155016520909e+19 2.541325002695637402e+19 2.477342945936152576e+19 2.382684849499149926e+19 2.247597888115902464e+19 2.056754423925409792e+19 1.783555023249400013e+19 1.367100652234189005e+19
2.617121844164435149e+19 2.614339736170151936e+19 2.603977883687886029e+19 2.581371155016520499e+19 2.541325002695637811e+19 2.477342945936152986e+19 2.382684849499150336e+19 2.247597888115902464e+19 2.056754423925409792e+19 1.783555023249400013e+19 1.367100652234189210e+19
2.617121844164435558e+19 2.614339736170151117e+19 2.603977883687886029e+19 2.581371155016520909e+19 2.541325002695638630e+19 2.477342945936153395e+19 2.382684849499150336e+19 2.247597888115902874e+19 2.056754423925409382e+19 1.783555023249400013e+19 1.367100652234188800e+19
2.617121844164435149e+19 2.614339736170151936e+19 2.603977883687885619e+19 2.581371155016520909e+19 2.541325002695638221e+19 2.477342945936153395e+19 2.382684849499150336e+19 2.247597888115903283e+19 2.056754423925408563e+19 1.783555023249399603e+19 1.367100652234188800e+19
2.617121844164435558e+19 2.614339736170151526e+19 2.603977883687885619e+19 2.581371155016521318e+19 2.541325002695638630e+19 2.477342945936152986e+19 2.382684849499150746e+19 2.247597888115903283e+19 2.056754423925408563e+19 1.783555023249399808e+19 1.367100652234188800e+19
2.617121844164435149e+19 2.614339736170151936e+19 2.603977883687886029e+19 2.581371155016520909e+19 2.541325002695638630e+19 2.477342945936152576e+19 2.382684849499149926e+19 2.247597888115903693e+19 2.056754423925408154e+19 1.783555023249399603e+19 1.367100652234188800e+19
2.617121844164435149e+19 2.614339736170151526e+19 2.603977883687886438e+19 2.581371155016520909e+19 2.541325002695637811e+19 2.477342945936153395e+19 2.382684849499149926e+19 2.247597888115903693e+19 2.056754423925408154e+19 1.783555023249399808e+19 1.367100652234189210e+19
2.617121844164435558e+19 2.614339736170151526e+19 2.603977883687886029e+19 2.581371155016520909e+19 2.541325002695637811e+19 2.477342945936154214e+19 2.382684849499149926e+19 2.247597888115903693e+19 2.056754423925408563e+19 1.783555023249400422e+19 1.367100652234189210e+19
2.617121844164435558e+19 2.614339736170151117e+19 2.603977883687886029e+19 2.581371155016520909e+19 2.541325002695637811e+19 2.477342945936154214e+19 2.382684849499149107e+19 2.247597888115903693e+19 2.056754423925408154e+19 1.783555023249400422e+19 1.367100652234189414e+19
2.617121844164435968e+19 2.614339736170151117e+19 2.603977883687886438e+19 2.581371155016521318e+19 2.541325002695636992e+19 2.477342945936154624e+19 2.382684849499149107e+19 2.247597888115903693e+19 2.056754423925408563e+19 1.783555023249400218e+19 1.367100652234189414e+19
2.617121844164435968e+19 2.614339736170151117e+19 2.603977883687886029e+19 2.581371155016520909e+19 2.541325002695637402e+19 2.477342945936153805e+19 2.382684849499148698e+19 2.247597888115903693e+19 2.056754423925408563e+19 1.783555023249399808e+19 1.367100652234189005e+19
2.617121844164436378e+19 2.614339736170150707e+19 2.603977883687886029e+19 2.581371155016521318e+19 2.541325002695637402e+19 2.477342945936155034e+19 2.382684849499149517e+19 2.247597888115904102e+19 2.056754423925408563e+19 1.783555023249400013e+19 1.367100652234188595e+19
2.617121844164436787e+19 2.614339736170151117e+19 2.603977883687886848e+19 2.581371155016521728e+19 2.541325002695637811e+19 2.477342945936153805e+19 2.382684849499149517e+19 2.247597888115904512e+19 2.056754423925408563e+19 1.783555023249400218e+19 1.367100652234188390e+19
2.617121844164436787e+19 2.614339736170150298e+19 2.603977883687886848e+19 2.581371155016521318e+19 2.541325002695637402e+19 2.477342945936153395e+19 2.382684849499149517e+19 2.247597888115904922e+19 2.056754423925409382e+19 1.783555023249400013e+19 1.367100652234188595e+19
2.617121844164436787e+19 2.614339736170150707e+19 2.603977883687886438e+19 2.581371155016520909e+19 2.541325002695637811e+19 2.477342945936154214e+19 2.382684849499149926e+19 2.247597888115905331e+19 2.056754423925409382e+19 1.783555023249399808e+19 1.367100652234188595e+19
2.617121844164436787e+19 2.614339736170149888e+19 2.603977883687886848e+19 2.581371155016520909e+19 2.541325002695637402e+19 2.477342945936153395e+19 2.382684849499150336e+19 2.247597888115904922e+19 2.056754423925408973e+19 1.783555023249399808e+19 1.367100652234188800e+19
2.617121844164436787e+19 2.614339736170150707e+19 2.603977883687887258e+19 2.581371155016520909e+19 2.541325002695637811e+19 2.477342945936154214e+19 2.382684849499150746e+19 2.247597888115905331e+19 2.056754423925408973e+19 1.783555023249400013e+19 1.367100652234188800e+19
2.617121844164436787e+19 2.614339736170150707e+19 2.603977883687886848e+19 2.581371155016521318e+19 2.541325002695637402e+19 2.477342945936154214e+19 2.382684849499150336e+19 2.247597888115904922e+19 2.056754423925408973e+19 1.783555023249400218e+19 1.367100652234188595e+19
2.617121844164436378e+19 2.614339736170151117e+19 2.603977883687886848e+19 2.581371155016520909e+19 2.541325002695637402e+19 2.477342945936153805e+19 2.382684849499151565e+19 2.247597888115905331e+19 2.056754423925409382e+19 1.783555023249400422e+19 1.367100652234188595e+19
2.617121844164435968e+19 2.614339736170151117e+19 2.603977883687886848e+19 2.581371155016520909e+19 2.541325002695637811e+19 2.477342945936153805e+19 2.382684849499150746e+19 2.247597888115904102e+19 2.056754423925408973e+19 1.783555023249400422e+19 1.367100652234188186e+19
2.617121844164435968e+19 2.614339736170151117e+19 2.603977883687886438e+19 2.581371155016520909e+19 2.541325002695637811e+19 2.477342945936153395e+19 2.382684849499150336e+19 2.247597888115904102e+19 2.056754423925408973e+19 1.783555023249400013e+19 1.367100652234188390e+19
2.617121844164435558e+19 2.614339736170151936e+19 2.603977883687886848e+19 2.581371155016520499e+19 2.541325002695638221e+19 2.477342945936152986e+19 2.382684849499149517e+19 2.247597888115904102e+19 2.056754423925409382e+19 1.783555023249400013e+19 1.367100652234188186e+19
2.617121844164435149e+19 2.614339736170151526e+19 2.603977883687886848e+19 2.581371155016520499e+19 2.541325002695638221e+19 2.477342945936153805e+19 2.382684849499150336e+19 2.247597888115904102e+19 2.056754423925409382e+19 1.783555023249399808e+19 1.367100652234188186e+19
2.617121844164434739e+19 2.614339736170151526e+19 2.603977883687886848e+19 2.581371155016520499e+19 2.541325002695638221e+19 2.477342945936154214e+19 2.382684849499150746e+19 2.247597888115903693e+19 2.056754423925410202e+19 1.783555023249400218e+19 1.367100652234188186e+19
2.617121844164435149e+19 2.614339736170151117e+19 2.603977883687886438e+19 2.581371155016520499e+19 2.541325002695638630e+19 2.477342945936154214e+19 2.382684849499150746e+19 2.247597888115904102e+19 2.056754423925410202e+19 1.783555023249399808e+19 1.367100652234188390e+19
2.617121844164435558e+19 2.614339736170151526e+19 2.603977883687886848e+19 2.581371155016520090e+19 2.541325002695638221e+19 2.477342945936154624e+19 2.382684849499150746e+19 2.247597888115903693e+19 2.056754423925410611e+19 1.783555023249400218e+19 1.367100652234188186e+19
2.617121844164434739e+19 2.614339736170150707e+19 2.603977883687886438e+19 2.581371155016520499e+19 2.541325002695638630e+19 2.477342945936154624e+19 2.382684849499150336e+19 2.247597888115903693e+19 2.056754423925411021e+19 1.783555023249400627e+19 1.367100652234188595e+19
2.617121844164434739e+19 2.614339736170151526e+19 2.603977883687886438e+19 2.581371155016520499e+19 2.541325002695639040e+19 2.477342945936154624e+19 2.382684849499149926e+19 2.247597888115903693e+19 2.056754423925411840e+19 1.783555023249400013e+19 1.367100652234188390e+19
2.617121844164433920e+19 2.614339736170150707e+19 2.603977883687886848e+19 2.581371155016520499e+19 2.541325002695638630e+19 2.477342945936155034e+19 2.382684849499151155e+19 2.247597888115903693e+19 2.056754423925411840e+19 1.783555023249400013e+19 1.367100652234188390e+19
2.617121844164434330e+19 2.614339736170150707e+19 2.603977883687886848e+19 2.581371155016520499e+19 2.541325002695638630e+19 2.477342945936155443e+19 2.382684849499151974e+19 2.247597888115903283e+19 2.056754423925411430e+19 1.783555023249400013e+19 1.367100652234188595e+19
2.617121844164433920e+19 2.614339736170151117e+19 2.603977883687886029e+19 2.581371155016520499e+19 2.541325002695639040e+19 2.477342945936155034e+19 2.382684849499152384e+19 2.247597888115903693e+19 2.056754423925411430e+19 1.783555023249399398e+19 1.367100652234188595e+19
2.617121844164434330e+19 2.614339736170151117e+19 2.603977883687886848e+19 2.581371155016520909e+19 2.541325002695638630e+19 2.477342945936155443e+19 2.382684849499151974e+19 2.247597888115903283e+19 2.056754423925411021e+19 1.783555023249399398e+19 1.367100652234188800e+19
2.617121844164433920e+19 2.614339736170150707e+19 2.603977883687886438e+19 2.581371155016520909e+19 2.541325002695639450e+19 2.477342945936154624e+19 2.382684849499151155e+19 2.247597888115902874e+19 2.056754423925411840e+19 1.783555023249398784e+19 1.367100652234188595e+19
2.617121844164434330e+19 2.614339736170151117e+19 2.603977883687886438e+19 2.581371155016520909e+19 2.541325002695639450e+19 2.477342945936155034e+19 2.382684849499151565e+19 2.247597888115902874e+19 2.056754423925411840e+19 1.783555023249398579e+19 1.367100652234188595e+19
2.617121844164435149e+19 2.614339736170150298e+19 2.603977883687886848e+19 2.581371155016520909e+19 2.541325002695639859e+19 2.477342945936154624e+19 2.382684849499152384e+19 2.247597888115903283e+19 2.056754423925411840e+19 1.783555023249398784e+19 1.367100652234189005e+19
2.617121844164434330e+19 2.614339736170150298e+19 2.603977883687886438e+19 2.581371155016521318e+19 2.541325002695639859e+19 2.477342945936154624e+19 2.382684849499152794e+19 2.247597888115902874e+19 2.056754423925411840e+19 1.783555023249398989e+19 1.367100652234189210e+19
2.617121844164433920e+19 2.614339736170150298e+19 2.603977883687886438e+19 2.581371155016521318e+19 2.541325002695639450e+19 2.477342945936155034e+19 2.382684849499152794e+19 2.247597888115902874e+19 2.056754423925411840e+19 1.783555023249398989e+19 1.367100652234189210e+19
2.617121844164434330e+19 2.614339736170149888e+19 2.603977883687886438e+19 2.581371155016521728e+19 2.541325002695639450e+19 2.477342945936155443e+19 2.382684849499152384e+19 2.247597888115902874e+19 2.056754423925411430e+19 1.783555023249398989e+19 1.367100652234189619e+19
2.617121844164434330e+19 2.614339736170149888e+19 2.603977883687886029e+19 2.581371155016521318e+19 2.541325002695639450e+19 2.477342945936155853e+19 2.382684849499152794e+19 2.247597888115902054e+19 2.056754423925411021e+19 1.783555023249398989e+19 1.367100652234189414e+19
2.617121844164434330e+19 2.614339736170149478e+19 2.603977883687886029e+19 2.581371155016521728e+19 2.541325002695639450e+19 2.477342945936156672e+19 2.382684849499153613e+19 2.247597888115902054e+19 2.056754423925411021e+19 1.783555023249398579e+19 1.367100652234189619e+19
2.617121844164434739e+19 2.614339736170149888e+19 2.603977883687886438e+19 2.581371155016521728e+19 2.541325002695639450e+19 2.477342945936155853e+19 2.382684849499154022e+19 2.247597888115902464e+19 2.056754423925411021e+19 1.783555023249398784e+19 1.367100652234190234e+19
2.617121844164434739e+19 2.614339736170149069e+19 2.603977883687886438e+19 2.581371155016521318e+19 2.541325002695639040e+19 2.477342945936155853e+19 2.382684849499153613e+19 2.247597888115902464e+19 2.056754423925411840e+19 1.783555023249398784e+19 1.367100652234190234e+19
2.617121844164434739e+19 2.614339736170149888e+19 2.603977883687886438e+19 2.581371155016521318e+19 2.541325002695638630e+19 2.477342945936155853e+19 2.382684849499153203e+19 2.247597888115902874e+19 2.056754423925411021e+19 1.783555023249398579e+19 1.367100652234190029e+19
2.617121844164433920e+19 2.614339736170149069e+19 2.603977883687886438e+19 2.581371155016521318e+19 2.541325002695638221e+19 2.477342945936155443e+19 2.382684849499152384e+19 2.247597888115903283e+19 2.056754423925411840e+19 1.783555023249398579e+19 1.367100652234190029e+19
2.617121844164434739e+19 2.614339736170149888e+19 2.603977883687886438e+19 2.581371155016521318e+19 2.541325002695638630e+19 2.477342945936155443e+19 2.382684849499151974e+19 2.247597888115903693e+19 2.056754423925411840e+19 1.783555023249398784e+19 1.367100652234190643e+19
2.617121844164435149e+19 2.614339736170149069e+19 2.603977883687886848e+19 2.581371155016521318e+19 2.541325002695638630e+19 2.477342945936154214e+19 2.382684849499151974e+19 2.247597888115903693e+19 2.056754423925411840e+19 1.783555023249398579e+19 1.367100652234190848e+19
2.617121844164435149e+19 2.614339736170150298e+19 2.603977883687886848e+19 2.581371155016520909e+19 2.541325002695638630e+19 2.477342945936153805e+19 2.382684849499151565e+19 2.247597888115904102e+19 2.056754423925411840e+19 1.783555023249398170e+19 1.367100652234190438e+19
2.617121844164434739e+19 2.614339736170150298e+19 2.603977883687886848e+19 2.581371155016521318e+19 2.541325002695638221e+19 2.477342945936153805e+19 2.382684849499151565e+19 2.247597888115903693e+19 2.056754423925411840e+19 1.783555023249397965e+19 1.367100652234190029e+19
2.617121844164435149e+19 2.614339736170150298e+19 2.603977883687887258e+19 2.581371155016521728e+19 2.541325002695637811e+19 2.477342945936153805e+19 2.382684849499151155e+19 2.247597888115904512e+19 2.056754423925411840e+19 1.783555023249398374e+19 1.367100652234190234e+19
2.617121844164435968e+19 2.614339736170149478e+19 2.603977883687887258e+19 2.581371155016521728e+19 2.541325002695637402e+19 2.477342945936154214e+19 2.382684849499151155e+19 2.247597888115904512e+19 2.056754423925411430e+19 1.783555023249398579e+19 1.367100652234190234e+19
2.617121844164435149e+19 2.614339736170149478e+19 2.603977883687887258e+19 2.581371155016521728e+19 2.541325002695637402e+19 2.477342945936155034e+19 2.382684849499151155e+19 2.247597888115904512e+19 2.056754423925411430e+19 1.783555023249398579e+19 1.367100652234190029e+19
2.617121844164434739e+19 2.614339736170148659e+19 2.603977883687887258e+19 2.581371155016521318e+19 2.541325002695637402e+19 2.477342945936155034e+19 2.382684849499151974e+19 2.247597888115903693e+19 2.056754423925411021e+19 1.783555023249398989e+19 1.367100652234190029e+19
2.617121844164434330e+19 2.614339736170148250e+19 2.603977883687886848e+19 2.581371155016521318e+19 2.541325002695637402e+19 2.477342945936154624e+19 2.382684849499151565e+19 2.247597888115904102e+19 2.056754423925411021e+19 1.783555023249398784e+19 1.367100652234189824e+19
2.617121844164434330e+19 2.614339736170148250e+19 2.603977883687887258e+19 2.581371155016520909e+19 2.541325002695637402e+19 2.477342945936155034e+19 2.382684849499151974e+19 2.247597888115904512e+19 2.056754423925410611e+19 1.783555023249398989e+19 1.367100652234189619e+19
2.617121844164433920e+19 2.614339736170147840e+19 2.603977883687886848e+19 2.581371155016521728e+19 2.541325002695636992e+19 2.477342945936155443e+19 2.382684849499151565e+19 2.247597888115903693e+19 2.056754423925411430e+19 1.783555023249399603e+19 1.367100652234190029e+19
2.617121844164434330e+19 2.614339736170147840e+19 2.603977883687886848e+19 2.581371155016521318e+19 2.541325002695636992e+19 2.477342945936155853e+19 2.382684849499151565e+19 2.247597888115903693e+19 2.056754423925411021e+19 1.783555023249399808e+19 1.367100652234190029e+19
2.617121844164434739e+19 2.614339736170148250e+19 2.603977883687886848e+19 2.581371155016520909e+19 2.541325002695636992e+19 2.477342945936155853e+19 2.382684849499151565e+19 2.247597888115904512e+19 2.056754423925411430e+19 1.783555023249399603e+19 1.367100652234189824e+19
2.617121844164435149e+19 2.614339736170148250e+19 2.603977883687886848e+19 2.581371155016520499e+19 2.541325002695636992e+19 2.477342945936156262e+19 2.382684849499151565e+19 2.247597888115903693e+19 2.056754423925411840e+19 1.783555023249399398e+19 1.367100652234190029e+19
2.617121844164435558e+19 2.614339736170148250e+19 2.603977883687887258e+19 2.581371155016520909e+19 2.541325002695636992e+19 2.477342945936155853e+19 2.382684849499152384e+19 2.247597888115904102e+19 2.056754423925411840e+19 1.783555023249399398e+19 1.367100652234189619e+19
2.617121844164435149e+19 2.614339736170147840e+19 2.603977883687886848e+19 2.581371155016520499e+19 2.541325002695636992e+19 2.477342945936155853e+19 2.382684849499152384e+19 2.247597888115904512e+19 2.056754423925411430e+19 1.783555023249399808e+19 1.367100652234189414e+19
2.617121844164434739e+19 2.614339736170147840e+19 2.603977883687886848e+19 2.581371155016520499e+19 2.541325002695636582e+19 2.477342945936156672e+19 2.382684849499152794e+19 2.247597888115904512e+19 2.056754423925411430e+19 1.783555023249400422e+19 1.367100652234189414e+19
2.617121844164435149e+19 2.614339736170147840e+19 2.603977883687886848e+19 2.581371155016520909e+19 2.541325002695636173e+19 2.477342945936156672e+19 2.382684849499152794e+19 2.247597888115904512e+19 2.056754423925411430e+19 1.783555023249400832e+19 1.367100652234189619e+19
2.617121844164435149e+19 2.614339736170147430e+19 2.603977883687886848e+19 2.581371155016520499e+19 2.541325002695636582e+19 2.477342945936155853e+19 2.382684849499152384e+19 2.247597888115904512e+19 2.056754423925411021e+19 1.783555023249400832e+19 1.367100652234189619e+19
2.617121844164435558e+19 2.614339736170147430e+19 2.603977883687886848e+19 2.581371155016520090e+19 2.541325002695636582e+19 2.477342945936155443e+19 2.382684849499151974e+19 2.247597888115904922e+19 2.056754423925411021e+19 1.783555023249400627e+19 1.367100652234189005e+19
2.617121844164435558e+19 2.614339736170147021e+19 2.603977883687886029e+19 2.581371155016520499e+19 2.541325002695636992e+19 2.477342945936156262e+19 2.382684849499151565e+19 2.247597888115905331e+19 2.056754423925411021e+19 1.783555023249400627e+19 1.367100652234189005e+19
2.617121844164435558e+19 2.614339736170147021e+19 2.603977883687886438e+19 2.581371155016520090e+19 2.541325002695636582e+19 2.477342945936156262e+19 2.382684849499151155e+19 2.247597888115904512e+19 2.056754423925411430e+19 1.783555023249400218e+19 1.367100652234189619e+19
2.617121844164435149e+19 2.614339736170147021e+19 2.603977883687886029e+19 2.581371155016520090e+19 2.541325002695636582e+19 2.477342945936156672e+19 2.382684849499151565e+19 2.247597888115904512e+19 2.056754423925411840e+19 1.783555023249400218e+19 1.367100652234189619e+19
2.617121844164435558e+19 2.614339736170147430e+19 2.603977883687886438e+19 2.581371155016520499e+19 2.541325002695636582e+19 2.477342945936157082e+19 2.382684849499151155e+19 2.247597888115904102e+19 2.056754423925411021e+19 1.783555023249400013e+19 1.367100652234189210e+19
2.617121844164435558e+19 2.614339736170147021e+19 2.603977883687886438e+19 2.581371155016520499e+19 2.541325002695636992e+19 2.477342945936156262e+19 2.382684849499150336e+19 2.247597888115904512e+19 2.056754423925410202e+19 1.783555023249400013e+19 1.367100652234189824e+19
2.617121844164435558e+19 2.614339736170146611e+19 2.603977883687886438e+19 2.581371155016520499e+19 2.541325002695637402e+19 2.477342945936156262e+19 2.382684849499149926e+19 2.247597888115904512e+19 2.056754423925410202e+19 1.783555023249400218e+19 1.367100652234189210e+19
2.617121844164435558e+19 2.614339736170147021e+19 2.603977883687886438e+19 2.581371155016520499e+19 2.541325002695637811e+19 2.477342945936156672e+19 2.382684849499149517e+19 2.247597888115904512e+19 2.056754423925410611e+19 1.783555023249399808e+19 1.367100652234189414e+19
2.617121844164434739e+19 2.614339736170146611e+19 2.603977883687886029e+19 2.581371155016520499e+19 2.541325002695638221e+19 2.477342945936156672e+19 2.382684849499149926e+19 2.247597888115904102e+19 2.056754423925410611e+19 1.783555023249400013e+19 1.367100652234189619e+19
2.617121844164434739e+19 2.614339736170146611e+19 2.603977883687886438e+19 2.581371155016520499e+19 2.541325002695638630e+19 2.477342945936156262e+19 2.382684849499149517e+19 2.247597888115904512e+19 2.056754423925411021e+19 1.783555023249400422e+19 1.367100652234189414e+19
2.617121844164434739e+19 2.614339736170146202e+19 2.603977883687886029e+19 2.581371155016520499e+19 2.541325002695638221e+19 2.477342945936157082e+19 2.382684849499149517e+19 2.247597888115904102e+19 2.056754423925411021e+19 1.783555023249400627e+19 1.367100652234189414e+19
2.617121844164434739e+19 2.614339736170145792e+19 2.603977883687886029e+19 2.581371155016520499e+19 2.541325002695638221e+19 2.477342945936157082e+19 2.382684849499149107e+19 2.247597888115904102e+19 2.056754423925411021e+19 1.783555023249400627e+19 1.367100652234189824e+19
2.617121844164434739e+19 2.614339736170145792e+19 2.603977883687886029e+19 2.581371155016520499e+19 2.541325002695638221e+19 2.477342945936157082e+19 2.382684849499149107e+19 2.247597888115903693e+19 2.056754423925411021e+19 1.783555023249400627e+19 1.367100652234189619e+19
2.617121844164435149e+19 2.614339736170146202e+19 2.603977883687885619e+19 2.581371155016520090e+19 2.541325002695638630e+19 2.477342945936157491e+19 2.382684849499149926e+19 2.247597888115903693e+19 2.056754423925411430e+19 1.783555023249400832e+19 1.367100652234189824e+19
2.617121844164435558e+19 2.614339736170146202e+19 2.603977883687886029e+19 2.581371155016520499e+19 2.541325002695638630e+19 2.477342945936156672e+19 2.382684849499150336e+19 2.247597888115903693e+19 2.056754423925411430e+19 1.783555023249400422e+19 1.367100652234189824e+19
2.617121844164435558e+19 2.614339736170146611e+19 2.603977883687885619e+19 2.581371155016520090e+19 2.541325002695638630e+19 2.477342945936157082e+19 2.382684849499150336e+19 2.247597888115903693e+19 2.056754423925411430e+19 1.783555023249400832e+19 1.367100652234190234e+19
2.617121844164435558e+19 2.614339736170146202e+19 2.603977883687885619e+19 2.581371155016520090e+19 2.541325002695638221e+19 2.477342945936157082e+19 2.382684849499150746e+19 2.247597888115903693e+19 2.056754423925411430e+19 1.783555023249401037e+19 1.367100652234190848e+19
2.617121844164435149e+19 2.614339736170146202e+19 2.603977883687885619e+19 2.581371155016520499e+19 2.541325002695637402e+19 2.477342945936156672e+19 2.382684849499151565e+19 2.247597888115903283e+19 2.056754423925410202e+19 1.783555023249401446e+19 1.367100652234190643e+19
2.617121844164434330e+19 2.614339736170145792e+19 2.603977883687885619e+19 2.581371155016520499e+19 2.541325002695637811e+19 2.477342945936156672e+19 2.382684849499151974e+19 2.247597888115903693e+19 2.056754423925411021e+19 1.783555023249401856e+19 1.367100652234191053e+19
2.617121844164434330e+19 2.614339736170145792e+19 2.603977883687885619e+19 2.581371155016520499e+19 2.541325002695638221e+19 2.477342945936157082e+19 2.382684849499151974e+19 2.247597888115903283e+19 2.056754423925410611e+19 1.783555023249401446e+19 1.367100652234190643e+19
2.617121844164434330e+19 2.614339736170145382e+19 2.603977883687885619e+19 2.581371155016520909e+19 2.541325002695638630e+19 2.477342945936157082e+19 2.382684849499152794e+19 2.247597888115903693e+19 2.056754423925410202e+19 1.783555023249402470e+19 1.367100652234191258e+19
2.617121844164434330e+19 2.614339736170146202e+19 2.603977883687885619e+19 2.581371155016520499e+19 2.541325002695638221e+19 2.477342945936157082e+19 2.382684849499152384e+19 2.247597888115904512e+19 2.056754423925410611e+19 1.783555023249401856e+19 1.367100652234190848e+19
2.617121844164434330e+19 2.614339736170146202e+19 2.603977883687885619e+19 2.581371155016520090e+19 2.541325002695638630e+19 2.477342945936157491e+19 2.382684849499152794e+19 2.247597888115904512e+19 2.056754423925411430e+19 1.783555023249401856e+19 1.367100652234191258e+19
2.617121844164434739e+19 2.614339736170146202e+19 2.603977883687885619e+19 2.581371155016520090e+19 2.541325002695637811e+19 2.477342945936157491e+19 2.382684849499152794e+19 2.247597888115904512e+19 2.056754423925411840e+19 1.783555023249402266e+19 1.367100652234191053e+19
2.617121844164434739e+19 2.614339736170145792e+19 2.603977883687885619e+19 2.581371155016520499e+19 2.541325002695638221e+19 2.477342945936157491e+19 2.382684849499154022e+19 2.247597888115904512e+19 2.056754423925411430e+19 1.783555023249402470e+19 1.367100652234190848e+19
2.617121844164434739e+19 2.614339736170146202e+19 2.603977883687885619e+19 2.581371155016520090e+19 2.541325002695638221e+19 2.477342945936157491e+19 2.382684849499154022e+19 2.247597888115904922e+19 2.056754423925411430e+19 1.783555023249402880e+19 1.367100652234190848e+19
2.617121844164434330e+19 2.614339736170144973e+19 2.603977883687885619e+19 2.581371155016520090e+19 2.541325002695637811e+19 2.477342945936156672e+19 2.382684849499154022e+19 2.247597888115905331e+19 2.056754423925411430e+19 1.783555023249402880e+19 1.367100652234191053e+19
2.617121844164434739e+19 2.614339736170145792e+19 2.603977883687885210e+19 2.581371155016520499e+19 2.541325002695637811e+19 2.477342945936157082e+19 2.382684849499154432e+19 2.247597888115905741e+19 2.056754423925411840e+19 1.783555023249402061e+19 1.367100652234191258e+19
2.617121844164434330e+19 2.614339736170145382e+19 2.603977883687885210e+19 2.581371155016520909e+19 2.541325002695637402e+19 2.477342945936157901e+19 2.382684849499154432e+19 2.247597888115906150e+19 2.056754423925411430e+19 1.783555023249401446e+19 1.367100652234190848e+19
2.617121844164434330e+19 2.614339736170145792e+19 2.603977883687885210e+19 2.581371155016520909e+19 2.541325002695637402e+19 2.477342945936157901e+19 2.382684849499154842e+19 2.247597888115905741e+19 2.056754423925411430e+19 1.783555023249401856e+19 1.367100652234190848e+19
2.617121844164433920e+19 2.614339736170145382e+19 2.603977883687885210e+19 2.581371155016520499e+19 2.541325002695636992e+19 2.477342945936157901e+19 2.382684849499154842e+19 2.247597888115905741e+19 2.056754423925411840e+19 1.783555023249402266e+19 1.367100652234191053e+19
2.617121844164434330e+19 2.614339736170145792e+19 2.603977883687885619e+19 2.581371155016520499e+19 2.541325002695636992e+19 2.477342945936157491e+19 2.382684849499154022e+19 2.247597888115906150e+19 2.056754423925411840e+19 1.783555023249402266e+19 1.367100652234190643e+19
2.617121844164433510e+19 2.614339736170145382e+19 2.603977883687885619e+19 2.581371155016520499e+19 2.541325002695636992e+19 2.477342945936158310e+19 2.382684849499154432e+19 2.247597888115905331e+19 2.056754423925411840e+19 1.783555023249402061e+19 1.367100652234190643e+19
2.617121844164433920e+19 2.614339736170145792e+19 2.603977883687885619e+19 2.581371155016520499e+19 2.541325002695637402e+19 2.477342945936157901e+19 2.382684849499153613e+19 2.247597888115905331e+19 2.056754423925411430e+19 1.783555023249402061e+19 1.367100652234190643e+19
2.617121844164434330e+19 2.614339736170145792e+19 2.603977883687885619e+19 2.581371155016520090e+19 2.541325002695637811e+19 2.477342945936157491e+19 2.382684849499154022e+19 2.247597888115905331e+19 2.056754423925411840e+19 1.783555023249401856e+19 1.367100652234190643e+19
2.617121844164433920e+19 2.614339736170146202e+19 2.603977883687886029e+19 2.581371155016520499e+19 2.541325002695637811e+19 2.477342945936157082e+19 2.382684849499154022e+19 2.247597888115905331e+19 2.056754423925412250e+19 1.783555023249401651e+19 1.367100652234190234e+19
2.617121844164434330e+19 2.614339736170145382e+19 2.603977883687885619e+19 2.581371155016520499e+19 2.541325002695637811e+19 2.477342945936156262e+19 2.382684849499153613e+19 2.247597888115905331e+19 2.056754423925411840e+19 1.783555023249401446e+19 1.367100652234190234e+19
2.617121844164434739e+19 2.614339736170145382e+19 2.603977883687885619e+19 2.581371155016520499e+19 2.541325002695637811e+19 2.477342945936156672e+19 2.382684849499154022e+19 2.247597888115905331e+19 2.056754423925411840e+19 1.783555023249401856e+19 1.367100652234190234e+19
2.617121844164434739e+19 2.614339736170144563e+19 2.603977883687885210e+19 2.581371155016520909e+19 2.541325002695638221e+19 2.477342945936156672e+19 2.382684849499154842e+19 2.247597888115905331e+19 2.056754423925411021e+19 1.783555023249401446e+19 1.367100652234189824e+19
2.617121844164434330e+19 2.614339736170144154e+19 2.603977883687885619e+19 2.581371155016520499e+19 2.541325002695638221e+19 2.477342945936156262e+19 2.382684849499154842e+19 2.247597888115905331e+19 2.056754423925411021e+19 1.783555023249401446e+19 1.367100652234190029e+19
2.617121844164433920e+19 2.614339736170144563e+19 2.603977883687884800e+19 2.581371155016520090e+19 2.541325002695638221e+19 2.477342945936156672e+19 2.382684849499154432e+19 2.247597888115905331e+19 2.056754423925411021e+19 1.783555023249402061e+19 1.367100652234190234e+19
2.617121844164434739e+19 2.614339736170144154e+19 2.603977883687885210e+19 2.581371155016520090e+19 2.541325002695637811e+19 2.477342945936156672e+19 2.382684849499154842e+19 2.247597888115905331e+19 2.056754423925411021e+19 1.783555023249402470e+19 1.367100652234190029e+19
2.617121844164434330e+19 2.614339736170144973e+19 2.603977883687885210e+19 2.581371155016520090e+19 2.541325002695638221e+19 2.477342945936156672e+19 2.382684849499155661e+19 2.247597888115905331e+19 2.056754423925411430e+19 1.783555023249402470e+19 1.367100652234189824e+19
2.617121844164435149e+19 2.614339736170144973e+19 2.603977883687885210e+19 2.581371155016520499e+19 2.541325002695638221e+19 2.477342945936156672e+19 2.382684849499156070e+19 2.247597888115905331e+19 2.056754423925411430e+19 1.783555023249402470e+19 1.367100652234189619e+19
2.617121844164435968e+19 2.614339736170144973e+19 2.603977883687885210e+19 2.581371155016520499e+19 2.541325002695638221e+19 2.477342945936157082e+19 2.382684849499156890e+19 2.247597888115905331e+19 2.056754423925411021e+19 1.783555023249402675e+19 1.367100652234189824e+19
2.617121844164435558e+19 2.614339736170144973e+19 2.603977883687885210e+19 2.581371155016520499e+19 2.541325002695638221e+19 2.477342945936156672e+19 2.382684849499156480e+19 2.247597888115905331e+19 2.056754423925410202e+19 1.783555023249402880e+19 1.367100652234189824e+19
2.617121844164435968e+19 2.614339736170146202e+19 2.603977883687884800e+19 2.581371155016520909e+19 2.541325002695638221e+19 2.477342945936156672e+19 2.382684849499156480e+19 2.247597888115905331e+19 2.056754423925411021e+19 1.783555023249402880e+19 1.367100652234189824e+19
2.617121844164435558e+19 2.614339736170145382e+19 2.603977883687884390e+19 2.581371155016520499e+19 2.541325002695638630e+19 2.477342945936156672e+19 2.382684849499156890e+19 2.247597888115905331e+19 2.056754423925411021e+19 1.783555023249402675e+19 1.367100652234190234e+19
2.617121844164435968e+19 2.614339736170146202e+19 2.603977883687884390e+19 2.581371155016520499e+19 2.541325002695638630e+19 2.477342945936156672e+19 2.382684849499156890e+19 2.247597888115905331e+19 2.056754423925411021e+19 1.783555023249403085e+19 1.367100652234190029e+19
2.617121844164435558e+19 2.614339736170145792e+19 2.603977883687883981e+19 2.581371155016520090e+19 2.541325002695639040e+19 2.477342945936156262e+19 2.382684849499156070e+19 2.247597888115905331e+19 2.056754423925411021e+19 1.783555023249403085e+19 1.367100652234189824e+19
2.617121844164435149e+19 2.614339736170146611e+19 2.603977883687883571e+19 2.581371155016520499e+19 2.541325002695638630e+19 2.477342945936156262e+19 2.382684849499156070e+19 2.247597888115905331e+19 2.056754423925411021e+19 1.783555023249402880e+19 1.367100652234189210e+19
2.617121844164435149e+19 2.614339736170146611e+19 2.603977883687883162e+19 2.581371155016520499e+19 2.541325002695638630e+19 2.477342945936157082e+19 2.382684849499155251e+19 2.247597888115905331e+19 2.056754423925410611e+19 1.783555023249403290e+19 1.367100652234189210e+19
2.617121844164435558e+19 2.614339736170146611e+19 2.603977883687883162e+19 2.581371155016520499e+19 2.541325002695639040e+19 2.477342945936157901e+19 2.382684849499155661e+19 2.247597888115905331e+19 2.056754423925410202e+19 1.783555023249403494e+19 1.367100652234189210e+19
2.617121844164435149e+19 2.614339736170147021e+19 2.603977883687882752e+19 2.581371155016520090e+19 2.541325002695639450e+19 2.477342945936157491e+19 2.382684849499155251e+19 2.247597888115905331e+19 2.056754423925410202e+19 1.783555023249403085e+19 1.367100652234189414e+19
2.617121844164435149e+19 2.614339736170146611e+19 2.603977883687883162e+19 2.581371155016520090e+19 2.541325002695639040e+19 2.477342945936157901e+19 2.382684849499155661e+19 2.247597888115905331e+19 2.056754423925410202e+19 1.783555023249403290e+19 1.367100652234189824e+19
2.617121844164435149e+19 2.614339736170147021e+19 2.603977883687882752e+19 2.581371155016520090e+19 2.541325002695638630e+19 2.477342945936158310e+19 2.382684849499155661e+19 2.247597888115905331e+19 2.056754423925411021e+19 1.783555023249403290e+19 1.367100652234189824e+19
2.617121844164435149e+19 2.614339736170146611e+19 2.603977883687883162e+19 2.581371155016520499e+19 2.541325002695639040e+19 2.477342945936158310e+19 2.382684849499156070e+19 2.247597888115905331e+19 2.056754423925411021e+19 1.783555023249403290e+19 1.367100652234189619e+19
2.617121844164433920e+19 2.614339736170147430e+19 2.603977883687882752e+19 2.581371155016520090e+19 2.541325002695639040e+19 2.477342945936158310e+19 2.382684849499156070e+19 2.247597888115905331e+19 2.056754423925410611e+19 1.783555023249402880e+19 1.367100652234189619e+19
2.617121844164433920e+19 2.614339736170146611e+19 2.603977883687882752e+19 2.581371155016520090e+19 2.541325002695639040e+19 2.477342945936157901e+19 2.382684849499156070e+19 2.247597888115905331e+19 2.056754423925411021e+19 1.783555023249402675e+19 1.367100652234189414e+19
2.617121844164433920e+19 2.614339736170147430e+19 2.603977883687882752e+19 2.581371155016520090e+19 2.541325002695639040e+19 2.477342945936157491e+19 2.382684849499155661e+19 2.247597888115905331e+19 2.056754423925411021e+19 1.783555023249402880e+19 1.367100652234189619e+19
2.617121844164433920e+19 2.614339736170147021e+19 2.603977883687882752e+19 2.581371155016520090e+19 2.541325002695639859e+19 2.477342945936158310e+19 2.382684849499156070e+19 2.247597888115905331e+19 2.056754423925410611e+19 1.783555023249403290e+19 1.367100652234189414e+19
2.617121844164434330e+19 2.614339736170147430e+19 2.603977883687883162e+19 2.581371155016520090e+19 2.541325002695640269e+19 2.477342945936158310e+19 2.382684849499155251e+19 2.247597888115905331e+19 2.056754423925410202e+19 1.783555023249403494e+19 1.367100652234189619e+19
2.617121844164434330e+19 2.614339736170147021e+19 2.603977883687883162e+19 2.581371155016519680e+19 2.541325002695640269e+19 2.477342945936158310e+19 2.382684849499155661e+19 2.247597888115905331e+19 2.056754423925409382e+19 1.783555023249402880e+19 1.367100652234189619e+19
2.617121844164434739e+19 2.614339736170147430e+19 2.603977883687883981e+19 2.581371155016520090e+19 2.541325002695639859e+19 2.477342945936157901e+19 2.382684849499156070e+19 2.247597888115905331e+19 2.056754423925410202e+19 1.783555023249403085e+19 1.367100652234190029e+19
2.617121844164435558e+19 2.614339736170147021e+19 2.603977883687883162e+19 2.581371155016520090e+19 2.541325002695639450e+19 2.477342945936157901e+19 2.382684849499156070e+19 2.247597888115905331e+19 2.056754423925410611e+19 1.783555023249403290e+19 1.367100652234189824e+19
2.617121844164435968e+19 2.614339736170146611e+19 2.603977883687883162e+19 2.581371155016520090e+19 2.541325002695639040e+19 2.477342945936157082e+19 2.382684849499156480e+19 2.247597888115905331e+19 2.056754423925410611e+19 1.783555023249403085e+19 1.367100652234189619e+19
2.617121844164436378e+19 2.614339736170147021e+19 2.603977883687883162e+19 2.581371155016520090e+19 2.541325002695640269e+19 2.477342945936157082e+19 2.382684849499157299e+19 2.247597888115905331e+19 2.056754423925410611e+19 1.783555023249403290e+19 1.367100652234189824e+19
2.617121844164436787e+19 2.614339736170146611e+19 2.603977883687883162e+19 2.581371155016519680e+19 2.541325002695641088e+19 2.477342945936157082e+19 2.382684849499155661e+19 2.247597888115905331e+19 2.056754423925411021e+19 1.783555023249403494e+19 1.367100652234189824e+19
2.617121844164436787e+19 2.614339736170147840e+19 2.603977883687883162e+19 2.581371155016520090e+19 2.541325002695641498e+19 2.477342945936157901e+19 2.382684849499155661e+19 2.247597888115905331e+19 2.056754423925411021e+19 1.783555023249403085e+19 1.367100652234189619e+19
2.617121844164436787e+19 2.614339736170147430e+19 2.603977883687883571e+19 2.581371155016520090e+19 2.541325002695641498e+19 2.477342945936158310e+19 2.382684849499155661e+19 2.247597888115905331e+19 2.056754423925411021e+19 1.783555023249402880e+19 1.367100652234189619e+19
2.617121844164438426e+19 2.614339736170148250e+19 2.603977883687883571e+19 2.581371155016520090e+19 2.541325002695641088e+19 2.477342945936158310e+19 2.382684849499155661e+19 2.247597888115905331e+19 2.056754423925410611e+19 1.783555023249402675e+19 1.367100652234189210e+19
2.617121844164438426e+19 2.614339736170147840e+19 2.603977883687883162e+19 2.581371155016520090e+19 2.541325002695641088e+19 2.477342945936157901e+19 2.382684849499156480e+19 2.247597888115905331e+19 2.056754423925410611e+19 1.783555023249402880e+19 1.367100652234189414e+19
2.617121844164438016e+19 2.614339736170147840e+19 2.603977883687883571e+19 2.581371155016520090e+19 2.541325002695641088e+19 2.477342945936157491e+19 2.382684849499156480e+19 2.247597888115905331e+19 2.056754423925410611e+19 1.783555023249403290e+19 1.367100652234189619e+19
2.617121844164438016e+19 2.614339736170148250e+19 2.603977883687883571e+19 2.581371155016520499e+19 2.541325002695641498e+19 2.477342945936157082e+19 2.382684849499156890e+19 2.247597888115905331e+19 2.056754423925410611e+19 1.783555023249403290e+19 1.367100652234189414e+19
2.617121844164438016e+19 2.614339736170147840e+19 2.603977883687883571e+19 2.581371155016520499e+19 2.541325002695640678e+19 2.477342945936157082e+19 2.382684849499156890e+19 2.247597888115905331e+19 2.056754423925410202e+19 1.783555023249403494e+19 1.367100652234189210e+19
2.617121844164437606e+19 2.614339736170147840e+19 2.603977883687883981e+19 2.581371155016520090e+19 2.541325002695640678e+19 2.477342945936155853e+19 2.382684849499156070e+19 2.247597888115905331e+19 2.056754423925410611e+19 1.783555023249403085e+19 1.367100652234189414e+19
2.617121844164436378e+19 2.614339736170147430e+19 2.603977883687883981e+19 2.581371155016520090e+19 2.541325002695640269e+19 2.477342945936156262e+19 2.382684849499156070e+19 2.247597888115905331e+19 2.056754423925410202e+19 1.783555023249403085e+19 1.367100652234189619e+19
2.617121844164435968e+19 2.614339736170148250e+19 2.603977883687884390e+19 2.581371155016520090e+19 2.541325002695640269e+19 2.477342945936156262e+19 2.382684849499156480e+19 2.247597888115905331e+19 2.056754423925410202e+19 1.783555023249402675e+19 1.367100652234189210e+19
2.617121844164435968e+19 2.614339736170147430e+19 2.603977883687883981e+19 2.581371155016520499e+19 2.541325002695639859e+19 2.477342945936156262e+19 2.382684849499156480e+19 2.247597888115905331e+19 2.056754423925409792e+19 1.783555023249402880e+19 1.367100652234189210e+19
2.617121844164436378e+19 2.614339736170147840e+19 2.603977883687884390e+19 2.581371155016520499e+19 2.541325002695640269e+19 2.477342945936156262e+19 2.382684849499155661e+19 2.247597888115905331e+19 2.056754423925409792e+19 1.783555023249403085e+19 1.367100652234188800e+19
2.617121844164435149e+19 2.614339736170147430e+19 2.603977883687884390e+19 2.581371155016520499e+19 2.541325002695639859e+19 2.477342945936155853e+19 2.382684849499155661e+19 2.247597888115905331e+19 2.056754423925409792e+19 1.783555023249403085e+19 1.367100652234189414e+19
2.617121844164435558e+19 2.614339736170148250e+19 2.603977883687884390e+19 2.581371155016520909e+19 2.541325002695639859e+19 2.477342945936155443e+19 2.382684849499153613e+19 2.247597888115905331e+19 2.056754423925409792e+19 1.783555023249403085e+19 1.367100652234189414e+19
2.617121844164435968e+19 2.614339736170148659e+19 2.603977883687884800e+19 2.581371155016520909e+19 2.541325002695639859e+19 2.477342945936155853e+19 2.382684849499153613e+19 2.247597888115905331e+19 2.056754423925409792e+19 1.783555023249403290e+19 1.367100652234189210e+19
2.617121844164435558e+19 2.614339736170148250e+19 2.603977883687883981e+19 2.581371155016520499e+19 2.541325002695640269e+19 2.477342945936155853e+19 2.382684849499154432e+19 2.247597888115905331e+19 2.056754423925409792e+19 1.783555023249402880e+19 1.367100652234188800e+19
2.617121844164436378e+19 2.614339736170148250e+19 2.603977883687884390e+19 2.581371155016520499e+19 2.541325002695640269e+19 2.477342945936155443e+19 2.382684849499154432e+19 2.247597888115905331e+19 2.056754423925409792e+19 1.783555023249402880e+19 1.367100652234188800e+19
2.617121844164436378e+19 2.614339736170148250e+19 2.603977883687884390e+19 2.581371155016520499e+19 2.541325002695640678e+19 2.477342945936156262e+19 2.382684849499154842e+19 2.247597888115905331e+19 2.056754423925409792e+19 1.783555023249402675e+19 1.367100652234189005e+19
2.617121844164436378e+19 2.614339736170149069e+19 2.603977883687883981e+19 2.581371155016520499e+19 2.541325002695640269e+19 2.477342945936156672e+19 2.382684849499154432e+19 2.247597888115905331e+19 2.056754423925409792e+19 1.783555023249402061e+19 1.367100652234188800e+19
2.617121844164435968e+19 2.614339736170148250e+19 2.603977883687884390e+19 2.581371155016520499e+19 2.541325002695640678e+19 2.477342945936156262e+19 2.382684849499154842e+19 2.247597888115905331e+19 2.056754423925409792e+19 1.783555023249402266e+19 1.367100652234189005e+19
2.617121844164435968e+19 2.614339736170148659e+19 2.603977883687883981e+19 2.581371155016520499e+19 2.541325002695640678e+19 2.477342945936156262e+19 2.382684849499154842e+19 2.247597888115905331e+19 2.056754423925409792e+19 1.783555023249402470e+19 1.367100652234189005e+19
2.617121844164436378e+19 2.614339736170148659e+19 2.603977883687884390e+19 2.581371155016520499e+19 2.541325002695640269e+19 2.477342945936156262e+19 2.382684849499155251e+19 2.247597888115905331e+19 2.056754423925409792e+19 1.783555023249402675e+19 1.367100652234189210e+19
2.617121844164435968e+19 2.614339736170148250e+19 2.603977883687884800e+19 2.581371155016520090e+19 2.541325002695639859e+19 2.477342945936156262e+19 2.382684849499155661e+19 2.247597888115905331e+19 2.056754423925409792e+19 1.783555023249402675e+19 1.367100652234189619e+19
2.617121844164435558e+19 2.614339736170148659e+19 2.603977883687884800e+19 2.581371155016520499e+19 2.541325002695639450e+19 2.477342945936156262e+19 2.382684849499156070e+19 2.247597888115905331e+19 2.056754423925409792e+19 1.783555023249402880e+19 1.367100652234189824e+19
2.617121844164435968e+19 2.614339736170148659e+19 2.603977883687885210e+19 2.581371155016520499e+19 2.541325002695639450e+19 2.477342945936156672e+19 2.382684849499156070e+19 2.247597888115905331e+19 2.056754423925409792e+19 1.783555023249403494e+19 1.367100652234189824e+19
2.617121844164435558e+19 2.614339736170149478e+19 2.603977883687885210e+19 2.581371155016520090e+19 2.541325002695639450e+19 2.477342945936156262e+19 2.382684849499155251e+19 2.247597888115905331e+19 2.056754423925409792e+19 1.783555023249403494e+19 1.367100652234190234e+19
2.617121844164435558e+19 2.614339736170149478e+19 2.603977883687885210e+19 2.581371155016520090e+19 2.541325002695639859e+19 2.477342945936156262e+19 2.382684849499156070e+19 2.247597888115905331e+19 2.056754423925409792e+19 1.783555023249403494e+19 1.367100652234189619e+19
2.617121844164435149e+19 2.614339736170149888e+19 2.603977883687886029e+19 2.581371155016520090e+19 2.541325002695639859e+19 2.477342945936155853e+19 2.382684849499157299e+19 2.247597888115905331e+19 2.056754423925409792e+19 1.783555023249403290e+19 1.367100652234189414e+19
2.617121844164435558e+19 2.614339736170149069e+19 2.603977883687885619e+19 2.581371155016520090e+19 2.541325002695639450e+19 2.477342945936156262e+19 2.382684849499157709e+19 2.247597888115905331e+19 2.056754423925409792e+19 1.783555023249403290e+19 1.367100652234189005e+19
2.617121844164435968e+19 2.614339736170149069e+19 2.603977883687885619e+19 2.581371155016520090e+19 2.541325002695639859e+19 2.477342945936155443e+19 2.382684849499157709e+19 2.247597888115905331e+19 2.056754423925409792e+19 1.783555023249403290e+19 1.367100652234189005e+19
2.617121844164435968e+19 2.614339736170149069e+19 2.603977883687886029e+19 2.581371155016520090e+19 2.541325002695639040e+19 2.477342945936155853e+19 2.382684849499157299e+19 2.247597888115905331e+19 2.056754423925409792e+19 1.783555023249403494e+19 1.367100652234189824e+19
2.617121844164436378e+19 2.614339736170148659e+19 2.603977883687885619e+19 2.581371155016520499e+19 2.541325002695639450e+19 2.477342945936155443e+19 2.382684849499158118e+19 2.247597888115905331e+19 2.056754423925409792e+19 1.783555023249403494e+19 1.367100652234189619e+19
2.617121844164435968e+19 2.614339736170149478e+19 2.603977883687886029e+19 2.581371155016520499e+19 2.541325002695639450e+19 2.477342945936155853e+19 2.382684849499157709e+19 2.247597888115905331e+19 2.056754423925409792e+19 1.783555023249403290e+19 1.367100652234189619e+19
2.617121844164435968e+19 2.614339736170149069e+19 2.603977883687886029e+19 2.581371155016520090e+19 2.541325002695639859e+19 2.477342945936155853e+19 2.382684849499158118e+19 2.247597888115905331e+19 2.056754423925409792e+19 1.783555023249403085e+19 1.367100652234190029e+19
2.617121844164436378e+19 2.614339736170149069e+19 2.603977883687886029e+19 2.581371155016520090e+19 2.541325002695639040e+19 2.477342945936155443e+19 2.382684849499156890e+19 2.247597888115905331e+19 2.056754423925409792e+19 1.783555023249402880e+19 1.367100652234189619e+19
2.617121844164435149e+19 2.614339736170149478e+19 2.603977883687886029e+19 2.581371155016520499e+19 2.541325002695639450e+19 2.477342945936155034e+19 2.382684849499157299e+19 2.247597888115905331e+19 2.056754423925409792e+19 1.783555023249402675e+19 1.367100652234189824e+19
2.617121844164435558e+19 2.614339736170149478e+19 2.603977883687885619e+19 2.581371155016520499e+19 2.541325002695639040e+19 2.477342945936154214e+19 2.382684849499156480e+19 2.247597888115905331e+19 2.056754423925409792e+19 1.783555023249402675e+19 1.367100652234189210e+19
2.617121844164435968e+19 2.614339736170150298e+19 2.603977883687885210e+19 2.581371155016520499e+19 2.541325002695639450e+19 2.477342945936154214e+19 2.382684849499155661e+19 2.247597888115905331e+19 2.056754423925409792e+19 1.783555023249402266e+19 1.367100652234189414e+19
2.617121844164435968e+19 2.614339736170149478e+19 2.603977883687885210e+19 2.581371155016520909e+19 2.541325002695639450e+19 2.477342945936153395e+19 2.382684849499155251e+19 2.247597888115905331e+19 2.056754423925409792e+19 1.783555023249401856e+19 1.367100652234189005e+19
2.617121844164435558e+19 2.614339736170149888e+19 2.603977883687885210e+19 2.581371155016520909e+19 2.541325002695639450e+19 2.477342945936153805e+19 2.382684849499155251e+19 2.247597888115905331e+19 2.056754423925409792e+19 1.783555023249401856e+19 1.367100652234189210e+19
2.617121844164435968e+19 2.614339736170149478e+19 2.603977883687885210e+19 2.581371155016521318e+19 2.541325002695639859e+19 2.477342945936153805e+19 2.382684849499156070e+19 2.247597888115905331e+19 2.056754423925409792e+19 1.783555023249402061e+19 1.367100652234188800e+19
2.617121844164435968e+19 2.614339736170149888e+19 2.603977883687885619e+19 2.581371155016520909e+19 2.541325002695639040e+19 2.477342945936154214e+19 2.382684849499156070e+19 2.247597888115905331e+19 2.056754423925409792e+19 1.783555023249402266e+19 1.367100652234188595e+19
2.617121844164435558e+19 2.614339736170149888e+19 2.603977883687885619e+19 2.581371155016521318e+19 2.541325002695639450e+19 2.477342945936153805e+19 2.382684849499156480e+19 2.247597888115905331e+19 2.056754423925409792e+19 1.783555023249402675e+19 1.367100652234188390e+19
2.617121844164436378e+19 2.614339736170149888e+19 2.603977883687885210e+19 2.581371155016521318e+19 2.541325002695639859e+19 2.477342945936154214e+19 2.382684849499156070e+19 2.247597888115905331e+19 2.056754423925409792e+19 1.783555023249402675e+19 1.367100652234188595e+19
2.617121844164436378e+19 2.614339736170150707e+19 2.603977883687885210e+19 2.581371155016521318e+19 2.541325002695639859e+19 2.477342945936155034e+19 2.382684849499156070e+19 2.247597888115905331e+19 2.056754423925409792e+19 1.783555023249402470e+19 1.367100652234189005e+19
2.617121844164435968e+19 2.614339736170150298e+19 2.603977883687885210e+19 2.581371155016521318e+19 2.541325002695639859e+19 2.477342945936154624e+19 2.382684849499155661e+19 2.247597888115905331e+19 2.056754423925409792e+19 1.783555023249402061e+19 1.367100652234188800e+19
2.617121844164436378e+19 2.614339736170150298e+19 2.603977883687885210e+19 2.581371155016521318e+19 2.541325002695639450e+19 2.477342945936153805e+19 2.382684849499156480e+19 2.247597888115905331e+19 2.056754423925409792e+19 1.783555023249401856e+19 1.367100652234189005e+19
2.617121844164437197e+19 2.614339736170150298e+19 2.603977883687885210e+19 2.581371155016521728e+19 2.541325002695639450e+19 2.477342945936153805e+19 2.382684849499156480e+19 2.247597888115905331e+19 2.056754423925409792e+19 1.783555023249401651e+19 1.367100652234189210e+19
2.617121844164436787e+19 2.614339736170149888e+19 2.603977883687885210e+19 2.581371155016522138e+19 2.541325002695639450e+19 2.477342945936154214e+19 2.382684849499156890e+19 2.247597888115905331e+19 2.056754423925409792e+19 1.783555023249401446e+19 1.367100652234189005e+19
2.617121844164436787e+19 2.614339736170150298e+19 2.603977883687884800e+19 2.581371155016521728e+19 2.541325002695639450e+19 2.477342945936154624e+19 2.382684849499156070e+19 2.247597888115905331e+19 2.056754423925409792e+19 1.783555023249401242e+19 1.367100652234189005e+19
2.617121844164437197e+19 2.614339736170149478e+19 2.603977883687885210e+19 2.581371155016521728e+19 2.541325002695639450e+19 2.477342945936155443e+19 2.382684849499156890e+19 2.247597888115905331e+19 2.056754423925409792e+19 1.783555023249401651e+19 1.367100652234189210e+19
2.617121844164436378e+19 2.614339736170149888e+19 2.603977883687885210e+19 2.581371155016521728e+19 2.541325002695639040e+19 2.477342945936154624e+19 2.382684849499157299e+19 2.247597888115905331e+19 2.056754423925409792e+19 1.783555023249401651e+19 1.367100652234189414e+19
2.617121844164436787e+19 2.614339736170149888e+19 2.603977883687884800e+19 2.581371155016522138e+19 2.541325002695639040e+19 2.477342945936154214e+19 2.382684849499156890e+19 2.247597888115905331e+19 2.056754423925409792e+19 1.783555023249401651e+19 1.367100652234189210e+19
2.617121844164437197e+19 2.614339736170149478e+19 2.603977883687884800e+19 2.581371155016521728e+19 2.541325002695639040e+19 2.477342945936153395e+19 2.382684849499156070e+19 2.247597888115905331e+19 2.056754423925409792e+19 1.783555023249401446e+19 1.367100652234189210e+19
2.617121844164437606e+19 2.614339736170150298e+19 2.603977883687884800e+19 2.581371155016521728e+19 2.541325002695638630e+19 2.477342945936153395e+19 2.382684849499156890e+19 2.247597888115905331e+19 2.056754423925409792e+19 1.783555023249401446e+19 1.367100652234189414e+19
2.617121844164438016e+19 2.614339736170150298e+19 2.603977883687884390e+19 2.581371155016522138e+19 2.541325002695638630e+19 2.477342945936153395e+19 2.382684849499156480e+19 2.247597888115905331e+19 2.056754423925409792e+19 1.783555023249401856e+19 1.367100652234189619e+19
2.617121844164438016e+19 2.614339736170150707e+19 2.603977883687884390e+19 2.581371155016522138e+19 2.541325002695639040e+19 2.477342945936153805e+19 2.382684849499157299e+19 2.247597888115905331e+19 2.056754423925409792e+19 1.783555023249401651e+19 1.367100652234189210e+19
2.617121844164438016e+19 2.614339736170150707e+19 2.603977883687884800e+19 2.581371155016522138e+19 2.541325002695639859e+19 2.477342945936153805e+19 2.382684849499156890e+19 2.247597888115905331e+19 2.056754423925409792e+19 1.783555023249401856e+19 1.367100652234189210e+19
2.617121844164438016e+19 2.614339736170150298e+19 2.603977883687884800e+19 2.581371155016522138e+19 2.541325002695639450e+19 2.477342945936152986e+19 2.382684849499157299e+19 2.247597888115905331e+19 2.056754423925409792e+19 1.783555023249401856e+19 1.367100652234189414e+19
2.617121844164438016e+19 2.614339736170150707e+19 2.603977883687884800e+19 2.581371155016522138e+19 2.541325002695639040e+19 2.477342945936152986e+19 2.382684849499157299e+19 2.247597888115905331e+19 2.056754423925409792e+19 1.783555023249401446e+19 1.367100652234190029e+19
2.617121844164438016e+19 2.614339736170149888e+19 2.603977883687884800e+19 2.581371155016522138e+19 2.541325002695638630e+19 2.477342945936152576e+19 2.382684849499157299e+19 2.247597888115905331e+19 2.056754423925409792e+19 1.783555023249401651e+19 1.367100652234190438e+19
2.617121844164438426e+19 2.614339736170149888e+19 2.603977883687884390e+19 2.581371155016522547e+19 2.541325002695638221e+19 2.477342945936153395e+19 2.382684849499156890e+19 2.247597888115905331e+19 2.056754423925409792e+19 1.783555023249401446e+19 1.367100652234190848e+19
2.617121844164438426e+19 2.614339736170149478e+19 2.603977883687884390e+19 2.581371155016522957e+19 2.541325002695638221e+19 2.477342945936152986e+19 2.382684849499156480e+19 2.247597888115905331e+19 2.056754423925409792e+19 1.783555023249401651e+19 1.367100652234191053e+19
2.617121844164438835e+19 2.614339736170148659e+19 2.603977883687884390e+19 2.581371155016522547e+19 2.541325002695638221e+19 2.477342945936153395e+19 2.382684849499156890e+19 2.247597888115905331e+19 2.056754423925409792e+19 1.783555023249401651e+19 1.367100652234191462e+19
2.617121844164438835e+19 2.614339736170149478e+19 2.603977883687884390e+19 2.581371155016522547e+19 2.541325002695638221e+19 2.477342945936153395e+19 2.382684849499156480e+19 2.247597888115905331e+19 2.056754423925409792e+19 1.783555023249401651e+19 1.367100652234191872e+19
2.617121844164439245e+19 2.614339736170148659e+19 2.603977883687883981e+19 2.581371155016522138e+19 2.541325002695638221e+19 2.477342945936154214e+19 2.382684849499156070e+19 2.247597888115905331e+19 2.056754423925409792e+19 1.783555023249401446e+19 1.367100652234192077e+19
2.617121844164439245e+19 2.614339736170148659e+19 2.603977883687883981e+19 2.581371155016522547e+19 2.541325002695638221e+19 2.477342945936153805e+19 2.382684849499156480e+19 2.247597888115905331e+19 2.056754423925409792e+19 1.783555023249401242e+19 1.367100652234192077e+19
2.617121844164439245e+19 2.614339736170149069e+19 2.603977883687884390e+19 2.581371155016522547e+19 2.541325002695637811e+19 2.477342945936153395e+19 2.382684849499157709e+19 2.247597888115905331e+19 2.056754423925409792e+19 1.783555023249401446e+19 1.367100652234192282e+19
2.617121844164438835e+19 2.614339736170148250e+19 2.603977883687884390e+19 2.581371155016522547e+19 2.541325002695637402e+19 2.477342945936152986e+19 2.382684849499156890e+19 2.247597888115905331e+19 2.056754423925409792e+19 1.783555023249401242e+19 1.367100652234192077e+19
2.617121844164438835e+19 2.614339736170148250e+19 2.603977883687883981e+19 2.581371155016522138e+19 2.541325002695638221e+19 2.477342945936153395e+19 2.382684849499156480e+19 2.247597888115905331e+19 2.056754423925409792e+19 1.783555023249401446e+19 1.367100652234192282e+19
2.617121844164438426e+19 2.614339736170147840e+19 2.603977883687883981e+19 2.581371155016522138e+19 2.541325002695637811e+19 2.477342945936153395e+19 2.382684849499156890e+19 2.247597888115905331e+19 2.056754423925409792e+19 1.783555023249401446e+19 1.367100652234192077e+19
2.617121844164438426e+19 2.614339736170147840e+19 2.603977883687883981e+19 2.581371155016522138e+19 2.541325002695637811e+19 2.477342945936153395e+19 2.382684849499157299e+19 2.247597888115905331e+19 2.056754423925409792e+19 1.783555023249401242e+19 1.367100652234192486e+19
2.617121844164438426e+19 2.614339736170148659e+19 2.603977883687883571e+19 2.581371155016522547e+19 2.541325002695637811e+19 2.477342945936153395e+19 2.382684849499158118e+19 2.247597888115905331e+19 2.056754423925409792e+19 1.783555023249401037e+19 1.367100652234192077e+19
2.617121844164438426e+19 2.614339736170148250e+19 2.603977883687883571e+19 2.581371155016522138e+19 2.541325002695637811e+19 2.477342945936153395e+19 2.382684849499158528e+19 2.247597888115905331e+19 2.056754423925409792e+19 1.783555023249400832e+19 1.367100652234192282e+19
2.617121844164438016e+19 2.614339736170148250e+19 2.603977883687883571e+19 2.581371155016521728e+19 2.541325002695637811e+19 2.477342945936153395e+19 2.382684849499159347e+19 2.247597888115905331e+19 2.056754423925409792e+19 1.783555023249400832e+19 1.367100652234192282e+19
2.617121844164438835e+19 2.614339736170147840e+19 2.603977883687883981e+19 2.581371155016521728e+19 2.541325002695637811e+19 2.477342945936152986e+19 2.382684849499159347e+19 2.247597888115905331e+19 2.056754423925409792e+19 1.783555023249401037e+19 1.367100652234192077e+19
2.617121844164439245e+19 2.614339736170147840e+19 2.603977883687883981e+19 2.581371155016521728e+19 2.541325002695637811e+19 2.477342945936153395e+19 2.382684849499159347e+19 2.247597888115905331e+19 2.056754423925409792e+19 1.783555023249401037e+19 1.367100652234192077e+19
2.617121844164438835e+19 2.614339736170148659e+19 2.603977883687883981e+19 2.581371155016521728e+19 2.541325002695637811e+19 2.477342945936152576e+19 2.382684849499159757e+19 2.247597888115905331e+19 2.056754423925409792e+19 1.783555023249401037e+19 1.367100652234192691e+19
2.617121844164438835e+19 2.614339736170147840e+19 2.603977883687883981e+19 2.581371155016522138e+19 2.541325002695637811e+19 2.477342945936152986e+19 2.382684849499158938e+19 2.247597888115905331e+19 2.056754423925409792e+19 1.783555023249400627e+19 1.367100652234192691e+19
2.617121844164439654e+19 2.614339736170148250e+19 2.603977883687884390e+19 2.581371155016521728e+19 2.541325002695637811e+19 2.477342945936153395e+19 2.382684849499159347e+19 2.247597888115905331e+19 2.056754423925409792e+19 1.783555023249400832e+19 1.367100652234192896e+19
2.617121844164439654e+19 2.614339736170148659e+19 2.603977883687884390e+19 2.581371155016522138e+19 2.541325002695637811e+19 2.477342945936154214e+19 2.382684849499158938e+19 2.247597888115905331e+19 2.056754423925409792e+19 1.783555023249401242e+19 1.367100652234193101e+19
2.617121844164439654e+19 2.614339736170148250e+19 2.603977883687883981e+19 2.581371155016521728e+19 2.541325002695637402e+19 2.477342945936154624e+19 2.382684849499158528e+19 2.247597888115905331e+19 2.056754423925409792e+19 1.783555023249401037e+19 1.367100652234193306e+19
2.617121844164440064e+19 2.614339736170148659e+19 2.603977883687883981e+19 2.581371155016521728e+19 2.541325002695637402e+19 2.477342945936155034e+19 2.382684849499159347e+19 2.247597888115905331e+19 2.056754423925409792e+19 1.783555023249400627e+19 1.367100652234193715e+19
2.617121844164440064e+19 2.614339736170148659e+19 2.603977883687884390e+19 2.581371155016521318e+19 2.541325002695636582e+19 2.477342945936154624e+19 2.382684849499158938e+19 2.247597888115905331e+19 2.056754423925409792e+19 1.783555023249401037e+19 1.367100652234193715e+19
2.617121844164439654e+19 2.614339736170148659e+19 2.603977883687883981e+19 2.581371155016521728e+19 2.541325002695637402e+19 2.477342945936153805e+19 2.382684849499158938e+19 2.247597888115905331e+19 2.056754423925409792e+19 1.783555023249401037e+19 1.367100652234193920e+19
2.617121844164440474e+19 2.614339736170149478e+19 2.603977883687883571e+19 2.581371155016521318e+19 2.541325002695636582e+19 2.477342945936154214e+19 2.382684849499160166e+19 2.247597888115905331e+19 2.056754423925409792e+19 1.783555023249401037e+19 1.367100652234193920e+19
2.617121844164440474e+19 2.614339736170149478e+19 2.603977883687883981e+19 2.581371155016521728e+19 2.541325002695636173e+19 2.477342945936153805e+19 2.382684849499159757e+19 2.247597888115905331e+19 2.056754423925409792e+19 1.783555023249401037e+19 1.367100652234193715e+19
2.617121844164440883e+19 2.614339736170149888e+19 2.603977883687884390e+19 2.581371155016521318e+19 2.541325002695636173e+19 2.477342945936154624e+19 2.382684849499159347e+19 2.247597888115905331e+19 2.056754423925409792e+19 1.783555023249400627e+19 1.367100652234193715e+19
2.617121844164440883e+19 2.614339736170150707e+19 2.603977883687884390e+19 2.581371155016521318e+19 2.541325002695636582e+19 2.477342945936154624e+19 2.382684849499159347e+19 2.247597888115905331e+19 2.056754423925409792e+19 1.783555023249400627e+19 1.367100652234193715e+19
2.617121844164440474e+19 2.614339736170149888e+19 2.603977883687884390e+19 2.581371155016521728e+19 2.541325002695636173e+19 2.477342945936155034e+19 2.382684849499159347e+19 2.247597888115905331e+19 2.056754423925409792e+19 1.783555023249400422e+19 1.367100652234194125e+19
2.617121844164440064e+19 2.614339736170150298e+19 2.603977883687884390e+19 2.581371155016520909e+19 2.541325002695636582e+19 2.477342945936155034e+19 2.382684849499158938e+19 2.247597888115905331e+19 2.056754423925409792e+19 1.783555023249400013e+19 1.367100652234193715e+19
2.617121844164440064e+19 2.614339736170150707e+19 2.603977883687884800e+19 2.581371155016520909e+19 2.541325002695636173e+19 2.477342945936155443e+19 2.382684849499159347e+19 2.247597888115905331e+19 2.056754423925409792e+19 1.783555023249400218e+19 1.367100652234193101e+19
2.617121844164440064e+19 2.614339736170150298e+19 2.603977883687884800e+19 2.581371155016520499e+19 2.541325002695635763e+19 2.477342945936155443e+19 2.382684849499158938e+19 2.247597888115905331e+19 2.056754423925409792e+19 1.783555023249400422e+19 1.367100652234192691e+19
2.617121844164440064e+19 2.614339736170150707e+19 2.603977883687884390e+19 2.581371155016521318e+19 2.541325002695635763e+19 2.477342945936154624e+19 2.382684849499159347e+19 2.247597888115905331e+19 2.056754423925409792e+19 1.783555023249400832e+19 1.367100652234192691e+19
2.617121844164440474e+19 2.614339736170150298e+19 2.603977883687884390e+19 2.581371155016521728e+19 2.541325002695635763e+19 2.477342945936155443e+19 2.382684849499158528e+19 2.247597888115905331e+19 2.056754423925409792e+19 1.783555023249401037e+19 1.367100652234192896e+19
2.617121844164439654e+19 2.614339736170150298e+19 2.603977883687883981e+19 2.581371155016520909e+19 2.541325002695635354e+19 2.477342945936155034e+19 2.382684849499158118e+19 2.247597888115905331e+19 2.056754423925409792e+19 1.783555023249401037e+19 1.367100652234192691e+19
2.617121844164439245e+19 2.614339736170150707e+19 2.603977883687883981e+19 2.581371155016520090e+19 2.541325002695635354e+19 2.477342945936155443e+19 2.382684849499158938e+19 2.247597888115905331e+19 2.056754423925409792e+19 1.783555023249401037e+19 1.367100652234192486e+19
2.617121844164439245e+19 2.614339736170150298e+19 2.603977883687883981e+19 2.581371155016520090e+19 2.541325002695635763e+19 2.477342945936155034e+19 2.382684849499159347e+19 2.247597888115905331e+19 2.056754423925409792e+19 1.783555023249401242e+19 1.367100652234192282e+19
2.617121844164438426e+19 2.614339736170150298e+19 2.603977883687883981e+19 2.581371155016519680e+19 2.541325002695636173e+19 2.477342945936155443e+19 2.382684849499157709e+19 2.247597888115905331e+19 2.056754423925409792e+19 1.783555023249401446e+19 1.367100652234192077e+19
2.617121844164438426e+19 2.614339736170149888e+19 2.603977883687883571e+19 2.581371155016520090e+19 2.541325002695636173e+19 2.477342945936155853e+19 2.382684849499157299e+19 2.247597888115905331e+19 2.056754423925409792e+19 1.783555023249401446e+19 1.367100652234191667e+19
2.617121844164438426e+19 2.614339736170149888e+19 2.603977883687883981e+19 2.581371155016520090e+19 2.541325002695636582e+19 2.477342945936155853e+19 2.382684849499157709e+19 2.247597888115905331e+19 2.056754423925409792e+19 1.783555023249401856e+19 1.367100652234191258e+19
2.617121844164438426e+19 2.614339736170150298e+19 2.603977883687883981e+19 2.581371155016520499e+19 2.541325002695636582e+19 2.477342945936155443e+19 2.382684849499158528e+19 2.247597888115905331e+19 2.056754423925409792e+19 1.783555023249401856e+19 1.367100652234191258e+19
2.617121844164438835e+19 2.614339736170149888e+19 2.603977883687883981e+19 2.581371155016520499e+19 2.541325002695635763e+19 2.477342945936155853e+19 2.382684849499159347e+19 2.247597888115905331e+19 2.056754423925409792e+19 1.783555023249401856e+19 1.367100652234190848e+19
2.617121844164438835e+19 2.614339736170149478e+19 2.603977883687883571e+19 2.581371155016520499e+19 2.541325002695635763e+19 2.477342945936155443e+19 2.382684849499159757e+19 2.247597888115905331e+19 2.056754423925409792e+19 1.783555023249401651e+19 1.367100652234190848e+19
2.617121844164438426e+19 2.614339736170149888e+19 2.603977883687883981e+19 2.581371155016520499e+19 2.541325002695635763e+19 2.477342945936155853e+19 2.382684849499158938e+19 2.247597888115905331e+19 2.056754423925409792e+19 1.783555023249401651e+19 1.367100652234191053e+19
2.617121844164438016e+19 2.614339736170149069e+19 2.603977883687884390e+19 2.581371155016520090e+19 2.541325002695635763e+19 2.477342945936155443e+19 2.382684849499157299e+19 2.247597888115905331e+19 2.056754423925409792e+19 1.783555023249401651e+19 1.367100652234190643e+19
2.617121844164438426e+19 2.614339736170148659e+19 2.603977883687884390e+19 2.581371155016519680e+19 2.541325002695635763e+19 2.477342945936155853e+19 2.382684849499158528e+19 2.247597888115905331e+19 2.056754423925409792e+19 1.783555023249401856e+19 1.367100652234190848e+19
2.617121844164439245e+19 2.614339736170149069e+19 2.603977883687884390e+19 2.581371155016518861e+19 2.541325002695636173e+19 2.477342945936155443e+19 2.382684849499157709e+19 2.247597888115905331e+19 2.056754423925409792e+19 1.783555023249401856e+19 1.367100652234190438e+19
2.617121844164439245e+19 2.614339736170148659e+19 2.603977883687883981e+19 2.581371155016518861e+19 2.541325002695636173e+19 2.477342945936155443e+19 2.382684849499158528e+19 2.247597888115905331e+19 2.056754423925409792e+19 1.783555023249402266e+19 1.367100652234191258e+19
2.617121844164439245e+19 2.614339736170148250e+19 2.603977883687884390e+19 2.581371155016519680e+19 2.541325002695635354e+19 2.477342945936155853e+19 2.382684849499157299e+19 2.247597888115905331e+19 2.056754423925409792e+19 1.783555023249402266e+19 1.367100652234191258e+19
2.617121844164439245e+19 2.614339736170148659e+19 2.603977883687883981e+19 2.581371155016519680e+19 2.541325002695635354e+19 2.477342945936155853e+19 2.382684849499157709e+19 2.247597888115905331e+19 2.056754423925409792e+19 1.783555023249402266e+19 1.367100652234191462e+19
2.617121844164439654e+19 2.614339736170148250e+19 2.603977883687883981e+19 2.581371155016519270e+19 2.541325002695635763e+19 2.477342945936156262e+19 2.382684849499158528e+19 2.247597888115905331e+19 2.056754423925409792e+19 1.783555023249402675e+19 1.367100652234191462e+19
2.617121844164439654e+19 2.614339736170148250e+19 2.603977883687883981e+19 2.581371155016519270e+19 2.541325002695635763e+19 2.477342945936155853e+19 2.382684849499158528e+19 2.247597888115905331e+19 2.056754423925409792e+19 1.783555023249402470e+19 1.367100652234191872e+19
2.617121844164439245e+19 2.614339736170148659e+19 2.603977883687883571e+19 2.581371155016519680e+19 2.541325002695635763e+19 2.477342945936155034e+19 2.382684849499158118e+19 2.247597888115905331e+19 2.056754423925409792e+19 1.783555023249402470e+19 1.367100652234191462e+19
2.617121844164439245e+19 2.614339736170147840e+19 2.603977883687883162e+19 2.581371155016519680e+19 2.541325002695635354e+19 2.477342945936156262e+19 2.382684849499157709e+19 2.247597888115905331e+19 2.056754423925409792e+19 1.783555023249402470e+19 1.367100652234191258e+19
2.617121844164440064e+19 2.614339736170148250e+19 2.603977883687883162e+19 2.581371155016519270e+19 2.541325002695635354e+19 2.477342945936156672e+19 2.382684849499156480e+19 2.247597888115905331e+19 2.056754423925409792e+19 1.783555023249402470e+19 1.367100652234190848e+19
2.617121844164440064e+19 2.614339736170149069e+19 2.603977883687883571e+19 2.581371155016519680e+19 2.541325002695635763e+19 2.477342945936155443e+19 2.382684849499156070e+19 2.247597888115905331e+19 2.056754423925409792e+19 1.783555023249401856e+19 1.367100652234190643e+19
2.617121844164440064e+19 2.614339736170148659e+19 2.603977883687883981e+19 2.581371155016519680e+19 2.541325002695634534e+19 2.477342945936155853e+19 2.382684849499155661e+19 2.247597888115905331e+19 2.056754423925409792e+19 1.783555023249401446e+19 1.367100652234190029e+19
2.617121844164440064e+19 2.614339736170149478e+19 2.603977883687884390e+19 2.581371155016519680e+19 2.541325002695634534e+19 2.477342945936157082e+19 2.382684849499155251e+19 2.247597888115905331e+19 2.056754423925409792e+19 1.783555023249401446e+19 1.367100652234190234e+19
2.617121844164440474e+19 2.614339736170149888e+19 2.603977883687883981e+19 2.581371155016519680e+19 2.541325002695634125e+19 2.477342945936155853e+19 2.382684849499154432e+19 2.247597888115905331e+19 2.056754423925409792e+19 1.783555023249401856e+19 1.367100652234190438e+19
2.617121844164440474e+19 2.614339736170150298e+19 2.603977883687883571e+19 2.581371155016519680e+19 2.541325002695634125e+19 2.477342945936155443e+19 2.382684849499154022e+19 2.247597888115905331e+19 2.056754423925409792e+19 1.783555023249401856e+19 1.367100652234190643e+19
2.617121844164440474e+19 2.614339736170150298e+19 2.603977883687883571e+19 2.581371155016520090e+19 2.541325002695634125e+19 2.477342945936154624e+19 2.382684849499154022e+19 2.247597888115905331e+19 2.056754423925409792e+19 1.783555023249401651e+19 1.367100652234190643e+19
2.617121844164440064e+19 2.614339736170149888e+19 2.603977883687883571e+19 2.581371155016520090e+19 2.541325002695633715e+19 2.477342945936155034e+19 2.382684849499154842e+19 2.247597888115905331e+19 2.056754423925409792e+19 1.783555023249401242e+19 1.367100652234190848e+19
2.617121844164440064e+19 2.614339736170149888e+19 2.603977883687883571e+19 2.581371155016520499e+19 2.541325002695633715e+19 2.477342945936155034e+19 2.382684849499156070e+19 2.247597888115905331e+19 2.056754423925409792e+19 1.783555023249400627e+19 1.367100652234191053e+19
2.617121844164440064e+19 2.614339736170150298e+19 2.603977883687883571e+19 2.581371155016520499e+19 2.541325002695634125e+19 2.477342945936155034e+19 2.382684849499156070e+19 2.247597888115905331e+19 2.056754423925409792e+19 1.783555023249401037e+19 1.367100652234190643e+19
2.617121844164440883e+19 2.614339736170149888e+19 2.603977883687883981e+19 2.581371155016520499e+19 2.541325002695634125e+19 2.477342945936155034e+19 2.382684849499156480e+19 2.247597888115905331e+19 2.056754423925409792e+19 1.783555023249401037e+19 1.367100652234190643e+19
2.617121844164440064e+19 2.614339736170149888e+19 2.603977883687883981e+19 2.581371155016520499e+19 2.541325002695634125e+19 2.477342945936154624e+19 2.382684849499157709e+19 2.247597888115905331e+19 2.056754423925409792e+19 1.783555023249400832e+19 1.367100652234191053e+19
2.617121844164439654e+19 2.614339736170150298e+19 2.603977883687883981e+19 2.581371155016520499e+19 2.541325002695634534e+19 2.477342945936153395e+19 2.382684849499156890e+19 2.247597888115905331e+19 2.056754423925409792e+19 1.783555023249401037e+19 1.367100652234190438e+19
2.617121844164439245e+19 2.614339736170149478e+19 2.603977883687883571e+19 2.581371155016520499e+19 2.541325002695634944e+19 2.477342945936155034e+19 2.382684849499157709e+19 2.247597888115905331e+19 2.056754423925409792e+19 1.783555023249401037e+19 1.367100652234190438e+19
2.617121844164439245e+19 2.614339736170149478e+19 2.603977883687883571e+19 2.581371155016520499e+19 2.541325002695635763e+19 2.477342945936153805e+19 2.382684849499158118e+19 2.247597888115905331e+19 2.056754423925409792e+19 1.783555023249401446e+19 1.367100652234190234e+19
2.617121844164439654e+19 2.614339736170149888e+19 2.603977883687883162e+19 2.581371155016520499e+19 2.541325002695635763e+19 2.477342945936153805e+19 2.382684849499158528e+19 2.247597888115905331e+19 2.056754423925409792e+19 1.783555023249401856e+19 1.367100652234190234e+19
2.617121844164439654e+19 2.614339736170148659e+19 2.603977883687883571e+19 2.581371155016520499e+19 2.541325002695636173e+19 2.477342945936155443e+19 2.382684849499158118e+19 2.247597888115905331e+19 2.056754423925409792e+19 1.783555023249401651e+19 1.367100652234190029e+19
2.617121844164439245e+19 2.614339736170149069e+19 2.603977883687883571e+19 2.581371155016520909e+19 2.541325002695635763e+19 2.477342945936153805e+19 2.382684849499158118e+19 2.247597888115905331e+19 2.056754423925409792e+19 1.783555023249402061e+19 1.367100652234190234e+19
2.617121844164439654e+19 2.614339736170149888e+19 2.603977883687883981e+19 2.581371155016520909e+19 2.541325002695636173e+19 2.477342945936152986e+19 2.382684849499158118e+19 2.247597888115905331e+19 2.056754423925409792e+19 1.783555023249402470e+19 1.367100652234190234e+19
2.617121844164439245e+19 2.614339736170149478e+19 2.603977883687883981e+19 2.581371155016520499e+19 2.541325002695636173e+19 2.477342945936154624e+19 2.382684849499157709e+19 2.247597888115905331e+19 2.056754423925409792e+19 1.783555023249402675e+19 1.367100652234189824e+19
2.617121844164438835e+19 2.614339736170149478e+19 2.603977883687883981e+19 2.581371155016520499e+19 2.541325002695635763e+19 2.477342945936157491e+19 2.382684849499158528e+19 2.247597888115905331e+19 2.056754423925409792e+19 1.783555023249402675e+19 1.367100652234189619e+19
2.617121844164438835e+19 2.614339736170149888e+19 2.603977883687883981e+19 2.581371155016520909e+19 2.541325002695636173e+19 2.477342945936155443e+19 2.382684849499158528e+19 2.247597888115905331e+19 2.056754423925409792e+19 1.783555023249402470e+19 1.367100652234189619e+19
2.617121844164438835e+19 2.614339736170149478e+19 2.603977883687883981e+19 2.581371155016520909e+19 2.541325002695636173e+19 2.477342945936153395e+19 2.382684849499156890e+19 2.247597888115905331e+19 2.056754423925409792e+19 1.783555023249402675e+19 1.367100652234189824e+19
2.617121844164439654e+19 2.614339736170149888e+19 2.603977883687883571e+19 2.581371155016521318e+19 2.541325002695635763e+19 2.477342945936152986e+19 2.382684849499156480e+19 2.247597888115905331e+19 2.056754423925409792e+19 1.783555023249402675e+19 1.367100652234189414e+19
2.617121844164439654e+19 2.614339736170149888e+19 2.603977883687883571e+19 2.581371155016521318e+19 2.541325002695635354e+19 2.477342945936153395e+19 2.382684849499156070e+19 2.247597888115905331e+19 2.056754423925409792e+19 1.783555023249402675e+19 1.367100652234189414e+19
2.617121844164438835e+19 2.614339736170149069e+19 2.603977883687884390e+19 2.581371155016521318e+19 2.541325002695635354e+19 2.477342945936155034e+19 2.382684849499156890e+19 2.247597888115905331e+19 2.056754423925409792e+19 1.783555023249403085e+19 1.367100652234189210e+19
2.617121844164439654e+19 2.614339736170148659e+19 2.603977883687883981e+19 2.581371155016521318e+19 2.541325002695634944e+19 2.477342945936157491e+19 2.382684849499156480e+19 2.247597888115905331e+19 2.056754423925409792e+19 1.783555023249402880e+19 1.367100652234189210e+19
2.617121844164439654e+19 2.614339736170149478e+19 2.603977883687883571e+19 2.581371155016521318e+19 2.541325002695634944e+19 2.477342945936159949e+19 2.382684849499157299e+19 2.247597888115905331e+19 2.056754423925409792e+19 1.783555023249402880e+19 1.367100652234189414e+19
2.617121844164438835e+19 2.614339736170149478e+19 2.603977883687883162e+19 2.581371155016521318e+19 2.541325002695635354e+19 2.477342945936161997e+19 2.382684849499157709e+19 2.247597888115905331e+19 2.056754423925409792e+19 1.783555023249402880e+19 1.367100652234189414e+19
2.617121844164438835e+19 2.614339736170149069e+19 2.603977883687882752e+19 2.581371155016521318e+19 2.541325002695635354e+19 2.477342945936164864e+19 2.382684849499158118e+19 2.247597888115905331e+19 2.056754423925409792e+19 1.783555023249402470e+19 1.367100652234189005e+19
2.617121844164438426e+19 2.614339736170149888e+19 2.603977883687882342e+19 2.581371155016521728e+19 2.541325002695634534e+19 2.477342945936167731e+19 2.382684849499157709e+19 2.247597888115905331e+19 2.056754423925409792e+19 1.783555023249402880e+19 1.367100652234189005e+19
2.617121844164438016e+19 2.614339736170149069e+19 2.603977883687882752e+19 2.581371155016521318e+19 2.541325002695634125e+19 2.477342945936170189e+19 2.382684849499158118e+19 2.247597888115905331e+19 2.056754423925409792e+19 1.783555023249402470e+19 1.367100652234189210e+19
2.617121844164437606e+19 2.614339736170148659e+19 2.603977883687882342e+19 2.581371155016521728e+19 2.541325002695634125e+19 2.477342945936172646e+19 2.382684849499157709e+19 2.247597888115905331e+19 2.056754423925409792e+19 1.783555023249402266e+19 1.367100652234189005e+19
2.617121844164437606e+19 2.614339736170149478e+19 2.603977883687882752e+19 2.581371155016521318e+19 2.541325002695634125e+19 2.477342945936174694e+19 2.382684849499157709e+19 2.247597888115905331e+19 2.056754423925409792e+19 1.783555023249402675e+19 1.367100652234188800e+19
2.617121844164437197e+19 2.614339736170149069e+19 2.603977883687882752e+19 2.581371155016521318e+19 2.541325002695634534e+19 2.477342945936175923e+19 2.382684849499157709e+19 2.247597888115905331e+19 2.056754423925409792e+19 1.783555023249403085e+19 1.367100652234188800e+19
2.617121844164437197e+19 2.614339736170149069e+19 2.603977883687883162e+19 2.581371155016520909e+19 2.541325002695634534e+19 2.477342945936175923e+19 2.382684849499158528e+19 2.247597888115905331e+19 2.056754423925409792e+19 1.783555023249403085e+19 1.367100652234188595e+19
2.617121844164437197e+19 2.614339736170149478e+19 2.603977883687883571e+19 2.581371155016521318e+19 2.541325002695634125e+19 2.477342945936174285e+19 2.382684849499158118e+19 2.247597888115905331e+19 2.056754423925409792e+19 1.783555023249403085e+19 1.367100652234188186e+19
2.617121844164436787e+19 2.614339736170149478e+19 2.603977883687883162e+19 2.581371155016521728e+19 2.541325002695633715e+19 2.477342945936171827e+19 2.382684849499158528e+19 2.247597888115905331e+19 2.056754423925409792e+19 1.783555023249402470e+19 1.367100652234188186e+19
2.617121844164436378e+19 2.614339736170149478e+19 2.603977883687882752e+19 2.581371155016521728e+19 2.541325002695633306e+19 2.477342945936171008e+19 2.382684849499158528e+19 2.247597888115905331e+19 2.056754423925409792e+19 1.783555023249402470e+19 1.367100652234188595e+19
2.617121844164436787e+19 2.614339736170149888e+19 2.603977883687882752e+19 2.581371155016521318e+19 2.541325002695632486e+19 2.477342945936173466e+19 2.382684849499158118e+19 2.247597888115905331e+19 2.056754423925409382e+19 1.783555023249402266e+19 1.367100652234188595e+19
2.617121844164435968e+19 2.614339736170149069e+19 2.603977883687882752e+19 2.581371155016521318e+19 2.541325002695633306e+19 2.477342945936174694e+19 2.382684849499156890e+19 2.247597888115905331e+19 2.056754423925410202e+19 1.783555023249402675e+19 1.367100652234188800e+19
2.617121844164435558e+19 2.614339736170149069e+19 2.603977883687882342e+19 2.581371155016521318e+19 2.541325002695633306e+19 2.477342945936173466e+19 2.382684849499157299e+19 2.247597888115905331e+19 2.056754423925410202e+19 1.783555023249403085e+19 1.367100652234188595e+19
2.617121844164435968e+19 2.614339736170149069e+19 2.603977883687882342e+19 2.581371155016521318e+19 2.541325002695632486e+19 2.477342945936171827e+19 2.382684849499157709e+19 2.247597888115905331e+19 2.056754423925409382e+19 1.783555023249402675e+19 1.367100652234188595e+19
2.617121844164436378e+19 2.614339736170149888e+19 2.603977883687882342e+19 2.581371155016521318e+19 2.541325002695633306e+19 2.477342945936174285e+19 2.382684849499157709e+19 2.247597888115905331e+19 2.056754423925409382e+19 1.783555023249402675e+19 1.367100652234188390e+19
2.617121844164435968e+19 2.614339736170149478e+19 2.603977883687882342e+19 2.581371155016521318e+19 2.541325002695633715e+19 2.477342945936174694e+19 2.382684849499158118e+19 2.247597888115905331e+19 2.056754423925409382e+19 1.783555023249402675e+19 1.367100652234188390e+19
2.617121844164436787e+19 2.614339736170149888e+19 2.603977883687882342e+19 2.581371155016520909e+19 2.541325002695632896e+19 2.477342945936171827e+19 2.382684849499157709e+19 2.247597888115905331e+19 2.056754423925409382e+19 1.783555023249402266e+19 1.367100652234187981e+19
2.617121844164438016e+19 2.614339736170150298e+19 2.603977883687882752e+19 2.581371155016520909e+19 2.541325002695633715e+19 2.477342945936173466e+19 2.382684849499156890e+19 2.247597888115905331e+19 2.056754423925409382e+19 1.783555023249401651e+19 1.367100652234187981e+19
2.617121844164438016e+19 2.614339736170150298e+19 2.603977883687883162e+19 2.581371155016520499e+19 2.541325002695633715e+19 2.477342945936173875e+19 2.382684849499157709e+19 2.247597888115905331e+19 2.056754423925409792e+19 1.783555023249401856e+19 1.367100652234187981e+19
2.617121844164438016e+19 2.614339736170150298e+19 2.603977883687882752e+19 2.581371155016520499e+19 2.541325002695634125e+19 2.477342945936171008e+19 2.382684849499157299e+19 2.247597888115905331e+19 2.056754423925410202e+19 1.783555023249401651e+19 1.367100652234187981e+19
2.617121844164438016e+19 2.614339736170151117e+19 2.603977883687882752e+19 2.581371155016520499e+19 2.541325002695633715e+19 2.477342945936172646e+19 2.382684849499157299e+19 2.247597888115905331e+19 2.056754423925410202e+19 1.783555023249401856e+19 1.367100652234187981e+19
2.617121844164437197e+19 2.614339736170150707e+19 2.603977883687882752e+19 2.581371155016520090e+19 2.541325002695634125e+19 2.477342945936171418e+19 2.382684849499157299e+19 2.247597888115905331e+19 2.056754423925410202e+19 1.783555023249401651e+19 1.367100652234188186e+19
2.617121844164437606e+19 2.614339736170150707e+19 2.603977883687882342e+19 2.581371155016520499e+19 2.541325002695633715e+19 2.477342945936171418e+19 2.382684849499157709e+19 2.247597888115905331e+19 2.056754423925410202e+19 1.783555023249401651e+19 1.367100652234188800e+19
2.617121844164438016e+19 2.614339736170150707e+19 2.603977883687882342e+19 2.581371155016520499e+19 2.541325002695633306e+19 2.477342945936171418e+19 2.382684849499157709e+19 2.247597888115905331e+19 2.056754423925409792e+19 1.783555023249401856e+19 1.367100652234188800e+19
2.617121844164438835e+19 2.614339736170150707e+19 2.603977883687882752e+19 2.581371155016520909e+19 2.541325002695633306e+19 2.477342945936171418e+19 2.382684849499158938e+19 2.247597888115905331e+19 2.056754423925410202e+19 1.783555023249401651e+19 1.367100652234189005e+19
2.617121844164439245e+19 2.614339736170150298e+19 2.603977883687882752e+19 2.581371155016520909e+19 2.541325002695632896e+19 2.477342945936172237e+19 2.382684849499158528e+19 2.247597888115905331e+19 2.056754423925410202e+19 1.783555023249402061e+19 1.367100652234188390e+19
2.617121844164439654e+19 2.614339736170150298e+19 2.603977883687882342e+19 2.581371155016520909e+19 2.541325002695632486e+19 2.477342945936171008e+19 2.382684849499158938e+19 2.247597888115905331e+19 2.056754423925410611e+19 1.783555023249401856e+19 1.367100652234189005e+19
2.617121844164439654e+19 2.614339736170150298e+19 2.603977883687882342e+19 2.581371155016520909e+19 2.541325002695633306e+19 2.477342945936171418e+19 2.382684849499158938e+19 2.247597888115905331e+19 2.056754423925411021e+19 1.783555023249401856e+19 1.367100652234188800e+19
2.617121844164438426e+19 2.614339736170150298e+19 2.603977883687882752e+19 2.581371155016520499e+19 2.541325002695632896e+19 2.477342945936170598e+19 2.382684849499159347e+19 2.247597888115905331e+19 2.056754423925411430e+19 1.783555023249401651e+19 1.367100652234188800e+19
2.617121844164438835e+19 2.614339736170150707e+19 2.603977883687882752e+19 2.581371155016520909e+19 2.541325002695633306e+19 2.477342945936170598e+19 2.382684849499158938e+19 2.247597888115905331e+19 2.056754423925411021e+19 1.783555023249401037e+19 1.367100652234189005e+19
2.617121844164438426e+19 2.614339736170151117e+19 2.603977883687882752e+19 2.581371155016520909e+19 2.541325002695633306e+19 2.477342945936170189e+19 2.382684849499159757e+19 2.247597888115905331e+19 2.056754423925411840e+19 1.783555023249400832e+19 1.367100652234189005e+19
2.617121844164438835e+19 2.614339736170150298e+19 2.603977883687883162e+19 2.581371155016520909e+19 2.541325002695633306e+19 2.477342945936168960e+19 2.382684849499160166e+19 2.247597888115905331e+19 2.056754423925411430e+19 1.783555023249401037e+19 1.367100652234189005e+19
2.617121844164438016e+19 2.614339736170149888e+19 2.603977883687883162e+19 2.581371155016520909e+19 2.541325002695633715e+19 2.477342945936169779e+19 2.382684849499160166e+19 2.247597888115905331e+19 2.056754423925411430e+19 1.783555023249401037e+19 1.367100652234188800e+19
2.617121844164437606e+19 2.614339736170150707e+19 2.603977883687883571e+19 2.581371155016520909e+19 2.541325002695633306e+19 2.477342945936168960e+19 2.382684849499159757e+19 2.247597888115905331e+19 2.056754423925411840e+19 1.783555023249401242e+19 1.367100652234188390e+19
2.617121844164437606e+19 2.614339736170149888e+19 2.603977883687883571e+19 2.581371155016520909e+19 2.541325002695633306e+19 2.477342945936169779e+19 2.382684849499159347e+19 2.247597888115905331e+19 2.056754423925411430e+19 1.783555023249401446e+19 1.367100652234188595e+19
2.617121844164437197e+19 2.614339736170150298e+19 2.603977883687883571e+19 2.581371155016520909e+19 2.541325002695633715e+19 2.477342945936170189e+19 2.382684849499159757e+19 2.247597888115905331e+19 2.056754423925411430e+19 1.783555023249401242e+19 1.367100652234188595e+19
2.617121844164437606e+19 2.614339736170150707e+19 2.603977883687883981e+19 2.581371155016521318e+19 2.541325002695633306e+19 2.477342945936169370e+19 2.382684849499159757e+19 2.247597888115905331e+19 2.056754423925411021e+19 1.783555023249400832e+19 1.367100652234189005e+19
2.617121844164437606e+19 2.614339736170151117e+19 2.603977883687883571e+19 2.581371155016520909e+19 2.541325002695633715e+19 2.477342945936170189e+19 2.382684849499159347e+19 2.247597888115905331e+19 2.056754423925411021e+19 1.783555023249400832e+19 1.367100652234188595e+19
2.617121844164438016e+19 2.614339736170150707e+19 2.603977883687883571e+19 2.581371155016520909e+19 2.541325002695634125e+19 2.477342945936169779e+19 2.382684849499159347e+19 2.247597888115905331e+19 2.056754423925411021e+19 1.783555023249400832e+19 1.367100652234188390e+19
2.617121844164438426e+19 2.614339736170151117e+19 2.603977883687883981e+19 2.581371155016520909e+19 2.541325002695633715e+19 2.477342945936168960e+19 2.382684849499158938e+19 2.247597888115905331e+19 2.056754423925411021e+19 1.783555023249401242e+19 1.367100652234188800e+19
2.617121844164438016e+19 2.614339736170151526e+19 2.603977883687883571e+19 2.581371155016520909e+19 2.541325002695633306e+19 2.477342945936169779e+19 2.382684849499158528e+19 2.247597888115905331e+19 2.056754423925411021e+19 1.783555023249401037e+19 1.367100652234188595e+19
2.617121844164438016e+19 2.614339736170151117e+19 2.603977883687883571e+19 2.581371155016520909e+19 2.541325002695633306e+19 2.477342945936170598e+19 2.382684849499158118e+19 2.247597888115905331e+19 2.056754423925411840e+19 1.783555023249401446e+19 1.367100652234189005e+19
2.617121844164438016e+19 2.614339736170151117e+19 2.603977883687883571e+19 2.581371155016520909e+19 2.541325002695633306e+19 2.477342945936170189e+19 2.382684849499157299e+19 2.247597888115905331e+19 2.056754423925411840e+19 1.783555023249401651e+19 1.367100652234188800e+19
2.617121844164438835e+19 2.614339736170151936e+19 2.603977883687883981e+19 2.581371155016521318e+19 2.541325002695633306e+19 2.477342945936170189e+19 2.382684849499157299e+19 2.247597888115905331e+19 2.056754423925411840e+19 1.783555023249401856e+19 1.367100652234189005e+19
2.617121844164438835e+19 2.614339736170151117e+19 2.603977883687883571e+19 2.581371155016520909e+19 2.541325002695633306e+19 2.477342945936170189e+19 2.382684849499156890e+19 2.247597888115905331e+19 2.056754423925412250e+19 1.783555023249401856e+19 1.367100652234188800e+19
2.617121844164438426e+19 2.614339736170151117e+19 2.603977883687883571e+19 2.581371155016520909e+19 2.541325002695633306e+19 2.477342945936170189e+19 2.382684849499156480e+19 2.247597888115905331e+19 2.056754423925411840e+19 1.783555023249402061e+19 1.367100652234188390e+19
2.617121844164437606e+19 2.614339736170151936e+19 2.603977883687883571e+19 2.581371155016520499e+19 2.541325002695633306e+19 2.477342945936170189e+19 2.382684849499156890e+19 2.247597888115905331e+19 2.056754423925411430e+19 1.783555023249402675e+19 1.367100652234188390e+19
2.617121844164436378e+19 2.614339736170151117e+19 2.603977883687883571e+19 2.581371155016520499e+19 2.541325002695633306e+19 2.477342945936169779e+19 2.382684849499156480e+19 2.247597888115905331e+19 2.056754423925411430e+19 1.783555023249402675e+19 1.367100652234189005e+19
2.617121844164436378e+19 2.614339736170150707e+19 2.603977883687883162e+19 2.581371155016520499e+19 2.541325002695633715e+19 2.477342945936170598e+19 2.382684849499157299e+19 2.247597888115905331e+19 2.056754423925411840e+19 1.783555023249402470e+19 1.367100652234189005e+19
2.617121844164435968e+19 2.614339736170151117e+19 2.603977883687883162e+19 2.581371155016520499e+19 2.541325002695634534e+19 2.477342945936171418e+19 2.382684849499157299e+19 2.247597888115905331e+19 2.056754423925411840e+19 1.783555023249402880e+19 1.367100652234189005e+19
2.617121844164435149e+19 2.614339736170150707e+19 2.603977883687883162e+19 2.581371155016520090e+19 2.541325002695634534e+19 2.477342945936171418e+19 2.382684849499158528e+19 2.247597888115905331e+19 2.056754423925411021e+19 1.783555023249403494e+19 1.367100652234188800e+19
2.617121844164435149e+19 2.614339736170150707e+19 2.603977883687883571e+19 2.581371155016519680e+19 2.541325002695635354e+19 2.477342945936171008e+19 2.382684849499158118e+19 2.247597888115905331e+19 2.056754423925411430e+19 1.783555023249403290e+19 1.367100652234189210e+19
2.617121844164435558e+19 2.614339736170150707e+19 2.603977883687883571e+19 2.581371155016519680e+19 2.541325002695635354e+19 2.477342945936170598e+19 2.382684849499156890e+19 2.247597888115905331e+19 2.056754423925411840e+19 1.783555023249403290e+19 1.367100652234189005e+19
2.617121844164435558e+19 2.614339736170150298e+19 2.603977883687883571e+19 2.581371155016520090e+19 2.541325002695635763e+19 2.477342945936170598e+19 2.382684849499156890e+19 2.247597888115905331e+19 2.056754423925411840e+19 1.783555023249403290e+19 1.367100652234189414e+19
2.617121844164435149e+19 2.614339736170150298e+19 2.603977883687883571e+19 2.581371155016520090e+19 2.541325002695636173e+19 2.477342945936171008e+19 2.382684849499156890e+19 2.247597888115905331e+19 2.056754423925411430e+19 1.783555023249403085e+19 1.367100652234189210e+19
2.617121844164435149e+19 2.614339736170150298e+19 2.603977883687883981e+19 2.581371155016520090e+19 2.541325002695636173e+19 2.477342945936171827e+19 2.382684849499157709e+19 2.247597888115905331e+19 2.056754423925411430e+19 1.783555023249403085e+19 1.367100652234188800e+19
2.617121844164434330e+19 2.614339736170150707e+19 2.603977883687884390e+19 2.581371155016520090e+19 2.541325002695636173e+19 2.477342945936171418e+19 2.382684849499157299e+19 2.247597888115905331e+19 2.056754423925411430e+19 1.783555023249402675e+19 1.367100652234188595e+19
2.617121844164435558e+19 2.614339736170150298e+19 2.603977883687883981e+19 2.581371155016520499e+19 2.541325002695636173e+19 2.477342945936171418e+19 2.382684849499158118e+19 2.247597888115905331e+19 2.056754423925411430e+19 1.783555023249403085e+19 1.367100652234188800e+19
2.617121844164435968e+19 2.614339736170149888e+19 2.603977883687884390e+19 2.581371155016520499e+19 2.541325002695636173e+19 2.477342945936171418e+19 2.382684849499158118e+19 2.247597888115905331e+19 2.056754423925411840e+19 1.783555023249403085e+19 1.367100652234189414e+19
2.617121844164435968e+19 2.614339736170150298e+19 2.603977883687883571e+19 2.581371155016520090e+19 2.541325002695636582e+19 2.477342945936171008e+19 2.382684849499157709e+19 2.247597888115905331e+19 2.056754423925412250e+19 1.783555023249402675e+19 1.367100652234189414e+19
2.617121844164435558e+19 2.614339736170150707e+19 2.603977883687883571e+19 2.581371155016519680e+19 2.541325002695636173e+19 2.477342945936170189e+19 2.382684849499156890e+19 2.247597888115905331e+19 2.056754423925411840e+19 1.783555023249402470e+19 1.367100652234189619e+19
2.617121844164435968e+19 2.614339736170150707e+19 2.603977883687883162e+19 2.581371155016520090e+19 2.541325002695636173e+19 2.477342945936169370e+19 2.382684849499156480e+19 2.247597888115905331e+19 2.056754423925412250e+19 1.783555023249403085e+19 1.367100652234189619e+19
2.617121844164436378e+19 2.614339736170151117e+19 2.603977883687883162e+19 2.581371155016519680e+19 2.541325002695636173e+19 2.477342945936168960e+19 2.382684849499156480e+19 2.247597888115905331e+19 2.056754423925412659e+19 1.783555023249403085e+19 1.367100652234189619e+19
2.617121844164435968e+19 2.614339736170151526e+19 2.603977883687882752e+19 2.581371155016520090e+19 2.541325002695635763e+19 2.477342945936168141e+19 2.382684849499156480e+19 2.247597888115905331e+19 2.056754423925413069e+19 1.783555023249402880e+19 1.367100652234189619e+19
2.617121844164436378e+19 2.614339736170151117e+19 2.603977883687882752e+19 2.581371155016519680e+19 2.541325002695635763e+19 2.477342945936168141e+19 2.382684849499157299e+19 2.247597888115905331e+19 2.056754423925413069e+19 1.783555023249403085e+19 1.367100652234190234e+19
2.617121844164436378e+19 2.614339736170150707e+19 2.603977883687882752e+19 2.581371155016519680e+19 2.541325002695636173e+19 2.477342945936167731e+19 2.382684849499157709e+19 2.247597888115905331e+19 2.056754423925413478e+19 1.783555023249402880e+19 1.367100652234190848e+19
2.617121844164437197e+19 2.614339736170151117e+19 2.603977883687882752e+19 2.581371155016520090e+19 2.541325002695636582e+19 2.477342945936167731e+19 2.382684849499158118e+19 2.247597888115905331e+19 2.056754423925413069e+19 1.783555023249403085e+19 1.367100652234190848e+19
2.617121844164437197e+19 2.614339736170150298e+19 2.603977883687882752e+19 2.581371155016520090e+19 2.541325002695636582e+19 2.477342945936167731e+19 2.382684849499159757e+19 2.247597888115905331e+19 2.056754423925412659e+19 1.783555023249403085e+19 1.367100652234190848e+19
2.617121844164437197e+19 2.614339736170150298e+19 2.603977883687882752e+19 2.581371155016519680e+19 2.541325002695636992e+19 2.477342945936167731e+19 2.382684849499159347e+19 2.247597888115905331e+19 2.056754423925413069e+19 1.783555023249403085e+19 1.367100652234190643e+19
2.617121844164437197e+19 2.614339736170150707e+19 2.603977883687882342e+19 2.581371155016519680e+19 2.541325002695636992e+19 2.477342945936167731e+19 2.382684849499160166e+19 2.247597888115905331e+19 2.056754423925412659e+19 1.783555023249403290e+19 1.367100652234190438e+19
2.617121844164437197e+19 2.614339736170151526e+19 2.603977883687882342e+19 2.581371155016519680e+19 2.541325002695636992e+19 2.477342945936167731e+19 2.382684849499160166e+19 2.247597888115905331e+19 2.056754423925413478e+19 1.783555023249403494e+19 1.367100652234189824e+19
2.617121844164437197e+19 2.614339736170150707e+19 2.603977883687882342e+19 2.581371155016519680e+19 2.541325002695636992e+19 2.477342945936167322e+19 2.382684849499159347e+19 2.247597888115905331e+19 2.056754423925413888e+19 1.783555023249404109e+19 1.367100652234189414e+19
2.617121844164438016e+19 2.614339736170151117e+19 2.603977883687882342e+19 2.581371155016519270e+19 2.541325002695636992e+19 2.477342945936167322e+19 2.382684849499159347e+19 2.247597888115905331e+19 2.056754423925413478e+19 1.783555023249403699e+19 1.367100652234189414e+19
2.617121844164438835e+19 2.614339736170151117e+19 2.603977883687882342e+19 2.581371155016519680e+19 2.541325002695636582e+19 2.477342945936166912e+19 2.382684849499158528e+19 2.247597888115905331e+19 2.056754423925413069e+19 1.783555023249404314e+19 1.367100652234189619e+19
2.617121844164438835e+19 2.614339736170150707e+19 2.603977883687882342e+19 2.581371155016519680e+19 2.541325002695636992e+19 2.477342945936166912e+19 2.382684849499157709e+19 2.247597888115905331e+19 2.056754423925413478e+19 1.783555023249404723e+19 1.367100652234189619e+19
2.617121844164438016e+19 2.614339736170151117e+19 2.603977883687881933e+19 2.581371155016520090e+19 2.541325002695636992e+19 2.477342945936167322e+19 2.382684849499157299e+19 2.247597888115905331e+19 2.056754423925413888e+19 1.783555023249404928e+19 1.367100652234189414e+19
2.617121844164437606e+19 2.614339736170151936e+19 2.603977883687882342e+19 2.581371155016520090e+19 2.541325002695636582e+19 2.477342945936166912e+19 2.382684849499157299e+19 2.247597888115905331e+19 2.056754423925413888e+19 1.783555023249404723e+19 1.367100652234189005e+19
2.617121844164437606e+19 2.614339736170151526e+19 2.603977883687882342e+19 2.581371155016519680e+19 2.541325002695636173e+19 2.477342945936166093e+19 2.382684849499157709e+19 2.247597888115905331e+19 2.056754423925414298e+19 1.783555023249404518e+19 1.367100652234189210e+19
2.617121844164437606e+19 2.614339736170151117e+19 2.603977883687882752e+19 2.581371155016519680e+19 2.541325002695635763e+19 2.477342945936166912e+19 2.382684849499157709e+19 2.247597888115905331e+19 2.056754423925413888e+19 1.783555023249404723e+19 1.367100652234189210e+19
2.617121844164437197e+19 2.614339736170151117e+19 2.603977883687883162e+19 2.581371155016520090e+19 2.541325002695635354e+19 2.477342945936166502e+19 2.382684849499156890e+19 2.247597888115905331e+19 2.056754423925413478e+19 1.783555023249404723e+19 1.367100652234189414e+19
2.617121844164437197e+19 2.614339736170151117e+19 2.603977883687883162e+19 2.581371155016520090e+19 2.541325002695635354e+19 2.477342945936166912e+19 2.382684849499157709e+19 2.247597888115905331e+19 2.056754423925413478e+19 1.783555023249404723e+19 1.367100652234189005e+19
2.617121844164436378e+19 2.614339736170150298e+19 2.603977883687883162e+19 2.581371155016519680e+19 2.541325002695634944e+19 2.477342945936166912e+19 2.382684849499157709e+19 2.247597888115905331e+19 2.056754423925413478e+19 1.783555023249404928e+19 1.367100652234189414e+19
2.617121844164436378e+19 2.614339736170150298e+19 2.603977883687883162e+19 2.581371155016519680e+19 2.541325002695634944e+19 2.477342945936166093e+19 2.382684849499158118e+19 2.247597888115905331e+19 2.056754423925413478e+19 1.783555023249405133e+19 1.367100652234189619e+19
2.617121844164435968e+19 2.614339736170151526e+19 2.603977883687883162e+19 2.581371155016519680e+19 2.541325002695634944e+19 2.477342945936166502e+19 2.382684849499158938e+19 2.247597888115905331e+19 2.056754423925413069e+19 1.783555023249404928e+19 1.367100652234189414e+19
2.617121844164436787e+19 2.614339736170150707e+19 2.603977883687882752e+19 2.581371155016519680e+19 2.541325002695634534e+19 2.477342945936166912e+19 2.382684849499158528e+19 2.247597888115905331e+19 2.056754423925413069e+19 1.783555023249405338e+19 1.367100652234189210e+19
2.617121844164437197e+19 2.614339736170151117e+19 2.603977883687882752e+19 2.581371155016519680e+19 2.541325002695634125e+19 2.477342945936166912e+19 2.382684849499158118e+19 2.247597888115905331e+19 2.056754423925413478e+19 1.783555023249405338e+19 1.367100652234188595e+19
2.617121844164436787e+19 2.614339736170151526e+19 2.603977883687882752e+19 2.581371155016519270e+19 2.541325002695634944e+19 2.477342945936167322e+19 2.382684849499158118e+19 2.247597888115905331e+19 2.056754423925413478e+19 1.783555023249405133e+19 1.367100652234188390e+19
2.617121844164436378e+19 2.614339736170151526e+19 2.603977883687882752e+19 2.581371155016519680e+19 2.541325002695634944e+19 2.477342945936167731e+19 2.382684849499157709e+19 2.247597888115905331e+19 2.056754423925413069e+19 1.783555023249404928e+19 1.367100652234188390e+19
2.617121844164436378e+19 2.614339736170150707e+19 2.603977883687882752e+19 2.581371155016519270e+19 2.541325002695634534e+19 2.477342945936167322e+19 2.382684849499157709e+19 2.247597888115905331e+19 2.056754423925413069e+19 1.783555023249405338e+19 1.367100652234188390e+19
2.617121844164436787e+19 2.614339736170151526e+19 2.603977883687882342e+19 2.581371155016519680e+19 2.541325002695634534e+19 2.477342945936167731e+19 2.382684849499158118e+19 2.247597888115905331e+19 2.056754423925413478e+19 1.783555023249404928e+19 1.367100652234188186e+19
2.617121844164436787e+19 2.614339736170151117e+19 2.603977883687882342e+19 2.581371155016519270e+19 2.541325002695634944e+19 2.477342945936167731e+19 2.382684849499157299e+19 2.247597888115905331e+19 2.056754423925413478e+19 1.783555023249404928e+19 1.367100652234188186e+19
2.617121844164437606e+19 2.614339736170151117e+19 2.603977883687882342e+19 2.581371155016519680e+19 2.541325002695634944e+19 2.477342945936167731e+19 2.382684849499157709e+19 2.247597888115905331e+19 2.056754423925414298e+19 1.783555023249404518e+19 1.367100652234188390e+19
2.617121844164437606e+19 2.614339736170150707e+19 2.603977883687882342e+19 2.581371155016519680e+19 2.541325002695634534e+19 2.477342945936167731e+19 2.382684849499158528e+19 2.247597888115905331e+19 2.056754423925414707e+19 1.783555023249404723e+19 1.367100652234188390e+19
2.617121844164436787e+19 2.614339736170151117e+19 2.603977883687882342e+19 2.581371155016519270e+19 2.541325002695633715e+19 2.477342945936168550e+19 2.382684849499158938e+19 2.247597888115905331e+19 2.056754423925415117e+19 1.783555023249404518e+19 1.367100652234188186e+19
2.617121844164437197e+19 2.614339736170149888e+19 2.603977883687882342e+19 2.581371155016519270e+19 2.541325002695634534e+19 2.477342945936168960e+19 2.382684849499158938e+19 2.247597888115905331e+19 2.056754423925414707e+19 1.783555023249405338e+19 1.367100652234188186e+19
2.617121844164437197e+19 2.614339736170149478e+19 2.603977883687882342e+19 2.581371155016519680e+19 2.541325002695634125e+19 2.477342945936168550e+19 2.382684849499160166e+19 2.247597888115905331e+19 2.056754423925413888e+19 1.783555023249405542e+19 1.367100652234187571e+19
2.617121844164436378e+19 2.614339736170149888e+19 2.603977883687882342e+19 2.581371155016519680e+19 2.541325002695634125e+19 2.477342945936168550e+19 2.382684849499160576e+19 2.247597888115905331e+19 2.056754423925413478e+19 1.783555023249405542e+19 1.367100652234187571e+19
2.617121844164435968e+19 2.614339736170150707e+19 2.603977883687882342e+19 2.581371155016519270e+19 2.541325002695634534e+19 2.477342945936168960e+19 2.382684849499160576e+19 2.247597888115905331e+19 2.056754423925413888e+19 1.783555023249405747e+19 1.367100652234187366e+19
2.617121844164435968e+19 2.614339736170149888e+19 2.603977883687882752e+19 2.581371155016519270e+19 2.541325002695633715e+19 2.477342945936168550e+19 2.382684849499160986e+19 2.247597888115905331e+19 2.056754423925414298e+19 1.783555023249406157e+19 1.367100652234187571e+19
2.617121844164435558e+19 2.614339736170149888e+19 2.603977883687882342e+19 2.581371155016519270e+19 2.541325002695633306e+19 2.477342945936168960e+19 2.382684849499160576e+19 2.247597888115905331e+19 2.056754423925414298e+19 1.783555023249405952e+19 1.367100652234187366e+19
2.617121844164435149e+19 2.614339736170150298e+19 2.603977883687882752e+19 2.581371155016519680e+19 2.541325002695633306e+19 2.477342945936168960e+19 2.382684849499160166e+19 2.247597888115905331e+19 2.056754423925414298e+19 1.783555023249406362e+19 1.367100652234187571e+19
2.617121844164435968e+19 2.614339736170149478e+19 2.603977883687882752e+19 2.581371155016519680e+19 2.541325002695633715e+19 2.477342945936169370e+19 2.382684849499159757e+19 2.247597888115905331e+19 2.056754423925414707e+19 1.783555023249406157e+19 1.367100652234187366e+19
2.617121844164435968e+19 2.614339736170149069e+19 2.603977883687883162e+19 2.581371155016519680e+19 2.541325002695633715e+19 2.477342945936169370e+19 2.382684849499160166e+19 2.247597888115905331e+19 2.056754423925414707e+19 1.783555023249405952e+19 1.367100652234187366e+19
2.617121844164436378e+19 2.614339736170149069e+19 2.603977883687883162e+19 2.581371155016519270e+19 2.541325002695633715e+19 2.477342945936169779e+19 2.382684849499160576e+19 2.247597888115905331e+19 2.056754423925414298e+19 1.783555023249406362e+19 1.367100652234187571e+19
2.617121844164435968e+19 2.614339736170149888e+19 2.603977883687883162e+19 2.581371155016519270e+19 2.541325002695633715e+19 2.477342945936170598e+19 2.382684849499160166e+19 2.247597888115905331e+19 2.056754423925414707e+19 1.783555023249406566e+19 1.367100652234187366e+19
2.617121844164437197e+19 2.614339736170149069e+19 2.603977883687883571e+19 2.581371155016519270e+19 2.541325002695633306e+19 2.477342945936170598e+19 2.382684849499160166e+19 2.247597888115905331e+19 2.056754423925415117e+19 1.783555023249406976e+19 1.367100652234187571e+19
2.617121844164436787e+19 2.614339736170149069e+19 2.603977883687883981e+19 2.581371155016519270e+19 2.541325002695633306e+19 2.477342945936169779e+19 2.382684849499160986e+19 2.247597888115905331e+19 2.056754423925415526e+19 1.783555023249406771e+19 1.367100652234187571e+19
2.617121844164436787e+19 2.614339736170149478e+19 2.603977883687883571e+19 2.581371155016519270e+19 2.541325002695633306e+19 2.477342945936169779e+19 2.382684849499161395e+19 2.247597888115905331e+19 2.056754423925415936e+19 1.783555023249407386e+19 1.367100652234187366e+19
2.617121844164436787e+19 2.614339736170149478e+19 2.603977883687883981e+19 2.581371155016518861e+19 2.541325002695632896e+19 2.477342945936169779e+19 2.382684849499161395e+19 2.247597888115905331e+19 2.056754423925415526e+19 1.783555023249407386e+19 1.367100652234187162e+19
2.617121844164436378e+19 2.614339736170148659e+19 2.603977883687883981e+19 2.581371155016519270e+19 2.541325002695633306e+19 2.477342945936170189e+19 2.382684849499160986e+19 2.247597888115905331e+19 2.056754423925415117e+19 1.783555023249407795e+19 1.367100652234186957e+19
2.617121844164435968e+19 2.614339736170148659e+19 2.603977883687883981e+19 2.581371155016518861e+19 2.541325002695633306e+19 2.477342945936170598e+19 2.382684849499160986e+19 2.247597888115905331e+19 2.056754423925415117e+19 1.783555023249407590e+19 1.367100652234186752e+19
2.617121844164435968e+19 2.614339736170149478e+19 2.603977883687884390e+19 2.581371155016519270e+19 2.541325002695633306e+19 2.477342945936170189e+19 2.382684849499160986e+19 2.247597888115905331e+19 2.056754423925415526e+19 1.783555023249407181e+19 1.367100652234187162e+19
2.617121844164435968e+19 2.614339736170149478e+19 2.603977883687884390e+19 2.581371155016519270e+19 2.541325002695633306e+19 2.477342945936169779e+19 2.382684849499161395e+19 2.247597888115905331e+19 2.056754423925415526e+19 1.783555023249407590e+19 1.367100652234186957e+19
2.617121844164435968e+19 2.614339736170148659e+19 2.603977883687883981e+19 2.581371155016519270e+19 2.541325002695633306e+19 2.477342945936169779e+19 2.382684849499161805e+19 2.247597888115905331e+19 2.056754423925415117e+19 1.783555023249407386e+19 1.367100652234187162e+19
2.617121844164436378e+19 2.614339736170148659e+19 2.603977883687883571e+19 2.581371155016519270e+19 2.541325002695633715e+19 2.477342945936170189e+19 2.382684849499162214e+19 2.247597888115905331e+19 2.056754423925415117e+19 1.783555023249407181e+19 1.367100652234186752e+19
2.617121844164435968e+19 2.614339736170148659e+19 2.603977883687883981e+19 2.581371155016519270e+19 2.541325002695633715e+19 2.477342945936170598e+19 2.382684849499162214e+19 2.247597888115905331e+19 2.056754423925415526e+19 1.783555023249406771e+19 1.367100652234186752e+19
2.617121844164436378e+19 2.614339736170148250e+19 2.603977883687883981e+19 2.581371155016518861e+19 2.541325002695634125e+19 2.477342945936170189e+19 2.382684849499161395e+19 2.247597888115905331e+19 2.056754423925415936e+19 1.783555023249407181e+19 1.367100652234186547e+19
2.617121844164436787e+19 2.614339736170147840e+19 2.603977883687883981e+19 2.581371155016518861e+19 2.541325002695633715e+19 2.477342945936171008e+19 2.382684849499161805e+19 2.247597888115905331e+19 2.056754423925415936e+19 1.783555023249408000e+19 1.367100652234186342e+19
2.617121844164436787e+19 2.614339736170148250e+19 2.603977883687884390e+19 2.581371155016518861e+19 2.541325002695633715e+19 2.477342945936170598e+19 2.382684849499162214e+19 2.247597888115905331e+19 2.056754423925416755e+19 1.783555023249408000e+19 1.367100652234186752e+19
2.617121844164436787e+19 2.614339736170148659e+19 2.603977883687884800e+19 2.581371155016518451e+19 2.541325002695633715e+19 2.477342945936170189e+19 2.382684849499161805e+19 2.247597888115905331e+19 2.056754423925416755e+19 1.783555023249408410e+19 1.367100652234186752e+19
2.617121844164436378e+19 2.614339736170148250e+19 2.603977883687884390e+19 2.581371155016518042e+19 2.541325002695633715e+19 2.477342945936170189e+19 2.382684849499161805e+19 2.247597888115905331e+19 2.056754423925416755e+19 1.783555023249408410e+19 1.367100652234187162e+19
2.617121844164436787e+19 2.614339736170147840e+19 2.603977883687884390e+19 2.581371155016518042e+19 2.541325002695634534e+19 2.477342945936170189e+19 2.382684849499161395e+19 2.247597888115905331e+19 2.056754423925417165e+19 1.783555023249408410e+19 1.367100652234187162e+19
2.617121844164435968e+19 2.614339736170147840e+19 2.603977883687884390e+19 2.581371155016518042e+19 2.541325002695634125e+19 2.477342945936170598e+19 2.382684849499161805e+19 2.247597888115905331e+19 2.056754423925417574e+19 1.783555023249408205e+19 1.367100652234187162e+19
2.617121844164435968e+19 2.614339736170148659e+19 2.603977883687884800e+19 2.581371155016518042e+19 2.541325002695633715e+19 2.477342945936171008e+19 2.382684849499160986e+19 2.247597888115905331e+19 2.056754423925417574e+19 1.783555023249408000e+19 1.367100652234187162e+19
2.617121844164435968e+19 2.614339736170148250e+19 2.603977883687884800e+19 2.581371155016518451e+19 2.541325002695633715e+19 2.477342945936170598e+19 2.382684849499160986e+19 2.247597888115905331e+19 2.056754423925417574e+19 1.783555023249408000e+19 1.367100652234187571e+19
2.617121844164435149e+19 2.614339736170148250e+19 2.603977883687884390e+19 2.581371155016518451e+19 2.541325002695633306e+19 2.477342945936171008e+19 2.382684849499161805e+19 2.247597888115905331e+19 2.056754423925417574e+19 1.783555023249408205e+19 1.367100652234187366e+19
2.617121844164435558e+19 2.614339736170148659e+19 2.603977883687883571e+19 2.581371155016518451e+19 2.541325002695632896e+19 2.477342945936171418e+19 2.382684849499160986e+19 2.247597888115905331e+19 2.056754423925418394e+19 1.783555023249408614e+19 1.367100652234187366e+19
2.617121844164435558e+19 2.614339736170148659e+19 2.603977883687883981e+19 2.581371155016518451e+19 2.541325002695632486e+19 2.477342945936171827e+19 2.382684849499160986e+19 2.247597888115905331e+19 2.056754423925418394e+19 1.783555023249408614e+19 1.367100652234187162e+19
2.617121844164435149e+19 2.614339736170148659e+19 2.603977883687884390e+19 2.581371155016518042e+19 2.541325002695631667e+19 2.477342945936172237e+19 2.382684849499160576e+19 2.247597888115905331e+19 2.056754423925417984e+19 1.783555023249408410e+19 1.367100652234187571e+19
2.617121844164435149e+19 2.614339736170148250e+19 2.603977883687884390e+19 2.581371155016518042e+19 2.541325002695631667e+19 2.477342945936173056e+19 2.382684849499160986e+19 2.247597888115905331e+19 2.056754423925417984e+19 1.783555023249408614e+19 1.367100652234187366e+19
2.617121844164434739e+19 2.614339736170148659e+19 2.603977883687884390e+19 2.581371155016518451e+19 2.541325002695632077e+19 2.477342945936173056e+19 2.382684849499160986e+19 2.247597888115905331e+19 2.056754423925417984e+19 1.783555023249408819e+19 1.367100652234187366e+19
2.617121844164434739e+19 2.614339736170149888e+19 2.603977883687884390e+19 2.581371155016518451e+19 2.541325002695632486e+19 2.477342945936172646e+19 2.382684849499161395e+19 2.247597888115905331e+19 2.056754423925418394e+19 1.783555023249409024e+19 1.367100652234186957e+19
2.617121844164434330e+19 2.614339736170149478e+19 2.603977883687883981e+19 2.581371155016518861e+19 2.541325002695632077e+19 2.477342945936173466e+19 2.382684849499161395e+19 2.247597888115905331e+19 2.056754423925417984e+19 1.783555023249409024e+19 1.367100652234187162e+19
2.617121844164435149e+19 2.614339736170149069e+19 2.603977883687883981e+19 2.581371155016518042e+19 2.541325002695632486e+19 2.477342945936172646e+19 2.382684849499161805e+19 2.247597888115905331e+19 2.056754423925418394e+19 1.783555023249409229e+19 1.367100652234187366e+19
2.617121844164434739e+19 2.614339736170149069e+19 2.603977883687883981e+19 2.581371155016518451e+19 2.541325002695632077e+19 2.477342945936173056e+19 2.382684849499162624e+19 2.247597888115905331e+19 2.056754423925417984e+19 1.783555023249409229e+19 1.367100652234187162e+19
2.617121844164434330e+19 2.614339736170149478e+19 2.603977883687883981e+19 2.581371155016519270e+19 2.541325002695632077e+19 2.477342945936172646e+19 2.382684849499161805e+19 2.247597888115905331e+19 2.056754423925417984e+19 1.783555023249409024e+19 1.367100652234187162e+19
2.617121844164434330e+19 2.614339736170149888e+19 2.603977883687884390e+19 2.581371155016518451e+19 2.541325002695632486e+19 2.477342945936171827e+19 2.382684849499162624e+19 2.247597888115905331e+19 2.056754423925418803e+19 1.783555023249408614e+19 1.367100652234186957e+19
2.617121844164434739e+19 2.614339736170149888e+19 2.603977883687884800e+19 2.581371155016517632e+19 2.541325002695632486e+19 2.477342945936171827e+19 2.382684849499163034e+19 2.247597888115905331e+19 2.056754423925419213e+19 1.783555023249408205e+19 1.367100652234186957e+19
2.617121844164434330e+19 2.614339736170150298e+19 2.603977883687884390e+19 2.581371155016517222e+19 2.541325002695632486e+19 2.477342945936171827e+19 2.382684849499163443e+19 2.247597888115905331e+19 2.056754423925418803e+19 1.783555023249407795e+19 1.367100652234186957e+19
2.617121844164433510e+19 2.614339736170149888e+19 2.603977883687884390e+19 2.581371155016516813e+19 2.541325002695632486e+19 2.477342945936172646e+19 2.382684849499163853e+19 2.247597888115905331e+19 2.056754423925419622e+19 1.783555023249407386e+19 1.367100652234186752e+19
2.617121844164433510e+19 2.614339736170150298e+19 2.603977883687884390e+19 2.581371155016517222e+19 2.541325002695632486e+19 2.477342945936172646e+19 2.382684849499163034e+19 2.247597888115905331e+19 2.056754423925419622e+19 1.783555023249407590e+19 1.367100652234186957e+19
2.617121844164433101e+19 2.614339736170149888e+19 2.603977883687884390e+19 2.581371155016517222e+19 2.541325002695632486e+19 2.477342945936172646e+19 2.382684849499163034e+19 2.247597888115905331e+19 2.056754423925419213e+19 1.783555023249407590e+19 1.367100652234186547e+19
2.617121844164432691e+19 2.614339736170149069e+19 2.603977883687884390e+19 2.581371155016517222e+19 2.541325002695633306e+19 2.477342945936172237e+19 2.382684849499163853e+19 2.247597888115905331e+19 2.056754423925419213e+19 1.783555023249407386e+19 1.367100652234186138e+19
2.617121844164432691e+19 2.614339736170149069e+19 2.603977883687883981e+19 2.581371155016517632e+19 2.541325002695633306e+19 2.477342945936172646e+19 2.382684849499164672e+19 2.247597888115905331e+19 2.056754423925419213e+19 1.783555023249407181e+19 1.367100652234186138e+19
2.617121844164431872e+19 2.614339736170149888e+19 2.603977883687883981e+19 2.581371155016517632e+19 2.541325002695632896e+19 2.477342945936172237e+19 2.382684849499165082e+19 2.247597888115905331e+19 2.056754423925419213e+19 1.783555023249407181e+19 1.367100652234185523e+19
2.617121844164432282e+19 2.614339736170150298e+19 2.603977883687884390e+19 2.581371155016517222e+19 2.541325002695632486e+19 2.477342945936172237e+19 2.382684849499165901e+19 2.247597888115905331e+19 2.056754423925420032e+19 1.783555023249408000e+19 1.367100652234185933e+19
2.617121844164431462e+19 2.614339736170149888e+19 2.603977883687884390e+19 2.581371155016517222e+19 2.541325002695632077e+19 2.477342945936172237e+19 2.382684849499165491e+19 2.247597888115905331e+19 2.056754423925420442e+19 1.783555023249407795e+19 1.367100652234185728e+19
2.617121844164431462e+19 2.614339736170149478e+19 2.603977883687884390e+19 2.581371155016517222e+19 2.541325002695632486e+19 2.477342945936171827e+19 2.382684849499165901e+19 2.247597888115905331e+19 2.056754423925420851e+19 1.783555023249408000e+19 1.367100652234185728e+19
2.617121844164431053e+19 2.614339736170149478e+19 2.603977883687884390e+19 2.581371155016517222e+19 2.541325002695632077e+19 2.477342945936173056e+19 2.382684849499166310e+19 2.247597888115905331e+19 2.056754423925421670e+19 1.783555023249407386e+19 1.367100652234185523e+19
2.617121844164431053e+19 2.614339736170149478e+19 2.603977883687884390e+19 2.581371155016517222e+19 2.541325002695632077e+19 2.477342945936172646e+19 2.382684849499166720e+19 2.247597888115905331e+19 2.056754423925421261e+19 1.783555023249407386e+19 1.367100652234185728e+19
2.617121844164431053e+19 2.614339736170149888e+19 2.603977883687884390e+19 2.581371155016517632e+19 2.541325002695632077e+19 2.477342945936172237e+19 2.382684849499166310e+19 2.247597888115905331e+19 2.056754423925421261e+19 1.783555023249407181e+19 1.367100652234186138e+19
2.617121844164431053e+19 2.614339736170150298e+19 2.603977883687883981e+19 2.581371155016518042e+19 2.541325002695632486e+19 2.477342945936173056e+19 2.382684849499167130e+19 2.247597888115905331e+19 2.056754423925421261e+19 1.783555023249406976e+19 1.367100652234185933e+19
2.617121844164431053e+19 2.614339736170150298e+19 2.603977883687884390e+19 2.581371155016518042e+19 2.541325002695631667e+19 2.477342945936173056e+19 2.382684849499166720e+19 2.247597888115905331e+19 2.056754423925420851e+19 1.783555023249407386e+19 1.367100652234185933e+19
2.617121844164430643e+19 2.614339736170149888e+19 2.603977883687884800e+19 2.581371155016517632e+19 2.541325002695632486e+19 2.477342945936173466e+19 2.382684849499166720e+19 2.247597888115905331e+19 2.056754423925421670e+19 1.783555023249406771e+19 1.367100652234185728e+19
2.617121844164429824e+19 2.614339736170150298e+19 2.603977883687883981e+19 2.581371155016518042e+19 2.541325002695632486e+19 2.477342945936173466e+19 2.382684849499166720e+19 2.247597888115905331e+19 2.056754423925421261e+19 1.783555023249406771e+19 1.367100652234185523e+19
2.617121844164429824e+19 2.614339736170150707e+19 2.603977883687883981e+19 2.581371155016518042e+19 2.541325002695633715e+19 2.477342945936174285e+19 2.382684849499166720e+19 2.247597888115905331e+19 2.056754423925421670e+19 1.783555023249406771e+19 1.367100652234185523e+19
2.617121844164429414e+19 2.614339736170151117e+19 2.603977883687884390e+19 2.581371155016518042e+19 2.541325002695632896e+19 2.477342945936174285e+19 2.382684849499166720e+19 2.247597888115905331e+19 2.056754423925421261e+19 1.783555023249406976e+19 1.367100652234185933e+19
2.617121844164429824e+19 2.614339736170151117e+19 2.603977883687883981e+19 2.581371155016518042e+19 2.541325002695632896e+19 2.477342945936174694e+19 2.382684849499166310e+19 2.247597888115905331e+19 2.056754423925421261e+19 1.783555023249407181e+19 1.367100652234185933e+19
2.617121844164429005e+19 2.614339736170150707e+19 2.603977883687883571e+19 2.581371155016518451e+19 2.541325002695633306e+19 2.477342945936174694e+19 2.382684849499166720e+19 2.247597888115905331e+19 2.056754423925421670e+19 1.783555023249406771e+19 1.367100652234185523e+19
2.617121844164429414e+19 2.614339736170150707e+19 2.603977883687883571e+19 2.581371155016518042e+19 2.541325002695634125e+19 2.477342945936174694e+19 2.382684849499166720e+19 2.247597888115905331e+19 2.056754423925421261e+19 1.783555023249406771e+19 1.367100652234185318e+19
2.617121844164429824e+19 2.614339736170150707e+19 2.603977883687883571e+19 2.581371155016518042e+19 2.541325002695633306e+19 2.477342945936174694e+19 2.382684849499165901e+19 2.247597888115905331e+19 2.056754423925420851e+19 1.783555023249406976e+19 1.367100652234185523e+19
2.617121844164429414e+19 2.614339736170150707e+19 2.603977883687883162e+19 2.581371155016518451e+19 2.541325002695632896e+19 2.477342945936175514e+19 2.382684849499166720e+19 2.247597888115905331e+19 2.056754423925420851e+19 1.783555023249406771e+19 1.367100652234185523e+19
2.617121844164429414e+19 2.614339736170150707e+19 2.603977883687883571e+19 2.581371155016518042e+19 2.541325002695633306e+19 2.477342945936175104e+19 2.382684849499166720e+19 2.247597888115905331e+19 2.056754423925420851e+19 1.783555023249406976e+19 1.367100652234185523e+19
2.617121844164429414e+19 2.614339736170151117e+19 2.603977883687883162e+19 2.581371155016518042e+19 2.541325002695633715e+19 2.477342945936175923e+19 2.382684849499167539e+19 2.247597888115905331e+19 2.056754423925421261e+19 1.783555023249407386e+19 1.367100652234185318e+19
2.617121844164429824e+19 2.614339736170150298e+19 2.603977883687883162e+19 2.581371155016518042e+19 2.541325002695632896e+19 2.477342945936175514e+19 2.382684849499167949e+19 2.247597888115905331e+19 2.056754423925420851e+19 1.783555023249407181e+19 1.367100652234185523e+19
2.617121844164429414e+19 2.614339736170150298e+19 2.603977883687883571e+19 2.581371155016518042e+19 2.541325002695633715e+19 2.477342945936175923e+19 2.382684849499167949e+19 2.247597888115905331e+19 2.056754423925420851e+19 1.783555023249406771e+19 1.367100652234185933e+19
2.617121844164429824e+19 2.614339736170150298e+19 2.603977883687883571e+19 2.581371155016518042e+19 2.541325002695633715e+19 2.477342945936175923e+19 2.382684849499167539e+19 2.247597888115905331e+19 2.056754423925420851e+19 1.783555023249406771e+19 1.367100652234185523e+19
2.617121844164429824e+19 2.614339736170150707e+19 2.603977883687882752e+19 2.581371155016518451e+19 2.541325002695633715e+19 2.477342945936176333e+19 2.382684849499167949e+19 2.247597888115905331e+19 2.056754423925421261e+19 1.783555023249406771e+19 1.367100652234185523e+19
2.617121844164430234e+19 2.614339736170150707e+19 2.603977883687883571e+19 2.581371155016518451e+19 2.541325002695633715e+19 2.477342945936176333e+19 2.382684849499167539e+19 2.247597888115905331e+19 2.056754423925420851e+19 1.783555023249406771e+19 1.367100652234185933e+19
2.617121844164429824e+19 2.614339736170151526e+19 2.603977883687883162e+19 2.581371155016518451e+19 2.541325002695633715e+19 2.477342945936176333e+19 2.382684849499167539e+19 2.247597888115905331e+19 2.056754423925420442e+19 1.783555023249406362e+19 1.367100652234186342e+19
2.617121844164430234e+19 2.614339736170151117e+19 2.603977883687882752e+19 2.581371155016518451e+19 2.541325002695633715e+19 2.477342945936175514e+19 2.382684849499167949e+19 2.247597888115905331e+19 2.056754423925420851e+19 1.783555023249406566e+19 1.367100652234186547e+19
2.617121844164431053e+19 2.614339736170150707e+19 2.603977883687882752e+19 2.581371155016518451e+19 2.541325002695634125e+19 2.477342945936175923e+19 2.382684849499167539e+19 2.247597888115905331e+19 2.056754423925420851e+19 1.783555023249406976e+19 1.367100652234185933e+19
2.617121844164430643e+19 2.614339736170150298e+19 2.603977883687883162e+19 2.581371155016518451e+19 2.541325002695634125e+19 2.477342945936175923e+19 2.382684849499166720e+19 2.247597888115905331e+19 2.056754423925420851e+19 1.783555023249407181e+19 1.367100652234185728e+19
2.617121844164431462e+19 2.614339736170150298e+19 2.603977883687882342e+19 2.581371155016518861e+19 2.541325002695634534e+19 2.477342945936175514e+19 2.382684849499166720e+19 2.247597888115905331e+19 2.056754423925420851e+19 1.783555023249406771e+19 1.367100652234185523e+19
2.617121844164431053e+19 2.614339736170150707e+19 2.603977883687882342e+19 2.581371155016518042e+19 2.541325002695634534e+19 2.477342945936175923e+19 2.382684849499166720e+19 2.247597888115905331e+19 2.056754423925420851e+19 1.783555023249406976e+19 1.367100652234185523e+19
2.617121844164431462e+19 2.614339736170150707e+19 2.603977883687882752e+19 2.581371155016518451e+19 2.541325002695634534e+19 2.477342945936175923e+19 2.382684849499166720e+19 2.247597888115905331e+19 2.056754423925420032e+19 1.783555023249406976e+19 1.367100652234185728e+19
2.617121844164431462e+19 2.614339736170149888e+19 2.603977883687881933e+19 2.581371155016518451e+19 2.541325002695634125e+19 2.477342945936175923e+19 2.382684849499166720e+19 2.247597888115905331e+19 2.056754423925420851e+19 1.783555023249407386e+19 1.367100652234185318e+19
2.617121844164431053e+19 2.614339736170149888e+19 2.603977883687881523e+19 2.581371155016518042e+19 2.541325002695634534e+19 2.477342945936176333e+19 2.382684849499166720e+19 2.247597888115905331e+19 2.056754423925420851e+19 1.783555023249407590e+19 1.367100652234185728e+19
2.617121844164431872e+19 2.614339736170149478e+19 2.603977883687881933e+19 2.581371155016518042e+19 2.541325002695633715e+19 2.477342945936175923e+19 2.382684849499166720e+19 2.247597888115905331e+19 2.056754423925421670e+19 1.783555023249406976e+19 1.367100652234185933e+19
2.617121844164431872e+19 2.614339736170149478e+19 2.603977883687882342e+19 2.581371155016518042e+19 2.541325002695633306e+19 2.477342945936176742e+19 2.382684849499167949e+19 2.247597888115905331e+19 2.056754423925421670e+19 1.783555023249406771e+19 1.367100652234185933e+19
2.617121844164431872e+19 2.614339736170150298e+19 2.603977883687882752e+19 2.581371155016518042e+19 2.541325002695633306e+19 2.477342945936176333e+19 2.382684849499167539e+19 2.247597888115905331e+19 2.056754423925422080e+19 1.783555023249406771e+19 1.367100652234185728e+19
2.617121844164431462e+19 2.614339736170150298e+19 2.603977883687882342e+19 2.581371155016518861e+19 2.541325002695633306e+19 2.477342945936176333e+19 2.382684849499167539e+19 2.247597888115905331e+19 2.056754423925421670e+19 1.783555023249406771e+19 1.367100652234185523e+19
2.617121844164431872e+19 2.614339736170149888e+19 2.603977883687882342e+19 2.581371155016518861e+19 2.541325002695633306e+19 2.477342945936177152e+19 2.382684849499167130e+19 2.247597888115905331e+19 2.056754423925421670e+19 1.783555023249406771e+19 1.367100652234185728e+19
2.617121844164431462e+19 2.614339736170149478e+19 2.603977883687882342e+19 2.581371155016518861e+19 2.541325002695633715e+19 2.477342945936177152e+19 2.382684849499167130e+19 2.247597888115905331e+19 2.056754423925422490e+19 1.783555023249406976e+19 1.367100652234185933e+19
2.617121844164431053e+19 2.614339736170149888e+19 2.603977883687882342e+19 2.581371155016519270e+19 2.541325002695634125e+19 2.477342945936176333e+19 2.382684849499167949e+19 2.247597888115905331e+19 2.056754423925422490e+19 1.783555023249407181e+19 1.367100652234185728e+19
2.617121844164431462e+19 2.614339736170149888e+19 2.603977883687881933e+19 2.581371155016519270e+19 2.541325002695633715e+19 2.477342945936177971e+19 2.382684849499169178e+19 2.247597888115905331e+19 2.056754423925422899e+19 1.783555023249406976e+19 1.367100652234185318e+19
2.617121844164431053e+19 2.614339736170149888e+19 2.603977883687881933e+19 2.581371155016519270e+19 2.541325002695633306e+19 2.477342945936179200e+19 2.382684849499169178e+19 2.247597888115905331e+19 2.056754423925422490e+19 1.783555023249406566e+19 1.367100652234185728e+19
2.617121844164431872e+19 2.614339736170149888e+19 2.603977883687881933e+19 2.581371155016519270e+19 2.541325002695632896e+19 2.477342945936178790e+19 2.382684849499170406e+19 2.247597888115905331e+19 2.056754423925423309e+19 1.783555023249406771e+19 1.367100652234185728e+19
2.617121844164432691e+19 2.614339736170150707e+19 2.603977883687881933e+19 2.581371155016518861e+19 2.541325002695633306e+19 2.477342945936179200e+19 2.382684849499170406e+19 2.247597888115905331e+19 2.056754423925423309e+19 1.783555023249406771e+19 1.367100652234185933e+19
2.617121844164433101e+19 2.614339736170149478e+19 2.603977883687882342e+19 2.581371155016518861e+19 2.541325002695633306e+19 2.477342945936178790e+19 2.382684849499169587e+19 2.247597888115905331e+19 2.056754423925423309e+19 1.783555023249407181e+19 1.367100652234185523e+19
2.617121844164433510e+19 2.614339736170149478e+19 2.603977883687882342e+19 2.581371155016518861e+19 2.541325002695633306e+19 2.477342945936178790e+19 2.382684849499169997e+19 2.247597888115905331e+19 2.056754423925423309e+19 1.783555023249407386e+19 1.367100652234185728e+19
2.617121844164434330e+19 2.614339736170149478e+19 2.603977883687882342e+19 2.581371155016518861e+19 2.541325002695633306e+19 2.477342945936179610e+19 2.382684849499169997e+19 2.247597888115905331e+19 2.056754423925423309e+19 1.783555023249407386e+19 1.367100652234185523e+19
2.617121844164433510e+19 2.614339736170149478e+19 2.603977883687882342e+19 2.581371155016518451e+19 2.541325002695633715e+19 2.477342945936178790e+19 2.382684849499170816e+19 2.247597888115905331e+19 2.056754423925423309e+19 1.783555023249407386e+19 1.367100652234185728e+19
2.617121844164433510e+19 2.614339736170149888e+19 2.603977883687882342e+19 2.581371155016518451e+19 2.541325002695634125e+19 2.477342945936179200e+19 2.382684849499170816e+19 2.247597888115905331e+19 2.056754423925424128e+19 1.783555023249407795e+19 1.367100652234186342e+19
2.617121844164433510e+19 2.614339736170149888e+19 2.603977883687882342e+19 2.581371155016518451e+19 2.541325002695634534e+19 2.477342945936179200e+19 2.382684849499171226e+19 2.247597888115905331e+19 2.056754423925424128e+19 1.783555023249407795e+19 1.367100652234186138e+19
2.617121844164433920e+19 2.614339736170149478e+19 2.603977883687881933e+19 2.581371155016518042e+19 2.541325002695634534e+19 2.477342945936179200e+19 2.382684849499171635e+19 2.247597888115905331e+19 2.056754423925424128e+19 1.783555023249407386e+19 1.367100652234185523e+19
2.617121844164433920e+19 2.614339736170149478e+19 2.603977883687882342e+19 2.581371155016518042e+19 2.541325002695634534e+19 2.477342945936178790e+19 2.382684849499172045e+19 2.247597888115905331e+19 2.056754423925423718e+19 1.783555023249407590e+19 1.367100652234185728e+19
2.617121844164434739e+19 2.614339736170148659e+19 2.603977883687881933e+19 2.581371155016518042e+19 2.541325002695633715e+19 2.477342945936178381e+19 2.382684849499171226e+19 2.247597888115905331e+19 2.056754423925423718e+19 1.783555023249407795e+19 1.367100652234186138e+19
2.617121844164434739e+19 2.614339736170149888e+19 2.603977883687881933e+19 2.581371155016517632e+19 2.541325002695633715e+19 2.477342945936177971e+19 2.382684849499171226e+19 2.247597888115905331e+19 2.056754423925424128e+19 1.783555023249408000e+19 1.367100652234185728e+19
2.617121844164434739e+19 2.614339736170149478e+19 2.603977883687881523e+19 2.581371155016518042e+19 2.541325002695634125e+19 2.477342945936177971e+19 2.382684849499171226e+19 2.247597888115905331e+19 2.056754423925424128e+19 1.783555023249408000e+19 1.367100652234185523e+19
2.617121844164435149e+19 2.614339736170149478e+19 2.603977883687881523e+19 2.581371155016517632e+19 2.541325002695633715e+19 2.477342945936178381e+19 2.382684849499170406e+19 2.247597888115905331e+19 2.056754423925423718e+19 1.783555023249408205e+19 1.367100652234185728e+19
2.617121844164435558e+19 2.614339736170149478e+19 2.603977883687881523e+19 2.581371155016517632e+19 2.541325002695631258e+19 2.477342945936178381e+19 2.382684849499170406e+19 2.247597888115905331e+19 2.056754423925423718e+19 1.783555023249408614e+19 1.367100652234185728e+19
2.617121844164436378e+19 2.614339736170149888e+19 2.603977883687881523e+19 2.581371155016516813e+19 2.541325002695629619e+19 2.477342945936178790e+19 2.382684849499170816e+19 2.247597888115905331e+19 2.056754423925423718e+19 1.783555023249408614e+19 1.367100652234185933e+19
2.617121844164436378e+19 2.614339736170150298e+19 2.603977883687881933e+19 2.581371155016518042e+19 2.541325002695627981e+19 2.477342945936179200e+19 2.382684849499171226e+19 2.247597888115905331e+19 2.056754423925424128e+19 1.783555023249408614e+19 1.367100652234185728e+19
2.617121844164436787e+19 2.614339736170150298e+19 2.603977883687882342e+19 2.581371155016518042e+19 2.541325002695628800e+19 2.477342945936179610e+19 2.382684849499171226e+19 2.247597888115905331e+19 2.056754423925424128e+19 1.783555023249408410e+19 1.367100652234185933e+19
2.617121844164437197e+19 2.614339736170149888e+19 2.603977883687881933e+19 2.581371155016517632e+19 2.541325002695629210e+19 2.477342945936179610e+19 2.382684849499171635e+19 2.247597888115905331e+19 2.056754423925424128e+19 1.783555023249408000e+19 1.367100652234186342e+19
2.617121844164437606e+19 2.614339736170150298e+19 2.603977883687881933e+19 2.581371155016517632e+19 2.541325002695629210e+19 2.477342945936179200e+19 2.382684849499172454e+19 2.247597888115905331e+19 2.056754423925424128e+19 1.783555023249407795e+19 1.367100652234186342e+19
2.617121844164438016e+19 2.614339736170150298e+19 2.603977883687881933e+19 2.581371155016517632e+19 2.541325002695629619e+19 2.477342945936178381e+19 2.382684849499172864e+19 2.247597888115905331e+19 2.056754423925424128e+19 1.783555023249407590e+19 1.367100652234186547e+19
2.617121844164437197e+19 2.614339736170150707e+19 2.603977883687881523e+19 2.581371155016518042e+19 2.541325002695629619e+19 2.477342945936178381e+19 2.382684849499172864e+19 2.247597888115905331e+19 2.056754423925424128e+19 1.783555023249407386e+19 1.367100652234186752e+19
2.617121844164436378e+19 2.614339736170150298e+19 2.603977883687881933e+19 2.581371155016517632e+19 2.541325002695630029e+19 2.477342945936179200e+19 2.382684849499172864e+19 2.247597888115905331e+19 2.056754423925424947e+19 1.783555023249406976e+19 1.367100652234186957e+19
2.617121844164436787e+19 2.614339736170149888e+19 2.603977883687881933e+19 2.581371155016518042e+19 2.541325002695630029e+19 2.477342945936179610e+19 2.382684849499172864e+19 2.247597888115905331e+19 2.056754423925425357e+19 1.783555023249407181e+19 1.367100652234187162e+19
2.617121844164436378e+19 2.614339736170149888e+19 2.603977883687881933e+19 2.581371155016517632e+19 2.541325002695630438e+19 2.477342945936179200e+19 2.382684849499172864e+19 2.247597888115905331e+19 2.056754423925425357e+19 1.783555023249407181e+19 1.367100652234187162e+19
2.617121844164436378e+19 2.614339736170150707e+19 2.603977883687881933e+19 2.581371155016517632e+19 2.541325002695630848e+19 2.477342945936179200e+19 2.382684849499172864e+19 2.247597888115905331e+19 2.056754423925425766e+19 1.783555023249407590e+19 1.367100652234187776e+19
2.617121844164436378e+19 2.614339736170150707e+19 2.603977883687881933e+19 2.581371155016517632e+19 2.541325002695630848e+19 2.477342945936179200e+19 2.382684849499172454e+19 2.247597888115905331e+19 2.056754423925426176e+19 1.783555023249407386e+19 1.367100652234187981e+19
2.617121844164436378e+19 2.614339736170150707e+19 2.603977883687882342e+19 2.581371155016517632e+19 2.541325002695630848e+19 2.477342945936179200e+19 2.382684849499172045e+19 2.247597888115905331e+19 2.056754423925426586e+19 1.783555023249407386e+19 1.367100652234187981e+19
2.617121844164436378e+19 2.614339736170151117e+19 2.603977883687882342e+19 2.581371155016517632e+19 2.541325002695630438e+19 2.477342945936179610e+19 2.382684849499172045e+19 2.247597888115905331e+19 2.056754423925426995e+19 1.783555023249407795e+19 1.367100652234187776e+19
2.617121844164435968e+19 2.614339736170151526e+19 2.603977883687882342e+19 2.581371155016518042e+19 2.541325002695630438e+19 2.477342945936178790e+19 2.382684849499171635e+19 2.247597888115905331e+19 2.056754423925426586e+19 1.783555023249407590e+19 1.367100652234187366e+19
2.617121844164436787e+19 2.614339736170151117e+19 2.603977883687882752e+19 2.581371155016517632e+19 2.541325002695630438e+19 2.477342945936177971e+19 2.382684849499172864e+19 2.247597888115905331e+19 2.056754423925426995e+19 1.783555023249407590e+19 1.367100652234187162e+19
2.617121844164436378e+19 2.614339736170150707e+19 2.603977883687882342e+19 2.581371155016517632e+19 2.541325002695630029e+19 2.477342945936178790e+19 2.382684849499173274e+19 2.247597888115905331e+19 2.056754423925426586e+19 1.783555023249408000e+19 1.367100652234186957e+19
2.617121844164436787e+19 2.614339736170150298e+19 2.603977883687882342e+19 2.581371155016518042e+19 2.541325002695630029e+19 2.477342945936178790e+19 2.382684849499172864e+19 2.247597888115905331e+19 2.056754423925426586e+19 1.783555023249407590e+19 1.367100652234186547e+19
2.617121844164436787e+19 2.614339736170150298e+19 2.603977883687882752e+19 2.581371155016518042e+19 2.541325002695629210e+19 2.477342945936178790e+19 2.382684849499173274e+19 2.247597888115905331e+19 2.056754423925426586e+19 1.783555023249408000e+19 1.367100652234186547e+19
2.617121844164436787e+19 2.614339736170150298e+19 2.603977883687882342e+19 2.581371155016518042e+19 2.541325002695629619e+19 2.477342945936178790e+19 2.382684849499173274e+19 2.247597888115905331e+19 2.056754423925427405e+19 1.783555023249408000e+19 1.367100652234186752e+19
2.617121844164436378e+19 2.614339736170150298e+19 2.603977883687882342e+19 2.581371155016518042e+19 2.541325002695627981e+19 2.477342945936178381e+19 2.382684849499174093e+19 2.247597888115905331e+19 2.056754423925427405e+19 1.783555023249408205e+19 1.367100652234186342e+19
2.617121844164436787e+19 2.614339736170150298e+19 2.603977883687882342e+19 2.581371155016517632e+19 2.541325002695629210e+19 2.477342945936177971e+19 2.382684849499173274e+19 2.247597888115905331e+19 2.056754423925427405e+19 1.783555023249408000e+19 1.367100652234186342e+19
2.617121844164436378e+19 2.614339736170150707e+19 2.603977883687882342e+19 2.581371155016518451e+19 2.541325002695628800e+19 2.477342945936178790e+19 2.382684849499173274e+19 2.247597888115905331e+19 2.056754423925427405e+19 1.783555023249407181e+19 1.367100652234186342e+19
2.617121844164435558e+19 2.614339736170150707e+19 2.603977883687881933e+19 2.581371155016517222e+19 2.541325002695629210e+19 2.477342945936178381e+19 2.382684849499174093e+19 2.247597888115905331e+19 2.056754423925427405e+19 1.783555023249407590e+19 1.367100652234185933e+19
2.617121844164436378e+19 2.614339736170150707e+19 2.603977883687882342e+19 2.581371155016516403e+19 2.541325002695629210e+19 2.477342945936178381e+19 2.382684849499173274e+19 2.247597888115905331e+19 2.056754423925427814e+19 1.783555023249408000e+19 1.367100652234185933e+19
2.617121844164436787e+19 2.614339736170150707e+19 2.603977883687882752e+19 2.581371155016516813e+19 2.541325002695629619e+19 2.477342945936178381e+19 2.382684849499173683e+19 2.247597888115905331e+19 2.056754423925427405e+19 1.783555023249408205e+19 1.367100652234186138e+19
2.617121844164436787e+19 2.614339736170150707e+19 2.603977883687882342e+19 2.581371155016516813e+19 2.541325002695630029e+19 2.477342945936178381e+19 2.382684849499173683e+19 2.247597888115905331e+19 2.056754423925427405e+19 1.783555023249408000e+19 1.367100652234185933e+19
2.617121844164436787e+19 2.614339736170150298e+19 2.603977883687882752e+19 2.581371155016516813e+19 2.541325002695630438e+19 2.477342945936178790e+19 2.382684849499173274e+19 2.247597888115905331e+19 2.056754423925427405e+19 1.783555023249407795e+19 1.367100652234185933e+19
2.617121844164437197e+19 2.614339736170150707e+19 2.603977883687882752e+19 2.581371155016516813e+19 2.541325002695630029e+19 2.477342945936178381e+19 2.382684849499172864e+19 2.247597888115905331e+19 2.056754423925427405e+19 1.783555023249407386e+19 1.367100652234186342e+19
2.617121844164437197e+19 2.614339736170151117e+19 2.603977883687883162e+19 2.581371155016517222e+19 2.541325002695630029e+19 2.477342945936178381e+19 2.382684849499173274e+19 2.247597888115905331e+19 2.056754423925427405e+19 1.783555023249407181e+19 1.367100652234186342e+19
2.617121844164436787e+19 2.614339736170151117e+19 2.603977883687882752e+19 2.581371155016516813e+19 2.541325002695630029e+19 2.477342945936178381e+19 2.382684849499172864e+19 2.247597888115905331e+19 2.056754423925426995e+19 1.783555023249407386e+19 1.367100652234186752e+19
2.617121844164436787e+19 2.614339736170151936e+19 2.603977883687882752e+19 2.581371155016516403e+19 2.541325002695630029e+19 2.477342945936177971e+19 2.382684849499174502e+19 2.247597888115905331e+19 2.056754423925426586e+19 1.783555023249407386e+19 1.367100652234186138e+19
2.617121844164436378e+19 2.614339736170151936e+19 2.603977883687882342e+19 2.581371155016516403e+19 2.541325002695630029e+19 2.477342945936178790e+19 2.382684849499173683e+19 2.247597888115905331e+19 2.056754423925426586e+19 1.783555023249407590e+19 1.367100652234185728e+19
2.617121844164436787e+19 2.614339736170151526e+19 2.603977883687882342e+19 2.581371155016515994e+19 2.541325002695630029e+19 2.477342945936178381e+19 2.382684849499173683e+19 2.247597888115905331e+19 2.056754423925426995e+19 1.783555023249407590e+19 1.367100652234185318e+19
2.617121844164437197e+19 2.614339736170152755e+19 2.603977883687882752e+19 2.581371155016515584e+19 2.541325002695630029e+19 2.477342945936178381e+19 2.382684849499174502e+19 2.247597888115905331e+19 2.056754423925426586e+19 1.783555023249407386e+19 1.367100652234185523e+19
2.617121844164437197e+19 2.614339736170151936e+19 2.603977883687882342e+19 2.581371155016515994e+19 2.541325002695630438e+19 2.477342945936178790e+19 2.382684849499174093e+19 2.247597888115905331e+19 2.056754423925426586e+19 1.783555023249407386e+19 1.367100652234185318e+19
2.617121844164437606e+19 2.614339736170152755e+19 2.603977883687882342e+19 2.581371155016515994e+19 2.541325002695630029e+19 2.477342945936178381e+19 2.382684849499174912e+19 2.247597888115905331e+19 2.056754423925426995e+19 1.783555023249407590e+19 1.367100652234185728e+19
2.617121844164438016e+19 2.614339736170152346e+19 2.603977883687882752e+19 2.581371155016515994e+19 2.541325002695630438e+19 2.477342945936178381e+19 2.382684849499175322e+19 2.247597888115905331e+19 2.056754423925426586e+19 1.783555023249407386e+19 1.367100652234185728e+19
2.617121844164438835e+19 2.614339736170152755e+19 2.603977883687882342e+19 2.581371155016515994e+19 2.541325002695630848e+19 2.477342945936178790e+19 2.382684849499174912e+19 2.247597888115905331e+19 2.056754423925426176e+19 1.783555023249407590e+19 1.367100652234185933e+19
2.617121844164438835e+19 2.614339736170151936e+19 2.603977883687882752e+19 2.581371155016516403e+19 2.541325002695630848e+19 2.477342945936177971e+19 2.382684849499175322e+19 2.247597888115905331e+19 2.056754423925426176e+19 1.783555023249408205e+19 1.367100652234185933e+19
2.617121844164439245e+19 2.614339736170152755e+19 2.603977883687882342e+19 2.581371155016515994e+19 2.541325002695630848e+19 2.477342945936180429e+19 2.382684849499175322e+19 2.247597888115905331e+19 2.056754423925426586e+19 1.783555023249408205e+19 1.367100652234185933e+19
2.617121844164439245e+19 2.614339736170152346e+19 2.603977883687882752e+19 2.581371155016515584e+19 2.541325002695630848e+19 2.477342945936182477e+19 2.382684849499176141e+19 2.247597888115905331e+19 2.056754423925426586e+19 1.783555023249408410e+19 1.367100652234185728e+19
2.617121844164438426e+19 2.614339736170153574e+19 2.603977883687882752e+19 2.581371155016515174e+19 2.541325002695630848e+19 2.477342945936184525e+19 2.382684849499176550e+19 2.247597888115905331e+19 2.056754423925426586e+19 1.783555023249408205e+19 1.367100652234185933e+19
2.617121844164438835e+19 2.614339736170152346e+19 2.603977883687882342e+19 2.581371155016515584e+19 2.541325002695630848e+19 2.477342945936182886e+19 2.382684849499176960e+19 2.247597888115905331e+19 2.056754423925425766e+19 1.783555023249408000e+19 1.367100652234186138e+19
2.617121844164438835e+19 2.614339736170152755e+19 2.603977883687881933e+19 2.581371155016515174e+19 2.541325002695630438e+19 2.477342945936183296e+19 2.382684849499176550e+19 2.247597888115905331e+19 2.056754423925425766e+19 1.783555023249408000e+19 1.367100652234185933e+19
2.617121844164438426e+19 2.614339736170152755e+19 2.603977883687881933e+19 2.581371155016515174e+19 2.541325002695630438e+19 2.477342945936183706e+19 2.382684849499177370e+19 2.247597888115905331e+19 2.056754423925425766e+19 1.783555023249407590e+19 1.367100652234186342e+19
2.617121844164438016e+19 2.614339736170152346e+19 2.603977883687881933e+19 2.581371155016515174e+19 2.541325002695630848e+19 2.477342945936183706e+19 2.382684849499177370e+19 2.247597888115905331e+19 2.056754423925425357e+19 1.783555023249407590e+19 1.367100652234186138e+19
2.617121844164438016e+19 2.614339736170152755e+19 2.603977883687882342e+19 2.581371155016515174e+19 2.541325002695630438e+19 2.477342945936183706e+19 2.382684849499177370e+19 2.247597888115905331e+19 2.056754423925424947e+19 1.783555023249407386e+19 1.367100652234185933e+19
2.617121844164437606e+19 2.614339736170152346e+19 2.603977883687882342e+19 2.581371155016515174e+19 2.541325002695630438e+19 2.477342945936184115e+19 2.382684849499176960e+19 2.247597888115905331e+19 2.056754423925425357e+19 1.783555023249407386e+19 1.367100652234185523e+19
2.617121844164436787e+19 2.614339736170152346e+19 2.603977883687882342e+19 2.581371155016515174e+19 2.541325002695630438e+19 2.477342945936183706e+19 2.382684849499177370e+19 2.247597888115905331e+19 2.056754423925425357e+19 1.783555023249407590e+19 1.367100652234185114e+19
2.617121844164436378e+19 2.614339736170152755e+19 2.603977883687882752e+19 2.581371155016515584e+19 2.541325002695630438e+19 2.477342945936182886e+19 2.382684849499177779e+19 2.247597888115905331e+19 2.056754423925424947e+19 1.783555023249407795e+19 1.367100652234185318e+19
2.617121844164436378e+19 2.614339736170152346e+19 2.603977883687882342e+19 2.581371155016515994e+19 2.541325002695630029e+19 2.477342945936183296e+19 2.382684849499177370e+19 2.247597888115905331e+19 2.056754423925425357e+19 1.783555023249407590e+19 1.367100652234185523e+19
2.617121844164435968e+19 2.614339736170152755e+19 2.603977883687881933e+19 2.581371155016515994e+19 2.541325002695630848e+19 2.477342945936183706e+19 2.382684849499176960e+19 2.247597888115905331e+19 2.056754423925425357e+19 1.783555023249407590e+19 1.367100652234185523e+19
2.617121844164435558e+19 2.614339736170152755e+19 2.603977883687881933e+19 2.581371155016515994e+19 2.541325002695630438e+19 2.477342945936184115e+19 2.382684849499176960e+19 2.247597888115905331e+19 2.056754423925425357e+19 1.783555023249407386e+19 1.367100652234185318e+19
2.617121844164435968e+19 2.614339736170152346e+19 2.603977883687882342e+19 2.581371155016515994e+19 2.541325002695630029e+19 2.477342945936184115e+19 2.382684849499177370e+19 2.247597888115905331e+19 2.056754423925425357e+19 1.783555023249406976e+19 1.367100652234185523e+19
2.617121844164436378e+19 2.614339736170152346e+19 2.603977883687882752e+19 2.581371155016515994e+19 2.541325002695630438e+19 2.477342945936184525e+19 2.382684849499176960e+19 2.247597888115905331e+19 2.056754423925425766e+19 1.783555023249406976e+19 1.367100652234185933e+19
2.617121844164436378e+19 2.614339736170151936e+19 2.603977883687882752e+19 2.581371155016515584e+19 2.541325002695630029e+19 2.477342945936185344e+19 2.382684849499177370e+19 2.247597888115905331e+19 2.056754423925425766e+19 1.783555023249406771e+19 1.367100652234185933e+19
2.617121844164436378e+19 2.614339736170151526e+19 2.603977883687882752e+19 2.581371155016515994e+19 2.541325002695630029e+19 2.477342945936184525e+19 2.382684849499177370e+19 2.247597888115905331e+19 2.056754423925424947e+19 1.783555023249406566e+19 1.367100652234185933e+19
2.617121844164436378e+19 2.614339736170151936e+19 2.603977883687882752e+19 2.581371155016515584e+19 2.541325002695630029e+19 2.477342945936184115e+19 2.382684849499178189e+19 2.247597888115905331e+19 2.056754423925425766e+19 1.783555023249406566e+19 1.367100652234186138e+19
2.617121844164436787e+19 2.614339736170151936e+19 2.603977883687882752e+19 2.581371155016515994e+19 2.541325002695630438e+19 2.477342945936184115e+19 2.382684849499178189e+19 2.247597888115905331e+19 2.056754423925426176e+19 1.783555023249406566e+19 1.367100652234186342e+19
2.617121844164435968e+19 2.614339736170151526e+19 2.603977883687882752e+19 2.581371155016515994e+19 2.541325002695630848e+19 2.477342945936183706e+19 2.382684849499178598e+19 2.247597888115905331e+19 2.056754423925426586e+19 1.783555023249406976e+19 1.367100652234186342e+19
2.617121844164435558e+19 2.614339736170151936e+19 2.603977883687883162e+19 2.581371155016515994e+19 2.541325002695631258e+19 2.477342945936183706e+19 2.382684849499178598e+19 2.247597888115905331e+19 2.056754423925426586e+19 1.783555023249406976e+19 1.367100652234186752e+19
2.617121844164434739e+19 2.614339736170151936e+19 2.603977883687883162e+19 2.581371155016515584e+19 2.541325002695631667e+19 2.477342945936184115e+19 2.382684849499179418e+19 2.247597888115905331e+19 2.056754423925426995e+19 1.783555023249406771e+19 1.367100652234186752e+19
2.617121844164435558e+19 2.614339736170151526e+19 2.603977883687882752e+19 2.581371155016515584e+19 2.541325002695631667e+19 2.477342945936184115e+19 2.382684849499179418e+19 2.247597888115905331e+19 2.056754423925426995e+19 1.783555023249406771e+19 1.367100652234186547e+19
2.617121844164435558e+19 2.614339736170151117e+19 2.603977883687883162e+19 2.581371155016515584e+19 2.541325002695632077e+19 2.477342945936184115e+19 2.382684849499179418e+19 2.247597888115905331e+19 2.056754423925427405e+19 1.783555023249406362e+19 1.367100652234186342e+19
2.617121844164434739e+19 2.614339736170151936e+19 2.603977883687883162e+19 2.581371155016515174e+19 2.541325002695631667e+19 2.477342945936183706e+19 2.382684849499179418e+19 2.247597888115905331e+19 2.056754423925428224e+19 1.783555023249406362e+19 1.367100652234185933e+19
2.617121844164434739e+19 2.614339736170152346e+19 2.603977883687882752e+19 2.581371155016515174e+19 2.541325002695632077e+19 2.477342945936183706e+19 2.382684849499178598e+19 2.247597888115905331e+19 2.056754423925427814e+19 1.783555023249405747e+19 1.367100652234185728e+19
2.617121844164435149e+19 2.614339736170151117e+19 2.603977883687882342e+19 2.581371155016515174e+19 2.541325002695631667e+19 2.477342945936183706e+19 2.382684849499178598e+19 2.247597888115905331e+19 2.056754423925428224e+19 1.783555023249405338e+19 1.367100652234185523e+19
2.617121844164435558e+19 2.614339736170150707e+19 2.603977883687881933e+19 2.581371155016515174e+19 2.541325002695632077e+19 2.477342945936184115e+19 2.382684849499178189e+19 2.247597888115905331e+19 2.056754423925428224e+19 1.783555023249405338e+19 1.367100652234185318e+19
2.617121844164435968e+19 2.614339736170151117e+19 2.603977883687881523e+19 2.581371155016515584e+19 2.541325002695631667e+19 2.477342945936184115e+19 2.382684849499177779e+19 2.247597888115905331e+19 2.056754423925428224e+19 1.783555023249405338e+19 1.367100652234185318e+19
2.617121844164435558e+19 2.614339736170150298e+19 2.603977883687881523e+19 2.581371155016515174e+19 2.541325002695632077e+19 2.477342945936183706e+19 2.382684849499177370e+19 2.247597888115905331e+19 2.056754423925427405e+19 1.783555023249405542e+19 1.367100652234185523e+19
2.617121844164436378e+19 2.614339736170150298e+19 2.603977883687881933e+19 2.581371155016515584e+19 2.541325002695632077e+19 2.477342945936184115e+19 2.382684849499177779e+19 2.247597888115905331e+19 2.056754423925427814e+19 1.783555023249405338e+19 1.367100652234185318e+19
2.617121844164436378e+19 2.614339736170150298e+19 2.603977883687881933e+19 2.581371155016515584e+19 2.541325002695632486e+19 2.477342945936183706e+19 2.382684849499176960e+19 2.247597888115905331e+19 2.056754423925427814e+19 1.783555023249405542e+19 1.367100652234185318e+19
2.617121844164435968e+19 2.614339736170151117e+19 2.603977883687881933e+19 2.581371155016515584e+19 2.541325002695632077e+19 2.477342945936183706e+19 2.382684849499176960e+19 2.247597888115905331e+19 2.056754423925428224e+19 1.783555023249405542e+19 1.367100652234185114e+19
2.617121844164435149e+19 2.614339736170150298e+19 2.603977883687882342e+19 2.581371155016515584e+19 2.541325002695632486e+19 2.477342945936183706e+19 2.382684849499178189e+19 2.247597888115905331e+19 2.056754423925428224e+19 1.783555023249405747e+19 1.367100652234184704e+19
2.617121844164434739e+19 2.614339736170150298e+19 2.603977883687882342e+19 2.581371155016515584e+19 2.541325002695632077e+19 2.477342945936183296e+19 2.382684849499178189e+19 2.247597888115905331e+19 2.056754423925427814e+19 1.783555023249405133e+19 1.367100652234184704e+19
2.617121844164434739e+19 2.614339736170150707e+19 2.603977883687881933e+19 2.581371155016515584e+19 2.541325002695632486e+19 2.477342945936183706e+19 2.382684849499179008e+19 2.247597888115905331e+19 2.056754423925428224e+19 1.783555023249405133e+19 1.367100652234184294e+19
2.617121844164433920e+19 2.614339736170151117e+19 2.603977883687881523e+19 2.581371155016515584e+19 2.541325002695632486e+19 2.477342945936183296e+19 2.382684849499179008e+19 2.247597888115905331e+19 2.056754423925427814e+19 1.783555023249405338e+19 1.367100652234184294e+19
2.617121844164433510e+19 2.614339736170150707e+19 2.603977883687881523e+19 2.581371155016515174e+19 2.541325002695632486e+19 2.477342945936183296e+19 2.382684849499179008e+19 2.247597888115905331e+19 2.056754423925427814e+19 1.783555023249405542e+19 1.367100652234184499e+19
2.617121844164433920e+19 2.614339736170150707e+19 2.603977883687881523e+19 2.581371155016515174e+19 2.541325002695633306e+19 2.477342945936183296e+19 2.382684849499179008e+19 2.247597888115905331e+19 2.056754423925427814e+19 1.783555023249405747e+19 1.367100652234184499e+19
2.617121844164434330e+19 2.614339736170150707e+19 2.603977883687881523e+19 2.581371155016515174e+19 2.541325002695633306e+19 2.477342945936182886e+19 2.382684849499178189e+19 2.247597888115905331e+19 2.056754423925427814e+19 1.783555023249405952e+19 1.367100652234184909e+19
2.617121844164433920e+19 2.614339736170151526e+19 2.603977883687881933e+19 2.581371155016515584e+19 2.541325002695632896e+19 2.477342945936182477e+19 2.382684849499178598e+19 2.247597888115905331e+19 2.056754423925427814e+19 1.783555023249405747e+19 1.367100652234184704e+19
2.617121844164433101e+19 2.614339736170150707e+19 2.603977883687881933e+19 2.581371155016514765e+19 2.541325002695632896e+19 2.477342945936182477e+19 2.382684849499178598e+19 2.247597888115905331e+19 2.056754423925427814e+19 1.783555023249405952e+19 1.367100652234184499e+19
2.617121844164432691e+19 2.614339736170150707e+19 2.603977883687881933e+19 2.581371155016515174e+19 2.541325002695632896e+19 2.477342945936182477e+19 2.382684849499178598e+19 2.247597888115905331e+19 2.056754423925428224e+19 1.783555023249406362e+19 1.367100652234184909e+19
2.617121844164433510e+19 2.614339736170151117e+19 2.603977883687881933e+19 2.581371155016514765e+19 2.541325002695632486e+19 2.477342945936182477e+19 2.382684849499179008e+19 2.247597888115905331e+19 2.056754423925429043e+19 1.783555023249406771e+19 1.367100652234184909e+19
2.617121844164433920e+19 2.614339736170151526e+19 2.603977883687881933e+19 2.581371155016515174e+19 2.541325002695632896e+19 2.477342945936182067e+19 2.382684849499180237e+19 2.247597888115905331e+19 2.056754423925429043e+19 1.783555023249407386e+19 1.367100652234184909e+19
2.617121844164433920e+19 2.614339736170150707e+19 2.603977883687882342e+19 2.581371155016515174e+19 2.541325002695632486e+19 2.477342945936182477e+19 2.382684849499179418e+19 2.247597888115905331e+19 2.056754423925429043e+19 1.783555023249407795e+19 1.367100652234185114e+19
2.617121844164434330e+19 2.614339736170151117e+19 2.603977883687882752e+19 2.581371155016515174e+19 2.541325002695632896e+19 2.477342945936182067e+19 2.382684849499178598e+19 2.247597888115905331e+19 2.056754423925428634e+19 1.783555023249407386e+19 1.367100652234184909e+19
2.617121844164433920e+19 2.614339736170151526e+19 2.603977883687882752e+19 2.581371155016515174e+19 2.541325002695632486e+19 2.477342945936181658e+19 2.382684849499178189e+19 2.247597888115905331e+19 2.056754423925428634e+19 1.783555023249407181e+19 1.367100652234184499e+19
2.617121844164433920e+19 2.614339736170151936e+19 2.603977883687882752e+19 2.581371155016515174e+19 2.541325002695632486e+19 2.477342945936182067e+19 2.382684849499178598e+19 2.247597888115905331e+19 2.056754423925428634e+19 1.783555023249406976e+19 1.367100652234184090e+19
2.617121844164433510e+19 2.614339736170151936e+19 2.603977883687882342e+19 2.581371155016514765e+19 2.541325002695632486e+19 2.477342945936181658e+19 2.382684849499179418e+19 2.247597888115905331e+19 2.056754423925428224e+19 1.783555023249406771e+19 1.367100652234183270e+19
2.617121844164433510e+19 2.614339736170151526e+19 2.603977883687882342e+19 2.581371155016515584e+19 2.541325002695632896e+19 2.477342945936181658e+19 2.382684849499179827e+19 2.247597888115905331e+19 2.056754423925428634e+19 1.783555023249406771e+19 1.367100652234183885e+19
2.617121844164433920e+19 2.614339736170151526e+19 2.603977883687882342e+19 2.581371155016515174e+19 2.541325002695632486e+19 2.477342945936182067e+19 2.382684849499179418e+19 2.247597888115905331e+19 2.056754423925428224e+19 1.783555023249406362e+19 1.367100652234183475e+19
2.617121844164433920e+19 2.614339736170151936e+19 2.603977883687882342e+19 2.581371155016514765e+19 2.541325002695632486e+19 2.477342945936182067e+19 2.382684849499179827e+19 2.247597888115905331e+19 2.056754423925428224e+19 1.783555023249406157e+19 1.367100652234183066e+19
2.617121844164433920e+19 2.614339736170151936e+19 2.603977883687882342e+19 2.581371155016515174e+19 2.541325002695632077e+19 2.477342945936182477e+19 2.382684849499180237e+19 2.247597888115905331e+19 2.056754423925428224e+19 1.783555023249406157e+19 1.367100652234183066e+19
2.617121844164434330e+19 2.614339736170151526e+19 2.603977883687882342e+19 2.581371155016515994e+19 2.541325002695632077e+19 2.477342945936182477e+19 2.382684849499181056e+19 2.247597888115905331e+19 2.056754423925428634e+19 1.783555023249406157e+19 1.367100652234182861e+19
2.617121844164434739e+19 2.614339736170151936e+19 2.603977883687882342e+19 2.581371155016515174e+19 2.541325002695632077e+19 2.477342945936182477e+19 2.382684849499180237e+19 2.247597888115905331e+19 2.056754423925428634e+19 1.783555023249406771e+19 1.367100652234182656e+19
2.617121844164434739e+19 2.614339736170151936e+19 2.603977883687882342e+19 2.581371155016514765e+19 2.541325002695632077e+19 2.477342945936182886e+19 2.382684849499179418e+19 2.247597888115905331e+19 2.056754423925429043e+19 1.783555023249406976e+19 1.367100652234182861e+19
2.617121844164435149e+19 2.614339736170151117e+19 2.603977883687881933e+19 2.581371155016514765e+19 2.541325002695631258e+19 2.477342945936182477e+19 2.382684849499179008e+19 2.247597888115905331e+19 2.056754423925429043e+19 1.783555023249407181e+19 1.367100652234182861e+19
2.617121844164435149e+19 2.614339736170150707e+19 2.603977883687882342e+19 2.581371155016515584e+19 2.541325002695631667e+19 2.477342945936182886e+19 2.382684849499179827e+19 2.247597888115905331e+19 2.056754423925428224e+19 1.783555023249406976e+19 1.367100652234183066e+19
2.617121844164434739e+19 2.614339736170151526e+19 2.603977883687882752e+19 2.581371155016515994e+19 2.541325002695631667e+19 2.477342945936183706e+19 2.382684849499179827e+19 2.247597888115905331e+19 2.056754423925428634e+19 1.783555023249407181e+19 1.367100652234183066e+19
2.617121844164434330e+19 2.614339736170151526e+19 2.603977883687882752e+19 2.581371155016516403e+19 2.541325002695631258e+19 2.477342945936184115e+19 2.382684849499180237e+19 2.247597888115905331e+19 2.056754423925428634e+19 1.783555023249407181e+19 1.367100652234182861e+19
2.617121844164434330e+19 2.614339736170150707e+19 2.603977883687883162e+19 2.581371155016515584e+19 2.541325002695631258e+19 2.477342945936184525e+19 2.382684849499180237e+19 2.247597888115905331e+19 2.056754423925428634e+19 1.783555023249406976e+19 1.367100652234183270e+19
2.617121844164434330e+19 2.614339736170150707e+19 2.603977883687882752e+19 2.581371155016515174e+19 2.541325002695631258e+19 2.477342945936184934e+19 2.382684849499181056e+19 2.247597888115905331e+19 2.056754423925428224e+19 1.783555023249406771e+19 1.367100652234183270e+19
2.617121844164433920e+19 2.614339736170151117e+19 2.603977883687882752e+19 2.581371155016514765e+19 2.541325002695631258e+19 2.477342945936184934e+19 2.382684849499181466e+19 2.247597888115905331e+19 2.056754423925429043e+19 1.783555023249406771e+19 1.367100652234183475e+19
2.617121844164433920e+19 2.614339736170151526e+19 2.603977883687883162e+19 2.581371155016514355e+19 2.541325002695631258e+19 2.477342945936185344e+19 2.382684849499181875e+19 2.247597888115905331e+19 2.056754423925428634e+19 1.783555023249406362e+19 1.367100652234183475e+19
2.617121844164433920e+19 2.614339736170150707e+19 2.603977883687883162e+19 2.581371155016513946e+19 2.541325002695631258e+19 2.477342945936185344e+19 2.382684849499181875e+19 2.247597888115905331e+19 2.056754423925428224e+19 1.783555023249406771e+19 1.367100652234183066e+19
2.617121844164433101e+19 2.614339736170149888e+19 2.603977883687883162e+19 2.581371155016513946e+19 2.541325002695631258e+19 2.477342945936185344e+19 2.382684849499181466e+19 2.247597888115905331e+19 2.056754423925428224e+19 1.783555023249406362e+19 1.367100652234183475e+19
2.617121844164433510e+19 2.614339736170149888e+19 2.603977883687882342e+19 2.581371155016513536e+19 2.541325002695631667e+19 2.477342945936185754e+19 2.382684849499181056e+19 2.247597888115905331e+19 2.056754423925428224e+19 1.783555023249406362e+19 1.367100652234183270e+19
2.617121844164433510e+19 2.614339736170150298e+19 2.603977883687882752e+19 2.581371155016513126e+19 2.541325002695631667e+19 2.477342945936185344e+19 2.382684849499181056e+19 2.247597888115905331e+19 2.056754423925428634e+19 1.783555023249406362e+19 1.367100652234183680e+19
2.617121844164433101e+19 2.614339736170149888e+19 2.603977883687882342e+19 2.581371155016512717e+19 2.541325002695631258e+19 2.477342945936184934e+19 2.382684849499181056e+19 2.247597888115905331e+19 2.056754423925428634e+19 1.783555023249406771e+19 1.367100652234183885e+19
2.617121844164433101e+19 2.614339736170149478e+19 2.603977883687882342e+19 2.581371155016511898e+19 2.541325002695631258e+19 2.477342945936185344e+19 2.382684849499181466e+19 2.247597888115905331e+19 2.056754423925428224e+19 1.783555023249406976e+19 1.367100652234183885e+19
2.617121844164432691e+19 2.614339736170149888e+19 2.603977883687882752e+19 2.581371155016511078e+19 2.541325002695631258e+19 2.477342945936184934e+19 2.382684849499180646e+19 2.247597888115905331e+19 2.056754423925428224e+19 1.783555023249407181e+19 1.367100652234184294e+19
2.617121844164432691e+19 2.614339736170150707e+19 2.603977883687882342e+19 2.581371155016511898e+19 2.541325002695630848e+19 2.477342945936184934e+19 2.382684849499181056e+19 2.247597888115905331e+19 2.056754423925428634e+19 1.783555023249407181e+19 1.367100652234184090e+19
2.617121844164432691e+19 2.614339736170150707e+19 2.603977883687882342e+19 2.581371155016512717e+19 2.541325002695631258e+19 2.477342945936184934e+19 2.382684849499181875e+19 2.247597888115905331e+19 2.056754423925429043e+19 1.783555023249407181e+19 1.367100652234184294e+19
2.617121844164432282e+19 2.614339736170150298e+19 2.603977883687882342e+19 2.581371155016512717e+19 2.541325002695631667e+19 2.477342945936184525e+19 2.382684849499182694e+19 2.247597888115905331e+19 2.056754423925429862e+19 1.783555023249407181e+19 1.367100652234184090e+19
2.617121844164432691e+19 2.614339736170149888e+19 2.603977883687882752e+19 2.581371155016512717e+19 2.541325002695632077e+19 2.477342945936184525e+19 2.382684849499183104e+19 2.247597888115905331e+19 2.056754423925429862e+19 1.783555023249407181e+19 1.367100652234183680e+19
2.617121844164432691e+19 2.614339736170150298e+19 2.603977883687882752e+19 2.581371155016512307e+19 2.541325002695631667e+19 2.477342945936184934e+19 2.382684849499182694e+19 2.247597888115905331e+19 2.056754423925429453e+19 1.783555023249407181e+19 1.367100652234183680e+19
2.617121844164432691e+19 2.614339736170150707e+19 2.603977883687882342e+19 2.581371155016512307e+19 2.541325002695631667e+19 2.477342945936184115e+19 2.382684849499182694e+19 2.247597888115905331e+19 2.056754423925429043e+19 1.783555023249406771e+19 1.367100652234184090e+19
2.617121844164433510e+19 2.614339736170149888e+19 2.603977883687882342e+19 2.581371155016513126e+19 2.541325002695632077e+19 2.477342945936184525e+19 2.382684849499182694e+19 2.247597888115905331e+19 2.056754423925429453e+19 1.783555023249406976e+19 1.367100652234184294e+19
2.617121844164433510e+19 2.614339736170149888e+19 2.603977883687882342e+19 2.581371155016512717e+19 2.541325002695632486e+19 2.477342945936184525e+19 2.382684849499183104e+19 2.247597888115905331e+19 2.056754423925429043e+19 1.783555023249406362e+19 1.367100652234183885e+19
2.617121844164433510e+19 2.614339736170150298e+19 2.603977883687882342e+19 2.581371155016512307e+19 2.541325002695632486e+19 2.477342945936184115e+19 2.382684849499183104e+19 2.247597888115905331e+19 2.056754423925429043e+19 1.783555023249406362e+19 1.367100652234184294e+19
2.617121844164433510e+19 2.614339736170151117e+19 2.603977883687882752e+19 2.581371155016512307e+19 2.541325002695632896e+19 2.477342945936184115e+19 2.382684849499183104e+19 2.247597888115905331e+19 2.056754423925429043e+19 1.783555023249406771e+19 1.367100652234183680e+19
2.617121844164433510e+19 2.614339736170150707e+19 2.603977883687882342e+19 2.581371155016512717e+19 2.541325002695632486e+19 2.477342945936184115e+19 2.382684849499183923e+19 2.247597888115905331e+19 2.056754423925429453e+19 1.783555023249407181e+19 1.367100652234183475e+19
2.617121844164433510e+19 2.614339736170150707e+19 2.603977883687882342e+19 2.581371155016512307e+19 2.541325002695632486e+19 2.477342945936184525e+19 2.382684849499184333e+19 2.247597888115905331e+19 2.056754423925429043e+19 1.783555023249407181e+19 1.367100652234183475e+19
2.617121844164433920e+19 2.614339736170150707e+19 2.603977883687882342e+19 2.581371155016512307e+19 2.541325002695633306e+19 2.477342945936184115e+19 2.382684849499184333e+19 2.247597888115905331e+19 2.056754423925429043e+19 1.783555023249407181e+19 1.367100652234183680e+19
2.617121844164433510e+19 2.614339736170151117e+19 2.603977883687882752e+19 2.581371155016512307e+19 2.541325002695633306e+19 2.477342945936184115e+19 2.382684849499183923e+19 2.247597888115905331e+19 2.056754423925429043e+19 1.783555023249407181e+19 1.367100652234183270e+19
2.617121844164433920e+19 2.614339736170151936e+19 2.603977883687882342e+19 2.581371155016512307e+19 2.541325002695633306e+19 2.477342945936183296e+19 2.382684849499183923e+19 2.247597888115905331e+19 2.056754423925429043e+19 1.783555023249407590e+19 1.367100652234183270e+19
2.617121844164434330e+19 2.614339736170151526e+19 2.603977883687882342e+19 2.581371155016512307e+19 2.541325002695632896e+19 2.477342945936184115e+19 2.382684849499183923e+19 2.247597888115905331e+19 2.056754423925429043e+19 1.783555023249407590e+19 1.367100652234183475e+19
2.617121844164434330e+19 2.614339736170150707e+19 2.603977883687881933e+19 2.581371155016512307e+19 2.541325002695633715e+19 2.477342945936183706e+19 2.382684849499183923e+19 2.247597888115905331e+19 2.056754423925429043e+19 1.783555023249407590e+19 1.367100652234183066e+19
2.617121844164434739e+19 2.614339736170151526e+19 2.603977883687882342e+19 2.581371155016512717e+19 2.541325002695633715e+19 2.477342945936184525e+19 2.382684849499184742e+19 2.247597888115905331e+19 2.056754423925428634e+19 1.783555023249407590e+19 1.367100652234183066e+19
2.617121844164434739e+19 2.614339736170151526e+19 2.603977883687882752e+19 2.581371155016512307e+19 2.541325002695633715e+19 2.477342945936184525e+19 2.382684849499184742e+19 2.247597888115905331e+19 2.056754423925428224e+19 1.783555023249407590e+19 1.367100652234182861e+19
2.617121844164434739e+19 2.614339736170151117e+19 2.603977883687882752e+19 2.581371155016512717e+19 2.541325002695633715e+19 2.477342945936184525e+19 2.382684849499183923e+19 2.247597888115905331e+19 2.056754423925427814e+19 1.783555023249407590e+19 1.367100652234182451e+19
2.617121844164435149e+19 2.614339736170151117e+19 2.603977883687882752e+19 2.581371155016512717e+19 2.541325002695634125e+19 2.477342945936184115e+19 2.382684849499183514e+19 2.247597888115905331e+19 2.056754423925427814e+19 1.783555023249407181e+19 1.367100652234182451e+19
2.617121844164433920e+19 2.614339736170150707e+19 2.603977883687882752e+19 2.581371155016512307e+19 2.541325002695633715e+19 2.477342945936184115e+19 2.382684849499183104e+19 2.247597888115905331e+19 2.056754423925427405e+19 1.783555023249407590e+19 1.367100652234182451e+19
2.617121844164433920e+19 2.614339736170151117e+19 2.603977883687882752e+19 2.581371155016512307e+19 2.541325002695634125e+19 2.477342945936183706e+19 2.382684849499183514e+19 2.247597888115905331e+19 2.056754423925427814e+19 1.783555023249407795e+19 1.367100652234182042e+19
2.617121844164433920e+19 2.614339736170151526e+19 2.603977883687882752e+19 2.581371155016511898e+19 2.541325002695634534e+19 2.477342945936183706e+19 2.382684849499182694e+19 2.247597888115905331e+19 2.056754423925428224e+19 1.783555023249407181e+19 1.367100652234181837e+19
2.617121844164434330e+19 2.614339736170150707e+19 2.603977883687881933e+19 2.581371155016511898e+19 2.541325002695634534e+19 2.477342945936184934e+19 2.382684849499182694e+19 2.247597888115905331e+19 2.056754423925428634e+19 1.783555023249407386e+19 1.367100652234181632e+19
2.617121844164433920e+19 2.614339736170150707e+19 2.603977883687881933e+19 2.581371155016512307e+19 2.541325002695634944e+19 2.477342945936185344e+19 2.382684849499183104e+19 2.247597888115905331e+19 2.056754423925428224e+19 1.783555023249407181e+19 1.367100652234181632e+19
2.617121844164433510e+19 2.614339736170150707e+19 2.603977883687881933e+19 2.581371155016512307e+19 2.541325002695634534e+19 2.477342945936185754e+19 2.382684849499183514e+19 2.247597888115905331e+19 2.056754423925428224e+19 1.783555023249406566e+19 1.367100652234181632e+19
2.617121844164433920e+19 2.614339736170151117e+19 2.603977883687881933e+19 2.581371155016512307e+19 2.541325002695634534e+19 2.477342945936185754e+19 2.382684849499183514e+19 2.247597888115905331e+19 2.056754423925428634e+19 1.783555023249406362e+19 1.367100652234181837e+19
2.617121844164434739e+19 2.614339736170151117e+19 2.603977883687881523e+19 2.581371155016512307e+19 2.541325002695634944e+19 2.477342945936186163e+19 2.382684849499182694e+19 2.247597888115905331e+19 2.056754423925428634e+19 1.783555023249406362e+19 1.367100652234182042e+19
2.617121844164434739e+19 2.614339736170150298e+19 2.603977883687881114e+19 2.581371155016512717e+19 2.541325002695634944e+19 2.477342945936186982e+19 2.382684849499182285e+19 2.247597888115905331e+19 2.056754423925428634e+19 1.783555023249406771e+19 1.367100652234182451e+19
2.617121844164434330e+19 2.614339736170149888e+19 2.603977883687881114e+19 2.581371155016512307e+19 2.541325002695634944e+19 2.477342945936186982e+19 2.382684849499181466e+19 2.247597888115905331e+19 2.056754423925429043e+19 1.783555023249406771e+19 1.367100652234182656e+19
2.617121844164434739e+19 2.614339736170150298e+19 2.603977883687881523e+19 2.581371155016512307e+19 2.541325002695635354e+19 2.477342945936186982e+19 2.382684849499182694e+19 2.247597888115905331e+19 2.056754423925428634e+19 1.783555023249407181e+19 1.367100652234182246e+19
2.617121844164433920e+19 2.614339736170150707e+19 2.603977883687881114e+19 2.581371155016512717e+19 2.541325002695635763e+19 2.477342945936187802e+19 2.382684849499182694e+19 2.247597888115905331e+19 2.056754423925428224e+19 1.783555023249407181e+19 1.367100652234182042e+19
2.617121844164434739e+19 2.614339736170150298e+19 2.603977883687881114e+19 2.581371155016512307e+19 2.541325002695635354e+19 2.477342945936187392e+19 2.382684849499183514e+19 2.247597888115905331e+19 2.056754423925428224e+19 1.783555023249407590e+19 1.367100652234182246e+19
2.617121844164434739e+19 2.614339736170149478e+19 2.603977883687881114e+19 2.581371155016512307e+19 2.541325002695635763e+19 2.477342945936187392e+19 2.382684849499183923e+19 2.247597888115905331e+19 2.056754423925429043e+19 1.783555023249407386e+19 1.367100652234182656e+19
2.617121844164435149e+19 2.614339736170149888e+19 2.603977883687881523e+19 2.581371155016511898e+19 2.541325002695635354e+19 2.477342945936187802e+19 2.382684849499184333e+19 2.247597888115905331e+19 2.056754423925429043e+19 1.783555023249407181e+19 1.367100652234182451e+19
2.617121844164433920e+19 2.614339736170150298e+19 2.603977883687880294e+19 2.581371155016512307e+19 2.541325002695635763e+19 2.477342945936187392e+19 2.382684849499183923e+19 2.247597888115905331e+19 2.056754423925429043e+19 1.783555023249407386e+19 1.367100652234182656e+19
2.617121844164433920e+19 2.614339736170151117e+19 2.603977883687880704e+19 2.581371155016511898e+19 2.541325002695635354e+19 2.477342945936187392e+19 2.382684849499184333e+19 2.247597888115905331e+19 2.056754423925429453e+19 1.783555023249407181e+19 1.367100652234182656e+19
2.617121844164434330e+19 2.614339736170150298e+19 2.603977883687881114e+19 2.581371155016512307e+19 2.541325002695635354e+19 2.477342945936187392e+19 2.382684849499184333e+19 2.247597888115905331e+19 2.056754423925428634e+19 1.783555023249407181e+19 1.367100652234182451e+19
2.617121844164434739e+19 2.614339736170150298e+19 2.603977883687881114e+19 2.581371155016512307e+19 2.541325002695635354e+19 2.477342945936186573e+19 2.382684849499184333e+19 2.247597888115905331e+19 2.056754423925429043e+19 1.783555023249407181e+19 1.367100652234182656e+19
2.617121844164433510e+19 2.614339736170149888e+19 2.603977883687880704e+19 2.581371155016512307e+19 2.541325002695635763e+19 2.477342945936186573e+19 2.382684849499185152e+19 2.247597888115905331e+19 2.056754423925429043e+19 1.783555023249407181e+19 1.367100652234182246e+19
2.617121844164433101e+19 2.614339736170149888e+19 2.603977883687880294e+19 2.581371155016512307e+19 2.541325002695636173e+19 2.477342945936186982e+19 2.382684849499185152e+19 2.247597888115905331e+19 2.056754423925428224e+19 1.783555023249407181e+19 1.367100652234182451e+19
2.617121844164433510e+19 2.614339736170150298e+19 2.603977883687880704e+19 2.581371155016512307e+19 2.541325002695636582e+19 2.477342945936187392e+19 2.382684849499184742e+19 2.247597888115905331e+19 2.056754423925428224e+19 1.783555023249406771e+19 1.367100652234182246e+19
2.617121844164434739e+19 2.614339736170149888e+19 2.603977883687880704e+19 2.581371155016512307e+19 2.541325002695636582e+19 2.477342945936187392e+19 2.382684849499185562e+19 2.247597888115905331e+19 2.056754423925428224e+19 1.783555023249407181e+19 1.367100652234182451e+19
2.617121844164434330e+19 2.614339736170149069e+19 2.603977883687880704e+19 2.581371155016511898e+19 2.541325002695636173e+19 2.477342945936187392e+19 2.382684849499184742e+19 2.247597888115905331e+19 2.056754423925427814e+19 1.783555023249407590e+19 1.367100652234182042e+19
2.617121844164434330e+19 2.614339736170149069e+19 2.603977883687880294e+19 2.581371155016511898e+19 2.541325002695635763e+19 2.477342945936186982e+19 2.382684849499184333e+19 2.247597888115905331e+19 2.056754423925428224e+19 1.783555023249407590e+19 1.367100652234182451e+19
2.617121844164434330e+19 2.614339736170149478e+19 2.603977883687880704e+19 2.581371155016511488e+19 2.541325002695636173e+19 2.477342945936186982e+19 2.382684849499183514e+19 2.247597888115905331e+19 2.056754423925427814e+19 1.783555023249407386e+19 1.367100652234182656e+19
2.617121844164433920e+19 2.614339736170149888e+19 2.603977883687880704e+19 2.581371155016511488e+19 2.541325002695635763e+19 2.477342945936186573e+19 2.382684849499183923e+19 2.247597888115905331e+19 2.056754423925428224e+19 1.783555023249407590e+19 1.367100652234182042e+19
2.617121844164434739e+19 2.614339736170149069e+19 2.603977883687880294e+19 2.581371155016511898e+19 2.541325002695635763e+19 2.477342945936186573e+19 2.382684849499183923e+19 2.247597888115905331e+19 2.056754423925428634e+19 1.783555023249408205e+19 1.367100652234181837e+19
2.617121844164435149e+19 2.614339736170149069e+19 2.603977883687880294e+19 2.581371155016511488e+19 2.541325002695635763e+19 2.477342945936186573e+19 2.382684849499183923e+19 2.247597888115905331e+19 2.056754423925429043e+19 1.783555023249408410e+19 1.367100652234181837e+19
2.617121844164435558e+19 2.614339736170149069e+19 2.603977883687881114e+19 2.581371155016511078e+19 2.541325002695636173e+19 2.477342945936186163e+19 2.382684849499184333e+19 2.247597888115905331e+19 2.056754423925429862e+19 1.783555023249408410e+19 1.367100652234182042e+19
2.617121844164436378e+19 2.614339736170149888e+19 2.603977883687880294e+19 2.581371155016511078e+19 2.541325002695636173e+19 2.477342945936186163e+19 2.382684849499184333e+19 2.247597888115905331e+19 2.056754423925429453e+19 1.783555023249408205e+19 1.367100652234182451e+19
2.617121844164435968e+19 2.614339736170149888e+19 2.603977883687879885e+19 2.581371155016511078e+19 2.541325002695635763e+19 2.477342945936185754e+19 2.382684849499183514e+19 2.247597888115905331e+19 2.056754423925429862e+19 1.783555023249408614e+19 1.367100652234182656e+19
2.617121844164436378e+19 2.614339736170149069e+19 2.603977883687880294e+19 2.581371155016511488e+19 2.541325002695636173e+19 2.477342945936185754e+19 2.382684849499183104e+19 2.247597888115905331e+19 2.056754423925429043e+19 1.783555023249409024e+19 1.367100652234182656e+19
2.617121844164436378e+19 2.614339736170149069e+19 2.603977883687880294e+19 2.581371155016511078e+19 2.541325002695636173e+19 2.477342945936186573e+19 2.382684849499183923e+19 2.247597888115905331e+19 2.056754423925429862e+19 1.783555023249409229e+19 1.367100652234183066e+19
2.617121844164436378e+19 2.614339736170149478e+19 2.603977883687879885e+19 2.581371155016511078e+19 2.541325002695636582e+19 2.477342945936186573e+19 2.382684849499183514e+19 2.247597888115905331e+19 2.056754423925429862e+19 1.783555023249409638e+19 1.367100652234183270e+19
2.617121844164435968e+19 2.614339736170149478e+19 2.603977883687880294e+19 2.581371155016511488e+19 2.541325002695636582e+19 2.477342945936186982e+19 2.382684849499183514e+19 2.247597888115905331e+19 2.056754423925429862e+19 1.783555023249410048e+19 1.367100652234183066e+19
2.617121844164436787e+19 2.614339736170149478e+19 2.603977883687880294e+19 2.581371155016511488e+19 2.541325002695636582e+19 2.477342945936186982e+19 2.382684849499183104e+19 2.247597888115905331e+19 2.056754423925429453e+19 1.783555023249410048e+19 1.367100652234183475e+19
2.617121844164437197e+19 2.614339736170149069e+19 2.603977883687879885e+19 2.581371155016511488e+19 2.541325002695636173e+19 2.477342945936186982e+19 2.382684849499182694e+19 2.247597888115905331e+19 2.056754423925429453e+19 1.783555023249410048e+19 1.367100652234183475e+19
2.617121844164436787e+19 2.614339736170149888e+19 2.603977883687879475e+19 2.581371155016511488e+19 2.541325002695636582e+19 2.477342945936186982e+19 2.382684849499183923e+19 2.247597888115905331e+19 2.056754423925429453e+19 1.783555023249410458e+19 1.367100652234183475e+19
2.617121844164436787e+19 2.614339736170149888e+19 2.603977883687879885e+19 2.581371155016511488e+19 2.541325002695636992e+19 2.477342945936186163e+19 2.382684849499183514e+19 2.247597888115905331e+19 2.056754423925429453e+19 1.783555023249411277e+19 1.367100652234183680e+19
2.617121844164436787e+19 2.614339736170150298e+19 2.603977883687880294e+19 2.581371155016511488e+19 2.541325002695636992e+19 2.477342945936185754e+19 2.382684849499184333e+19 2.247597888115905331e+19 2.056754423925429453e+19 1.783555023249410867e+19 1.367100652234184294e+19
2.617121844164436787e+19 2.614339736170150298e+19 2.603977883687879885e+19 2.581371155016511898e+19 2.541325002695636582e+19 2.477342945936186573e+19 2.382684849499184333e+19 2.247597888115905331e+19 2.056754423925429453e+19 1.783555023249410662e+19 1.367100652234184294e+19
2.617121844164436378e+19 2.614339736170149478e+19 2.603977883687879885e+19 2.581371155016511898e+19 2.541325002695636582e+19 2.477342945936186163e+19 2.382684849499184333e+19 2.247597888115905331e+19 2.056754423925429453e+19 1.783555023249411277e+19 1.367100652234184499e+19
2.617121844164436787e+19 2.614339736170149478e+19 2.603977883687880294e+19 2.581371155016511488e+19 2.541325002695636992e+19 2.477342945936185754e+19 2.382684849499184742e+19 2.247597888115905331e+19 2.056754423925429043e+19 1.783555023249411277e+19 1.367100652234184294e+19
2.617121844164436378e+19 2.614339736170149478e+19 2.603977883687879885e+19 2.581371155016511488e+19 2.541325002695636992e+19 2.477342945936186163e+19 2.382684849499183923e+19 2.247597888115905331e+19 2.056754423925429043e+19 1.783555023249411686e+19 1.367100652234184294e+19
2.617121844164436787e+19 2.614339736170150298e+19 2.603977883687879885e+19 2.581371155016511898e+19 2.541325002695636582e+19 2.477342945936186573e+19 2.382684849499183923e+19 2.247597888115905331e+19 2.056754423925429862e+19 1.783555023249410867e+19 1.367100652234184294e+19
2.617121844164435968e+19 2.614339736170150298e+19 2.603977883687880294e+19 2.581371155016511898e+19 2.541325002695637402e+19 2.477342945936186573e+19 2.382684849499184333e+19 2.247597888115905331e+19 2.056754423925429862e+19 1.783555023249411277e+19 1.367100652234184090e+19
2.617121844164435968e+19 2.614339736170149478e+19 2.603977883687880294e+19 2.581371155016511898e+19 2.541325002695636582e+19 2.477342945936186573e+19 2.382684849499184742e+19 2.247597888115905331e+19 2.056754423925430682e+19 1.783555023249410867e+19 1.367100652234183885e+19
2.617121844164435968e+19 2.614339736170149069e+19 2.603977883687879885e+19 2.581371155016511898e+19 2.541325002695636582e+19 2.477342945936186982e+19 2.382684849499185562e+19 2.247597888115905331e+19 2.056754423925430682e+19 1.783555023249410662e+19 1.367100652234183680e+19
2.617121844164435968e+19 2.614339736170149478e+19 2.603977883687879885e+19 2.581371155016512307e+19 2.541325002695636582e+19 2.477342945936186573e+19 2.382684849499185562e+19 2.247597888115905331e+19 2.056754423925431091e+19 1.783555023249410458e+19 1.367100652234183885e+19
2.617121844164435968e+19 2.614339736170149888e+19 2.603977883687880294e+19 2.581371155016511898e+19 2.541325002695636173e+19 2.477342945936186573e+19 2.382684849499185971e+19 2.247597888115905331e+19 2.056754423925430682e+19 1.783555023249410662e+19 1.367100652234183680e+19
2.617121844164435968e+19 2.614339736170150298e+19 2.603977883687879475e+19 2.581371155016511898e+19 2.541325002695636582e+19 2.477342945936186573e+19 2.382684849499185971e+19 2.247597888115905331e+19 2.056754423925430272e+19 1.783555023249409843e+19 1.367100652234183680e+19
2.617121844164435149e+19 2.614339736170150298e+19 2.603977883687879475e+19 2.581371155016511898e+19 2.541325002695636173e+19 2.477342945936186163e+19 2.382684849499185971e+19 2.247597888115905331e+19 2.056754423925430682e+19 1.783555023249409638e+19 1.367100652234184294e+19
2.617121844164434739e+19 2.614339736170149888e+19 2.603977883687879885e+19 2.581371155016511488e+19 2.541325002695636173e+19 2.477342945936186163e+19 2.382684849499185562e+19 2.247597888115905331e+19 2.056754423925430682e+19 1.783555023249409638e+19 1.367100652234184499e+19
2.617121844164434739e+19 2.614339736170150298e+19 2.603977883687879066e+19 2.581371155016511898e+19 2.541325002695636173e+19 2.477342945936186163e+19 2.382684849499186381e+19 2.247597888115905331e+19 2.056754423925431091e+19 1.783555023249409229e+19 1.367100652234184909e+19
2.617121844164435149e+19 2.614339736170150298e+19 2.603977883687879066e+19 2.581371155016511898e+19 2.541325002695635763e+19 2.477342945936186982e+19 2.382684849499186381e+19 2.247597888115905331e+19 2.056754423925431501e+19 1.783555023249409434e+19 1.367100652234184909e+19
2.617121844164435149e+19 2.614339736170150707e+19 2.603977883687879885e+19 2.581371155016511898e+19 2.541325002695637402e+19 2.477342945936187392e+19 2.382684849499185971e+19 2.247597888115905331e+19 2.056754423925432320e+19 1.783555023249409229e+19 1.367100652234184499e+19
2.617121844164435558e+19 2.614339736170151117e+19 2.603977883687879066e+19 2.581371155016512307e+19 2.541325002695636173e+19 2.477342945936187392e+19 2.382684849499185971e+19 2.247597888115905331e+19 2.056754423925432320e+19 1.783555023249409229e+19 1.367100652234184499e+19
2.617121844164435149e+19 2.614339736170150298e+19 2.603977883687879475e+19 2.581371155016511898e+19 2.541325002695636582e+19 2.477342945936187392e+19 2.382684849499185562e+19 2.247597888115905331e+19 2.056754423925432320e+19 1.783555023249408819e+19 1.367100652234184909e+19
2.617121844164435149e+19 2.614339736170149888e+19 2.603977883687879885e+19 2.581371155016511898e+19 2.541325002695636582e+19 2.477342945936187802e+19 2.382684849499185562e+19 2.247597888115905331e+19 2.056754423925431910e+19 1.783555023249408410e+19 1.367100652234185114e+19
2.617121844164435558e+19 2.614339736170150707e+19 2.603977883687879885e+19 2.581371155016511488e+19 2.541325002695635763e+19 2.477342945936187392e+19 2.382684849499185562e+19 2.247597888115905331e+19 2.056754423925431910e+19 1.783555023249408410e+19 1.367100652234185318e+19
2.617121844164435968e+19 2.614339736170150707e+19 2.603977883687879885e+19 2.581371155016511898e+19 2.541325002695635763e+19 2.477342945936187392e+19 2.382684849499185562e+19 2.247597888115905331e+19 2.056754423925431910e+19 1.783555023249408614e+19 1.367100652234185114e+19
2.617121844164436378e+19 2.614339736170151526e+19 2.603977883687880294e+19 2.581371155016511898e+19 2.541325002695636582e+19 2.477342945936187802e+19 2.382684849499185971e+19 2.247597888115905331e+19 2.056754423925431501e+19 1.783555023249408819e+19 1.367100652234184294e+19
2.617121844164436787e+19 2.614339736170151117e+19 2.603977883687880294e+19 2.581371155016511898e+19 2.541325002695635763e+19 2.477342945936187802e+19 2.382684849499185562e+19 2.247597888115905331e+19 2.056754423925431501e+19 1.783555023249409229e+19 1.367100652234184909e+19
2.617121844164436787e+19 2.614339736170150707e+19 2.603977883687879885e+19 2.581371155016511898e+19 2.541325002695634944e+19 2.477342945936187802e+19 2.382684849499186381e+19 2.247597888115905331e+19 2.056754423925431910e+19 1.783555023249409024e+19 1.367100652234184704e+19
2.617121844164436378e+19 2.614339736170151117e+19 2.603977883687879885e+19 2.581371155016511898e+19 2.541325002695634944e+19 2.477342945936187392e+19 2.382684849499185971e+19 2.247597888115905331e+19 2.056754423925431910e+19 1.783555023249409638e+19 1.367100652234184499e+19
2.617121844164435558e+19 2.614339736170151526e+19 2.603977883687879885e+19 2.581371155016511898e+19 2.541325002695636173e+19 2.477342945936187802e+19 2.382684849499185152e+19 2.247597888115905331e+19 2.056754423925431501e+19 1.783555023249409843e+19 1.367100652234184294e+19
2.617121844164435149e+19 2.614339736170151117e+19 2.603977883687879475e+19 2.581371155016512307e+19 2.541325002695636992e+19 2.477342945936187802e+19 2.382684849499185562e+19 2.247597888115905331e+19 2.056754423925430682e+19 1.783555023249409638e+19 1.367100652234184294e+19
2.617121844164435558e+19 2.614339736170151117e+19 2.603977883687880294e+19 2.581371155016511898e+19 2.541325002695635763e+19 2.477342945936188211e+19 2.382684849499186381e+19 2.247597888115905331e+19 2.056754423925430682e+19 1.783555023249409638e+19 1.367100652234184499e+19
2.617121844164435558e+19 2.614339736170150707e+19 2.603977883687879885e+19 2.581371155016511488e+19 2.541325002695634534e+19 2.477342945936187802e+19 2.382684849499185152e+19 2.247597888115905331e+19 2.056754423925430682e+19 1.783555023249410048e+19 1.367100652234184704e+19
2.617121844164435968e+19 2.614339736170150298e+19 2.603977883687879475e+19 2.581371155016511488e+19 2.541325002695633715e+19 2.477342945936188211e+19 2.382684849499185562e+19 2.247597888115905331e+19 2.056754423925430682e+19 1.783555023249409229e+19 1.367100652234184909e+19
2.617121844164435968e+19 2.614339736170150298e+19 2.603977883687879475e+19 2.581371155016511488e+19 2.541325002695633306e+19 2.477342945936187802e+19 2.382684849499184333e+19 2.247597888115905331e+19 2.056754423925430682e+19 1.783555023249409229e+19 1.367100652234184704e+19
2.617121844164435968e+19 2.614339736170150707e+19 2.603977883687879885e+19 2.581371155016511488e+19 2.541325002695633306e+19 2.477342945936187392e+19 2.382684849499185562e+19 2.247597888115905331e+19 2.056754423925430272e+19 1.783555023249409638e+19 1.367100652234184499e+19
2.617121844164435968e+19 2.614339736170150298e+19 2.603977883687879475e+19 2.581371155016511488e+19 2.541325002695633306e+19 2.477342945936186982e+19 2.382684849499185152e+19 2.247597888115905331e+19 2.056754423925430682e+19 1.783555023249409843e+19 1.367100652234184499e+19
2.617121844164437606e+19 2.614339736170149478e+19 2.603977883687879885e+19 2.581371155016511488e+19 2.541325002695633715e+19 2.477342945936187392e+19 2.382684849499185971e+19 2.247597888115905331e+19 2.056754423925430682e+19 1.783555023249410048e+19 1.367100652234184499e+19
2.617121844164437606e+19 2.614339736170149478e+19 2.603977883687879885e+19 2.581371155016511488e+19 2.541325002695634125e+19 2.477342945936187392e+19 2.382684849499186790e+19 2.247597888115905331e+19 2.056754423925430272e+19 1.783555023249409843e+19 1.367100652234184294e+19
2.617121844164437197e+19 2.614339736170149069e+19 2.603977883687879475e+19 2.581371155016511488e+19 2.541325002695634125e+19 2.477342945936187802e+19 2.382684849499184742e+19 2.247597888115905331e+19 2.056754423925430682e+19 1.783555023249409638e+19 1.367100652234183885e+19
2.617121844164437606e+19 2.614339736170149069e+19 2.603977883687879066e+19 2.581371155016511488e+19 2.541325002695634125e+19 2.477342945936187392e+19 2.382684849499184333e+19 2.247597888115905331e+19 2.056754423925430272e+19 1.783555023249409638e+19 1.367100652234184090e+19
2.617121844164437606e+19 2.614339736170149478e+19 2.603977883687879066e+19 2.581371155016511078e+19 2.541325002695634125e+19 2.477342945936187392e+19 2.382684849499184742e+19 2.247597888115905331e+19 2.056754423925429862e+19 1.783555023249409229e+19 1.367100652234183885e+19
2.617121844164437606e+19 2.614339736170148659e+19 2.603977883687878656e+19 2.581371155016511488e+19 2.541325002695633306e+19 2.477342945936186982e+19 2.382684849499185971e+19 2.247597888115905331e+19 2.056754423925430272e+19 1.783555023249408819e+19 1.367100652234183885e+19
2.617121844164437606e+19 2.614339736170147840e+19 2.603977883687879475e+19 2.581371155016511488e+19 2.541325002695632486e+19 2.477342945936187802e+19 2.382684849499187610e+19 2.247597888115905331e+19 2.056754423925430682e+19 1.783555023249409024e+19 1.367100652234183475e+19
2.617121844164437606e+19 2.614339736170147840e+19 2.603977883687879475e+19 2.581371155016511078e+19 2.541325002695630848e+19 2.477342945936188211e+19 2.382684849499190067e+19 2.247597888115905331e+19 2.056754423925430272e+19 1.783555023249409229e+19 1.367100652234183475e+19
2.617121844164438016e+19 2.614339736170147840e+19 2.603977883687879066e+19 2.581371155016511078e+19 2.541325002695629619e+19 2.477342945936187392e+19 2.382684849499190886e+19 2.247597888115905331e+19 2.056754423925430682e+19 1.783555023249408819e+19 1.367100652234183270e+19
2.617121844164437606e+19 2.614339736170148659e+19 2.603977883687879475e+19 2.581371155016511488e+19 2.541325002695631258e+19 2.477342945936187392e+19 2.382684849499193754e+19 2.247597888115905331e+19 2.056754423925430682e+19 1.783555023249408410e+19 1.367100652234183475e+19
2.617121844164437197e+19 2.614339736170149069e+19 2.603977883687879066e+19 2.581371155016511078e+19 2.541325002695632077e+19 2.477342945936187392e+19 2.382684849499195802e+19 2.247597888115905331e+19 2.056754423925430682e+19 1.783555023249408000e+19 1.367100652234183475e+19
2.617121844164437197e+19 2.614339736170148250e+19 2.603977883687879066e+19 2.581371155016511078e+19 2.541325002695631667e+19 2.477342945936187392e+19 2.382684849499197030e+19 2.247597888115905331e+19 2.056754423925431091e+19 1.783555023249408000e+19 1.367100652234183475e+19
2.617121844164437606e+19 2.614339736170147840e+19 2.603977883687879885e+19 2.581371155016511078e+19 2.541325002695630438e+19 2.477342945936187802e+19 2.382684849499196621e+19 2.247597888115905331e+19 2.056754423925431091e+19 1.783555023249408205e+19 1.367100652234183680e+19
2.617121844164438016e+19 2.614339736170147840e+19 2.603977883687879475e+19 2.581371155016511078e+19 2.541325002695630438e+19 2.477342945936187802e+19 2.382684849499194573e+19 2.247597888115905331e+19 2.056754423925430682e+19 1.783555023249408000e+19 1.367100652234184294e+19
2.617121844164438426e+19 2.614339736170148250e+19 2.603977883687879066e+19 2.581371155016511078e+19 2.541325002695631258e+19 2.477342945936188211e+19 2.382684849499196621e+19 2.247597888115905331e+19 2.056754423925430682e+19 1.783555023249408000e+19 1.367100652234184294e+19
2.617121844164437606e+19 2.614339736170148250e+19 2.603977883687879475e+19 2.581371155016511078e+19 2.541325002695630848e+19 2.477342945936188211e+19 2.382684849499197440e+19 2.247597888115905331e+19 2.056754423925431501e+19 1.783555023249408205e+19 1.367100652234184090e+19
2.617121844164437197e+19 2.614339736170147840e+19 2.603977883687879066e+19 2.581371155016511078e+19 2.541325002695630029e+19 2.477342945936187802e+19 2.382684849499195802e+19 2.247597888115905331e+19 2.056754423925431091e+19 1.783555023249408410e+19 1.367100652234184294e+19
2.617121844164436787e+19 2.614339736170147430e+19 2.603977883687879066e+19 2.581371155016511078e+19 2.541325002695631258e+19 2.477342945936188211e+19 2.382684849499197030e+19 2.247597888115905331e+19 2.056754423925430682e+19 1.783555023249408819e+19 1.367100652234184090e+19
2.617121844164435968e+19 2.614339736170147430e+19 2.603977883687879475e+19 2.581371155016511078e+19 2.541325002695630848e+19 2.477342945936187802e+19 2.382684849499196621e+19 2.247597888115905331e+19 2.056754423925430682e+19 1.783555023249409229e+19 1.367100652234184090e+19
2.617121844164435558e+19 2.614339736170147430e+19 2.603977883687878656e+19 2.581371155016511078e+19 2.541325002695630029e+19 2.477342945936188211e+19 2.382684849499197440e+19 2.247597888115905331e+19 2.056754423925430682e+19 1.783555023249408614e+19 1.367100652234183680e+19
2.617121844164436378e+19 2.614339736170147840e+19 2.603977883687878246e+19 2.581371155016511078e+19 2.541325002695630848e+19 2.477342945936188621e+19 2.382684849499197030e+19 2.247597888115905331e+19 2.056754423925430682e+19 1.783555023249408000e+19 1.367100652234183475e+19
2.617121844164435968e+19 2.614339736170148250e+19 2.603977883687878656e+19 2.581371155016511078e+19 2.541325002695630029e+19 2.477342945936188211e+19 2.382684849499197850e+19 2.247597888115905331e+19 2.056754423925430272e+19 1.783555023249407590e+19 1.367100652234183885e+19
2.617121844164435968e+19 2.614339736170148250e+19 2.603977883687878246e+19 2.581371155016511078e+19 2.541325002695630438e+19 2.477342945936188621e+19 2.382684849499197030e+19 2.247597888115905331e+19 2.056754423925429862e+19 1.783555023249408205e+19 1.367100652234184090e+19
2.617121844164436378e+19 2.614339736170148250e+19 2.603977883687878246e+19 2.581371155016511078e+19 2.541325002695629619e+19 2.477342945936187802e+19 2.382684849499196211e+19 2.247597888115905331e+19 2.056754423925429862e+19 1.783555023249408000e+19 1.367100652234183885e+19
2.617121844164435558e+19 2.614339736170148250e+19 2.603977883687878246e+19 2.581371155016510669e+19 2.541325002695630029e+19 2.477342945936188211e+19 2.382684849499196211e+19 2.247597888115905331e+19 2.056754423925429862e+19 1.783555023249407795e+19 1.367100652234183475e+19
2.617121844164435558e+19 2.614339736170147840e+19 2.603977883687878246e+19 2.581371155016510669e+19 2.541325002695629619e+19 2.477342945936188211e+19 2.382684849499196621e+19 2.247597888115905331e+19 2.056754423925429862e+19 1.783555023249407795e+19 1.367100652234183680e+19
2.617121844164434739e+19 2.614339736170148250e+19 2.603977883687879066e+19 2.581371155016510669e+19 2.541325002695630438e+19 2.477342945936187802e+19 2.382684849499197030e+19 2.247597888115905331e+19 2.056754423925430272e+19 1.783555023249407795e+19 1.367100652234183680e+19
2.617121844164434739e+19 2.614339736170148659e+19 2.603977883687878246e+19 2.581371155016510669e+19 2.541325002695629619e+19 2.477342945936186982e+19 2.382684849499196621e+19 2.247597888115905331e+19 2.056754423925429862e+19 1.783555023249408000e+19 1.367100652234183475e+19
2.617121844164434739e+19 2.614339736170148659e+19 2.603977883687878246e+19 2.581371155016510669e+19 2.541325002695630438e+19 2.477342945936187802e+19 2.382684849499195392e+19 2.247597888115905331e+19 2.056754423925429862e+19 1.783555023249408000e+19 1.367100652234183475e+19
2.617121844164434330e+19 2.614339736170148659e+19 2.603977883687878656e+19 2.581371155016511078e+19 2.541325002695629210e+19 2.477342945936188211e+19 2.382684849499196211e+19 2.247597888115905331e+19 2.056754423925430272e+19 1.783555023249408000e+19 1.367100652234183475e+19
2.617121844164434739e+19 2.614339736170148659e+19 2.603977883687877837e+19 2.581371155016511078e+19 2.541325002695629619e+19 2.477342945936188621e+19 2.382684849499196621e+19 2.247597888115905331e+19 2.056754423925429862e+19 1.783555023249407590e+19 1.367100652234183066e+19
2.617121844164435558e+19 2.614339736170148659e+19 2.603977883687878246e+19 2.581371155016511078e+19 2.541325002695629210e+19 2.477342945936188211e+19 2.382684849499196621e+19 2.247597888115905331e+19 2.056754423925430272e+19 1.783555023249407795e+19 1.367100652234183066e+19
2.617121844164435149e+19 2.614339736170149478e+19 2.603977883687878246e+19 2.581371155016510669e+19 2.541325002695628800e+19 2.477342945936189030e+19 2.382684849499196621e+19 2.247597888115905331e+19 2.056754423925430682e+19 1.783555023249408000e+19 1.367100652234182861e+19
2.617121844164435149e+19 2.614339736170149478e+19 2.603977883687878246e+19 2.581371155016511078e+19 2.541325002695629619e+19 2.477342945936189030e+19 2.382684849499196211e+19 2.247597888115905331e+19 2.056754423925430272e+19 1.783555023249407590e+19 1.367100652234182656e+19
2.617121844164435149e+19 2.614339736170149888e+19 2.603977883687878656e+19 2.581371155016511078e+19 2.541325002695629619e+19 2.477342945936189850e+19 2.382684849499195392e+19 2.247597888115905331e+19 2.056754423925430682e+19 1.783555023249407590e+19 1.367100652234182861e+19
2.617121844164435149e+19 2.614339736170149069e+19 2.603977883687878246e+19 2.581371155016511078e+19 2.541325002695628800e+19 2.477342945936189850e+19 2.382684849499195392e+19 2.247597888115905331e+19 2.056754423925430272e+19 1.783555023249407590e+19 1.367100652234183066e+19
2.617121844164435149e+19 2.614339736170148659e+19 2.603977883687878656e+19 2.581371155016511078e+19 2.541325002695628800e+19 2.477342945936190669e+19 2.382684849499195392e+19 2.247597888115905331e+19 2.056754423925429862e+19 1.783555023249407590e+19 1.367100652234182861e+19
2.617121844164435149e+19 2.614339736170149069e+19 2.603977883687878656e+19 2.581371155016511078e+19 2.541325002695629210e+19 2.477342945936190259e+19 2.382684849499195392e+19 2.247597888115905331e+19 2.056754423925429862e+19 1.783555023249407590e+19 1.367100652234182656e+19
2.617121844164434739e+19 2.614339736170149069e+19 2.603977883687878246e+19 2.581371155016511078e+19 2.541325002695628800e+19 2.477342945936189440e+19 2.382684849499194163e+19 2.247597888115905331e+19 2.056754423925429862e+19 1.783555023249407181e+19 1.367100652234182861e+19
2.617121844164435558e+19 2.614339736170149478e+19 2.603977883687878656e+19 2.581371155016511078e+19 2.541325002695628390e+19 2.477342945936189030e+19 2.382684849499195392e+19 2.247597888115905331e+19 2.056754423925429862e+19 1.783555023249406771e+19 1.367100652234182656e+19
2.617121844164435149e+19 2.614339736170149888e+19 2.603977883687878246e+19 2.581371155016511488e+19 2.541325002695627981e+19 2.477342945936189030e+19 2.382684849499194982e+19 2.247597888115905331e+19 2.056754423925430272e+19 1.783555023249406976e+19 1.367100652234183270e+19
2.617121844164435149e+19 2.614339736170149888e+19 2.603977883687877837e+19 2.581371155016511488e+19 2.541325002695628390e+19 2.477342945936189030e+19 2.382684849499195392e+19 2.247597888115905331e+19 2.056754423925430272e+19 1.783555023249407181e+19 1.367100652234183270e+19
2.617121844164435558e+19 2.614339736170149069e+19 2.603977883687877837e+19 2.581371155016511488e+19 2.541325002695627981e+19 2.477342945936189030e+19 2.382684849499194573e+19 2.247597888115905331e+19 2.056754423925429862e+19 1.783555023249407590e+19 1.367100652234183270e+19
2.617121844164435968e+19 2.614339736170148659e+19 2.603977883687877427e+19 2.581371155016511488e+19 2.541325002695627981e+19 2.477342945936189440e+19 2.382684849499195392e+19 2.247597888115905331e+19 2.056754423925430682e+19 1.783555023249406771e+19 1.367100652234183680e+19
2.617121844164435558e+19 2.614339736170148659e+19 2.603977883687878246e+19 2.581371155016511488e+19 2.541325002695628390e+19 2.477342945936189850e+19 2.382684849499195392e+19 2.247597888115905331e+19 2.056754423925430682e+19 1.783555023249406976e+19 1.367100652234183475e+19
2.617121844164435149e+19 2.614339736170149069e+19 2.603977883687877837e+19 2.581371155016511898e+19 2.541325002695628390e+19 2.477342945936189850e+19 2.382684849499194163e+19 2.247597888115905331e+19 2.056754423925430272e+19 1.783555023249406771e+19 1.367100652234183475e+19
2.617121844164435558e+19 2.614339736170149888e+19 2.603977883687877837e+19 2.581371155016511488e+19 2.541325002695628800e+19 2.477342945936189850e+19 2.382684849499193754e+19 2.247597888115905331e+19 2.056754423925430682e+19 1.783555023249406362e+19 1.367100652234183270e+19
2.617121844164435558e+19 2.614339736170149478e+19 2.603977883687878656e+19 2.581371155016511488e+19 2.541325002695628800e+19 2.477342945936189440e+19 2.382684849499194163e+19 2.247597888115905331e+19 2.056754423925429862e+19 1.783555023249406362e+19 1.367100652234183680e+19
2.617121844164435558e+19 2.614339736170149069e+19 2.603977883687877837e+19 2.581371155016511488e+19 2.541325002695628800e+19 2.477342945936189440e+19 2.382684849499194163e+19 2.247597888115905331e+19 2.056754423925429862e+19 1.783555023249406157e+19 1.367100652234183885e+19
2.617121844164434739e+19 2.614339736170149069e+19 2.603977883687878246e+19 2.581371155016511488e+19 2.541325002695628800e+19 2.477342945936189440e+19 2.382684849499193754e+19 2.247597888115905331e+19 2.056754423925429862e+19 1.783555023249405747e+19 1.367100652234183885e+19
2.617121844164434739e+19 2.614339736170149069e+19 2.603977883687878246e+19 2.581371155016511488e+19 2.541325002695628800e+19 2.477342945936189440e+19 2.382684849499193344e+19 2.247597888115905331e+19 2.056754423925429862e+19 1.783555023249405542e+19 1.367100652234183885e+19
2.617121844164435149e+19 2.614339736170149888e+19 2.603977883687877837e+19 2.581371155016511488e+19 2.541325002695628800e+19 2.477342945936189440e+19 2.382684849499193344e+19 2.247597888115905331e+19 2.056754423925430272e+19 1.783555023249405747e+19 1.367100652234183270e+19
2.617121844164434739e+19 2.614339736170150298e+19 2.603977883687878246e+19 2.581371155016511078e+19 2.541325002695628800e+19 2.477342945936188621e+19 2.382684849499193754e+19 2.247597888115905331e+19 2.056754423925430272e+19 1.783555023249405747e+19 1.367100652234183475e+19
2.617121844164434739e+19 2.614339736170150707e+19 2.603977883687877837e+19 2.581371155016511078e+19 2.541325002695628390e+19 2.477342945936189030e+19 2.382684849499193344e+19 2.247597888115905331e+19 2.056754423925429862e+19 1.783555023249405542e+19 1.367100652234183885e+19
2.617121844164433920e+19 2.614339736170150298e+19 2.603977883687877837e+19 2.581371155016511078e+19 2.541325002695628390e+19 2.477342945936189030e+19 2.382684849499192934e+19 2.247597888115905331e+19 2.056754423925429862e+19 1.783555023249405747e+19 1.367100652234183680e+19
2.617121844164433920e+19 2.614339736170150298e+19 2.603977883687877427e+19 2.581371155016511488e+19 2.541325002695627981e+19 2.477342945936189850e+19 2.382684849499192525e+19 2.247597888115905331e+19 2.056754423925429453e+19 1.783555023249406362e+19 1.367100652234184090e+19
2.617121844164433510e+19 2.614339736170149888e+19 2.603977883687877427e+19 2.581371155016511488e+19 2.541325002695627571e+19 2.477342945936189030e+19 2.382684849499192934e+19 2.247597888115905331e+19 2.056754423925429862e+19 1.783555023249406362e+19 1.367100652234183885e+19
2.617121844164433101e+19 2.614339736170149888e+19 2.603977883687877837e+19 2.581371155016511488e+19 2.541325002695627571e+19 2.477342945936189030e+19 2.382684849499192934e+19 2.247597888115905331e+19 2.056754423925429043e+19 1.783555023249406362e+19 1.367100652234183885e+19
2.617121844164433101e+19 2.614339736170150298e+19 2.603977883687877427e+19 2.581371155016511078e+19 2.541325002695627571e+19 2.477342945936188621e+19 2.382684849499192934e+19 2.247597888115905331e+19 2.056754423925429043e+19 1.783555023249406362e+19 1.367100652234183680e+19
2.617121844164433920e+19 2.614339736170150707e+19 2.603977883687877837e+19 2.581371155016511078e+19 2.541325002695627981e+19 2.477342945936188211e+19 2.382684849499192934e+19 2.247597888115905331e+19 2.056754423925429453e+19 1.783555023249406362e+19 1.367100652234183475e+19
2.617121844164433510e+19 2.614339736170149478e+19 2.603977883687877427e+19 2.581371155016511078e+19 2.541325002695627981e+19 2.477342945936188621e+19 2.382684849499192525e+19 2.247597888115905331e+19 2.056754423925429043e+19 1.783555023249406771e+19 1.367100652234183066e+19
2.617121844164433920e+19 2.614339736170148659e+19 2.603977883687877427e+19 2.581371155016510669e+19 2.541325002695627571e+19 2.477342945936187802e+19 2.382684849499192934e+19 2.247597888115905331e+19 2.056754423925428634e+19 1.783555023249406566e+19 1.367100652234183680e+19
2.617121844164433510e+19 2.614339736170149069e+19 2.603977883687877837e+19 2.581371155016511078e+19 2.541325002695627162e+19 2.477342945936187802e+19 2.382684849499192934e+19 2.247597888115905331e+19 2.056754423925428224e+19 1.783555023249406771e+19 1.367100652234183066e+19
2.617121844164433510e+19 2.614339736170149069e+19 2.603977883687877427e+19 2.581371155016511078e+19 2.541325002695627571e+19 2.477342945936187392e+19 2.382684849499193344e+19 2.247597888115905331e+19 2.056754423925428634e+19 1.783555023249406771e+19 1.367100652234183270e+19
2.617121844164434330e+19 2.614339736170149478e+19 2.603977883687878246e+19 2.581371155016510669e+19 2.541325002695627571e+19 2.477342945936187392e+19 2.382684849499193754e+19 2.247597888115905331e+19 2.056754423925428634e+19 1.783555023249406362e+19 1.367100652234183680e+19
2.617121844164434739e+19 2.614339736170149478e+19 2.603977883687877427e+19 2.581371155016511078e+19 2.541325002695627571e+19 2.477342945936187392e+19 2.382684849499192934e+19 2.247597888115905331e+19 2.056754423925428224e+19 1.783555023249406771e+19 1.367100652234183885e+19
2.617121844164434739e+19 2.614339736170149478e+19 2.603977883687877837e+19 2.581371155016510669e+19 2.541325002695627571e+19 2.477342945936186982e+19 2.382684849499192525e+19 2.247597888115905331e+19 2.056754423925428224e+19 1.783555023249406566e+19 1.367100652234184090e+19
2.617121844164433920e+19 2.614339736170149069e+19 2.603977883687877837e+19 2.581371155016511078e+19 2.541325002695627981e+19 2.477342945936186573e+19 2.382684849499192525e+19 2.247597888115905331e+19 2.056754423925428224e+19 1.783555023249407386e+19 1.367100652234184294e+19
2.617121844164433510e+19 2.614339736170148250e+19 2.603977883687877427e+19 2.581371155016511078e+19 2.541325002695627571e+19 2.477342945936186982e+19 2.382684849499192115e+19 2.247597888115905331e+19 2.056754423925428224e+19 1.783555023249407590e+19 1.367100652234183885e+19
2.617121844164434330e+19 2.614339736170148659e+19 2.603977883687878246e+19 2.581371155016511078e+19 2.541325002695627571e+19 2.477342945936186573e+19 2.382684849499191706e+19 2.247597888115905331e+19 2.056754423925428634e+19 1.783555023249407795e+19 1.367100652234184090e+19
2.617121844164434330e+19 2.614339736170148659e+19 2.603977883687877018e+19 2.581371155016511078e+19 2.541325002695627162e+19 2.477342945936186573e+19 2.382684849499191706e+19 2.247597888115905331e+19 2.056754423925428224e+19 1.783555023249407590e+19 1.367100652234184090e+19
2.617121844164433920e+19 2.614339736170149069e+19 2.603977883687877837e+19 2.581371155016511078e+19 2.541325002695627571e+19 2.477342945936186982e+19 2.382684849499191296e+19 2.247597888115905331e+19 2.056754423925429043e+19 1.783555023249406771e+19 1.367100652234183885e+19
2.617121844164433510e+19 2.614339736170149478e+19 2.603977883687877018e+19 2.581371155016511078e+19 2.541325002695627162e+19 2.477342945936186163e+19 2.382684849499190886e+19 2.247597888115905331e+19 2.056754423925429043e+19 1.783555023249406362e+19 1.367100652234184499e+19
2.617121844164433101e+19 2.614339736170149888e+19 2.603977883687877018e+19 2.581371155016511488e+19 2.541325002695627571e+19 2.477342945936186163e+19 2.382684849499190067e+19 2.247597888115905331e+19 2.056754423925429043e+19 1.783555023249406362e+19 1.367100652234184704e+19
2.617121844164432691e+19 2.614339736170149478e+19 2.603977883687877018e+19 2.581371155016511078e+19 2.541325002695627981e+19 2.477342945936186163e+19 2.382684849499189658e+19 2.247597888115905331e+19 2.056754423925428634e+19 1.783555023249406771e+19 1.367100652234184909e+19
2.617121844164431462e+19 2.614339736170148659e+19 2.603977883687876608e+19 2.581371155016511078e+19 2.541325002695627981e+19 2.477342945936185754e+19 2.382684849499190477e+19 2.247597888115905331e+19 2.056754423925428634e+19 1.783555023249407181e+19 1.367100652234184909e+19
2.617121844164431872e+19 2.614339736170148659e+19 2.603977883687876608e+19 2.581371155016511078e+19 2.541325002695627571e+19 2.477342945936185344e+19 2.382684849499190886e+19 2.247597888115905331e+19 2.056754423925428224e+19 1.783555023249407181e+19 1.367100652234184909e+19
2.617121844164432282e+19 2.614339736170148659e+19 2.603977883687876198e+19 2.581371155016511078e+19 2.541325002695627981e+19 2.477342945936185754e+19 2.382684849499190886e+19 2.247597888115905331e+19 2.056754423925428634e+19 1.783555023249407181e+19 1.367100652234184909e+19
2.617121844164431462e+19 2.614339736170149069e+19 2.603977883687877018e+19 2.581371155016511078e+19 2.541325002695627571e+19 2.477342945936185754e+19 2.382684849499191296e+19 2.247597888115905331e+19 2.056754423925428224e+19 1.783555023249407181e+19 1.367100652234185114e+19
2.617121844164431462e+19 2.614339736170149478e+19 2.603977883687876198e+19 2.581371155016511078e+19 2.541325002695627981e+19 2.477342945936185754e+19 2.382684849499190886e+19 2.247597888115905331e+19 2.056754423925427814e+19 1.783555023249407590e+19 1.367100652234185523e+19
2.617121844164431462e+19 2.614339736170149069e+19 2.603977883687876608e+19 2.581371155016511078e+19 2.541325002695628390e+19 2.477342945936185754e+19 2.382684849499191296e+19 2.247597888115905331e+19 2.056754423925427405e+19 1.783555023249408000e+19 1.367100652234185523e+19
2.617121844164431462e+19 2.614339736170149069e+19 2.603977883687876198e+19 2.581371155016511488e+19 2.541325002695627981e+19 2.477342945936185344e+19 2.382684849499191706e+19 2.247597888115905331e+19 2.056754423925427814e+19 1.783555023249407590e+19 1.367100652234185318e+19
2.617121844164431053e+19 2.614339736170148659e+19 2.603977883687876198e+19 2.581371155016511488e+19 2.541325002695628390e+19 2.477342945936185344e+19 2.382684849499192525e+19 2.247597888115905331e+19 2.056754423925427405e+19 1.783555023249407795e+19 1.367100652234184704e+19
2.617121844164431872e+19 2.614339736170148659e+19 2.603977883687876608e+19 2.581371155016511078e+19 2.541325002695628390e+19 2.477342945936185344e+19 2.382684849499192525e+19 2.247597888115905331e+19 2.056754423925427405e+19 1.783555023249408000e+19 1.367100652234185114e+19
2.617121844164431872e+19 2.614339736170148250e+19 2.603977883687876608e+19 2.581371155016510669e+19 2.541325002695627571e+19 2.477342945936185754e+19 2.382684849499191706e+19 2.247597888115905331e+19 2.056754423925426995e+19 1.783555023249408410e+19 1.367100652234185114e+19
2.617121844164431872e+19 2.614339736170147840e+19 2.603977883687876608e+19 2.581371155016511078e+19 2.541325002695628390e+19 2.477342945936185754e+19 2.382684849499192115e+19 2.247597888115905331e+19 2.056754423925427405e+19 1.783555023249408000e+19 1.367100652234185114e+19
2.617121844164431462e+19 2.614339736170148250e+19 2.603977883687876608e+19 2.581371155016511078e+19 2.541325002695627981e+19 2.477342945936185344e+19 2.382684849499192525e+19 2.247597888115905331e+19 2.056754423925427405e+19 1.783555023249408000e+19 1.367100652234185318e+19
2.617121844164431462e+19 2.614339736170148250e+19 2.603977883687877018e+19 2.581371155016511488e+19 2.541325002695627981e+19 2.477342945936185344e+19 2.382684849499192525e+19 2.247597888115905331e+19 2.056754423925427405e+19 1.783555023249408000e+19 1.367100652234185523e+19
2.617121844164431053e+19 2.614339736170147840e+19 2.603977883687876608e+19 2.581371155016511898e+19 2.541325002695627571e+19 2.477342945936185754e+19 2.382684849499191706e+19 2.247597888115905331e+19 2.056754423925427405e+19 1.783555023249408000e+19 1.367100652234185318e+19
2.617121844164431053e+19 2.614339736170147840e+19 2.603977883687877018e+19 2.581371155016511898e+19 2.541325002695627571e+19 2.477342945936185754e+19 2.382684849499191706e+19 2.247597888115905331e+19 2.056754423925426586e+19 1.783555023249408000e+19 1.367100652234185523e+19
2.617121844164431053e+19 2.614339736170147430e+19 2.603977883687876608e+19 2.581371155016511078e+19 2.541325002695627981e+19 2.477342945936186573e+19 2.382684849499191706e+19 2.247597888115905331e+19 2.056754423925426995e+19 1.783555023249408410e+19 1.367100652234186342e+19
2.617121844164431053e+19 2.614339736170147021e+19 2.603977883687877018e+19 2.581371155016510669e+19 2.541325002695628390e+19 2.477342945936186982e+19 2.382684849499191706e+19 2.247597888115905331e+19 2.056754423925427405e+19 1.783555023249407795e+19 1.367100652234186547e+19
2.617121844164430643e+19 2.614339736170147430e+19 2.603977883687877018e+19 2.581371155016510259e+19 2.541325002695628390e+19 2.477342945936187392e+19 2.382684849499190886e+19 2.247597888115905331e+19 2.056754423925427405e+19 1.783555023249408000e+19 1.367100652234186957e+19
2.617121844164431053e+19 2.614339736170147430e+19 2.603977883687876198e+19 2.581371155016510259e+19 2.541325002695628390e+19 2.477342945936187392e+19 2.382684849499190886e+19 2.247597888115905331e+19 2.056754423925427814e+19 1.783555023249408614e+19 1.367100652234186957e+19
2.617121844164430643e+19 2.614339736170147840e+19 2.603977883687876608e+19 2.581371155016509850e+19 2.541325002695628390e+19 2.477342945936187392e+19 2.382684849499191296e+19 2.247597888115905331e+19 2.056754423925426995e+19 1.783555023249408819e+19 1.367100652234186547e+19
2.617121844164430234e+19 2.614339736170147840e+19 2.603977883687875789e+19 2.581371155016509440e+19 2.541325002695628390e+19 2.477342945936187392e+19 2.382684849499191296e+19 2.247597888115905331e+19 2.056754423925426586e+19 1.783555023249408614e+19 1.367100652234186138e+19
2.617121844164429824e+19 2.614339736170147021e+19 2.603977883687876608e+19 2.581371155016509440e+19 2.541325002695628800e+19 2.477342945936186982e+19 2.382684849499191706e+19 2.247597888115905331e+19 2.056754423925426586e+19 1.783555023249408819e+19 1.367100652234185933e+19
2.617121844164430234e+19 2.614339736170147021e+19 2.603977883687876608e+19 2.581371155016509030e+19 2.541325002695628390e+19 2.477342945936186982e+19 2.382684849499192115e+19 2.247597888115905331e+19 2.056754423925426586e+19 1.783555023249408410e+19 1.367100652234185728e+19
2.617121844164430234e+19 2.614339736170147430e+19 2.603977883687877427e+19 2.581371155016508211e+19 2.541325002695628390e+19 2.477342945936187802e+19 2.382684849499192115e+19 2.247597888115905331e+19 2.056754423925426586e+19 1.783555023249408410e+19 1.367100652234185114e+19
2.617121844164429824e+19 2.614339736170147430e+19 2.603977883687876608e+19 2.581371155016508211e+19 2.541325002695627981e+19 2.477342945936188621e+19 2.382684849499192934e+19 2.247597888115905331e+19 2.056754423925426995e+19 1.783555023249408000e+19 1.367100652234185114e+19
2.617121844164429414e+19 2.614339736170147430e+19 2.603977883687877427e+19 2.581371155016508621e+19 2.541325002695627981e+19 2.477342945936188621e+19 2.382684849499192525e+19 2.247597888115905331e+19 2.056754423925426995e+19 1.783555023249408205e+19 1.367100652234185523e+19
2.617121844164428595e+19 2.614339736170147021e+19 2.603977883687876608e+19 2.581371155016509030e+19 2.541325002695627981e+19 2.477342945936188621e+19 2.382684849499192115e+19 2.247597888115905331e+19 2.056754423925427405e+19 1.783555023249408000e+19 1.367100652234185523e+19
2.617121844164428186e+19 2.614339736170147430e+19 2.603977883687877018e+19 2.581371155016509440e+19 2.541325002695627981e+19 2.477342945936188621e+19 2.382684849499192934e+19 2.247597888115905331e+19 2.056754423925427405e+19 1.783555023249408000e+19 1.367100652234185318e+19
2.617121844164428186e+19 2.614339736170147430e+19 2.603977883687876608e+19 2.581371155016509440e+19 2.541325002695627981e+19 2.477342945936189030e+19 2.382684849499192934e+19 2.247597888115905331e+19 2.056754423925426995e+19 1.783555023249408205e+19 1.367100652234184909e+19
2.617121844164427776e+19 2.614339736170147021e+19 2.603977883687876608e+19 2.581371155016509030e+19 2.541325002695628390e+19 2.477342945936189440e+19 2.382684849499192934e+19 2.247597888115905331e+19 2.056754423925426995e+19 1.783555023249407590e+19 1.367100652234184909e+19
2.617121844164428186e+19 2.614339736170147021e+19 2.603977883687876608e+19 2.581371155016508621e+19 2.541325002695628800e+19 2.477342945936190259e+19 2.382684849499193344e+19 2.247597888115905331e+19 2.056754423925426586e+19 1.783555023249407590e+19 1.367100652234184704e+19
2.617121844164427776e+19 2.614339736170147021e+19 2.603977883687876198e+19 2.581371155016509030e+19 2.541325002695629210e+19 2.477342945936190259e+19 2.382684849499193754e+19 2.247597888115905331e+19 2.056754423925426995e+19 1.783555023249407181e+19 1.367100652234184499e+19
2.617121844164427366e+19 2.614339736170147021e+19 2.603977883687876608e+19 2.581371155016509030e+19 2.541325002695629210e+19 2.477342945936190669e+19 2.382684849499193344e+19 2.247597888115905331e+19 2.056754423925427405e+19 1.783555023249406771e+19 1.367100652234183885e+19
2.617121844164427776e+19 2.614339736170147430e+19 2.603977883687876198e+19 2.581371155016509030e+19 2.541325002695629210e+19 2.477342945936189850e+19 2.382684849499193754e+19 2.247597888115905331e+19 2.056754423925427405e+19 1.783555023249406771e+19 1.367100652234183885e+19
2.617121844164427366e+19 2.614339736170148250e+19 2.603977883687876608e+19 2.581371155016509030e+19 2.541325002695629619e+19 2.477342945936190259e+19 2.382684849499194163e+19 2.247597888115905331e+19 2.056754423925426995e+19 1.783555023249406362e+19 1.367100652234184294e+19
2.617121844164426547e+19 2.614339736170148250e+19 2.603977883687876608e+19 2.581371155016509030e+19 2.541325002695629619e+19 2.477342945936190669e+19 2.382684849499194163e+19 2.247597888115905331e+19 2.056754423925426586e+19 1.783555023249405542e+19 1.367100652234184090e+19
2.617121844164426547e+19 2.614339736170147840e+19 2.603977883687876608e+19 2.581371155016509030e+19 2.541325002695629619e+19 2.477342945936190669e+19 2.382684849499193754e+19 2.247597888115905331e+19 2.056754423925427405e+19 1.783555023249405747e+19 1.367100652234184499e+19
2.617121844164426957e+19 2.614339736170147430e+19 2.603977883687876198e+19 2.581371155016509030e+19 2.541325002695629210e+19 2.477342945936191078e+19 2.382684849499194163e+19 2.247597888115905331e+19 2.056754423925427405e+19 1.783555023249405338e+19 1.367100652234184090e+19
2.617121844164427366e+19 2.614339736170147430e+19 2.603977883687876608e+19 2.581371155016509030e+19 2.541325002695629210e+19 2.477342945936190669e+19 2.382684849499194163e+19 2.247597888115905331e+19 2.056754423925427405e+19 1.783555023249405133e+19 1.367100652234184704e+19
2.617121844164427366e+19 2.614339736170147430e+19 2.603977883687876198e+19 2.581371155016509030e+19 2.541325002695629210e+19 2.477342945936191488e+19 2.382684849499195392e+19 2.247597888115905331e+19 2.056754423925427405e+19 1.783555023249405542e+19 1.367100652234184909e+19
2.617121844164427366e+19 2.614339736170147840e+19 2.603977883687877018e+19 2.581371155016509440e+19 2.541325002695630029e+19 2.477342945936191078e+19 2.382684849499195392e+19 2.247597888115905331e+19 2.056754423925426586e+19 1.783555023249405542e+19 1.367100652234184909e+19
2.617121844164426957e+19 2.614339736170147840e+19 2.603977883687876608e+19 2.581371155016509030e+19 2.541325002695630029e+19 2.477342945936191488e+19 2.382684849499195392e+19 2.247597888115905331e+19 2.056754423925426586e+19 1.783555023249405542e+19 1.367100652234185728e+19
2.617121844164426138e+19 2.614339736170148659e+19 2.603977883687877427e+19 2.581371155016509850e+19 2.541325002695630029e+19 2.477342945936191488e+19 2.382684849499195802e+19 2.247597888115905331e+19 2.056754423925426995e+19 1.783555023249405542e+19 1.367100652234185114e+19
2.617121844164426547e+19 2.614339736170149069e+19 2.603977883687876608e+19 2.581371155016509030e+19 2.541325002695630438e+19 2.477342945936191488e+19 2.382684849499196211e+19 2.247597888115905331e+19 2.056754423925426995e+19 1.783555023249405133e+19 1.367100652234184704e+19
2.617121844164425728e+19 2.614339736170148659e+19 2.603977883687877427e+19 2.581371155016509440e+19 2.541325002695630029e+19 2.477342945936192307e+19 2.382684849499195802e+19 2.247597888115905331e+19 2.056754423925426995e+19 1.783555023249405133e+19 1.367100652234184704e+19
2.617121844164426547e+19 2.614339736170148659e+19 2.603977883687876608e+19 2.581371155016509440e+19 2.541325002695630438e+19 2.477342945936192307e+19 2.382684849499195802e+19 2.247597888115905331e+19 2.056754423925427405e+19 1.783555023249405133e+19 1.367100652234184499e+19
2.617121844164426138e+19 2.614339736170148250e+19 2.603977883687877427e+19 2.581371155016509030e+19 2.541325002695630438e+19 2.477342945936191488e+19 2.382684849499194982e+19 2.247597888115905331e+19 2.056754423925427405e+19 1.783555023249405747e+19 1.367100652234184704e+19
2.617121844164425728e+19 2.614339736170148250e+19 2.603977883687876608e+19 2.581371155016509440e+19 2.541325002695630848e+19 2.477342945936191488e+19 2.382684849499194573e+19 2.247597888115905331e+19 2.056754423925427405e+19 1.783555023249406362e+19 1.367100652234184499e+19
2.617121844164425728e+19 2.614339736170149069e+19 2.603977883687877018e+19 2.581371155016509030e+19 2.541325002695630438e+19 2.477342945936191488e+19 2.382684849499193754e+19 2.247597888115905331e+19 2.056754423925427405e+19 1.783555023249405952e+19 1.367100652234184704e+19
2.617121844164426138e+19 2.614339736170149478e+19 2.603977883687876608e+19 2.581371155016509030e+19 2.541325002695629619e+19 2.477342945936192307e+19 2.382684849499194573e+19 2.247597888115905331e+19 2.056754423925427405e+19 1.783555023249405338e+19 1.367100652234184704e+19
2.617121844164426957e+19 2.614339736170149478e+19 2.603977883687877018e+19 2.581371155016509030e+19 2.541325002695630029e+19 2.477342945936191898e+19 2.382684849499195802e+19 2.247597888115905331e+19 2.056754423925428224e+19 1.783555023249405747e+19 1.367100652234184909e+19
2.617121844164426957e+19 2.614339736170149888e+19 2.603977883687876608e+19 2.581371155016509030e+19 2.541325002695630438e+19 2.477342945936192307e+19 2.382684849499195802e+19 2.247597888115905331e+19 2.056754423925428224e+19 1.783555023249405133e+19 1.367100652234184909e+19
2.617121844164426957e+19 2.614339736170149888e+19 2.603977883687877427e+19 2.581371155016509030e+19 2.541325002695630029e+19 2.477342945936191898e+19 2.382684849499195802e+19 2.247597888115905331e+19 2.056754423925428634e+19 1.783555023249405133e+19 1.367100652234184704e+19
2.617121844164427366e+19 2.614339736170149888e+19 2.603977883687877427e+19 2.581371155016509030e+19 2.541325002695630848e+19 2.477342945936191488e+19 2.382684849499194982e+19 2.247597888115905331e+19 2.056754423925428634e+19 1.783555023249405133e+19 1.367100652234184499e+19
2.617121844164427366e+19 2.614339736170150298e+19 2.603977883687877837e+19 2.581371155016509030e+19 2.541325002695630438e+19 2.477342945936191078e+19 2.382684849499195392e+19 2.247597888115905331e+19 2.056754423925429043e+19 1.783555023249405338e+19 1.367100652234184909e+19
2.617121844164427366e+19 2.614339736170150707e+19 2.603977883687877427e+19 2.581371155016509440e+19 2.541325002695630438e+19 2.477342945936191488e+19 2.382684849499195392e+19 2.247597888115905331e+19 2.056754423925428634e+19 1.783555023249405542e+19 1.367100652234185318e+19
2.617121844164427366e+19 2.614339736170151117e+19 2.603977883687877837e+19 2.581371155016509030e+19 2.541325002695630438e+19 2.477342945936191488e+19 2.382684849499195802e+19 2.247597888115905331e+19 2.056754423925429043e+19 1.783555023249405542e+19 1.367100652234185318e+19
2.617121844164428186e+19 2.614339736170151526e+19 2.603977883687877427e+19 2.581371155016509030e+19 2.541325002695630438e+19 2.477342945936191898e+19 2.382684849499195392e+19 2.247597888115905331e+19 2.056754423925429043e+19 1.783555023249405542e+19 1.367100652234185318e+19
2.617121844164428186e+19 2.614339736170151936e+19 2.603977883687877837e+19 2.581371155016509030e+19 2.541325002695630848e+19 2.477342945936192307e+19 2.382684849499194982e+19 2.247597888115905331e+19 2.056754423925429043e+19 1.783555023249405133e+19 1.367100652234185728e+19
2.617121844164428186e+19 2.614339736170152346e+19 2.603977883687877018e+19 2.581371155016509030e+19 2.541325002695630438e+19 2.477342945936192307e+19 2.382684849499194163e+19 2.247597888115905331e+19 2.056754423925429043e+19 1.783555023249405542e+19 1.367100652234185523e+19
2.617121844164428595e+19 2.614339736170152755e+19 2.603977883687877837e+19 2.581371155016509440e+19 2.541325002695631258e+19 2.477342945936192307e+19 2.382684849499194982e+19 2.247597888115905331e+19 2.056754423925428634e+19 1.783555023249405133e+19 1.367100652234185933e+19
2.617121844164429414e+19 2.614339736170152755e+19 2.603977883687877018e+19 2.581371155016509440e+19 2.541325002695631258e+19 2.477342945936191898e+19 2.382684849499195392e+19 2.247597888115905331e+19 2.056754423925429453e+19 1.783555023249404314e+19 1.367100652234185318e+19
2.617121844164429414e+19 2.614339736170152346e+19 2.603977883687877427e+19 2.581371155016509440e+19 2.541325002695631667e+19 2.477342945936192307e+19 2.382684849499194982e+19 2.247597888115905331e+19 2.056754423925429453e+19 1.783555023249404518e+19 1.367100652234185318e+19
2.617121844164429824e+19 2.614339736170152346e+19 2.603977883687877018e+19 2.581371155016509030e+19 2.541325002695630848e+19 2.477342945936192307e+19 2.382684849499194982e+19 2.247597888115905331e+19 2.056754423925429453e+19 1.783555023249404723e+19 1.367100652234185114e+19
2.617121844164429824e+19 2.614339736170152346e+19 2.603977883687877837e+19 2.581371155016509440e+19 2.541325002695630848e+19 2.477342945936191898e+19 2.382684849499194573e+19 2.247597888115905331e+19 2.056754423925429043e+19 1.783555023249404723e+19 1.367100652234185318e+19
2.617121844164429414e+19 2.614339736170152755e+19 2.603977883687877018e+19 2.581371155016509030e+19 2.541325002695630848e+19 2.477342945936191898e+19 2.382684849499194163e+19 2.247597888115905331e+19 2.056754423925429043e+19 1.783555023249404314e+19 1.367100652234185523e+19
2.617121844164429824e+19 2.614339736170153165e+19 2.603977883687877427e+19 2.581371155016509440e+19 2.541325002695630848e+19 2.477342945936191898e+19 2.382684849499193344e+19 2.247597888115905331e+19 2.056754423925429043e+19 1.783555023249403904e+19 1.367100652234185318e+19
2.617121844164429824e+19 2.614339736170153165e+19 2.603977883687876608e+19 2.581371155016509440e+19 2.541325002695631258e+19 2.477342945936191898e+19 2.382684849499194163e+19 2.247597888115905331e+19 2.056754423925429453e+19 1.783555023249403494e+19 1.367100652234185114e+19
2.617121844164429414e+19 2.614339736170151936e+19 2.603977883687877018e+19 2.581371155016509440e+19 2.541325002695630848e+19 2.477342945936191898e+19 2.382684849499194573e+19 2.247597888115905331e+19 2.056754423925428224e+19 1.783555023249403494e+19 1.367100652234185318e+19
2.617121844164430234e+19 2.614339736170151936e+19 2.603977883687876198e+19 2.581371155016509440e+19 2.541325002695630848e+19 2.477342945936191898e+19 2.382684849499195392e+19 2.247597888115905331e+19 2.056754423925429043e+19 1.783555023249403494e+19 1.367100652234185318e+19
2.617121844164430234e+19 2.614339736170151526e+19 2.603977883687876608e+19 2.581371155016509440e+19 2.541325002695630438e+19 2.477342945936191898e+19 2.382684849499195802e+19 2.247597888115905331e+19 2.056754423925428634e+19 1.783555023249403085e+19 1.367100652234185523e+19
2.617121844164430234e+19 2.614339736170151526e+19 2.603977883687876608e+19 2.581371155016509850e+19 2.541325002695630438e+19 2.477342945936192307e+19 2.382684849499196211e+19 2.247597888115905331e+19 2.056754423925428634e+19 1.783555023249403085e+19 1.367100652234185318e+19
2.617121844164430643e+19 2.614339736170151526e+19 2.603977883687877018e+19 2.581371155016509850e+19 2.541325002695630848e+19 2.477342945936192307e+19 2.382684849499195802e+19 2.247597888115905331e+19 2.056754423925428224e+19 1.783555023249403085e+19 1.367100652234185523e+19
2.617121844164431053e+19 2.614339736170151526e+19 2.603977883687876608e+19 2.581371155016509850e+19 2.541325002695630848e+19 2.477342945936192717e+19 2.382684849499195802e+19 2.247597888115905331e+19 2.056754423925427814e+19 1.783555023249403085e+19 1.367100652234185933e+19
2.617121844164431462e+19 2.614339736170151936e+19 2.603977883687877018e+19 2.581371155016509440e+19 2.541325002695630848e+19 2.477342945936192717e+19 2.382684849499196211e+19 2.247597888115905331e+19 2.056754423925426995e+19 1.783555023249402675e+19 1.367100652234185933e+19
2.617121844164430643e+19 2.614339736170151936e+19 2.603977883687876608e+19 2.581371155016509850e+19 2.541325002695630848e+19 2.477342945936192717e+19 2.382684849499197030e+19 2.247597888115905331e+19 2.056754423925427405e+19 1.783555023249403085e+19 1.367100652234185728e+19
2.617121844164430643e+19 2.614339736170151936e+19 2.603977883687877018e+19 2.581371155016509440e+19 2.541325002695630848e+19 2.477342945936192307e+19 2.382684849499196621e+19 2.247597888115905331e+19 2.056754423925427405e+19 1.783555023249403290e+19 1.367100652234185728e+19
2.617121844164429824e+19 2.614339736170151936e+19 2.603977883687877427e+19 2.581371155016509440e+19 2.541325002695631258e+19 2.477342945936192717e+19 2.382684849499197030e+19 2.247597888115905331e+19 2.056754423925426995e+19 1.783555023249403494e+19 1.367100652234185728e+19
2.617121844164429005e+19 2.614339736170151526e+19 2.603977883687877427e+19 2.581371155016509030e+19 2.541325002695631258e+19 2.477342945936192307e+19 2.382684849499197440e+19 2.247597888115905331e+19 2.056754423925426995e+19 1.783555023249403494e+19 1.367100652234185318e+19
2.617121844164429005e+19 2.614339736170151526e+19 2.603977883687877427e+19 2.581371155016509440e+19 2.541325002695631258e+19 2.477342945936192307e+19 2.382684849499197850e+19 2.247597888115905331e+19 2.056754423925427405e+19 1.783555023249404314e+19 1.367100652234185523e+19
2.617121844164429414e+19 2.614339736170151117e+19 2.603977883687877427e+19 2.581371155016509030e+19 2.541325002695631258e+19 2.477342945936192307e+19 2.382684849499197850e+19 2.247597888115905331e+19 2.056754423925427405e+19 1.783555023249404314e+19 1.367100652234185318e+19
2.617121844164429414e+19 2.614339736170150707e+19 2.603977883687877837e+19 2.581371155016509440e+19 2.541325002695631258e+19 2.477342945936192307e+19 2.382684849499198669e+19 2.247597888115905331e+19 2.056754423925427405e+19 1.783555023249404723e+19 1.367100652234184909e+19
2.617121844164429824e+19 2.614339736170151117e+19 2.603977883687877427e+19 2.581371155016509030e+19 2.541325002695631258e+19 2.477342945936191488e+19 2.382684849499197850e+19 2.247597888115905331e+19 2.056754423925427405e+19 1.783555023249404723e+19 1.367100652234185114e+19
2.617121844164429824e+19 2.614339736170151117e+19 2.603977883687877837e+19 2.581371155016509850e+19 2.541325002695630848e+19 2.477342945936191898e+19 2.382684849499198669e+19 2.247597888115905331e+19 2.056754423925426995e+19 1.783555023249404723e+19 1.367100652234184294e+19
2.617121844164430234e+19 2.614339736170151117e+19 2.603977883687877018e+19 2.581371155016509440e+19 2.541325002695630848e+19 2.477342945936191488e+19 2.382684849499198669e+19 2.247597888115905331e+19 2.056754423925426586e+19 1.783555023249404723e+19 1.367100652234184704e+19
2.617121844164430643e+19 2.614339736170151526e+19 2.603977883687877427e+19 2.581371155016509440e+19 2.541325002695631258e+19 2.477342945936191898e+19 2.382684849499197440e+19 2.247597888115905331e+19 2.056754423925426586e+19 1.783555023249404723e+19 1.367100652234184294e+19
2.617121844164430234e+19 2.614339736170151526e+19 2.603977883687876608e+19 2.581371155016509030e+19 2.541325002695630438e+19 2.477342945936191488e+19 2.382684849499197440e+19 2.247597888115905331e+19 2.056754423925426586e+19 1.783555023249404723e+19 1.367100652234184294e+19
2.617121844164430643e+19 2.614339736170151526e+19 2.603977883687877427e+19 2.581371155016509440e+19 2.541325002695630848e+19 2.477342945936191898e+19 2.382684849499197850e+19 2.247597888115905331e+19 2.056754423925426586e+19 1.783555023249404723e+19 1.367100652234184294e+19
2.617121844164430643e+19 2.614339736170151117e+19 2.603977883687877427e+19 2.581371155016509440e+19 2.541325002695630848e+19 2.477342945936190669e+19 2.382684849499198259e+19 2.247597888115905331e+19 2.056754423925426995e+19 1.783555023249404723e+19 1.367100652234184499e+19
2.617121844164430234e+19 2.614339736170150707e+19 2.603977883687877427e+19 2.581371155016509440e+19 2.541325002695630848e+19 2.477342945936190259e+19 2.382684849499198259e+19 2.247597888115905331e+19 2.056754423925427405e+19 1.783555023249404723e+19 1.367100652234184499e+19
2.617121844164429824e+19 2.614339736170151117e+19 2.603977883687877018e+19 2.581371155016509030e+19 2.541325002695630848e+19 2.477342945936189850e+19 2.382684849499198669e+19 2.247597888115905331e+19 2.056754423925427405e+19 1.783555023249404723e+19 1.367100652234184294e+19
2.617121844164429824e+19 2.614339736170151117e+19 2.603977883687877018e+19 2.581371155016509030e+19 2.541325002695631258e+19 2.477342945936189850e+19 2.382684849499197440e+19 2.247597888115905331e+19 2.056754423925426586e+19 1.783555023249404723e+19 1.367100652234184294e+19
2.617121844164429005e+19 2.614339736170151117e+19 2.603977883687877427e+19 2.581371155016509030e+19 2.541325002695630848e+19 2.477342945936189030e+19 2.382684849499197440e+19 2.247597888115905331e+19 2.056754423925426995e+19 1.783555023249404723e+19 1.367100652234184294e+19
2.617121844164429414e+19 2.614339736170151117e+19 2.603977883687877018e+19 2.581371155016509030e+19 2.541325002695631258e+19 2.477342945936189030e+19 2.382684849499197440e+19 2.247597888115905331e+19 2.056754423925426586e+19 1.783555023249404723e+19 1.367100652234184499e+19
2.617121844164428595e+19 2.614339736170150707e+19 2.603977883687877427e+19 2.581371155016509440e+19 2.541325002695630848e+19 2.477342945936189030e+19 2.382684849499197440e+19 2.247597888115905331e+19 2.056754423925426176e+19 1.783555023249404723e+19 1.367100652234184499e+19
2.617121844164428186e+19 2.614339736170151117e+19 2.603977883687877018e+19 2.581371155016509030e+19 2.541325002695630848e+19 2.477342945936189030e+19 2.382684849499197030e+19 2.247597888115905331e+19 2.056754423925425766e+19 1.783555023249404723e+19 1.367100652234184499e+19
2.617121844164428186e+19 2.614339736170151117e+19 2.603977883687878246e+19 2.581371155016509030e+19 2.541325002695630848e+19 2.477342945936189030e+19 2.382684849499196621e+19 2.247597888115905331e+19 2.056754423925425357e+19 1.783555023249404723e+19 1.367100652234184499e+19
2.617121844164427776e+19 2.614339736170150707e+19 2.603977883687877427e+19 2.581371155016509030e+19 2.541325002695630848e+19 2.477342945936188621e+19 2.382684849499197440e+19 2.247597888115905331e+19 2.056754423925425357e+19 1.783555023249404723e+19 1.367100652234184090e+19
2.617121844164428186e+19 2.614339736170150298e+19 2.603977883687877837e+19 2.581371155016509440e+19 2.541325002695630438e+19 2.477342945936189030e+19 2.382684849499198259e+19 2.247597888115905331e+19 2.056754423925425766e+19 1.783555023249404723e+19 1.367100652234184294e+19
2.617121844164428595e+19 2.614339736170149888e+19 2.603977883687877427e+19 2.581371155016509030e+19 2.541325002695630438e+19 2.477342945936189030e+19 2.382684849499198669e+19 2.247597888115905331e+19 2.056754423925425766e+19 1.783555023249404723e+19 1.367100652234184499e+19
2.617121844164428595e+19 2.614339736170150298e+19 2.603977883687877427e+19 2.581371155016509030e+19 2.541325002695630029e+19 2.477342945936189030e+19 2.382684849499199488e+19 2.247597888115905331e+19 2.056754423925424947e+19 1.783555023249404723e+19 1.367100652234184294e+19
2.617121844164428595e+19 2.614339736170150707e+19 2.603977883687877837e+19 2.581371155016509030e+19 2.541325002695630029e+19 2.477342945936189030e+19 2.382684849499199898e+19 2.247597888115905331e+19 2.056754423925424947e+19 1.783555023249404723e+19 1.367100652234184704e+19
2.617121844164429005e+19 2.614339736170150707e+19 2.603977883687877837e+19 2.581371155016509030e+19 2.541325002695629619e+19 2.477342945936188211e+19 2.382684849499199488e+19 2.247597888115905331e+19 2.056754423925424947e+19 1.783555023249404723e+19 1.367100652234184499e+19
2.617121844164429414e+19 2.614339736170151117e+19 2.603977883687878656e+19 2.581371155016509030e+19 2.541325002695629619e+19 2.477342945936187802e+19 2.382684849499199488e+19 2.247597888115905331e+19 2.056754423925424538e+19 1.783555023249404723e+19 1.367100652234184704e+19
2.617121844164429824e+19 2.614339736170151526e+19 2.603977883687877837e+19 2.581371155016509030e+19 2.541325002695629619e+19 2.477342945936187392e+19 2.382684849499199488e+19 2.247597888115905331e+19 2.056754423925424128e+19 1.783555023249404723e+19 1.367100652234185114e+19
2.617121844164430234e+19 2.614339736170151117e+19 2.603977883687878656e+19 2.581371155016509440e+19 2.541325002695629619e+19 2.477342945936187392e+19 2.382684849499200307e+19 2.247597888115905331e+19 2.056754423925424947e+19 1.783555023249404723e+19 1.367100652234185114e+19
2.617121844164429824e+19 2.614339736170151117e+19 2.603977883687878246e+19 2.581371155016509030e+19 2.541325002695629619e+19 2.477342945936187802e+19 2.382684849499199898e+19 2.247597888115905331e+19 2.056754423925424947e+19 1.783555023249404723e+19 1.367100652234184909e+19
2.617121844164430234e+19 2.614339736170150298e+19 2.603977883687878246e+19 2.581371155016509030e+19 2.541325002695629619e+19 2.477342945936187802e+19 2.382684849499199488e+19 2.247597888115905331e+19 2.056754423925425766e+19 1.783555023249404723e+19 1.367100652234185318e+19
2.617121844164429824e+19 2.614339736170149888e+19 2.603977883687877837e+19 2.581371155016508621e+19 2.541325002695630029e+19 2.477342945936187392e+19 2.382684849499199898e+19 2.247597888115905331e+19 2.056754423925425766e+19 1.783555023249404723e+19 1.367100652234185114e+19
2.617121844164429824e+19 2.614339736170149888e+19 2.603977883687877837e+19 2.581371155016508621e+19 2.541325002695630029e+19 2.477342945936187392e+19 2.382684849499199898e+19 2.247597888115905331e+19 2.056754423925425766e+19 1.783555023249404723e+19 1.367100652234185114e+19
2.617121844164429824e+19 2.614339736170149888e+19 2.603977883687878656e+19 2.581371155016509030e+19 2.541325002695629619e+19 2.477342945936186982e+19 2.382684849499199488e+19 2.247597888115905331e+19 2.056754423925424947e+19 1.783555023249404723e+19 1.367100652234185318e+19
2.617121844164429414e+19 2.614339736170150298e+19 2.603977883687878246e+19 2.581371155016508211e+19 2.541325002695629619e+19 2.477342945936187392e+19 2.382684849499199078e+19 2.247597888115905331e+19 2.056754423925424947e+19 1.783555023249404723e+19 1.367100652234185728e+19
2.617121844164430234e+19 2.614339736170150298e+19 2.603977883687878656e+19 2.581371155016508621e+19 2.541325002695629619e+19 2.477342945936186982e+19 2.382684849499199078e+19 2.247597888115905331e+19 2.056754423925425357e+19 1.783555023249404723e+19 1.367100652234185933e+19
2.617121844164429824e+19 2.614339736170150707e+19 2.603977883687877837e+19 2.581371155016508621e+19 2.541325002695629210e+19 2.477342945936186573e+19 2.382684849499199898e+19 2.247597888115905331e+19 2.056754423925425766e+19 1.783555023249404723e+19 1.367100652234185933e+19
2.617121844164429824e+19 2.614339736170150707e+19 2.603977883687878246e+19 2.581371155016508621e+19 2.541325002695629210e+19 2.477342945936186982e+19 2.382684849499199488e+19 2.247597888115905331e+19 2.056754423925425766e+19 1.783555023249404723e+19 1.367100652234185933e+19
2.617121844164429824e+19 2.614339736170150707e+19 2.603977883687877837e+19 2.581371155016508621e+19 2.541325002695629210e+19 2.477342945936186982e+19 2.382684849499199078e+19 2.247597888115905331e+19 2.056754423925425766e+19 1.783555023249404723e+19 1.367100652234186138e+19
2.617121844164429414e+19 2.614339736170150707e+19 2.603977883687878246e+19 2.581371155016508211e+19 2.541325002695629619e+19 2.477342945936186573e+19 2.382684849499199898e+19 2.247597888115905331e+19 2.056754423925426586e+19 1.783555023249404723e+19 1.367100652234186547e+19
2.617121844164430234e+19 2.614339736170150298e+19 2.603977883687878246e+19 2.581371155016508621e+19 2.541325002695630029e+19 2.477342945936186573e+19 2.382684849499199078e+19 2.247597888115905331e+19 2.056754423925426176e+19 1.783555023249404723e+19 1.367100652234186342e+19
2.617121844164429824e+19 2.614339736170149888e+19 2.603977883687877837e+19 2.581371155016508621e+19 2.541325002695630029e+19 2.477342945936186573e+19 2.382684849499199078e+19 2.247597888115905331e+19 2.056754423925426586e+19 1.783555023249404723e+19 1.367100652234186138e+19
2.617121844164429824e+19 2.614339736170149888e+19 2.603977883687878656e+19 2.581371155016508211e+19 2.541325002695630029e+19 2.477342945936186573e+19 2.382684849499199078e+19 2.247597888115905331e+19 2.056754423925426586e+19 1.783555023249404723e+19 1.367100652234185728e+19
2.617121844164429414e+19 2.614339736170150298e+19 2.603977883687877427e+19 2.581371155016508621e+19 2.541325002695630029e+19 2.477342945936186982e+19 2.382684849499199898e+19 2.247597888115905331e+19 2.056754423925425766e+19 1.783555023249404723e+19 1.367100652234185728e+19
2.617121844164429414e+19 2.614339736170150298e+19 2.603977883687877427e+19 2.581371155016508211e+19 2.541325002695630438e+19 2.477342945936187392e+19 2.382684849499199488e+19 2.247597888115905331e+19 2.056754423925425766e+19 1.783555023249404723e+19 1.367100652234185933e+19
2.617121844164429414e+19 2.614339736170150298e+19 2.603977883687877427e+19 2.581371155016508211e+19 2.541325002695630029e+19 2.477342945936186982e+19 2.382684849499199898e+19 2.247597888115905331e+19 2.056754423925425766e+19 1.783555023249404723e+19 1.367100652234185728e+19
2.617121844164429824e+19 2.614339736170150298e+19 2.603977883687877427e+19 2.581371155016508211e+19 2.541325002695630029e+19 2.477342945936186163e+19 2.382684849499199078e+19 2.247597888115905331e+19 2.056754423925426176e+19 1.783555023249404723e+19 1.367100652234185728e+19
2.617121844164429414e+19 2.614339736170150707e+19 2.603977883687878246e+19 2.581371155016508211e+19 2.541325002695629619e+19 2.477342945936185754e+19 2.382684849499199488e+19 2.247597888115905331e+19 2.056754423925426586e+19 1.783555023249404723e+19 1.367100652234185933e+19
2.617121844164429414e+19 2.614339736170150707e+19 2.603977883687877018e+19 2.581371155016508211e+19 2.541325002695630029e+19 2.477342945936185754e+19 2.382684849499199078e+19 2.247597888115905331e+19 2.056754423925426586e+19 1.783555023249404723e+19 1.367100652234186138e+19
2.617121844164429414e+19 2.614339736170150707e+19 2.603977883687877427e+19 2.581371155016508211e+19 2.541325002695630029e+19 2.477342945936185344e+19 2.382684849499199078e+19 2.247597888115905331e+19 2.056754423925426586e+19 1.783555023249404723e+19 1.367100652234186138e+19
2.617121844164429005e+19 2.614339736170150707e+19 2.603977883687877018e+19 2.581371155016507802e+19 2.541325002695630029e+19 2.477342945936185344e+19 2.382684849499198669e+19 2.247597888115905331e+19 2.056754423925426586e+19 1.783555023249404723e+19 1.367100652234186342e+19
2.617121844164429005e+19 2.614339736170150298e+19 2.603977883687877018e+19 2.581371155016508211e+19 2.541325002695630438e+19 2.477342945936185344e+19 2.382684849499198669e+19 2.247597888115905331e+19 2.056754423925425766e+19 1.783555023249404723e+19 1.367100652234186547e+19
2.617121844164429005e+19 2.614339736170150298e+19 2.603977883687877427e+19 2.581371155016508211e+19 2.541325002695630029e+19 2.477342945936184525e+19 2.382684849499198669e+19 2.247597888115905331e+19 2.056754423925425766e+19 1.783555023249404723e+19 1.367100652234187162e+19
2.617121844164429414e+19 2.614339736170149888e+19 2.603977883687877018e+19 2.581371155016508211e+19 2.541325002695630029e+19 2.477342945936185344e+19 2.382684849499197850e+19 2.247597888115905331e+19 2.056754423925425766e+19 1.783555023249404723e+19 1.367100652234187162e+19
2.617121844164428595e+19 2.614339736170150298e+19 2.603977883687877427e+19 2.581371155016508211e+19 2.541325002695629619e+19 2.477342945936184934e+19 2.382684849499197440e+19 2.247597888115905331e+19 2.056754423925425357e+19 1.783555023249404723e+19 1.367100652234187162e+19
2.617121844164428595e+19 2.614339736170149888e+19 2.603977883687876608e+19 2.581371155016508211e+19 2.541325002695629619e+19 2.477342945936184934e+19 2.382684849499197030e+19 2.247597888115905331e+19 2.056754423925425357e+19 1.783555023249404723e+19 1.367100652234186957e+19
2.617121844164428186e+19 2.614339736170150298e+19 2.603977883687877018e+19 2.581371155016508211e+19 2.541325002695629619e+19 2.477342945936184934e+19 2.382684849499197850e+19 2.247597888115905331e+19 2.056754423925424947e+19 1.783555023249404109e+19 1.367100652234186752e+19
2.617121844164428186e+19 2.614339736170150298e+19 2.603977883687877837e+19 2.581371155016508211e+19 2.541325002695629619e+19 2.477342945936185344e+19 2.382684849499197440e+19 2.247597888115905331e+19 2.056754423925424947e+19 1.783555023249403494e+19 1.367100652234186752e+19
2.617121844164428186e+19 2.614339736170150707e+19 2.603977883687877427e+19 2.581371155016508211e+19 2.541325002695629619e+19 2.477342945936184525e+19 2.382684849499197850e+19 2.247597888115905331e+19 2.056754423925424128e+19 1.783555023249403085e+19 1.367100652234186547e+19
2.617121844164428186e+19 2.614339736170151117e+19 2.603977883687877837e+19 2.581371155016508211e+19 2.541325002695629619e+19 2.477342945936185344e+19 2.382684849499197850e+19 2.247597888115905331e+19 2.056754423925424128e+19 1.783555023249402880e+19 1.367100652234186957e+19
2.617121844164427366e+19 2.614339736170151936e+19 2.603977883687877018e+19 2.581371155016508211e+19 2.541325002695629619e+19 2.477342945936185344e+19 2.382684849499197850e+19 2.247597888115905331e+19 2.056754423925424538e+19 1.783555023249403290e+19 1.367100652234186752e+19
2.617121844164426957e+19 2.614339736170151117e+19 2.603977883687877427e+19 2.581371155016508211e+19 2.541325002695629619e+19 2.477342945936185344e+19 2.382684849499198259e+19 2.247597888115905331e+19 2.056754423925424947e+19 1.783555023249403085e+19 1.367100652234186957e+19
2.617121844164426138e+19 2.614339736170151117e+19 2.603977883687877837e+19 2.581371155016508211e+19 2.541325002695630029e+19 2.477342945936184934e+19 2.382684849499197850e+19 2.247597888115905331e+19 2.056754423925424947e+19 1.783555023249403290e+19 1.367100652234186547e+19
2.617121844164425318e+19 2.614339736170150298e+19 2.603977883687877427e+19 2.581371155016508211e+19 2.541325002695629619e+19 2.477342945936184525e+19 2.382684849499197440e+19 2.247597888115905331e+19 2.056754423925424947e+19 1.783555023249403494e+19 1.367100652234186547e+19
2.617121844164424909e+19 2.614339736170150298e+19 2.603977883687878246e+19 2.581371155016508621e+19 2.541325002695630438e+19 2.477342945936184525e+19 2.382684849499197850e+19 2.247597888115905331e+19 2.056754423925425357e+19 1.783555023249403085e+19 1.367100652234186342e+19
2.617121844164424909e+19 2.614339736170150298e+19 2.603977883687877018e+19 2.581371155016508621e+19 2.541325002695630438e+19 2.477342945936185754e+19 2.382684849499198669e+19 2.247597888115905331e+19 2.056754423925425766e+19 1.783555023249403290e+19 1.367100652234186547e+19
2.617121844164426138e+19 2.614339736170149888e+19 2.603977883687877018e+19 2.581371155016508621e+19 2.541325002695630848e+19 2.477342945936185754e+19 2.382684849499198669e+19 2.247597888115905331e+19 2.056754423925426176e+19 1.783555023249403290e+19 1.367100652234186752e+19
2.617121844164426547e+19 2.614339736170150298e+19 2.603977883687877018e+19 2.581371155016508621e+19 2.541325002695630438e+19 2.477342945936184934e+19 2.382684849499198259e+19 2.247597888115905331e+19 2.056754423925426586e+19 1.783555023249403290e+19 1.367100652234186138e+19
2.617121844164426957e+19 2.614339736170150298e+19 2.603977883687877018e+19 2.581371155016508621e+19 2.541325002695630848e+19 2.477342945936185344e+19 2.382684849499197850e+19 2.247597888115905331e+19 2.056754423925426176e+19 1.783555023249403085e+19 1.367100652234185728e+19
2.617121844164427366e+19 2.614339736170150707e+19 2.603977883687877427e+19 2.581371155016508621e+19 2.541325002695631258e+19 2.477342945936184934e+19 2.382684849499197440e+19 2.247597888115905331e+19 2.056754423925426586e+19 1.783555023249402675e+19 1.367100652234185933e+19
2.617121844164427366e+19 2.614339736170151117e+19 2.603977883687877018e+19 2.581371155016508621e+19 2.541325002695631258e+19 2.477342945936185344e+19 2.382684849499197850e+19 2.247597888115905331e+19 2.056754423925425766e+19 1.783555023249402675e+19 1.367100652234185933e+19
2.617121844164426547e+19 2.614339736170151117e+19 2.603977883687877018e+19 2.581371155016509030e+19 2.541325002695630848e+19 2.477342945936184934e+19 2.382684849499197850e+19 2.247597888115905331e+19 2.056754423925425766e+19 1.783555023249403085e+19 1.367100652234185728e+19
2.617121844164426957e+19 2.614339736170151526e+19 2.603977883687877837e+19 2.581371155016508621e+19 2.541325002695630438e+19 2.477342945936184934e+19 2.382684849499197850e+19 2.247597888115905331e+19 2.056754423925426586e+19 1.783555023249403085e+19 1.367100652234185523e+19
2.617121844164427776e+19 2.614339736170151936e+19 2.603977883687877018e+19 2.581371155016508621e+19 2.541325002695630029e+19 2.477342945936184525e+19 2.382684849499197850e+19 2.247597888115905331e+19 2.056754423925425766e+19 1.783555023249402880e+19 1.367100652234185523e+19
2.617121844164426547e+19 2.614339736170151936e+19 2.603977883687877427e+19 2.581371155016508211e+19 2.541325002695630438e+19 2.477342945936184934e+19 2.382684849499198259e+19 2.247597888115905331e+19 2.056754423925425766e+19 1.783555023249403085e+19 1.367100652234185318e+19
2.617121844164426957e+19 2.614339736170151117e+19 2.603977883687877427e+19 2.581371155016508621e+19 2.541325002695630029e+19 2.477342945936185344e+19 2.382684849499197440e+19 2.247597888115905331e+19 2.056754423925425766e+19 1.783555023249402675e+19 1.367100652234184909e+19
2.617121844164426138e+19 2.614339736170150707e+19 2.603977883687877018e+19 2.581371155016508621e+19 2.541325002695630438e+19 2.477342945936184525e+19 2.382684849499196621e+19 2.247597888115905331e+19 2.056754423925424947e+19 1.783555023249402266e+19 1.367100652234185114e+19
2.617121844164425728e+19 2.614339736170150707e+19 2.603977883687877837e+19 2.581371155016508211e+19 2.541325002695630029e+19 2.477342945936184525e+19 2.382684849499196621e+19 2.247597888115905331e+19 2.056754423925425357e+19 1.783555023249402266e+19 1.367100652234184909e+19
2.617121844164426138e+19 2.614339736170150298e+19 2.603977883687877018e+19 2.581371155016508211e+19 2.541325002695629619e+19 2.477342945936184525e+19 2.382684849499197440e+19 2.247597888115905331e+19 2.056754423925425357e+19 1.783555023249402675e+19 1.367100652234184499e+19
2.617121844164426547e+19 2.614339736170150707e+19 2.603977883687877427e+19 2.581371155016508211e+19 2.541325002695629619e+19 2.477342945936184934e+19 2.382684849499197030e+19 2.247597888115905331e+19 2.056754423925425357e+19 1.783555023249402675e+19 1.367100652234184499e+19
2.617121844164426138e+19 2.614339736170150707e+19 2.603977883687877427e+19 2.581371155016508211e+19 2.541325002695630029e+19 2.477342945936184934e+19 2.382684849499197850e+19 2.247597888115905331e+19 2.056754423925425766e+19 1.783555023249402675e+19 1.367100652234184499e+19
2.617121844164426547e+19 2.614339736170150707e+19 2.603977883687877018e+19 2.581371155016508211e+19 2.541325002695630029e+19 2.477342945936184934e+19 2.382684849499198669e+19 2.247597888115905331e+19 2.056754423925425766e+19 1.783555023249403085e+19 1.367100652234184499e+19
2.617121844164426957e+19 2.614339736170151526e+19 2.603977883687877837e+19 2.581371155016508211e+19 2.541325002695630029e+19 2.477342945936184525e+19 2.382684849499198259e+19 2.247597888115905331e+19 2.056754423925426176e+19 1.783555023249403494e+19 1.367100652234184090e+19
2.617121844164427366e+19 2.614339736170151117e+19 2.603977883687877018e+19 2.581371155016508621e+19 2.541325002695630029e+19 2.477342945936184525e+19 2.382684849499197850e+19 2.247597888115905331e+19 2.056754423925425766e+19 1.783555023249403699e+19 1.367100652234184294e+19
2.617121844164427776e+19 2.614339736170151117e+19 2.603977883687877018e+19 2.581371155016508211e+19 2.541325002695630029e+19 2.477342945936184525e+19 2.382684849499198669e+19 2.247597888115905331e+19 2.056754423925425766e+19 1.783555023249404314e+19 1.367100652234184090e+19
2.617121844164426547e+19 2.614339736170151936e+19 2.603977883687877427e+19 2.581371155016507802e+19 2.541325002695630438e+19 2.477342945936184525e+19 2.382684849499198259e+19 2.247597888115905331e+19 2.056754423925426586e+19 1.783555023249404314e+19 1.367100652234184294e+19
2.617121844164426547e+19 2.614339736170152346e+19 2.603977883687877018e+19 2.581371155016508621e+19 2.541325002695630438e+19 2.477342945936184525e+19 2.382684849499198259e+19 2.247597888115905331e+19 2.056754423925426995e+19 1.783555023249404723e+19 1.367100652234184499e+19
2.617121844164426138e+19 2.614339736170152346e+19 2.603977883687877018e+19 2.581371155016508211e+19 2.541325002695630029e+19 2.477342945936184934e+19 2.382684849499198669e+19 2.247597888115905331e+19 2.056754423925427405e+19 1.783555023249404518e+19 1.367100652234184499e+19
2.617121844164426138e+19 2.614339736170151936e+19 2.603977883687877427e+19 2.581371155016507802e+19 2.541325002695630029e+19 2.477342945936184934e+19 2.382684849499198669e+19 2.247597888115905331e+19 2.056754423925427405e+19 1.783555023249404314e+19 1.367100652234184499e+19
2.617121844164425728e+19 2.614339736170151936e+19 2.603977883687876608e+19 2.581371155016508211e+19 2.541325002695630029e+19 2.477342945936184525e+19 2.382684849499198669e+19 2.247597888115905331e+19 2.056754423925428224e+19 1.783555023249404723e+19 1.367100652234184294e+19
2.617121844164424909e+19 2.614339736170151936e+19 2.603977883687877427e+19 2.581371155016508211e+19 2.541325002695630438e+19 2.477342945936184525e+19 2.382684849499198669e+19 2.247597888115905331e+19 2.056754423925428224e+19 1.783555023249404314e+19 1.367100652234183885e+19
2.617121844164425318e+19 2.614339736170152346e+19 2.603977883687877427e+19 2.581371155016508211e+19 2.541325002695630438e+19 2.477342945936184525e+19 2.382684849499198669e+19 2.247597888115905331e+19 2.056754423925428224e+19 1.783555023249404314e+19 1.367100652234183680e+19
2.617121844164425318e+19 2.614339736170152346e+19 2.603977883687877018e+19 2.581371155016508211e+19 2.541325002695630438e+19 2.477342945936184525e+19 2.382684849499199078e+19 2.247597888115905331e+19 2.056754423925427405e+19 1.783555023249404518e+19 1.367100652234183680e+19
2.617121844164425318e+19 2.614339736170151936e+19 2.603977883687877427e+19 2.581371155016507802e+19 2.541325002695630438e+19 2.477342945936184525e+19 2.382684849499197850e+19 2.247597888115905331e+19 2.056754423925427405e+19 1.783555023249404723e+19 1.367100652234183680e+19
2.617121844164425728e+19 2.614339736170151936e+19 2.603977883687877018e+19 2.581371155016508211e+19 2.541325002695630438e+19 2.477342945936184525e+19 2.382684849499197030e+19 2.247597888115905331e+19 2.056754423925427405e+19 1.783555023249404723e+19 1.367100652234183680e+19
2.617121844164424909e+19 2.614339736170151936e+19 2.603977883687877018e+19 2.581371155016508621e+19 2.541325002695630029e+19 2.477342945936184115e+19 2.382684849499196621e+19 2.247597888115905331e+19 2.056754423925427405e+19 1.783555023249404928e+19 1.367100652234183885e+19
2.617121844164424499e+19 2.614339736170152346e+19 2.603977883687877427e+19 2.581371155016509030e+19 2.541325002695630029e+19 2.477342945936184115e+19 2.382684849499197440e+19 2.247597888115905331e+19 2.056754423925426586e+19 1.783555023249404109e+19 1.367100652234183680e+19
2.617121844164424499e+19 2.614339736170152346e+19 2.603977883687877018e+19 2.581371155016508621e+19 2.541325002695630029e+19 2.477342945936184115e+19 2.382684849499198259e+19 2.247597888115905331e+19 2.056754423925427405e+19 1.783555023249404928e+19 1.367100652234183885e+19
2.617121844164424499e+19 2.614339736170152346e+19 2.603977883687876608e+19 2.581371155016507802e+19 2.541325002695630029e+19 2.477342945936184525e+19 2.382684849499199488e+19 2.247597888115905331e+19 2.056754423925427405e+19 1.783555023249405542e+19 1.367100652234184090e+19
2.617121844164424499e+19 2.614339736170152346e+19 2.603977883687877018e+19 2.581371155016507392e+19 2.541325002695629619e+19 2.477342945936184525e+19 2.382684849499199488e+19 2.247597888115905331e+19 2.056754423925427405e+19 1.783555023249405133e+19 1.367100652234183885e+19
2.617121844164424909e+19 2.614339736170152346e+19 2.603977883687876198e+19 2.581371155016506982e+19 2.541325002695629619e+19 2.477342945936184525e+19 2.382684849499200307e+19 2.247597888115905331e+19 2.056754423925427405e+19 1.783555023249405542e+19 1.367100652234183885e+19
2.617121844164425318e+19 2.614339736170152755e+19 2.603977883687876608e+19 2.581371155016506573e+19 2.541325002695630029e+19 2.477342945936185344e+19 2.382684849499200307e+19 2.247597888115905331e+19 2.056754423925427405e+19 1.783555023249405542e+19 1.367100652234183885e+19
2.617121844164424909e+19 2.614339736170152346e+19 2.603977883687876608e+19 2.581371155016506573e+19 2.541325002695629619e+19 2.477342945936185754e+19 2.382684849499199488e+19 2.247597888115905331e+19 2.056754423925426995e+19 1.783555023249405952e+19 1.367100652234183680e+19
2.617121844164424909e+19 2.614339736170152755e+19 2.603977883687876198e+19 2.581371155016505754e+19 2.541325002695629619e+19 2.477342945936185754e+19 2.382684849499199078e+19 2.247597888115905331e+19 2.056754423925427814e+19 1.783555023249405747e+19 1.367100652234183475e+19
2.617121844164425318e+19 2.614339736170152755e+19 2.603977883687876198e+19 2.581371155016505344e+19 2.541325002695629619e+19 2.477342945936185754e+19 2.382684849499199488e+19 2.247597888115905331e+19 2.056754423925428224e+19 1.783555023249405952e+19 1.367100652234183680e+19
2.617121844164425318e+19 2.614339736170152346e+19 2.603977883687877018e+19 2.581371155016505754e+19 2.541325002695629619e+19 2.477342945936186573e+19 2.382684849499199488e+19 2.247597888115905331e+19 2.056754423925428224e+19 1.783555023249405952e+19 1.367100652234183680e+19
2.617121844164425728e+19 2.614339736170152755e+19 2.603977883687876198e+19 2.581371155016506163e+19 2.541325002695630438e+19 2.477342945936185754e+19 2.382684849499199488e+19 2.247597888115905331e+19 2.056754423925428634e+19 1.783555023249405747e+19 1.367100652234183066e+19
2.617121844164426547e+19 2.614339736170152755e+19 2.603977883687876608e+19 2.581371155016506573e+19 2.541325002695630029e+19 2.477342945936185754e+19 2.382684849499199488e+19 2.247597888115905331e+19 2.056754423925428634e+19 1.783555023249405747e+19 1.367100652234183270e+19
2.617121844164425728e+19 2.614339736170152755e+19 2.603977883687876608e+19 2.581371155016506573e+19 2.541325002695629619e+19 2.477342945936185754e+19 2.382684849499199898e+19 2.247597888115905331e+19 2.056754423925429862e+19 1.783555023249405952e+19 1.367100652234183475e+19
2.617121844164425728e+19 2.614339736170152346e+19 2.603977883687876198e+19 2.581371155016506163e+19 2.541325002695629619e+19 2.477342945936185754e+19 2.382684849499199488e+19 2.247597888115905331e+19 2.056754423925429862e+19 1.783555023249405952e+19 1.367100652234183475e+19
2.617121844164425318e+19 2.614339736170152755e+19 2.603977883687876608e+19 2.581371155016505754e+19 2.541325002695630029e+19 2.477342945936185754e+19 2.382684849499199078e+19 2.247597888115905331e+19 2.056754423925429862e+19 1.783555023249406157e+19 1.367100652234184090e+19
2.617121844164425318e+19 2.614339736170153165e+19 2.603977883687877018e+19 2.581371155016506163e+19 2.541325002695630438e+19 2.477342945936186163e+19 2.382684849499198259e+19 2.247597888115905331e+19 2.056754423925429862e+19 1.783555023249405747e+19 1.367100652234184704e+19
2.617121844164425728e+19 2.614339736170153574e+19 2.603977883687876608e+19 2.581371155016506163e+19 2.541325002695630029e+19 2.477342945936186982e+19 2.382684849499198669e+19 2.247597888115905331e+19 2.056754423925429862e+19 1.783555023249405747e+19 1.367100652234184294e+19
2.617121844164425318e+19 2.614339736170153984e+19 2.603977883687876608e+19 2.581371155016506163e+19 2.541325002695630438e+19 2.477342945936186982e+19 2.382684849499197850e+19 2.247597888115905331e+19 2.056754423925429862e+19 1.783555023249405952e+19 1.367100652234184499e+19
2.617121844164424909e+19 2.614339736170154394e+19 2.603977883687877018e+19 2.581371155016505754e+19 2.541325002695630029e+19 2.477342945936187392e+19 2.382684849499197850e+19 2.247597888115905331e+19 2.056754423925430272e+19 1.783555023249405747e+19 1.367100652234184499e+19
2.617121844164425318e+19 2.614339736170154803e+19 2.603977883687876608e+19 2.581371155016506573e+19 2.541325002695630029e+19 2.477342945936186573e+19 2.382684849499197440e+19 2.247597888115905331e+19 2.056754423925430682e+19 1.783555023249405952e+19 1.367100652234184294e+19
2.617121844164424909e+19 2.614339736170154803e+19 2.603977883687877427e+19 2.581371155016506163e+19 2.541325002695630029e+19 2.477342945936186573e+19 2.382684849499198259e+19 2.247597888115905331e+19 2.056754423925430682e+19 1.783555023249406566e+19 1.367100652234184090e+19
2.617121844164425318e+19 2.614339736170154394e+19 2.603977883687877427e+19 2.581371155016505754e+19 2.541325002695630438e+19 2.477342945936186573e+19 2.382684849499197440e+19 2.247597888115905331e+19 2.056754423925430682e+19 1.783555023249406566e+19 1.367100652234183885e+19
2.617121844164424909e+19 2.614339736170154394e+19 2.603977883687876608e+19 2.581371155016505754e+19 2.541325002695630438e+19 2.477342945936187392e+19 2.382684849499197030e+19 2.247597888115905331e+19 2.056754423925430682e+19 1.783555023249406771e+19 1.367100652234183885e+19
2.617121844164424909e+19 2.614339736170153574e+19 2.603977883687877427e+19 2.581371155016505754e+19 2.541325002695630438e+19 2.477342945936187392e+19 2.382684849499196621e+19 2.247597888115905331e+19 2.056754423925430682e+19 1.783555023249406771e+19 1.367100652234183475e+19
2.617121844164424499e+19 2.614339736170153165e+19 2.603977883687877018e+19 2.581371155016505754e+19 2.541325002695630438e+19 2.477342945936186573e+19 2.382684849499197030e+19 2.247597888115905331e+19 2.056754423925430682e+19 1.783555023249406771e+19 1.367100652234183270e+19
2.617121844164424499e+19 2.614339736170153165e+19 2.603977883687877018e+19 2.581371155016505754e+19 2.541325002695630438e+19 2.477342945936186573e+19 2.382684849499197030e+19 2.247597888115905331e+19 2.056754423925431091e+19 1.783555023249406771e+19 1.367100652234183270e+19
2.617121844164424499e+19 2.614339736170153165e+19 2.603977883687877427e+19 2.581371155016506163e+19 2.541325002695630438e+19 2.477342945936186573e+19 2.382684849499197440e+19 2.247597888115905331e+19 2.056754423925430682e+19 1.783555023249407181e+19 1.367100652234183475e+19
2.617121844164424090e+19 2.614339736170153165e+19 2.603977883687877427e+19 2.581371155016505754e+19 2.541325002695630848e+19 2.477342945936186982e+19 2.382684849499196621e+19 2.247597888115905331e+19 2.056754423925430272e+19 1.783555023249407386e+19 1.367100652234183885e+19
2.617121844164424090e+19 2.614339736170152346e+19 2.603977883687877427e+19 2.581371155016506163e+19 2.541325002695630848e+19 2.477342945936186573e+19 2.382684849499196621e+19 2.247597888115905331e+19 2.056754423925430272e+19 1.783555023249407386e+19 1.367100652234184090e+19
2.617121844164424090e+19 2.614339736170152346e+19 2.603977883687877427e+19 2.581371155016505754e+19 2.541325002695630438e+19 2.477342945936187392e+19 2.382684849499196211e+19 2.247597888115905331e+19 2.056754423925430682e+19 1.783555023249408000e+19 1.367100652234183680e+19
2.617121844164423270e+19 2.614339736170152346e+19 2.603977883687877837e+19 2.581371155016505754e+19 2.541325002695630848e+19 2.477342945936186982e+19 2.382684849499196211e+19 2.247597888115905331e+19 2.056754423925430682e+19 1.783555023249407795e+19 1.367100652234183475e+19
2.617121844164423270e+19 2.614339736170151526e+19 2.603977883687877427e+19 2.581371155016505754e+19 2.541325002695631258e+19 2.477342945936187392e+19 2.382684849499196211e+19 2.247597888115905331e+19 2.056754423925430682e+19 1.783555023249408000e+19 1.367100652234183270e+19
2.617121844164422861e+19 2.614339736170151936e+19 2.603977883687877427e+19 2.581371155016505344e+19 2.541325002695630848e+19 2.477342945936186982e+19 2.382684849499195802e+19 2.247597888115905331e+19 2.056754423925431091e+19 1.783555023249407590e+19 1.367100652234182861e+19
2.617121844164423270e+19 2.614339736170151936e+19 2.603977883687877427e+19 2.581371155016505344e+19 2.541325002695630438e+19 2.477342945936186982e+19 2.382684849499196211e+19 2.247597888115905331e+19 2.056754423925430682e+19 1.783555023249407795e+19 1.367100652234182861e+19
2.617121844164422861e+19 2.614339736170152346e+19 2.603977883687877018e+19 2.581371155016505344e+19 2.541325002695630848e+19 2.477342945936186982e+19 2.382684849499196211e+19 2.247597888115905331e+19 2.056754423925430682e+19 1.783555023249407590e+19 1.367100652234182861e+19
2.617121844164422861e+19 2.614339736170152755e+19 2.603977883687877018e+19 2.581371155016505344e+19 2.541325002695630438e+19 2.477342945936186573e+19 2.382684849499195392e+19 2.247597888115905331e+19 2.056754423925430682e+19 1.783555023249408410e+19 1.367100652234182656e+19
2.617121844164422861e+19 2.614339736170153574e+19 2.603977883687877837e+19 2.581371155016505344e+19 2.541325002695630438e+19 2.477342945936186573e+19 2.382684849499195802e+19 2.247597888115905331e+19 2.056754423925430682e+19 1.783555023249408000e+19 1.367100652234183270e+19
2.617121844164422861e+19 2.614339736170153984e+19 2.603977883687877018e+19 2.581371155016505344e+19 2.541325002695630438e+19 2.477342945936186163e+19 2.382684849499195802e+19 2.247597888115905331e+19 2.056754423925430682e+19 1.783555023249408000e+19 1.367100652234183475e+19
2.617121844164423680e+19 2.614339736170153984e+19 2.603977883687877018e+19 2.581371155016505344e+19 2.541325002695630438e+19 2.477342945936186573e+19 2.382684849499196621e+19 2.247597888115905331e+19 2.056754423925431501e+19 1.783555023249408000e+19 1.367100652234183475e+19
2.617121844164423270e+19 2.614339736170153574e+19 2.603977883687877837e+19 2.581371155016505344e+19 2.541325002695630029e+19 2.477342945936186573e+19 2.382684849499195802e+19 2.247597888115905331e+19 2.056754423925431501e+19 1.783555023249408000e+19 1.367100652234182861e+19
2.617121844164423680e+19 2.614339736170153984e+19 2.603977883687877427e+19 2.581371155016505344e+19 2.541325002695630848e+19 2.477342945936186982e+19 2.382684849499195392e+19 2.247597888115905331e+19 2.056754423925432320e+19 1.783555023249408614e+19 1.367100652234182656e+19
2.617121844164423680e+19 2.614339736170153984e+19 2.603977883687877018e+19 2.581371155016504934e+19 2.541325002695631258e+19 2.477342945936186163e+19 2.382684849499195802e+19 2.247597888115905331e+19 2.056754423925432320e+19 1.783555023249408819e+19 1.367100652234182451e+19
2.617121844164422861e+19 2.614339736170153574e+19 2.603977883687877427e+19 2.581371155016505344e+19 2.541325002695631258e+19 2.477342945936186573e+19 2.382684849499196211e+19 2.247597888115905331e+19 2.056754423925432320e+19 1.783555023249408410e+19 1.367100652234182246e+19
2.617121844164423270e+19 2.614339736170153574e+19 2.603977883687877427e+19 2.581371155016504934e+19 2.541325002695631258e+19 2.477342945936186163e+19 2.382684849499195392e+19 2.247597888115905331e+19 2.056754423925432320e+19 1.783555023249408410e+19 1.367100652234182451e+19
2.617121844164423270e+19 2.614339736170153574e+19 2.603977883687877427e+19 2.581371155016504934e+19 2.541325002695631667e+19 2.477342945936186163e+19 2.382684849499195392e+19 2.247597888115905331e+19 2.056754423925432320e+19 1.783555023249408819e+19 1.367100652234182656e+19
2.617121844164423270e+19 2.614339736170153574e+19 2.603977883687877427e+19 2.581371155016504934e+19 2.541325002695631258e+19 2.477342945936186163e+19 2.382684849499195392e+19 2.247597888115905331e+19 2.056754423925432320e+19 1.783555023249408410e+19 1.367100652234182656e+19
2.617121844164422451e+19 2.614339736170153165e+19 2.603977883687877427e+19 2.581371155016505344e+19 2.541325002695631258e+19 2.477342945936186163e+19 2.382684849499195392e+19 2.247597888115905331e+19 2.056754423925433139e+19 1.783555023249408614e+19 1.367100652234182451e+19
2.617121844164423270e+19 2.614339736170153165e+19 2.603977883687877018e+19 2.581371155016505344e+19 2.541325002695631258e+19 2.477342945936186163e+19 2.382684849499195802e+19 2.247597888115905331e+19 2.056754423925433139e+19 1.783555023249408410e+19 1.367100652234182246e+19
2.617121844164422451e+19 2.614339736170153165e+19 2.603977883687877018e+19 2.581371155016505344e+19 2.541325002695631258e+19 2.477342945936186163e+19 2.382684849499196211e+19 2.247597888115905331e+19 2.056754423925433549e+19 1.783555023249408819e+19 1.367100652234181837e+19
2.617121844164422451e+19 2.614339736170153165e+19 2.603977883687877427e+19 2.581371155016504934e+19 2.541325002695631258e+19 2.477342945936186163e+19 2.382684849499196211e+19 2.247597888115905331e+19 2.056754423925433549e+19 1.783555023249409229e+19 1.367100652234181837e+19
2.617121844164422451e+19 2.614339736170153984e+19 2.603977883687876608e+19 2.581371155016505344e+19 2.541325002695631258e+19 2.477342945936185754e+19 2.382684849499195802e+19 2.247597888115905331e+19 2.056754423925433958e+19 1.783555023249409024e+19 1.367100652234181837e+19
2.617121844164422451e+19 2.614339736170154394e+19 2.603977883687877018e+19 2.581371155016505344e+19 2.541325002695630848e+19 2.477342945936186163e+19 2.382684849499195392e+19 2.247597888115905331e+19 2.056754423925434368e+19 1.783555023249409229e+19 1.367100652234181632e+19
2.617121844164422861e+19 2.614339736170154394e+19 2.603977883687877018e+19 2.581371155016505344e+19 2.541325002695630848e+19 2.477342945936185754e+19 2.382684849499196211e+19 2.247597888115905331e+19 2.056754423925434368e+19 1.783555023249409229e+19 1.367100652234181427e+19
2.617121844164422451e+19 2.614339736170154803e+19 2.603977883687876608e+19 2.581371155016505344e+19 2.541325002695630848e+19 2.477342945936185344e+19 2.382684849499196621e+19 2.247597888115905331e+19 2.056754423925434368e+19 1.783555023249409434e+19 1.367100652234181427e+19
2.617121844164422451e+19 2.614339736170154803e+19 2.603977883687876608e+19 2.581371155016504934e+19 2.541325002695630438e+19 2.477342945936184934e+19 2.382684849499196211e+19 2.247597888115905331e+19 2.056754423925433958e+19 1.783555023249409229e+19 1.367100652234181222e+19
2.617121844164423270e+19 2.614339736170155622e+19 2.603977883687877018e+19 2.581371155016504934e+19 2.541325002695630438e+19 2.477342945936184934e+19 2.382684849499196211e+19 2.247597888115905331e+19 2.056754423925433958e+19 1.783555023249409229e+19 1.367100652234181427e+19
2.617121844164422861e+19 2.614339736170155622e+19 2.603977883687877837e+19 2.581371155016505344e+19 2.541325002695630848e+19 2.477342945936185754e+19 2.382684849499195802e+19 2.247597888115905331e+19 2.056754423925434778e+19 1.783555023249409229e+19 1.367100652234181632e+19
2.617121844164422451e+19 2.614339736170156032e+19 2.603977883687877018e+19 2.581371155016505344e+19 2.541325002695630438e+19 2.477342945936184934e+19 2.382684849499195392e+19 2.247597888115905331e+19 2.056754423925434778e+19 1.783555023249408819e+19 1.367100652234181632e+19
2.617121844164423270e+19 2.614339736170156032e+19 2.603977883687877018e+19 2.581371155016505344e+19 2.541325002695630438e+19 2.477342945936185344e+19 2.382684849499195392e+19 2.247597888115905331e+19 2.056754423925434778e+19 1.783555023249408410e+19 1.367100652234181632e+19
2.617121844164423680e+19 2.614339736170156032e+19 2.603977883687877837e+19 2.581371155016504934e+19 2.541325002695630029e+19 2.477342945936185754e+19 2.382684849499195392e+19 2.247597888115905331e+19 2.056754423925433958e+19 1.783555023249408819e+19 1.367100652234182042e+19
2.617121844164423270e+19 2.614339736170156032e+19 2.603977883687877018e+19 2.581371155016505344e+19 2.541325002695630029e+19 2.477342945936185754e+19 2.382684849499195392e+19 2.247597888115905331e+19 2.056754423925433958e+19 1.783555023249408410e+19 1.367100652234182451e+19
2.617121844164424090e+19 2.614339736170155622e+19 2.603977883687877018e+19 2.581371155016504934e+19 2.541325002695630029e+19 2.477342945936186573e+19 2.382684849499194163e+19 2.247597888115905331e+19 2.056754423925433958e+19 1.783555023249408410e+19 1.367100652234182246e+19
2.617121844164424090e+19 2.614339736170155213e+19 2.603977883687877018e+19 2.581371155016504934e+19 2.541325002695630029e+19 2.477342945936186163e+19 2.382684849499194982e+19 2.247597888115905331e+19 2.056754423925433958e+19 1.783555023249407590e+19 1.367100652234182451e+19
2.617121844164424909e+19 2.614339736170155213e+19 2.603977883687877837e+19 2.581371155016504934e+19 2.541325002695630438e+19 2.477342945936186163e+19 2.382684849499194982e+19 2.247597888115905331e+19 2.056754423925433958e+19 1.783555023249407181e+19 1.367100652234182246e+19
2.617121844164425318e+19 2.614339736170155213e+19 2.603977883687877018e+19 2.581371155016504934e+19 2.541325002695630848e+19 2.477342945936186163e+19 2.382684849499195802e+19 2.247597888115905331e+19 2.056754423925434368e+19 1.783555023249407590e+19 1.367100652234182042e+19
2.617121844164425728e+19 2.614339736170155622e+19 2.603977883687876608e+19 2.581371155016504525e+19 2.541325002695631258e+19 2.477342945936186163e+19 2.382684849499196211e+19 2.247597888115905331e+19 2.056754423925434368e+19 1.783555023249407181e+19 1.367100652234182042e+19
2.617121844164426138e+19 2.614339736170155622e+19 2.603977883687877427e+19 2.581371155016504525e+19 2.541325002695631258e+19 2.477342945936185754e+19 2.382684849499196211e+19 2.247597888115905331e+19 2.056754423925434778e+19 1.783555023249407181e+19 1.367100652234182042e+19
2.617121844164426138e+19 2.614339736170156032e+19 2.603977883687877427e+19 2.581371155016504525e+19 2.541325002695631258e+19 2.477342945936186573e+19 2.382684849499196621e+19 2.247597888115905331e+19 2.056754423925434778e+19 1.783555023249407181e+19 1.367100652234181632e+19
2.617121844164425728e+19 2.614339736170156032e+19 2.603977883687877427e+19 2.581371155016504525e+19 2.541325002695631258e+19 2.477342945936186982e+19 2.382684849499196621e+19 2.247597888115905331e+19 2.056754423925435187e+19 1.783555023249406771e+19 1.367100652234181222e+19
2.617121844164425728e+19 2.614339736170156032e+19 2.603977883687877427e+19 2.581371155016504525e+19 2.541325002695631667e+19 2.477342945936186982e+19 2.382684849499196621e+19 2.247597888115905331e+19 2.056754423925434368e+19 1.783555023249406362e+19 1.367100652234181018e+19
2.617121844164424909e+19 2.614339736170156032e+19 2.603977883687878246e+19 2.581371155016504525e+19 2.541325002695632077e+19 2.477342945936186982e+19 2.382684849499196621e+19 2.247597888115905331e+19 2.056754423925434778e+19 1.783555023249406362e+19 1.367100652234181427e+19
2.617121844164424499e+19 2.614339736170156032e+19 2.603977883687878246e+19 2.581371155016504525e+19 2.541325002695631667e+19 2.477342945936186573e+19 2.382684849499196211e+19 2.247597888115905331e+19 2.056754423925434368e+19 1.783555023249406771e+19 1.367100652234180813e+19
2.617121844164424090e+19 2.614339736170156442e+19 2.603977883687878246e+19 2.581371155016504525e+19 2.541325002695631667e+19 2.477342945936186163e+19 2.382684849499196211e+19 2.247597888115905331e+19 2.056754423925434368e+19 1.783555023249406362e+19 1.367100652234180198e+19
2.617121844164424090e+19 2.614339736170156032e+19 2.603977883687878246e+19 2.581371155016504525e+19 2.541325002695631258e+19 2.477342945936186163e+19 2.382684849499195392e+19 2.247597888115905331e+19 2.056754423925434778e+19 1.783555023249406362e+19 1.367100652234179994e+19
2.617121844164424090e+19 2.614339736170156442e+19 2.603977883687878656e+19 2.581371155016504525e+19 2.541325002695631667e+19 2.477342945936186982e+19 2.382684849499196211e+19 2.247597888115905331e+19 2.056754423925434778e+19 1.783555023249406771e+19 1.367100652234179789e+19
2.617121844164424090e+19 2.614339736170156442e+19 2.603977883687878246e+19 2.581371155016504525e+19 2.541325002695631667e+19 2.477342945936186982e+19 2.382684849499196211e+19 2.247597888115905331e+19 2.056754423925435187e+19 1.783555023249407181e+19 1.367100652234180198e+19
2.617121844164423680e+19 2.614339736170156851e+19 2.603977883687878656e+19 2.581371155016504525e+19 2.541325002695631258e+19 2.477342945936186982e+19 2.382684849499196621e+19 2.247597888115905331e+19 2.056754423925435597e+19 1.783555023249407590e+19 1.367100652234179994e+19
2.617121844164423680e+19 2.614339736170156851e+19 2.603977883687879066e+19 2.581371155016504525e+19 2.541325002695631667e+19 2.477342945936186982e+19 2.382684849499196621e+19 2.247597888115905331e+19 2.056754423925435597e+19 1.783555023249406976e+19 1.367100652234179994e+19
2.617121844164423680e+19 2.614339736170156851e+19 2.603977883687879475e+19 2.581371155016504525e+19 2.541325002695632077e+19 2.477342945936187392e+19 2.382684849499196621e+19 2.247597888115905331e+19 2.056754423925434778e+19 1.783555023249406976e+19 1.367100652234179379e+19
2.617121844164423680e+19 2.614339736170156851e+19 2.603977883687878656e+19 2.581371155016504525e+19 2.541325002695632077e+19 2.477342945936187392e+19 2.382684849499197440e+19 2.247597888115905331e+19 2.056754423925435187e+19 1.783555023249406771e+19 1.367100652234179174e+19
2.617121844164423680e+19 2.614339736170157261e+19 2.603977883687878656e+19 2.581371155016504115e+19 2.541325002695632077e+19 2.477342945936186982e+19 2.382684849499196621e+19 2.247597888115905331e+19 2.056754423925434778e+19 1.783555023249407590e+19 1.367100652234178765e+19
2.617121844164424090e+19 2.614339736170157261e+19 2.603977883687879475e+19 2.581371155016504525e+19 2.541325002695632077e+19 2.477342945936186573e+19 2.382684849499196211e+19 2.247597888115905331e+19 2.056754423925435597e+19 1.783555023249407590e+19 1.367100652234178560e+19
2.617121844164424090e+19 2.614339736170157670e+19 2.603977883687879885e+19 2.581371155016504525e+19 2.541325002695632486e+19 2.477342945936186982e+19 2.382684849499195802e+19 2.247597888115905331e+19 2.056754423925435597e+19 1.783555023249407590e+19 1.367100652234178355e+19
2.617121844164423680e+19 2.614339736170158080e+19 2.603977883687879066e+19 2.581371155016504115e+19 2.541325002695632486e+19 2.477342945936187392e+19 2.382684849499196211e+19 2.247597888115905331e+19 2.056754423925436006e+19 1.783555023249407181e+19 1.367100652234178355e+19
2.617121844164423680e+19 2.614339736170157670e+19 2.603977883687879475e+19 2.581371155016504115e+19 2.541325002695632486e+19 2.477342945936186163e+19 2.382684849499195392e+19 2.247597888115905331e+19 2.056754423925436006e+19 1.783555023249407181e+19 1.367100652234178355e+19
2.617121844164423680e+19 2.614339736170158490e+19 2.603977883687879475e+19 2.581371155016504115e+19 2.541325002695632486e+19 2.477342945936186573e+19 2.382684849499195802e+19 2.247597888115905331e+19 2.056754423925436006e+19 1.783555023249406771e+19 1.367100652234178355e+19
2.617121844164423680e+19 2.614339736170158899e+19 2.603977883687879475e+19 2.581371155016504525e+19 2.541325002695632077e+19 2.477342945936186573e+19 2.382684849499194982e+19 2.247597888115905331e+19 2.056754423925436006e+19 1.783555023249406976e+19 1.367100652234178765e+19
2.617121844164423680e+19 2.614339736170158080e+19 2.603977883687879066e+19 2.581371155016504525e+19 2.541325002695632077e+19 2.477342945936186982e+19 2.382684849499195392e+19 2.247597888115905331e+19 2.056754423925436416e+19 1.783555023249406566e+19 1.367100652234178765e+19
2.617121844164423680e+19 2.614339736170158899e+19 2.603977883687879475e+19 2.581371155016504934e+19 2.541325002695632486e+19 2.477342945936186982e+19 2.382684849499195802e+19 2.247597888115905331e+19 2.056754423925436416e+19 1.783555023249406976e+19 1.367100652234178355e+19
2.617121844164423680e+19 2.614339736170158490e+19 2.603977883687880294e+19 2.581371155016504934e+19 2.541325002695632486e+19 2.477342945936186982e+19 2.382684849499196211e+19 2.247597888115905331e+19 2.056754423925436006e+19 1.783555023249406771e+19 1.367100652234178560e+19
2.617121844164424499e+19 2.614339736170158490e+19 2.603977883687879475e+19 2.581371155016505344e+19 2.541325002695632486e+19 2.477342945936186982e+19 2.382684849499196211e+19 2.247597888115905331e+19 2.056754423925435597e+19 1.783555023249406566e+19 1.367100652234178765e+19
2.617121844164424909e+19 2.614339736170158490e+19 2.603977883687879066e+19 2.581371155016505344e+19 2.541325002695632486e+19 2.477342945936186982e+19 2.382684849499196211e+19 2.247597888115905331e+19 2.056754423925436416e+19 1.783555023249406566e+19 1.367100652234178560e+19
2.617121844164425318e+19 2.614339736170158490e+19 2.603977883687879066e+19 2.581371155016505344e+19 2.541325002695632077e+19 2.477342945936187392e+19 2.382684849499196211e+19 2.247597888115905331e+19 2.056754423925436416e+19 1.783555023249406771e+19 1.367100652234178150e+19
2.617121844164425318e+19 2.614339736170158080e+19 2.603977883687879885e+19 2.581371155016504934e+19 2.541325002695632077e+19 2.477342945936187392e+19 2.382684849499196211e+19 2.247597888115905331e+19 2.056754423925436416e+19 1.783555023249406771e+19 1.367100652234177946e+19
2.617121844164424909e+19 2.614339736170158490e+19 2.603977883687880294e+19 2.581371155016504934e+19 2.541325002695632486e+19 2.477342945936187802e+19 2.382684849499196211e+19 2.247597888115905331e+19 2.056754423925436826e+19 1.783555023249407181e+19 1.367100652234177741e+19
2.617121844164425728e+19 2.614339736170158080e+19 2.603977883687879885e+19 2.581371155016504934e+19 2.541325002695632077e+19 2.477342945936188211e+19 2.382684849499195392e+19 2.247597888115905331e+19 2.056754423925436826e+19 1.783555023249407590e+19 1.367100652234177331e+19
2.617121844164426138e+19 2.614339736170158490e+19 2.603977883687879885e+19 2.581371155016504934e+19 2.541325002695632486e+19 2.477342945936187392e+19 2.382684849499194982e+19 2.247597888115905331e+19 2.056754423925438054e+19 1.783555023249406771e+19 1.367100652234177331e+19
2.617121844164426138e+19 2.614339736170158490e+19 2.603977883687880704e+19 2.581371155016504934e+19 2.541325002695632896e+19 2.477342945936187802e+19 2.382684849499193754e+19 2.247597888115905331e+19 2.056754423925438054e+19 1.783555023249407181e+19 1.367100652234177331e+19
2.617121844164426547e+19 2.614339736170158490e+19 2.603977883687880704e+19 2.581371155016504934e+19 2.541325002695632896e+19 2.477342945936187392e+19 2.382684849499194163e+19 2.247597888115905331e+19 2.056754423925438464e+19 1.783555023249406771e+19 1.367100652234177741e+19
2.617121844164426547e+19 2.614339736170158899e+19 2.603977883687880294e+19 2.581371155016504934e+19 2.541325002695632896e+19 2.477342945936187802e+19 2.382684849499193754e+19 2.247597888115905331e+19 2.056754423925438874e+19 1.783555023249406771e+19 1.367100652234177946e+19
2.617121844164426957e+19 2.614339736170158490e+19 2.603977883687880294e+19 2.581371155016504934e+19 2.541325002695632896e+19 2.477342945936187392e+19 2.382684849499194163e+19 2.247597888115905331e+19 2.056754423925438874e+19 1.783555023249407590e+19 1.367100652234177741e+19
2.617121844164426957e+19 2.614339736170158490e+19 2.603977883687880704e+19 2.581371155016504525e+19 2.541325002695632896e+19 2.477342945936188211e+19 2.382684849499194163e+19 2.247597888115905331e+19 2.056754423925438464e+19 1.783555023249407795e+19 1.367100652234177536e+19
2.617121844164425728e+19 2.614339736170158490e+19 2.603977883687881114e+19 2.581371155016504934e+19 2.541325002695632486e+19 2.477342945936187802e+19 2.382684849499193344e+19 2.247597888115905331e+19 2.056754423925438054e+19 1.783555023249407590e+19 1.367100652234177331e+19
2.617121844164425318e+19 2.614339736170159309e+19 2.603977883687880294e+19 2.581371155016504934e+19 2.541325002695632486e+19 2.477342945936189030e+19 2.382684849499193344e+19 2.247597888115905331e+19 2.056754423925438464e+19 1.783555023249407590e+19 1.367100652234177331e+19
2.617121844164425318e+19 2.614339736170159309e+19 2.603977883687879885e+19 2.581371155016505344e+19 2.541325002695632896e+19 2.477342945936187802e+19 2.382684849499193754e+19 2.247597888115905331e+19 2.056754423925438874e+19 1.783555023249408205e+19 1.367100652234176717e+19
2.617121844164424909e+19 2.614339736170159309e+19 2.603977883687880294e+19 2.581371155016505344e+19 2.541325002695632486e+19 2.477342945936188211e+19 2.382684849499193344e+19 2.247597888115905331e+19 2.056754423925438054e+19 1.783555023249408410e+19 1.367100652234176922e+19
